solid OpenSCAD_Model
  facet normal -0 0 -1
    outer loop
      vertex 22.8857 -40.1075 0
      vertex 22.6566 -40.1609 0
      vertex 23.1 -40.0104 0
    endloop
  endfacet
  facet normal 0 0 -1
    outer loop
      vertex 23.1 -40.0104 0
      vertex 23.452 -39.7016 0
      vertex 23.2912 -39.8734 0
    endloop
  endfacet
  facet normal 0 0 -1
    outer loop
      vertex 22.6566 -40.1609 0
      vertex 23.452 -39.7016 0
      vertex 23.1 -40.0104 0
    endloop
  endfacet
  facet normal -0 0 -1
    outer loop
      vertex 22.6566 -40.1609 0
      vertex 22.4215 -40.1685 0
      vertex 23.452 -39.7016 0
    endloop
  endfacet
  facet normal -0 0 -1
    outer loop
      vertex 23.452 -39.7016 0
      vertex 22.4215 -40.1685 0
      vertex 23.5762 -39.5019 0
    endloop
  endfacet
  facet normal 0 0 -1
    outer loop
      vertex 23.5762 -39.5019 0
      vertex 23.6974 -39.0496 0
      vertex 23.6591 -39.2817 0
    endloop
  endfacet
  facet normal 0 0 -1
    outer loop
      vertex 23.5762 -39.5019 0
      vertex 23.6897 -38.8145 0
      vertex 23.6974 -39.0496 0
    endloop
  endfacet
  facet normal -0 0 -1
    outer loop
      vertex 23.5762 -39.5019 0
      vertex 22.4215 -40.1685 0
      vertex 23.6897 -38.8145 0
    endloop
  endfacet
  facet normal 0 0 -1
    outer loop
      vertex 23.6897 -38.8145 0
      vertex 23.5392 -38.3711 0
      vertex 23.6363 -38.5854 0
    endloop
  endfacet
  facet normal -0 0 -1
    outer loop
      vertex 23.6897 -38.8145 0
      vertex 21.7695 -39.9231 0
      vertex 23.5392 -38.3711 0
    endloop
  endfacet
  facet normal 0 0 -1
    outer loop
      vertex -14.0474 29.6647 0
      vertex -14.2677 29.5212 0
      vertex -14.2472 29.5405 0
    endloop
  endfacet
  facet normal 0 0 -1
    outer loop
      vertex 28.8264 -21.0103 0
      vertex 29.0718 -20.3583 0
      vertex 28.9506 -20.8105 0
    endloop
  endfacet
  facet normal -0 0 -1
    outer loop
      vertex 18.4592 -27.1086 0
      vertex 18.4323 -27.1168 0
      vertex 18.6667 -26.9978 0
    endloop
  endfacet
  facet normal -0 0 -1
    outer loop
      vertex 18.6667 -26.9978 0
      vertex 18.4323 -27.1168 0
      vertex 18.7336 -26.9429 0
    endloop
  endfacet
  facet normal 0 0 -1
    outer loop
      vertex 28.9506 -20.8105 0
      vertex 29.0718 -20.3583 0
      vertex 29.0335 -20.5904 0
    endloop
  endfacet
  facet normal 0 0 -1
    outer loop
      vertex 28.4743 -21.319 0
      vertex 28.8264 -21.0103 0
      vertex 28.6656 -21.182 0
    endloop
  endfacet
  facet normal -0 -0 -1
    outer loop
      vertex 28.9136 -19.6798 0
      vertex 29.0641 -20.1232 0
      vertex 28.6048 -19.3278 0
    endloop
  endfacet
  facet normal -0 -0 -1
    outer loop
      vertex 28.7766 -19.4886 0
      vertex 28.9136 -19.6798 0
      vertex 28.6048 -19.3278 0
    endloop
  endfacet
  facet normal 0 0 -1
    outer loop
      vertex 29.0641 -20.1232 0
      vertex 28.9136 -19.6798 0
      vertex 29.0107 -19.8941 0
    endloop
  endfacet
  facet normal 0 0 -1
    outer loop
      vertex 28.6048 -19.3278 0
      vertex 29.0641 -20.1232 0
      vertex 29.0718 -20.3583 0
    endloop
  endfacet
  facet normal 0 0 -1
    outer loop
      vertex 28.8264 -21.0103 0
      vertex 28.6048 -19.3278 0
      vertex 29.0718 -20.3583 0
    endloop
  endfacet
  facet normal 0 0 -1
    outer loop
      vertex 28.8264 -21.0103 0
      vertex 27.9528 -19.0824 0
      vertex 28.6048 -19.3278 0
    endloop
  endfacet
  facet normal 0 0 -1
    outer loop
      vertex 28.6048 -19.3278 0
      vertex 27.9528 -19.0824 0
      vertex 28.4051 -19.2036 0
    endloop
  endfacet
  facet normal 0 0 -1
    outer loop
      vertex 28.4051 -19.2036 0
      vertex 27.9528 -19.0824 0
      vertex 28.1849 -19.1207 0
    endloop
  endfacet
  facet normal 0 0 -1
    outer loop
      vertex 28.8264 -21.0103 0
      vertex 27.2743 -19.2406 0
      vertex 27.9528 -19.0824 0
    endloop
  endfacet
  facet normal 0 0 -1
    outer loop
      vertex 27.9528 -19.0824 0
      vertex 27.2743 -19.2406 0
      vertex 27.7177 -19.0901 0
    endloop
  endfacet
  facet normal 0 0 -1
    outer loop
      vertex 27.7177 -19.0901 0
      vertex 27.2743 -19.2406 0
      vertex 27.4886 -19.1435 0
    endloop
  endfacet
  facet normal -0 0 -1
    outer loop
      vertex 28.8264 -21.0103 0
      vertex 28.4743 -21.319 0
      vertex 27.2743 -19.2406 0
    endloop
  endfacet
  facet normal 0 -0 -1
    outer loop
      vertex 27.2743 -19.2406 0
      vertex 28.4743 -21.319 0
      vertex 19.2 -23.9023 0
    endloop
  endfacet
  facet normal 0 -0 -1
    outer loop
      vertex 19.2 -23.9023 0
      vertex 28.4743 -21.319 0
      vertex 18.7336 -26.9429 0
    endloop
  endfacet
  facet normal 0 0 -1
    outer loop
      vertex -13.5 -27.1932 0
      vertex -14.2677 -29.5212 0
      vertex -15.3108 -28.919 0
    endloop
  endfacet
  facet normal 0 0 -1
    outer loop
      vertex 18.4323 -27.1168 0
      vertex 16.8 -25.2879 0
      vertex 18.7336 -26.9429 0
    endloop
  endfacet
  facet normal -0 0 -1
    outer loop
      vertex -11.1 -28.5788 0
      vertex -13.9665 -29.6952 0
      vertex -13.5 -27.1932 0
    endloop
  endfacet
  facet normal 0 0 -1
    outer loop
      vertex 13.5 27.1932 0
      vertex 13.9665 29.6952 0
      vertex 14.2677 29.5212 0
    endloop
  endfacet
  facet normal -0 -0 -1
    outer loop
      vertex 32.7064 -2.43182 0
      vertex 32.7141 -2.66693 0
      vertex 32.7 -2.40446 0
    endloop
  endfacet
  facet normal 0 0 -1
    outer loop
      vertex 30.3 -14 0
      vertex 30.3913 -14.4592 0
      vertex 30.323 -14.2341 0
    endloop
  endfacet
  facet normal 0 0 -1
    outer loop
      vertex 30.8333 -14.9978 0
      vertex 30.5022 -14.6667 0
      vertex 30.3913 -14.4592 0
    endloop
  endfacet
  facet normal 0 0 -1
    outer loop
      vertex 30.8333 -14.9978 0
      vertex 30.6515 -14.8485 0
      vertex 30.5022 -14.6667 0
    endloop
  endfacet
  facet normal 0 0 -1
    outer loop
      vertex 31.0408 -15.1086 0
      vertex 30.8333 -14.9978 0
      vertex 30.3913 -14.4592 0
    endloop
  endfacet
  facet normal 0 0 -1
    outer loop
      vertex 31.5 -15.2 0
      vertex 31.0408 -15.1086 0
      vertex 31.9592 -15.1086 0
    endloop
  endfacet
  facet normal 0 0 -1
    outer loop
      vertex 31.5 -15.2 0
      vertex 31.2659 -15.1769 0
      vertex 31.0408 -15.1086 0
    endloop
  endfacet
  facet normal -0 0 -1
    outer loop
      vertex 31.7341 -15.1769 0
      vertex 31.5 -15.2 0
      vertex 31.9592 -15.1086 0
    endloop
  endfacet
  facet normal 0 0 -1
    outer loop
      vertex 31.9592 -15.1086 0
      vertex 31.0408 -15.1086 0
      vertex 30.3913 -14.4592 0
    endloop
  endfacet
  facet normal -0 0 -1
    outer loop
      vertex 32.1667 -14.9978 0
      vertex 31.9592 -15.1086 0
      vertex 32.4978 -14.6667 0
    endloop
  endfacet
  facet normal -0 0 -1
    outer loop
      vertex 32.4978 -14.6667 0
      vertex 31.9592 -15.1086 0
      vertex 32.6086 -14.4592 0
    endloop
  endfacet
  facet normal 0 0 -1
    outer loop
      vertex 32.4978 -14.6667 0
      vertex 32.3485 -14.8485 0
      vertex 32.1667 -14.9978 0
    endloop
  endfacet
  facet normal -0 0 -1
    outer loop
      vertex 32.6086 -14.4592 0
      vertex 31.9592 -15.1086 0
      vertex 30.3913 -14.4592 0
    endloop
  endfacet
  facet normal 0 0 -1
    outer loop
      vertex 30.3 -14 0
      vertex 32.6086 -14.4592 0
      vertex 30.3913 -14.4592 0
    endloop
  endfacet
  facet normal 0 0 -1
    outer loop
      vertex 32.7 -14 0
      vertex 32.6769 -14.2341 0
      vertex 32.6086 -14.4592 0
    endloop
  endfacet
  facet normal 0 0 -1
    outer loop
      vertex 30.3 -14 0
      vertex 32.7 -14 0
      vertex 32.6086 -14.4592 0
    endloop
  endfacet
  facet normal 0 0 -1
    outer loop
      vertex 30.3 -14 0
      vertex 30.3 -4.67653 0
      vertex 32.7 -14 0
    endloop
  endfacet
  facet normal 0 0 -1
    outer loop
      vertex 32.7 -14 0
      vertex 30.3 -4.67653 0
      vertex 32.7 -2.75218 0
    endloop
  endfacet
  facet normal 0 0 -1
    outer loop
      vertex 32.7 -2.40446 0
      vertex 32.7141 -2.66693 0
      vertex 32.7 -2.75218 0
    endloop
  endfacet
  facet normal 0 -0 -1
    outer loop
      vertex 32.7 -1.2 0
      vertex 32.7 -2.40446 0
      vertex 30.3 -1.90523 0
    endloop
  endfacet
  facet normal 0 0 -1
    outer loop
      vertex 30.3 -1.2 0
      vertex 32.7 -1.2 0
      vertex 30.3 -1.90523 0
    endloop
  endfacet
  facet normal 0 -0 -1
    outer loop
      vertex 32.7 2.40446 0
      vertex 32.7 1.2 0
      vertex 30.3 1.90523 0
    endloop
  endfacet
  facet normal 0 -0 -1
    outer loop
      vertex 32.7 2.75218 0
      vertex 32.7 2.40446 0
      vertex 30.3 1.90523 0
    endloop
  endfacet
  facet normal 0 -0 -1
    outer loop
      vertex 49.8284 2.82841 0
      vertex 50.3259 2.22227 0
      vertex 48.4135 0.944458 0
    endloop
  endfacet
  facet normal 0 0 -1
    outer loop
      vertex 44.7777 -3.32587 0
      vertex 46.0555 -1.4135 0
      vertex 45.4693 -3.69551 0
    endloop
  endfacet
  facet normal 0 0 -1
    outer loop
      vertex 45.4693 -3.69551 0
      vertex 46.0555 -1.4135 0
      vertex 46.3494 -1.57059 0
    endloop
  endfacet
  facet normal 0 0 -1
    outer loop
      vertex 46.2197 -3.92313 0
      vertex 45.4693 -3.69551 0
      vertex 46.3494 -1.57059 0
    endloop
  endfacet
  facet normal -0 0 -1
    outer loop
      vertex 46.6684 -1.66733 0
      vertex 46.2197 -3.92313 0
      vertex 46.3494 -1.57059 0
    endloop
  endfacet
  facet normal 0 -0 -1
    outer loop
      vertex 46.6684 -1.66733 0
      vertex 47 -1.7 0
      vertex 46.2197 -3.92313 0
    endloop
  endfacet
  facet normal 0 0 -1
    outer loop
      vertex 46.2197 -3.92313 0
      vertex 47 -1.7 0
      vertex 47 -4 0
    endloop
  endfacet
  facet normal 0 0 -1
    outer loop
      vertex 47 -4 0
      vertex 47 -1.7 0
      vertex 47.7803 -3.92313 0
    endloop
  endfacet
  facet normal 0 0 -1
    outer loop
      vertex 47.6506 -1.57059 0
      vertex 47.9445 -1.4135 0
      vertex 48.5307 -3.69551 0
    endloop
  endfacet
  facet normal 0 0 -1
    outer loop
      vertex 47.9445 -1.4135 0
      vertex 49.8284 -2.82841 0
      vertex 49.2223 -3.32587 0
    endloop
  endfacet
  facet normal 0 0 -1
    outer loop
      vertex 48.4135 -0.944458 0
      vertex 50.3259 -2.22227 0
      vertex 49.8284 -2.82841 0
    endloop
  endfacet
  facet normal 0 0 -1
    outer loop
      vertex 50.9231 -0.78035 0
      vertex 48.5706 -0.650558 0
      vertex 48.6673 -0.33165 0
    endloop
  endfacet
  facet normal -0 0 -1
    outer loop
      vertex 46.0555 -1.4135 0
      vertex 44.1716 -2.82841 0
      vertex 45.7979 -1.20207 0
    endloop
  endfacet
  facet normal 0 0 -1
    outer loop
      vertex 48.4135 0.944458 0
      vertex 50.3259 2.22227 0
      vertex 50.6955 1.53073 0
    endloop
  endfacet
  facet normal 0 0 -1
    outer loop
      vertex 47.9445 1.4135 0
      vertex 49.8284 2.82841 0
      vertex 48.2021 1.20207 0
    endloop
  endfacet
  facet normal 0 -0 -1
    outer loop
      vertex 48.5307 3.69551 0
      vertex 49.2223 3.32587 0
      vertex 47.9445 1.4135 0
    endloop
  endfacet
  facet normal 0 -0 -1
    outer loop
      vertex 47.7803 3.92313 0
      vertex 48.5307 3.69551 0
      vertex 47.6506 1.57059 0
    endloop
  endfacet
  facet normal 0 0 -1
    outer loop
      vertex 47 1.7 0
      vertex 47.7803 3.92313 0
      vertex 47.3316 1.66733 0
    endloop
  endfacet
  facet normal 0 0 -1
    outer loop
      vertex 45.6414 1.01129 0
      vertex 46.2 0 0
      vertex 45.6414 -1.01129 0
    endloop
  endfacet
  facet normal 0 0 -1
    outer loop
      vertex 45.6414 1.01129 0
      vertex 45.8485 0.848526 0
      vertex 45.9978 0.666672 0
    endloop
  endfacet
  facet normal 0 0 -1
    outer loop
      vertex 46.1086 0.459213 0
      vertex 45.6414 1.01129 0
      vertex 45.9978 0.666672 0
    endloop
  endfacet
  facet normal -0 -0 -1
    outer loop
      vertex 46.1086 0.459213 0
      vertex 46.1769 0.2341 0
      vertex 45.6414 1.01129 0
    endloop
  endfacet
  facet normal 0 0 -1
    outer loop
      vertex 45.6414 1.01129 0
      vertex 46.1769 0.2341 0
      vertex 46.2 0 0
    endloop
  endfacet
  facet normal -0 0 -1
    outer loop
      vertex 46.1769 -0.2341 0
      vertex 45.6414 -1.01129 0
      vertex 46.2 0 0
    endloop
  endfacet
  facet normal 0 0 -1
    outer loop
      vertex 43.2042 -1.2 0
      vertex 32.7 1.2 0
      vertex 43.2042 1.2 0
    endloop
  endfacet
  facet normal 0 0 -1
    outer loop
      vertex 43.2042 -1.2 0
      vertex 32.7 -1.2 0
      vertex 32.7 1.2 0
    endloop
  endfacet
  facet normal 0 0 -1
    outer loop
      vertex 46.1769 -0.2341 0
      vertex 46.1086 -0.459213 0
      vertex 45.6414 -1.01129 0
    endloop
  endfacet
  facet normal 0 0 -1
    outer loop
      vertex 45.6414 -1.01129 0
      vertex 46.1086 -0.459213 0
      vertex 45.9978 -0.666672 0
    endloop
  endfacet
  facet normal -0 0 -1
    outer loop
      vertex 45.8485 -0.848526 0
      vertex 45.6414 -1.01129 0
      vertex 45.9978 -0.666672 0
    endloop
  endfacet
  facet normal 0 0 -1
    outer loop
      vertex 43.2042 1.2 0
      vertex 45.6414 -1.01129 0
      vertex 43.2042 -1.2 0
    endloop
  endfacet
  facet normal 0 0 -1
    outer loop
      vertex 43.2042 -1.2 0
      vertex 45.6414 -1.01129 0
      vertex 43.3045 -1.53073 0
    endloop
  endfacet
  facet normal 0 0 -1
    outer loop
      vertex 32.7 2.75218 0
      vertex 32.7141 2.66693 0
      vertex 32.7 2.40446 0
    endloop
  endfacet
  facet normal 0 0 -1
    outer loop
      vertex 32.7 2.40446 0
      vertex 32.7141 2.66693 0
      vertex 32.7064 2.43182 0
    endloop
  endfacet
  facet normal 0 0 -1
    outer loop
      vertex 30.3 4.67653 0
      vertex 32.7 2.75218 0
      vertex 30.3 1.90523 0
    endloop
  endfacet
  facet normal 0 0 -1
    outer loop
      vertex 30.3 1.2 0
      vertex 32.7 1.2 0
      vertex 32.7 -1.2 0
    endloop
  endfacet
  facet normal -0 -0 -1
    outer loop
      vertex 32.4978 14.6667 0
      vertex 32.6086 14.4592 0
      vertex 31.9592 15.1086 0
    endloop
  endfacet
  facet normal 0 0 -1
    outer loop
      vertex 32.7 14 0
      vertex 32.6086 14.4592 0
      vertex 32.6769 14.2341 0
    endloop
  endfacet
  facet normal -0 -0 -1
    outer loop
      vertex 32.1667 14.9978 0
      vertex 32.4978 14.6667 0
      vertex 31.9592 15.1086 0
    endloop
  endfacet
  facet normal 0 0 -1
    outer loop
      vertex 32.1667 14.9978 0
      vertex 32.3485 14.8485 0
      vertex 32.4978 14.6667 0
    endloop
  endfacet
  facet normal 0 0 -1
    outer loop
      vertex 31.0408 15.1086 0
      vertex 31.2659 15.1769 0
      vertex 31.5 15.2 0
    endloop
  endfacet
  facet normal -0 -0 -1
    outer loop
      vertex 31.7341 15.1769 0
      vertex 31.9592 15.1086 0
      vertex 31.5 15.2 0
    endloop
  endfacet
  facet normal 0 0 -1
    outer loop
      vertex 31.9592 15.1086 0
      vertex 31.0408 15.1086 0
      vertex 31.5 15.2 0
    endloop
  endfacet
  facet normal -0 0 -1
    outer loop
      vertex 31.9592 15.1086 0
      vertex 30.3913 14.4592 0
      vertex 31.0408 15.1086 0
    endloop
  endfacet
  facet normal 0 0 -1
    outer loop
      vertex 30.3913 14.4592 0
      vertex 30.5022 14.6667 0
      vertex 30.8333 14.9978 0
    endloop
  endfacet
  facet normal 0 0 -1
    outer loop
      vertex 31.0408 15.1086 0
      vertex 30.3913 14.4592 0
      vertex 30.8333 14.9978 0
    endloop
  endfacet
  facet normal 0 -0 -1
    outer loop
      vertex 30.6515 14.8485 0
      vertex 30.8333 14.9978 0
      vertex 30.5022 14.6667 0
    endloop
  endfacet
  facet normal 0 -0 -1
    outer loop
      vertex 31.9592 15.1086 0
      vertex 32.6086 14.4592 0
      vertex 30.3913 14.4592 0
    endloop
  endfacet
  facet normal 0 -0 -1
    outer loop
      vertex 30.3913 14.4592 0
      vertex 32.6086 14.4592 0
      vertex 30.3 14 0
    endloop
  endfacet
  facet normal 0 -0 -1
    outer loop
      vertex 30.323 14.2341 0
      vertex 30.3913 14.4592 0
      vertex 30.3 14 0
    endloop
  endfacet
  facet normal 0 0 -1
    outer loop
      vertex 16.8 9.69946 0
      vertex 19.2 11.0851 0
      vertex 19.2 8.31381 0
    endloop
  endfacet
  facet normal 0 0 -1
    outer loop
      vertex 8.88181 1.2 0
      vertex 16.8 -1.2 0
      vertex 8.88181 -1.2 0
    endloop
  endfacet
  facet normal 0 0 -1
    outer loop
      vertex 30.3 14 0
      vertex 32.6086 14.4592 0
      vertex 32.7 14 0
    endloop
  endfacet
  facet normal 0 0 -1
    outer loop
      vertex 30.3 4.67653 0
      vertex 30.3 14 0
      vertex 32.7 14 0
    endloop
  endfacet
  facet normal 0 0 -1
    outer loop
      vertex 32.7 2.75218 0
      vertex 30.3 4.67653 0
      vertex 32.7 14 0
    endloop
  endfacet
  facet normal 0 0 -1
    outer loop
      vertex 18.6667 26.9978 0
      vertex 18.4323 27.1168 0
      vertex 18.4592 27.1086 0
    endloop
  endfacet
  facet normal -0 -0 -1
    outer loop
      vertex 18.6667 26.9978 0
      vertex 18.7336 26.9429 0
      vertex 18.4323 27.1168 0
    endloop
  endfacet
  facet normal 0 0 -1
    outer loop
      vertex 27.2743 19.2406 0
      vertex 27.7177 19.0901 0
      vertex 27.4886 19.1435 0
    endloop
  endfacet
  facet normal 0 0 -1
    outer loop
      vertex 27.2743 19.2406 0
      vertex 27.9528 19.0824 0
      vertex 27.7177 19.0901 0
    endloop
  endfacet
  facet normal 0 0 -1
    outer loop
      vertex 28.4051 19.2036 0
      vertex 28.1849 19.1207 0
      vertex 27.9528 19.0824 0
    endloop
  endfacet
  facet normal 0 0 -1
    outer loop
      vertex 28.6048 19.3278 0
      vertex 28.4051 19.2036 0
      vertex 27.9528 19.0824 0
    endloop
  endfacet
  facet normal 0 0 -1
    outer loop
      vertex 29.0718 20.3583 0
      vertex 28.8264 21.0103 0
      vertex 28.9506 20.8105 0
    endloop
  endfacet
  facet normal 0 0 -1
    outer loop
      vertex 28.9136 19.6798 0
      vertex 28.7766 19.4886 0
      vertex 28.6048 19.3278 0
    endloop
  endfacet
  facet normal -0 0 -1
    outer loop
      vertex 29.0107 19.8941 0
      vertex 28.9136 19.6798 0
      vertex 29.0641 20.1232 0
    endloop
  endfacet
  facet normal 0 0 -1
    outer loop
      vertex 29.0641 20.1232 0
      vertex 28.9136 19.6798 0
      vertex 28.6048 19.3278 0
    endloop
  endfacet
  facet normal 0 0 -1
    outer loop
      vertex 29.0718 20.3583 0
      vertex 29.0641 20.1232 0
      vertex 28.6048 19.3278 0
    endloop
  endfacet
  facet normal -0 0 -1
    outer loop
      vertex 29.0718 20.3583 0
      vertex 28.6048 19.3278 0
      vertex 28.8264 21.0103 0
    endloop
  endfacet
  facet normal 0 0 -1
    outer loop
      vertex 28.9506 20.8105 0
      vertex 29.0335 20.5904 0
      vertex 29.0718 20.3583 0
    endloop
  endfacet
  facet normal 0 0 -1
    outer loop
      vertex 28.8264 21.0103 0
      vertex 28.6048 19.3278 0
      vertex 27.9528 19.0824 0
    endloop
  endfacet
  facet normal 0 0 -1
    outer loop
      vertex 27.2743 19.2406 0
      vertex 28.8264 21.0103 0
      vertex 27.9528 19.0824 0
    endloop
  endfacet
  facet normal 0 0 -1
    outer loop
      vertex 28.4743 21.319 0
      vertex 28.6656 21.182 0
      vertex 28.8264 21.0103 0
    endloop
  endfacet
  facet normal 0 0 -1
    outer loop
      vertex 27.2743 19.2406 0
      vertex 28.4743 21.319 0
      vertex 28.8264 21.0103 0
    endloop
  endfacet
  facet normal 0 0 -1
    outer loop
      vertex 27.2743 19.2406 0
      vertex 19.2 23.9023 0
      vertex 28.4743 21.319 0
    endloop
  endfacet
  facet normal 0 0 -1
    outer loop
      vertex 28.4743 21.319 0
      vertex 19.2 23.9023 0
      vertex 18.7336 26.9429 0
    endloop
  endfacet
  facet normal -0 0 -1
    outer loop
      vertex 18.4323 27.1168 0
      vertex 16.8 25.2879 0
      vertex 17.3892 27.719 0
    endloop
  endfacet
  facet normal 0 0 -1
    outer loop
      vertex 17.3892 27.719 0
      vertex 16.8 25.2879 0
      vertex 16.1892 25.6405 0
    endloop
  endfacet
  facet normal -0 0 -1
    outer loop
      vertex 15.3108 28.919 0
      vertex 13.5 27.1932 0
      vertex 14.2677 29.5212 0
    endloop
  endfacet
  facet normal 0 0 -1
    outer loop
      vertex 14.2677 29.5212 0
      vertex 13.9665 29.6952 0
      vertex 14.0474 29.6647 0
    endloop
  endfacet
  facet normal -0 -0 -1
    outer loop
      vertex 14.2472 29.5405 0
      vertex 14.2677 29.5212 0
      vertex 14.0474 29.6647 0
    endloop
  endfacet
  facet normal 0 0 -1
    outer loop
      vertex 23.5392 38.3711 0
      vertex 23.6897 38.8145 0
      vertex 23.6363 38.5854 0
    endloop
  endfacet
  facet normal -0 -0 -1
    outer loop
      vertex 23.6591 39.2817 0
      vertex 23.6974 39.0496 0
      vertex 23.5762 39.5019 0
    endloop
  endfacet
  facet normal 0 0 -1
    outer loop
      vertex 23.5762 39.5019 0
      vertex 23.6974 39.0496 0
      vertex 23.6897 38.8145 0
    endloop
  endfacet
  facet normal 0 0 -1
    outer loop
      vertex 23.452 39.7016 0
      vertex 22.6566 40.1609 0
      vertex 23.1 40.0104 0
    endloop
  endfacet
  facet normal 0 0 -1
    outer loop
      vertex 23.452 39.7016 0
      vertex 22.4215 40.1685 0
      vertex 22.6566 40.1609 0
    endloop
  endfacet
  facet normal 0 0 -1
    outer loop
      vertex 23.1 40.0104 0
      vertex 23.2912 39.8734 0
      vertex 23.452 39.7016 0
    endloop
  endfacet
  facet normal -0 -0 -1
    outer loop
      vertex 23.452 39.7016 0
      vertex 23.5762 39.5019 0
      vertex 22.4215 40.1685 0
    endloop
  endfacet
  facet normal 0 0 -1
    outer loop
      vertex 22.6566 40.1609 0
      vertex 22.8857 40.1075 0
      vertex 23.1 40.0104 0
    endloop
  endfacet
  facet normal 0 0 -1
    outer loop
      vertex 22.4215 40.1685 0
      vertex 23.5762 39.5019 0
      vertex 23.6897 38.8145 0
    endloop
  endfacet
  facet normal 0 0 -1
    outer loop
      vertex 21.7695 39.9231 0
      vertex 22.4215 40.1685 0
      vertex 23.6897 38.8145 0
    endloop
  endfacet
  facet normal 0 0 -1
    outer loop
      vertex 21.9692 40.0474 0
      vertex 22.1894 40.1302 0
      vertex 22.4215 40.1685 0
    endloop
  endfacet
  facet normal 0 0 -1
    outer loop
      vertex 21.7695 39.9231 0
      vertex 21.9692 40.0474 0
      vertex 22.4215 40.1685 0
    endloop
  endfacet
  facet normal 0 0 -1
    outer loop
      vertex 23.5392 38.3711 0
      vertex 21.7695 39.9231 0
      vertex 23.6897 38.8145 0
    endloop
  endfacet
  facet normal 0 0 -1
    outer loop
      vertex 21.4608 39.5711 0
      vertex 21.5978 39.7623 0
      vertex 21.7695 39.9231 0
    endloop
  endfacet
  facet normal 0 0 -1
    outer loop
      vertex 23.5392 38.3711 0
      vertex 21.4608 39.5711 0
      vertex 21.7695 39.9231 0
    endloop
  endfacet
  facet normal -0 0 -1
    outer loop
      vertex 23.5392 38.3711 0
      vertex 15.3108 28.919 0
      vertex 21.4608 39.5711 0
    endloop
  endfacet
  facet normal 0 0 -1
    outer loop
      vertex 23.5392 38.3711 0
      vertex 17.3892 27.719 0
      vertex 15.3108 28.919 0
    endloop
  endfacet
  facet normal 0 0 -1
    outer loop
      vertex 13.5 27.1932 0
      vertex 11.1 28.5788 0
      vertex 13.9665 29.6952 0
    endloop
  endfacet
  facet normal 0 0 -1
    outer loop
      vertex 17.3892 27.719 0
      vertex 16.1892 25.6405 0
      vertex 14.1108 26.8405 0
    endloop
  endfacet
  facet normal 0 -0 -1
    outer loop
      vertex 2.89513 35.2318 0
      vertex 3.09489 35.356 0
      vertex 2.43591 34.4364 0
    endloop
  endfacet
  facet normal -0 -0 -1
    outer loop
      vertex 4.01137 35.4161 0
      vertex 4.22563 35.319 0
      vertex 3.78227 35.4695 0
    endloop
  endfacet
  facet normal 0 0 -1
    outer loop
      vertex 3.09489 35.356 0
      vertex 3.31505 35.4389 0
      vertex 3.54716 35.4772 0
    endloop
  endfacet
  facet normal -0 0 -1
    outer loop
      vertex 3.78227 35.4695 0
      vertex 3.09489 35.356 0
      vertex 3.54716 35.4772 0
    endloop
  endfacet
  facet normal 0 0 -1
    outer loop
      vertex 2.5864 34.8798 0
      vertex 2.43591 34.4364 0
      vertex 2.48932 34.6655 0
    endloop
  endfacet
  facet normal 0 0 -1
    outer loop
      vertex 2.5864 34.8798 0
      vertex 2.72342 35.071 0
      vertex 2.89513 35.2318 0
    endloop
  endfacet
  facet normal 0 -0 -1
    outer loop
      vertex 2.5864 34.8798 0
      vertex 2.89513 35.2318 0
      vertex 2.43591 34.4364 0
    endloop
  endfacet
  facet normal 0 0 -1
    outer loop
      vertex 2.43591 34.4364 0
      vertex 3.09489 35.356 0
      vertex 3.78227 35.4695 0
    endloop
  endfacet
  facet normal -0 0 -1
    outer loop
      vertex 4.22563 35.319 0
      vertex 2.43591 34.4364 0
      vertex 3.78227 35.4695 0
    endloop
  endfacet
  facet normal 0 0 -1
    outer loop
      vertex 2.46652 33.9692 0
      vertex 2.42821 34.2013 0
      vertex 2.54939 33.749 0
    endloop
  endfacet
  facet normal 0 0 -1
    outer loop
      vertex 2.54939 33.749 0
      vertex 2.42821 34.2013 0
      vertex 2.43591 34.4364 0
    endloop
  endfacet
  facet normal 0 0 -1
    outer loop
      vertex 2.67361 33.5493 0
      vertex 2.54939 33.749 0
      vertex 3.02563 33.2406 0
    endloop
  endfacet
  facet normal 0 0 -1
    outer loop
      vertex 3.02563 33.2406 0
      vertex 2.54939 33.749 0
      vertex 2.43591 34.4364 0
    endloop
  endfacet
  facet normal 0 -0 -1
    outer loop
      vertex 10.6392 16.0277 0
      vertex 16.8 12.4708 0
      vertex 9.43921 13.9492 0
    endloop
  endfacet
  facet normal 0 0 -1
    outer loop
      vertex -18.4323 27.1168 0
      vertex -18.7336 26.9429 0
      vertex -18.6667 26.9978 0
    endloop
  endfacet
  facet normal 0 0 -1
    outer loop
      vertex 3.02563 33.2406 0
      vertex 2.83443 33.3776 0
      vertex 2.67361 33.5493 0
    endloop
  endfacet
  facet normal 0 0 -1
    outer loop
      vertex 16.1892 25.6405 0
      vertex 10.6392 16.0277 0
      vertex 8.56076 17.2277 0
    endloop
  endfacet
  facet normal 0 0 -1
    outer loop
      vertex 4.22563 35.319 0
      vertex 3.02563 33.2406 0
      vertex 2.43591 34.4364 0
    endloop
  endfacet
  facet normal 0 -0 -1
    outer loop
      vertex 4.22563 35.319 0
      vertex 11.1 28.5788 0
      vertex 3.02563 33.2406 0
    endloop
  endfacet
  facet normal 0 0 -1
    outer loop
      vertex 4.22563 35.319 0
      vertex 13.9665 29.6952 0
      vertex 11.1 28.5788 0
    endloop
  endfacet
  facet normal -0 0 -1
    outer loop
      vertex 17.3892 27.719 0
      vertex 14.1108 26.8405 0
      vertex 15.3108 28.919 0
    endloop
  endfacet
  facet normal 0 -0 -1
    outer loop
      vertex -14.0474 29.6647 0
      vertex -13.9665 29.6952 0
      vertex -14.2677 29.5212 0
    endloop
  endfacet
  facet normal 0 0 -1
    outer loop
      vertex -13.5 27.1932 0
      vertex -15.3108 28.919 0
      vertex -14.2677 29.5212 0
    endloop
  endfacet
  facet normal 0 0 -1
    outer loop
      vertex -3.02563 33.2406 0
      vertex -2.67361 33.5493 0
      vertex -2.83443 33.3776 0
    endloop
  endfacet
  facet normal 0 0 -1
    outer loop
      vertex -3.02563 33.2406 0
      vertex -2.54939 33.749 0
      vertex -2.67361 33.5493 0
    endloop
  endfacet
  facet normal 0 0 -1
    outer loop
      vertex -2.42821 34.2013 0
      vertex -2.46652 33.9692 0
      vertex -2.54939 33.749 0
    endloop
  endfacet
  facet normal 0 -0 -1
    outer loop
      vertex -2.43591 34.4364 0
      vertex -2.42821 34.2013 0
      vertex -2.54939 33.749 0
    endloop
  endfacet
  facet normal 0 0 -1
    outer loop
      vertex -3.02563 33.2406 0
      vertex -2.43591 34.4364 0
      vertex -2.54939 33.749 0
    endloop
  endfacet
  facet normal 0 0 -1
    outer loop
      vertex -2.5864 34.8798 0
      vertex -2.48932 34.6655 0
      vertex -2.43591 34.4364 0
    endloop
  endfacet
  facet normal -0 -0 -1
    outer loop
      vertex -2.72342 35.071 0
      vertex -2.5864 34.8798 0
      vertex -2.89513 35.2318 0
    endloop
  endfacet
  facet normal 0 0 -1
    outer loop
      vertex -2.89513 35.2318 0
      vertex -2.5864 34.8798 0
      vertex -2.43591 34.4364 0
    endloop
  endfacet
  facet normal 0 0 -1
    outer loop
      vertex -3.09489 35.356 0
      vertex -2.89513 35.2318 0
      vertex -2.43591 34.4364 0
    endloop
  endfacet
  facet normal 0 -0 -1
    outer loop
      vertex -3.54716 35.4772 0
      vertex -3.09489 35.356 0
      vertex -3.78227 35.4695 0
    endloop
  endfacet
  facet normal 0 0 -1
    outer loop
      vertex -3.54716 35.4772 0
      vertex -3.31505 35.4389 0
      vertex -3.09489 35.356 0
    endloop
  endfacet
  facet normal 0 0 -1
    outer loop
      vertex -3.78227 35.4695 0
      vertex -3.09489 35.356 0
      vertex -2.43591 34.4364 0
    endloop
  endfacet
  facet normal 0 0 -1
    outer loop
      vertex -4.22563 35.319 0
      vertex -3.78227 35.4695 0
      vertex -2.43591 34.4364 0
    endloop
  endfacet
  facet normal 0 0 -1
    outer loop
      vertex -4.22563 35.319 0
      vertex -4.01137 35.4161 0
      vertex -3.78227 35.4695 0
    endloop
  endfacet
  facet normal 0 0 -1
    outer loop
      vertex -3.02563 33.2406 0
      vertex -4.22563 35.319 0
      vertex -2.43591 34.4364 0
    endloop
  endfacet
  facet normal -0 0 -1
    outer loop
      vertex -3.02563 33.2406 0
      vertex -11.1 28.5788 0
      vertex -4.22563 35.319 0
    endloop
  endfacet
  facet normal 0 0 -1
    outer loop
      vertex -4.22563 35.319 0
      vertex -11.1 28.5788 0
      vertex -13.9665 29.6952 0
    endloop
  endfacet
  facet normal -0 0 -1
    outer loop
      vertex -13.5 27.1932 0
      vertex -14.1108 26.8405 0
      vertex -15.3108 28.919 0
    endloop
  endfacet
  facet normal 0 -0 -1
    outer loop
      vertex -15.3108 28.919 0
      vertex -14.1108 26.8405 0
      vertex -17.3892 27.719 0
    endloop
  endfacet
  facet normal 0 0 -1
    outer loop
      vertex -16.8 25.2879 0
      vertex -18.7336 26.9429 0
      vertex -18.4323 27.1168 0
    endloop
  endfacet
  facet normal -0 0 -1
    outer loop
      vertex -21.7695 39.9231 0
      vertex -23.6897 38.8145 0
      vertex -22.4215 40.1685 0
    endloop
  endfacet
  facet normal 0 0 -1
    outer loop
      vertex -21.7695 39.9231 0
      vertex -21.5978 39.7623 0
      vertex -21.4608 39.5711 0
    endloop
  endfacet
  facet normal -0 -0 -1
    outer loop
      vertex -21.9692 40.0474 0
      vertex -21.7695 39.9231 0
      vertex -22.4215 40.1685 0
    endloop
  endfacet
  facet normal -0 -0 -1
    outer loop
      vertex -22.1894 40.1302 0
      vertex -21.9692 40.0474 0
      vertex -22.4215 40.1685 0
    endloop
  endfacet
  facet normal 0 0 -1
    outer loop
      vertex -22.4215 40.1685 0
      vertex -23.452 39.7016 0
      vertex -22.6566 40.1609 0
    endloop
  endfacet
  facet normal 0 0 -1
    outer loop
      vertex -22.6566 40.1609 0
      vertex -23.452 39.7016 0
      vertex -23.1 40.0104 0
    endloop
  endfacet
  facet normal 0 -0 -1
    outer loop
      vertex -22.8857 40.1075 0
      vertex -22.6566 40.1609 0
      vertex -23.1 40.0104 0
    endloop
  endfacet
  facet normal 0 0 -1
    outer loop
      vertex -23.1 40.0104 0
      vertex -23.452 39.7016 0
      vertex -23.2912 39.8734 0
    endloop
  endfacet
  facet normal 0 0 -1
    outer loop
      vertex -22.4215 40.1685 0
      vertex -23.5762 39.5019 0
      vertex -23.452 39.7016 0
    endloop
  endfacet
  facet normal 0 0 -1
    outer loop
      vertex -23.6897 38.8145 0
      vertex -23.6974 39.0496 0
      vertex -23.5762 39.5019 0
    endloop
  endfacet
  facet normal 0 0 -1
    outer loop
      vertex -22.4215 40.1685 0
      vertex -23.6897 38.8145 0
      vertex -23.5762 39.5019 0
    endloop
  endfacet
  facet normal 0 -0 -1
    outer loop
      vertex -23.6591 39.2817 0
      vertex -23.5762 39.5019 0
      vertex -23.6974 39.0496 0
    endloop
  endfacet
  facet normal 0 0 -1
    outer loop
      vertex -21.7695 39.9231 0
      vertex -23.5392 38.3711 0
      vertex -23.6897 38.8145 0
    endloop
  endfacet
  facet normal 0 0 -1
    outer loop
      vertex -23.6897 38.8145 0
      vertex -23.5392 38.3711 0
      vertex -23.6363 38.5854 0
    endloop
  endfacet
  facet normal 0 -0 -1
    outer loop
      vertex -21.7695 39.9231 0
      vertex -21.4608 39.5711 0
      vertex -23.5392 38.3711 0
    endloop
  endfacet
  facet normal 0 0 -1
    outer loop
      vertex -23.5392 38.3711 0
      vertex -21.4608 39.5711 0
      vertex -15.3108 28.919 0
    endloop
  endfacet
  facet normal 0 0 -1
    outer loop
      vertex -17.3892 27.719 0
      vertex -23.5392 38.3711 0
      vertex -15.3108 28.919 0
    endloop
  endfacet
  facet normal 0 0 -1
    outer loop
      vertex -18.4323 27.1168 0
      vertex -18.6667 26.9978 0
      vertex -18.4592 27.1086 0
    endloop
  endfacet
  facet normal 0 0 -1
    outer loop
      vertex -19.2 23.9023 0
      vertex -18.7336 26.9429 0
      vertex -16.8 25.2879 0
    endloop
  endfacet
  facet normal 0 0 -1
    outer loop
      vertex -28.6048 19.3278 0
      vertex -28.9136 19.6798 0
      vertex -29.0641 20.1232 0
    endloop
  endfacet
  facet normal 0 0 -1
    outer loop
      vertex -28.4743 21.319 0
      vertex -28.8264 21.0103 0
      vertex -28.6656 21.182 0
    endloop
  endfacet
  facet normal 0 0 -1
    outer loop
      vertex -29.0718 20.3583 0
      vertex -28.9506 20.8105 0
      vertex -28.8264 21.0103 0
    endloop
  endfacet
  facet normal 0 0 -1
    outer loop
      vertex -29.0718 20.3583 0
      vertex -29.0335 20.5904 0
      vertex -28.9506 20.8105 0
    endloop
  endfacet
  facet normal 0 0 -1
    outer loop
      vertex -28.6048 19.3278 0
      vertex -28.7766 19.4886 0
      vertex -28.9136 19.6798 0
    endloop
  endfacet
  facet normal 0 0 -1
    outer loop
      vertex -29.0107 19.8941 0
      vertex -29.0641 20.1232 0
      vertex -28.9136 19.6798 0
    endloop
  endfacet
  facet normal 0 0 -1
    outer loop
      vertex -29.0718 20.3583 0
      vertex -28.6048 19.3278 0
      vertex -29.0641 20.1232 0
    endloop
  endfacet
  facet normal 0 0 -1
    outer loop
      vertex -29.0718 20.3583 0
      vertex -28.8264 21.0103 0
      vertex -28.6048 19.3278 0
    endloop
  endfacet
  facet normal 0 0 -1
    outer loop
      vertex -28.6048 19.3278 0
      vertex -28.8264 21.0103 0
      vertex -27.9528 19.0824 0
    endloop
  endfacet
  facet normal 0 0 -1
    outer loop
      vertex -28.4051 19.2036 0
      vertex -28.6048 19.3278 0
      vertex -27.9528 19.0824 0
    endloop
  endfacet
  facet normal 0 0 -1
    outer loop
      vertex -28.1849 19.1207 0
      vertex -28.4051 19.2036 0
      vertex -27.9528 19.0824 0
    endloop
  endfacet
  facet normal -0 -0 -1
    outer loop
      vertex -30.3 -1.2 0
      vertex -30.3 -1.90523 0
      vertex -32.7 -1.2 0
    endloop
  endfacet
  facet normal 0 0 -1
    outer loop
      vertex -32.7141 2.66693 0
      vertex -32.7 2.40446 0
      vertex -32.7064 2.43182 0
    endloop
  endfacet
  facet normal 0 0 -1
    outer loop
      vertex -27.9528 19.0824 0
      vertex -28.8264 21.0103 0
      vertex -27.2743 19.2406 0
    endloop
  endfacet
  facet normal -0 0 -1
    outer loop
      vertex -27.7177 19.0901 0
      vertex -27.9528 19.0824 0
      vertex -27.2743 19.2406 0
    endloop
  endfacet
  facet normal -0 0 -1
    outer loop
      vertex -27.4886 19.1435 0
      vertex -27.7177 19.0901 0
      vertex -27.2743 19.2406 0
    endloop
  endfacet
  facet normal 0 0 -1
    outer loop
      vertex -19.2 23.9023 0
      vertex -16.8 12.4708 0
      vertex -19.2 11.0851 0
    endloop
  endfacet
  facet normal 0 0 -1
    outer loop
      vertex -11.1 28.5788 0
      vertex 0 22.1702 0
      vertex -2.40001 20.7846 0
    endloop
  endfacet
  facet normal 0 0 -1
    outer loop
      vertex -27.2743 19.2406 0
      vertex -28.8264 21.0103 0
      vertex -28.4743 21.319 0
    endloop
  endfacet
  facet normal 0 0 -1
    outer loop
      vertex -19.2 23.9023 0
      vertex -27.2743 19.2406 0
      vertex -28.4743 21.319 0
    endloop
  endfacet
  facet normal 0 0 -1
    outer loop
      vertex -18.7336 26.9429 0
      vertex -19.2 23.9023 0
      vertex -28.4743 21.319 0
    endloop
  endfacet
  facet normal 0 0 -1
    outer loop
      vertex -32.7 -2.75218 0
      vertex -32.7141 -2.66693 0
      vertex -32.7 -2.40446 0
    endloop
  endfacet
  facet normal 0 0 -1
    outer loop
      vertex -16.8 12.4708 0
      vertex -9.43921 13.9492 0
      vertex -16.8 9.69946 0
    endloop
  endfacet
  facet normal 0 0 -1
    outer loop
      vertex -32.7141 2.66693 0
      vertex -32.7 2.75218 0
      vertex -32.7 2.40446 0
    endloop
  endfacet
  facet normal 0 0 -1
    outer loop
      vertex -30.3 14 0
      vertex -30.3913 14.4592 0
      vertex -30.323 14.2341 0
    endloop
  endfacet
  facet normal -0 -0 -1
    outer loop
      vertex -30.8333 14.9978 0
      vertex -30.5022 14.6667 0
      vertex -31.0408 15.1086 0
    endloop
  endfacet
  facet normal 0 0 -1
    outer loop
      vertex -30.8333 14.9978 0
      vertex -30.6515 14.8485 0
      vertex -30.5022 14.6667 0
    endloop
  endfacet
  facet normal 0 0 -1
    outer loop
      vertex -31.0408 15.1086 0
      vertex -30.5022 14.6667 0
      vertex -30.3913 14.4592 0
    endloop
  endfacet
  facet normal 0 0 -1
    outer loop
      vertex -31.5 15.2 0
      vertex -31.9592 15.1086 0
      vertex -31.7341 15.1769 0
    endloop
  endfacet
  facet normal 0 0 -1
    outer loop
      vertex -31.5 15.2 0
      vertex -31.2659 15.1769 0
      vertex -31.0408 15.1086 0
    endloop
  endfacet
  facet normal 0 -0 -1
    outer loop
      vertex -31.5 15.2 0
      vertex -31.0408 15.1086 0
      vertex -31.9592 15.1086 0
    endloop
  endfacet
  facet normal 0 -0 -1
    outer loop
      vertex -31.9592 15.1086 0
      vertex -31.0408 15.1086 0
      vertex -32.6086 14.4592 0
    endloop
  endfacet
  facet normal 0 0 -1
    outer loop
      vertex -32.1667 14.9978 0
      vertex -32.6086 14.4592 0
      vertex -32.4978 14.6667 0
    endloop
  endfacet
  facet normal 0 -0 -1
    outer loop
      vertex -32.1667 14.9978 0
      vertex -31.9592 15.1086 0
      vertex -32.6086 14.4592 0
    endloop
  endfacet
  facet normal 0 0 -1
    outer loop
      vertex -32.4978 14.6667 0
      vertex -32.3485 14.8485 0
      vertex -32.1667 14.9978 0
    endloop
  endfacet
  facet normal 0 0 -1
    outer loop
      vertex -32.6086 14.4592 0
      vertex -31.0408 15.1086 0
      vertex -30.3913 14.4592 0
    endloop
  endfacet
  facet normal 0 0 -1
    outer loop
      vertex -32.7 14 0
      vertex -32.6086 14.4592 0
      vertex -30.3913 14.4592 0
    endloop
  endfacet
  facet normal 0 0 -1
    outer loop
      vertex -32.7 14 0
      vertex -32.6769 14.2341 0
      vertex -32.6086 14.4592 0
    endloop
  endfacet
  facet normal 0 0 -1
    outer loop
      vertex -30.3 14 0
      vertex -32.7 14 0
      vertex -30.3913 14.4592 0
    endloop
  endfacet
  facet normal -0 -0 -1
    outer loop
      vertex -30.3 14 0
      vertex -30.3 4.67653 0
      vertex -32.7 14 0
    endloop
  endfacet
  facet normal 0 0 -1
    outer loop
      vertex -32.7 14 0
      vertex -30.3 4.67653 0
      vertex -32.7 2.75218 0
    endloop
  endfacet
  facet normal 0 0 -1
    outer loop
      vertex -32.7 2.40446 0
      vertex -30.3 1.90523 0
      vertex -32.7 1.2 0
    endloop
  endfacet
  facet normal 0 0 -1
    outer loop
      vertex -32.7 1.2 0
      vertex -30.3 1.90523 0
      vertex -30.3 1.2 0
    endloop
  endfacet
  facet normal 0 0 -1
    outer loop
      vertex -30.3 -1.90523 0
      vertex -32.7 -2.75218 0
      vertex -32.7 -2.40446 0
    endloop
  endfacet
  facet normal 0 0 -1
    outer loop
      vertex -45.4592 1.10864 0
      vertex -45 -1.2 0
      vertex -45.4592 -1.10864 0
    endloop
  endfacet
  facet normal 0 0 -1
    outer loop
      vertex -45.4592 1.10864 0
      vertex -45.2341 1.17694 0
      vertex -45 1.2 0
    endloop
  endfacet
  facet normal 0 0 -1
    outer loop
      vertex -45.6667 0.997757 0
      vertex -46.1086 0.459213 0
      vertex -45.9978 0.666672 0
    endloop
  endfacet
  facet normal 0 -0 -1
    outer loop
      vertex -45.8485 0.848526 0
      vertex -45.6667 0.997757 0
      vertex -45.9978 0.666672 0
    endloop
  endfacet
  facet normal 0 -0 -1
    outer loop
      vertex -45.6667 0.997757 0
      vertex -45.4592 1.10864 0
      vertex -46.1086 0.459213 0
    endloop
  endfacet
  facet normal 0 0 -1
    outer loop
      vertex -46.1086 -0.459213 0
      vertex -46.1769 -0.2341 0
      vertex -46.2 0 0
    endloop
  endfacet
  facet normal 0 -0 -1
    outer loop
      vertex -46.1769 0.2341 0
      vertex -46.1086 0.459213 0
      vertex -46.2 0 0
    endloop
  endfacet
  facet normal 0 -0 -1
    outer loop
      vertex -46.1086 0.459213 0
      vertex -46.1086 -0.459213 0
      vertex -46.2 0 0
    endloop
  endfacet
  facet normal 0 0 -1
    outer loop
      vertex -46.1086 0.459213 0
      vertex -45.4592 -1.10864 0
      vertex -46.1086 -0.459213 0
    endloop
  endfacet
  facet normal 0 0 -1
    outer loop
      vertex -46.1086 -0.459213 0
      vertex -45.6667 -0.997757 0
      vertex -45.9978 -0.666672 0
    endloop
  endfacet
  facet normal 0 0 -1
    outer loop
      vertex -46.1086 -0.459213 0
      vertex -45.4592 -1.10864 0
      vertex -45.6667 -0.997757 0
    endloop
  endfacet
  facet normal 0 0 -1
    outer loop
      vertex -45.8485 -0.848526 0
      vertex -45.9978 -0.666672 0
      vertex -45.6667 -0.997757 0
    endloop
  endfacet
  facet normal 0 0 -1
    outer loop
      vertex -46.1086 0.459213 0
      vertex -45.4592 1.10864 0
      vertex -45.4592 -1.10864 0
    endloop
  endfacet
  facet normal 0 0 -1
    outer loop
      vertex -45.4592 -1.10864 0
      vertex -45 -1.2 0
      vertex -45.2341 -1.17694 0
    endloop
  endfacet
  facet normal 0 0 -1
    outer loop
      vertex -30.3 -4.67653 0
      vertex -32.7 -2.75218 0
      vertex -30.3 -1.90523 0
    endloop
  endfacet
  facet normal 0 0 -1
    outer loop
      vertex -32.1667 -14.9978 0
      vertex -32.3485 -14.8485 0
      vertex -32.4978 -14.6667 0
    endloop
  endfacet
  facet normal 0 0 -1
    outer loop
      vertex -45.4592 1.10864 0
      vertex -45 1.2 0
      vertex -45 -1.2 0
    endloop
  endfacet
  facet normal 0 0 -1
    outer loop
      vertex -45 -1.2 0
      vertex -45 1.2 0
      vertex -32.7 -1.2 0
    endloop
  endfacet
  facet normal 0 0 -1
    outer loop
      vertex -32.7 -2.40446 0
      vertex -32.7141 -2.66693 0
      vertex -32.7064 -2.43182 0
    endloop
  endfacet
  facet normal 0 0 -1
    outer loop
      vertex -32.7 -1.2 0
      vertex -45 1.2 0
      vertex -32.7 1.2 0
    endloop
  endfacet
  facet normal 0 0 -1
    outer loop
      vertex -32.7 -1.2 0
      vertex -32.7 1.2 0
      vertex -30.3 -1.2 0
    endloop
  endfacet
  facet normal 0 0 -1
    outer loop
      vertex -32.6086 -14.4592 0
      vertex -31.9592 -15.1086 0
      vertex -32.1667 -14.9978 0
    endloop
  endfacet
  facet normal 0 0 -1
    outer loop
      vertex -32.6086 -14.4592 0
      vertex -32.6769 -14.2341 0
      vertex -32.7 -14 0
    endloop
  endfacet
  facet normal 0 0 -1
    outer loop
      vertex -32.4978 -14.6667 0
      vertex -32.6086 -14.4592 0
      vertex -32.1667 -14.9978 0
    endloop
  endfacet
  facet normal 0 0 -1
    outer loop
      vertex -31.0408 -15.1086 0
      vertex -31.2659 -15.1769 0
      vertex -31.5 -15.2 0
    endloop
  endfacet
  facet normal 0 0 -1
    outer loop
      vertex -31.7341 -15.1769 0
      vertex -31.9592 -15.1086 0
      vertex -31.5 -15.2 0
    endloop
  endfacet
  facet normal 0 0 -1
    outer loop
      vertex -31.9592 -15.1086 0
      vertex -31.0408 -15.1086 0
      vertex -31.5 -15.2 0
    endloop
  endfacet
  facet normal 0 0 -1
    outer loop
      vertex -31.9592 -15.1086 0
      vertex -32.6086 -14.4592 0
      vertex -31.0408 -15.1086 0
    endloop
  endfacet
  facet normal 0 0 -1
    outer loop
      vertex -31.0408 -15.1086 0
      vertex -30.5022 -14.6667 0
      vertex -30.8333 -14.9978 0
    endloop
  endfacet
  facet normal 0 0 -1
    outer loop
      vertex 8.56076 -17.2277 0
      vertex 10.6392 -16.0277 0
      vertex 16.1892 -25.6405 0
    endloop
  endfacet
  facet normal 0 0 -1
    outer loop
      vertex -18.6667 -26.9978 0
      vertex -18.4323 -27.1168 0
      vertex -18.4592 -27.1086 0
    endloop
  endfacet
  facet normal 0 0 -1
    outer loop
      vertex -13.9665 -29.6952 0
      vertex -14.0474 -29.6647 0
      vertex -14.2677 -29.5212 0
    endloop
  endfacet
  facet normal 0 0 -1
    outer loop
      vertex -31.0408 -15.1086 0
      vertex -30.3913 -14.4592 0
      vertex -30.5022 -14.6667 0
    endloop
  endfacet
  facet normal -0 0 -1
    outer loop
      vertex -30.6515 -14.8485 0
      vertex -30.8333 -14.9978 0
      vertex -30.5022 -14.6667 0
    endloop
  endfacet
  facet normal 0 0 -1
    outer loop
      vertex -31.0408 -15.1086 0
      vertex -32.6086 -14.4592 0
      vertex -30.3913 -14.4592 0
    endloop
  endfacet
  facet normal 0 0 -1
    outer loop
      vertex -30.3913 -14.4592 0
      vertex -32.6086 -14.4592 0
      vertex -32.7 -14 0
    endloop
  endfacet
  facet normal -0 0 -1
    outer loop
      vertex -30.323 -14.2341 0
      vertex -30.3913 -14.4592 0
      vertex -30.3 -14 0
    endloop
  endfacet
  facet normal 0 0 -1
    outer loop
      vertex -16.8 -9.69946 0
      vertex -19.2 -8.31381 0
      vertex -16.8 -1.2 0
    endloop
  endfacet
  facet normal 0 -0 -1
    outer loop
      vertex -16.8 9.69946 0
      vertex -16.8 1.2 0
      vertex -19.2 8.31381 0
    endloop
  endfacet
  facet normal -0 0 -1
    outer loop
      vertex -30.3 -14 0
      vertex -30.3913 -14.4592 0
      vertex -32.7 -14 0
    endloop
  endfacet
  facet normal 0 -0 -1
    outer loop
      vertex -30.3 -4.67653 0
      vertex -30.3 -14 0
      vertex -32.7 -14 0
    endloop
  endfacet
  facet normal 0 0 -1
    outer loop
      vertex -32.7 -2.75218 0
      vertex -30.3 -4.67653 0
      vertex -32.7 -14 0
    endloop
  endfacet
  facet normal -0 0 -1
    outer loop
      vertex 8.82706 -1.7558 0
      vertex 6.0976 -2.5257 0
      vertex 6.47318 -1.28758 0
    endloop
  endfacet
  facet normal 0 0 -1
    outer loop
      vertex -29.0335 -20.5904 0
      vertex -29.0718 -20.3583 0
      vertex -28.9506 -20.8105 0
    endloop
  endfacet
  facet normal 0 0 -1
    outer loop
      vertex -27.2743 -19.2406 0
      vertex -27.7177 -19.0901 0
      vertex -27.4886 -19.1435 0
    endloop
  endfacet
  facet normal 0 0 -1
    outer loop
      vertex -27.2743 -19.2406 0
      vertex -27.9528 -19.0824 0
      vertex -27.7177 -19.0901 0
    endloop
  endfacet
  facet normal 0 0 -1
    outer loop
      vertex -28.4051 -19.2036 0
      vertex -28.1849 -19.1207 0
      vertex -27.9528 -19.0824 0
    endloop
  endfacet
  facet normal 0 0 -1
    outer loop
      vertex -28.6048 -19.3278 0
      vertex -28.4051 -19.2036 0
      vertex -27.9528 -19.0824 0
    endloop
  endfacet
  facet normal 0 0 -1
    outer loop
      vertex -29.0718 -20.3583 0
      vertex -28.8264 -21.0103 0
      vertex -28.9506 -20.8105 0
    endloop
  endfacet
  facet normal 0 0 -1
    outer loop
      vertex -28.9136 -19.6798 0
      vertex -28.7766 -19.4886 0
      vertex -28.6048 -19.3278 0
    endloop
  endfacet
  facet normal 0 -0 -1
    outer loop
      vertex -29.0107 -19.8941 0
      vertex -28.9136 -19.6798 0
      vertex -29.0641 -20.1232 0
    endloop
  endfacet
  facet normal 0 0 -1
    outer loop
      vertex -29.0641 -20.1232 0
      vertex -28.9136 -19.6798 0
      vertex -28.6048 -19.3278 0
    endloop
  endfacet
  facet normal 0 0 -1
    outer loop
      vertex -29.0718 -20.3583 0
      vertex -29.0641 -20.1232 0
      vertex -28.6048 -19.3278 0
    endloop
  endfacet
  facet normal 0 0 -1
    outer loop
      vertex -29.0718 -20.3583 0
      vertex -28.6048 -19.3278 0
      vertex -28.8264 -21.0103 0
    endloop
  endfacet
  facet normal 0 -0 -1
    outer loop
      vertex -28.6048 -19.3278 0
      vertex -27.9528 -19.0824 0
      vertex -28.8264 -21.0103 0
    endloop
  endfacet
  facet normal 0 0 -1
    outer loop
      vertex -28.8264 -21.0103 0
      vertex -27.9528 -19.0824 0
      vertex -27.2743 -19.2406 0
    endloop
  endfacet
  facet normal 0 0 -1
    outer loop
      vertex -28.6656 -21.182 0
      vertex -28.8264 -21.0103 0
      vertex -28.4743 -21.319 0
    endloop
  endfacet
  facet normal 0 0 -1
    outer loop
      vertex -28.4743 -21.319 0
      vertex -28.8264 -21.0103 0
      vertex -27.2743 -19.2406 0
    endloop
  endfacet
  facet normal 0 0 -1
    outer loop
      vertex -19.2 -23.9023 0
      vertex -28.4743 -21.319 0
      vertex -27.2743 -19.2406 0
    endloop
  endfacet
  facet normal -0 -0 -1
    outer loop
      vertex -19.2 -23.9023 0
      vertex -18.7336 -26.9429 0
      vertex -28.4743 -21.319 0
    endloop
  endfacet
  facet normal 0 0 -1
    outer loop
      vertex -18.6667 -26.9978 0
      vertex -18.7336 -26.9429 0
      vertex -18.4323 -27.1168 0
    endloop
  endfacet
  facet normal 0 0 -1
    outer loop
      vertex -18.4323 -27.1168 0
      vertex -16.8 -25.2879 0
      vertex -17.3892 -27.719 0
    endloop
  endfacet
  facet normal 0 0 -1
    outer loop
      vertex -13.5 -27.1932 0
      vertex -13.9665 -29.6952 0
      vertex -14.2677 -29.5212 0
    endloop
  endfacet
  facet normal 0 0 -1
    outer loop
      vertex -22.4215 -40.1685 0
      vertex -21.7695 -39.9231 0
      vertex -21.9692 -40.0474 0
    endloop
  endfacet
  facet normal 0 0 -1
    outer loop
      vertex -17.3892 -27.719 0
      vertex -16.8 -25.2879 0
      vertex -16.1892 -25.6405 0
    endloop
  endfacet
  facet normal 0 0 -1
    outer loop
      vertex -23.6974 -39.0496 0
      vertex -23.6897 -38.8145 0
      vertex -23.5762 -39.5019 0
    endloop
  endfacet
  facet normal 0 0 -1
    outer loop
      vertex -23.5392 -38.3711 0
      vertex -23.6897 -38.8145 0
      vertex -23.6363 -38.5854 0
    endloop
  endfacet
  facet normal 0 0 -1
    outer loop
      vertex -23.6591 -39.2817 0
      vertex -23.6974 -39.0496 0
      vertex -23.5762 -39.5019 0
    endloop
  endfacet
  facet normal 0 0 -1
    outer loop
      vertex -22.6566 -40.1609 0
      vertex -23.1 -40.0104 0
      vertex -23.452 -39.7016 0
    endloop
  endfacet
  facet normal 0 0 -1
    outer loop
      vertex -22.4215 -40.1685 0
      vertex -22.6566 -40.1609 0
      vertex -23.452 -39.7016 0
    endloop
  endfacet
  facet normal 0 0 -1
    outer loop
      vertex -23.2912 -39.8734 0
      vertex -23.452 -39.7016 0
      vertex -23.1 -40.0104 0
    endloop
  endfacet
  facet normal 0 0 -1
    outer loop
      vertex -23.5762 -39.5019 0
      vertex -22.4215 -40.1685 0
      vertex -23.452 -39.7016 0
    endloop
  endfacet
  facet normal 0 0 -1
    outer loop
      vertex -22.8857 -40.1075 0
      vertex -23.1 -40.0104 0
      vertex -22.6566 -40.1609 0
    endloop
  endfacet
  facet normal 0 0 -1
    outer loop
      vertex -23.5762 -39.5019 0
      vertex -23.6897 -38.8145 0
      vertex -22.4215 -40.1685 0
    endloop
  endfacet
  facet normal 0 0 -1
    outer loop
      vertex -22.4215 -40.1685 0
      vertex -23.6897 -38.8145 0
      vertex -21.7695 -39.9231 0
    endloop
  endfacet
  facet normal -0 0 -1
    outer loop
      vertex -22.1894 -40.1302 0
      vertex -22.4215 -40.1685 0
      vertex -21.9692 -40.0474 0
    endloop
  endfacet
  facet normal 0 0 -1
    outer loop
      vertex -15.3108 -28.919 0
      vertex -17.3892 -27.719 0
      vertex -14.1108 -26.8405 0
    endloop
  endfacet
  facet normal 0 0 -1
    outer loop
      vertex -23.6897 -38.8145 0
      vertex -23.5392 -38.3711 0
      vertex -21.7695 -39.9231 0
    endloop
  endfacet
  facet normal 0 0 -1
    outer loop
      vertex -21.7695 -39.9231 0
      vertex -21.4608 -39.5711 0
      vertex -21.5978 -39.7623 0
    endloop
  endfacet
  facet normal 0 0 -1
    outer loop
      vertex -21.7695 -39.9231 0
      vertex -23.5392 -38.3711 0
      vertex -21.4608 -39.5711 0
    endloop
  endfacet
  facet normal 0 0 -1
    outer loop
      vertex -21.4608 -39.5711 0
      vertex -23.5392 -38.3711 0
      vertex -15.3108 -28.919 0
    endloop
  endfacet
  facet normal 0 0 -1
    outer loop
      vertex -14.2677 -29.5212 0
      vertex -14.0474 -29.6647 0
      vertex -14.2472 -29.5405 0
    endloop
  endfacet
  facet normal -0 0 -1
    outer loop
      vertex -15.3108 -28.919 0
      vertex -23.5392 -38.3711 0
      vertex -17.3892 -27.719 0
    endloop
  endfacet
  facet normal -0 0 -1
    outer loop
      vertex -2.5864 -34.8798 0
      vertex -2.89513 -35.2318 0
      vertex -2.43591 -34.4364 0
    endloop
  endfacet
  facet normal 0 0 -1
    outer loop
      vertex -2.43591 -34.4364 0
      vertex -2.89513 -35.2318 0
      vertex -3.09489 -35.356 0
    endloop
  endfacet
  facet normal 0 0 -1
    outer loop
      vertex -3.54716 -35.4772 0
      vertex -3.78227 -35.4695 0
      vertex -3.09489 -35.356 0
    endloop
  endfacet
  facet normal -0 0 -1
    outer loop
      vertex -2.48932 -34.6655 0
      vertex -2.5864 -34.8798 0
      vertex -2.43591 -34.4364 0
    endloop
  endfacet
  facet normal 0 0 -1
    outer loop
      vertex -4.01137 -35.4161 0
      vertex -4.22563 -35.319 0
      vertex -3.78227 -35.4695 0
    endloop
  endfacet
  facet normal 0 0 -1
    outer loop
      vertex -3.09489 -35.356 0
      vertex -3.31505 -35.4389 0
      vertex -3.54716 -35.4772 0
    endloop
  endfacet
  facet normal 0 0 -1
    outer loop
      vertex -2.89513 -35.2318 0
      vertex -2.5864 -34.8798 0
      vertex -2.72342 -35.071 0
    endloop
  endfacet
  facet normal 0 0 -1
    outer loop
      vertex 4.22563 -35.319 0
      vertex 11.1 -28.5788 0
      vertex 13.9665 -29.6952 0
    endloop
  endfacet
  facet normal -0 0 -1
    outer loop
      vertex 16.8 -12.4708 0
      vertex 9.43921 -13.9492 0
      vertex 16.8 -9.69946 0
    endloop
  endfacet
  facet normal 0 0 -1
    outer loop
      vertex 2.40001 -20.7846 0
      vertex 0 -19.3989 0
      vertex 7.36076 -15.1492 0
    endloop
  endfacet
  facet normal 0 0 -1
    outer loop
      vertex -2.43591 -34.4364 0
      vertex -3.09489 -35.356 0
      vertex -3.78227 -35.4695 0
    endloop
  endfacet
  facet normal 0 0 -1
    outer loop
      vertex 3.02563 -33.2406 0
      vertex 2.67361 -33.5493 0
      vertex 2.83443 -33.3776 0
    endloop
  endfacet
  facet normal 0 0 -1
    outer loop
      vertex -4.22563 -35.319 0
      vertex -2.43591 -34.4364 0
      vertex -3.78227 -35.4695 0
    endloop
  endfacet
  facet normal -0 -0 -1
    outer loop
      vertex -2.46652 -33.9692 0
      vertex -2.42821 -34.2013 0
      vertex -2.54939 -33.749 0
    endloop
  endfacet
  facet normal 0 0 -1
    outer loop
      vertex -2.54939 -33.749 0
      vertex -2.42821 -34.2013 0
      vertex -2.43591 -34.4364 0
    endloop
  endfacet
  facet normal -0 -0 -1
    outer loop
      vertex -2.67361 -33.5493 0
      vertex -2.54939 -33.749 0
      vertex -3.02563 -33.2406 0
    endloop
  endfacet
  facet normal 0 0 -1
    outer loop
      vertex -3.02563 -33.2406 0
      vertex -2.54939 -33.749 0
      vertex -2.43591 -34.4364 0
    endloop
  endfacet
  facet normal 0 0 -1
    outer loop
      vertex -3.02563 -33.2406 0
      vertex -2.83443 -33.3776 0
      vertex -2.67361 -33.5493 0
    endloop
  endfacet
  facet normal 0 0 -1
    outer loop
      vertex -4.22563 -35.319 0
      vertex -3.02563 -33.2406 0
      vertex -2.43591 -34.4364 0
    endloop
  endfacet
  facet normal 0 0 -1
    outer loop
      vertex -4.22563 -35.319 0
      vertex -11.1 -28.5788 0
      vertex -3.02563 -33.2406 0
    endloop
  endfacet
  facet normal 0 0 -1
    outer loop
      vertex -4.22563 -35.319 0
      vertex -13.9665 -29.6952 0
      vertex -11.1 -28.5788 0
    endloop
  endfacet
  facet normal 0 0 -1
    outer loop
      vertex -10.6392 -16.0277 0
      vertex -7.36076 -15.1492 0
      vertex -8.56076 -17.2277 0
    endloop
  endfacet
  facet normal 0 0 -1
    outer loop
      vertex -5.47911 7.09012 0
      vertex -3.41934 8.32243 0
      vertex -2.19308 6.1985 0
    endloop
  endfacet
  facet normal 0 0 -1
    outer loop
      vertex -10.6392 -16.0277 0
      vertex -9.43921 -13.9492 0
      vertex -7.36076 -15.1492 0
    endloop
  endfacet
  facet normal 0 0 -1
    outer loop
      vertex 13.9665 -29.6952 0
      vertex 11.1 -28.5788 0
      vertex 13.5 -27.1932 0
    endloop
  endfacet
  facet normal 0 0 -1
    outer loop
      vertex 2.43591 -34.4364 0
      vertex 2.5864 -34.8798 0
      vertex 2.48932 -34.6655 0
    endloop
  endfacet
  facet normal 0 0 -1
    outer loop
      vertex 3.02563 -33.2406 0
      vertex 2.54939 -33.749 0
      vertex 2.67361 -33.5493 0
    endloop
  endfacet
  facet normal 0 0 -1
    outer loop
      vertex 2.42821 -34.2013 0
      vertex 2.46652 -33.9692 0
      vertex 2.54939 -33.749 0
    endloop
  endfacet
  facet normal 0 0 -1
    outer loop
      vertex 2.43591 -34.4364 0
      vertex 2.42821 -34.2013 0
      vertex 2.54939 -33.749 0
    endloop
  endfacet
  facet normal 0 0 -1
    outer loop
      vertex 3.02563 -33.2406 0
      vertex 2.43591 -34.4364 0
      vertex 2.54939 -33.749 0
    endloop
  endfacet
  facet normal 0 0 -1
    outer loop
      vertex 2.72342 -35.071 0
      vertex 2.5864 -34.8798 0
      vertex 2.89513 -35.2318 0
    endloop
  endfacet
  facet normal 0 0 -1
    outer loop
      vertex 2.89513 -35.2318 0
      vertex 2.5864 -34.8798 0
      vertex 2.43591 -34.4364 0
    endloop
  endfacet
  facet normal 0 0 -1
    outer loop
      vertex 3.09489 -35.356 0
      vertex 2.89513 -35.2318 0
      vertex 2.43591 -34.4364 0
    endloop
  endfacet
  facet normal 0 0 -1
    outer loop
      vertex 3.54716 -35.4772 0
      vertex 3.09489 -35.356 0
      vertex 3.78227 -35.4695 0
    endloop
  endfacet
  facet normal 0 0 -1
    outer loop
      vertex 3.09489 -35.356 0
      vertex 3.54716 -35.4772 0
      vertex 3.31505 -35.4389 0
    endloop
  endfacet
  facet normal 0 0 -1
    outer loop
      vertex 2.43591 -34.4364 0
      vertex 3.78227 -35.4695 0
      vertex 3.09489 -35.356 0
    endloop
  endfacet
  facet normal 0 0 -1
    outer loop
      vertex 2.43591 -34.4364 0
      vertex 4.22563 -35.319 0
      vertex 3.78227 -35.4695 0
    endloop
  endfacet
  facet normal 0 0 -1
    outer loop
      vertex 3.78227 -35.4695 0
      vertex 4.22563 -35.319 0
      vertex 4.01137 -35.4161 0
    endloop
  endfacet
  facet normal 0 0 -1
    outer loop
      vertex 2.43591 -34.4364 0
      vertex 3.02563 -33.2406 0
      vertex 4.22563 -35.319 0
    endloop
  endfacet
  facet normal 0 0 -1
    outer loop
      vertex 4.22563 -35.319 0
      vertex 3.02563 -33.2406 0
      vertex 11.1 -28.5788 0
    endloop
  endfacet
  facet normal 0 0 -1
    outer loop
      vertex 21.4608 -39.5711 0
      vertex 15.3108 -28.919 0
      vertex 23.5392 -38.3711 0
    endloop
  endfacet
  facet normal 0 0 -1
    outer loop
      vertex 14.2677 -29.5212 0
      vertex 14.2472 -29.5405 0
      vertex 14.0474 -29.6647 0
    endloop
  endfacet
  facet normal 0 0 -1
    outer loop
      vertex 23.5392 -38.3711 0
      vertex 15.3108 -28.919 0
      vertex 17.3892 -27.719 0
    endloop
  endfacet
  facet normal 0 0 -1
    outer loop
      vertex 13.9665 -29.6952 0
      vertex 14.2677 -29.5212 0
      vertex 14.0474 -29.6647 0
    endloop
  endfacet
  facet normal 0 0 -1
    outer loop
      vertex 13.9665 -29.6952 0
      vertex 13.5 -27.1932 0
      vertex 14.2677 -29.5212 0
    endloop
  endfacet
  facet normal 0 0 -1
    outer loop
      vertex 14.2677 -29.5212 0
      vertex 13.5 -27.1932 0
      vertex 15.3108 -28.919 0
    endloop
  endfacet
  facet normal 0 0 -1
    outer loop
      vertex 14.1108 -26.8405 0
      vertex 16.1892 -25.6405 0
      vertex 17.3892 -27.719 0
    endloop
  endfacet
  facet normal 0 0 -1
    outer loop
      vertex 21.7695 -39.9231 0
      vertex 21.4608 -39.5711 0
      vertex 23.5392 -38.3711 0
    endloop
  endfacet
  facet normal 0 0 -1
    outer loop
      vertex 21.7695 -39.9231 0
      vertex 21.5978 -39.7623 0
      vertex 21.4608 -39.5711 0
    endloop
  endfacet
  facet normal 0 0 -1
    outer loop
      vertex 22.4215 -40.1685 0
      vertex 21.7695 -39.9231 0
      vertex 23.6897 -38.8145 0
    endloop
  endfacet
  facet normal 0 0 -1
    outer loop
      vertex 22.4215 -40.1685 0
      vertex 21.9692 -40.0474 0
      vertex 21.7695 -39.9231 0
    endloop
  endfacet
  facet normal 0 0 -1
    outer loop
      vertex 22.4215 -40.1685 0
      vertex 22.1894 -40.1302 0
      vertex 21.9692 -40.0474 0
    endloop
  endfacet
  facet normal 0 -0 -1
    outer loop
      vertex 18.7336 26.9429 0
      vertex 19.2 23.9023 0
      vertex 16.8 25.2879 0
    endloop
  endfacet
  facet normal 0 0 -1
    outer loop
      vertex 11.1 28.5788 0
      vertex 2.40001 20.7846 0
      vertex 0 22.1702 0
    endloop
  endfacet
  facet normal 0 0 -1
    outer loop
      vertex 0 19.3989 0
      vertex -2.40001 20.7846 0
      vertex 0 22.1702 0
    endloop
  endfacet
  facet normal 0 0 -1
    outer loop
      vertex 14.1108 26.8405 0
      vertex 13.5 27.1932 0
      vertex 15.3108 28.919 0
    endloop
  endfacet
  facet normal 0 -0 -1
    outer loop
      vertex 11.1 28.5788 0
      vertex 13.5 27.1932 0
      vertex 2.40001 20.7846 0
    endloop
  endfacet
  facet normal 0 0 -1
    outer loop
      vertex -8.56076 17.2277 0
      vertex -16.1892 25.6405 0
      vertex -14.1108 26.8405 0
    endloop
  endfacet
  facet normal -0 0 -1
    outer loop
      vertex 0 6.59999 0
      vertex -1.28758 6.47318 0
      vertex -1.7558 8.82706 0
    endloop
  endfacet
  facet normal 0 0 -1
    outer loop
      vertex -13.5 27.1932 0
      vertex -14.2677 29.5212 0
      vertex -13.9665 29.6952 0
    endloop
  endfacet
  facet normal 0 0 -1
    outer loop
      vertex -16.1892 25.6405 0
      vertex -17.3892 27.719 0
      vertex -14.1108 26.8405 0
    endloop
  endfacet
  facet normal -0 0 -1
    outer loop
      vertex -11.1 28.5788 0
      vertex -13.5 27.1932 0
      vertex -13.9665 29.6952 0
    endloop
  endfacet
  facet normal 0 0 -1
    outer loop
      vertex -2.07845 1.2 0
      vertex 0 -2.39996 0
      vertex -2.07845 -1.2 0
    endloop
  endfacet
  facet normal 0 0 -1
    outer loop
      vertex -2.40001 20.7846 0
      vertex -7.36076 15.1492 0
      vertex -8.56076 17.2277 0
    endloop
  endfacet
  facet normal 0 -0 -1
    outer loop
      vertex -11.1 28.5788 0
      vertex -2.40001 20.7846 0
      vertex -13.5 27.1932 0
    endloop
  endfacet
  facet normal -0 0 -1
    outer loop
      vertex -16.1892 25.6405 0
      vertex -16.8 25.2879 0
      vertex -17.3892 27.719 0
    endloop
  endfacet
  facet normal 0 0 -1
    outer loop
      vertex -16.8 25.2879 0
      vertex -18.4323 27.1168 0
      vertex -17.3892 27.719 0
    endloop
  endfacet
  facet normal 0 0 -1
    outer loop
      vertex -19.2 23.9023 0
      vertex -16.8 25.2879 0
      vertex -16.8 12.4708 0
    endloop
  endfacet
  facet normal 0 0 -1
    outer loop
      vertex -4.6669 4.6669 0
      vertex -7.48322 5.00012 0
      vertex -6.36395 6.36395 0
    endloop
  endfacet
  facet normal -0 0 -1
    outer loop
      vertex -8.56076 17.2277 0
      vertex -10.6392 16.0277 0
      vertex -16.1892 25.6405 0
    endloop
  endfacet
  facet normal 0 0 -1
    outer loop
      vertex 16.8 12.4708 0
      vertex 19.2 23.9023 0
      vertex 19.2 11.0851 0
    endloop
  endfacet
  facet normal 0 0 -1
    outer loop
      vertex 7.36076 15.1492 0
      vertex 0 19.3989 0
      vertex 2.40001 20.7846 0
    endloop
  endfacet
  facet normal 0 0 -1
    outer loop
      vertex -19.2 11.0851 0
      vertex -16.8 12.4708 0
      vertex -16.8 9.69946 0
    endloop
  endfacet
  facet normal 0 -0 -1
    outer loop
      vertex 14.1108 26.8405 0
      vertex 16.1892 25.6405 0
      vertex 8.56076 17.2277 0
    endloop
  endfacet
  facet normal 0 0 -1
    outer loop
      vertex 6.36395 6.36395 0
      vertex 4.6669 4.6669 0
      vertex 4.26872 4.99367 0
    endloop
  endfacet
  facet normal -0 0 -1
    outer loop
      vertex 18.7336 26.9429 0
      vertex 16.8 25.2879 0
      vertex 18.4323 27.1168 0
    endloop
  endfacet
  facet normal -0 0 -1
    outer loop
      vertex 19.2 23.9023 0
      vertex 16.8 12.4708 0
      vertex 16.8 25.2879 0
    endloop
  endfacet
  facet normal 0 0 -1
    outer loop
      vertex -16.8 12.4708 0
      vertex -10.6392 16.0277 0
      vertex -9.43921 13.9492 0
    endloop
  endfacet
  facet normal 0 0 -1
    outer loop
      vertex -2.19308 6.1985 0
      vertex -1.7558 8.82706 0
      vertex -1.28758 6.47318 0
    endloop
  endfacet
  facet normal 0 0 -1
    outer loop
      vertex 8.82706 1.7558 0
      vertex 6.0976 2.5257 0
      vertex 8.31491 3.44414 0
    endloop
  endfacet
  facet normal 0 0 -1
    outer loop
      vertex -19.2 -1.2 0
      vertex -19.2 1.2 0
      vertex -16.8 -1.2 0
    endloop
  endfacet
  facet normal 0 0 -1
    outer loop
      vertex -7.36076 15.1492 0
      vertex -10.6392 16.0277 0
      vertex -8.56076 17.2277 0
    endloop
  endfacet
  facet normal -0 0 -1
    outer loop
      vertex 2.40001 20.7846 0
      vertex 0 19.3989 0
      vertex 0 22.1702 0
    endloop
  endfacet
  facet normal -0 0 -1
    outer loop
      vertex 0 19.3989 0
      vertex -7.36076 15.1492 0
      vertex -2.40001 20.7846 0
    endloop
  endfacet
  facet normal -0 0 -1
    outer loop
      vertex 10.6392 16.0277 0
      vertex 7.36076 15.1492 0
      vertex 8.56076 17.2277 0
    endloop
  endfacet
  facet normal 0 0 -1
    outer loop
      vertex 7.36076 15.1492 0
      vertex 2.40001 20.7846 0
      vertex 8.56076 17.2277 0
    endloop
  endfacet
  facet normal 0 0 -1
    outer loop
      vertex 19.2 1.2 0
      vertex 30.3 1.2 0
      vertex 30.3 -1.2 0
    endloop
  endfacet
  facet normal 0 0 -1
    outer loop
      vertex 16.8 9.69946 0
      vertex 16.8 12.4708 0
      vertex 19.2 11.0851 0
    endloop
  endfacet
  facet normal 0 0 -1
    outer loop
      vertex 6.4818 1.2 0
      vertex 8.88181 -1.2 0
      vertex 6.4818 -1.2 0
    endloop
  endfacet
  facet normal 0 0 -1
    outer loop
      vertex 9.43921 13.9492 0
      vertex 16.8 12.4708 0
      vertex 16.8 9.69946 0
    endloop
  endfacet
  facet normal 0 0 -1
    outer loop
      vertex 5.48769 3.66676 0
      vertex 4.6669 4.6669 0
      vertex 7.48322 5.00012 0
    endloop
  endfacet
  facet normal -0 0 -1
    outer loop
      vertex 5.47911 7.09012 0
      vertex 2.19308 6.1985 0
      vertex 3.41934 8.32243 0
    endloop
  endfacet
  facet normal 0 -0 -1
    outer loop
      vertex 5.47911 7.09012 0
      vertex 6.36395 6.36395 0
      vertex 4.26872 4.99367 0
    endloop
  endfacet
  facet normal -0 0 -1
    outer loop
      vertex 1.7558 8.82706 0
      vertex 0 6.59999 0
      vertex 0 9 0
    endloop
  endfacet
  facet normal 0 0 -1
    outer loop
      vertex 5.47911 7.09012 0
      vertex 3.41934 8.32243 0
      vertex 9.43921 13.9492 0
    endloop
  endfacet
  facet normal 0 0 -1
    outer loop
      vertex 10.6392 16.0277 0
      vertex 9.43921 13.9492 0
      vertex 7.36076 15.1492 0
    endloop
  endfacet
  facet normal -0 0 -1
    outer loop
      vertex 9.43921 13.9492 0
      vertex 3.41934 8.32243 0
      vertex 7.36076 15.1492 0
    endloop
  endfacet
  facet normal 0 -0 -1
    outer loop
      vertex 19.2 8.31381 0
      vertex 19.2 1.2 0
      vertex 16.8 1.2 0
    endloop
  endfacet
  facet normal 0 -0 -1
    outer loop
      vertex 7.36076 -15.1492 0
      vertex 8.56076 -17.2277 0
      vertex 2.40001 -20.7846 0
    endloop
  endfacet
  facet normal -0 0 -1
    outer loop
      vertex 8.31491 -3.44414 0
      vertex 7.48322 -5.00012 0
      vertex 6.0976 -2.5257 0
    endloop
  endfacet
  facet normal 0 0 -1
    outer loop
      vertex -19.2 11.0851 0
      vertex -16.8 9.69946 0
      vertex -19.2 8.31381 0
    endloop
  endfacet
  facet normal 0 0 -1
    outer loop
      vertex -8.88181 1.2 0
      vertex -8.82706 1.7558 0
      vertex -6.47318 1.28758 0
    endloop
  endfacet
  facet normal 0 0 -1
    outer loop
      vertex -3.41934 8.32243 0
      vertex -9.43921 13.9492 0
      vertex -7.36076 15.1492 0
    endloop
  endfacet
  facet normal 0 0 -1
    outer loop
      vertex -9.43921 13.9492 0
      vertex -10.6392 16.0277 0
      vertex -7.36076 15.1492 0
    endloop
  endfacet
  facet normal 0 0 -1
    outer loop
      vertex -8.82706 1.7558 0
      vertex -8.31491 3.44414 0
      vertex -6.0976 2.5257 0
    endloop
  endfacet
  facet normal 0 0 -1
    outer loop
      vertex -5.47911 7.09012 0
      vertex -9.43921 13.9492 0
      vertex -3.41934 8.32243 0
    endloop
  endfacet
  facet normal 0 0 -1
    outer loop
      vertex -5.47911 7.09012 0
      vertex -2.19308 6.1985 0
      vertex -4.26872 4.99367 0
    endloop
  endfacet
  facet normal 0 0 -1
    outer loop
      vertex -6.0976 2.5257 0
      vertex -6.47318 1.28758 0
      vertex -8.82706 1.7558 0
    endloop
  endfacet
  facet normal 0 0 -1
    outer loop
      vertex -6.4818 1.2 0
      vertex -8.88181 1.2 0
      vertex -6.47318 1.28758 0
    endloop
  endfacet
  facet normal 0 0 -1
    outer loop
      vertex 30.3 -1.2 0
      vertex 30.3 1.2 0
      vertex 32.7 -1.2 0
    endloop
  endfacet
  facet normal 0 0 -1
    outer loop
      vertex 19.2 8.31381 0
      vertex 19.2 11.0851 0
      vertex 30.3 4.67653 0
    endloop
  endfacet
  facet normal 0 0 -1
    outer loop
      vertex 19.2 -1.2 0
      vertex 19.2 1.2 0
      vertex 30.3 -1.2 0
    endloop
  endfacet
  facet normal -0 0 -1
    outer loop
      vertex -16.8 -9.69946 0
      vertex -19.2 -11.0851 0
      vertex -19.2 -8.31381 0
    endloop
  endfacet
  facet normal 0 0 -1
    outer loop
      vertex 16.8 9.69946 0
      vertex 19.2 8.31381 0
      vertex 16.8 1.2 0
    endloop
  endfacet
  facet normal 0 0 -1
    outer loop
      vertex 1.28758 6.47318 0
      vertex 1.7558 8.82706 0
      vertex 2.19308 6.1985 0
    endloop
  endfacet
  facet normal 0 0 -1
    outer loop
      vertex 30.3 1.90523 0
      vertex 32.7 1.2 0
      vertex 30.3 1.2 0
    endloop
  endfacet
  facet normal -0 -0 -1
    outer loop
      vertex 30.3 4.67653 0
      vertex 30.3 1.90523 0
      vertex 19.2 8.31381 0
    endloop
  endfacet
  facet normal 0 0 -1
    outer loop
      vertex -30.3 -1.2 0
      vertex -30.3 1.2 0
      vertex -19.2 -1.2 0
    endloop
  endfacet
  facet normal 0 0 -1
    outer loop
      vertex -32.7 2.40446 0
      vertex -32.7 2.75218 0
      vertex -30.3 1.90523 0
    endloop
  endfacet
  facet normal 0 0 -1
    outer loop
      vertex -30.3 1.90523 0
      vertex -32.7 2.75218 0
      vertex -30.3 4.67653 0
    endloop
  endfacet
  facet normal 0 0 -1
    outer loop
      vertex -19.2 1.2 0
      vertex -19.2 8.31381 0
      vertex -16.8 1.2 0
    endloop
  endfacet
  facet normal -0 0 -1
    outer loop
      vertex -19.2 8.31381 0
      vertex -30.3 4.67653 0
      vertex -19.2 11.0851 0
    endloop
  endfacet
  facet normal 0 0 -1
    outer loop
      vertex -30.3 4.67653 0
      vertex -19.2 8.31381 0
      vertex -30.3 1.90523 0
    endloop
  endfacet
  facet normal 0 0 -1
    outer loop
      vertex -2.19308 6.1985 0
      vertex -3.41934 8.32243 0
      vertex -1.7558 8.82706 0
    endloop
  endfacet
  facet normal 0 0 -1
    outer loop
      vertex -1.7558 8.82706 0
      vertex 0 9 0
      vertex 0 6.59999 0
    endloop
  endfacet
  facet normal 0 0 -1
    outer loop
      vertex 0 6.59999 0
      vertex 1.7558 8.82706 0
      vertex 1.28758 6.47318 0
    endloop
  endfacet
  facet normal 0 0 -1
    outer loop
      vertex 1.7558 8.82706 0
      vertex 3.41934 8.32243 0
      vertex 2.19308 6.1985 0
    endloop
  endfacet
  facet normal 0 0 -1
    outer loop
      vertex 0 2.39996 0
      vertex 4.26872 4.99367 0
      vertex 2.07845 1.2 0
    endloop
  endfacet
  facet normal 0 0 -1
    outer loop
      vertex 2.19308 6.1985 0
      vertex 5.47911 7.09012 0
      vertex 4.26872 4.99367 0
    endloop
  endfacet
  facet normal 0 0 -1
    outer loop
      vertex 0 2.39996 0
      vertex -4.26872 4.99367 0
      vertex -2.19308 6.1985 0
    endloop
  endfacet
  facet normal 0 0 -1
    outer loop
      vertex -8.82706 -1.7558 0
      vertex -6.47318 -1.28758 0
      vertex -6.0976 -2.5257 0
    endloop
  endfacet
  facet normal 0 0 -1
    outer loop
      vertex -2.07845 1.2 0
      vertex -4.26872 4.99367 0
      vertex 0 2.39996 0
    endloop
  endfacet
  facet normal 0 0 -1
    outer loop
      vertex -16.8 -12.4708 0
      vertex -19.2 -11.0851 0
      vertex -16.8 -9.69946 0
    endloop
  endfacet
  facet normal 0 0 -1
    outer loop
      vertex -6.0976 2.5257 0
      vertex -8.31491 3.44414 0
      vertex -7.48322 5.00012 0
    endloop
  endfacet
  facet normal -0 0 -1
    outer loop
      vertex -5.48769 3.66676 0
      vertex -6.0976 2.5257 0
      vertex -7.48322 5.00012 0
    endloop
  endfacet
  facet normal -0 0 -1
    outer loop
      vertex -4.6669 4.6669 0
      vertex -5.48769 3.66676 0
      vertex -7.48322 5.00012 0
    endloop
  endfacet
  facet normal -0 0 -1
    outer loop
      vertex -4.26872 4.99367 0
      vertex -4.6669 4.6669 0
      vertex -6.36395 6.36395 0
    endloop
  endfacet
  facet normal 0 -0 -1
    outer loop
      vertex -5.47911 7.09012 0
      vertex -4.26872 4.99367 0
      vertex -6.36395 6.36395 0
    endloop
  endfacet
  facet normal 0 0 -1
    outer loop
      vertex 8.88181 1.2 0
      vertex 6.47318 1.28758 0
      vertex 8.82706 1.7558 0
    endloop
  endfacet
  facet normal 0 0 -1
    outer loop
      vertex 0 2.39996 0
      vertex 2.07845 -1.2 0
      vertex 0 -2.39996 0
    endloop
  endfacet
  facet normal 0 0 -1
    outer loop
      vertex -8.88181 1.2 0
      vertex -6.4818 1.2 0
      vertex -6.4818 -1.2 0
    endloop
  endfacet
  facet normal 0 -0 -1
    outer loop
      vertex 2.19308 6.1985 0
      vertex 4.26872 4.99367 0
      vertex 0 2.39996 0
    endloop
  endfacet
  facet normal 0 -0 -1
    outer loop
      vertex 6.36395 6.36395 0
      vertex 7.48322 5.00012 0
      vertex 4.6669 4.6669 0
    endloop
  endfacet
  facet normal 0 0 -1
    outer loop
      vertex 7.48322 5.00012 0
      vertex 6.0976 2.5257 0
      vertex 5.48769 3.66676 0
    endloop
  endfacet
  facet normal 0 -0 -1
    outer loop
      vertex 7.48322 5.00012 0
      vertex 8.31491 3.44414 0
      vertex 6.0976 2.5257 0
    endloop
  endfacet
  facet normal 0 0 -1
    outer loop
      vertex 6.0976 2.5257 0
      vertex 8.82706 1.7558 0
      vertex 6.47318 1.28758 0
    endloop
  endfacet
  facet normal 0 0 -1
    outer loop
      vertex 6.47318 1.28758 0
      vertex 8.88181 1.2 0
      vertex 6.4818 1.2 0
    endloop
  endfacet
  facet normal 0 0 -1
    outer loop
      vertex 51 0 0
      vertex 48.7 0 0
      vertex 50.9231 0.78035 0
    endloop
  endfacet
  facet normal 0 0 -1
    outer loop
      vertex 48.6673 0.33165 0
      vertex 48.5706 0.650558 0
      vertex 50.9231 0.78035 0
    endloop
  endfacet
  facet normal 0 0 -1
    outer loop
      vertex 44.7777 -3.32587 0
      vertex 44.1716 -2.82841 0
      vertex 46.0555 -1.4135 0
    endloop
  endfacet
  facet normal 0 0 -1
    outer loop
      vertex 45.6414 1.01129 0
      vertex 45.6667 0.997757 0
      vertex 45.8485 0.848526 0
    endloop
  endfacet
  facet normal 0 0 -1
    outer loop
      vertex 44.1716 -2.82841 0
      vertex 45.6414 -1.01129 0
      vertex 45.7979 -1.20207 0
    endloop
  endfacet
  facet normal 0 0 -1
    outer loop
      vertex 44.1716 -2.82841 0
      vertex 43.6741 -2.22227 0
      vertex 45.6414 -1.01129 0
    endloop
  endfacet
  facet normal 0 0 -1
    outer loop
      vertex 45.6414 -1.01129 0
      vertex 43.6741 -2.22227 0
      vertex 43.3045 -1.53073 0
    endloop
  endfacet
  facet normal -0 0 -1
    outer loop
      vertex 45.6667 -0.997757 0
      vertex 45.6414 -1.01129 0
      vertex 45.8485 -0.848526 0
    endloop
  endfacet
  facet normal 0 0 -1
    outer loop
      vertex 48.5706 0.650558 0
      vertex 50.6955 1.53073 0
      vertex 50.9231 0.78035 0
    endloop
  endfacet
  facet normal 0 -0 -1
    outer loop
      vertex 47 4 0
      vertex 47 1.7 0
      vertex 46.2197 3.92313 0
    endloop
  endfacet
  facet normal 0 0 -1
    outer loop
      vertex 46.2197 3.92313 0
      vertex 46.6684 1.66733 0
      vertex 46.3494 1.57059 0
    endloop
  endfacet
  facet normal 0 0 -1
    outer loop
      vertex 46.0555 1.4135 0
      vertex 44.7777 3.32587 0
      vertex 45.4693 3.69551 0
    endloop
  endfacet
  facet normal 0 -0 -1
    outer loop
      vertex 46.2197 3.92313 0
      vertex 46.3494 1.57059 0
      vertex 45.4693 3.69551 0
    endloop
  endfacet
  facet normal 0 0 -1
    outer loop
      vertex 44.1716 2.82841 0
      vertex 44.7777 3.32587 0
      vertex 46.0555 1.4135 0
    endloop
  endfacet
  facet normal 0 0 -1
    outer loop
      vertex 44.1716 2.82841 0
      vertex 45.7979 1.20207 0
      vertex 45.6414 1.01129 0
    endloop
  endfacet
  facet normal 0 0 -1
    outer loop
      vertex 44.1716 2.82841 0
      vertex 46.0555 1.4135 0
      vertex 45.7979 1.20207 0
    endloop
  endfacet
  facet normal 0 0 -1
    outer loop
      vertex 43.2042 1.2 0
      vertex 45.6414 1.01129 0
      vertex 45.6414 -1.01129 0
    endloop
  endfacet
  facet normal 0 0 -1
    outer loop
      vertex 46.6684 1.66733 0
      vertex 46.2197 3.92313 0
      vertex 47 1.7 0
    endloop
  endfacet
  facet normal 0 -0 -1
    outer loop
      vertex 44.1716 2.82841 0
      vertex 45.6414 1.01129 0
      vertex 43.6741 2.22227 0
    endloop
  endfacet
  facet normal 0 0 -1
    outer loop
      vertex 43.2042 1.2 0
      vertex 43.3045 1.53073 0
      vertex 45.6414 1.01129 0
    endloop
  endfacet
  facet normal 0 0 -1
    outer loop
      vertex 45.6414 1.01129 0
      vertex 43.3045 1.53073 0
      vertex 43.6741 2.22227 0
    endloop
  endfacet
  facet normal 0 0 -1
    outer loop
      vertex 46.0555 1.4135 0
      vertex 45.4693 3.69551 0
      vertex 46.3494 1.57059 0
    endloop
  endfacet
  facet normal 0 0 -1
    outer loop
      vertex 47 4 0
      vertex 47.7803 3.92313 0
      vertex 47 1.7 0
    endloop
  endfacet
  facet normal 0 0 -1
    outer loop
      vertex 47.7803 3.92313 0
      vertex 47.6506 1.57059 0
      vertex 47.3316 1.66733 0
    endloop
  endfacet
  facet normal 0 0 -1
    outer loop
      vertex 48.5307 3.69551 0
      vertex 47.9445 1.4135 0
      vertex 47.6506 1.57059 0
    endloop
  endfacet
  facet normal 0 -0 -1
    outer loop
      vertex 49.2223 3.32587 0
      vertex 49.8284 2.82841 0
      vertex 47.9445 1.4135 0
    endloop
  endfacet
  facet normal 0 0 -1
    outer loop
      vertex 49.8284 2.82841 0
      vertex 48.4135 0.944458 0
      vertex 48.2021 1.20207 0
    endloop
  endfacet
  facet normal 0 0 -1
    outer loop
      vertex 48.5706 0.650558 0
      vertex 48.4135 0.944458 0
      vertex 50.6955 1.53073 0
    endloop
  endfacet
  facet normal 0 0 -1
    outer loop
      vertex 48.6673 0.33165 0
      vertex 50.9231 0.78035 0
      vertex 48.7 0 0
    endloop
  endfacet
  facet normal 0 0 -1
    outer loop
      vertex 48.7 0 0
      vertex 51 0 0
      vertex 50.9231 -0.78035 0
    endloop
  endfacet
  facet normal 0 0 -1
    outer loop
      vertex 48.6673 -0.33165 0
      vertex 48.7 0 0
      vertex 50.9231 -0.78035 0
    endloop
  endfacet
  facet normal 0 0 -1
    outer loop
      vertex 48.5706 -0.650558 0
      vertex 50.9231 -0.78035 0
      vertex 50.6955 -1.53073 0
    endloop
  endfacet
  facet normal 0 0 -1
    outer loop
      vertex 48.4135 -0.944458 0
      vertex 48.5706 -0.650558 0
      vertex 50.6955 -1.53073 0
    endloop
  endfacet
  facet normal 0 0 -1
    outer loop
      vertex 50.3259 -2.22227 0
      vertex 48.4135 -0.944458 0
      vertex 50.6955 -1.53073 0
    endloop
  endfacet
  facet normal 0 0 -1
    outer loop
      vertex 49.8284 -2.82841 0
      vertex 48.2021 -1.20207 0
      vertex 48.4135 -0.944458 0
    endloop
  endfacet
  facet normal 0 0 -1
    outer loop
      vertex 49.8284 -2.82841 0
      vertex 47.9445 -1.4135 0
      vertex 48.2021 -1.20207 0
    endloop
  endfacet
  facet normal -0 0 -1
    outer loop
      vertex 49.2223 -3.32587 0
      vertex 48.5307 -3.69551 0
      vertex 47.9445 -1.4135 0
    endloop
  endfacet
  facet normal -0 0 -1
    outer loop
      vertex 48.5307 -3.69551 0
      vertex 47.7803 -3.92313 0
      vertex 47.6506 -1.57059 0
    endloop
  endfacet
  facet normal 0 -0 -1
    outer loop
      vertex 47.6506 -1.57059 0
      vertex 47.7803 -3.92313 0
      vertex 47.3316 -1.66733 0
    endloop
  endfacet
  facet normal 0 -0 -1
    outer loop
      vertex 47.3316 -1.66733 0
      vertex 47.7803 -3.92313 0
      vertex 47 -1.7 0
    endloop
  endfacet
  facet normal 0 -0 -1
    outer loop
      vertex -2.19308 -6.1985 0
      vertex -1.7558 -8.82706 0
      vertex -3.41934 -8.32243 0
    endloop
  endfacet
  facet normal 0 0 -1
    outer loop
      vertex -16.8 -25.2879 0
      vertex -19.2 -23.9023 0
      vertex -16.8 -12.4708 0
    endloop
  endfacet
  facet normal 0 0 -1
    outer loop
      vertex -16.8 -1.2 0
      vertex -16.8 1.2 0
      vertex -8.88181 -1.2 0
    endloop
  endfacet
  facet normal 0 0 -1
    outer loop
      vertex -16.8 -1.2 0
      vertex -19.2 1.2 0
      vertex -16.8 1.2 0
    endloop
  endfacet
  facet normal 0 0 -1
    outer loop
      vertex -6.4818 -1.2 0
      vertex -8.88181 -1.2 0
      vertex -8.88181 1.2 0
    endloop
  endfacet
  facet normal 0 0 -1
    outer loop
      vertex -8.88181 -1.2 0
      vertex -16.8 1.2 0
      vertex -8.88181 1.2 0
    endloop
  endfacet
  facet normal 0 0 -1
    outer loop
      vertex -8.31491 -3.44414 0
      vertex -6.0976 -2.5257 0
      vertex -7.48322 -5.00012 0
    endloop
  endfacet
  facet normal 0 0 -1
    outer loop
      vertex -7.48322 -5.00012 0
      vertex -4.6669 -4.6669 0
      vertex -6.36395 -6.36395 0
    endloop
  endfacet
  facet normal 0 0 -1
    outer loop
      vertex -6.36395 -6.36395 0
      vertex -4.6669 -4.6669 0
      vertex -4.26872 -4.99367 0
    endloop
  endfacet
  facet normal 0 0 -1
    outer loop
      vertex -5.47911 -7.09012 0
      vertex -6.36395 -6.36395 0
      vertex -4.26872 -4.99367 0
    endloop
  endfacet
  facet normal 0 0 -1
    outer loop
      vertex -6.4818 1.2 0
      vertex -2.07845 -1.2 0
      vertex -6.4818 -1.2 0
    endloop
  endfacet
  facet normal 0 0 -1
    outer loop
      vertex 6.4818 -1.2 0
      vertex 2.07845 -1.2 0
      vertex 2.07845 1.2 0
    endloop
  endfacet
  facet normal 0 0 -1
    outer loop
      vertex 0 -6.59999 0
      vertex 1.7558 -8.82706 0
      vertex 0 -9 0
    endloop
  endfacet
  facet normal 0 0 -1
    outer loop
      vertex 2.07845 -1.2 0
      vertex 0 2.39996 0
      vertex 2.07845 1.2 0
    endloop
  endfacet
  facet normal -0 -0 -1
    outer loop
      vertex 6.4818 1.2 0
      vertex 6.4818 -1.2 0
      vertex 2.07845 1.2 0
    endloop
  endfacet
  facet normal 0 0 -1
    outer loop
      vertex 5.48769 -3.66676 0
      vertex 6.0976 -2.5257 0
      vertex 7.48322 -5.00012 0
    endloop
  endfacet
  facet normal 0 0 -1
    outer loop
      vertex 4.6669 -4.6669 0
      vertex 7.48322 -5.00012 0
      vertex 6.36395 -6.36395 0
    endloop
  endfacet
  facet normal 0 0 -1
    outer loop
      vertex 4.26872 -4.99367 0
      vertex 4.6669 -4.6669 0
      vertex 6.36395 -6.36395 0
    endloop
  endfacet
  facet normal -0 -0 -1
    outer loop
      vertex -30.3 1.2 0
      vertex -30.3 -1.2 0
      vertex -32.7 1.2 0
    endloop
  endfacet
  facet normal -0 -0 -1
    outer loop
      vertex -19.2 -8.31381 0
      vertex -19.2 -11.0851 0
      vertex -30.3 -4.67653 0
    endloop
  endfacet
  facet normal -0 0 -1
    outer loop
      vertex -30.3 -1.90523 0
      vertex -32.7 -2.40446 0
      vertex -32.7 -1.2 0
    endloop
  endfacet
  facet normal 0 0 -1
    outer loop
      vertex -30.3 -4.67653 0
      vertex -30.3 -1.90523 0
      vertex -19.2 -8.31381 0
    endloop
  endfacet
  facet normal -0 0 -1
    outer loop
      vertex -16.8 -1.2 0
      vertex -19.2 -8.31381 0
      vertex -19.2 -1.2 0
    endloop
  endfacet
  facet normal -0 -0 -1
    outer loop
      vertex -19.2 1.2 0
      vertex -19.2 -1.2 0
      vertex -30.3 1.2 0
    endloop
  endfacet
  facet normal 0 0 -1
    outer loop
      vertex 19.2 -11.0851 0
      vertex 19.2 -8.31381 0
      vertex 30.3 -4.67653 0
    endloop
  endfacet
  facet normal 0 0 -1
    outer loop
      vertex 8.88181 1.2 0
      vertex 16.8 1.2 0
      vertex 16.8 -1.2 0
    endloop
  endfacet
  facet normal 0 0 -1
    outer loop
      vertex 2.19308 -6.1985 0
      vertex 1.7558 -8.82706 0
      vertex 1.28758 -6.47318 0
    endloop
  endfacet
  facet normal 0 0 -1
    outer loop
      vertex 19.2 -1.2 0
      vertex 16.8 1.2 0
      vertex 19.2 1.2 0
    endloop
  endfacet
  facet normal -0 -0 -1
    outer loop
      vertex 32.7 -2.40446 0
      vertex 32.7 -2.75218 0
      vertex 30.3 -1.90523 0
    endloop
  endfacet
  facet normal 0 0 -1
    outer loop
      vertex 10.6392 -16.0277 0
      vertex 9.43921 -13.9492 0
      vertex 16.8 -12.4708 0
    endloop
  endfacet
  facet normal 0 0 -1
    outer loop
      vertex 30.3 -1.90523 0
      vertex 32.7 -2.75218 0
      vertex 30.3 -4.67653 0
    endloop
  endfacet
  facet normal -0 0 -1
    outer loop
      vertex 30.3 -4.67653 0
      vertex 19.2 -8.31381 0
      vertex 30.3 -1.90523 0
    endloop
  endfacet
  facet normal -0 0 -1
    outer loop
      vertex 6.36395 -6.36395 0
      vertex 5.47911 -7.09012 0
      vertex 4.26872 -4.99367 0
    endloop
  endfacet
  facet normal 0 0 -1
    outer loop
      vertex 19.2 -8.31381 0
      vertex 16.8 -1.2 0
      vertex 19.2 -1.2 0
    endloop
  endfacet
  facet normal 0 0 -1
    outer loop
      vertex 4.6669 -4.6669 0
      vertex 5.48769 -3.66676 0
      vertex 7.48322 -5.00012 0
    endloop
  endfacet
  facet normal 0 0 -1
    outer loop
      vertex 8.31491 -3.44414 0
      vertex 6.0976 -2.5257 0
      vertex 8.82706 -1.7558 0
    endloop
  endfacet
  facet normal 0 0 -1
    outer loop
      vertex 8.82706 -1.7558 0
      vertex 6.47318 -1.28758 0
      vertex 8.88181 -1.2 0
    endloop
  endfacet
  facet normal -0 0 -1
    outer loop
      vertex 8.88181 -1.2 0
      vertex 6.47318 -1.28758 0
      vertex 6.4818 -1.2 0
    endloop
  endfacet
  facet normal -0 -0 -1
    outer loop
      vertex 8.88181 1.2 0
      vertex 8.88181 -1.2 0
      vertex 6.4818 1.2 0
    endloop
  endfacet
  facet normal 0 0 -1
    outer loop
      vertex 16.8 -1.2 0
      vertex 16.8 1.2 0
      vertex 19.2 -1.2 0
    endloop
  endfacet
  facet normal 0 0 -1
    outer loop
      vertex 19.2 -11.0851 0
      vertex 16.8 -9.69946 0
      vertex 19.2 -8.31381 0
    endloop
  endfacet
  facet normal 0 0 -1
    outer loop
      vertex 16.8 -9.69946 0
      vertex 16.8 -1.2 0
      vertex 19.2 -8.31381 0
    endloop
  endfacet
  facet normal 0 0 -1
    outer loop
      vertex -5.47911 -7.09012 0
      vertex -4.26872 -4.99367 0
      vertex -2.19308 -6.1985 0
    endloop
  endfacet
  facet normal 0 0 -1
    outer loop
      vertex -6.4818 1.2 0
      vertex -2.07845 1.2 0
      vertex -2.07845 -1.2 0
    endloop
  endfacet
  facet normal 0 -0 -1
    outer loop
      vertex -5.48769 -3.66676 0
      vertex -4.6669 -4.6669 0
      vertex -7.48322 -5.00012 0
    endloop
  endfacet
  facet normal 0 -0 -1
    outer loop
      vertex -6.0976 -2.5257 0
      vertex -5.48769 -3.66676 0
      vertex -7.48322 -5.00012 0
    endloop
  endfacet
  facet normal 0 0 -1
    outer loop
      vertex -8.82706 -1.7558 0
      vertex -6.0976 -2.5257 0
      vertex -8.31491 -3.44414 0
    endloop
  endfacet
  facet normal 0 0 -1
    outer loop
      vertex -8.88181 -1.2 0
      vertex -6.47318 -1.28758 0
      vertex -8.82706 -1.7558 0
    endloop
  endfacet
  facet normal 0 0 -1
    outer loop
      vertex -8.88181 -1.2 0
      vertex -6.4818 -1.2 0
      vertex -6.47318 -1.28758 0
    endloop
  endfacet
  facet normal 0 0 -1
    outer loop
      vertex -4.26872 -4.99367 0
      vertex 0 -2.39996 0
      vertex -2.19308 -6.1985 0
    endloop
  endfacet
  facet normal 0 0 -1
    outer loop
      vertex -2.07845 1.2 0
      vertex 0 2.39996 0
      vertex 0 -2.39996 0
    endloop
  endfacet
  facet normal 0 0 -1
    outer loop
      vertex -1.7558 -8.82706 0
      vertex 0 -6.59999 0
      vertex 0 -9 0
    endloop
  endfacet
  facet normal 0 0 -1
    outer loop
      vertex 0 -2.39996 0
      vertex 2.07845 -1.2 0
      vertex 4.26872 -4.99367 0
    endloop
  endfacet
  facet normal 0 0 -1
    outer loop
      vertex -3.41934 -8.32243 0
      vertex -7.36076 -15.1492 0
      vertex -9.43921 -13.9492 0
    endloop
  endfacet
  facet normal 0 0 -1
    outer loop
      vertex -5.47911 -7.09012 0
      vertex -2.19308 -6.1985 0
      vertex -3.41934 -8.32243 0
    endloop
  endfacet
  facet normal 0 -0 -1
    outer loop
      vertex -2.07845 -1.2 0
      vertex 0 -2.39996 0
      vertex -4.26872 -4.99367 0
    endloop
  endfacet
  facet normal 0 0 -1
    outer loop
      vertex 5.47911 -7.09012 0
      vertex 2.19308 -6.1985 0
      vertex 4.26872 -4.99367 0
    endloop
  endfacet
  facet normal 0 0 -1
    outer loop
      vertex 2.19308 -6.1985 0
      vertex 0 -2.39996 0
      vertex 4.26872 -4.99367 0
    endloop
  endfacet
  facet normal 0 0 -1
    outer loop
      vertex 0 -6.59999 0
      vertex 1.28758 -6.47318 0
      vertex 1.7558 -8.82706 0
    endloop
  endfacet
  facet normal 0 0 -1
    outer loop
      vertex 0 -22.1702 0
      vertex 0 -19.3989 0
      vertex 2.40001 -20.7846 0
    endloop
  endfacet
  facet normal 0 0 -1
    outer loop
      vertex -2.19308 -6.1985 0
      vertex -1.28758 -6.47318 0
      vertex -1.7558 -8.82706 0
    endloop
  endfacet
  facet normal 0 -0 -1
    outer loop
      vertex -7.36076 -15.1492 0
      vertex -2.40001 -20.7846 0
      vertex -8.56076 -17.2277 0
    endloop
  endfacet
  facet normal 0 -0 -1
    outer loop
      vertex -5.47911 -7.09012 0
      vertex -3.41934 -8.32243 0
      vertex -9.43921 -13.9492 0
    endloop
  endfacet
  facet normal -0 0 -1
    outer loop
      vertex 0 -6.59999 0
      vertex -1.7558 -8.82706 0
      vertex -1.28758 -6.47318 0
    endloop
  endfacet
  facet normal 0 -0 -1
    outer loop
      vertex 2.19308 -6.1985 0
      vertex 3.41934 -8.32243 0
      vertex 1.7558 -8.82706 0
    endloop
  endfacet
  facet normal 0 0 -1
    outer loop
      vertex 2.19308 -6.1985 0
      vertex 5.47911 -7.09012 0
      vertex 3.41934 -8.32243 0
    endloop
  endfacet
  facet normal 0 0 -1
    outer loop
      vertex 3.41934 -8.32243 0
      vertex 5.47911 -7.09012 0
      vertex 9.43921 -13.9492 0
    endloop
  endfacet
  facet normal 0 0 -1
    outer loop
      vertex 7.36076 -15.1492 0
      vertex 10.6392 -16.0277 0
      vertex 8.56076 -17.2277 0
    endloop
  endfacet
  facet normal 0 0 -1
    outer loop
      vertex 7.36076 -15.1492 0
      vertex 3.41934 -8.32243 0
      vertex 9.43921 -13.9492 0
    endloop
  endfacet
  facet normal 0 0 -1
    outer loop
      vertex 15.3108 -28.919 0
      vertex 13.5 -27.1932 0
      vertex 14.1108 -26.8405 0
    endloop
  endfacet
  facet normal 0 0 -1
    outer loop
      vertex -18.4323 -27.1168 0
      vertex -18.7336 -26.9429 0
      vertex -16.8 -25.2879 0
    endloop
  endfacet
  facet normal -0 0 -1
    outer loop
      vertex -16.8 -25.2879 0
      vertex -18.7336 -26.9429 0
      vertex -19.2 -23.9023 0
    endloop
  endfacet
  facet normal 0 0 -1
    outer loop
      vertex -9.43921 -13.9492 0
      vertex -16.8 -12.4708 0
      vertex -16.8 -9.69946 0
    endloop
  endfacet
  facet normal -0 0 -1
    outer loop
      vertex -16.8 -12.4708 0
      vertex -19.2 -23.9023 0
      vertex -19.2 -11.0851 0
    endloop
  endfacet
  facet normal 0 0 -1
    outer loop
      vertex -16.1892 -25.6405 0
      vertex -8.56076 -17.2277 0
      vertex -14.1108 -26.8405 0
    endloop
  endfacet
  facet normal 0 0 -1
    outer loop
      vertex -10.6392 -16.0277 0
      vertex -16.8 -12.4708 0
      vertex -9.43921 -13.9492 0
    endloop
  endfacet
  facet normal 0 0 -1
    outer loop
      vertex 17.3892 -27.719 0
      vertex 16.8 -25.2879 0
      vertex 18.4323 -27.1168 0
    endloop
  endfacet
  facet normal 0 0 -1
    outer loop
      vertex 7.36076 -15.1492 0
      vertex 9.43921 -13.9492 0
      vertex 10.6392 -16.0277 0
    endloop
  endfacet
  facet normal 0 0 -1
    outer loop
      vertex 16.8 -9.69946 0
      vertex 19.2 -11.0851 0
      vertex 16.8 -12.4708 0
    endloop
  endfacet
  facet normal 0 0 -1
    outer loop
      vertex 16.8 -12.4708 0
      vertex 19.2 -11.0851 0
      vertex 19.2 -23.9023 0
    endloop
  endfacet
  facet normal 0 0 -1
    outer loop
      vertex 16.1892 -25.6405 0
      vertex 16.8 -25.2879 0
      vertex 17.3892 -27.719 0
    endloop
  endfacet
  facet normal 0 0 -1
    outer loop
      vertex 16.8 -25.2879 0
      vertex 19.2 -23.9023 0
      vertex 18.7336 -26.9429 0
    endloop
  endfacet
  facet normal -0 0 -1
    outer loop
      vertex 19.2 -23.9023 0
      vertex 16.8 -25.2879 0
      vertex 16.8 -12.4708 0
    endloop
  endfacet
  facet normal 0 -0 -1
    outer loop
      vertex -16.1892 -25.6405 0
      vertex -14.1108 -26.8405 0
      vertex -17.3892 -27.719 0
    endloop
  endfacet
  facet normal 0 -0 -1
    outer loop
      vertex -14.1108 -26.8405 0
      vertex -13.5 -27.1932 0
      vertex -15.3108 -28.919 0
    endloop
  endfacet
  facet normal 0 -0 -1
    outer loop
      vertex -10.6392 -16.0277 0
      vertex -8.56076 -17.2277 0
      vertex -16.1892 -25.6405 0
    endloop
  endfacet
  facet normal 0 0 -1
    outer loop
      vertex -7.36076 -15.1492 0
      vertex 0 -19.3989 0
      vertex -2.40001 -20.7846 0
    endloop
  endfacet
  facet normal 0 0 -1
    outer loop
      vertex -11.1 -28.5788 0
      vertex -2.40001 -20.7846 0
      vertex 0 -22.1702 0
    endloop
  endfacet
  facet normal 0 0 -1
    outer loop
      vertex -2.40001 -20.7846 0
      vertex 0 -19.3989 0
      vertex 0 -22.1702 0
    endloop
  endfacet
  facet normal 0 0 -1
    outer loop
      vertex -11.1 -28.5788 0
      vertex -13.5 -27.1932 0
      vertex -2.40001 -20.7846 0
    endloop
  endfacet
  facet normal 0 0 -1
    outer loop
      vertex 0 -22.1702 0
      vertex 2.40001 -20.7846 0
      vertex 11.1 -28.5788 0
    endloop
  endfacet
  facet normal 0 0 -1
    outer loop
      vertex 11.1 -28.5788 0
      vertex 2.40001 -20.7846 0
      vertex 13.5 -27.1932 0
    endloop
  endfacet
  facet normal 0 0 -1
    outer loop
      vertex 15.3108 -28.919 0
      vertex 14.1108 -26.8405 0
      vertex 17.3892 -27.719 0
    endloop
  endfacet
  facet normal 0 0 -1
    outer loop
      vertex 14.1108 -26.8405 0
      vertex 8.56076 -17.2277 0
      vertex 16.1892 -25.6405 0
    endloop
  endfacet
  facet normal 0 0 1
    outer loop
      vertex 23.1 -40.0104 2.4
      vertex 22.6566 -40.1609 2.4
      vertex 22.8857 -40.1075 2.4
    endloop
  endfacet
  facet normal 0 -0 1
    outer loop
      vertex 23.2912 -39.8734 2.4
      vertex 23.452 -39.7016 2.4
      vertex 23.1 -40.0104 2.4
    endloop
  endfacet
  facet normal 0 -0 1
    outer loop
      vertex 23.1 -40.0104 2.4
      vertex 23.452 -39.7016 2.4
      vertex 22.6566 -40.1609 2.4
    endloop
  endfacet
  facet normal 0 0 1
    outer loop
      vertex 23.452 -39.7016 2.4
      vertex 22.4215 -40.1685 2.4
      vertex 22.6566 -40.1609 2.4
    endloop
  endfacet
  facet normal 0 0 1
    outer loop
      vertex 23.5762 -39.5019 2.4
      vertex 22.4215 -40.1685 2.4
      vertex 23.452 -39.7016 2.4
    endloop
  endfacet
  facet normal 0 -0 1
    outer loop
      vertex 23.6591 -39.2817 2.4
      vertex 23.6974 -39.0496 2.4
      vertex 23.5762 -39.5019 2.4
    endloop
  endfacet
  facet normal 0 0 1
    outer loop
      vertex 23.6974 -39.0496 2.4
      vertex 23.6897 -38.8145 2.4
      vertex 23.5762 -39.5019 2.4
    endloop
  endfacet
  facet normal 0 0 1
    outer loop
      vertex 23.6897 -38.8145 2.4
      vertex 22.4215 -40.1685 2.4
      vertex 23.5762 -39.5019 2.4
    endloop
  endfacet
  facet normal 0 0 1
    outer loop
      vertex 23.6363 -38.5854 2.4
      vertex 23.5392 -38.3711 2.4
      vertex 23.6897 -38.8145 2.4
    endloop
  endfacet
  facet normal 0 0 1
    outer loop
      vertex 23.5392 -38.3711 2.4
      vertex 21.7695 -39.9231 2.4
      vertex 23.6897 -38.8145 2.4
    endloop
  endfacet
  facet normal -0 0 1
    outer loop
      vertex -14.2472 29.5405 2.4
      vertex -14.2677 29.5212 2.4
      vertex -14.0474 29.6647 2.4
    endloop
  endfacet
  facet normal 0 -0 1
    outer loop
      vertex 28.9506 -20.8105 2.4
      vertex 29.0718 -20.3583 2.4
      vertex 28.8264 -21.0103 2.4
    endloop
  endfacet
  facet normal 0 0 1
    outer loop
      vertex 18.6667 -26.9978 2.4
      vertex 18.4323 -27.1168 2.4
      vertex 18.4592 -27.1086 2.4
    endloop
  endfacet
  facet normal 0 0 1
    outer loop
      vertex 18.7336 -26.9429 2.4
      vertex 18.4323 -27.1168 2.4
      vertex 18.6667 -26.9978 2.4
    endloop
  endfacet
  facet normal 0 -0 1
    outer loop
      vertex 29.0335 -20.5904 2.4
      vertex 29.0718 -20.3583 2.4
      vertex 28.9506 -20.8105 2.4
    endloop
  endfacet
  facet normal 0 -0 1
    outer loop
      vertex 28.6656 -21.182 2.4
      vertex 28.8264 -21.0103 2.4
      vertex 28.4743 -21.319 2.4
    endloop
  endfacet
  facet normal 0 0 1
    outer loop
      vertex 28.6048 -19.3278 2.4
      vertex 29.0641 -20.1232 2.4
      vertex 28.9136 -19.6798 2.4
    endloop
  endfacet
  facet normal 0 0 1
    outer loop
      vertex 28.6048 -19.3278 2.4
      vertex 28.9136 -19.6798 2.4
      vertex 28.7766 -19.4886 2.4
    endloop
  endfacet
  facet normal 0 0 1
    outer loop
      vertex 29.0107 -19.8941 2.4
      vertex 28.9136 -19.6798 2.4
      vertex 29.0641 -20.1232 2.4
    endloop
  endfacet
  facet normal 0 0 1
    outer loop
      vertex 29.0718 -20.3583 2.4
      vertex 29.0641 -20.1232 2.4
      vertex 28.6048 -19.3278 2.4
    endloop
  endfacet
  facet normal 0 0 1
    outer loop
      vertex 29.0718 -20.3583 2.4
      vertex 28.6048 -19.3278 2.4
      vertex 28.8264 -21.0103 2.4
    endloop
  endfacet
  facet normal 0 0 1
    outer loop
      vertex 28.6048 -19.3278 2.4
      vertex 27.9528 -19.0824 2.4
      vertex 28.8264 -21.0103 2.4
    endloop
  endfacet
  facet normal 0 0 1
    outer loop
      vertex 28.4051 -19.2036 2.4
      vertex 27.9528 -19.0824 2.4
      vertex 28.6048 -19.3278 2.4
    endloop
  endfacet
  facet normal 0 0 1
    outer loop
      vertex 28.1849 -19.1207 2.4
      vertex 27.9528 -19.0824 2.4
      vertex 28.4051 -19.2036 2.4
    endloop
  endfacet
  facet normal 0 0 1
    outer loop
      vertex 27.9528 -19.0824 2.4
      vertex 27.2743 -19.2406 2.4
      vertex 28.8264 -21.0103 2.4
    endloop
  endfacet
  facet normal -0 0 1
    outer loop
      vertex 27.7177 -19.0901 2.4
      vertex 27.2743 -19.2406 2.4
      vertex 27.9528 -19.0824 2.4
    endloop
  endfacet
  facet normal -0 0 1
    outer loop
      vertex 27.4886 -19.1435 2.4
      vertex 27.2743 -19.2406 2.4
      vertex 27.7177 -19.0901 2.4
    endloop
  endfacet
  facet normal 0 0 1
    outer loop
      vertex 27.2743 -19.2406 2.4
      vertex 28.4743 -21.319 2.4
      vertex 28.8264 -21.0103 2.4
    endloop
  endfacet
  facet normal 0 0 1
    outer loop
      vertex 19.2 -23.9023 2.4
      vertex 28.4743 -21.319 2.4
      vertex 27.2743 -19.2406 2.4
    endloop
  endfacet
  facet normal 0 0 1
    outer loop
      vertex 18.7336 -26.9429 2.4
      vertex 28.4743 -21.319 2.4
      vertex 19.2 -23.9023 2.4
    endloop
  endfacet
  facet normal -0 0 1
    outer loop
      vertex -15.3108 -28.919 2.4
      vertex -14.2677 -29.5212 2.4
      vertex -13.5 -27.1932 2.4
    endloop
  endfacet
  facet normal 0 0 1
    outer loop
      vertex 18.7336 -26.9429 2.4
      vertex 16.8 -25.2879 2.4
      vertex 18.4323 -27.1168 2.4
    endloop
  endfacet
  facet normal 0 0 1
    outer loop
      vertex -13.5 -27.1932 2.4
      vertex -13.9665 -29.6952 2.4
      vertex -11.1 -28.5788 2.4
    endloop
  endfacet
  facet normal 0 0 1
    outer loop
      vertex 14.2677 29.5212 2.4
      vertex 13.9665 29.6952 2.4
      vertex 13.5 27.1932 2.4
    endloop
  endfacet
  facet normal 0 0 1
    outer loop
      vertex 32.7 -2.40446 2.4
      vertex 32.7141 -2.66693 2.4
      vertex 32.7064 -2.43182 2.4
    endloop
  endfacet
  facet normal -0 -0 1
    outer loop
      vertex 30.323 -14.2341 2.4
      vertex 30.3913 -14.4592 2.4
      vertex 30.3 -14 2.4
    endloop
  endfacet
  facet normal 0 0 1
    outer loop
      vertex 30.3913 -14.4592 2.4
      vertex 30.5022 -14.6667 2.4
      vertex 30.8333 -14.9978 2.4
    endloop
  endfacet
  facet normal 0 0 1
    outer loop
      vertex 30.5022 -14.6667 2.4
      vertex 30.6515 -14.8485 2.4
      vertex 30.8333 -14.9978 2.4
    endloop
  endfacet
  facet normal 0 0 1
    outer loop
      vertex 30.3913 -14.4592 2.4
      vertex 30.8333 -14.9978 2.4
      vertex 31.0408 -15.1086 2.4
    endloop
  endfacet
  facet normal 0 0 1
    outer loop
      vertex 31.9592 -15.1086 2.4
      vertex 31.0408 -15.1086 2.4
      vertex 31.5 -15.2 2.4
    endloop
  endfacet
  facet normal 0 0 1
    outer loop
      vertex 31.0408 -15.1086 2.4
      vertex 31.2659 -15.1769 2.4
      vertex 31.5 -15.2 2.4
    endloop
  endfacet
  facet normal 0 0 1
    outer loop
      vertex 31.9592 -15.1086 2.4
      vertex 31.5 -15.2 2.4
      vertex 31.7341 -15.1769 2.4
    endloop
  endfacet
  facet normal 0 0 1
    outer loop
      vertex 30.3913 -14.4592 2.4
      vertex 31.0408 -15.1086 2.4
      vertex 31.9592 -15.1086 2.4
    endloop
  endfacet
  facet normal 0 0 1
    outer loop
      vertex 32.4978 -14.6667 2.4
      vertex 31.9592 -15.1086 2.4
      vertex 32.1667 -14.9978 2.4
    endloop
  endfacet
  facet normal 0 0 1
    outer loop
      vertex 32.6086 -14.4592 2.4
      vertex 31.9592 -15.1086 2.4
      vertex 32.4978 -14.6667 2.4
    endloop
  endfacet
  facet normal 0 0 1
    outer loop
      vertex 32.1667 -14.9978 2.4
      vertex 32.3485 -14.8485 2.4
      vertex 32.4978 -14.6667 2.4
    endloop
  endfacet
  facet normal -0 0 1
    outer loop
      vertex 30.3913 -14.4592 2.4
      vertex 31.9592 -15.1086 2.4
      vertex 32.6086 -14.4592 2.4
    endloop
  endfacet
  facet normal 0 -0 1
    outer loop
      vertex 30.3913 -14.4592 2.4
      vertex 32.6086 -14.4592 2.4
      vertex 30.3 -14 2.4
    endloop
  endfacet
  facet normal 0 0 1
    outer loop
      vertex 32.6086 -14.4592 2.4
      vertex 32.6769 -14.2341 2.4
      vertex 32.7 -14 2.4
    endloop
  endfacet
  facet normal 0 -0 1
    outer loop
      vertex 32.6086 -14.4592 2.4
      vertex 32.7 -14 2.4
      vertex 30.3 -14 2.4
    endloop
  endfacet
  facet normal 0 0 1
    outer loop
      vertex 32.7 -14 2.4
      vertex 30.3 -4.67653 2.4
      vertex 30.3 -14 2.4
    endloop
  endfacet
  facet normal 0 0 1
    outer loop
      vertex 32.7 -2.75218 2.4
      vertex 30.3 -4.67653 2.4
      vertex 32.7 -14 2.4
    endloop
  endfacet
  facet normal 0 0 1
    outer loop
      vertex 32.7 -2.75218 2.4
      vertex 32.7141 -2.66693 2.4
      vertex 32.7 -2.40446 2.4
    endloop
  endfacet
  facet normal -0 0 1
    outer loop
      vertex 30.3 -1.90523 2.4
      vertex 32.7 -2.40446 2.4
      vertex 32.7 -1.2 2.4
    endloop
  endfacet
  facet normal 0 0 1
    outer loop
      vertex 30.3 -1.90523 2.4
      vertex 32.7 -1.2 2.4
      vertex 30.3 -1.2 2.4
    endloop
  endfacet
  facet normal -0 0 1
    outer loop
      vertex 30.3 1.90523 2.4
      vertex 32.7 1.2 2.4
      vertex 32.7 2.40446 2.4
    endloop
  endfacet
  facet normal 0 0 1
    outer loop
      vertex 30.3 1.90523 2.4
      vertex 32.7 2.40446 2.4
      vertex 32.7 2.75218 2.4
    endloop
  endfacet
  facet normal 0 0 1
    outer loop
      vertex 48.4135 0.944458 2.4
      vertex 50.3259 2.22227 2.4
      vertex 49.8284 2.82841 2.4
    endloop
  endfacet
  facet normal 0 -0 1
    outer loop
      vertex 45.4693 -3.69551 2.4
      vertex 46.0555 -1.4135 2.4
      vertex 44.7777 -3.32587 2.4
    endloop
  endfacet
  facet normal 0 0 1
    outer loop
      vertex 46.3494 -1.57059 2.4
      vertex 46.0555 -1.4135 2.4
      vertex 45.4693 -3.69551 2.4
    endloop
  endfacet
  facet normal 0 0 1
    outer loop
      vertex 46.3494 -1.57059 2.4
      vertex 45.4693 -3.69551 2.4
      vertex 46.2197 -3.92313 2.4
    endloop
  endfacet
  facet normal 0 0 1
    outer loop
      vertex 46.3494 -1.57059 2.4
      vertex 46.2197 -3.92313 2.4
      vertex 46.6684 -1.66733 2.4
    endloop
  endfacet
  facet normal 0 0 1
    outer loop
      vertex 46.2197 -3.92313 2.4
      vertex 47 -1.7 2.4
      vertex 46.6684 -1.66733 2.4
    endloop
  endfacet
  facet normal 0 -0 1
    outer loop
      vertex 47 -4 2.4
      vertex 47 -1.7 2.4
      vertex 46.2197 -3.92313 2.4
    endloop
  endfacet
  facet normal 0 0 1
    outer loop
      vertex 47.7803 -3.92313 2.4
      vertex 47 -1.7 2.4
      vertex 47 -4 2.4
    endloop
  endfacet
  facet normal 0 0 1
    outer loop
      vertex 48.5307 -3.69551 2.4
      vertex 47.9445 -1.4135 2.4
      vertex 47.6506 -1.57059 2.4
    endloop
  endfacet
  facet normal 0 -0 1
    outer loop
      vertex 49.2223 -3.32587 2.4
      vertex 49.8284 -2.82841 2.4
      vertex 47.9445 -1.4135 2.4
    endloop
  endfacet
  facet normal 0 -0 1
    outer loop
      vertex 49.8284 -2.82841 2.4
      vertex 50.3259 -2.22227 2.4
      vertex 48.4135 -0.944458 2.4
    endloop
  endfacet
  facet normal 0 0 1
    outer loop
      vertex 48.6673 -0.33165 2.4
      vertex 48.5706 -0.650558 2.4
      vertex 50.9231 -0.78035 2.4
    endloop
  endfacet
  facet normal 0 0 1
    outer loop
      vertex 45.7979 -1.20207 2.4
      vertex 44.1716 -2.82841 2.4
      vertex 46.0555 -1.4135 2.4
    endloop
  endfacet
  facet normal 0 0 1
    outer loop
      vertex 50.6955 1.53073 2.4
      vertex 50.3259 2.22227 2.4
      vertex 48.4135 0.944458 2.4
    endloop
  endfacet
  facet normal 0 -0 1
    outer loop
      vertex 48.2021 1.20207 2.4
      vertex 49.8284 2.82841 2.4
      vertex 47.9445 1.4135 2.4
    endloop
  endfacet
  facet normal 0 0 1
    outer loop
      vertex 47.9445 1.4135 2.4
      vertex 49.2223 3.32587 2.4
      vertex 48.5307 3.69551 2.4
    endloop
  endfacet
  facet normal 0 0 1
    outer loop
      vertex 47.6506 1.57059 2.4
      vertex 48.5307 3.69551 2.4
      vertex 47.7803 3.92313 2.4
    endloop
  endfacet
  facet normal 0 -0 1
    outer loop
      vertex 47.3316 1.66733 2.4
      vertex 47.7803 3.92313 2.4
      vertex 47 1.7 2.4
    endloop
  endfacet
  facet normal 0 0 1
    outer loop
      vertex 45.6414 -1.01129 2.4
      vertex 46.2 0 2.4
      vertex 45.6414 1.01129 2.4
    endloop
  endfacet
  facet normal 0 0 1
    outer loop
      vertex 45.9978 0.666672 2.4
      vertex 45.8485 0.848526 2.4
      vertex 45.6414 1.01129 2.4
    endloop
  endfacet
  facet normal 0 0 1
    outer loop
      vertex 45.9978 0.666672 2.4
      vertex 45.6414 1.01129 2.4
      vertex 46.1086 0.459213 2.4
    endloop
  endfacet
  facet normal 0 0 1
    outer loop
      vertex 45.6414 1.01129 2.4
      vertex 46.1769 0.2341 2.4
      vertex 46.1086 0.459213 2.4
    endloop
  endfacet
  facet normal 0 0 1
    outer loop
      vertex 46.2 0 2.4
      vertex 46.1769 0.2341 2.4
      vertex 45.6414 1.01129 2.4
    endloop
  endfacet
  facet normal 0 0 1
    outer loop
      vertex 46.2 0 2.4
      vertex 45.6414 -1.01129 2.4
      vertex 46.1769 -0.2341 2.4
    endloop
  endfacet
  facet normal 0 0 1
    outer loop
      vertex 43.2042 1.2 2.4
      vertex 32.7 1.2 2.4
      vertex 43.2042 -1.2 2.4
    endloop
  endfacet
  facet normal 0 0 1
    outer loop
      vertex 32.7 1.2 2.4
      vertex 32.7 -1.2 2.4
      vertex 43.2042 -1.2 2.4
    endloop
  endfacet
  facet normal 0 0 1
    outer loop
      vertex 45.6414 -1.01129 2.4
      vertex 46.1086 -0.459213 2.4
      vertex 46.1769 -0.2341 2.4
    endloop
  endfacet
  facet normal 0 -0 1
    outer loop
      vertex 45.9978 -0.666672 2.4
      vertex 46.1086 -0.459213 2.4
      vertex 45.6414 -1.01129 2.4
    endloop
  endfacet
  facet normal 0 0 1
    outer loop
      vertex 45.9978 -0.666672 2.4
      vertex 45.6414 -1.01129 2.4
      vertex 45.8485 -0.848526 2.4
    endloop
  endfacet
  facet normal 0 0 1
    outer loop
      vertex 43.2042 -1.2 2.4
      vertex 45.6414 -1.01129 2.4
      vertex 43.2042 1.2 2.4
    endloop
  endfacet
  facet normal 0 -0 1
    outer loop
      vertex 43.3045 -1.53073 2.4
      vertex 45.6414 -1.01129 2.4
      vertex 43.2042 -1.2 2.4
    endloop
  endfacet
  facet normal 0 0 1
    outer loop
      vertex 32.7 2.40446 2.4
      vertex 32.7141 2.66693 2.4
      vertex 32.7 2.75218 2.4
    endloop
  endfacet
  facet normal 0 -0 1
    outer loop
      vertex 32.7064 2.43182 2.4
      vertex 32.7141 2.66693 2.4
      vertex 32.7 2.40446 2.4
    endloop
  endfacet
  facet normal 0 0 1
    outer loop
      vertex 30.3 1.90523 2.4
      vertex 32.7 2.75218 2.4
      vertex 30.3 4.67653 2.4
    endloop
  endfacet
  facet normal 0 -0 1
    outer loop
      vertex 32.7 -1.2 2.4
      vertex 32.7 1.2 2.4
      vertex 30.3 1.2 2.4
    endloop
  endfacet
  facet normal 0 0 1
    outer loop
      vertex 31.9592 15.1086 2.4
      vertex 32.6086 14.4592 2.4
      vertex 32.4978 14.6667 2.4
    endloop
  endfacet
  facet normal 0 0 1
    outer loop
      vertex 32.6769 14.2341 2.4
      vertex 32.6086 14.4592 2.4
      vertex 32.7 14 2.4
    endloop
  endfacet
  facet normal 0 0 1
    outer loop
      vertex 31.9592 15.1086 2.4
      vertex 32.4978 14.6667 2.4
      vertex 32.1667 14.9978 2.4
    endloop
  endfacet
  facet normal 0 0 1
    outer loop
      vertex 32.4978 14.6667 2.4
      vertex 32.3485 14.8485 2.4
      vertex 32.1667 14.9978 2.4
    endloop
  endfacet
  facet normal 0 0 1
    outer loop
      vertex 31.5 15.2 2.4
      vertex 31.2659 15.1769 2.4
      vertex 31.0408 15.1086 2.4
    endloop
  endfacet
  facet normal 0 0 1
    outer loop
      vertex 31.5 15.2 2.4
      vertex 31.9592 15.1086 2.4
      vertex 31.7341 15.1769 2.4
    endloop
  endfacet
  facet normal 0 0 1
    outer loop
      vertex 31.5 15.2 2.4
      vertex 31.0408 15.1086 2.4
      vertex 31.9592 15.1086 2.4
    endloop
  endfacet
  facet normal -0 0 1
    outer loop
      vertex 31.0408 15.1086 2.4
      vertex 30.3913 14.4592 2.4
      vertex 31.9592 15.1086 2.4
    endloop
  endfacet
  facet normal 0 0 1
    outer loop
      vertex 30.8333 14.9978 2.4
      vertex 30.5022 14.6667 2.4
      vertex 30.3913 14.4592 2.4
    endloop
  endfacet
  facet normal -0 0 1
    outer loop
      vertex 30.8333 14.9978 2.4
      vertex 30.3913 14.4592 2.4
      vertex 31.0408 15.1086 2.4
    endloop
  endfacet
  facet normal 0 0 1
    outer loop
      vertex 30.5022 14.6667 2.4
      vertex 30.8333 14.9978 2.4
      vertex 30.6515 14.8485 2.4
    endloop
  endfacet
  facet normal 0 0 1
    outer loop
      vertex 30.3913 14.4592 2.4
      vertex 32.6086 14.4592 2.4
      vertex 31.9592 15.1086 2.4
    endloop
  endfacet
  facet normal 0 0 1
    outer loop
      vertex 30.3 14 2.4
      vertex 32.6086 14.4592 2.4
      vertex 30.3913 14.4592 2.4
    endloop
  endfacet
  facet normal 0 0 1
    outer loop
      vertex 30.3 14 2.4
      vertex 30.3913 14.4592 2.4
      vertex 30.323 14.2341 2.4
    endloop
  endfacet
  facet normal 0 -0 1
    outer loop
      vertex 19.2 8.31381 2.4
      vertex 19.2 11.0851 2.4
      vertex 16.8 9.69946 2.4
    endloop
  endfacet
  facet normal 0 0 1
    outer loop
      vertex 8.88181 -1.2 2.4
      vertex 16.8 -1.2 2.4
      vertex 8.88181 1.2 2.4
    endloop
  endfacet
  facet normal 0 0 1
    outer loop
      vertex 32.7 14 2.4
      vertex 32.6086 14.4592 2.4
      vertex 30.3 14 2.4
    endloop
  endfacet
  facet normal 0 0 1
    outer loop
      vertex 32.7 14 2.4
      vertex 30.3 14 2.4
      vertex 30.3 4.67653 2.4
    endloop
  endfacet
  facet normal 0 0 1
    outer loop
      vertex 32.7 14 2.4
      vertex 30.3 4.67653 2.4
      vertex 32.7 2.75218 2.4
    endloop
  endfacet
  facet normal 0 0 1
    outer loop
      vertex 18.4592 27.1086 2.4
      vertex 18.4323 27.1168 2.4
      vertex 18.6667 26.9978 2.4
    endloop
  endfacet
  facet normal 0 0 1
    outer loop
      vertex 18.4323 27.1168 2.4
      vertex 18.7336 26.9429 2.4
      vertex 18.6667 26.9978 2.4
    endloop
  endfacet
  facet normal -0 -0 1
    outer loop
      vertex 27.4886 19.1435 2.4
      vertex 27.7177 19.0901 2.4
      vertex 27.2743 19.2406 2.4
    endloop
  endfacet
  facet normal -0 -0 1
    outer loop
      vertex 27.7177 19.0901 2.4
      vertex 27.9528 19.0824 2.4
      vertex 27.2743 19.2406 2.4
    endloop
  endfacet
  facet normal 0 0 1
    outer loop
      vertex 27.9528 19.0824 2.4
      vertex 28.1849 19.1207 2.4
      vertex 28.4051 19.2036 2.4
    endloop
  endfacet
  facet normal 0 0 1
    outer loop
      vertex 27.9528 19.0824 2.4
      vertex 28.4051 19.2036 2.4
      vertex 28.6048 19.3278 2.4
    endloop
  endfacet
  facet normal 0 0 1
    outer loop
      vertex 28.9506 20.8105 2.4
      vertex 28.8264 21.0103 2.4
      vertex 29.0718 20.3583 2.4
    endloop
  endfacet
  facet normal 0 0 1
    outer loop
      vertex 28.6048 19.3278 2.4
      vertex 28.7766 19.4886 2.4
      vertex 28.9136 19.6798 2.4
    endloop
  endfacet
  facet normal 0 0 1
    outer loop
      vertex 29.0641 20.1232 2.4
      vertex 28.9136 19.6798 2.4
      vertex 29.0107 19.8941 2.4
    endloop
  endfacet
  facet normal 0 0 1
    outer loop
      vertex 28.6048 19.3278 2.4
      vertex 28.9136 19.6798 2.4
      vertex 29.0641 20.1232 2.4
    endloop
  endfacet
  facet normal 0 0 1
    outer loop
      vertex 28.6048 19.3278 2.4
      vertex 29.0641 20.1232 2.4
      vertex 29.0718 20.3583 2.4
    endloop
  endfacet
  facet normal 0 0 1
    outer loop
      vertex 28.8264 21.0103 2.4
      vertex 28.6048 19.3278 2.4
      vertex 29.0718 20.3583 2.4
    endloop
  endfacet
  facet normal 0 0 1
    outer loop
      vertex 29.0718 20.3583 2.4
      vertex 29.0335 20.5904 2.4
      vertex 28.9506 20.8105 2.4
    endloop
  endfacet
  facet normal 0 0 1
    outer loop
      vertex 27.9528 19.0824 2.4
      vertex 28.6048 19.3278 2.4
      vertex 28.8264 21.0103 2.4
    endloop
  endfacet
  facet normal 0 -0 1
    outer loop
      vertex 27.9528 19.0824 2.4
      vertex 28.8264 21.0103 2.4
      vertex 27.2743 19.2406 2.4
    endloop
  endfacet
  facet normal 0 0 1
    outer loop
      vertex 28.8264 21.0103 2.4
      vertex 28.6656 21.182 2.4
      vertex 28.4743 21.319 2.4
    endloop
  endfacet
  facet normal 0 0 1
    outer loop
      vertex 28.8264 21.0103 2.4
      vertex 28.4743 21.319 2.4
      vertex 27.2743 19.2406 2.4
    endloop
  endfacet
  facet normal 0 0 1
    outer loop
      vertex 28.4743 21.319 2.4
      vertex 19.2 23.9023 2.4
      vertex 27.2743 19.2406 2.4
    endloop
  endfacet
  facet normal 0 0 1
    outer loop
      vertex 18.7336 26.9429 2.4
      vertex 19.2 23.9023 2.4
      vertex 28.4743 21.319 2.4
    endloop
  endfacet
  facet normal 0 0 1
    outer loop
      vertex 17.3892 27.719 2.4
      vertex 16.8 25.2879 2.4
      vertex 18.4323 27.1168 2.4
    endloop
  endfacet
  facet normal -0 0 1
    outer loop
      vertex 16.1892 25.6405 2.4
      vertex 16.8 25.2879 2.4
      vertex 17.3892 27.719 2.4
    endloop
  endfacet
  facet normal 0 0 1
    outer loop
      vertex 14.2677 29.5212 2.4
      vertex 13.5 27.1932 2.4
      vertex 15.3108 28.919 2.4
    endloop
  endfacet
  facet normal 0 0 1
    outer loop
      vertex 14.0474 29.6647 2.4
      vertex 13.9665 29.6952 2.4
      vertex 14.2677 29.5212 2.4
    endloop
  endfacet
  facet normal 0 0 1
    outer loop
      vertex 14.0474 29.6647 2.4
      vertex 14.2677 29.5212 2.4
      vertex 14.2472 29.5405 2.4
    endloop
  endfacet
  facet normal 0 -0 1
    outer loop
      vertex 23.6363 38.5854 2.4
      vertex 23.6897 38.8145 2.4
      vertex 23.5392 38.3711 2.4
    endloop
  endfacet
  facet normal 0 0 1
    outer loop
      vertex 23.5762 39.5019 2.4
      vertex 23.6974 39.0496 2.4
      vertex 23.6591 39.2817 2.4
    endloop
  endfacet
  facet normal 0 -0 1
    outer loop
      vertex 23.6897 38.8145 2.4
      vertex 23.6974 39.0496 2.4
      vertex 23.5762 39.5019 2.4
    endloop
  endfacet
  facet normal 0 0 1
    outer loop
      vertex 23.1 40.0104 2.4
      vertex 22.6566 40.1609 2.4
      vertex 23.452 39.7016 2.4
    endloop
  endfacet
  facet normal 0 0 1
    outer loop
      vertex 22.6566 40.1609 2.4
      vertex 22.4215 40.1685 2.4
      vertex 23.452 39.7016 2.4
    endloop
  endfacet
  facet normal 0 0 1
    outer loop
      vertex 23.452 39.7016 2.4
      vertex 23.2912 39.8734 2.4
      vertex 23.1 40.0104 2.4
    endloop
  endfacet
  facet normal 0 0 1
    outer loop
      vertex 22.4215 40.1685 2.4
      vertex 23.5762 39.5019 2.4
      vertex 23.452 39.7016 2.4
    endloop
  endfacet
  facet normal 0 0 1
    outer loop
      vertex 23.1 40.0104 2.4
      vertex 22.8857 40.1075 2.4
      vertex 22.6566 40.1609 2.4
    endloop
  endfacet
  facet normal 0 0 1
    outer loop
      vertex 23.6897 38.8145 2.4
      vertex 23.5762 39.5019 2.4
      vertex 22.4215 40.1685 2.4
    endloop
  endfacet
  facet normal 0 0 1
    outer loop
      vertex 23.6897 38.8145 2.4
      vertex 22.4215 40.1685 2.4
      vertex 21.7695 39.9231 2.4
    endloop
  endfacet
  facet normal 0 0 1
    outer loop
      vertex 22.4215 40.1685 2.4
      vertex 22.1894 40.1302 2.4
      vertex 21.9692 40.0474 2.4
    endloop
  endfacet
  facet normal 0 0 1
    outer loop
      vertex 22.4215 40.1685 2.4
      vertex 21.9692 40.0474 2.4
      vertex 21.7695 39.9231 2.4
    endloop
  endfacet
  facet normal 0 0 1
    outer loop
      vertex 23.6897 38.8145 2.4
      vertex 21.7695 39.9231 2.4
      vertex 23.5392 38.3711 2.4
    endloop
  endfacet
  facet normal 0 0 1
    outer loop
      vertex 21.7695 39.9231 2.4
      vertex 21.5978 39.7623 2.4
      vertex 21.4608 39.5711 2.4
    endloop
  endfacet
  facet normal 0 0 1
    outer loop
      vertex 21.7695 39.9231 2.4
      vertex 21.4608 39.5711 2.4
      vertex 23.5392 38.3711 2.4
    endloop
  endfacet
  facet normal 0 0 1
    outer loop
      vertex 21.4608 39.5711 2.4
      vertex 15.3108 28.919 2.4
      vertex 23.5392 38.3711 2.4
    endloop
  endfacet
  facet normal -0 0 1
    outer loop
      vertex 15.3108 28.919 2.4
      vertex 17.3892 27.719 2.4
      vertex 23.5392 38.3711 2.4
    endloop
  endfacet
  facet normal 0 0 1
    outer loop
      vertex 13.9665 29.6952 2.4
      vertex 11.1 28.5788 2.4
      vertex 13.5 27.1932 2.4
    endloop
  endfacet
  facet normal -0 0 1
    outer loop
      vertex 14.1108 26.8405 2.4
      vertex 16.1892 25.6405 2.4
      vertex 17.3892 27.719 2.4
    endloop
  endfacet
  facet normal 0 0 1
    outer loop
      vertex 2.43591 34.4364 2.4
      vertex 3.09489 35.356 2.4
      vertex 2.89513 35.2318 2.4
    endloop
  endfacet
  facet normal 0 0 1
    outer loop
      vertex 3.78227 35.4695 2.4
      vertex 4.22563 35.319 2.4
      vertex 4.01137 35.4161 2.4
    endloop
  endfacet
  facet normal 0 0 1
    outer loop
      vertex 3.54716 35.4772 2.4
      vertex 3.31505 35.4389 2.4
      vertex 3.09489 35.356 2.4
    endloop
  endfacet
  facet normal 0 0 1
    outer loop
      vertex 3.54716 35.4772 2.4
      vertex 3.09489 35.356 2.4
      vertex 3.78227 35.4695 2.4
    endloop
  endfacet
  facet normal -0 0 1
    outer loop
      vertex 2.48932 34.6655 2.4
      vertex 2.43591 34.4364 2.4
      vertex 2.5864 34.8798 2.4
    endloop
  endfacet
  facet normal 0 0 1
    outer loop
      vertex 2.89513 35.2318 2.4
      vertex 2.72342 35.071 2.4
      vertex 2.5864 34.8798 2.4
    endloop
  endfacet
  facet normal 0 0 1
    outer loop
      vertex 2.43591 34.4364 2.4
      vertex 2.89513 35.2318 2.4
      vertex 2.5864 34.8798 2.4
    endloop
  endfacet
  facet normal 0 0 1
    outer loop
      vertex 3.78227 35.4695 2.4
      vertex 3.09489 35.356 2.4
      vertex 2.43591 34.4364 2.4
    endloop
  endfacet
  facet normal 0 0 1
    outer loop
      vertex 3.78227 35.4695 2.4
      vertex 2.43591 34.4364 2.4
      vertex 4.22563 35.319 2.4
    endloop
  endfacet
  facet normal 0 0 1
    outer loop
      vertex 2.54939 33.749 2.4
      vertex 2.42821 34.2013 2.4
      vertex 2.46652 33.9692 2.4
    endloop
  endfacet
  facet normal 0 0 1
    outer loop
      vertex 2.43591 34.4364 2.4
      vertex 2.42821 34.2013 2.4
      vertex 2.54939 33.749 2.4
    endloop
  endfacet
  facet normal 0 0 1
    outer loop
      vertex 3.02563 33.2406 2.4
      vertex 2.54939 33.749 2.4
      vertex 2.67361 33.5493 2.4
    endloop
  endfacet
  facet normal 0 0 1
    outer loop
      vertex 2.43591 34.4364 2.4
      vertex 2.54939 33.749 2.4
      vertex 3.02563 33.2406 2.4
    endloop
  endfacet
  facet normal -0 0 1
    outer loop
      vertex 9.43921 13.9492 2.4
      vertex 16.8 12.4708 2.4
      vertex 10.6392 16.0277 2.4
    endloop
  endfacet
  facet normal -0 0 1
    outer loop
      vertex -18.6667 26.9978 2.4
      vertex -18.7336 26.9429 2.4
      vertex -18.4323 27.1168 2.4
    endloop
  endfacet
  facet normal 0 0 1
    outer loop
      vertex 2.67361 33.5493 2.4
      vertex 2.83443 33.3776 2.4
      vertex 3.02563 33.2406 2.4
    endloop
  endfacet
  facet normal -0 0 1
    outer loop
      vertex 8.56076 17.2277 2.4
      vertex 10.6392 16.0277 2.4
      vertex 16.1892 25.6405 2.4
    endloop
  endfacet
  facet normal -0 0 1
    outer loop
      vertex 2.43591 34.4364 2.4
      vertex 3.02563 33.2406 2.4
      vertex 4.22563 35.319 2.4
    endloop
  endfacet
  facet normal -0 0 1
    outer loop
      vertex 3.02563 33.2406 2.4
      vertex 11.1 28.5788 2.4
      vertex 4.22563 35.319 2.4
    endloop
  endfacet
  facet normal 0 -0 1
    outer loop
      vertex 11.1 28.5788 2.4
      vertex 13.9665 29.6952 2.4
      vertex 4.22563 35.319 2.4
    endloop
  endfacet
  facet normal 0 0 1
    outer loop
      vertex 15.3108 28.919 2.4
      vertex 14.1108 26.8405 2.4
      vertex 17.3892 27.719 2.4
    endloop
  endfacet
  facet normal 0 0 1
    outer loop
      vertex -14.2677 29.5212 2.4
      vertex -13.9665 29.6952 2.4
      vertex -14.0474 29.6647 2.4
    endloop
  endfacet
  facet normal 0 0 1
    outer loop
      vertex -14.2677 29.5212 2.4
      vertex -15.3108 28.919 2.4
      vertex -13.5 27.1932 2.4
    endloop
  endfacet
  facet normal 0 -0 1
    outer loop
      vertex -2.83443 33.3776 2.4
      vertex -2.67361 33.5493 2.4
      vertex -3.02563 33.2406 2.4
    endloop
  endfacet
  facet normal 0 -0 1
    outer loop
      vertex -2.67361 33.5493 2.4
      vertex -2.54939 33.749 2.4
      vertex -3.02563 33.2406 2.4
    endloop
  endfacet
  facet normal 0 0 1
    outer loop
      vertex -2.54939 33.749 2.4
      vertex -2.46652 33.9692 2.4
      vertex -2.42821 34.2013 2.4
    endloop
  endfacet
  facet normal 0 0 1
    outer loop
      vertex -2.54939 33.749 2.4
      vertex -2.42821 34.2013 2.4
      vertex -2.43591 34.4364 2.4
    endloop
  endfacet
  facet normal 0 -0 1
    outer loop
      vertex -2.54939 33.749 2.4
      vertex -2.43591 34.4364 2.4
      vertex -3.02563 33.2406 2.4
    endloop
  endfacet
  facet normal 0 0 1
    outer loop
      vertex -2.43591 34.4364 2.4
      vertex -2.48932 34.6655 2.4
      vertex -2.5864 34.8798 2.4
    endloop
  endfacet
  facet normal 0 0 1
    outer loop
      vertex -2.89513 35.2318 2.4
      vertex -2.5864 34.8798 2.4
      vertex -2.72342 35.071 2.4
    endloop
  endfacet
  facet normal 0 0 1
    outer loop
      vertex -2.43591 34.4364 2.4
      vertex -2.5864 34.8798 2.4
      vertex -2.89513 35.2318 2.4
    endloop
  endfacet
  facet normal 0 0 1
    outer loop
      vertex -2.43591 34.4364 2.4
      vertex -2.89513 35.2318 2.4
      vertex -3.09489 35.356 2.4
    endloop
  endfacet
  facet normal -0 0 1
    outer loop
      vertex -3.78227 35.4695 2.4
      vertex -3.09489 35.356 2.4
      vertex -3.54716 35.4772 2.4
    endloop
  endfacet
  facet normal 0 0 1
    outer loop
      vertex -3.09489 35.356 2.4
      vertex -3.31505 35.4389 2.4
      vertex -3.54716 35.4772 2.4
    endloop
  endfacet
  facet normal 0 0 1
    outer loop
      vertex -2.43591 34.4364 2.4
      vertex -3.09489 35.356 2.4
      vertex -3.78227 35.4695 2.4
    endloop
  endfacet
  facet normal 0 0 1
    outer loop
      vertex -2.43591 34.4364 2.4
      vertex -3.78227 35.4695 2.4
      vertex -4.22563 35.319 2.4
    endloop
  endfacet
  facet normal 0 0 1
    outer loop
      vertex -3.78227 35.4695 2.4
      vertex -4.01137 35.4161 2.4
      vertex -4.22563 35.319 2.4
    endloop
  endfacet
  facet normal 0 0 1
    outer loop
      vertex -2.43591 34.4364 2.4
      vertex -4.22563 35.319 2.4
      vertex -3.02563 33.2406 2.4
    endloop
  endfacet
  facet normal 0 0 1
    outer loop
      vertex -4.22563 35.319 2.4
      vertex -11.1 28.5788 2.4
      vertex -3.02563 33.2406 2.4
    endloop
  endfacet
  facet normal -0 0 1
    outer loop
      vertex -13.9665 29.6952 2.4
      vertex -11.1 28.5788 2.4
      vertex -4.22563 35.319 2.4
    endloop
  endfacet
  facet normal 0 0 1
    outer loop
      vertex -15.3108 28.919 2.4
      vertex -14.1108 26.8405 2.4
      vertex -13.5 27.1932 2.4
    endloop
  endfacet
  facet normal -0 0 1
    outer loop
      vertex -17.3892 27.719 2.4
      vertex -14.1108 26.8405 2.4
      vertex -15.3108 28.919 2.4
    endloop
  endfacet
  facet normal 0 0 1
    outer loop
      vertex -18.4323 27.1168 2.4
      vertex -18.7336 26.9429 2.4
      vertex -16.8 25.2879 2.4
    endloop
  endfacet
  facet normal 0 0 1
    outer loop
      vertex -22.4215 40.1685 2.4
      vertex -23.6897 38.8145 2.4
      vertex -21.7695 39.9231 2.4
    endloop
  endfacet
  facet normal 0 0 1
    outer loop
      vertex -21.4608 39.5711 2.4
      vertex -21.5978 39.7623 2.4
      vertex -21.7695 39.9231 2.4
    endloop
  endfacet
  facet normal 0 0 1
    outer loop
      vertex -22.4215 40.1685 2.4
      vertex -21.7695 39.9231 2.4
      vertex -21.9692 40.0474 2.4
    endloop
  endfacet
  facet normal 0 0 1
    outer loop
      vertex -22.4215 40.1685 2.4
      vertex -21.9692 40.0474 2.4
      vertex -22.1894 40.1302 2.4
    endloop
  endfacet
  facet normal -0 0 1
    outer loop
      vertex -22.6566 40.1609 2.4
      vertex -23.452 39.7016 2.4
      vertex -22.4215 40.1685 2.4
    endloop
  endfacet
  facet normal -0 0 1
    outer loop
      vertex -23.1 40.0104 2.4
      vertex -23.452 39.7016 2.4
      vertex -22.6566 40.1609 2.4
    endloop
  endfacet
  facet normal 0 0 1
    outer loop
      vertex -23.1 40.0104 2.4
      vertex -22.6566 40.1609 2.4
      vertex -22.8857 40.1075 2.4
    endloop
  endfacet
  facet normal -0 0 1
    outer loop
      vertex -23.2912 39.8734 2.4
      vertex -23.452 39.7016 2.4
      vertex -23.1 40.0104 2.4
    endloop
  endfacet
  facet normal -0 0 1
    outer loop
      vertex -23.452 39.7016 2.4
      vertex -23.5762 39.5019 2.4
      vertex -22.4215 40.1685 2.4
    endloop
  endfacet
  facet normal 0 0 1
    outer loop
      vertex -23.5762 39.5019 2.4
      vertex -23.6974 39.0496 2.4
      vertex -23.6897 38.8145 2.4
    endloop
  endfacet
  facet normal -0 0 1
    outer loop
      vertex -23.5762 39.5019 2.4
      vertex -23.6897 38.8145 2.4
      vertex -22.4215 40.1685 2.4
    endloop
  endfacet
  facet normal 0 0 1
    outer loop
      vertex -23.6974 39.0496 2.4
      vertex -23.5762 39.5019 2.4
      vertex -23.6591 39.2817 2.4
    endloop
  endfacet
  facet normal -0 0 1
    outer loop
      vertex -23.6897 38.8145 2.4
      vertex -23.5392 38.3711 2.4
      vertex -21.7695 39.9231 2.4
    endloop
  endfacet
  facet normal -0 -0 1
    outer loop
      vertex -23.6363 38.5854 2.4
      vertex -23.5392 38.3711 2.4
      vertex -23.6897 38.8145 2.4
    endloop
  endfacet
  facet normal 0 0 1
    outer loop
      vertex -23.5392 38.3711 2.4
      vertex -21.4608 39.5711 2.4
      vertex -21.7695 39.9231 2.4
    endloop
  endfacet
  facet normal 0 0 1
    outer loop
      vertex -15.3108 28.919 2.4
      vertex -21.4608 39.5711 2.4
      vertex -23.5392 38.3711 2.4
    endloop
  endfacet
  facet normal 0 0 1
    outer loop
      vertex -15.3108 28.919 2.4
      vertex -23.5392 38.3711 2.4
      vertex -17.3892 27.719 2.4
    endloop
  endfacet
  facet normal -0 0 1
    outer loop
      vertex -18.4592 27.1086 2.4
      vertex -18.6667 26.9978 2.4
      vertex -18.4323 27.1168 2.4
    endloop
  endfacet
  facet normal 0 0 1
    outer loop
      vertex -16.8 25.2879 2.4
      vertex -18.7336 26.9429 2.4
      vertex -19.2 23.9023 2.4
    endloop
  endfacet
  facet normal 0 0 1
    outer loop
      vertex -29.0641 20.1232 2.4
      vertex -28.9136 19.6798 2.4
      vertex -28.6048 19.3278 2.4
    endloop
  endfacet
  facet normal -0 0 1
    outer loop
      vertex -28.6656 21.182 2.4
      vertex -28.8264 21.0103 2.4
      vertex -28.4743 21.319 2.4
    endloop
  endfacet
  facet normal 0 0 1
    outer loop
      vertex -28.8264 21.0103 2.4
      vertex -28.9506 20.8105 2.4
      vertex -29.0718 20.3583 2.4
    endloop
  endfacet
  facet normal 0 0 1
    outer loop
      vertex -28.9506 20.8105 2.4
      vertex -29.0335 20.5904 2.4
      vertex -29.0718 20.3583 2.4
    endloop
  endfacet
  facet normal 0 0 1
    outer loop
      vertex -28.9136 19.6798 2.4
      vertex -28.7766 19.4886 2.4
      vertex -28.6048 19.3278 2.4
    endloop
  endfacet
  facet normal 0 0 1
    outer loop
      vertex -28.9136 19.6798 2.4
      vertex -29.0641 20.1232 2.4
      vertex -29.0107 19.8941 2.4
    endloop
  endfacet
  facet normal -0 -0 1
    outer loop
      vertex -29.0641 20.1232 2.4
      vertex -28.6048 19.3278 2.4
      vertex -29.0718 20.3583 2.4
    endloop
  endfacet
  facet normal 0 0 1
    outer loop
      vertex -28.6048 19.3278 2.4
      vertex -28.8264 21.0103 2.4
      vertex -29.0718 20.3583 2.4
    endloop
  endfacet
  facet normal 0 0 1
    outer loop
      vertex -27.9528 19.0824 2.4
      vertex -28.8264 21.0103 2.4
      vertex -28.6048 19.3278 2.4
    endloop
  endfacet
  facet normal 0 0 1
    outer loop
      vertex -27.9528 19.0824 2.4
      vertex -28.6048 19.3278 2.4
      vertex -28.4051 19.2036 2.4
    endloop
  endfacet
  facet normal 0 0 1
    outer loop
      vertex -27.9528 19.0824 2.4
      vertex -28.4051 19.2036 2.4
      vertex -28.1849 19.1207 2.4
    endloop
  endfacet
  facet normal -0 0 1
    outer loop
      vertex -32.7 -1.2 2.4
      vertex -30.3 -1.90523 2.4
      vertex -30.3 -1.2 2.4
    endloop
  endfacet
  facet normal -0 -0 1
    outer loop
      vertex -32.7064 2.43182 2.4
      vertex -32.7 2.40446 2.4
      vertex -32.7141 2.66693 2.4
    endloop
  endfacet
  facet normal 0 0 1
    outer loop
      vertex -27.2743 19.2406 2.4
      vertex -28.8264 21.0103 2.4
      vertex -27.9528 19.0824 2.4
    endloop
  endfacet
  facet normal 0 0 1
    outer loop
      vertex -27.2743 19.2406 2.4
      vertex -27.9528 19.0824 2.4
      vertex -27.7177 19.0901 2.4
    endloop
  endfacet
  facet normal 0 0 1
    outer loop
      vertex -27.2743 19.2406 2.4
      vertex -27.7177 19.0901 2.4
      vertex -27.4886 19.1435 2.4
    endloop
  endfacet
  facet normal 0 0 1
    outer loop
      vertex -19.2 11.0851 2.4
      vertex -16.8 12.4708 2.4
      vertex -19.2 23.9023 2.4
    endloop
  endfacet
  facet normal 0 -0 1
    outer loop
      vertex -2.40001 20.7846 2.4
      vertex 0 22.1702 2.4
      vertex -11.1 28.5788 2.4
    endloop
  endfacet
  facet normal 0 0 1
    outer loop
      vertex -28.4743 21.319 2.4
      vertex -28.8264 21.0103 2.4
      vertex -27.2743 19.2406 2.4
    endloop
  endfacet
  facet normal -0 0 1
    outer loop
      vertex -28.4743 21.319 2.4
      vertex -27.2743 19.2406 2.4
      vertex -19.2 23.9023 2.4
    endloop
  endfacet
  facet normal 0 0 1
    outer loop
      vertex -28.4743 21.319 2.4
      vertex -19.2 23.9023 2.4
      vertex -18.7336 26.9429 2.4
    endloop
  endfacet
  facet normal 0 0 1
    outer loop
      vertex -32.7 -2.40446 2.4
      vertex -32.7141 -2.66693 2.4
      vertex -32.7 -2.75218 2.4
    endloop
  endfacet
  facet normal 0 0 1
    outer loop
      vertex -16.8 9.69946 2.4
      vertex -9.43921 13.9492 2.4
      vertex -16.8 12.4708 2.4
    endloop
  endfacet
  facet normal 0 -0 1
    outer loop
      vertex -32.7 2.40446 2.4
      vertex -32.7 2.75218 2.4
      vertex -32.7141 2.66693 2.4
    endloop
  endfacet
  facet normal 0 0 1
    outer loop
      vertex -30.323 14.2341 2.4
      vertex -30.3913 14.4592 2.4
      vertex -30.3 14 2.4
    endloop
  endfacet
  facet normal 0 0 1
    outer loop
      vertex -31.0408 15.1086 2.4
      vertex -30.5022 14.6667 2.4
      vertex -30.8333 14.9978 2.4
    endloop
  endfacet
  facet normal 0 0 1
    outer loop
      vertex -30.5022 14.6667 2.4
      vertex -30.6515 14.8485 2.4
      vertex -30.8333 14.9978 2.4
    endloop
  endfacet
  facet normal 0 0 1
    outer loop
      vertex -30.3913 14.4592 2.4
      vertex -30.5022 14.6667 2.4
      vertex -31.0408 15.1086 2.4
    endloop
  endfacet
  facet normal -0 0 1
    outer loop
      vertex -31.7341 15.1769 2.4
      vertex -31.9592 15.1086 2.4
      vertex -31.5 15.2 2.4
    endloop
  endfacet
  facet normal 0 0 1
    outer loop
      vertex -31.0408 15.1086 2.4
      vertex -31.2659 15.1769 2.4
      vertex -31.5 15.2 2.4
    endloop
  endfacet
  facet normal 0 0 1
    outer loop
      vertex -31.9592 15.1086 2.4
      vertex -31.0408 15.1086 2.4
      vertex -31.5 15.2 2.4
    endloop
  endfacet
  facet normal 0 0 1
    outer loop
      vertex -32.6086 14.4592 2.4
      vertex -31.0408 15.1086 2.4
      vertex -31.9592 15.1086 2.4
    endloop
  endfacet
  facet normal -0 0 1
    outer loop
      vertex -32.4978 14.6667 2.4
      vertex -32.6086 14.4592 2.4
      vertex -32.1667 14.9978 2.4
    endloop
  endfacet
  facet normal 0 0 1
    outer loop
      vertex -32.6086 14.4592 2.4
      vertex -31.9592 15.1086 2.4
      vertex -32.1667 14.9978 2.4
    endloop
  endfacet
  facet normal 0 0 1
    outer loop
      vertex -32.1667 14.9978 2.4
      vertex -32.3485 14.8485 2.4
      vertex -32.4978 14.6667 2.4
    endloop
  endfacet
  facet normal 0 0 1
    outer loop
      vertex -30.3913 14.4592 2.4
      vertex -31.0408 15.1086 2.4
      vertex -32.6086 14.4592 2.4
    endloop
  endfacet
  facet normal 0 0 1
    outer loop
      vertex -30.3913 14.4592 2.4
      vertex -32.6086 14.4592 2.4
      vertex -32.7 14 2.4
    endloop
  endfacet
  facet normal 0 0 1
    outer loop
      vertex -32.6086 14.4592 2.4
      vertex -32.6769 14.2341 2.4
      vertex -32.7 14 2.4
    endloop
  endfacet
  facet normal 0 0 1
    outer loop
      vertex -30.3913 14.4592 2.4
      vertex -32.7 14 2.4
      vertex -30.3 14 2.4
    endloop
  endfacet
  facet normal -0 0 1
    outer loop
      vertex -32.7 14 2.4
      vertex -30.3 4.67653 2.4
      vertex -30.3 14 2.4
    endloop
  endfacet
  facet normal 0 0 1
    outer loop
      vertex -32.7 2.75218 2.4
      vertex -30.3 4.67653 2.4
      vertex -32.7 14 2.4
    endloop
  endfacet
  facet normal 0 0 1
    outer loop
      vertex -32.7 1.2 2.4
      vertex -30.3 1.90523 2.4
      vertex -32.7 2.40446 2.4
    endloop
  endfacet
  facet normal 0 -0 1
    outer loop
      vertex -30.3 1.2 2.4
      vertex -30.3 1.90523 2.4
      vertex -32.7 1.2 2.4
    endloop
  endfacet
  facet normal -0 0 1
    outer loop
      vertex -32.7 -2.40446 2.4
      vertex -32.7 -2.75218 2.4
      vertex -30.3 -1.90523 2.4
    endloop
  endfacet
  facet normal -0 0 1
    outer loop
      vertex -45.4592 -1.10864 2.4
      vertex -45 -1.2 2.4
      vertex -45.4592 1.10864 2.4
    endloop
  endfacet
  facet normal 0 0 1
    outer loop
      vertex -45 1.2 2.4
      vertex -45.2341 1.17694 2.4
      vertex -45.4592 1.10864 2.4
    endloop
  endfacet
  facet normal -0 0 1
    outer loop
      vertex -45.9978 0.666672 2.4
      vertex -46.1086 0.459213 2.4
      vertex -45.6667 0.997757 2.4
    endloop
  endfacet
  facet normal 0 0 1
    outer loop
      vertex -45.9978 0.666672 2.4
      vertex -45.6667 0.997757 2.4
      vertex -45.8485 0.848526 2.4
    endloop
  endfacet
  facet normal 0 0 1
    outer loop
      vertex -46.1086 0.459213 2.4
      vertex -45.4592 1.10864 2.4
      vertex -45.6667 0.997757 2.4
    endloop
  endfacet
  facet normal 0 0 1
    outer loop
      vertex -46.2 0 2.4
      vertex -46.1769 -0.2341 2.4
      vertex -46.1086 -0.459213 2.4
    endloop
  endfacet
  facet normal 0 0 1
    outer loop
      vertex -46.2 0 2.4
      vertex -46.1086 0.459213 2.4
      vertex -46.1769 0.2341 2.4
    endloop
  endfacet
  facet normal -0 0 1
    outer loop
      vertex -46.2 0 2.4
      vertex -46.1086 -0.459213 2.4
      vertex -46.1086 0.459213 2.4
    endloop
  endfacet
  facet normal -0 0 1
    outer loop
      vertex -46.1086 -0.459213 2.4
      vertex -45.4592 -1.10864 2.4
      vertex -46.1086 0.459213 2.4
    endloop
  endfacet
  facet normal -0 -0 1
    outer loop
      vertex -45.9978 -0.666672 2.4
      vertex -45.6667 -0.997757 2.4
      vertex -46.1086 -0.459213 2.4
    endloop
  endfacet
  facet normal -0 -0 1
    outer loop
      vertex -45.6667 -0.997757 2.4
      vertex -45.4592 -1.10864 2.4
      vertex -46.1086 -0.459213 2.4
    endloop
  endfacet
  facet normal 0 0 1
    outer loop
      vertex -45.6667 -0.997757 2.4
      vertex -45.9978 -0.666672 2.4
      vertex -45.8485 -0.848526 2.4
    endloop
  endfacet
  facet normal 0 -0 1
    outer loop
      vertex -45.4592 -1.10864 2.4
      vertex -45.4592 1.10864 2.4
      vertex -46.1086 0.459213 2.4
    endloop
  endfacet
  facet normal -0 -0 1
    outer loop
      vertex -45.2341 -1.17694 2.4
      vertex -45 -1.2 2.4
      vertex -45.4592 -1.10864 2.4
    endloop
  endfacet
  facet normal 0 0 1
    outer loop
      vertex -30.3 -1.90523 2.4
      vertex -32.7 -2.75218 2.4
      vertex -30.3 -4.67653 2.4
    endloop
  endfacet
  facet normal 0 0 1
    outer loop
      vertex -32.4978 -14.6667 2.4
      vertex -32.3485 -14.8485 2.4
      vertex -32.1667 -14.9978 2.4
    endloop
  endfacet
  facet normal 0 -0 1
    outer loop
      vertex -45 -1.2 2.4
      vertex -45 1.2 2.4
      vertex -45.4592 1.10864 2.4
    endloop
  endfacet
  facet normal 0 0 1
    outer loop
      vertex -32.7 -1.2 2.4
      vertex -45 1.2 2.4
      vertex -45 -1.2 2.4
    endloop
  endfacet
  facet normal -0 0 1
    outer loop
      vertex -32.7064 -2.43182 2.4
      vertex -32.7141 -2.66693 2.4
      vertex -32.7 -2.40446 2.4
    endloop
  endfacet
  facet normal 0 0 1
    outer loop
      vertex -32.7 1.2 2.4
      vertex -45 1.2 2.4
      vertex -32.7 -1.2 2.4
    endloop
  endfacet
  facet normal 0 0 1
    outer loop
      vertex -30.3 -1.2 2.4
      vertex -32.7 1.2 2.4
      vertex -32.7 -1.2 2.4
    endloop
  endfacet
  facet normal -0 -0 1
    outer loop
      vertex -32.1667 -14.9978 2.4
      vertex -31.9592 -15.1086 2.4
      vertex -32.6086 -14.4592 2.4
    endloop
  endfacet
  facet normal 0 0 1
    outer loop
      vertex -32.7 -14 2.4
      vertex -32.6769 -14.2341 2.4
      vertex -32.6086 -14.4592 2.4
    endloop
  endfacet
  facet normal 0 0 1
    outer loop
      vertex -32.1667 -14.9978 2.4
      vertex -32.6086 -14.4592 2.4
      vertex -32.4978 -14.6667 2.4
    endloop
  endfacet
  facet normal 0 0 1
    outer loop
      vertex -31.5 -15.2 2.4
      vertex -31.2659 -15.1769 2.4
      vertex -31.0408 -15.1086 2.4
    endloop
  endfacet
  facet normal 0 0 1
    outer loop
      vertex -31.5 -15.2 2.4
      vertex -31.9592 -15.1086 2.4
      vertex -31.7341 -15.1769 2.4
    endloop
  endfacet
  facet normal 0 -0 1
    outer loop
      vertex -31.5 -15.2 2.4
      vertex -31.0408 -15.1086 2.4
      vertex -31.9592 -15.1086 2.4
    endloop
  endfacet
  facet normal 0 0 1
    outer loop
      vertex -31.0408 -15.1086 2.4
      vertex -32.6086 -14.4592 2.4
      vertex -31.9592 -15.1086 2.4
    endloop
  endfacet
  facet normal 0 -0 1
    outer loop
      vertex -30.8333 -14.9978 2.4
      vertex -30.5022 -14.6667 2.4
      vertex -31.0408 -15.1086 2.4
    endloop
  endfacet
  facet normal 0 0 1
    outer loop
      vertex 16.1892 -25.6405 2.4
      vertex 10.6392 -16.0277 2.4
      vertex 8.56076 -17.2277 2.4
    endloop
  endfacet
  facet normal -0 -0 1
    outer loop
      vertex -18.4592 -27.1086 2.4
      vertex -18.4323 -27.1168 2.4
      vertex -18.6667 -26.9978 2.4
    endloop
  endfacet
  facet normal 0 0 1
    outer loop
      vertex -14.2677 -29.5212 2.4
      vertex -14.0474 -29.6647 2.4
      vertex -13.9665 -29.6952 2.4
    endloop
  endfacet
  facet normal 0 -0 1
    outer loop
      vertex -30.5022 -14.6667 2.4
      vertex -30.3913 -14.4592 2.4
      vertex -31.0408 -15.1086 2.4
    endloop
  endfacet
  facet normal 0 0 1
    outer loop
      vertex -30.5022 -14.6667 2.4
      vertex -30.8333 -14.9978 2.4
      vertex -30.6515 -14.8485 2.4
    endloop
  endfacet
  facet normal 0 0 1
    outer loop
      vertex -30.3913 -14.4592 2.4
      vertex -32.6086 -14.4592 2.4
      vertex -31.0408 -15.1086 2.4
    endloop
  endfacet
  facet normal 0 0 1
    outer loop
      vertex -32.7 -14 2.4
      vertex -32.6086 -14.4592 2.4
      vertex -30.3913 -14.4592 2.4
    endloop
  endfacet
  facet normal 0 0 1
    outer loop
      vertex -30.3 -14 2.4
      vertex -30.3913 -14.4592 2.4
      vertex -30.323 -14.2341 2.4
    endloop
  endfacet
  facet normal 0 0 1
    outer loop
      vertex -16.8 -1.2 2.4
      vertex -19.2 -8.31381 2.4
      vertex -16.8 -9.69946 2.4
    endloop
  endfacet
  facet normal -0 0 1
    outer loop
      vertex -19.2 8.31381 2.4
      vertex -16.8 1.2 2.4
      vertex -16.8 9.69946 2.4
    endloop
  endfacet
  facet normal -0 0 1
    outer loop
      vertex -32.7 -14 2.4
      vertex -30.3913 -14.4592 2.4
      vertex -30.3 -14 2.4
    endloop
  endfacet
  facet normal 0 0 1
    outer loop
      vertex -32.7 -14 2.4
      vertex -30.3 -14 2.4
      vertex -30.3 -4.67653 2.4
    endloop
  endfacet
  facet normal 0 0 1
    outer loop
      vertex -32.7 -14 2.4
      vertex -30.3 -4.67653 2.4
      vertex -32.7 -2.75218 2.4
    endloop
  endfacet
  facet normal 0 0 1
    outer loop
      vertex 6.47318 -1.28758 2.4
      vertex 6.0976 -2.5257 2.4
      vertex 8.82706 -1.7558 2.4
    endloop
  endfacet
  facet normal 0 0 1
    outer loop
      vertex -28.9506 -20.8105 2.4
      vertex -29.0718 -20.3583 2.4
      vertex -29.0335 -20.5904 2.4
    endloop
  endfacet
  facet normal 0 0 1
    outer loop
      vertex -27.4886 -19.1435 2.4
      vertex -27.7177 -19.0901 2.4
      vertex -27.2743 -19.2406 2.4
    endloop
  endfacet
  facet normal 0 0 1
    outer loop
      vertex -27.7177 -19.0901 2.4
      vertex -27.9528 -19.0824 2.4
      vertex -27.2743 -19.2406 2.4
    endloop
  endfacet
  facet normal 0 0 1
    outer loop
      vertex -27.9528 -19.0824 2.4
      vertex -28.1849 -19.1207 2.4
      vertex -28.4051 -19.2036 2.4
    endloop
  endfacet
  facet normal 0 0 1
    outer loop
      vertex -27.9528 -19.0824 2.4
      vertex -28.4051 -19.2036 2.4
      vertex -28.6048 -19.3278 2.4
    endloop
  endfacet
  facet normal -0 -0 1
    outer loop
      vertex -28.9506 -20.8105 2.4
      vertex -28.8264 -21.0103 2.4
      vertex -29.0718 -20.3583 2.4
    endloop
  endfacet
  facet normal 0 0 1
    outer loop
      vertex -28.6048 -19.3278 2.4
      vertex -28.7766 -19.4886 2.4
      vertex -28.9136 -19.6798 2.4
    endloop
  endfacet
  facet normal 0 0 1
    outer loop
      vertex -29.0641 -20.1232 2.4
      vertex -28.9136 -19.6798 2.4
      vertex -29.0107 -19.8941 2.4
    endloop
  endfacet
  facet normal 0 0 1
    outer loop
      vertex -28.6048 -19.3278 2.4
      vertex -28.9136 -19.6798 2.4
      vertex -29.0641 -20.1232 2.4
    endloop
  endfacet
  facet normal 0 0 1
    outer loop
      vertex -28.6048 -19.3278 2.4
      vertex -29.0641 -20.1232 2.4
      vertex -29.0718 -20.3583 2.4
    endloop
  endfacet
  facet normal 0 -0 1
    outer loop
      vertex -28.8264 -21.0103 2.4
      vertex -28.6048 -19.3278 2.4
      vertex -29.0718 -20.3583 2.4
    endloop
  endfacet
  facet normal 0 0 1
    outer loop
      vertex -28.8264 -21.0103 2.4
      vertex -27.9528 -19.0824 2.4
      vertex -28.6048 -19.3278 2.4
    endloop
  endfacet
  facet normal 0 0 1
    outer loop
      vertex -27.2743 -19.2406 2.4
      vertex -27.9528 -19.0824 2.4
      vertex -28.8264 -21.0103 2.4
    endloop
  endfacet
  facet normal 0 0 1
    outer loop
      vertex -28.4743 -21.319 2.4
      vertex -28.8264 -21.0103 2.4
      vertex -28.6656 -21.182 2.4
    endloop
  endfacet
  facet normal 0 0 1
    outer loop
      vertex -27.2743 -19.2406 2.4
      vertex -28.8264 -21.0103 2.4
      vertex -28.4743 -21.319 2.4
    endloop
  endfacet
  facet normal 0 0 1
    outer loop
      vertex -27.2743 -19.2406 2.4
      vertex -28.4743 -21.319 2.4
      vertex -19.2 -23.9023 2.4
    endloop
  endfacet
  facet normal 0 0 1
    outer loop
      vertex -28.4743 -21.319 2.4
      vertex -18.7336 -26.9429 2.4
      vertex -19.2 -23.9023 2.4
    endloop
  endfacet
  facet normal 0 0 1
    outer loop
      vertex -18.4323 -27.1168 2.4
      vertex -18.7336 -26.9429 2.4
      vertex -18.6667 -26.9978 2.4
    endloop
  endfacet
  facet normal 0 -0 1
    outer loop
      vertex -17.3892 -27.719 2.4
      vertex -16.8 -25.2879 2.4
      vertex -18.4323 -27.1168 2.4
    endloop
  endfacet
  facet normal -0 0 1
    outer loop
      vertex -14.2677 -29.5212 2.4
      vertex -13.9665 -29.6952 2.4
      vertex -13.5 -27.1932 2.4
    endloop
  endfacet
  facet normal 0 -0 1
    outer loop
      vertex -21.9692 -40.0474 2.4
      vertex -21.7695 -39.9231 2.4
      vertex -22.4215 -40.1685 2.4
    endloop
  endfacet
  facet normal 0 0 1
    outer loop
      vertex -16.1892 -25.6405 2.4
      vertex -16.8 -25.2879 2.4
      vertex -17.3892 -27.719 2.4
    endloop
  endfacet
  facet normal 0 0 1
    outer loop
      vertex -23.5762 -39.5019 2.4
      vertex -23.6897 -38.8145 2.4
      vertex -23.6974 -39.0496 2.4
    endloop
  endfacet
  facet normal -0 0 1
    outer loop
      vertex -23.6363 -38.5854 2.4
      vertex -23.6897 -38.8145 2.4
      vertex -23.5392 -38.3711 2.4
    endloop
  endfacet
  facet normal 0 0 1
    outer loop
      vertex -23.5762 -39.5019 2.4
      vertex -23.6974 -39.0496 2.4
      vertex -23.6591 -39.2817 2.4
    endloop
  endfacet
  facet normal 0 0 1
    outer loop
      vertex -23.452 -39.7016 2.4
      vertex -23.1 -40.0104 2.4
      vertex -22.6566 -40.1609 2.4
    endloop
  endfacet
  facet normal 0 0 1
    outer loop
      vertex -23.452 -39.7016 2.4
      vertex -22.6566 -40.1609 2.4
      vertex -22.4215 -40.1685 2.4
    endloop
  endfacet
  facet normal 0 0 1
    outer loop
      vertex -23.1 -40.0104 2.4
      vertex -23.452 -39.7016 2.4
      vertex -23.2912 -39.8734 2.4
    endloop
  endfacet
  facet normal -0 -0 1
    outer loop
      vertex -23.452 -39.7016 2.4
      vertex -22.4215 -40.1685 2.4
      vertex -23.5762 -39.5019 2.4
    endloop
  endfacet
  facet normal 0 0 1
    outer loop
      vertex -22.6566 -40.1609 2.4
      vertex -23.1 -40.0104 2.4
      vertex -22.8857 -40.1075 2.4
    endloop
  endfacet
  facet normal 0 0 1
    outer loop
      vertex -22.4215 -40.1685 2.4
      vertex -23.6897 -38.8145 2.4
      vertex -23.5762 -39.5019 2.4
    endloop
  endfacet
  facet normal 0 0 1
    outer loop
      vertex -21.7695 -39.9231 2.4
      vertex -23.6897 -38.8145 2.4
      vertex -22.4215 -40.1685 2.4
    endloop
  endfacet
  facet normal 0 0 1
    outer loop
      vertex -21.9692 -40.0474 2.4
      vertex -22.4215 -40.1685 2.4
      vertex -22.1894 -40.1302 2.4
    endloop
  endfacet
  facet normal 0 0 1
    outer loop
      vertex -14.1108 -26.8405 2.4
      vertex -17.3892 -27.719 2.4
      vertex -15.3108 -28.919 2.4
    endloop
  endfacet
  facet normal 0 0 1
    outer loop
      vertex -21.7695 -39.9231 2.4
      vertex -23.5392 -38.3711 2.4
      vertex -23.6897 -38.8145 2.4
    endloop
  endfacet
  facet normal 0 -0 1
    outer loop
      vertex -21.5978 -39.7623 2.4
      vertex -21.4608 -39.5711 2.4
      vertex -21.7695 -39.9231 2.4
    endloop
  endfacet
  facet normal 0 0 1
    outer loop
      vertex -21.4608 -39.5711 2.4
      vertex -23.5392 -38.3711 2.4
      vertex -21.7695 -39.9231 2.4
    endloop
  endfacet
  facet normal 0 0 1
    outer loop
      vertex -15.3108 -28.919 2.4
      vertex -23.5392 -38.3711 2.4
      vertex -21.4608 -39.5711 2.4
    endloop
  endfacet
  facet normal -0 -0 1
    outer loop
      vertex -14.2472 -29.5405 2.4
      vertex -14.0474 -29.6647 2.4
      vertex -14.2677 -29.5212 2.4
    endloop
  endfacet
  facet normal 0 0 1
    outer loop
      vertex -17.3892 -27.719 2.4
      vertex -23.5392 -38.3711 2.4
      vertex -15.3108 -28.919 2.4
    endloop
  endfacet
  facet normal 0 0 1
    outer loop
      vertex -2.43591 -34.4364 2.4
      vertex -2.89513 -35.2318 2.4
      vertex -2.5864 -34.8798 2.4
    endloop
  endfacet
  facet normal 0 0 1
    outer loop
      vertex -3.09489 -35.356 2.4
      vertex -2.89513 -35.2318 2.4
      vertex -2.43591 -34.4364 2.4
    endloop
  endfacet
  facet normal 0 0 1
    outer loop
      vertex -3.09489 -35.356 2.4
      vertex -3.78227 -35.4695 2.4
      vertex -3.54716 -35.4772 2.4
    endloop
  endfacet
  facet normal 0 0 1
    outer loop
      vertex -2.43591 -34.4364 2.4
      vertex -2.5864 -34.8798 2.4
      vertex -2.48932 -34.6655 2.4
    endloop
  endfacet
  facet normal 0 0 1
    outer loop
      vertex -3.78227 -35.4695 2.4
      vertex -4.22563 -35.319 2.4
      vertex -4.01137 -35.4161 2.4
    endloop
  endfacet
  facet normal 0 0 1
    outer loop
      vertex -3.54716 -35.4772 2.4
      vertex -3.31505 -35.4389 2.4
      vertex -3.09489 -35.356 2.4
    endloop
  endfacet
  facet normal 0 -0 1
    outer loop
      vertex -2.72342 -35.071 2.4
      vertex -2.5864 -34.8798 2.4
      vertex -2.89513 -35.2318 2.4
    endloop
  endfacet
  facet normal 0 0 1
    outer loop
      vertex 13.9665 -29.6952 2.4
      vertex 11.1 -28.5788 2.4
      vertex 4.22563 -35.319 2.4
    endloop
  endfacet
  facet normal 0 0 1
    outer loop
      vertex 16.8 -9.69946 2.4
      vertex 9.43921 -13.9492 2.4
      vertex 16.8 -12.4708 2.4
    endloop
  endfacet
  facet normal 0 0 1
    outer loop
      vertex 7.36076 -15.1492 2.4
      vertex 0 -19.3989 2.4
      vertex 2.40001 -20.7846 2.4
    endloop
  endfacet
  facet normal 0 0 1
    outer loop
      vertex -3.78227 -35.4695 2.4
      vertex -3.09489 -35.356 2.4
      vertex -2.43591 -34.4364 2.4
    endloop
  endfacet
  facet normal -0 0 1
    outer loop
      vertex 2.83443 -33.3776 2.4
      vertex 2.67361 -33.5493 2.4
      vertex 3.02563 -33.2406 2.4
    endloop
  endfacet
  facet normal 0 -0 1
    outer loop
      vertex -3.78227 -35.4695 2.4
      vertex -2.43591 -34.4364 2.4
      vertex -4.22563 -35.319 2.4
    endloop
  endfacet
  facet normal 0 0 1
    outer loop
      vertex -2.54939 -33.749 2.4
      vertex -2.42821 -34.2013 2.4
      vertex -2.46652 -33.9692 2.4
    endloop
  endfacet
  facet normal 0 -0 1
    outer loop
      vertex -2.43591 -34.4364 2.4
      vertex -2.42821 -34.2013 2.4
      vertex -2.54939 -33.749 2.4
    endloop
  endfacet
  facet normal 0 0 1
    outer loop
      vertex -3.02563 -33.2406 2.4
      vertex -2.54939 -33.749 2.4
      vertex -2.67361 -33.5493 2.4
    endloop
  endfacet
  facet normal 0 0 1
    outer loop
      vertex -2.43591 -34.4364 2.4
      vertex -2.54939 -33.749 2.4
      vertex -3.02563 -33.2406 2.4
    endloop
  endfacet
  facet normal 0 0 1
    outer loop
      vertex -2.67361 -33.5493 2.4
      vertex -2.83443 -33.3776 2.4
      vertex -3.02563 -33.2406 2.4
    endloop
  endfacet
  facet normal 0 0 1
    outer loop
      vertex -2.43591 -34.4364 2.4
      vertex -3.02563 -33.2406 2.4
      vertex -4.22563 -35.319 2.4
    endloop
  endfacet
  facet normal 0 0 1
    outer loop
      vertex -3.02563 -33.2406 2.4
      vertex -11.1 -28.5788 2.4
      vertex -4.22563 -35.319 2.4
    endloop
  endfacet
  facet normal 0 0 1
    outer loop
      vertex -11.1 -28.5788 2.4
      vertex -13.9665 -29.6952 2.4
      vertex -4.22563 -35.319 2.4
    endloop
  endfacet
  facet normal 0 -0 1
    outer loop
      vertex -8.56076 -17.2277 2.4
      vertex -7.36076 -15.1492 2.4
      vertex -10.6392 -16.0277 2.4
    endloop
  endfacet
  facet normal 0 0 1
    outer loop
      vertex -2.19308 6.1985 2.4
      vertex -3.41934 8.32243 2.4
      vertex -5.47911 7.09012 2.4
    endloop
  endfacet
  facet normal 0 0 1
    outer loop
      vertex -7.36076 -15.1492 2.4
      vertex -9.43921 -13.9492 2.4
      vertex -10.6392 -16.0277 2.4
    endloop
  endfacet
  facet normal 0 0 1
    outer loop
      vertex 13.5 -27.1932 2.4
      vertex 11.1 -28.5788 2.4
      vertex 13.9665 -29.6952 2.4
    endloop
  endfacet
  facet normal -0 -0 1
    outer loop
      vertex 2.48932 -34.6655 2.4
      vertex 2.5864 -34.8798 2.4
      vertex 2.43591 -34.4364 2.4
    endloop
  endfacet
  facet normal -0 0 1
    outer loop
      vertex 2.67361 -33.5493 2.4
      vertex 2.54939 -33.749 2.4
      vertex 3.02563 -33.2406 2.4
    endloop
  endfacet
  facet normal 0 0 1
    outer loop
      vertex 2.54939 -33.749 2.4
      vertex 2.46652 -33.9692 2.4
      vertex 2.42821 -34.2013 2.4
    endloop
  endfacet
  facet normal 0 0 1
    outer loop
      vertex 2.54939 -33.749 2.4
      vertex 2.42821 -34.2013 2.4
      vertex 2.43591 -34.4364 2.4
    endloop
  endfacet
  facet normal -0 0 1
    outer loop
      vertex 2.54939 -33.749 2.4
      vertex 2.43591 -34.4364 2.4
      vertex 3.02563 -33.2406 2.4
    endloop
  endfacet
  facet normal 0 0 1
    outer loop
      vertex 2.89513 -35.2318 2.4
      vertex 2.5864 -34.8798 2.4
      vertex 2.72342 -35.071 2.4
    endloop
  endfacet
  facet normal 0 0 1
    outer loop
      vertex 2.43591 -34.4364 2.4
      vertex 2.5864 -34.8798 2.4
      vertex 2.89513 -35.2318 2.4
    endloop
  endfacet
  facet normal 0 0 1
    outer loop
      vertex 2.43591 -34.4364 2.4
      vertex 2.89513 -35.2318 2.4
      vertex 3.09489 -35.356 2.4
    endloop
  endfacet
  facet normal 0 0 1
    outer loop
      vertex 3.78227 -35.4695 2.4
      vertex 3.09489 -35.356 2.4
      vertex 3.54716 -35.4772 2.4
    endloop
  endfacet
  facet normal -0 -0 1
    outer loop
      vertex 3.31505 -35.4389 2.4
      vertex 3.54716 -35.4772 2.4
      vertex 3.09489 -35.356 2.4
    endloop
  endfacet
  facet normal -0 -0 1
    outer loop
      vertex 3.09489 -35.356 2.4
      vertex 3.78227 -35.4695 2.4
      vertex 2.43591 -34.4364 2.4
    endloop
  endfacet
  facet normal 0 -0 1
    outer loop
      vertex 3.78227 -35.4695 2.4
      vertex 4.22563 -35.319 2.4
      vertex 2.43591 -34.4364 2.4
    endloop
  endfacet
  facet normal 0 -0 1
    outer loop
      vertex 4.01137 -35.4161 2.4
      vertex 4.22563 -35.319 2.4
      vertex 3.78227 -35.4695 2.4
    endloop
  endfacet
  facet normal 0 0 1
    outer loop
      vertex 4.22563 -35.319 2.4
      vertex 3.02563 -33.2406 2.4
      vertex 2.43591 -34.4364 2.4
    endloop
  endfacet
  facet normal 0 0 1
    outer loop
      vertex 11.1 -28.5788 2.4
      vertex 3.02563 -33.2406 2.4
      vertex 4.22563 -35.319 2.4
    endloop
  endfacet
  facet normal 0 0 1
    outer loop
      vertex 23.5392 -38.3711 2.4
      vertex 15.3108 -28.919 2.4
      vertex 21.4608 -39.5711 2.4
    endloop
  endfacet
  facet normal 0 0 1
    outer loop
      vertex 14.0474 -29.6647 2.4
      vertex 14.2472 -29.5405 2.4
      vertex 14.2677 -29.5212 2.4
    endloop
  endfacet
  facet normal 0 0 1
    outer loop
      vertex 17.3892 -27.719 2.4
      vertex 15.3108 -28.919 2.4
      vertex 23.5392 -38.3711 2.4
    endloop
  endfacet
  facet normal 0 -0 1
    outer loop
      vertex 14.0474 -29.6647 2.4
      vertex 14.2677 -29.5212 2.4
      vertex 13.9665 -29.6952 2.4
    endloop
  endfacet
  facet normal 0 0 1
    outer loop
      vertex 14.2677 -29.5212 2.4
      vertex 13.5 -27.1932 2.4
      vertex 13.9665 -29.6952 2.4
    endloop
  endfacet
  facet normal 0 0 1
    outer loop
      vertex 15.3108 -28.919 2.4
      vertex 13.5 -27.1932 2.4
      vertex 14.2677 -29.5212 2.4
    endloop
  endfacet
  facet normal 0 0 1
    outer loop
      vertex 17.3892 -27.719 2.4
      vertex 16.1892 -25.6405 2.4
      vertex 14.1108 -26.8405 2.4
    endloop
  endfacet
  facet normal 0 0 1
    outer loop
      vertex 23.5392 -38.3711 2.4
      vertex 21.4608 -39.5711 2.4
      vertex 21.7695 -39.9231 2.4
    endloop
  endfacet
  facet normal 0 0 1
    outer loop
      vertex 21.4608 -39.5711 2.4
      vertex 21.5978 -39.7623 2.4
      vertex 21.7695 -39.9231 2.4
    endloop
  endfacet
  facet normal 0 0 1
    outer loop
      vertex 23.6897 -38.8145 2.4
      vertex 21.7695 -39.9231 2.4
      vertex 22.4215 -40.1685 2.4
    endloop
  endfacet
  facet normal 0 0 1
    outer loop
      vertex 21.7695 -39.9231 2.4
      vertex 21.9692 -40.0474 2.4
      vertex 22.4215 -40.1685 2.4
    endloop
  endfacet
  facet normal 0 0 1
    outer loop
      vertex 21.9692 -40.0474 2.4
      vertex 22.1894 -40.1302 2.4
      vertex 22.4215 -40.1685 2.4
    endloop
  endfacet
  facet normal -0 0 1
    outer loop
      vertex 16.8 25.2879 2.4
      vertex 19.2 23.9023 2.4
      vertex 18.7336 26.9429 2.4
    endloop
  endfacet
  facet normal -0 0 1
    outer loop
      vertex 0 22.1702 2.4
      vertex 2.40001 20.7846 2.4
      vertex 11.1 28.5788 2.4
    endloop
  endfacet
  facet normal 0 0 1
    outer loop
      vertex 0 22.1702 2.4
      vertex -2.40001 20.7846 2.4
      vertex 0 19.3989 2.4
    endloop
  endfacet
  facet normal 0 0 1
    outer loop
      vertex 15.3108 28.919 2.4
      vertex 13.5 27.1932 2.4
      vertex 14.1108 26.8405 2.4
    endloop
  endfacet
  facet normal 0 0 1
    outer loop
      vertex 2.40001 20.7846 2.4
      vertex 13.5 27.1932 2.4
      vertex 11.1 28.5788 2.4
    endloop
  endfacet
  facet normal 0 0 1
    outer loop
      vertex -14.1108 26.8405 2.4
      vertex -16.1892 25.6405 2.4
      vertex -8.56076 17.2277 2.4
    endloop
  endfacet
  facet normal 0 0 1
    outer loop
      vertex -1.7558 8.82706 2.4
      vertex -1.28758 6.47318 2.4
      vertex 0 6.59999 2.4
    endloop
  endfacet
  facet normal 0 0 1
    outer loop
      vertex -13.9665 29.6952 2.4
      vertex -14.2677 29.5212 2.4
      vertex -13.5 27.1932 2.4
    endloop
  endfacet
  facet normal 0 0 1
    outer loop
      vertex -14.1108 26.8405 2.4
      vertex -17.3892 27.719 2.4
      vertex -16.1892 25.6405 2.4
    endloop
  endfacet
  facet normal 0 0 1
    outer loop
      vertex -13.9665 29.6952 2.4
      vertex -13.5 27.1932 2.4
      vertex -11.1 28.5788 2.4
    endloop
  endfacet
  facet normal -0 0 1
    outer loop
      vertex -2.07845 -1.2 2.4
      vertex 0 -2.39996 2.4
      vertex -2.07845 1.2 2.4
    endloop
  endfacet
  facet normal -0 0 1
    outer loop
      vertex -8.56076 17.2277 2.4
      vertex -7.36076 15.1492 2.4
      vertex -2.40001 20.7846 2.4
    endloop
  endfacet
  facet normal -0 0 1
    outer loop
      vertex -13.5 27.1932 2.4
      vertex -2.40001 20.7846 2.4
      vertex -11.1 28.5788 2.4
    endloop
  endfacet
  facet normal 0 0 1
    outer loop
      vertex -17.3892 27.719 2.4
      vertex -16.8 25.2879 2.4
      vertex -16.1892 25.6405 2.4
    endloop
  endfacet
  facet normal 0 0 1
    outer loop
      vertex -17.3892 27.719 2.4
      vertex -18.4323 27.1168 2.4
      vertex -16.8 25.2879 2.4
    endloop
  endfacet
  facet normal 0 -0 1
    outer loop
      vertex -16.8 12.4708 2.4
      vertex -16.8 25.2879 2.4
      vertex -19.2 23.9023 2.4
    endloop
  endfacet
  facet normal 0 0 1
    outer loop
      vertex -6.36395 6.36395 2.4
      vertex -7.48322 5.00012 2.4
      vertex -4.6669 4.6669 2.4
    endloop
  endfacet
  facet normal 0 0 1
    outer loop
      vertex -16.1892 25.6405 2.4
      vertex -10.6392 16.0277 2.4
      vertex -8.56076 17.2277 2.4
    endloop
  endfacet
  facet normal 0 -0 1
    outer loop
      vertex 19.2 11.0851 2.4
      vertex 19.2 23.9023 2.4
      vertex 16.8 12.4708 2.4
    endloop
  endfacet
  facet normal 0 0 1
    outer loop
      vertex 2.40001 20.7846 2.4
      vertex 0 19.3989 2.4
      vertex 7.36076 15.1492 2.4
    endloop
  endfacet
  facet normal 0 -0 1
    outer loop
      vertex -16.8 9.69946 2.4
      vertex -16.8 12.4708 2.4
      vertex -19.2 11.0851 2.4
    endloop
  endfacet
  facet normal 0 0 1
    outer loop
      vertex 8.56076 17.2277 2.4
      vertex 16.1892 25.6405 2.4
      vertex 14.1108 26.8405 2.4
    endloop
  endfacet
  facet normal -0 0 1
    outer loop
      vertex 4.26872 4.99367 2.4
      vertex 4.6669 4.6669 2.4
      vertex 6.36395 6.36395 2.4
    endloop
  endfacet
  facet normal 0 0 1
    outer loop
      vertex 18.4323 27.1168 2.4
      vertex 16.8 25.2879 2.4
      vertex 18.7336 26.9429 2.4
    endloop
  endfacet
  facet normal 0 0 1
    outer loop
      vertex 16.8 25.2879 2.4
      vertex 16.8 12.4708 2.4
      vertex 19.2 23.9023 2.4
    endloop
  endfacet
  facet normal 0 0 1
    outer loop
      vertex -9.43921 13.9492 2.4
      vertex -10.6392 16.0277 2.4
      vertex -16.8 12.4708 2.4
    endloop
  endfacet
  facet normal 0 0 1
    outer loop
      vertex -1.28758 6.47318 2.4
      vertex -1.7558 8.82706 2.4
      vertex -2.19308 6.1985 2.4
    endloop
  endfacet
  facet normal 0 0 1
    outer loop
      vertex 8.31491 3.44414 2.4
      vertex 6.0976 2.5257 2.4
      vertex 8.82706 1.7558 2.4
    endloop
  endfacet
  facet normal 0 0 1
    outer loop
      vertex -16.8 -1.2 2.4
      vertex -19.2 1.2 2.4
      vertex -19.2 -1.2 2.4
    endloop
  endfacet
  facet normal 0 0 1
    outer loop
      vertex -8.56076 17.2277 2.4
      vertex -10.6392 16.0277 2.4
      vertex -7.36076 15.1492 2.4
    endloop
  endfacet
  facet normal 0 0 1
    outer loop
      vertex 0 22.1702 2.4
      vertex 0 19.3989 2.4
      vertex 2.40001 20.7846 2.4
    endloop
  endfacet
  facet normal 0 0 1
    outer loop
      vertex -2.40001 20.7846 2.4
      vertex -7.36076 15.1492 2.4
      vertex 0 19.3989 2.4
    endloop
  endfacet
  facet normal 0 0 1
    outer loop
      vertex 8.56076 17.2277 2.4
      vertex 7.36076 15.1492 2.4
      vertex 10.6392 16.0277 2.4
    endloop
  endfacet
  facet normal 0 0 1
    outer loop
      vertex 8.56076 17.2277 2.4
      vertex 2.40001 20.7846 2.4
      vertex 7.36076 15.1492 2.4
    endloop
  endfacet
  facet normal 0 -0 1
    outer loop
      vertex 30.3 -1.2 2.4
      vertex 30.3 1.2 2.4
      vertex 19.2 1.2 2.4
    endloop
  endfacet
  facet normal 0 0 1
    outer loop
      vertex 19.2 11.0851 2.4
      vertex 16.8 12.4708 2.4
      vertex 16.8 9.69946 2.4
    endloop
  endfacet
  facet normal 0 0 1
    outer loop
      vertex 6.4818 -1.2 2.4
      vertex 8.88181 -1.2 2.4
      vertex 6.4818 1.2 2.4
    endloop
  endfacet
  facet normal 0 -0 1
    outer loop
      vertex 16.8 9.69946 2.4
      vertex 16.8 12.4708 2.4
      vertex 9.43921 13.9492 2.4
    endloop
  endfacet
  facet normal 0 0 1
    outer loop
      vertex 7.48322 5.00012 2.4
      vertex 4.6669 4.6669 2.4
      vertex 5.48769 3.66676 2.4
    endloop
  endfacet
  facet normal 0 0 1
    outer loop
      vertex 3.41934 8.32243 2.4
      vertex 2.19308 6.1985 2.4
      vertex 5.47911 7.09012 2.4
    endloop
  endfacet
  facet normal 0 0 1
    outer loop
      vertex 4.26872 4.99367 2.4
      vertex 6.36395 6.36395 2.4
      vertex 5.47911 7.09012 2.4
    endloop
  endfacet
  facet normal 0 0 1
    outer loop
      vertex 0 9 2.4
      vertex 0 6.59999 2.4
      vertex 1.7558 8.82706 2.4
    endloop
  endfacet
  facet normal 0 0 1
    outer loop
      vertex 9.43921 13.9492 2.4
      vertex 3.41934 8.32243 2.4
      vertex 5.47911 7.09012 2.4
    endloop
  endfacet
  facet normal -0 0 1
    outer loop
      vertex 7.36076 15.1492 2.4
      vertex 9.43921 13.9492 2.4
      vertex 10.6392 16.0277 2.4
    endloop
  endfacet
  facet normal 0 0 1
    outer loop
      vertex 7.36076 15.1492 2.4
      vertex 3.41934 8.32243 2.4
      vertex 9.43921 13.9492 2.4
    endloop
  endfacet
  facet normal 0 0 1
    outer loop
      vertex 16.8 1.2 2.4
      vertex 19.2 1.2 2.4
      vertex 19.2 8.31381 2.4
    endloop
  endfacet
  facet normal 0 0 1
    outer loop
      vertex 2.40001 -20.7846 2.4
      vertex 8.56076 -17.2277 2.4
      vertex 7.36076 -15.1492 2.4
    endloop
  endfacet
  facet normal 0 0 1
    outer loop
      vertex 6.0976 -2.5257 2.4
      vertex 7.48322 -5.00012 2.4
      vertex 8.31491 -3.44414 2.4
    endloop
  endfacet
  facet normal 0 0 1
    outer loop
      vertex -19.2 8.31381 2.4
      vertex -16.8 9.69946 2.4
      vertex -19.2 11.0851 2.4
    endloop
  endfacet
  facet normal 0 0 1
    outer loop
      vertex -6.47318 1.28758 2.4
      vertex -8.82706 1.7558 2.4
      vertex -8.88181 1.2 2.4
    endloop
  endfacet
  facet normal 0 0 1
    outer loop
      vertex -7.36076 15.1492 2.4
      vertex -9.43921 13.9492 2.4
      vertex -3.41934 8.32243 2.4
    endloop
  endfacet
  facet normal 0 0 1
    outer loop
      vertex -7.36076 15.1492 2.4
      vertex -10.6392 16.0277 2.4
      vertex -9.43921 13.9492 2.4
    endloop
  endfacet
  facet normal 0 0 1
    outer loop
      vertex -6.0976 2.5257 2.4
      vertex -8.31491 3.44414 2.4
      vertex -8.82706 1.7558 2.4
    endloop
  endfacet
  facet normal 0 0 1
    outer loop
      vertex -3.41934 8.32243 2.4
      vertex -9.43921 13.9492 2.4
      vertex -5.47911 7.09012 2.4
    endloop
  endfacet
  facet normal 0 -0 1
    outer loop
      vertex -4.26872 4.99367 2.4
      vertex -2.19308 6.1985 2.4
      vertex -5.47911 7.09012 2.4
    endloop
  endfacet
  facet normal -0 0 1
    outer loop
      vertex -8.82706 1.7558 2.4
      vertex -6.47318 1.28758 2.4
      vertex -6.0976 2.5257 2.4
    endloop
  endfacet
  facet normal 0 0 1
    outer loop
      vertex -6.47318 1.28758 2.4
      vertex -8.88181 1.2 2.4
      vertex -6.4818 1.2 2.4
    endloop
  endfacet
  facet normal 0 0 1
    outer loop
      vertex 32.7 -1.2 2.4
      vertex 30.3 1.2 2.4
      vertex 30.3 -1.2 2.4
    endloop
  endfacet
  facet normal 0 0 1
    outer loop
      vertex 30.3 4.67653 2.4
      vertex 19.2 11.0851 2.4
      vertex 19.2 8.31381 2.4
    endloop
  endfacet
  facet normal 0 0 1
    outer loop
      vertex 30.3 -1.2 2.4
      vertex 19.2 1.2 2.4
      vertex 19.2 -1.2 2.4
    endloop
  endfacet
  facet normal 0 0 1
    outer loop
      vertex -19.2 -8.31381 2.4
      vertex -19.2 -11.0851 2.4
      vertex -16.8 -9.69946 2.4
    endloop
  endfacet
  facet normal 0 0 1
    outer loop
      vertex 16.8 1.2 2.4
      vertex 19.2 8.31381 2.4
      vertex 16.8 9.69946 2.4
    endloop
  endfacet
  facet normal 0 0 1
    outer loop
      vertex 2.19308 6.1985 2.4
      vertex 1.7558 8.82706 2.4
      vertex 1.28758 6.47318 2.4
    endloop
  endfacet
  facet normal 0 0 1
    outer loop
      vertex 30.3 1.2 2.4
      vertex 32.7 1.2 2.4
      vertex 30.3 1.90523 2.4
    endloop
  endfacet
  facet normal 0 0 1
    outer loop
      vertex 19.2 8.31381 2.4
      vertex 30.3 1.90523 2.4
      vertex 30.3 4.67653 2.4
    endloop
  endfacet
  facet normal 0 0 1
    outer loop
      vertex -19.2 -1.2 2.4
      vertex -30.3 1.2 2.4
      vertex -30.3 -1.2 2.4
    endloop
  endfacet
  facet normal 0 0 1
    outer loop
      vertex -30.3 1.90523 2.4
      vertex -32.7 2.75218 2.4
      vertex -32.7 2.40446 2.4
    endloop
  endfacet
  facet normal 0 0 1
    outer loop
      vertex -30.3 4.67653 2.4
      vertex -32.7 2.75218 2.4
      vertex -30.3 1.90523 2.4
    endloop
  endfacet
  facet normal 0 0 1
    outer loop
      vertex -16.8 1.2 2.4
      vertex -19.2 8.31381 2.4
      vertex -19.2 1.2 2.4
    endloop
  endfacet
  facet normal 0 0 1
    outer loop
      vertex -19.2 11.0851 2.4
      vertex -30.3 4.67653 2.4
      vertex -19.2 8.31381 2.4
    endloop
  endfacet
  facet normal 0 0 1
    outer loop
      vertex -30.3 1.90523 2.4
      vertex -19.2 8.31381 2.4
      vertex -30.3 4.67653 2.4
    endloop
  endfacet
  facet normal 0 0 1
    outer loop
      vertex -1.7558 8.82706 2.4
      vertex -3.41934 8.32243 2.4
      vertex -2.19308 6.1985 2.4
    endloop
  endfacet
  facet normal 0 -0 1
    outer loop
      vertex 0 6.59999 2.4
      vertex 0 9 2.4
      vertex -1.7558 8.82706 2.4
    endloop
  endfacet
  facet normal 0 -0 1
    outer loop
      vertex 1.28758 6.47318 2.4
      vertex 1.7558 8.82706 2.4
      vertex 0 6.59999 2.4
    endloop
  endfacet
  facet normal 0 -0 1
    outer loop
      vertex 2.19308 6.1985 2.4
      vertex 3.41934 8.32243 2.4
      vertex 1.7558 8.82706 2.4
    endloop
  endfacet
  facet normal 0 -0 1
    outer loop
      vertex 2.07845 1.2 2.4
      vertex 4.26872 4.99367 2.4
      vertex 0 2.39996 2.4
    endloop
  endfacet
  facet normal 0 -0 1
    outer loop
      vertex 4.26872 4.99367 2.4
      vertex 5.47911 7.09012 2.4
      vertex 2.19308 6.1985 2.4
    endloop
  endfacet
  facet normal 0 0 1
    outer loop
      vertex -2.19308 6.1985 2.4
      vertex -4.26872 4.99367 2.4
      vertex 0 2.39996 2.4
    endloop
  endfacet
  facet normal 0 0 1
    outer loop
      vertex -6.0976 -2.5257 2.4
      vertex -6.47318 -1.28758 2.4
      vertex -8.82706 -1.7558 2.4
    endloop
  endfacet
  facet normal 0 0 1
    outer loop
      vertex 0 2.39996 2.4
      vertex -4.26872 4.99367 2.4
      vertex -2.07845 1.2 2.4
    endloop
  endfacet
  facet normal 0 0 1
    outer loop
      vertex -16.8 -9.69946 2.4
      vertex -19.2 -11.0851 2.4
      vertex -16.8 -12.4708 2.4
    endloop
  endfacet
  facet normal 0 0 1
    outer loop
      vertex -7.48322 5.00012 2.4
      vertex -8.31491 3.44414 2.4
      vertex -6.0976 2.5257 2.4
    endloop
  endfacet
  facet normal 0 0 1
    outer loop
      vertex -7.48322 5.00012 2.4
      vertex -6.0976 2.5257 2.4
      vertex -5.48769 3.66676 2.4
    endloop
  endfacet
  facet normal 0 0 1
    outer loop
      vertex -7.48322 5.00012 2.4
      vertex -5.48769 3.66676 2.4
      vertex -4.6669 4.6669 2.4
    endloop
  endfacet
  facet normal 0 0 1
    outer loop
      vertex -6.36395 6.36395 2.4
      vertex -4.6669 4.6669 2.4
      vertex -4.26872 4.99367 2.4
    endloop
  endfacet
  facet normal -0 0 1
    outer loop
      vertex -6.36395 6.36395 2.4
      vertex -4.26872 4.99367 2.4
      vertex -5.47911 7.09012 2.4
    endloop
  endfacet
  facet normal 0 0 1
    outer loop
      vertex 8.82706 1.7558 2.4
      vertex 6.47318 1.28758 2.4
      vertex 8.88181 1.2 2.4
    endloop
  endfacet
  facet normal 0 0 1
    outer loop
      vertex 0 -2.39996 2.4
      vertex 2.07845 -1.2 2.4
      vertex 0 2.39996 2.4
    endloop
  endfacet
  facet normal 0 -0 1
    outer loop
      vertex -6.4818 -1.2 2.4
      vertex -6.4818 1.2 2.4
      vertex -8.88181 1.2 2.4
    endloop
  endfacet
  facet normal 0 0 1
    outer loop
      vertex 0 2.39996 2.4
      vertex 4.26872 4.99367 2.4
      vertex 2.19308 6.1985 2.4
    endloop
  endfacet
  facet normal 0 0 1
    outer loop
      vertex 4.6669 4.6669 2.4
      vertex 7.48322 5.00012 2.4
      vertex 6.36395 6.36395 2.4
    endloop
  endfacet
  facet normal -0 0 1
    outer loop
      vertex 5.48769 3.66676 2.4
      vertex 6.0976 2.5257 2.4
      vertex 7.48322 5.00012 2.4
    endloop
  endfacet
  facet normal 0 0 1
    outer loop
      vertex 6.0976 2.5257 2.4
      vertex 8.31491 3.44414 2.4
      vertex 7.48322 5.00012 2.4
    endloop
  endfacet
  facet normal 0 -0 1
    outer loop
      vertex 6.47318 1.28758 2.4
      vertex 8.82706 1.7558 2.4
      vertex 6.0976 2.5257 2.4
    endloop
  endfacet
  facet normal 0 -0 1
    outer loop
      vertex 6.4818 1.2 2.4
      vertex 8.88181 1.2 2.4
      vertex 6.47318 1.28758 2.4
    endloop
  endfacet
  facet normal 0 0 1
    outer loop
      vertex 50.9231 0.78035 2.4
      vertex 48.7 0 2.4
      vertex 51 0 2.4
    endloop
  endfacet
  facet normal 0 0 1
    outer loop
      vertex 50.9231 0.78035 2.4
      vertex 48.5706 0.650558 2.4
      vertex 48.6673 0.33165 2.4
    endloop
  endfacet
  facet normal 0 0 1
    outer loop
      vertex 46.0555 -1.4135 2.4
      vertex 44.1716 -2.82841 2.4
      vertex 44.7777 -3.32587 2.4
    endloop
  endfacet
  facet normal 0 0 1
    outer loop
      vertex 45.8485 0.848526 2.4
      vertex 45.6667 0.997757 2.4
      vertex 45.6414 1.01129 2.4
    endloop
  endfacet
  facet normal 0 0 1
    outer loop
      vertex 45.7979 -1.20207 2.4
      vertex 45.6414 -1.01129 2.4
      vertex 44.1716 -2.82841 2.4
    endloop
  endfacet
  facet normal 0 0 1
    outer loop
      vertex 45.6414 -1.01129 2.4
      vertex 43.6741 -2.22227 2.4
      vertex 44.1716 -2.82841 2.4
    endloop
  endfacet
  facet normal -0 0 1
    outer loop
      vertex 43.3045 -1.53073 2.4
      vertex 43.6741 -2.22227 2.4
      vertex 45.6414 -1.01129 2.4
    endloop
  endfacet
  facet normal 0 0 1
    outer loop
      vertex 45.8485 -0.848526 2.4
      vertex 45.6414 -1.01129 2.4
      vertex 45.6667 -0.997757 2.4
    endloop
  endfacet
  facet normal 0 0 1
    outer loop
      vertex 50.9231 0.78035 2.4
      vertex 50.6955 1.53073 2.4
      vertex 48.5706 0.650558 2.4
    endloop
  endfacet
  facet normal -0 0 1
    outer loop
      vertex 46.2197 3.92313 2.4
      vertex 47 1.7 2.4
      vertex 47 4 2.4
    endloop
  endfacet
  facet normal 0 -0 1
    outer loop
      vertex 46.3494 1.57059 2.4
      vertex 46.6684 1.66733 2.4
      vertex 46.2197 3.92313 2.4
    endloop
  endfacet
  facet normal 0 0 1
    outer loop
      vertex 45.4693 3.69551 2.4
      vertex 44.7777 3.32587 2.4
      vertex 46.0555 1.4135 2.4
    endloop
  endfacet
  facet normal -0 0 1
    outer loop
      vertex 45.4693 3.69551 2.4
      vertex 46.3494 1.57059 2.4
      vertex 46.2197 3.92313 2.4
    endloop
  endfacet
  facet normal 0 0 1
    outer loop
      vertex 46.0555 1.4135 2.4
      vertex 44.7777 3.32587 2.4
      vertex 44.1716 2.82841 2.4
    endloop
  endfacet
  facet normal 0 -0 1
    outer loop
      vertex 45.6414 1.01129 2.4
      vertex 45.7979 1.20207 2.4
      vertex 44.1716 2.82841 2.4
    endloop
  endfacet
  facet normal 0 -0 1
    outer loop
      vertex 45.7979 1.20207 2.4
      vertex 46.0555 1.4135 2.4
      vertex 44.1716 2.82841 2.4
    endloop
  endfacet
  facet normal 0 -0 1
    outer loop
      vertex 45.6414 -1.01129 2.4
      vertex 45.6414 1.01129 2.4
      vertex 43.2042 1.2 2.4
    endloop
  endfacet
  facet normal 0 0 1
    outer loop
      vertex 47 1.7 2.4
      vertex 46.2197 3.92313 2.4
      vertex 46.6684 1.66733 2.4
    endloop
  endfacet
  facet normal -0 0 1
    outer loop
      vertex 43.6741 2.22227 2.4
      vertex 45.6414 1.01129 2.4
      vertex 44.1716 2.82841 2.4
    endloop
  endfacet
  facet normal 0 0 1
    outer loop
      vertex 45.6414 1.01129 2.4
      vertex 43.3045 1.53073 2.4
      vertex 43.2042 1.2 2.4
    endloop
  endfacet
  facet normal 0 0 1
    outer loop
      vertex 43.6741 2.22227 2.4
      vertex 43.3045 1.53073 2.4
      vertex 45.6414 1.01129 2.4
    endloop
  endfacet
  facet normal 0 0 1
    outer loop
      vertex 46.3494 1.57059 2.4
      vertex 45.4693 3.69551 2.4
      vertex 46.0555 1.4135 2.4
    endloop
  endfacet
  facet normal 0 0 1
    outer loop
      vertex 47 1.7 2.4
      vertex 47.7803 3.92313 2.4
      vertex 47 4 2.4
    endloop
  endfacet
  facet normal -0 0 1
    outer loop
      vertex 47.3316 1.66733 2.4
      vertex 47.6506 1.57059 2.4
      vertex 47.7803 3.92313 2.4
    endloop
  endfacet
  facet normal -0 0 1
    outer loop
      vertex 47.6506 1.57059 2.4
      vertex 47.9445 1.4135 2.4
      vertex 48.5307 3.69551 2.4
    endloop
  endfacet
  facet normal 0 0 1
    outer loop
      vertex 47.9445 1.4135 2.4
      vertex 49.8284 2.82841 2.4
      vertex 49.2223 3.32587 2.4
    endloop
  endfacet
  facet normal -0 0 1
    outer loop
      vertex 48.2021 1.20207 2.4
      vertex 48.4135 0.944458 2.4
      vertex 49.8284 2.82841 2.4
    endloop
  endfacet
  facet normal 0 0 1
    outer loop
      vertex 50.6955 1.53073 2.4
      vertex 48.4135 0.944458 2.4
      vertex 48.5706 0.650558 2.4
    endloop
  endfacet
  facet normal 0 -0 1
    outer loop
      vertex 48.7 0 2.4
      vertex 50.9231 0.78035 2.4
      vertex 48.6673 0.33165 2.4
    endloop
  endfacet
  facet normal 0 -0 1
    outer loop
      vertex 50.9231 -0.78035 2.4
      vertex 51 0 2.4
      vertex 48.7 0 2.4
    endloop
  endfacet
  facet normal 0 0 1
    outer loop
      vertex 50.9231 -0.78035 2.4
      vertex 48.7 0 2.4
      vertex 48.6673 -0.33165 2.4
    endloop
  endfacet
  facet normal 0 -0 1
    outer loop
      vertex 50.6955 -1.53073 2.4
      vertex 50.9231 -0.78035 2.4
      vertex 48.5706 -0.650558 2.4
    endloop
  endfacet
  facet normal 0 0 1
    outer loop
      vertex 50.6955 -1.53073 2.4
      vertex 48.5706 -0.650558 2.4
      vertex 48.4135 -0.944458 2.4
    endloop
  endfacet
  facet normal 0 0 1
    outer loop
      vertex 50.6955 -1.53073 2.4
      vertex 48.4135 -0.944458 2.4
      vertex 50.3259 -2.22227 2.4
    endloop
  endfacet
  facet normal 0 0 1
    outer loop
      vertex 48.4135 -0.944458 2.4
      vertex 48.2021 -1.20207 2.4
      vertex 49.8284 -2.82841 2.4
    endloop
  endfacet
  facet normal 0 0 1
    outer loop
      vertex 48.2021 -1.20207 2.4
      vertex 47.9445 -1.4135 2.4
      vertex 49.8284 -2.82841 2.4
    endloop
  endfacet
  facet normal 0 0 1
    outer loop
      vertex 47.9445 -1.4135 2.4
      vertex 48.5307 -3.69551 2.4
      vertex 49.2223 -3.32587 2.4
    endloop
  endfacet
  facet normal 0 0 1
    outer loop
      vertex 47.6506 -1.57059 2.4
      vertex 47.7803 -3.92313 2.4
      vertex 48.5307 -3.69551 2.4
    endloop
  endfacet
  facet normal -0 0 1
    outer loop
      vertex 47.3316 -1.66733 2.4
      vertex 47.7803 -3.92313 2.4
      vertex 47.6506 -1.57059 2.4
    endloop
  endfacet
  facet normal -0 0 1
    outer loop
      vertex 47 -1.7 2.4
      vertex 47.7803 -3.92313 2.4
      vertex 47.3316 -1.66733 2.4
    endloop
  endfacet
  facet normal -0 0 1
    outer loop
      vertex -3.41934 -8.32243 2.4
      vertex -1.7558 -8.82706 2.4
      vertex -2.19308 -6.1985 2.4
    endloop
  endfacet
  facet normal 0 0 1
    outer loop
      vertex -16.8 -12.4708 2.4
      vertex -19.2 -23.9023 2.4
      vertex -16.8 -25.2879 2.4
    endloop
  endfacet
  facet normal 0 0 1
    outer loop
      vertex -8.88181 -1.2 2.4
      vertex -16.8 1.2 2.4
      vertex -16.8 -1.2 2.4
    endloop
  endfacet
  facet normal 0 0 1
    outer loop
      vertex -16.8 1.2 2.4
      vertex -19.2 1.2 2.4
      vertex -16.8 -1.2 2.4
    endloop
  endfacet
  facet normal 0 0 1
    outer loop
      vertex -8.88181 1.2 2.4
      vertex -8.88181 -1.2 2.4
      vertex -6.4818 -1.2 2.4
    endloop
  endfacet
  facet normal 0 0 1
    outer loop
      vertex -8.88181 1.2 2.4
      vertex -16.8 1.2 2.4
      vertex -8.88181 -1.2 2.4
    endloop
  endfacet
  facet normal 0 -0 1
    outer loop
      vertex -7.48322 -5.00012 2.4
      vertex -6.0976 -2.5257 2.4
      vertex -8.31491 -3.44414 2.4
    endloop
  endfacet
  facet normal 0 -0 1
    outer loop
      vertex -6.36395 -6.36395 2.4
      vertex -4.6669 -4.6669 2.4
      vertex -7.48322 -5.00012 2.4
    endloop
  endfacet
  facet normal 0 0 1
    outer loop
      vertex -4.26872 -4.99367 2.4
      vertex -4.6669 -4.6669 2.4
      vertex -6.36395 -6.36395 2.4
    endloop
  endfacet
  facet normal 0 0 1
    outer loop
      vertex -4.26872 -4.99367 2.4
      vertex -6.36395 -6.36395 2.4
      vertex -5.47911 -7.09012 2.4
    endloop
  endfacet
  facet normal 0 0 1
    outer loop
      vertex -6.4818 -1.2 2.4
      vertex -2.07845 -1.2 2.4
      vertex -6.4818 1.2 2.4
    endloop
  endfacet
  facet normal 0 0 1
    outer loop
      vertex 2.07845 1.2 2.4
      vertex 2.07845 -1.2 2.4
      vertex 6.4818 -1.2 2.4
    endloop
  endfacet
  facet normal 0 0 1
    outer loop
      vertex 0 -9 2.4
      vertex 1.7558 -8.82706 2.4
      vertex 0 -6.59999 2.4
    endloop
  endfacet
  facet normal 0 0 1
    outer loop
      vertex 2.07845 1.2 2.4
      vertex 0 2.39996 2.4
      vertex 2.07845 -1.2 2.4
    endloop
  endfacet
  facet normal -0 0 1
    outer loop
      vertex 2.07845 1.2 2.4
      vertex 6.4818 -1.2 2.4
      vertex 6.4818 1.2 2.4
    endloop
  endfacet
  facet normal 0 0 1
    outer loop
      vertex 7.48322 -5.00012 2.4
      vertex 6.0976 -2.5257 2.4
      vertex 5.48769 -3.66676 2.4
    endloop
  endfacet
  facet normal 0 -0 1
    outer loop
      vertex 6.36395 -6.36395 2.4
      vertex 7.48322 -5.00012 2.4
      vertex 4.6669 -4.6669 2.4
    endloop
  endfacet
  facet normal 0 0 1
    outer loop
      vertex 6.36395 -6.36395 2.4
      vertex 4.6669 -4.6669 2.4
      vertex 4.26872 -4.99367 2.4
    endloop
  endfacet
  facet normal -0 0 1
    outer loop
      vertex -32.7 1.2 2.4
      vertex -30.3 -1.2 2.4
      vertex -30.3 1.2 2.4
    endloop
  endfacet
  facet normal 0 0 1
    outer loop
      vertex -30.3 -4.67653 2.4
      vertex -19.2 -11.0851 2.4
      vertex -19.2 -8.31381 2.4
    endloop
  endfacet
  facet normal 0 0 1
    outer loop
      vertex -32.7 -1.2 2.4
      vertex -32.7 -2.40446 2.4
      vertex -30.3 -1.90523 2.4
    endloop
  endfacet
  facet normal 0 0 1
    outer loop
      vertex -19.2 -8.31381 2.4
      vertex -30.3 -1.90523 2.4
      vertex -30.3 -4.67653 2.4
    endloop
  endfacet
  facet normal -0 0 1
    outer loop
      vertex -19.2 -1.2 2.4
      vertex -19.2 -8.31381 2.4
      vertex -16.8 -1.2 2.4
    endloop
  endfacet
  facet normal -0 0 1
    outer loop
      vertex -30.3 1.2 2.4
      vertex -19.2 -1.2 2.4
      vertex -19.2 1.2 2.4
    endloop
  endfacet
  facet normal 0 0 1
    outer loop
      vertex 30.3 -4.67653 2.4
      vertex 19.2 -8.31381 2.4
      vertex 19.2 -11.0851 2.4
    endloop
  endfacet
  facet normal 0 -0 1
    outer loop
      vertex 16.8 -1.2 2.4
      vertex 16.8 1.2 2.4
      vertex 8.88181 1.2 2.4
    endloop
  endfacet
  facet normal -0 0 1
    outer loop
      vertex 1.28758 -6.47318 2.4
      vertex 1.7558 -8.82706 2.4
      vertex 2.19308 -6.1985 2.4
    endloop
  endfacet
  facet normal 0 0 1
    outer loop
      vertex 19.2 1.2 2.4
      vertex 16.8 1.2 2.4
      vertex 19.2 -1.2 2.4
    endloop
  endfacet
  facet normal 0 0 1
    outer loop
      vertex 30.3 -1.90523 2.4
      vertex 32.7 -2.75218 2.4
      vertex 32.7 -2.40446 2.4
    endloop
  endfacet
  facet normal 0 0 1
    outer loop
      vertex 16.8 -12.4708 2.4
      vertex 9.43921 -13.9492 2.4
      vertex 10.6392 -16.0277 2.4
    endloop
  endfacet
  facet normal 0 0 1
    outer loop
      vertex 30.3 -4.67653 2.4
      vertex 32.7 -2.75218 2.4
      vertex 30.3 -1.90523 2.4
    endloop
  endfacet
  facet normal 0 0 1
    outer loop
      vertex 30.3 -1.90523 2.4
      vertex 19.2 -8.31381 2.4
      vertex 30.3 -4.67653 2.4
    endloop
  endfacet
  facet normal 0 0 1
    outer loop
      vertex 4.26872 -4.99367 2.4
      vertex 5.47911 -7.09012 2.4
      vertex 6.36395 -6.36395 2.4
    endloop
  endfacet
  facet normal 0 0 1
    outer loop
      vertex 19.2 -1.2 2.4
      vertex 16.8 -1.2 2.4
      vertex 19.2 -8.31381 2.4
    endloop
  endfacet
  facet normal 0 0 1
    outer loop
      vertex 7.48322 -5.00012 2.4
      vertex 5.48769 -3.66676 2.4
      vertex 4.6669 -4.6669 2.4
    endloop
  endfacet
  facet normal 0 0 1
    outer loop
      vertex 8.82706 -1.7558 2.4
      vertex 6.0976 -2.5257 2.4
      vertex 8.31491 -3.44414 2.4
    endloop
  endfacet
  facet normal 0 0 1
    outer loop
      vertex 8.88181 -1.2 2.4
      vertex 6.47318 -1.28758 2.4
      vertex 8.82706 -1.7558 2.4
    endloop
  endfacet
  facet normal -0 0 1
    outer loop
      vertex 6.4818 -1.2 2.4
      vertex 6.47318 -1.28758 2.4
      vertex 8.88181 -1.2 2.4
    endloop
  endfacet
  facet normal -0 0 1
    outer loop
      vertex 6.4818 1.2 2.4
      vertex 8.88181 -1.2 2.4
      vertex 8.88181 1.2 2.4
    endloop
  endfacet
  facet normal 0 0 1
    outer loop
      vertex 19.2 -1.2 2.4
      vertex 16.8 1.2 2.4
      vertex 16.8 -1.2 2.4
    endloop
  endfacet
  facet normal 0 0 1
    outer loop
      vertex 19.2 -8.31381 2.4
      vertex 16.8 -9.69946 2.4
      vertex 19.2 -11.0851 2.4
    endloop
  endfacet
  facet normal 0 0 1
    outer loop
      vertex 19.2 -8.31381 2.4
      vertex 16.8 -1.2 2.4
      vertex 16.8 -9.69946 2.4
    endloop
  endfacet
  facet normal 0 0 1
    outer loop
      vertex -2.19308 -6.1985 2.4
      vertex -4.26872 -4.99367 2.4
      vertex -5.47911 -7.09012 2.4
    endloop
  endfacet
  facet normal 0 -0 1
    outer loop
      vertex -2.07845 -1.2 2.4
      vertex -2.07845 1.2 2.4
      vertex -6.4818 1.2 2.4
    endloop
  endfacet
  facet normal 0 0 1
    outer loop
      vertex -7.48322 -5.00012 2.4
      vertex -4.6669 -4.6669 2.4
      vertex -5.48769 -3.66676 2.4
    endloop
  endfacet
  facet normal 0 0 1
    outer loop
      vertex -7.48322 -5.00012 2.4
      vertex -5.48769 -3.66676 2.4
      vertex -6.0976 -2.5257 2.4
    endloop
  endfacet
  facet normal 0 -0 1
    outer loop
      vertex -8.31491 -3.44414 2.4
      vertex -6.0976 -2.5257 2.4
      vertex -8.82706 -1.7558 2.4
    endloop
  endfacet
  facet normal 0 -0 1
    outer loop
      vertex -8.82706 -1.7558 2.4
      vertex -6.47318 -1.28758 2.4
      vertex -8.88181 -1.2 2.4
    endloop
  endfacet
  facet normal 0 0 1
    outer loop
      vertex -6.47318 -1.28758 2.4
      vertex -6.4818 -1.2 2.4
      vertex -8.88181 -1.2 2.4
    endloop
  endfacet
  facet normal 0 -0 1
    outer loop
      vertex -2.19308 -6.1985 2.4
      vertex 0 -2.39996 2.4
      vertex -4.26872 -4.99367 2.4
    endloop
  endfacet
  facet normal 0 -0 1
    outer loop
      vertex 0 -2.39996 2.4
      vertex 0 2.39996 2.4
      vertex -2.07845 1.2 2.4
    endloop
  endfacet
  facet normal 0 -0 1
    outer loop
      vertex 0 -9 2.4
      vertex 0 -6.59999 2.4
      vertex -1.7558 -8.82706 2.4
    endloop
  endfacet
  facet normal 0 0 1
    outer loop
      vertex 4.26872 -4.99367 2.4
      vertex 2.07845 -1.2 2.4
      vertex 0 -2.39996 2.4
    endloop
  endfacet
  facet normal -0 0 1
    outer loop
      vertex -9.43921 -13.9492 2.4
      vertex -7.36076 -15.1492 2.4
      vertex -3.41934 -8.32243 2.4
    endloop
  endfacet
  facet normal 0 -0 1
    outer loop
      vertex -3.41934 -8.32243 2.4
      vertex -2.19308 -6.1985 2.4
      vertex -5.47911 -7.09012 2.4
    endloop
  endfacet
  facet normal 0 0 1
    outer loop
      vertex -4.26872 -4.99367 2.4
      vertex 0 -2.39996 2.4
      vertex -2.07845 -1.2 2.4
    endloop
  endfacet
  facet normal 0 0 1
    outer loop
      vertex 4.26872 -4.99367 2.4
      vertex 2.19308 -6.1985 2.4
      vertex 5.47911 -7.09012 2.4
    endloop
  endfacet
  facet normal 0 0 1
    outer loop
      vertex 4.26872 -4.99367 2.4
      vertex 0 -2.39996 2.4
      vertex 2.19308 -6.1985 2.4
    endloop
  endfacet
  facet normal 0 0 1
    outer loop
      vertex 1.7558 -8.82706 2.4
      vertex 1.28758 -6.47318 2.4
      vertex 0 -6.59999 2.4
    endloop
  endfacet
  facet normal 0 0 1
    outer loop
      vertex 2.40001 -20.7846 2.4
      vertex 0 -19.3989 2.4
      vertex 0 -22.1702 2.4
    endloop
  endfacet
  facet normal 0 -0 1
    outer loop
      vertex -1.7558 -8.82706 2.4
      vertex -1.28758 -6.47318 2.4
      vertex -2.19308 -6.1985 2.4
    endloop
  endfacet
  facet normal -0 0 1
    outer loop
      vertex -8.56076 -17.2277 2.4
      vertex -2.40001 -20.7846 2.4
      vertex -7.36076 -15.1492 2.4
    endloop
  endfacet
  facet normal 0 0 1
    outer loop
      vertex -9.43921 -13.9492 2.4
      vertex -3.41934 -8.32243 2.4
      vertex -5.47911 -7.09012 2.4
    endloop
  endfacet
  facet normal 0 0 1
    outer loop
      vertex -1.28758 -6.47318 2.4
      vertex -1.7558 -8.82706 2.4
      vertex 0 -6.59999 2.4
    endloop
  endfacet
  facet normal 0 0 1
    outer loop
      vertex 1.7558 -8.82706 2.4
      vertex 3.41934 -8.32243 2.4
      vertex 2.19308 -6.1985 2.4
    endloop
  endfacet
  facet normal 0 -0 1
    outer loop
      vertex 3.41934 -8.32243 2.4
      vertex 5.47911 -7.09012 2.4
      vertex 2.19308 -6.1985 2.4
    endloop
  endfacet
  facet normal 0 0 1
    outer loop
      vertex 9.43921 -13.9492 2.4
      vertex 5.47911 -7.09012 2.4
      vertex 3.41934 -8.32243 2.4
    endloop
  endfacet
  facet normal 0 -0 1
    outer loop
      vertex 8.56076 -17.2277 2.4
      vertex 10.6392 -16.0277 2.4
      vertex 7.36076 -15.1492 2.4
    endloop
  endfacet
  facet normal 0 0 1
    outer loop
      vertex 9.43921 -13.9492 2.4
      vertex 3.41934 -8.32243 2.4
      vertex 7.36076 -15.1492 2.4
    endloop
  endfacet
  facet normal 0 0 1
    outer loop
      vertex 14.1108 -26.8405 2.4
      vertex 13.5 -27.1932 2.4
      vertex 15.3108 -28.919 2.4
    endloop
  endfacet
  facet normal 0 0 1
    outer loop
      vertex -16.8 -25.2879 2.4
      vertex -18.7336 -26.9429 2.4
      vertex -18.4323 -27.1168 2.4
    endloop
  endfacet
  facet normal 0 0 1
    outer loop
      vertex -19.2 -23.9023 2.4
      vertex -18.7336 -26.9429 2.4
      vertex -16.8 -25.2879 2.4
    endloop
  endfacet
  facet normal 0 0 1
    outer loop
      vertex -16.8 -9.69946 2.4
      vertex -16.8 -12.4708 2.4
      vertex -9.43921 -13.9492 2.4
    endloop
  endfacet
  facet normal 0 0 1
    outer loop
      vertex -19.2 -11.0851 2.4
      vertex -19.2 -23.9023 2.4
      vertex -16.8 -12.4708 2.4
    endloop
  endfacet
  facet normal 0 -0 1
    outer loop
      vertex -14.1108 -26.8405 2.4
      vertex -8.56076 -17.2277 2.4
      vertex -16.1892 -25.6405 2.4
    endloop
  endfacet
  facet normal 0 0 1
    outer loop
      vertex -9.43921 -13.9492 2.4
      vertex -16.8 -12.4708 2.4
      vertex -10.6392 -16.0277 2.4
    endloop
  endfacet
  facet normal 0 0 1
    outer loop
      vertex 18.4323 -27.1168 2.4
      vertex 16.8 -25.2879 2.4
      vertex 17.3892 -27.719 2.4
    endloop
  endfacet
  facet normal 0 0 1
    outer loop
      vertex 10.6392 -16.0277 2.4
      vertex 9.43921 -13.9492 2.4
      vertex 7.36076 -15.1492 2.4
    endloop
  endfacet
  facet normal 0 0 1
    outer loop
      vertex 16.8 -12.4708 2.4
      vertex 19.2 -11.0851 2.4
      vertex 16.8 -9.69946 2.4
    endloop
  endfacet
  facet normal 0 -0 1
    outer loop
      vertex 19.2 -23.9023 2.4
      vertex 19.2 -11.0851 2.4
      vertex 16.8 -12.4708 2.4
    endloop
  endfacet
  facet normal 0 0 1
    outer loop
      vertex 17.3892 -27.719 2.4
      vertex 16.8 -25.2879 2.4
      vertex 16.1892 -25.6405 2.4
    endloop
  endfacet
  facet normal 0 -0 1
    outer loop
      vertex 18.7336 -26.9429 2.4
      vertex 19.2 -23.9023 2.4
      vertex 16.8 -25.2879 2.4
    endloop
  endfacet
  facet normal 0 0 1
    outer loop
      vertex 16.8 -12.4708 2.4
      vertex 16.8 -25.2879 2.4
      vertex 19.2 -23.9023 2.4
    endloop
  endfacet
  facet normal 0 0 1
    outer loop
      vertex -17.3892 -27.719 2.4
      vertex -14.1108 -26.8405 2.4
      vertex -16.1892 -25.6405 2.4
    endloop
  endfacet
  facet normal 0 0 1
    outer loop
      vertex -15.3108 -28.919 2.4
      vertex -13.5 -27.1932 2.4
      vertex -14.1108 -26.8405 2.4
    endloop
  endfacet
  facet normal 0 0 1
    outer loop
      vertex -16.1892 -25.6405 2.4
      vertex -8.56076 -17.2277 2.4
      vertex -10.6392 -16.0277 2.4
    endloop
  endfacet
  facet normal 0 -0 1
    outer loop
      vertex -2.40001 -20.7846 2.4
      vertex 0 -19.3989 2.4
      vertex -7.36076 -15.1492 2.4
    endloop
  endfacet
  facet normal 0 0 1
    outer loop
      vertex 0 -22.1702 2.4
      vertex -2.40001 -20.7846 2.4
      vertex -11.1 -28.5788 2.4
    endloop
  endfacet
  facet normal 0 -0 1
    outer loop
      vertex 0 -22.1702 2.4
      vertex 0 -19.3989 2.4
      vertex -2.40001 -20.7846 2.4
    endloop
  endfacet
  facet normal 0 0 1
    outer loop
      vertex -2.40001 -20.7846 2.4
      vertex -13.5 -27.1932 2.4
      vertex -11.1 -28.5788 2.4
    endloop
  endfacet
  facet normal 0 0 1
    outer loop
      vertex 11.1 -28.5788 2.4
      vertex 2.40001 -20.7846 2.4
      vertex 0 -22.1702 2.4
    endloop
  endfacet
  facet normal 0 0 1
    outer loop
      vertex 13.5 -27.1932 2.4
      vertex 2.40001 -20.7846 2.4
      vertex 11.1 -28.5788 2.4
    endloop
  endfacet
  facet normal 0 0 1
    outer loop
      vertex 17.3892 -27.719 2.4
      vertex 14.1108 -26.8405 2.4
      vertex 15.3108 -28.919 2.4
    endloop
  endfacet
  facet normal 0 0 1
    outer loop
      vertex 16.1892 -25.6405 2.4
      vertex 8.56076 -17.2277 2.4
      vertex 14.1108 -26.8405 2.4
    endloop
  endfacet
  facet normal 0.227001 -0.973894 0
    outer loop
      vertex 22.8857 -40.1075 0
      vertex 22.6566 -40.1609 2.4
      vertex 22.6566 -40.1609 0
    endloop
  endfacet
  facet normal 0.227001 -0.973894 0
    outer loop
      vertex 22.8857 -40.1075 0
      vertex 22.8857 -40.1075 2.4
      vertex 22.6566 -40.1609 2.4
    endloop
  endfacet
  facet normal 0.412714 -0.910861 0
    outer loop
      vertex 23.1 -40.0104 0
      vertex 22.8857 -40.1075 2.4
      vertex 22.8857 -40.1075 0
    endloop
  endfacet
  facet normal 0.412714 -0.910861 0
    outer loop
      vertex 23.1 -40.0104 0
      vertex 23.1 -40.0104 2.4
      vertex 22.8857 -40.1075 2.4
    endloop
  endfacet
  facet normal 0.582444 -0.812871 0
    outer loop
      vertex 23.2912 -39.8734 0
      vertex 23.1 -40.0104 2.4
      vertex 23.1 -40.0104 0
    endloop
  endfacet
  facet normal 0.582444 -0.812871 0
    outer loop
      vertex 23.2912 -39.8734 0
      vertex 23.2912 -39.8734 2.4
      vertex 23.1 -40.0104 2.4
    endloop
  endfacet
  facet normal 0.730094 -0.683347 0
    outer loop
      vertex 23.452 -39.7016 0
      vertex 23.2912 -39.8734 2.4
      vertex 23.2912 -39.8734 0
    endloop
  endfacet
  facet normal 0.730094 -0.683347 0
    outer loop
      vertex 23.452 -39.7016 0
      vertex 23.452 -39.7016 2.4
      vertex 23.2912 -39.8734 2.4
    endloop
  endfacet
  facet normal 0.849167 -0.528125 0
    outer loop
      vertex 23.5762 -39.5019 0
      vertex 23.452 -39.7016 2.4
      vertex 23.452 -39.7016 0
    endloop
  endfacet
  facet normal 0.849167 -0.528125 0
    outer loop
      vertex 23.5762 -39.5019 0
      vertex 23.5762 -39.5019 2.4
      vertex 23.452 -39.7016 2.4
    endloop
  endfacet
  facet normal 0.935874 -0.352334 0
    outer loop
      vertex 23.6591 -39.2817 0
      vertex 23.5762 -39.5019 2.4
      vertex 23.5762 -39.5019 0
    endloop
  endfacet
  facet normal 0.935874 -0.352334 0
    outer loop
      vertex 23.6591 -39.2817 0
      vertex 23.6591 -39.2817 2.4
      vertex 23.5762 -39.5019 2.4
    endloop
  endfacet
  facet normal 0.986657 -0.162813 0
    outer loop
      vertex 23.6974 -39.0496 0
      vertex 23.6591 -39.2817 2.4
      vertex 23.6591 -39.2817 0
    endloop
  endfacet
  facet normal 0.986657 -0.162813 0
    outer loop
      vertex 23.6974 -39.0496 0
      vertex 23.6974 -39.0496 2.4
      vertex 23.6591 -39.2817 2.4
    endloop
  endfacet
  facet normal 0.999464 0.0327345 0
    outer loop
      vertex 23.6897 -38.8145 0
      vertex 23.6974 -39.0496 2.4
      vertex 23.6974 -39.0496 0
    endloop
  endfacet
  facet normal 0.999464 0.0327345 -0
    outer loop
      vertex 23.6897 -38.8145 0
      vertex 23.6897 -38.8145 2.4
      vertex 23.6974 -39.0496 2.4
    endloop
  endfacet
  facet normal 0.973894 0.227001 0
    outer loop
      vertex 23.6363 -38.5854 0
      vertex 23.6897 -38.8145 2.4
      vertex 23.6897 -38.8145 0
    endloop
  endfacet
  facet normal 0.973894 0.227001 -0
    outer loop
      vertex 23.6363 -38.5854 0
      vertex 23.6363 -38.5854 2.4
      vertex 23.6897 -38.8145 2.4
    endloop
  endfacet
  facet normal 0.910861 0.412714 0
    outer loop
      vertex 23.5392 -38.3711 0
      vertex 23.6363 -38.5854 2.4
      vertex 23.6363 -38.5854 0
    endloop
  endfacet
  facet normal 0.910861 0.412714 -0
    outer loop
      vertex 23.5392 -38.3711 0
      vertex 23.5392 -38.3711 2.4
      vertex 23.6363 -38.5854 2.4
    endloop
  endfacet
  facet normal 0.866025 0.5 0
    outer loop
      vertex 17.3892 -27.719 0
      vertex 23.5392 -38.3711 2.4
      vertex 23.5392 -38.3711 0
    endloop
  endfacet
  facet normal 0.866025 0.5 -0
    outer loop
      vertex 17.3892 -27.719 0
      vertex 17.3892 -27.719 2.4
      vertex 23.5392 -38.3711 2.4
    endloop
  endfacet
  facet normal 0.499979 -0.866038 0
    outer loop
      vertex 18.4323 -27.1168 0
      vertex 17.3892 -27.719 2.4
      vertex 17.3892 -27.719 0
    endloop
  endfacet
  facet normal 0.499979 -0.866038 0
    outer loop
      vertex 18.4323 -27.1168 0
      vertex 18.4323 -27.1168 2.4
      vertex 17.3892 -27.719 2.4
    endloop
  endfacet
  facet normal 0.291586 -0.956545 0
    outer loop
      vertex 18.4592 -27.1086 0
      vertex 18.4323 -27.1168 2.4
      vertex 18.4323 -27.1168 0
    endloop
  endfacet
  facet normal 0.291586 -0.956545 0
    outer loop
      vertex 18.4592 -27.1086 0
      vertex 18.4592 -27.1086 2.4
      vertex 18.4323 -27.1168 2.4
    endloop
  endfacet
  facet normal 0.471029 -0.882117 0
    outer loop
      vertex 18.6667 -26.9978 0
      vertex 18.4592 -27.1086 2.4
      vertex 18.4592 -27.1086 0
    endloop
  endfacet
  facet normal 0.471029 -0.882117 0
    outer loop
      vertex 18.6667 -26.9978 0
      vertex 18.6667 -26.9978 2.4
      vertex 18.4592 -27.1086 2.4
    endloop
  endfacet
  facet normal 0.63437 -0.77303 0
    outer loop
      vertex 18.7336 -26.9429 0
      vertex 18.6667 -26.9978 2.4
      vertex 18.6667 -26.9978 0
    endloop
  endfacet
  facet normal 0.63437 -0.77303 0
    outer loop
      vertex 18.7336 -26.9429 0
      vertex 18.7336 -26.9429 2.4
      vertex 18.6667 -26.9978 2.4
    endloop
  endfacet
  facet normal 0.500007 -0.866021 0
    outer loop
      vertex 28.4743 -21.319 0
      vertex 18.7336 -26.9429 2.4
      vertex 18.7336 -26.9429 0
    endloop
  endfacet
  facet normal 0.500007 -0.866021 0
    outer loop
      vertex 28.4743 -21.319 0
      vertex 28.4743 -21.319 2.4
      vertex 18.7336 -26.9429 2.4
    endloop
  endfacet
  facet normal 0.582243 -0.813015 0
    outer loop
      vertex 28.6656 -21.182 0
      vertex 28.4743 -21.319 2.4
      vertex 28.4743 -21.319 0
    endloop
  endfacet
  facet normal 0.582243 -0.813015 0
    outer loop
      vertex 28.6656 -21.182 0
      vertex 28.6656 -21.182 2.4
      vertex 28.4743 -21.319 2.4
    endloop
  endfacet
  facet normal 0.729895 -0.683559 0
    outer loop
      vertex 28.8264 -21.0103 0
      vertex 28.6656 -21.182 2.4
      vertex 28.6656 -21.182 0
    endloop
  endfacet
  facet normal 0.729895 -0.683559 0
    outer loop
      vertex 28.8264 -21.0103 0
      vertex 28.8264 -21.0103 2.4
      vertex 28.6656 -21.182 2.4
    endloop
  endfacet
  facet normal 0.849285 -0.527934 0
    outer loop
      vertex 28.9506 -20.8105 0
      vertex 28.8264 -21.0103 2.4
      vertex 28.8264 -21.0103 0
    endloop
  endfacet
  facet normal 0.849285 -0.527934 0
    outer loop
      vertex 28.9506 -20.8105 0
      vertex 28.9506 -20.8105 2.4
      vertex 28.8264 -21.0103 2.4
    endloop
  endfacet
  facet normal 0.935821 -0.352474 0
    outer loop
      vertex 29.0335 -20.5904 0
      vertex 28.9506 -20.8105 2.4
      vertex 28.9506 -20.8105 0
    endloop
  endfacet
  facet normal 0.935821 -0.352474 0
    outer loop
      vertex 29.0335 -20.5904 0
      vertex 29.0335 -20.5904 2.4
      vertex 28.9506 -20.8105 2.4
    endloop
  endfacet
  facet normal 0.986657 -0.162813 0
    outer loop
      vertex 29.0718 -20.3583 0
      vertex 29.0335 -20.5904 2.4
      vertex 29.0335 -20.5904 0
    endloop
  endfacet
  facet normal 0.986657 -0.162813 0
    outer loop
      vertex 29.0718 -20.3583 0
      vertex 29.0718 -20.3583 2.4
      vertex 29.0335 -20.5904 2.4
    endloop
  endfacet
  facet normal 0.999464 0.0327345 0
    outer loop
      vertex 29.0641 -20.1232 0
      vertex 29.0718 -20.3583 2.4
      vertex 29.0718 -20.3583 0
    endloop
  endfacet
  facet normal 0.999464 0.0327345 -0
    outer loop
      vertex 29.0641 -20.1232 0
      vertex 29.0641 -20.1232 2.4
      vertex 29.0718 -20.3583 2.4
    endloop
  endfacet
  facet normal 0.973894 0.227001 0
    outer loop
      vertex 29.0107 -19.8941 0
      vertex 29.0641 -20.1232 2.4
      vertex 29.0641 -20.1232 0
    endloop
  endfacet
  facet normal 0.973894 0.227001 -0
    outer loop
      vertex 29.0107 -19.8941 0
      vertex 29.0107 -19.8941 2.4
      vertex 29.0641 -20.1232 2.4
    endloop
  endfacet
  facet normal 0.910861 0.412714 0
    outer loop
      vertex 28.9136 -19.6798 0
      vertex 29.0107 -19.8941 2.4
      vertex 29.0107 -19.8941 0
    endloop
  endfacet
  facet normal 0.910861 0.412714 -0
    outer loop
      vertex 28.9136 -19.6798 0
      vertex 28.9136 -19.6798 2.4
      vertex 29.0107 -19.8941 2.4
    endloop
  endfacet
  facet normal 0.812871 0.582444 0
    outer loop
      vertex 28.7766 -19.4886 0
      vertex 28.9136 -19.6798 2.4
      vertex 28.9136 -19.6798 0
    endloop
  endfacet
  facet normal 0.812871 0.582444 -0
    outer loop
      vertex 28.7766 -19.4886 0
      vertex 28.7766 -19.4886 2.4
      vertex 28.9136 -19.6798 2.4
    endloop
  endfacet
  facet normal 0.683347 0.730094 0
    outer loop
      vertex 28.6048 -19.3278 0
      vertex 28.7766 -19.4886 2.4
      vertex 28.7766 -19.4886 0
    endloop
  endfacet
  facet normal 0.683347 0.730094 -0
    outer loop
      vertex 28.6048 -19.3278 0
      vertex 28.6048 -19.3278 2.4
      vertex 28.7766 -19.4886 2.4
    endloop
  endfacet
  facet normal 0.528125 0.849167 0
    outer loop
      vertex 28.4051 -19.2036 0
      vertex 28.6048 -19.3278 2.4
      vertex 28.6048 -19.3278 0
    endloop
  endfacet
  facet normal 0.528125 0.849167 -0
    outer loop
      vertex 28.4051 -19.2036 0
      vertex 28.4051 -19.2036 2.4
      vertex 28.6048 -19.3278 2.4
    endloop
  endfacet
  facet normal 0.352334 0.935874 0
    outer loop
      vertex 28.1849 -19.1207 0
      vertex 28.4051 -19.2036 2.4
      vertex 28.4051 -19.2036 0
    endloop
  endfacet
  facet normal 0.352334 0.935874 -0
    outer loop
      vertex 28.1849 -19.1207 0
      vertex 28.1849 -19.1207 2.4
      vertex 28.4051 -19.2036 2.4
    endloop
  endfacet
  facet normal 0.162813 0.986657 0
    outer loop
      vertex 27.9528 -19.0824 0
      vertex 28.1849 -19.1207 2.4
      vertex 28.1849 -19.1207 0
    endloop
  endfacet
  facet normal 0.162813 0.986657 -0
    outer loop
      vertex 27.9528 -19.0824 0
      vertex 27.9528 -19.0824 2.4
      vertex 28.1849 -19.1207 2.4
    endloop
  endfacet
  facet normal -0.0327345 0.999464 0
    outer loop
      vertex 27.7177 -19.0901 0
      vertex 27.9528 -19.0824 2.4
      vertex 27.9528 -19.0824 0
    endloop
  endfacet
  facet normal -0.0327345 0.999464 0
    outer loop
      vertex 27.7177 -19.0901 0
      vertex 27.7177 -19.0901 2.4
      vertex 27.9528 -19.0824 2.4
    endloop
  endfacet
  facet normal -0.227001 0.973894 0
    outer loop
      vertex 27.4886 -19.1435 0
      vertex 27.7177 -19.0901 2.4
      vertex 27.7177 -19.0901 0
    endloop
  endfacet
  facet normal -0.227001 0.973894 0
    outer loop
      vertex 27.4886 -19.1435 0
      vertex 27.4886 -19.1435 2.4
      vertex 27.7177 -19.0901 2.4
    endloop
  endfacet
  facet normal -0.412714 0.910861 0
    outer loop
      vertex 27.2743 -19.2406 0
      vertex 27.4886 -19.1435 2.4
      vertex 27.4886 -19.1435 0
    endloop
  endfacet
  facet normal -0.412714 0.910861 0
    outer loop
      vertex 27.2743 -19.2406 0
      vertex 27.2743 -19.2406 2.4
      vertex 27.4886 -19.1435 2.4
    endloop
  endfacet
  facet normal -0.5 0.866025 0
    outer loop
      vertex 19.2 -23.9023 0
      vertex 27.2743 -19.2406 2.4
      vertex 27.2743 -19.2406 0
    endloop
  endfacet
  facet normal -0.5 0.866025 0
    outer loop
      vertex 19.2 -23.9023 0
      vertex 19.2 -23.9023 2.4
      vertex 27.2743 -19.2406 2.4
    endloop
  endfacet
  facet normal 1 0 0
    outer loop
      vertex 19.2 -11.0851 0
      vertex 19.2 -23.9023 2.4
      vertex 19.2 -23.9023 0
    endloop
  endfacet
  facet normal 1 0 -0
    outer loop
      vertex 19.2 -11.0851 0
      vertex 19.2 -11.0851 2.4
      vertex 19.2 -23.9023 2.4
    endloop
  endfacet
  facet normal 0.499999 -0.866026 0
    outer loop
      vertex 30.3 -4.67653 0
      vertex 19.2 -11.0851 2.4
      vertex 19.2 -11.0851 0
    endloop
  endfacet
  facet normal 0.499999 -0.866026 0
    outer loop
      vertex 30.3 -4.67653 0
      vertex 30.3 -4.67653 2.4
      vertex 19.2 -11.0851 2.4
    endloop
  endfacet
  facet normal -1 0 0
    outer loop
      vertex 30.3 -14 0
      vertex 30.3 -4.67653 2.4
      vertex 30.3 -4.67653 0
    endloop
  endfacet
  facet normal -1 0 0
    outer loop
      vertex 30.3 -14 0
      vertex 30.3 -14 2.4
      vertex 30.3 -4.67653 2.4
    endloop
  endfacet
  facet normal -0.995208 -0.0977778 0
    outer loop
      vertex 30.323 -14.2341 0
      vertex 30.3 -14 2.4
      vertex 30.3 -14 0
    endloop
  endfacet
  facet normal -0.995208 -0.0977778 0
    outer loop
      vertex 30.323 -14.2341 0
      vertex 30.323 -14.2341 2.4
      vertex 30.3 -14 2.4
    endloop
  endfacet
  facet normal -0.956921 -0.29035 0
    outer loop
      vertex 30.3913 -14.4592 0
      vertex 30.323 -14.2341 2.4
      vertex 30.323 -14.2341 0
    endloop
  endfacet
  facet normal -0.956921 -0.29035 0
    outer loop
      vertex 30.3913 -14.4592 0
      vertex 30.3913 -14.4592 2.4
      vertex 30.323 -14.2341 2.4
    endloop
  endfacet
  facet normal -0.881941 -0.47136 0
    outer loop
      vertex 30.5022 -14.6667 0
      vertex 30.3913 -14.4592 2.4
      vertex 30.3913 -14.4592 0
    endloop
  endfacet
  facet normal -0.881941 -0.47136 0
    outer loop
      vertex 30.5022 -14.6667 0
      vertex 30.5022 -14.6667 2.4
      vertex 30.3913 -14.4592 2.4
    endloop
  endfacet
  facet normal -0.772801 -0.634649 0
    outer loop
      vertex 30.6515 -14.8485 0
      vertex 30.5022 -14.6667 2.4
      vertex 30.5022 -14.6667 0
    endloop
  endfacet
  facet normal -0.772801 -0.634649 0
    outer loop
      vertex 30.6515 -14.8485 0
      vertex 30.6515 -14.8485 2.4
      vertex 30.5022 -14.6667 2.4
    endloop
  endfacet
  facet normal -0.634649 -0.772801 0
    outer loop
      vertex 30.8333 -14.9978 0
      vertex 30.6515 -14.8485 2.4
      vertex 30.6515 -14.8485 0
    endloop
  endfacet
  facet normal -0.634649 -0.772801 0
    outer loop
      vertex 30.8333 -14.9978 0
      vertex 30.8333 -14.9978 2.4
      vertex 30.6515 -14.8485 2.4
    endloop
  endfacet
  facet normal -0.471029 -0.882117 0
    outer loop
      vertex 31.0408 -15.1086 0
      vertex 30.8333 -14.9978 2.4
      vertex 30.8333 -14.9978 0
    endloop
  endfacet
  facet normal -0.471029 -0.882117 0
    outer loop
      vertex 31.0408 -15.1086 0
      vertex 31.0408 -15.1086 2.4
      vertex 30.8333 -14.9978 2.4
    endloop
  endfacet
  facet normal -0.29035 -0.956921 0
    outer loop
      vertex 31.2659 -15.1769 0
      vertex 31.0408 -15.1086 2.4
      vertex 31.0408 -15.1086 0
    endloop
  endfacet
  facet normal -0.29035 -0.956921 0
    outer loop
      vertex 31.2659 -15.1769 0
      vertex 31.2659 -15.1769 2.4
      vertex 31.0408 -15.1086 2.4
    endloop
  endfacet
  facet normal -0.0981989 -0.995167 0
    outer loop
      vertex 31.5 -15.2 0
      vertex 31.2659 -15.1769 2.4
      vertex 31.2659 -15.1769 0
    endloop
  endfacet
  facet normal -0.0981989 -0.995167 0
    outer loop
      vertex 31.5 -15.2 0
      vertex 31.5 -15.2 2.4
      vertex 31.2659 -15.1769 2.4
    endloop
  endfacet
  facet normal 0.0981989 -0.995167 0
    outer loop
      vertex 31.7341 -15.1769 0
      vertex 31.5 -15.2 2.4
      vertex 31.5 -15.2 0
    endloop
  endfacet
  facet normal 0.0981989 -0.995167 0
    outer loop
      vertex 31.7341 -15.1769 0
      vertex 31.7341 -15.1769 2.4
      vertex 31.5 -15.2 2.4
    endloop
  endfacet
  facet normal 0.29035 -0.956921 0
    outer loop
      vertex 31.9592 -15.1086 0
      vertex 31.7341 -15.1769 2.4
      vertex 31.7341 -15.1769 0
    endloop
  endfacet
  facet normal 0.29035 -0.956921 0
    outer loop
      vertex 31.9592 -15.1086 0
      vertex 31.9592 -15.1086 2.4
      vertex 31.7341 -15.1769 2.4
    endloop
  endfacet
  facet normal 0.471029 -0.882117 0
    outer loop
      vertex 32.1667 -14.9978 0
      vertex 31.9592 -15.1086 2.4
      vertex 31.9592 -15.1086 0
    endloop
  endfacet
  facet normal 0.471029 -0.882117 0
    outer loop
      vertex 32.1667 -14.9978 0
      vertex 32.1667 -14.9978 2.4
      vertex 31.9592 -15.1086 2.4
    endloop
  endfacet
  facet normal 0.634649 -0.772801 0
    outer loop
      vertex 32.3485 -14.8485 0
      vertex 32.1667 -14.9978 2.4
      vertex 32.1667 -14.9978 0
    endloop
  endfacet
  facet normal 0.634649 -0.772801 0
    outer loop
      vertex 32.3485 -14.8485 0
      vertex 32.3485 -14.8485 2.4
      vertex 32.1667 -14.9978 2.4
    endloop
  endfacet
  facet normal 0.772801 -0.634649 0
    outer loop
      vertex 32.4978 -14.6667 0
      vertex 32.3485 -14.8485 2.4
      vertex 32.3485 -14.8485 0
    endloop
  endfacet
  facet normal 0.772801 -0.634649 0
    outer loop
      vertex 32.4978 -14.6667 0
      vertex 32.4978 -14.6667 2.4
      vertex 32.3485 -14.8485 2.4
    endloop
  endfacet
  facet normal 0.882117 -0.471029 0
    outer loop
      vertex 32.6086 -14.4592 0
      vertex 32.4978 -14.6667 2.4
      vertex 32.4978 -14.6667 0
    endloop
  endfacet
  facet normal 0.882117 -0.471029 0
    outer loop
      vertex 32.6086 -14.4592 0
      vertex 32.6086 -14.4592 2.4
      vertex 32.4978 -14.6667 2.4
    endloop
  endfacet
  facet normal 0.956921 -0.29035 0
    outer loop
      vertex 32.6769 -14.2341 0
      vertex 32.6086 -14.4592 2.4
      vertex 32.6086 -14.4592 0
    endloop
  endfacet
  facet normal 0.956921 -0.29035 0
    outer loop
      vertex 32.6769 -14.2341 0
      vertex 32.6769 -14.2341 2.4
      vertex 32.6086 -14.4592 2.4
    endloop
  endfacet
  facet normal 0.995167 -0.0981989 0
    outer loop
      vertex 32.7 -14 0
      vertex 32.6769 -14.2341 2.4
      vertex 32.6769 -14.2341 0
    endloop
  endfacet
  facet normal 0.995167 -0.0981989 0
    outer loop
      vertex 32.7 -14 0
      vertex 32.7 -14 2.4
      vertex 32.6769 -14.2341 2.4
    endloop
  endfacet
  facet normal 1 0 0
    outer loop
      vertex 32.7 -2.75218 0
      vertex 32.7 -14 2.4
      vertex 32.7 -14 0
    endloop
  endfacet
  facet normal 1 0 -0
    outer loop
      vertex 32.7 -2.75218 0
      vertex 32.7 -2.75218 2.4
      vertex 32.7 -14 2.4
    endloop
  endfacet
  facet normal 0.986596 -0.163179 0
    outer loop
      vertex 32.7141 -2.66693 0
      vertex 32.7 -2.75218 2.4
      vertex 32.7 -2.75218 0
    endloop
  endfacet
  facet normal 0.986596 -0.163179 0
    outer loop
      vertex 32.7141 -2.66693 0
      vertex 32.7141 -2.66693 2.4
      vertex 32.7 -2.75218 2.4
    endloop
  endfacet
  facet normal 0.999464 0.0327331 0
    outer loop
      vertex 32.7064 -2.43182 0
      vertex 32.7141 -2.66693 2.4
      vertex 32.7141 -2.66693 0
    endloop
  endfacet
  facet normal 0.999464 0.0327331 -0
    outer loop
      vertex 32.7064 -2.43182 0
      vertex 32.7064 -2.43182 2.4
      vertex 32.7141 -2.66693 2.4
    endloop
  endfacet
  facet normal 0.973715 0.22777 0
    outer loop
      vertex 32.7 -2.40446 0
      vertex 32.7064 -2.43182 2.4
      vertex 32.7064 -2.43182 0
    endloop
  endfacet
  facet normal 0.973715 0.22777 -0
    outer loop
      vertex 32.7 -2.40446 0
      vertex 32.7 -2.40446 2.4
      vertex 32.7064 -2.43182 2.4
    endloop
  endfacet
  facet normal 1 0 0
    outer loop
      vertex 32.7 -1.2 0
      vertex 32.7 -2.40446 2.4
      vertex 32.7 -2.40446 0
    endloop
  endfacet
  facet normal 1 0 -0
    outer loop
      vertex 32.7 -1.2 0
      vertex 32.7 -1.2 2.4
      vertex 32.7 -2.40446 2.4
    endloop
  endfacet
  facet normal 0 -1 0
    outer loop
      vertex 43.2042 -1.2 0
      vertex 32.7 -1.2 2.4
      vertex 32.7 -1.2 0
    endloop
  endfacet
  facet normal 0 -1 0
    outer loop
      vertex 43.2042 -1.2 0
      vertex 43.2042 -1.2 2.4
      vertex 32.7 -1.2 2.4
    endloop
  endfacet
  facet normal -0.956961 -0.290216 0
    outer loop
      vertex 43.3045 -1.53073 0
      vertex 43.2042 -1.2 2.4
      vertex 43.2042 -1.2 0
    endloop
  endfacet
  facet normal -0.956961 -0.290216 0
    outer loop
      vertex 43.3045 -1.53073 0
      vertex 43.3045 -1.53073 2.4
      vertex 43.2042 -1.2 2.4
    endloop
  endfacet
  facet normal -0.88194 -0.471361 0
    outer loop
      vertex 43.6741 -2.22227 0
      vertex 43.3045 -1.53073 2.4
      vertex 43.3045 -1.53073 0
    endloop
  endfacet
  facet normal -0.88194 -0.471361 0
    outer loop
      vertex 43.6741 -2.22227 0
      vertex 43.6741 -2.22227 2.4
      vertex 43.3045 -1.53073 2.4
    endloop
  endfacet
  facet normal -0.772977 -0.634434 0
    outer loop
      vertex 44.1716 -2.82841 0
      vertex 43.6741 -2.22227 2.4
      vertex 43.6741 -2.22227 0
    endloop
  endfacet
  facet normal -0.772977 -0.634434 0
    outer loop
      vertex 44.1716 -2.82841 0
      vertex 44.1716 -2.82841 2.4
      vertex 43.6741 -2.22227 2.4
    endloop
  endfacet
  facet normal -0.634429 -0.772981 0
    outer loop
      vertex 44.7777 -3.32587 0
      vertex 44.1716 -2.82841 2.4
      vertex 44.1716 -2.82841 0
    endloop
  endfacet
  facet normal -0.634429 -0.772981 0
    outer loop
      vertex 44.7777 -3.32587 0
      vertex 44.7777 -3.32587 2.4
      vertex 44.1716 -2.82841 2.4
    endloop
  endfacet
  facet normal -0.471369 -0.881936 0
    outer loop
      vertex 45.4693 -3.69551 0
      vertex 44.7777 -3.32587 2.4
      vertex 44.7777 -3.32587 0
    endloop
  endfacet
  facet normal -0.471369 -0.881936 0
    outer loop
      vertex 45.4693 -3.69551 0
      vertex 45.4693 -3.69551 2.4
      vertex 44.7777 -3.32587 2.4
    endloop
  endfacet
  facet normal -0.290271 -0.956944 0
    outer loop
      vertex 46.2197 -3.92313 0
      vertex 45.4693 -3.69551 2.4
      vertex 45.4693 -3.69551 0
    endloop
  endfacet
  facet normal -0.290271 -0.956944 0
    outer loop
      vertex 46.2197 -3.92313 0
      vertex 46.2197 -3.92313 2.4
      vertex 45.4693 -3.69551 2.4
    endloop
  endfacet
  facet normal -0.0980388 -0.995183 0
    outer loop
      vertex 47 -4 0
      vertex 46.2197 -3.92313 2.4
      vertex 46.2197 -3.92313 0
    endloop
  endfacet
  facet normal -0.0980388 -0.995183 0
    outer loop
      vertex 47 -4 0
      vertex 47 -4 2.4
      vertex 46.2197 -3.92313 2.4
    endloop
  endfacet
  facet normal 0.0980388 -0.995183 0
    outer loop
      vertex 47.7803 -3.92313 0
      vertex 47 -4 2.4
      vertex 47 -4 0
    endloop
  endfacet
  facet normal 0.0980388 -0.995183 0
    outer loop
      vertex 47.7803 -3.92313 0
      vertex 47.7803 -3.92313 2.4
      vertex 47 -4 2.4
    endloop
  endfacet
  facet normal 0.290271 -0.956944 0
    outer loop
      vertex 48.5307 -3.69551 0
      vertex 47.7803 -3.92313 2.4
      vertex 47.7803 -3.92313 0
    endloop
  endfacet
  facet normal 0.290271 -0.956944 0
    outer loop
      vertex 48.5307 -3.69551 0
      vertex 48.5307 -3.69551 2.4
      vertex 47.7803 -3.92313 2.4
    endloop
  endfacet
  facet normal 0.471369 -0.881936 0
    outer loop
      vertex 49.2223 -3.32587 0
      vertex 48.5307 -3.69551 2.4
      vertex 48.5307 -3.69551 0
    endloop
  endfacet
  facet normal 0.471369 -0.881936 0
    outer loop
      vertex 49.2223 -3.32587 0
      vertex 49.2223 -3.32587 2.4
      vertex 48.5307 -3.69551 2.4
    endloop
  endfacet
  facet normal 0.634429 -0.772981 0
    outer loop
      vertex 49.8284 -2.82841 0
      vertex 49.2223 -3.32587 2.4
      vertex 49.2223 -3.32587 0
    endloop
  endfacet
  facet normal 0.634429 -0.772981 0
    outer loop
      vertex 49.8284 -2.82841 0
      vertex 49.8284 -2.82841 2.4
      vertex 49.2223 -3.32587 2.4
    endloop
  endfacet
  facet normal 0.772977 -0.634434 0
    outer loop
      vertex 50.3259 -2.22227 0
      vertex 49.8284 -2.82841 2.4
      vertex 49.8284 -2.82841 0
    endloop
  endfacet
  facet normal 0.772977 -0.634434 0
    outer loop
      vertex 50.3259 -2.22227 0
      vertex 50.3259 -2.22227 2.4
      vertex 49.8284 -2.82841 2.4
    endloop
  endfacet
  facet normal 0.88194 -0.471361 0
    outer loop
      vertex 50.6955 -1.53073 0
      vertex 50.3259 -2.22227 2.4
      vertex 50.3259 -2.22227 0
    endloop
  endfacet
  facet normal 0.88194 -0.471361 0
    outer loop
      vertex 50.6955 -1.53073 0
      vertex 50.6955 -1.53073 2.4
      vertex 50.3259 -2.22227 2.4
    endloop
  endfacet
  facet normal 0.956949 -0.290255 0
    outer loop
      vertex 50.9231 -0.78035 0
      vertex 50.6955 -1.53073 2.4
      vertex 50.6955 -1.53073 0
    endloop
  endfacet
  facet normal 0.956949 -0.290255 0
    outer loop
      vertex 50.9231 -0.78035 0
      vertex 50.9231 -0.78035 2.4
      vertex 50.6955 -1.53073 2.4
    endloop
  endfacet
  facet normal 0.995179 -0.0980705 0
    outer loop
      vertex 51 0 0
      vertex 50.9231 -0.78035 2.4
      vertex 50.9231 -0.78035 0
    endloop
  endfacet
  facet normal 0.995179 -0.0980705 0
    outer loop
      vertex 51 0 0
      vertex 51 0 2.4
      vertex 50.9231 -0.78035 2.4
    endloop
  endfacet
  facet normal 0.995179 0.0980705 0
    outer loop
      vertex 50.9231 0.78035 0
      vertex 51 0 2.4
      vertex 51 0 0
    endloop
  endfacet
  facet normal 0.995179 0.0980705 -0
    outer loop
      vertex 50.9231 0.78035 0
      vertex 50.9231 0.78035 2.4
      vertex 51 0 2.4
    endloop
  endfacet
  facet normal 0.956949 0.290255 0
    outer loop
      vertex 50.6955 1.53073 0
      vertex 50.9231 0.78035 2.4
      vertex 50.9231 0.78035 0
    endloop
  endfacet
  facet normal 0.956949 0.290255 -0
    outer loop
      vertex 50.6955 1.53073 0
      vertex 50.6955 1.53073 2.4
      vertex 50.9231 0.78035 2.4
    endloop
  endfacet
  facet normal 0.88194 0.471361 0
    outer loop
      vertex 50.3259 2.22227 0
      vertex 50.6955 1.53073 2.4
      vertex 50.6955 1.53073 0
    endloop
  endfacet
  facet normal 0.88194 0.471361 -0
    outer loop
      vertex 50.3259 2.22227 0
      vertex 50.3259 2.22227 2.4
      vertex 50.6955 1.53073 2.4
    endloop
  endfacet
  facet normal 0.772977 0.634434 0
    outer loop
      vertex 49.8284 2.82841 0
      vertex 50.3259 2.22227 2.4
      vertex 50.3259 2.22227 0
    endloop
  endfacet
  facet normal 0.772977 0.634434 -0
    outer loop
      vertex 49.8284 2.82841 0
      vertex 49.8284 2.82841 2.4
      vertex 50.3259 2.22227 2.4
    endloop
  endfacet
  facet normal 0.634429 0.772981 0
    outer loop
      vertex 49.2223 3.32587 0
      vertex 49.8284 2.82841 2.4
      vertex 49.8284 2.82841 0
    endloop
  endfacet
  facet normal 0.634429 0.772981 -0
    outer loop
      vertex 49.2223 3.32587 0
      vertex 49.2223 3.32587 2.4
      vertex 49.8284 2.82841 2.4
    endloop
  endfacet
  facet normal 0.471369 0.881936 0
    outer loop
      vertex 48.5307 3.69551 0
      vertex 49.2223 3.32587 2.4
      vertex 49.2223 3.32587 0
    endloop
  endfacet
  facet normal 0.471369 0.881936 -0
    outer loop
      vertex 48.5307 3.69551 0
      vertex 48.5307 3.69551 2.4
      vertex 49.2223 3.32587 2.4
    endloop
  endfacet
  facet normal 0.290271 0.956944 0
    outer loop
      vertex 47.7803 3.92313 0
      vertex 48.5307 3.69551 2.4
      vertex 48.5307 3.69551 0
    endloop
  endfacet
  facet normal 0.290271 0.956944 -0
    outer loop
      vertex 47.7803 3.92313 0
      vertex 47.7803 3.92313 2.4
      vertex 48.5307 3.69551 2.4
    endloop
  endfacet
  facet normal 0.0980388 0.995183 0
    outer loop
      vertex 47 4 0
      vertex 47.7803 3.92313 2.4
      vertex 47.7803 3.92313 0
    endloop
  endfacet
  facet normal 0.0980388 0.995183 -0
    outer loop
      vertex 47 4 0
      vertex 47 4 2.4
      vertex 47.7803 3.92313 2.4
    endloop
  endfacet
  facet normal -0.0980388 0.995183 0
    outer loop
      vertex 46.2197 3.92313 0
      vertex 47 4 2.4
      vertex 47 4 0
    endloop
  endfacet
  facet normal -0.0980388 0.995183 0
    outer loop
      vertex 46.2197 3.92313 0
      vertex 46.2197 3.92313 2.4
      vertex 47 4 2.4
    endloop
  endfacet
  facet normal -0.290271 0.956944 0
    outer loop
      vertex 45.4693 3.69551 0
      vertex 46.2197 3.92313 2.4
      vertex 46.2197 3.92313 0
    endloop
  endfacet
  facet normal -0.290271 0.956944 0
    outer loop
      vertex 45.4693 3.69551 0
      vertex 45.4693 3.69551 2.4
      vertex 46.2197 3.92313 2.4
    endloop
  endfacet
  facet normal -0.471369 0.881936 0
    outer loop
      vertex 44.7777 3.32587 0
      vertex 45.4693 3.69551 2.4
      vertex 45.4693 3.69551 0
    endloop
  endfacet
  facet normal -0.471369 0.881936 0
    outer loop
      vertex 44.7777 3.32587 0
      vertex 44.7777 3.32587 2.4
      vertex 45.4693 3.69551 2.4
    endloop
  endfacet
  facet normal -0.634429 0.772981 0
    outer loop
      vertex 44.1716 2.82841 0
      vertex 44.7777 3.32587 2.4
      vertex 44.7777 3.32587 0
    endloop
  endfacet
  facet normal -0.634429 0.772981 0
    outer loop
      vertex 44.1716 2.82841 0
      vertex 44.1716 2.82841 2.4
      vertex 44.7777 3.32587 2.4
    endloop
  endfacet
  facet normal -0.772977 0.634434 0
    outer loop
      vertex 43.6741 2.22227 0
      vertex 44.1716 2.82841 2.4
      vertex 44.1716 2.82841 0
    endloop
  endfacet
  facet normal -0.772977 0.634434 0
    outer loop
      vertex 43.6741 2.22227 0
      vertex 43.6741 2.22227 2.4
      vertex 44.1716 2.82841 2.4
    endloop
  endfacet
  facet normal -0.88194 0.471361 0
    outer loop
      vertex 43.3045 1.53073 0
      vertex 43.6741 2.22227 2.4
      vertex 43.6741 2.22227 0
    endloop
  endfacet
  facet normal -0.88194 0.471361 0
    outer loop
      vertex 43.3045 1.53073 0
      vertex 43.3045 1.53073 2.4
      vertex 43.6741 2.22227 2.4
    endloop
  endfacet
  facet normal -0.956961 0.290216 0
    outer loop
      vertex 43.2042 1.2 0
      vertex 43.3045 1.53073 2.4
      vertex 43.3045 1.53073 0
    endloop
  endfacet
  facet normal -0.956961 0.290216 0
    outer loop
      vertex 43.2042 1.2 0
      vertex 43.2042 1.2 2.4
      vertex 43.3045 1.53073 2.4
    endloop
  endfacet
  facet normal 0 1 0
    outer loop
      vertex 32.7 1.2 0
      vertex 43.2042 1.2 2.4
      vertex 43.2042 1.2 0
    endloop
  endfacet
  facet normal 0 1 0
    outer loop
      vertex 32.7 1.2 0
      vertex 32.7 1.2 2.4
      vertex 43.2042 1.2 2.4
    endloop
  endfacet
  facet normal 1 0 0
    outer loop
      vertex 32.7 2.40446 0
      vertex 32.7 1.2 2.4
      vertex 32.7 1.2 0
    endloop
  endfacet
  facet normal 1 0 -0
    outer loop
      vertex 32.7 2.40446 0
      vertex 32.7 2.40446 2.4
      vertex 32.7 1.2 2.4
    endloop
  endfacet
  facet normal 0.973715 -0.22777 0
    outer loop
      vertex 32.7064 2.43182 0
      vertex 32.7 2.40446 2.4
      vertex 32.7 2.40446 0
    endloop
  endfacet
  facet normal 0.973715 -0.22777 0
    outer loop
      vertex 32.7064 2.43182 0
      vertex 32.7064 2.43182 2.4
      vertex 32.7 2.40446 2.4
    endloop
  endfacet
  facet normal 0.999464 -0.0327331 0
    outer loop
      vertex 32.7141 2.66693 0
      vertex 32.7064 2.43182 2.4
      vertex 32.7064 2.43182 0
    endloop
  endfacet
  facet normal 0.999464 -0.0327331 0
    outer loop
      vertex 32.7141 2.66693 0
      vertex 32.7141 2.66693 2.4
      vertex 32.7064 2.43182 2.4
    endloop
  endfacet
  facet normal 0.986596 0.163179 0
    outer loop
      vertex 32.7 2.75218 0
      vertex 32.7141 2.66693 2.4
      vertex 32.7141 2.66693 0
    endloop
  endfacet
  facet normal 0.986596 0.163179 -0
    outer loop
      vertex 32.7 2.75218 0
      vertex 32.7 2.75218 2.4
      vertex 32.7141 2.66693 2.4
    endloop
  endfacet
  facet normal 1 0 0
    outer loop
      vertex 32.7 14 0
      vertex 32.7 2.75218 2.4
      vertex 32.7 2.75218 0
    endloop
  endfacet
  facet normal 1 0 -0
    outer loop
      vertex 32.7 14 0
      vertex 32.7 14 2.4
      vertex 32.7 2.75218 2.4
    endloop
  endfacet
  facet normal 0.995167 0.0981989 0
    outer loop
      vertex 32.6769 14.2341 0
      vertex 32.7 14 2.4
      vertex 32.7 14 0
    endloop
  endfacet
  facet normal 0.995167 0.0981989 -0
    outer loop
      vertex 32.6769 14.2341 0
      vertex 32.6769 14.2341 2.4
      vertex 32.7 14 2.4
    endloop
  endfacet
  facet normal 0.956921 0.29035 0
    outer loop
      vertex 32.6086 14.4592 0
      vertex 32.6769 14.2341 2.4
      vertex 32.6769 14.2341 0
    endloop
  endfacet
  facet normal 0.956921 0.29035 -0
    outer loop
      vertex 32.6086 14.4592 0
      vertex 32.6086 14.4592 2.4
      vertex 32.6769 14.2341 2.4
    endloop
  endfacet
  facet normal 0.882117 0.471029 0
    outer loop
      vertex 32.4978 14.6667 0
      vertex 32.6086 14.4592 2.4
      vertex 32.6086 14.4592 0
    endloop
  endfacet
  facet normal 0.882117 0.471029 -0
    outer loop
      vertex 32.4978 14.6667 0
      vertex 32.4978 14.6667 2.4
      vertex 32.6086 14.4592 2.4
    endloop
  endfacet
  facet normal 0.772801 0.634649 0
    outer loop
      vertex 32.3485 14.8485 0
      vertex 32.4978 14.6667 2.4
      vertex 32.4978 14.6667 0
    endloop
  endfacet
  facet normal 0.772801 0.634649 -0
    outer loop
      vertex 32.3485 14.8485 0
      vertex 32.3485 14.8485 2.4
      vertex 32.4978 14.6667 2.4
    endloop
  endfacet
  facet normal 0.634649 0.772801 0
    outer loop
      vertex 32.1667 14.9978 0
      vertex 32.3485 14.8485 2.4
      vertex 32.3485 14.8485 0
    endloop
  endfacet
  facet normal 0.634649 0.772801 -0
    outer loop
      vertex 32.1667 14.9978 0
      vertex 32.1667 14.9978 2.4
      vertex 32.3485 14.8485 2.4
    endloop
  endfacet
  facet normal 0.471029 0.882117 0
    outer loop
      vertex 31.9592 15.1086 0
      vertex 32.1667 14.9978 2.4
      vertex 32.1667 14.9978 0
    endloop
  endfacet
  facet normal 0.471029 0.882117 -0
    outer loop
      vertex 31.9592 15.1086 0
      vertex 31.9592 15.1086 2.4
      vertex 32.1667 14.9978 2.4
    endloop
  endfacet
  facet normal 0.29035 0.956921 0
    outer loop
      vertex 31.7341 15.1769 0
      vertex 31.9592 15.1086 2.4
      vertex 31.9592 15.1086 0
    endloop
  endfacet
  facet normal 0.29035 0.956921 -0
    outer loop
      vertex 31.7341 15.1769 0
      vertex 31.7341 15.1769 2.4
      vertex 31.9592 15.1086 2.4
    endloop
  endfacet
  facet normal 0.0981989 0.995167 0
    outer loop
      vertex 31.5 15.2 0
      vertex 31.7341 15.1769 2.4
      vertex 31.7341 15.1769 0
    endloop
  endfacet
  facet normal 0.0981989 0.995167 -0
    outer loop
      vertex 31.5 15.2 0
      vertex 31.5 15.2 2.4
      vertex 31.7341 15.1769 2.4
    endloop
  endfacet
  facet normal -0.0981989 0.995167 0
    outer loop
      vertex 31.2659 15.1769 0
      vertex 31.5 15.2 2.4
      vertex 31.5 15.2 0
    endloop
  endfacet
  facet normal -0.0981989 0.995167 0
    outer loop
      vertex 31.2659 15.1769 0
      vertex 31.2659 15.1769 2.4
      vertex 31.5 15.2 2.4
    endloop
  endfacet
  facet normal -0.29035 0.956921 0
    outer loop
      vertex 31.0408 15.1086 0
      vertex 31.2659 15.1769 2.4
      vertex 31.2659 15.1769 0
    endloop
  endfacet
  facet normal -0.29035 0.956921 0
    outer loop
      vertex 31.0408 15.1086 0
      vertex 31.0408 15.1086 2.4
      vertex 31.2659 15.1769 2.4
    endloop
  endfacet
  facet normal -0.471029 0.882117 0
    outer loop
      vertex 30.8333 14.9978 0
      vertex 31.0408 15.1086 2.4
      vertex 31.0408 15.1086 0
    endloop
  endfacet
  facet normal -0.471029 0.882117 0
    outer loop
      vertex 30.8333 14.9978 0
      vertex 30.8333 14.9978 2.4
      vertex 31.0408 15.1086 2.4
    endloop
  endfacet
  facet normal -0.634649 0.772801 0
    outer loop
      vertex 30.6515 14.8485 0
      vertex 30.8333 14.9978 2.4
      vertex 30.8333 14.9978 0
    endloop
  endfacet
  facet normal -0.634649 0.772801 0
    outer loop
      vertex 30.6515 14.8485 0
      vertex 30.6515 14.8485 2.4
      vertex 30.8333 14.9978 2.4
    endloop
  endfacet
  facet normal -0.772801 0.634649 0
    outer loop
      vertex 30.5022 14.6667 0
      vertex 30.6515 14.8485 2.4
      vertex 30.6515 14.8485 0
    endloop
  endfacet
  facet normal -0.772801 0.634649 0
    outer loop
      vertex 30.5022 14.6667 0
      vertex 30.5022 14.6667 2.4
      vertex 30.6515 14.8485 2.4
    endloop
  endfacet
  facet normal -0.881941 0.47136 0
    outer loop
      vertex 30.3913 14.4592 0
      vertex 30.5022 14.6667 2.4
      vertex 30.5022 14.6667 0
    endloop
  endfacet
  facet normal -0.881941 0.47136 0
    outer loop
      vertex 30.3913 14.4592 0
      vertex 30.3913 14.4592 2.4
      vertex 30.5022 14.6667 2.4
    endloop
  endfacet
  facet normal -0.956921 0.29035 0
    outer loop
      vertex 30.323 14.2341 0
      vertex 30.3913 14.4592 2.4
      vertex 30.3913 14.4592 0
    endloop
  endfacet
  facet normal -0.956921 0.29035 0
    outer loop
      vertex 30.323 14.2341 0
      vertex 30.323 14.2341 2.4
      vertex 30.3913 14.4592 2.4
    endloop
  endfacet
  facet normal -0.995208 0.0977778 0
    outer loop
      vertex 30.3 14 0
      vertex 30.323 14.2341 2.4
      vertex 30.323 14.2341 0
    endloop
  endfacet
  facet normal -0.995208 0.0977778 0
    outer loop
      vertex 30.3 14 0
      vertex 30.3 14 2.4
      vertex 30.323 14.2341 2.4
    endloop
  endfacet
  facet normal -1 0 0
    outer loop
      vertex 30.3 4.67653 0
      vertex 30.3 14 2.4
      vertex 30.3 14 0
    endloop
  endfacet
  facet normal -1 0 0
    outer loop
      vertex 30.3 4.67653 0
      vertex 30.3 4.67653 2.4
      vertex 30.3 14 2.4
    endloop
  endfacet
  facet normal 0.499999 0.866026 0
    outer loop
      vertex 19.2 11.0851 0
      vertex 30.3 4.67653 2.4
      vertex 30.3 4.67653 0
    endloop
  endfacet
  facet normal 0.499999 0.866026 -0
    outer loop
      vertex 19.2 11.0851 0
      vertex 19.2 11.0851 2.4
      vertex 30.3 4.67653 2.4
    endloop
  endfacet
  facet normal 1 0 0
    outer loop
      vertex 19.2 23.9023 0
      vertex 19.2 11.0851 2.4
      vertex 19.2 11.0851 0
    endloop
  endfacet
  facet normal 1 0 -0
    outer loop
      vertex 19.2 23.9023 0
      vertex 19.2 23.9023 2.4
      vertex 19.2 11.0851 2.4
    endloop
  endfacet
  facet normal -0.5 -0.866025 0
    outer loop
      vertex 27.2743 19.2406 0
      vertex 19.2 23.9023 2.4
      vertex 19.2 23.9023 0
    endloop
  endfacet
  facet normal -0.5 -0.866025 0
    outer loop
      vertex 27.2743 19.2406 0
      vertex 27.2743 19.2406 2.4
      vertex 19.2 23.9023 2.4
    endloop
  endfacet
  facet normal -0.412714 -0.910861 0
    outer loop
      vertex 27.4886 19.1435 0
      vertex 27.2743 19.2406 2.4
      vertex 27.2743 19.2406 0
    endloop
  endfacet
  facet normal -0.412714 -0.910861 0
    outer loop
      vertex 27.4886 19.1435 0
      vertex 27.4886 19.1435 2.4
      vertex 27.2743 19.2406 2.4
    endloop
  endfacet
  facet normal -0.227001 -0.973894 0
    outer loop
      vertex 27.7177 19.0901 0
      vertex 27.4886 19.1435 2.4
      vertex 27.4886 19.1435 0
    endloop
  endfacet
  facet normal -0.227001 -0.973894 0
    outer loop
      vertex 27.7177 19.0901 0
      vertex 27.7177 19.0901 2.4
      vertex 27.4886 19.1435 2.4
    endloop
  endfacet
  facet normal -0.0327345 -0.999464 0
    outer loop
      vertex 27.9528 19.0824 0
      vertex 27.7177 19.0901 2.4
      vertex 27.7177 19.0901 0
    endloop
  endfacet
  facet normal -0.0327345 -0.999464 0
    outer loop
      vertex 27.9528 19.0824 0
      vertex 27.9528 19.0824 2.4
      vertex 27.7177 19.0901 2.4
    endloop
  endfacet
  facet normal 0.162813 -0.986657 0
    outer loop
      vertex 28.1849 19.1207 0
      vertex 27.9528 19.0824 2.4
      vertex 27.9528 19.0824 0
    endloop
  endfacet
  facet normal 0.162813 -0.986657 0
    outer loop
      vertex 28.1849 19.1207 0
      vertex 28.1849 19.1207 2.4
      vertex 27.9528 19.0824 2.4
    endloop
  endfacet
  facet normal 0.352334 -0.935874 0
    outer loop
      vertex 28.4051 19.2036 0
      vertex 28.1849 19.1207 2.4
      vertex 28.1849 19.1207 0
    endloop
  endfacet
  facet normal 0.352334 -0.935874 0
    outer loop
      vertex 28.4051 19.2036 0
      vertex 28.4051 19.2036 2.4
      vertex 28.1849 19.1207 2.4
    endloop
  endfacet
  facet normal 0.528125 -0.849167 0
    outer loop
      vertex 28.6048 19.3278 0
      vertex 28.4051 19.2036 2.4
      vertex 28.4051 19.2036 0
    endloop
  endfacet
  facet normal 0.528125 -0.849167 0
    outer loop
      vertex 28.6048 19.3278 0
      vertex 28.6048 19.3278 2.4
      vertex 28.4051 19.2036 2.4
    endloop
  endfacet
  facet normal 0.683347 -0.730094 0
    outer loop
      vertex 28.7766 19.4886 0
      vertex 28.6048 19.3278 2.4
      vertex 28.6048 19.3278 0
    endloop
  endfacet
  facet normal 0.683347 -0.730094 0
    outer loop
      vertex 28.7766 19.4886 0
      vertex 28.7766 19.4886 2.4
      vertex 28.6048 19.3278 2.4
    endloop
  endfacet
  facet normal 0.812871 -0.582444 0
    outer loop
      vertex 28.9136 19.6798 0
      vertex 28.7766 19.4886 2.4
      vertex 28.7766 19.4886 0
    endloop
  endfacet
  facet normal 0.812871 -0.582444 0
    outer loop
      vertex 28.9136 19.6798 0
      vertex 28.9136 19.6798 2.4
      vertex 28.7766 19.4886 2.4
    endloop
  endfacet
  facet normal 0.910861 -0.412714 0
    outer loop
      vertex 29.0107 19.8941 0
      vertex 28.9136 19.6798 2.4
      vertex 28.9136 19.6798 0
    endloop
  endfacet
  facet normal 0.910861 -0.412714 0
    outer loop
      vertex 29.0107 19.8941 0
      vertex 29.0107 19.8941 2.4
      vertex 28.9136 19.6798 2.4
    endloop
  endfacet
  facet normal 0.973894 -0.227001 0
    outer loop
      vertex 29.0641 20.1232 0
      vertex 29.0107 19.8941 2.4
      vertex 29.0107 19.8941 0
    endloop
  endfacet
  facet normal 0.973894 -0.227001 0
    outer loop
      vertex 29.0641 20.1232 0
      vertex 29.0641 20.1232 2.4
      vertex 29.0107 19.8941 2.4
    endloop
  endfacet
  facet normal 0.999464 -0.0327345 0
    outer loop
      vertex 29.0718 20.3583 0
      vertex 29.0641 20.1232 2.4
      vertex 29.0641 20.1232 0
    endloop
  endfacet
  facet normal 0.999464 -0.0327345 0
    outer loop
      vertex 29.0718 20.3583 0
      vertex 29.0718 20.3583 2.4
      vertex 29.0641 20.1232 2.4
    endloop
  endfacet
  facet normal 0.986657 0.162813 0
    outer loop
      vertex 29.0335 20.5904 0
      vertex 29.0718 20.3583 2.4
      vertex 29.0718 20.3583 0
    endloop
  endfacet
  facet normal 0.986657 0.162813 -0
    outer loop
      vertex 29.0335 20.5904 0
      vertex 29.0335 20.5904 2.4
      vertex 29.0718 20.3583 2.4
    endloop
  endfacet
  facet normal 0.935821 0.352474 0
    outer loop
      vertex 28.9506 20.8105 0
      vertex 29.0335 20.5904 2.4
      vertex 29.0335 20.5904 0
    endloop
  endfacet
  facet normal 0.935821 0.352474 -0
    outer loop
      vertex 28.9506 20.8105 0
      vertex 28.9506 20.8105 2.4
      vertex 29.0335 20.5904 2.4
    endloop
  endfacet
  facet normal 0.849285 0.527934 0
    outer loop
      vertex 28.8264 21.0103 0
      vertex 28.9506 20.8105 2.4
      vertex 28.9506 20.8105 0
    endloop
  endfacet
  facet normal 0.849285 0.527934 -0
    outer loop
      vertex 28.8264 21.0103 0
      vertex 28.8264 21.0103 2.4
      vertex 28.9506 20.8105 2.4
    endloop
  endfacet
  facet normal 0.729895 0.683559 0
    outer loop
      vertex 28.6656 21.182 0
      vertex 28.8264 21.0103 2.4
      vertex 28.8264 21.0103 0
    endloop
  endfacet
  facet normal 0.729895 0.683559 -0
    outer loop
      vertex 28.6656 21.182 0
      vertex 28.6656 21.182 2.4
      vertex 28.8264 21.0103 2.4
    endloop
  endfacet
  facet normal 0.582243 0.813015 0
    outer loop
      vertex 28.4743 21.319 0
      vertex 28.6656 21.182 2.4
      vertex 28.6656 21.182 0
    endloop
  endfacet
  facet normal 0.582243 0.813015 -0
    outer loop
      vertex 28.4743 21.319 0
      vertex 28.4743 21.319 2.4
      vertex 28.6656 21.182 2.4
    endloop
  endfacet
  facet normal 0.500007 0.866021 0
    outer loop
      vertex 18.7336 26.9429 0
      vertex 28.4743 21.319 2.4
      vertex 28.4743 21.319 0
    endloop
  endfacet
  facet normal 0.500007 0.866021 -0
    outer loop
      vertex 18.7336 26.9429 0
      vertex 18.7336 26.9429 2.4
      vertex 28.4743 21.319 2.4
    endloop
  endfacet
  facet normal 0.63437 0.77303 0
    outer loop
      vertex 18.6667 26.9978 0
      vertex 18.7336 26.9429 2.4
      vertex 18.7336 26.9429 0
    endloop
  endfacet
  facet normal 0.63437 0.77303 -0
    outer loop
      vertex 18.6667 26.9978 0
      vertex 18.6667 26.9978 2.4
      vertex 18.7336 26.9429 2.4
    endloop
  endfacet
  facet normal 0.471029 0.882117 0
    outer loop
      vertex 18.4592 27.1086 0
      vertex 18.6667 26.9978 2.4
      vertex 18.6667 26.9978 0
    endloop
  endfacet
  facet normal 0.471029 0.882117 -0
    outer loop
      vertex 18.4592 27.1086 0
      vertex 18.4592 27.1086 2.4
      vertex 18.6667 26.9978 2.4
    endloop
  endfacet
  facet normal 0.291586 0.956545 0
    outer loop
      vertex 18.4323 27.1168 0
      vertex 18.4592 27.1086 2.4
      vertex 18.4592 27.1086 0
    endloop
  endfacet
  facet normal 0.291586 0.956545 -0
    outer loop
      vertex 18.4323 27.1168 0
      vertex 18.4323 27.1168 2.4
      vertex 18.4592 27.1086 2.4
    endloop
  endfacet
  facet normal 0.499979 0.866038 0
    outer loop
      vertex 17.3892 27.719 0
      vertex 18.4323 27.1168 2.4
      vertex 18.4323 27.1168 0
    endloop
  endfacet
  facet normal 0.499979 0.866038 -0
    outer loop
      vertex 17.3892 27.719 0
      vertex 17.3892 27.719 2.4
      vertex 18.4323 27.1168 2.4
    endloop
  endfacet
  facet normal 0.866025 -0.5 0
    outer loop
      vertex 23.5392 38.3711 0
      vertex 17.3892 27.719 2.4
      vertex 17.3892 27.719 0
    endloop
  endfacet
  facet normal 0.866025 -0.5 0
    outer loop
      vertex 23.5392 38.3711 0
      vertex 23.5392 38.3711 2.4
      vertex 17.3892 27.719 2.4
    endloop
  endfacet
  facet normal 0.910861 -0.412714 0
    outer loop
      vertex 23.6363 38.5854 0
      vertex 23.5392 38.3711 2.4
      vertex 23.5392 38.3711 0
    endloop
  endfacet
  facet normal 0.910861 -0.412714 0
    outer loop
      vertex 23.6363 38.5854 0
      vertex 23.6363 38.5854 2.4
      vertex 23.5392 38.3711 2.4
    endloop
  endfacet
  facet normal 0.973894 -0.227001 0
    outer loop
      vertex 23.6897 38.8145 0
      vertex 23.6363 38.5854 2.4
      vertex 23.6363 38.5854 0
    endloop
  endfacet
  facet normal 0.973894 -0.227001 0
    outer loop
      vertex 23.6897 38.8145 0
      vertex 23.6897 38.8145 2.4
      vertex 23.6363 38.5854 2.4
    endloop
  endfacet
  facet normal 0.999464 -0.0327345 0
    outer loop
      vertex 23.6974 39.0496 0
      vertex 23.6897 38.8145 2.4
      vertex 23.6897 38.8145 0
    endloop
  endfacet
  facet normal 0.999464 -0.0327345 0
    outer loop
      vertex 23.6974 39.0496 0
      vertex 23.6974 39.0496 2.4
      vertex 23.6897 38.8145 2.4
    endloop
  endfacet
  facet normal 0.986657 0.162813 0
    outer loop
      vertex 23.6591 39.2817 0
      vertex 23.6974 39.0496 2.4
      vertex 23.6974 39.0496 0
    endloop
  endfacet
  facet normal 0.986657 0.162813 -0
    outer loop
      vertex 23.6591 39.2817 0
      vertex 23.6591 39.2817 2.4
      vertex 23.6974 39.0496 2.4
    endloop
  endfacet
  facet normal 0.935874 0.352334 0
    outer loop
      vertex 23.5762 39.5019 0
      vertex 23.6591 39.2817 2.4
      vertex 23.6591 39.2817 0
    endloop
  endfacet
  facet normal 0.935874 0.352334 -0
    outer loop
      vertex 23.5762 39.5019 0
      vertex 23.5762 39.5019 2.4
      vertex 23.6591 39.2817 2.4
    endloop
  endfacet
  facet normal 0.849167 0.528125 0
    outer loop
      vertex 23.452 39.7016 0
      vertex 23.5762 39.5019 2.4
      vertex 23.5762 39.5019 0
    endloop
  endfacet
  facet normal 0.849167 0.528125 -0
    outer loop
      vertex 23.452 39.7016 0
      vertex 23.452 39.7016 2.4
      vertex 23.5762 39.5019 2.4
    endloop
  endfacet
  facet normal 0.730094 0.683347 0
    outer loop
      vertex 23.2912 39.8734 0
      vertex 23.452 39.7016 2.4
      vertex 23.452 39.7016 0
    endloop
  endfacet
  facet normal 0.730094 0.683347 -0
    outer loop
      vertex 23.2912 39.8734 0
      vertex 23.2912 39.8734 2.4
      vertex 23.452 39.7016 2.4
    endloop
  endfacet
  facet normal 0.582444 0.812871 0
    outer loop
      vertex 23.1 40.0104 0
      vertex 23.2912 39.8734 2.4
      vertex 23.2912 39.8734 0
    endloop
  endfacet
  facet normal 0.582444 0.812871 -0
    outer loop
      vertex 23.1 40.0104 0
      vertex 23.1 40.0104 2.4
      vertex 23.2912 39.8734 2.4
    endloop
  endfacet
  facet normal 0.412714 0.910861 0
    outer loop
      vertex 22.8857 40.1075 0
      vertex 23.1 40.0104 2.4
      vertex 23.1 40.0104 0
    endloop
  endfacet
  facet normal 0.412714 0.910861 -0
    outer loop
      vertex 22.8857 40.1075 0
      vertex 22.8857 40.1075 2.4
      vertex 23.1 40.0104 2.4
    endloop
  endfacet
  facet normal 0.227001 0.973894 0
    outer loop
      vertex 22.6566 40.1609 0
      vertex 22.8857 40.1075 2.4
      vertex 22.8857 40.1075 0
    endloop
  endfacet
  facet normal 0.227001 0.973894 -0
    outer loop
      vertex 22.6566 40.1609 0
      vertex 22.6566 40.1609 2.4
      vertex 22.8857 40.1075 2.4
    endloop
  endfacet
  facet normal 0.0323098 0.999478 0
    outer loop
      vertex 22.4215 40.1685 0
      vertex 22.6566 40.1609 2.4
      vertex 22.6566 40.1609 0
    endloop
  endfacet
  facet normal 0.0323098 0.999478 -0
    outer loop
      vertex 22.4215 40.1685 0
      vertex 22.4215 40.1685 2.4
      vertex 22.6566 40.1609 2.4
    endloop
  endfacet
  facet normal -0.162813 0.986657 0
    outer loop
      vertex 22.1894 40.1302 0
      vertex 22.4215 40.1685 2.4
      vertex 22.4215 40.1685 0
    endloop
  endfacet
  facet normal -0.162813 0.986657 0
    outer loop
      vertex 22.1894 40.1302 0
      vertex 22.1894 40.1302 2.4
      vertex 22.4215 40.1685 2.4
    endloop
  endfacet
  facet normal -0.351962 0.936014 0
    outer loop
      vertex 21.9692 40.0474 0
      vertex 22.1894 40.1302 2.4
      vertex 22.1894 40.1302 0
    endloop
  endfacet
  facet normal -0.351962 0.936014 0
    outer loop
      vertex 21.9692 40.0474 0
      vertex 21.9692 40.0474 2.4
      vertex 22.1894 40.1302 2.4
    endloop
  endfacet
  facet normal -0.528431 0.848976 0
    outer loop
      vertex 21.7695 39.9231 0
      vertex 21.9692 40.0474 2.4
      vertex 21.9692 40.0474 0
    endloop
  endfacet
  facet normal -0.528431 0.848976 0
    outer loop
      vertex 21.7695 39.9231 0
      vertex 21.7695 39.9231 2.4
      vertex 21.9692 40.0474 2.4
    endloop
  endfacet
  facet normal -0.683559 0.729895 0
    outer loop
      vertex 21.5978 39.7623 0
      vertex 21.7695 39.9231 2.4
      vertex 21.7695 39.9231 0
    endloop
  endfacet
  facet normal -0.683559 0.729895 0
    outer loop
      vertex 21.5978 39.7623 0
      vertex 21.5978 39.7623 2.4
      vertex 21.7695 39.9231 2.4
    endloop
  endfacet
  facet normal -0.812871 0.582444 0
    outer loop
      vertex 21.4608 39.5711 0
      vertex 21.5978 39.7623 2.4
      vertex 21.5978 39.7623 0
    endloop
  endfacet
  facet normal -0.812871 0.582444 0
    outer loop
      vertex 21.4608 39.5711 0
      vertex 21.4608 39.5711 2.4
      vertex 21.5978 39.7623 2.4
    endloop
  endfacet
  facet normal -0.866025 0.5 0
    outer loop
      vertex 15.3108 28.919 0
      vertex 21.4608 39.5711 2.4
      vertex 21.4608 39.5711 0
    endloop
  endfacet
  facet normal -0.866025 0.5 0
    outer loop
      vertex 15.3108 28.919 0
      vertex 15.3108 28.919 2.4
      vertex 21.4608 39.5711 2.4
    endloop
  endfacet
  facet normal 0.499979 0.866038 0
    outer loop
      vertex 14.2677 29.5212 0
      vertex 15.3108 28.919 2.4
      vertex 15.3108 28.919 0
    endloop
  endfacet
  facet normal 0.499979 0.866038 -0
    outer loop
      vertex 14.2677 29.5212 0
      vertex 14.2677 29.5212 2.4
      vertex 15.3108 28.919 2.4
    endloop
  endfacet
  facet normal 0.685475 0.728096 0
    outer loop
      vertex 14.2472 29.5405 0
      vertex 14.2677 29.5212 2.4
      vertex 14.2677 29.5212 0
    endloop
  endfacet
  facet normal 0.685475 0.728096 -0
    outer loop
      vertex 14.2472 29.5405 0
      vertex 14.2472 29.5405 2.4
      vertex 14.2677 29.5212 2.4
    endloop
  endfacet
  facet normal 0.527934 0.849285 0
    outer loop
      vertex 14.0474 29.6647 0
      vertex 14.2472 29.5405 2.4
      vertex 14.2472 29.5405 0
    endloop
  endfacet
  facet normal 0.527934 0.849285 -0
    outer loop
      vertex 14.0474 29.6647 0
      vertex 14.0474 29.6647 2.4
      vertex 14.2472 29.5405 2.4
    endloop
  endfacet
  facet normal 0.352771 0.93571 0
    outer loop
      vertex 13.9665 29.6952 0
      vertex 14.0474 29.6647 2.4
      vertex 14.0474 29.6647 0
    endloop
  endfacet
  facet normal 0.352771 0.93571 -0
    outer loop
      vertex 13.9665 29.6952 0
      vertex 13.9665 29.6952 2.4
      vertex 14.0474 29.6647 2.4
    endloop
  endfacet
  facet normal 0.499994 0.866029 0
    outer loop
      vertex 4.22563 35.319 0
      vertex 13.9665 29.6952 2.4
      vertex 13.9665 29.6952 0
    endloop
  endfacet
  facet normal 0.499994 0.866029 -0
    outer loop
      vertex 4.22563 35.319 0
      vertex 4.22563 35.319 2.4
      vertex 13.9665 29.6952 2.4
    endloop
  endfacet
  facet normal 0.412778 0.910832 0
    outer loop
      vertex 4.01137 35.4161 0
      vertex 4.22563 35.319 2.4
      vertex 4.22563 35.319 0
    endloop
  endfacet
  facet normal 0.412778 0.910832 -0
    outer loop
      vertex 4.01137 35.4161 0
      vertex 4.01137 35.4161 2.4
      vertex 4.22563 35.319 2.4
    endloop
  endfacet
  facet normal 0.227001 0.973894 0
    outer loop
      vertex 3.78227 35.4695 0
      vertex 4.01137 35.4161 2.4
      vertex 4.01137 35.4161 0
    endloop
  endfacet
  facet normal 0.227001 0.973894 -0
    outer loop
      vertex 3.78227 35.4695 0
      vertex 3.78227 35.4695 2.4
      vertex 4.01137 35.4161 2.4
    endloop
  endfacet
  facet normal 0.0327331 0.999464 0
    outer loop
      vertex 3.54716 35.4772 0
      vertex 3.78227 35.4695 2.4
      vertex 3.78227 35.4695 0
    endloop
  endfacet
  facet normal 0.0327331 0.999464 -0
    outer loop
      vertex 3.54716 35.4772 0
      vertex 3.54716 35.4772 2.4
      vertex 3.78227 35.4695 2.4
    endloop
  endfacet
  facet normal -0.162806 0.986658 0
    outer loop
      vertex 3.31505 35.4389 0
      vertex 3.54716 35.4772 2.4
      vertex 3.54716 35.4772 0
    endloop
  endfacet
  facet normal -0.162806 0.986658 0
    outer loop
      vertex 3.31505 35.4389 0
      vertex 3.31505 35.4389 2.4
      vertex 3.54716 35.4772 2.4
    endloop
  endfacet
  facet normal -0.35239 0.935853 0
    outer loop
      vertex 3.09489 35.356 0
      vertex 3.31505 35.4389 2.4
      vertex 3.31505 35.4389 0
    endloop
  endfacet
  facet normal -0.35239 0.935853 0
    outer loop
      vertex 3.09489 35.356 0
      vertex 3.09489 35.356 2.4
      vertex 3.31505 35.4389 2.4
    endloop
  endfacet
  facet normal -0.52801 0.849238 0
    outer loop
      vertex 2.89513 35.2318 0
      vertex 3.09489 35.356 2.4
      vertex 3.09489 35.356 0
    endloop
  endfacet
  facet normal -0.52801 0.849238 0
    outer loop
      vertex 2.89513 35.2318 0
      vertex 2.89513 35.2318 2.4
      vertex 3.09489 35.356 2.4
    endloop
  endfacet
  facet normal -0.683538 0.729915 0
    outer loop
      vertex 2.72342 35.071 0
      vertex 2.89513 35.2318 2.4
      vertex 2.89513 35.2318 0
    endloop
  endfacet
  facet normal -0.683538 0.729915 0
    outer loop
      vertex 2.72342 35.071 0
      vertex 2.72342 35.071 2.4
      vertex 2.89513 35.2318 2.4
    endloop
  endfacet
  facet normal -0.812831 0.5825 0
    outer loop
      vertex 2.5864 34.8798 0
      vertex 2.72342 35.071 2.4
      vertex 2.72342 35.071 0
    endloop
  endfacet
  facet normal -0.812831 0.5825 0
    outer loop
      vertex 2.5864 34.8798 0
      vertex 2.5864 34.8798 2.4
      vertex 2.72342 35.071 2.4
    endloop
  endfacet
  facet normal -0.910893 0.412643 0
    outer loop
      vertex 2.48932 34.6655 0
      vertex 2.5864 34.8798 2.4
      vertex 2.5864 34.8798 0
    endloop
  endfacet
  facet normal -0.910893 0.412643 0
    outer loop
      vertex 2.48932 34.6655 0
      vertex 2.48932 34.6655 2.4
      vertex 2.5864 34.8798 2.4
    endloop
  endfacet
  facet normal -0.973885 0.227041 0
    outer loop
      vertex 2.43591 34.4364 0
      vertex 2.48932 34.6655 2.4
      vertex 2.48932 34.6655 0
    endloop
  endfacet
  facet normal -0.973885 0.227041 0
    outer loop
      vertex 2.43591 34.4364 0
      vertex 2.43591 34.4364 2.4
      vertex 2.48932 34.6655 2.4
    endloop
  endfacet
  facet normal -0.999464 0.0327345 0
    outer loop
      vertex 2.42821 34.2013 0
      vertex 2.43591 34.4364 2.4
      vertex 2.43591 34.4364 0
    endloop
  endfacet
  facet normal -0.999464 0.0327345 0
    outer loop
      vertex 2.42821 34.2013 0
      vertex 2.42821 34.2013 2.4
      vertex 2.43591 34.4364 2.4
    endloop
  endfacet
  facet normal -0.98665 -0.162855 0
    outer loop
      vertex 2.46652 33.9692 0
      vertex 2.42821 34.2013 2.4
      vertex 2.42821 34.2013 0
    endloop
  endfacet
  facet normal -0.98665 -0.162855 0
    outer loop
      vertex 2.46652 33.9692 0
      vertex 2.46652 33.9692 2.4
      vertex 2.42821 34.2013 2.4
    endloop
  endfacet
  facet normal -0.935916 -0.352222 0
    outer loop
      vertex 2.54939 33.749 0
      vertex 2.46652 33.9692 2.4
      vertex 2.46652 33.9692 0
    endloop
  endfacet
  facet normal -0.935916 -0.352222 0
    outer loop
      vertex 2.54939 33.749 0
      vertex 2.54939 33.749 2.4
      vertex 2.46652 33.9692 2.4
    endloop
  endfacet
  facet normal -0.849129 -0.528186 0
    outer loop
      vertex 2.67361 33.5493 0
      vertex 2.54939 33.749 2.4
      vertex 2.54939 33.749 0
    endloop
  endfacet
  facet normal -0.849129 -0.528186 0
    outer loop
      vertex 2.67361 33.5493 0
      vertex 2.67361 33.5493 2.4
      vertex 2.54939 33.749 2.4
    endloop
  endfacet
  facet normal -0.729853 -0.683605 0
    outer loop
      vertex 2.83443 33.3776 0
      vertex 2.67361 33.5493 2.4
      vertex 2.67361 33.5493 0
    endloop
  endfacet
  facet normal -0.729853 -0.683605 0
    outer loop
      vertex 2.83443 33.3776 0
      vertex 2.83443 33.3776 2.4
      vertex 2.67361 33.5493 2.4
    endloop
  endfacet
  facet normal -0.582444 -0.812871 0
    outer loop
      vertex 3.02563 33.2406 0
      vertex 2.83443 33.3776 2.4
      vertex 2.83443 33.3776 0
    endloop
  endfacet
  facet normal -0.582444 -0.812871 0
    outer loop
      vertex 3.02563 33.2406 0
      vertex 3.02563 33.2406 2.4
      vertex 2.83443 33.3776 2.4
    endloop
  endfacet
  facet normal -0.500005 -0.866023 0
    outer loop
      vertex 11.1 28.5788 0
      vertex 3.02563 33.2406 2.4
      vertex 3.02563 33.2406 0
    endloop
  endfacet
  facet normal -0.500005 -0.866023 0
    outer loop
      vertex 11.1 28.5788 0
      vertex 11.1 28.5788 2.4
      vertex 3.02563 33.2406 2.4
    endloop
  endfacet
  facet normal -0.500001 0.866025 0
    outer loop
      vertex 0 22.1702 0
      vertex 11.1 28.5788 2.4
      vertex 11.1 28.5788 0
    endloop
  endfacet
  facet normal -0.500001 0.866025 0
    outer loop
      vertex 0 22.1702 0
      vertex 0 22.1702 2.4
      vertex 11.1 28.5788 2.4
    endloop
  endfacet
  facet normal 0.500001 0.866025 0
    outer loop
      vertex -11.1 28.5788 0
      vertex 0 22.1702 2.4
      vertex 0 22.1702 0
    endloop
  endfacet
  facet normal 0.500001 0.866025 -0
    outer loop
      vertex -11.1 28.5788 0
      vertex -11.1 28.5788 2.4
      vertex 0 22.1702 2.4
    endloop
  endfacet
  facet normal 0.500005 -0.866023 0
    outer loop
      vertex -3.02563 33.2406 0
      vertex -11.1 28.5788 2.4
      vertex -11.1 28.5788 0
    endloop
  endfacet
  facet normal 0.500005 -0.866023 0
    outer loop
      vertex -3.02563 33.2406 0
      vertex -3.02563 33.2406 2.4
      vertex -11.1 28.5788 2.4
    endloop
  endfacet
  facet normal 0.582444 -0.812871 0
    outer loop
      vertex -2.83443 33.3776 0
      vertex -3.02563 33.2406 2.4
      vertex -3.02563 33.2406 0
    endloop
  endfacet
  facet normal 0.582444 -0.812871 0
    outer loop
      vertex -2.83443 33.3776 0
      vertex -2.83443 33.3776 2.4
      vertex -3.02563 33.2406 2.4
    endloop
  endfacet
  facet normal 0.729853 -0.683605 0
    outer loop
      vertex -2.67361 33.5493 0
      vertex -2.83443 33.3776 2.4
      vertex -2.83443 33.3776 0
    endloop
  endfacet
  facet normal 0.729853 -0.683605 0
    outer loop
      vertex -2.67361 33.5493 0
      vertex -2.67361 33.5493 2.4
      vertex -2.83443 33.3776 2.4
    endloop
  endfacet
  facet normal 0.849129 -0.528186 0
    outer loop
      vertex -2.54939 33.749 0
      vertex -2.67361 33.5493 2.4
      vertex -2.67361 33.5493 0
    endloop
  endfacet
  facet normal 0.849129 -0.528186 0
    outer loop
      vertex -2.54939 33.749 0
      vertex -2.54939 33.749 2.4
      vertex -2.67361 33.5493 2.4
    endloop
  endfacet
  facet normal 0.935916 -0.352222 0
    outer loop
      vertex -2.46652 33.9692 0
      vertex -2.54939 33.749 2.4
      vertex -2.54939 33.749 0
    endloop
  endfacet
  facet normal 0.935916 -0.352222 0
    outer loop
      vertex -2.46652 33.9692 0
      vertex -2.46652 33.9692 2.4
      vertex -2.54939 33.749 2.4
    endloop
  endfacet
  facet normal 0.98665 -0.162855 0
    outer loop
      vertex -2.42821 34.2013 0
      vertex -2.46652 33.9692 2.4
      vertex -2.46652 33.9692 0
    endloop
  endfacet
  facet normal 0.98665 -0.162855 0
    outer loop
      vertex -2.42821 34.2013 0
      vertex -2.42821 34.2013 2.4
      vertex -2.46652 33.9692 2.4
    endloop
  endfacet
  facet normal 0.999464 0.0327345 0
    outer loop
      vertex -2.43591 34.4364 0
      vertex -2.42821 34.2013 2.4
      vertex -2.42821 34.2013 0
    endloop
  endfacet
  facet normal 0.999464 0.0327345 -0
    outer loop
      vertex -2.43591 34.4364 0
      vertex -2.43591 34.4364 2.4
      vertex -2.42821 34.2013 2.4
    endloop
  endfacet
  facet normal 0.973885 0.227041 0
    outer loop
      vertex -2.48932 34.6655 0
      vertex -2.43591 34.4364 2.4
      vertex -2.43591 34.4364 0
    endloop
  endfacet
  facet normal 0.973885 0.227041 -0
    outer loop
      vertex -2.48932 34.6655 0
      vertex -2.48932 34.6655 2.4
      vertex -2.43591 34.4364 2.4
    endloop
  endfacet
  facet normal 0.910893 0.412643 0
    outer loop
      vertex -2.5864 34.8798 0
      vertex -2.48932 34.6655 2.4
      vertex -2.48932 34.6655 0
    endloop
  endfacet
  facet normal 0.910893 0.412643 -0
    outer loop
      vertex -2.5864 34.8798 0
      vertex -2.5864 34.8798 2.4
      vertex -2.48932 34.6655 2.4
    endloop
  endfacet
  facet normal 0.812831 0.5825 0
    outer loop
      vertex -2.72342 35.071 0
      vertex -2.5864 34.8798 2.4
      vertex -2.5864 34.8798 0
    endloop
  endfacet
  facet normal 0.812831 0.5825 -0
    outer loop
      vertex -2.72342 35.071 0
      vertex -2.72342 35.071 2.4
      vertex -2.5864 34.8798 2.4
    endloop
  endfacet
  facet normal 0.683538 0.729915 0
    outer loop
      vertex -2.89513 35.2318 0
      vertex -2.72342 35.071 2.4
      vertex -2.72342 35.071 0
    endloop
  endfacet
  facet normal 0.683538 0.729915 -0
    outer loop
      vertex -2.89513 35.2318 0
      vertex -2.89513 35.2318 2.4
      vertex -2.72342 35.071 2.4
    endloop
  endfacet
  facet normal 0.52801 0.849238 0
    outer loop
      vertex -3.09489 35.356 0
      vertex -2.89513 35.2318 2.4
      vertex -2.89513 35.2318 0
    endloop
  endfacet
  facet normal 0.52801 0.849238 -0
    outer loop
      vertex -3.09489 35.356 0
      vertex -3.09489 35.356 2.4
      vertex -2.89513 35.2318 2.4
    endloop
  endfacet
  facet normal 0.35239 0.935853 0
    outer loop
      vertex -3.31505 35.4389 0
      vertex -3.09489 35.356 2.4
      vertex -3.09489 35.356 0
    endloop
  endfacet
  facet normal 0.35239 0.935853 -0
    outer loop
      vertex -3.31505 35.4389 0
      vertex -3.31505 35.4389 2.4
      vertex -3.09489 35.356 2.4
    endloop
  endfacet
  facet normal 0.162806 0.986658 0
    outer loop
      vertex -3.54716 35.4772 0
      vertex -3.31505 35.4389 2.4
      vertex -3.31505 35.4389 0
    endloop
  endfacet
  facet normal 0.162806 0.986658 -0
    outer loop
      vertex -3.54716 35.4772 0
      vertex -3.54716 35.4772 2.4
      vertex -3.31505 35.4389 2.4
    endloop
  endfacet
  facet normal -0.0327331 0.999464 0
    outer loop
      vertex -3.78227 35.4695 0
      vertex -3.54716 35.4772 2.4
      vertex -3.54716 35.4772 0
    endloop
  endfacet
  facet normal -0.0327331 0.999464 0
    outer loop
      vertex -3.78227 35.4695 0
      vertex -3.78227 35.4695 2.4
      vertex -3.54716 35.4772 2.4
    endloop
  endfacet
  facet normal -0.227001 0.973894 0
    outer loop
      vertex -4.01137 35.4161 0
      vertex -3.78227 35.4695 2.4
      vertex -3.78227 35.4695 0
    endloop
  endfacet
  facet normal -0.227001 0.973894 0
    outer loop
      vertex -4.01137 35.4161 0
      vertex -4.01137 35.4161 2.4
      vertex -3.78227 35.4695 2.4
    endloop
  endfacet
  facet normal -0.412778 0.910832 0
    outer loop
      vertex -4.22563 35.319 0
      vertex -4.01137 35.4161 2.4
      vertex -4.01137 35.4161 0
    endloop
  endfacet
  facet normal -0.412778 0.910832 0
    outer loop
      vertex -4.22563 35.319 0
      vertex -4.22563 35.319 2.4
      vertex -4.01137 35.4161 2.4
    endloop
  endfacet
  facet normal -0.499994 0.866029 0
    outer loop
      vertex -13.9665 29.6952 0
      vertex -4.22563 35.319 2.4
      vertex -4.22563 35.319 0
    endloop
  endfacet
  facet normal -0.499994 0.866029 0
    outer loop
      vertex -13.9665 29.6952 0
      vertex -13.9665 29.6952 2.4
      vertex -4.22563 35.319 2.4
    endloop
  endfacet
  facet normal -0.352771 0.93571 0
    outer loop
      vertex -14.0474 29.6647 0
      vertex -13.9665 29.6952 2.4
      vertex -13.9665 29.6952 0
    endloop
  endfacet
  facet normal -0.352771 0.93571 0
    outer loop
      vertex -14.0474 29.6647 0
      vertex -14.0474 29.6647 2.4
      vertex -13.9665 29.6952 2.4
    endloop
  endfacet
  facet normal -0.527934 0.849285 0
    outer loop
      vertex -14.2472 29.5405 0
      vertex -14.0474 29.6647 2.4
      vertex -14.0474 29.6647 0
    endloop
  endfacet
  facet normal -0.527934 0.849285 0
    outer loop
      vertex -14.2472 29.5405 0
      vertex -14.2472 29.5405 2.4
      vertex -14.0474 29.6647 2.4
    endloop
  endfacet
  facet normal -0.685475 0.728096 0
    outer loop
      vertex -14.2677 29.5212 0
      vertex -14.2472 29.5405 2.4
      vertex -14.2472 29.5405 0
    endloop
  endfacet
  facet normal -0.685475 0.728096 0
    outer loop
      vertex -14.2677 29.5212 0
      vertex -14.2677 29.5212 2.4
      vertex -14.2472 29.5405 2.4
    endloop
  endfacet
  facet normal -0.499979 0.866038 0
    outer loop
      vertex -15.3108 28.919 0
      vertex -14.2677 29.5212 2.4
      vertex -14.2677 29.5212 0
    endloop
  endfacet
  facet normal -0.499979 0.866038 0
    outer loop
      vertex -15.3108 28.919 0
      vertex -15.3108 28.919 2.4
      vertex -14.2677 29.5212 2.4
    endloop
  endfacet
  facet normal 0.866025 0.5 0
    outer loop
      vertex -21.4608 39.5711 0
      vertex -15.3108 28.919 2.4
      vertex -15.3108 28.919 0
    endloop
  endfacet
  facet normal 0.866025 0.5 -0
    outer loop
      vertex -21.4608 39.5711 0
      vertex -21.4608 39.5711 2.4
      vertex -15.3108 28.919 2.4
    endloop
  endfacet
  facet normal 0.812871 0.582444 0
    outer loop
      vertex -21.5978 39.7623 0
      vertex -21.4608 39.5711 2.4
      vertex -21.4608 39.5711 0
    endloop
  endfacet
  facet normal 0.812871 0.582444 -0
    outer loop
      vertex -21.5978 39.7623 0
      vertex -21.5978 39.7623 2.4
      vertex -21.4608 39.5711 2.4
    endloop
  endfacet
  facet normal 0.683559 0.729895 0
    outer loop
      vertex -21.7695 39.9231 0
      vertex -21.5978 39.7623 2.4
      vertex -21.5978 39.7623 0
    endloop
  endfacet
  facet normal 0.683559 0.729895 -0
    outer loop
      vertex -21.7695 39.9231 0
      vertex -21.7695 39.9231 2.4
      vertex -21.5978 39.7623 2.4
    endloop
  endfacet
  facet normal 0.528431 0.848976 0
    outer loop
      vertex -21.9692 40.0474 0
      vertex -21.7695 39.9231 2.4
      vertex -21.7695 39.9231 0
    endloop
  endfacet
  facet normal 0.528431 0.848976 -0
    outer loop
      vertex -21.9692 40.0474 0
      vertex -21.9692 40.0474 2.4
      vertex -21.7695 39.9231 2.4
    endloop
  endfacet
  facet normal 0.351962 0.936014 0
    outer loop
      vertex -22.1894 40.1302 0
      vertex -21.9692 40.0474 2.4
      vertex -21.9692 40.0474 0
    endloop
  endfacet
  facet normal 0.351962 0.936014 -0
    outer loop
      vertex -22.1894 40.1302 0
      vertex -22.1894 40.1302 2.4
      vertex -21.9692 40.0474 2.4
    endloop
  endfacet
  facet normal 0.162813 0.986657 0
    outer loop
      vertex -22.4215 40.1685 0
      vertex -22.1894 40.1302 2.4
      vertex -22.1894 40.1302 0
    endloop
  endfacet
  facet normal 0.162813 0.986657 -0
    outer loop
      vertex -22.4215 40.1685 0
      vertex -22.4215 40.1685 2.4
      vertex -22.1894 40.1302 2.4
    endloop
  endfacet
  facet normal -0.0323098 0.999478 0
    outer loop
      vertex -22.6566 40.1609 0
      vertex -22.4215 40.1685 2.4
      vertex -22.4215 40.1685 0
    endloop
  endfacet
  facet normal -0.0323098 0.999478 0
    outer loop
      vertex -22.6566 40.1609 0
      vertex -22.6566 40.1609 2.4
      vertex -22.4215 40.1685 2.4
    endloop
  endfacet
  facet normal -0.227001 0.973894 0
    outer loop
      vertex -22.8857 40.1075 0
      vertex -22.6566 40.1609 2.4
      vertex -22.6566 40.1609 0
    endloop
  endfacet
  facet normal -0.227001 0.973894 0
    outer loop
      vertex -22.8857 40.1075 0
      vertex -22.8857 40.1075 2.4
      vertex -22.6566 40.1609 2.4
    endloop
  endfacet
  facet normal -0.412714 0.910861 0
    outer loop
      vertex -23.1 40.0104 0
      vertex -22.8857 40.1075 2.4
      vertex -22.8857 40.1075 0
    endloop
  endfacet
  facet normal -0.412714 0.910861 0
    outer loop
      vertex -23.1 40.0104 0
      vertex -23.1 40.0104 2.4
      vertex -22.8857 40.1075 2.4
    endloop
  endfacet
  facet normal -0.582444 0.812871 0
    outer loop
      vertex -23.2912 39.8734 0
      vertex -23.1 40.0104 2.4
      vertex -23.1 40.0104 0
    endloop
  endfacet
  facet normal -0.582444 0.812871 0
    outer loop
      vertex -23.2912 39.8734 0
      vertex -23.2912 39.8734 2.4
      vertex -23.1 40.0104 2.4
    endloop
  endfacet
  facet normal -0.730094 0.683347 0
    outer loop
      vertex -23.452 39.7016 0
      vertex -23.2912 39.8734 2.4
      vertex -23.2912 39.8734 0
    endloop
  endfacet
  facet normal -0.730094 0.683347 0
    outer loop
      vertex -23.452 39.7016 0
      vertex -23.452 39.7016 2.4
      vertex -23.2912 39.8734 2.4
    endloop
  endfacet
  facet normal -0.849167 0.528125 0
    outer loop
      vertex -23.5762 39.5019 0
      vertex -23.452 39.7016 2.4
      vertex -23.452 39.7016 0
    endloop
  endfacet
  facet normal -0.849167 0.528125 0
    outer loop
      vertex -23.5762 39.5019 0
      vertex -23.5762 39.5019 2.4
      vertex -23.452 39.7016 2.4
    endloop
  endfacet
  facet normal -0.935874 0.352334 0
    outer loop
      vertex -23.6591 39.2817 0
      vertex -23.5762 39.5019 2.4
      vertex -23.5762 39.5019 0
    endloop
  endfacet
  facet normal -0.935874 0.352334 0
    outer loop
      vertex -23.6591 39.2817 0
      vertex -23.6591 39.2817 2.4
      vertex -23.5762 39.5019 2.4
    endloop
  endfacet
  facet normal -0.986657 0.162813 0
    outer loop
      vertex -23.6974 39.0496 0
      vertex -23.6591 39.2817 2.4
      vertex -23.6591 39.2817 0
    endloop
  endfacet
  facet normal -0.986657 0.162813 0
    outer loop
      vertex -23.6974 39.0496 0
      vertex -23.6974 39.0496 2.4
      vertex -23.6591 39.2817 2.4
    endloop
  endfacet
  facet normal -0.999464 -0.0327345 0
    outer loop
      vertex -23.6897 38.8145 0
      vertex -23.6974 39.0496 2.4
      vertex -23.6974 39.0496 0
    endloop
  endfacet
  facet normal -0.999464 -0.0327345 0
    outer loop
      vertex -23.6897 38.8145 0
      vertex -23.6897 38.8145 2.4
      vertex -23.6974 39.0496 2.4
    endloop
  endfacet
  facet normal -0.973894 -0.227001 0
    outer loop
      vertex -23.6363 38.5854 0
      vertex -23.6897 38.8145 2.4
      vertex -23.6897 38.8145 0
    endloop
  endfacet
  facet normal -0.973894 -0.227001 0
    outer loop
      vertex -23.6363 38.5854 0
      vertex -23.6363 38.5854 2.4
      vertex -23.6897 38.8145 2.4
    endloop
  endfacet
  facet normal -0.910861 -0.412714 0
    outer loop
      vertex -23.5392 38.3711 0
      vertex -23.6363 38.5854 2.4
      vertex -23.6363 38.5854 0
    endloop
  endfacet
  facet normal -0.910861 -0.412714 0
    outer loop
      vertex -23.5392 38.3711 0
      vertex -23.5392 38.3711 2.4
      vertex -23.6363 38.5854 2.4
    endloop
  endfacet
  facet normal -0.866025 -0.5 0
    outer loop
      vertex -17.3892 27.719 0
      vertex -23.5392 38.3711 2.4
      vertex -23.5392 38.3711 0
    endloop
  endfacet
  facet normal -0.866025 -0.5 0
    outer loop
      vertex -17.3892 27.719 0
      vertex -17.3892 27.719 2.4
      vertex -23.5392 38.3711 2.4
    endloop
  endfacet
  facet normal -0.499979 0.866038 0
    outer loop
      vertex -18.4323 27.1168 0
      vertex -17.3892 27.719 2.4
      vertex -17.3892 27.719 0
    endloop
  endfacet
  facet normal -0.499979 0.866038 0
    outer loop
      vertex -18.4323 27.1168 0
      vertex -18.4323 27.1168 2.4
      vertex -17.3892 27.719 2.4
    endloop
  endfacet
  facet normal -0.291586 0.956545 0
    outer loop
      vertex -18.4592 27.1086 0
      vertex -18.4323 27.1168 2.4
      vertex -18.4323 27.1168 0
    endloop
  endfacet
  facet normal -0.291586 0.956545 0
    outer loop
      vertex -18.4592 27.1086 0
      vertex -18.4592 27.1086 2.4
      vertex -18.4323 27.1168 2.4
    endloop
  endfacet
  facet normal -0.471029 0.882117 0
    outer loop
      vertex -18.6667 26.9978 0
      vertex -18.4592 27.1086 2.4
      vertex -18.4592 27.1086 0
    endloop
  endfacet
  facet normal -0.471029 0.882117 0
    outer loop
      vertex -18.6667 26.9978 0
      vertex -18.6667 26.9978 2.4
      vertex -18.4592 27.1086 2.4
    endloop
  endfacet
  facet normal -0.63437 0.77303 0
    outer loop
      vertex -18.7336 26.9429 0
      vertex -18.6667 26.9978 2.4
      vertex -18.6667 26.9978 0
    endloop
  endfacet
  facet normal -0.63437 0.77303 0
    outer loop
      vertex -18.7336 26.9429 0
      vertex -18.7336 26.9429 2.4
      vertex -18.6667 26.9978 2.4
    endloop
  endfacet
  facet normal -0.500007 0.866021 0
    outer loop
      vertex -28.4743 21.319 0
      vertex -18.7336 26.9429 2.4
      vertex -18.7336 26.9429 0
    endloop
  endfacet
  facet normal -0.500007 0.866021 0
    outer loop
      vertex -28.4743 21.319 0
      vertex -28.4743 21.319 2.4
      vertex -18.7336 26.9429 2.4
    endloop
  endfacet
  facet normal -0.582243 0.813015 0
    outer loop
      vertex -28.6656 21.182 0
      vertex -28.4743 21.319 2.4
      vertex -28.4743 21.319 0
    endloop
  endfacet
  facet normal -0.582243 0.813015 0
    outer loop
      vertex -28.6656 21.182 0
      vertex -28.6656 21.182 2.4
      vertex -28.4743 21.319 2.4
    endloop
  endfacet
  facet normal -0.729895 0.683559 0
    outer loop
      vertex -28.8264 21.0103 0
      vertex -28.6656 21.182 2.4
      vertex -28.6656 21.182 0
    endloop
  endfacet
  facet normal -0.729895 0.683559 0
    outer loop
      vertex -28.8264 21.0103 0
      vertex -28.8264 21.0103 2.4
      vertex -28.6656 21.182 2.4
    endloop
  endfacet
  facet normal -0.849285 0.527934 0
    outer loop
      vertex -28.9506 20.8105 0
      vertex -28.8264 21.0103 2.4
      vertex -28.8264 21.0103 0
    endloop
  endfacet
  facet normal -0.849285 0.527934 0
    outer loop
      vertex -28.9506 20.8105 0
      vertex -28.9506 20.8105 2.4
      vertex -28.8264 21.0103 2.4
    endloop
  endfacet
  facet normal -0.935821 0.352474 0
    outer loop
      vertex -29.0335 20.5904 0
      vertex -28.9506 20.8105 2.4
      vertex -28.9506 20.8105 0
    endloop
  endfacet
  facet normal -0.935821 0.352474 0
    outer loop
      vertex -29.0335 20.5904 0
      vertex -29.0335 20.5904 2.4
      vertex -28.9506 20.8105 2.4
    endloop
  endfacet
  facet normal -0.986657 0.162813 0
    outer loop
      vertex -29.0718 20.3583 0
      vertex -29.0335 20.5904 2.4
      vertex -29.0335 20.5904 0
    endloop
  endfacet
  facet normal -0.986657 0.162813 0
    outer loop
      vertex -29.0718 20.3583 0
      vertex -29.0718 20.3583 2.4
      vertex -29.0335 20.5904 2.4
    endloop
  endfacet
  facet normal -0.999464 -0.0327345 0
    outer loop
      vertex -29.0641 20.1232 0
      vertex -29.0718 20.3583 2.4
      vertex -29.0718 20.3583 0
    endloop
  endfacet
  facet normal -0.999464 -0.0327345 0
    outer loop
      vertex -29.0641 20.1232 0
      vertex -29.0641 20.1232 2.4
      vertex -29.0718 20.3583 2.4
    endloop
  endfacet
  facet normal -0.973894 -0.227001 0
    outer loop
      vertex -29.0107 19.8941 0
      vertex -29.0641 20.1232 2.4
      vertex -29.0641 20.1232 0
    endloop
  endfacet
  facet normal -0.973894 -0.227001 0
    outer loop
      vertex -29.0107 19.8941 0
      vertex -29.0107 19.8941 2.4
      vertex -29.0641 20.1232 2.4
    endloop
  endfacet
  facet normal -0.910861 -0.412714 0
    outer loop
      vertex -28.9136 19.6798 0
      vertex -29.0107 19.8941 2.4
      vertex -29.0107 19.8941 0
    endloop
  endfacet
  facet normal -0.910861 -0.412714 0
    outer loop
      vertex -28.9136 19.6798 0
      vertex -28.9136 19.6798 2.4
      vertex -29.0107 19.8941 2.4
    endloop
  endfacet
  facet normal -0.812871 -0.582444 0
    outer loop
      vertex -28.7766 19.4886 0
      vertex -28.9136 19.6798 2.4
      vertex -28.9136 19.6798 0
    endloop
  endfacet
  facet normal -0.812871 -0.582444 0
    outer loop
      vertex -28.7766 19.4886 0
      vertex -28.7766 19.4886 2.4
      vertex -28.9136 19.6798 2.4
    endloop
  endfacet
  facet normal -0.683347 -0.730094 0
    outer loop
      vertex -28.6048 19.3278 0
      vertex -28.7766 19.4886 2.4
      vertex -28.7766 19.4886 0
    endloop
  endfacet
  facet normal -0.683347 -0.730094 0
    outer loop
      vertex -28.6048 19.3278 0
      vertex -28.6048 19.3278 2.4
      vertex -28.7766 19.4886 2.4
    endloop
  endfacet
  facet normal -0.528125 -0.849167 0
    outer loop
      vertex -28.4051 19.2036 0
      vertex -28.6048 19.3278 2.4
      vertex -28.6048 19.3278 0
    endloop
  endfacet
  facet normal -0.528125 -0.849167 0
    outer loop
      vertex -28.4051 19.2036 0
      vertex -28.4051 19.2036 2.4
      vertex -28.6048 19.3278 2.4
    endloop
  endfacet
  facet normal -0.352334 -0.935874 0
    outer loop
      vertex -28.1849 19.1207 0
      vertex -28.4051 19.2036 2.4
      vertex -28.4051 19.2036 0
    endloop
  endfacet
  facet normal -0.352334 -0.935874 0
    outer loop
      vertex -28.1849 19.1207 0
      vertex -28.1849 19.1207 2.4
      vertex -28.4051 19.2036 2.4
    endloop
  endfacet
  facet normal -0.162813 -0.986657 0
    outer loop
      vertex -27.9528 19.0824 0
      vertex -28.1849 19.1207 2.4
      vertex -28.1849 19.1207 0
    endloop
  endfacet
  facet normal -0.162813 -0.986657 0
    outer loop
      vertex -27.9528 19.0824 0
      vertex -27.9528 19.0824 2.4
      vertex -28.1849 19.1207 2.4
    endloop
  endfacet
  facet normal 0.0327345 -0.999464 0
    outer loop
      vertex -27.7177 19.0901 0
      vertex -27.9528 19.0824 2.4
      vertex -27.9528 19.0824 0
    endloop
  endfacet
  facet normal 0.0327345 -0.999464 0
    outer loop
      vertex -27.7177 19.0901 0
      vertex -27.7177 19.0901 2.4
      vertex -27.9528 19.0824 2.4
    endloop
  endfacet
  facet normal 0.227001 -0.973894 0
    outer loop
      vertex -27.4886 19.1435 0
      vertex -27.7177 19.0901 2.4
      vertex -27.7177 19.0901 0
    endloop
  endfacet
  facet normal 0.227001 -0.973894 0
    outer loop
      vertex -27.4886 19.1435 0
      vertex -27.4886 19.1435 2.4
      vertex -27.7177 19.0901 2.4
    endloop
  endfacet
  facet normal 0.412714 -0.910861 0
    outer loop
      vertex -27.2743 19.2406 0
      vertex -27.4886 19.1435 2.4
      vertex -27.4886 19.1435 0
    endloop
  endfacet
  facet normal 0.412714 -0.910861 0
    outer loop
      vertex -27.2743 19.2406 0
      vertex -27.2743 19.2406 2.4
      vertex -27.4886 19.1435 2.4
    endloop
  endfacet
  facet normal 0.5 -0.866025 0
    outer loop
      vertex -19.2 23.9023 0
      vertex -27.2743 19.2406 2.4
      vertex -27.2743 19.2406 0
    endloop
  endfacet
  facet normal 0.5 -0.866025 0
    outer loop
      vertex -19.2 23.9023 0
      vertex -19.2 23.9023 2.4
      vertex -27.2743 19.2406 2.4
    endloop
  endfacet
  facet normal -1 0 0
    outer loop
      vertex -19.2 11.0851 0
      vertex -19.2 23.9023 2.4
      vertex -19.2 23.9023 0
    endloop
  endfacet
  facet normal -1 0 0
    outer loop
      vertex -19.2 11.0851 0
      vertex -19.2 11.0851 2.4
      vertex -19.2 23.9023 2.4
    endloop
  endfacet
  facet normal -0.499999 0.866026 0
    outer loop
      vertex -30.3 4.67653 0
      vertex -19.2 11.0851 2.4
      vertex -19.2 11.0851 0
    endloop
  endfacet
  facet normal -0.499999 0.866026 0
    outer loop
      vertex -30.3 4.67653 0
      vertex -30.3 4.67653 2.4
      vertex -19.2 11.0851 2.4
    endloop
  endfacet
  facet normal 1 0 0
    outer loop
      vertex -30.3 14 0
      vertex -30.3 4.67653 2.4
      vertex -30.3 4.67653 0
    endloop
  endfacet
  facet normal 1 0 -0
    outer loop
      vertex -30.3 14 0
      vertex -30.3 14 2.4
      vertex -30.3 4.67653 2.4
    endloop
  endfacet
  facet normal 0.995208 0.0977778 0
    outer loop
      vertex -30.323 14.2341 0
      vertex -30.3 14 2.4
      vertex -30.3 14 0
    endloop
  endfacet
  facet normal 0.995208 0.0977778 -0
    outer loop
      vertex -30.323 14.2341 0
      vertex -30.323 14.2341 2.4
      vertex -30.3 14 2.4
    endloop
  endfacet
  facet normal 0.956921 0.29035 0
    outer loop
      vertex -30.3913 14.4592 0
      vertex -30.323 14.2341 2.4
      vertex -30.323 14.2341 0
    endloop
  endfacet
  facet normal 0.956921 0.29035 -0
    outer loop
      vertex -30.3913 14.4592 0
      vertex -30.3913 14.4592 2.4
      vertex -30.323 14.2341 2.4
    endloop
  endfacet
  facet normal 0.881941 0.47136 0
    outer loop
      vertex -30.5022 14.6667 0
      vertex -30.3913 14.4592 2.4
      vertex -30.3913 14.4592 0
    endloop
  endfacet
  facet normal 0.881941 0.47136 -0
    outer loop
      vertex -30.5022 14.6667 0
      vertex -30.5022 14.6667 2.4
      vertex -30.3913 14.4592 2.4
    endloop
  endfacet
  facet normal 0.772801 0.634649 0
    outer loop
      vertex -30.6515 14.8485 0
      vertex -30.5022 14.6667 2.4
      vertex -30.5022 14.6667 0
    endloop
  endfacet
  facet normal 0.772801 0.634649 -0
    outer loop
      vertex -30.6515 14.8485 0
      vertex -30.6515 14.8485 2.4
      vertex -30.5022 14.6667 2.4
    endloop
  endfacet
  facet normal 0.634649 0.772801 0
    outer loop
      vertex -30.8333 14.9978 0
      vertex -30.6515 14.8485 2.4
      vertex -30.6515 14.8485 0
    endloop
  endfacet
  facet normal 0.634649 0.772801 -0
    outer loop
      vertex -30.8333 14.9978 0
      vertex -30.8333 14.9978 2.4
      vertex -30.6515 14.8485 2.4
    endloop
  endfacet
  facet normal 0.471029 0.882117 0
    outer loop
      vertex -31.0408 15.1086 0
      vertex -30.8333 14.9978 2.4
      vertex -30.8333 14.9978 0
    endloop
  endfacet
  facet normal 0.471029 0.882117 -0
    outer loop
      vertex -31.0408 15.1086 0
      vertex -31.0408 15.1086 2.4
      vertex -30.8333 14.9978 2.4
    endloop
  endfacet
  facet normal 0.29035 0.956921 0
    outer loop
      vertex -31.2659 15.1769 0
      vertex -31.0408 15.1086 2.4
      vertex -31.0408 15.1086 0
    endloop
  endfacet
  facet normal 0.29035 0.956921 -0
    outer loop
      vertex -31.2659 15.1769 0
      vertex -31.2659 15.1769 2.4
      vertex -31.0408 15.1086 2.4
    endloop
  endfacet
  facet normal 0.0981989 0.995167 0
    outer loop
      vertex -31.5 15.2 0
      vertex -31.2659 15.1769 2.4
      vertex -31.2659 15.1769 0
    endloop
  endfacet
  facet normal 0.0981989 0.995167 -0
    outer loop
      vertex -31.5 15.2 0
      vertex -31.5 15.2 2.4
      vertex -31.2659 15.1769 2.4
    endloop
  endfacet
  facet normal -0.0981989 0.995167 0
    outer loop
      vertex -31.7341 15.1769 0
      vertex -31.5 15.2 2.4
      vertex -31.5 15.2 0
    endloop
  endfacet
  facet normal -0.0981989 0.995167 0
    outer loop
      vertex -31.7341 15.1769 0
      vertex -31.7341 15.1769 2.4
      vertex -31.5 15.2 2.4
    endloop
  endfacet
  facet normal -0.29035 0.956921 0
    outer loop
      vertex -31.9592 15.1086 0
      vertex -31.7341 15.1769 2.4
      vertex -31.7341 15.1769 0
    endloop
  endfacet
  facet normal -0.29035 0.956921 0
    outer loop
      vertex -31.9592 15.1086 0
      vertex -31.9592 15.1086 2.4
      vertex -31.7341 15.1769 2.4
    endloop
  endfacet
  facet normal -0.471029 0.882117 0
    outer loop
      vertex -32.1667 14.9978 0
      vertex -31.9592 15.1086 2.4
      vertex -31.9592 15.1086 0
    endloop
  endfacet
  facet normal -0.471029 0.882117 0
    outer loop
      vertex -32.1667 14.9978 0
      vertex -32.1667 14.9978 2.4
      vertex -31.9592 15.1086 2.4
    endloop
  endfacet
  facet normal -0.634649 0.772801 0
    outer loop
      vertex -32.3485 14.8485 0
      vertex -32.1667 14.9978 2.4
      vertex -32.1667 14.9978 0
    endloop
  endfacet
  facet normal -0.634649 0.772801 0
    outer loop
      vertex -32.3485 14.8485 0
      vertex -32.3485 14.8485 2.4
      vertex -32.1667 14.9978 2.4
    endloop
  endfacet
  facet normal -0.772801 0.634649 0
    outer loop
      vertex -32.4978 14.6667 0
      vertex -32.3485 14.8485 2.4
      vertex -32.3485 14.8485 0
    endloop
  endfacet
  facet normal -0.772801 0.634649 0
    outer loop
      vertex -32.4978 14.6667 0
      vertex -32.4978 14.6667 2.4
      vertex -32.3485 14.8485 2.4
    endloop
  endfacet
  facet normal -0.882117 0.471029 0
    outer loop
      vertex -32.6086 14.4592 0
      vertex -32.4978 14.6667 2.4
      vertex -32.4978 14.6667 0
    endloop
  endfacet
  facet normal -0.882117 0.471029 0
    outer loop
      vertex -32.6086 14.4592 0
      vertex -32.6086 14.4592 2.4
      vertex -32.4978 14.6667 2.4
    endloop
  endfacet
  facet normal -0.956921 0.29035 0
    outer loop
      vertex -32.6769 14.2341 0
      vertex -32.6086 14.4592 2.4
      vertex -32.6086 14.4592 0
    endloop
  endfacet
  facet normal -0.956921 0.29035 0
    outer loop
      vertex -32.6769 14.2341 0
      vertex -32.6769 14.2341 2.4
      vertex -32.6086 14.4592 2.4
    endloop
  endfacet
  facet normal -0.995167 0.0981989 0
    outer loop
      vertex -32.7 14 0
      vertex -32.6769 14.2341 2.4
      vertex -32.6769 14.2341 0
    endloop
  endfacet
  facet normal -0.995167 0.0981989 0
    outer loop
      vertex -32.7 14 0
      vertex -32.7 14 2.4
      vertex -32.6769 14.2341 2.4
    endloop
  endfacet
  facet normal -1 0 0
    outer loop
      vertex -32.7 2.75218 0
      vertex -32.7 14 2.4
      vertex -32.7 14 0
    endloop
  endfacet
  facet normal -1 0 0
    outer loop
      vertex -32.7 2.75218 0
      vertex -32.7 2.75218 2.4
      vertex -32.7 14 2.4
    endloop
  endfacet
  facet normal -0.986596 0.163179 0
    outer loop
      vertex -32.7141 2.66693 0
      vertex -32.7 2.75218 2.4
      vertex -32.7 2.75218 0
    endloop
  endfacet
  facet normal -0.986596 0.163179 0
    outer loop
      vertex -32.7141 2.66693 0
      vertex -32.7141 2.66693 2.4
      vertex -32.7 2.75218 2.4
    endloop
  endfacet
  facet normal -0.999464 -0.0327331 0
    outer loop
      vertex -32.7064 2.43182 0
      vertex -32.7141 2.66693 2.4
      vertex -32.7141 2.66693 0
    endloop
  endfacet
  facet normal -0.999464 -0.0327331 0
    outer loop
      vertex -32.7064 2.43182 0
      vertex -32.7064 2.43182 2.4
      vertex -32.7141 2.66693 2.4
    endloop
  endfacet
  facet normal -0.973715 -0.22777 0
    outer loop
      vertex -32.7 2.40446 0
      vertex -32.7064 2.43182 2.4
      vertex -32.7064 2.43182 0
    endloop
  endfacet
  facet normal -0.973715 -0.22777 0
    outer loop
      vertex -32.7 2.40446 0
      vertex -32.7 2.40446 2.4
      vertex -32.7064 2.43182 2.4
    endloop
  endfacet
  facet normal -1 0 0
    outer loop
      vertex -32.7 1.2 0
      vertex -32.7 2.40446 2.4
      vertex -32.7 2.40446 0
    endloop
  endfacet
  facet normal -1 0 0
    outer loop
      vertex -32.7 1.2 0
      vertex -32.7 1.2 2.4
      vertex -32.7 2.40446 2.4
    endloop
  endfacet
  facet normal 0 1 0
    outer loop
      vertex -45 1.2 0
      vertex -32.7 1.2 2.4
      vertex -32.7 1.2 0
    endloop
  endfacet
  facet normal 0 1 0
    outer loop
      vertex -45 1.2 0
      vertex -45 1.2 2.4
      vertex -32.7 1.2 2.4
    endloop
  endfacet
  facet normal -0.0980305 0.995183 0
    outer loop
      vertex -45.2341 1.17694 0
      vertex -45 1.2 2.4
      vertex -45 1.2 0
    endloop
  endfacet
  facet normal -0.0980305 0.995183 0
    outer loop
      vertex -45.2341 1.17694 0
      vertex -45.2341 1.17694 2.4
      vertex -45 1.2 2.4
    endloop
  endfacet
  facet normal -0.29035 0.956921 0
    outer loop
      vertex -45.4592 1.10864 0
      vertex -45.2341 1.17694 2.4
      vertex -45.2341 1.17694 0
    endloop
  endfacet
  facet normal -0.29035 0.956921 0
    outer loop
      vertex -45.4592 1.10864 0
      vertex -45.4592 1.10864 2.4
      vertex -45.2341 1.17694 2.4
    endloop
  endfacet
  facet normal -0.471304 0.881971 0
    outer loop
      vertex -45.6667 0.997757 0
      vertex -45.4592 1.10864 2.4
      vertex -45.4592 1.10864 0
    endloop
  endfacet
  facet normal -0.471304 0.881971 0
    outer loop
      vertex -45.6667 0.997757 0
      vertex -45.6667 0.997757 2.4
      vertex -45.4592 1.10864 2.4
    endloop
  endfacet
  facet normal -0.634474 0.772945 0
    outer loop
      vertex -45.8485 0.848526 0
      vertex -45.6667 0.997757 2.4
      vertex -45.6667 0.997757 0
    endloop
  endfacet
  facet normal -0.634474 0.772945 0
    outer loop
      vertex -45.8485 0.848526 0
      vertex -45.8485 0.848526 2.4
      vertex -45.6667 0.997757 2.4
    endloop
  endfacet
  facet normal -0.772893 0.634536 0
    outer loop
      vertex -45.9978 0.666672 0
      vertex -45.8485 0.848526 2.4
      vertex -45.8485 0.848526 0
    endloop
  endfacet
  facet normal -0.772893 0.634536 0
    outer loop
      vertex -45.9978 0.666672 0
      vertex -45.9978 0.666672 2.4
      vertex -45.8485 0.848526 2.4
    endloop
  endfacet
  facet normal -0.882079 0.471102 0
    outer loop
      vertex -46.1086 0.459213 0
      vertex -45.9978 0.666672 2.4
      vertex -45.9978 0.666672 0
    endloop
  endfacet
  facet normal -0.882079 0.471102 0
    outer loop
      vertex -46.1086 0.459213 0
      vertex -46.1086 0.459213 2.4
      vertex -45.9978 0.666672 2.4
    endloop
  endfacet
  facet normal -0.956925 0.290334 0
    outer loop
      vertex -46.1769 0.2341 0
      vertex -46.1086 0.459213 2.4
      vertex -46.1086 0.459213 0
    endloop
  endfacet
  facet normal -0.956925 0.290334 0
    outer loop
      vertex -46.1769 0.2341 0
      vertex -46.1769 0.2341 2.4
      vertex -46.1086 0.459213 2.4
    endloop
  endfacet
  facet normal -0.995167 0.0981989 0
    outer loop
      vertex -46.2 0 0
      vertex -46.1769 0.2341 2.4
      vertex -46.1769 0.2341 0
    endloop
  endfacet
  facet normal -0.995167 0.0981989 0
    outer loop
      vertex -46.2 0 0
      vertex -46.2 0 2.4
      vertex -46.1769 0.2341 2.4
    endloop
  endfacet
  facet normal -0.995167 -0.0981989 0
    outer loop
      vertex -46.1769 -0.2341 0
      vertex -46.2 0 2.4
      vertex -46.2 0 0
    endloop
  endfacet
  facet normal -0.995167 -0.0981989 0
    outer loop
      vertex -46.1769 -0.2341 0
      vertex -46.1769 -0.2341 2.4
      vertex -46.2 0 2.4
    endloop
  endfacet
  facet normal -0.956925 -0.290334 0
    outer loop
      vertex -46.1086 -0.459213 0
      vertex -46.1769 -0.2341 2.4
      vertex -46.1769 -0.2341 0
    endloop
  endfacet
  facet normal -0.956925 -0.290334 0
    outer loop
      vertex -46.1086 -0.459213 0
      vertex -46.1086 -0.459213 2.4
      vertex -46.1769 -0.2341 2.4
    endloop
  endfacet
  facet normal -0.882079 -0.471102 0
    outer loop
      vertex -45.9978 -0.666672 0
      vertex -46.1086 -0.459213 2.4
      vertex -46.1086 -0.459213 0
    endloop
  endfacet
  facet normal -0.882079 -0.471102 0
    outer loop
      vertex -45.9978 -0.666672 0
      vertex -45.9978 -0.666672 2.4
      vertex -46.1086 -0.459213 2.4
    endloop
  endfacet
  facet normal -0.772893 -0.634536 0
    outer loop
      vertex -45.8485 -0.848526 0
      vertex -45.9978 -0.666672 2.4
      vertex -45.9978 -0.666672 0
    endloop
  endfacet
  facet normal -0.772893 -0.634536 0
    outer loop
      vertex -45.8485 -0.848526 0
      vertex -45.8485 -0.848526 2.4
      vertex -45.9978 -0.666672 2.4
    endloop
  endfacet
  facet normal -0.634474 -0.772945 0
    outer loop
      vertex -45.6667 -0.997757 0
      vertex -45.8485 -0.848526 2.4
      vertex -45.8485 -0.848526 0
    endloop
  endfacet
  facet normal -0.634474 -0.772945 0
    outer loop
      vertex -45.6667 -0.997757 0
      vertex -45.6667 -0.997757 2.4
      vertex -45.8485 -0.848526 2.4
    endloop
  endfacet
  facet normal -0.471304 -0.881971 0
    outer loop
      vertex -45.4592 -1.10864 0
      vertex -45.6667 -0.997757 2.4
      vertex -45.6667 -0.997757 0
    endloop
  endfacet
  facet normal -0.471304 -0.881971 0
    outer loop
      vertex -45.4592 -1.10864 0
      vertex -45.4592 -1.10864 2.4
      vertex -45.6667 -0.997757 2.4
    endloop
  endfacet
  facet normal -0.29035 -0.956921 0
    outer loop
      vertex -45.2341 -1.17694 0
      vertex -45.4592 -1.10864 2.4
      vertex -45.4592 -1.10864 0
    endloop
  endfacet
  facet normal -0.29035 -0.956921 0
    outer loop
      vertex -45.2341 -1.17694 0
      vertex -45.2341 -1.17694 2.4
      vertex -45.4592 -1.10864 2.4
    endloop
  endfacet
  facet normal -0.0980305 -0.995183 0
    outer loop
      vertex -45 -1.2 0
      vertex -45.2341 -1.17694 2.4
      vertex -45.2341 -1.17694 0
    endloop
  endfacet
  facet normal -0.0980305 -0.995183 0
    outer loop
      vertex -45 -1.2 0
      vertex -45 -1.2 2.4
      vertex -45.2341 -1.17694 2.4
    endloop
  endfacet
  facet normal 0 -1 0
    outer loop
      vertex -32.7 -1.2 0
      vertex -45 -1.2 2.4
      vertex -45 -1.2 0
    endloop
  endfacet
  facet normal 0 -1 0
    outer loop
      vertex -32.7 -1.2 0
      vertex -32.7 -1.2 2.4
      vertex -45 -1.2 2.4
    endloop
  endfacet
  facet normal -1 0 0
    outer loop
      vertex -32.7 -2.40446 0
      vertex -32.7 -1.2 2.4
      vertex -32.7 -1.2 0
    endloop
  endfacet
  facet normal -1 0 0
    outer loop
      vertex -32.7 -2.40446 0
      vertex -32.7 -2.40446 2.4
      vertex -32.7 -1.2 2.4
    endloop
  endfacet
  facet normal -0.973715 0.22777 0
    outer loop
      vertex -32.7064 -2.43182 0
      vertex -32.7 -2.40446 2.4
      vertex -32.7 -2.40446 0
    endloop
  endfacet
  facet normal -0.973715 0.22777 0
    outer loop
      vertex -32.7064 -2.43182 0
      vertex -32.7064 -2.43182 2.4
      vertex -32.7 -2.40446 2.4
    endloop
  endfacet
  facet normal -0.999464 0.0327331 0
    outer loop
      vertex -32.7141 -2.66693 0
      vertex -32.7064 -2.43182 2.4
      vertex -32.7064 -2.43182 0
    endloop
  endfacet
  facet normal -0.999464 0.0327331 0
    outer loop
      vertex -32.7141 -2.66693 0
      vertex -32.7141 -2.66693 2.4
      vertex -32.7064 -2.43182 2.4
    endloop
  endfacet
  facet normal -0.986596 -0.163179 0
    outer loop
      vertex -32.7 -2.75218 0
      vertex -32.7141 -2.66693 2.4
      vertex -32.7141 -2.66693 0
    endloop
  endfacet
  facet normal -0.986596 -0.163179 0
    outer loop
      vertex -32.7 -2.75218 0
      vertex -32.7 -2.75218 2.4
      vertex -32.7141 -2.66693 2.4
    endloop
  endfacet
  facet normal -1 0 0
    outer loop
      vertex -32.7 -14 0
      vertex -32.7 -2.75218 2.4
      vertex -32.7 -2.75218 0
    endloop
  endfacet
  facet normal -1 0 0
    outer loop
      vertex -32.7 -14 0
      vertex -32.7 -14 2.4
      vertex -32.7 -2.75218 2.4
    endloop
  endfacet
  facet normal -0.995167 -0.0981989 0
    outer loop
      vertex -32.6769 -14.2341 0
      vertex -32.7 -14 2.4
      vertex -32.7 -14 0
    endloop
  endfacet
  facet normal -0.995167 -0.0981989 0
    outer loop
      vertex -32.6769 -14.2341 0
      vertex -32.6769 -14.2341 2.4
      vertex -32.7 -14 2.4
    endloop
  endfacet
  facet normal -0.956921 -0.29035 0
    outer loop
      vertex -32.6086 -14.4592 0
      vertex -32.6769 -14.2341 2.4
      vertex -32.6769 -14.2341 0
    endloop
  endfacet
  facet normal -0.956921 -0.29035 0
    outer loop
      vertex -32.6086 -14.4592 0
      vertex -32.6086 -14.4592 2.4
      vertex -32.6769 -14.2341 2.4
    endloop
  endfacet
  facet normal -0.882117 -0.471029 0
    outer loop
      vertex -32.4978 -14.6667 0
      vertex -32.6086 -14.4592 2.4
      vertex -32.6086 -14.4592 0
    endloop
  endfacet
  facet normal -0.882117 -0.471029 0
    outer loop
      vertex -32.4978 -14.6667 0
      vertex -32.4978 -14.6667 2.4
      vertex -32.6086 -14.4592 2.4
    endloop
  endfacet
  facet normal -0.772801 -0.634649 0
    outer loop
      vertex -32.3485 -14.8485 0
      vertex -32.4978 -14.6667 2.4
      vertex -32.4978 -14.6667 0
    endloop
  endfacet
  facet normal -0.772801 -0.634649 0
    outer loop
      vertex -32.3485 -14.8485 0
      vertex -32.3485 -14.8485 2.4
      vertex -32.4978 -14.6667 2.4
    endloop
  endfacet
  facet normal -0.634649 -0.772801 0
    outer loop
      vertex -32.1667 -14.9978 0
      vertex -32.3485 -14.8485 2.4
      vertex -32.3485 -14.8485 0
    endloop
  endfacet
  facet normal -0.634649 -0.772801 0
    outer loop
      vertex -32.1667 -14.9978 0
      vertex -32.1667 -14.9978 2.4
      vertex -32.3485 -14.8485 2.4
    endloop
  endfacet
  facet normal -0.471029 -0.882117 0
    outer loop
      vertex -31.9592 -15.1086 0
      vertex -32.1667 -14.9978 2.4
      vertex -32.1667 -14.9978 0
    endloop
  endfacet
  facet normal -0.471029 -0.882117 0
    outer loop
      vertex -31.9592 -15.1086 0
      vertex -31.9592 -15.1086 2.4
      vertex -32.1667 -14.9978 2.4
    endloop
  endfacet
  facet normal -0.29035 -0.956921 0
    outer loop
      vertex -31.7341 -15.1769 0
      vertex -31.9592 -15.1086 2.4
      vertex -31.9592 -15.1086 0
    endloop
  endfacet
  facet normal -0.29035 -0.956921 0
    outer loop
      vertex -31.7341 -15.1769 0
      vertex -31.7341 -15.1769 2.4
      vertex -31.9592 -15.1086 2.4
    endloop
  endfacet
  facet normal -0.0981989 -0.995167 0
    outer loop
      vertex -31.5 -15.2 0
      vertex -31.7341 -15.1769 2.4
      vertex -31.7341 -15.1769 0
    endloop
  endfacet
  facet normal -0.0981989 -0.995167 0
    outer loop
      vertex -31.5 -15.2 0
      vertex -31.5 -15.2 2.4
      vertex -31.7341 -15.1769 2.4
    endloop
  endfacet
  facet normal 0.0981989 -0.995167 0
    outer loop
      vertex -31.2659 -15.1769 0
      vertex -31.5 -15.2 2.4
      vertex -31.5 -15.2 0
    endloop
  endfacet
  facet normal 0.0981989 -0.995167 0
    outer loop
      vertex -31.2659 -15.1769 0
      vertex -31.2659 -15.1769 2.4
      vertex -31.5 -15.2 2.4
    endloop
  endfacet
  facet normal 0.29035 -0.956921 0
    outer loop
      vertex -31.0408 -15.1086 0
      vertex -31.2659 -15.1769 2.4
      vertex -31.2659 -15.1769 0
    endloop
  endfacet
  facet normal 0.29035 -0.956921 0
    outer loop
      vertex -31.0408 -15.1086 0
      vertex -31.0408 -15.1086 2.4
      vertex -31.2659 -15.1769 2.4
    endloop
  endfacet
  facet normal 0.471029 -0.882117 0
    outer loop
      vertex -30.8333 -14.9978 0
      vertex -31.0408 -15.1086 2.4
      vertex -31.0408 -15.1086 0
    endloop
  endfacet
  facet normal 0.471029 -0.882117 0
    outer loop
      vertex -30.8333 -14.9978 0
      vertex -30.8333 -14.9978 2.4
      vertex -31.0408 -15.1086 2.4
    endloop
  endfacet
  facet normal 0.634649 -0.772801 0
    outer loop
      vertex -30.6515 -14.8485 0
      vertex -30.8333 -14.9978 2.4
      vertex -30.8333 -14.9978 0
    endloop
  endfacet
  facet normal 0.634649 -0.772801 0
    outer loop
      vertex -30.6515 -14.8485 0
      vertex -30.6515 -14.8485 2.4
      vertex -30.8333 -14.9978 2.4
    endloop
  endfacet
  facet normal 0.772801 -0.634649 0
    outer loop
      vertex -30.5022 -14.6667 0
      vertex -30.6515 -14.8485 2.4
      vertex -30.6515 -14.8485 0
    endloop
  endfacet
  facet normal 0.772801 -0.634649 0
    outer loop
      vertex -30.5022 -14.6667 0
      vertex -30.5022 -14.6667 2.4
      vertex -30.6515 -14.8485 2.4
    endloop
  endfacet
  facet normal 0.881941 -0.47136 0
    outer loop
      vertex -30.3913 -14.4592 0
      vertex -30.5022 -14.6667 2.4
      vertex -30.5022 -14.6667 0
    endloop
  endfacet
  facet normal 0.881941 -0.47136 0
    outer loop
      vertex -30.3913 -14.4592 0
      vertex -30.3913 -14.4592 2.4
      vertex -30.5022 -14.6667 2.4
    endloop
  endfacet
  facet normal 0.956921 -0.29035 0
    outer loop
      vertex -30.323 -14.2341 0
      vertex -30.3913 -14.4592 2.4
      vertex -30.3913 -14.4592 0
    endloop
  endfacet
  facet normal 0.956921 -0.29035 0
    outer loop
      vertex -30.323 -14.2341 0
      vertex -30.323 -14.2341 2.4
      vertex -30.3913 -14.4592 2.4
    endloop
  endfacet
  facet normal 0.995208 -0.0977778 0
    outer loop
      vertex -30.3 -14 0
      vertex -30.323 -14.2341 2.4
      vertex -30.323 -14.2341 0
    endloop
  endfacet
  facet normal 0.995208 -0.0977778 0
    outer loop
      vertex -30.3 -14 0
      vertex -30.3 -14 2.4
      vertex -30.323 -14.2341 2.4
    endloop
  endfacet
  facet normal 1 0 0
    outer loop
      vertex -30.3 -4.67653 0
      vertex -30.3 -14 2.4
      vertex -30.3 -14 0
    endloop
  endfacet
  facet normal 1 0 -0
    outer loop
      vertex -30.3 -4.67653 0
      vertex -30.3 -4.67653 2.4
      vertex -30.3 -14 2.4
    endloop
  endfacet
  facet normal -0.499999 -0.866026 0
    outer loop
      vertex -19.2 -11.0851 0
      vertex -30.3 -4.67653 2.4
      vertex -30.3 -4.67653 0
    endloop
  endfacet
  facet normal -0.499999 -0.866026 0
    outer loop
      vertex -19.2 -11.0851 0
      vertex -19.2 -11.0851 2.4
      vertex -30.3 -4.67653 2.4
    endloop
  endfacet
  facet normal -1 0 0
    outer loop
      vertex -19.2 -23.9023 0
      vertex -19.2 -11.0851 2.4
      vertex -19.2 -11.0851 0
    endloop
  endfacet
  facet normal -1 0 0
    outer loop
      vertex -19.2 -23.9023 0
      vertex -19.2 -23.9023 2.4
      vertex -19.2 -11.0851 2.4
    endloop
  endfacet
  facet normal 0.5 0.866025 0
    outer loop
      vertex -27.2743 -19.2406 0
      vertex -19.2 -23.9023 2.4
      vertex -19.2 -23.9023 0
    endloop
  endfacet
  facet normal 0.5 0.866025 -0
    outer loop
      vertex -27.2743 -19.2406 0
      vertex -27.2743 -19.2406 2.4
      vertex -19.2 -23.9023 2.4
    endloop
  endfacet
  facet normal 0.412714 0.910861 0
    outer loop
      vertex -27.4886 -19.1435 0
      vertex -27.2743 -19.2406 2.4
      vertex -27.2743 -19.2406 0
    endloop
  endfacet
  facet normal 0.412714 0.910861 -0
    outer loop
      vertex -27.4886 -19.1435 0
      vertex -27.4886 -19.1435 2.4
      vertex -27.2743 -19.2406 2.4
    endloop
  endfacet
  facet normal 0.227001 0.973894 0
    outer loop
      vertex -27.7177 -19.0901 0
      vertex -27.4886 -19.1435 2.4
      vertex -27.4886 -19.1435 0
    endloop
  endfacet
  facet normal 0.227001 0.973894 -0
    outer loop
      vertex -27.7177 -19.0901 0
      vertex -27.7177 -19.0901 2.4
      vertex -27.4886 -19.1435 2.4
    endloop
  endfacet
  facet normal 0.0327345 0.999464 0
    outer loop
      vertex -27.9528 -19.0824 0
      vertex -27.7177 -19.0901 2.4
      vertex -27.7177 -19.0901 0
    endloop
  endfacet
  facet normal 0.0327345 0.999464 -0
    outer loop
      vertex -27.9528 -19.0824 0
      vertex -27.9528 -19.0824 2.4
      vertex -27.7177 -19.0901 2.4
    endloop
  endfacet
  facet normal -0.162813 0.986657 0
    outer loop
      vertex -28.1849 -19.1207 0
      vertex -27.9528 -19.0824 2.4
      vertex -27.9528 -19.0824 0
    endloop
  endfacet
  facet normal -0.162813 0.986657 0
    outer loop
      vertex -28.1849 -19.1207 0
      vertex -28.1849 -19.1207 2.4
      vertex -27.9528 -19.0824 2.4
    endloop
  endfacet
  facet normal -0.352334 0.935874 0
    outer loop
      vertex -28.4051 -19.2036 0
      vertex -28.1849 -19.1207 2.4
      vertex -28.1849 -19.1207 0
    endloop
  endfacet
  facet normal -0.352334 0.935874 0
    outer loop
      vertex -28.4051 -19.2036 0
      vertex -28.4051 -19.2036 2.4
      vertex -28.1849 -19.1207 2.4
    endloop
  endfacet
  facet normal -0.528125 0.849167 0
    outer loop
      vertex -28.6048 -19.3278 0
      vertex -28.4051 -19.2036 2.4
      vertex -28.4051 -19.2036 0
    endloop
  endfacet
  facet normal -0.528125 0.849167 0
    outer loop
      vertex -28.6048 -19.3278 0
      vertex -28.6048 -19.3278 2.4
      vertex -28.4051 -19.2036 2.4
    endloop
  endfacet
  facet normal -0.683347 0.730094 0
    outer loop
      vertex -28.7766 -19.4886 0
      vertex -28.6048 -19.3278 2.4
      vertex -28.6048 -19.3278 0
    endloop
  endfacet
  facet normal -0.683347 0.730094 0
    outer loop
      vertex -28.7766 -19.4886 0
      vertex -28.7766 -19.4886 2.4
      vertex -28.6048 -19.3278 2.4
    endloop
  endfacet
  facet normal -0.812871 0.582444 0
    outer loop
      vertex -28.9136 -19.6798 0
      vertex -28.7766 -19.4886 2.4
      vertex -28.7766 -19.4886 0
    endloop
  endfacet
  facet normal -0.812871 0.582444 0
    outer loop
      vertex -28.9136 -19.6798 0
      vertex -28.9136 -19.6798 2.4
      vertex -28.7766 -19.4886 2.4
    endloop
  endfacet
  facet normal -0.910861 0.412714 0
    outer loop
      vertex -29.0107 -19.8941 0
      vertex -28.9136 -19.6798 2.4
      vertex -28.9136 -19.6798 0
    endloop
  endfacet
  facet normal -0.910861 0.412714 0
    outer loop
      vertex -29.0107 -19.8941 0
      vertex -29.0107 -19.8941 2.4
      vertex -28.9136 -19.6798 2.4
    endloop
  endfacet
  facet normal -0.973894 0.227001 0
    outer loop
      vertex -29.0641 -20.1232 0
      vertex -29.0107 -19.8941 2.4
      vertex -29.0107 -19.8941 0
    endloop
  endfacet
  facet normal -0.973894 0.227001 0
    outer loop
      vertex -29.0641 -20.1232 0
      vertex -29.0641 -20.1232 2.4
      vertex -29.0107 -19.8941 2.4
    endloop
  endfacet
  facet normal -0.999464 0.0327345 0
    outer loop
      vertex -29.0718 -20.3583 0
      vertex -29.0641 -20.1232 2.4
      vertex -29.0641 -20.1232 0
    endloop
  endfacet
  facet normal -0.999464 0.0327345 0
    outer loop
      vertex -29.0718 -20.3583 0
      vertex -29.0718 -20.3583 2.4
      vertex -29.0641 -20.1232 2.4
    endloop
  endfacet
  facet normal -0.986657 -0.162813 0
    outer loop
      vertex -29.0335 -20.5904 0
      vertex -29.0718 -20.3583 2.4
      vertex -29.0718 -20.3583 0
    endloop
  endfacet
  facet normal -0.986657 -0.162813 0
    outer loop
      vertex -29.0335 -20.5904 0
      vertex -29.0335 -20.5904 2.4
      vertex -29.0718 -20.3583 2.4
    endloop
  endfacet
  facet normal -0.935821 -0.352474 0
    outer loop
      vertex -28.9506 -20.8105 0
      vertex -29.0335 -20.5904 2.4
      vertex -29.0335 -20.5904 0
    endloop
  endfacet
  facet normal -0.935821 -0.352474 0
    outer loop
      vertex -28.9506 -20.8105 0
      vertex -28.9506 -20.8105 2.4
      vertex -29.0335 -20.5904 2.4
    endloop
  endfacet
  facet normal -0.849285 -0.527934 0
    outer loop
      vertex -28.8264 -21.0103 0
      vertex -28.9506 -20.8105 2.4
      vertex -28.9506 -20.8105 0
    endloop
  endfacet
  facet normal -0.849285 -0.527934 0
    outer loop
      vertex -28.8264 -21.0103 0
      vertex -28.8264 -21.0103 2.4
      vertex -28.9506 -20.8105 2.4
    endloop
  endfacet
  facet normal -0.729895 -0.683559 0
    outer loop
      vertex -28.6656 -21.182 0
      vertex -28.8264 -21.0103 2.4
      vertex -28.8264 -21.0103 0
    endloop
  endfacet
  facet normal -0.729895 -0.683559 0
    outer loop
      vertex -28.6656 -21.182 0
      vertex -28.6656 -21.182 2.4
      vertex -28.8264 -21.0103 2.4
    endloop
  endfacet
  facet normal -0.582243 -0.813015 0
    outer loop
      vertex -28.4743 -21.319 0
      vertex -28.6656 -21.182 2.4
      vertex -28.6656 -21.182 0
    endloop
  endfacet
  facet normal -0.582243 -0.813015 0
    outer loop
      vertex -28.4743 -21.319 0
      vertex -28.4743 -21.319 2.4
      vertex -28.6656 -21.182 2.4
    endloop
  endfacet
  facet normal -0.500007 -0.866021 0
    outer loop
      vertex -18.7336 -26.9429 0
      vertex -28.4743 -21.319 2.4
      vertex -28.4743 -21.319 0
    endloop
  endfacet
  facet normal -0.500007 -0.866021 0
    outer loop
      vertex -18.7336 -26.9429 0
      vertex -18.7336 -26.9429 2.4
      vertex -28.4743 -21.319 2.4
    endloop
  endfacet
  facet normal -0.63437 -0.77303 0
    outer loop
      vertex -18.6667 -26.9978 0
      vertex -18.7336 -26.9429 2.4
      vertex -18.7336 -26.9429 0
    endloop
  endfacet
  facet normal -0.63437 -0.77303 0
    outer loop
      vertex -18.6667 -26.9978 0
      vertex -18.6667 -26.9978 2.4
      vertex -18.7336 -26.9429 2.4
    endloop
  endfacet
  facet normal -0.471029 -0.882117 0
    outer loop
      vertex -18.4592 -27.1086 0
      vertex -18.6667 -26.9978 2.4
      vertex -18.6667 -26.9978 0
    endloop
  endfacet
  facet normal -0.471029 -0.882117 0
    outer loop
      vertex -18.4592 -27.1086 0
      vertex -18.4592 -27.1086 2.4
      vertex -18.6667 -26.9978 2.4
    endloop
  endfacet
  facet normal -0.291586 -0.956545 0
    outer loop
      vertex -18.4323 -27.1168 0
      vertex -18.4592 -27.1086 2.4
      vertex -18.4592 -27.1086 0
    endloop
  endfacet
  facet normal -0.291586 -0.956545 0
    outer loop
      vertex -18.4323 -27.1168 0
      vertex -18.4323 -27.1168 2.4
      vertex -18.4592 -27.1086 2.4
    endloop
  endfacet
  facet normal -0.499979 -0.866038 0
    outer loop
      vertex -17.3892 -27.719 0
      vertex -18.4323 -27.1168 2.4
      vertex -18.4323 -27.1168 0
    endloop
  endfacet
  facet normal -0.499979 -0.866038 0
    outer loop
      vertex -17.3892 -27.719 0
      vertex -17.3892 -27.719 2.4
      vertex -18.4323 -27.1168 2.4
    endloop
  endfacet
  facet normal -0.866025 0.5 0
    outer loop
      vertex -23.5392 -38.3711 0
      vertex -17.3892 -27.719 2.4
      vertex -17.3892 -27.719 0
    endloop
  endfacet
  facet normal -0.866025 0.5 0
    outer loop
      vertex -23.5392 -38.3711 0
      vertex -23.5392 -38.3711 2.4
      vertex -17.3892 -27.719 2.4
    endloop
  endfacet
  facet normal -0.910861 0.412714 0
    outer loop
      vertex -23.6363 -38.5854 0
      vertex -23.5392 -38.3711 2.4
      vertex -23.5392 -38.3711 0
    endloop
  endfacet
  facet normal -0.910861 0.412714 0
    outer loop
      vertex -23.6363 -38.5854 0
      vertex -23.6363 -38.5854 2.4
      vertex -23.5392 -38.3711 2.4
    endloop
  endfacet
  facet normal -0.973894 0.227001 0
    outer loop
      vertex -23.6897 -38.8145 0
      vertex -23.6363 -38.5854 2.4
      vertex -23.6363 -38.5854 0
    endloop
  endfacet
  facet normal -0.973894 0.227001 0
    outer loop
      vertex -23.6897 -38.8145 0
      vertex -23.6897 -38.8145 2.4
      vertex -23.6363 -38.5854 2.4
    endloop
  endfacet
  facet normal -0.999464 0.0327345 0
    outer loop
      vertex -23.6974 -39.0496 0
      vertex -23.6897 -38.8145 2.4
      vertex -23.6897 -38.8145 0
    endloop
  endfacet
  facet normal -0.999464 0.0327345 0
    outer loop
      vertex -23.6974 -39.0496 0
      vertex -23.6974 -39.0496 2.4
      vertex -23.6897 -38.8145 2.4
    endloop
  endfacet
  facet normal -0.986657 -0.162813 0
    outer loop
      vertex -23.6591 -39.2817 0
      vertex -23.6974 -39.0496 2.4
      vertex -23.6974 -39.0496 0
    endloop
  endfacet
  facet normal -0.986657 -0.162813 0
    outer loop
      vertex -23.6591 -39.2817 0
      vertex -23.6591 -39.2817 2.4
      vertex -23.6974 -39.0496 2.4
    endloop
  endfacet
  facet normal -0.935874 -0.352334 0
    outer loop
      vertex -23.5762 -39.5019 0
      vertex -23.6591 -39.2817 2.4
      vertex -23.6591 -39.2817 0
    endloop
  endfacet
  facet normal -0.935874 -0.352334 0
    outer loop
      vertex -23.5762 -39.5019 0
      vertex -23.5762 -39.5019 2.4
      vertex -23.6591 -39.2817 2.4
    endloop
  endfacet
  facet normal -0.849167 -0.528125 0
    outer loop
      vertex -23.452 -39.7016 0
      vertex -23.5762 -39.5019 2.4
      vertex -23.5762 -39.5019 0
    endloop
  endfacet
  facet normal -0.849167 -0.528125 0
    outer loop
      vertex -23.452 -39.7016 0
      vertex -23.452 -39.7016 2.4
      vertex -23.5762 -39.5019 2.4
    endloop
  endfacet
  facet normal -0.730094 -0.683347 0
    outer loop
      vertex -23.2912 -39.8734 0
      vertex -23.452 -39.7016 2.4
      vertex -23.452 -39.7016 0
    endloop
  endfacet
  facet normal -0.730094 -0.683347 0
    outer loop
      vertex -23.2912 -39.8734 0
      vertex -23.2912 -39.8734 2.4
      vertex -23.452 -39.7016 2.4
    endloop
  endfacet
  facet normal -0.582444 -0.812871 0
    outer loop
      vertex -23.1 -40.0104 0
      vertex -23.2912 -39.8734 2.4
      vertex -23.2912 -39.8734 0
    endloop
  endfacet
  facet normal -0.582444 -0.812871 0
    outer loop
      vertex -23.1 -40.0104 0
      vertex -23.1 -40.0104 2.4
      vertex -23.2912 -39.8734 2.4
    endloop
  endfacet
  facet normal -0.412714 -0.910861 0
    outer loop
      vertex -22.8857 -40.1075 0
      vertex -23.1 -40.0104 2.4
      vertex -23.1 -40.0104 0
    endloop
  endfacet
  facet normal -0.412714 -0.910861 0
    outer loop
      vertex -22.8857 -40.1075 0
      vertex -22.8857 -40.1075 2.4
      vertex -23.1 -40.0104 2.4
    endloop
  endfacet
  facet normal -0.227001 -0.973894 0
    outer loop
      vertex -22.6566 -40.1609 0
      vertex -22.8857 -40.1075 2.4
      vertex -22.8857 -40.1075 0
    endloop
  endfacet
  facet normal -0.227001 -0.973894 0
    outer loop
      vertex -22.6566 -40.1609 0
      vertex -22.6566 -40.1609 2.4
      vertex -22.8857 -40.1075 2.4
    endloop
  endfacet
  facet normal -0.0323098 -0.999478 0
    outer loop
      vertex -22.4215 -40.1685 0
      vertex -22.6566 -40.1609 2.4
      vertex -22.6566 -40.1609 0
    endloop
  endfacet
  facet normal -0.0323098 -0.999478 0
    outer loop
      vertex -22.4215 -40.1685 0
      vertex -22.4215 -40.1685 2.4
      vertex -22.6566 -40.1609 2.4
    endloop
  endfacet
  facet normal 0.162813 -0.986657 0
    outer loop
      vertex -22.1894 -40.1302 0
      vertex -22.4215 -40.1685 2.4
      vertex -22.4215 -40.1685 0
    endloop
  endfacet
  facet normal 0.162813 -0.986657 0
    outer loop
      vertex -22.1894 -40.1302 0
      vertex -22.1894 -40.1302 2.4
      vertex -22.4215 -40.1685 2.4
    endloop
  endfacet
  facet normal 0.351962 -0.936014 0
    outer loop
      vertex -21.9692 -40.0474 0
      vertex -22.1894 -40.1302 2.4
      vertex -22.1894 -40.1302 0
    endloop
  endfacet
  facet normal 0.351962 -0.936014 0
    outer loop
      vertex -21.9692 -40.0474 0
      vertex -21.9692 -40.0474 2.4
      vertex -22.1894 -40.1302 2.4
    endloop
  endfacet
  facet normal 0.528431 -0.848976 0
    outer loop
      vertex -21.7695 -39.9231 0
      vertex -21.9692 -40.0474 2.4
      vertex -21.9692 -40.0474 0
    endloop
  endfacet
  facet normal 0.528431 -0.848976 0
    outer loop
      vertex -21.7695 -39.9231 0
      vertex -21.7695 -39.9231 2.4
      vertex -21.9692 -40.0474 2.4
    endloop
  endfacet
  facet normal 0.683559 -0.729895 0
    outer loop
      vertex -21.5978 -39.7623 0
      vertex -21.7695 -39.9231 2.4
      vertex -21.7695 -39.9231 0
    endloop
  endfacet
  facet normal 0.683559 -0.729895 0
    outer loop
      vertex -21.5978 -39.7623 0
      vertex -21.5978 -39.7623 2.4
      vertex -21.7695 -39.9231 2.4
    endloop
  endfacet
  facet normal 0.812871 -0.582444 0
    outer loop
      vertex -21.4608 -39.5711 0
      vertex -21.5978 -39.7623 2.4
      vertex -21.5978 -39.7623 0
    endloop
  endfacet
  facet normal 0.812871 -0.582444 0
    outer loop
      vertex -21.4608 -39.5711 0
      vertex -21.4608 -39.5711 2.4
      vertex -21.5978 -39.7623 2.4
    endloop
  endfacet
  facet normal 0.866025 -0.5 0
    outer loop
      vertex -15.3108 -28.919 0
      vertex -21.4608 -39.5711 2.4
      vertex -21.4608 -39.5711 0
    endloop
  endfacet
  facet normal 0.866025 -0.5 0
    outer loop
      vertex -15.3108 -28.919 0
      vertex -15.3108 -28.919 2.4
      vertex -21.4608 -39.5711 2.4
    endloop
  endfacet
  facet normal -0.499979 -0.866038 0
    outer loop
      vertex -14.2677 -29.5212 0
      vertex -15.3108 -28.919 2.4
      vertex -15.3108 -28.919 0
    endloop
  endfacet
  facet normal -0.499979 -0.866038 0
    outer loop
      vertex -14.2677 -29.5212 0
      vertex -14.2677 -29.5212 2.4
      vertex -15.3108 -28.919 2.4
    endloop
  endfacet
  facet normal -0.685475 -0.728096 0
    outer loop
      vertex -14.2472 -29.5405 0
      vertex -14.2677 -29.5212 2.4
      vertex -14.2677 -29.5212 0
    endloop
  endfacet
  facet normal -0.685475 -0.728096 0
    outer loop
      vertex -14.2472 -29.5405 0
      vertex -14.2472 -29.5405 2.4
      vertex -14.2677 -29.5212 2.4
    endloop
  endfacet
  facet normal -0.527934 -0.849285 0
    outer loop
      vertex -14.0474 -29.6647 0
      vertex -14.2472 -29.5405 2.4
      vertex -14.2472 -29.5405 0
    endloop
  endfacet
  facet normal -0.527934 -0.849285 0
    outer loop
      vertex -14.0474 -29.6647 0
      vertex -14.0474 -29.6647 2.4
      vertex -14.2472 -29.5405 2.4
    endloop
  endfacet
  facet normal -0.352771 -0.93571 0
    outer loop
      vertex -13.9665 -29.6952 0
      vertex -14.0474 -29.6647 2.4
      vertex -14.0474 -29.6647 0
    endloop
  endfacet
  facet normal -0.352771 -0.93571 0
    outer loop
      vertex -13.9665 -29.6952 0
      vertex -13.9665 -29.6952 2.4
      vertex -14.0474 -29.6647 2.4
    endloop
  endfacet
  facet normal -0.499994 -0.866029 0
    outer loop
      vertex -4.22563 -35.319 0
      vertex -13.9665 -29.6952 2.4
      vertex -13.9665 -29.6952 0
    endloop
  endfacet
  facet normal -0.499994 -0.866029 0
    outer loop
      vertex -4.22563 -35.319 0
      vertex -4.22563 -35.319 2.4
      vertex -13.9665 -29.6952 2.4
    endloop
  endfacet
  facet normal -0.412778 -0.910832 0
    outer loop
      vertex -4.01137 -35.4161 0
      vertex -4.22563 -35.319 2.4
      vertex -4.22563 -35.319 0
    endloop
  endfacet
  facet normal -0.412778 -0.910832 0
    outer loop
      vertex -4.01137 -35.4161 0
      vertex -4.01137 -35.4161 2.4
      vertex -4.22563 -35.319 2.4
    endloop
  endfacet
  facet normal -0.227001 -0.973894 0
    outer loop
      vertex -3.78227 -35.4695 0
      vertex -4.01137 -35.4161 2.4
      vertex -4.01137 -35.4161 0
    endloop
  endfacet
  facet normal -0.227001 -0.973894 0
    outer loop
      vertex -3.78227 -35.4695 0
      vertex -3.78227 -35.4695 2.4
      vertex -4.01137 -35.4161 2.4
    endloop
  endfacet
  facet normal -0.0327331 -0.999464 0
    outer loop
      vertex -3.54716 -35.4772 0
      vertex -3.78227 -35.4695 2.4
      vertex -3.78227 -35.4695 0
    endloop
  endfacet
  facet normal -0.0327331 -0.999464 0
    outer loop
      vertex -3.54716 -35.4772 0
      vertex -3.54716 -35.4772 2.4
      vertex -3.78227 -35.4695 2.4
    endloop
  endfacet
  facet normal 0.162806 -0.986658 0
    outer loop
      vertex -3.31505 -35.4389 0
      vertex -3.54716 -35.4772 2.4
      vertex -3.54716 -35.4772 0
    endloop
  endfacet
  facet normal 0.162806 -0.986658 0
    outer loop
      vertex -3.31505 -35.4389 0
      vertex -3.31505 -35.4389 2.4
      vertex -3.54716 -35.4772 2.4
    endloop
  endfacet
  facet normal 0.35239 -0.935853 0
    outer loop
      vertex -3.09489 -35.356 0
      vertex -3.31505 -35.4389 2.4
      vertex -3.31505 -35.4389 0
    endloop
  endfacet
  facet normal 0.35239 -0.935853 0
    outer loop
      vertex -3.09489 -35.356 0
      vertex -3.09489 -35.356 2.4
      vertex -3.31505 -35.4389 2.4
    endloop
  endfacet
  facet normal 0.52801 -0.849238 0
    outer loop
      vertex -2.89513 -35.2318 0
      vertex -3.09489 -35.356 2.4
      vertex -3.09489 -35.356 0
    endloop
  endfacet
  facet normal 0.52801 -0.849238 0
    outer loop
      vertex -2.89513 -35.2318 0
      vertex -2.89513 -35.2318 2.4
      vertex -3.09489 -35.356 2.4
    endloop
  endfacet
  facet normal 0.683538 -0.729915 0
    outer loop
      vertex -2.72342 -35.071 0
      vertex -2.89513 -35.2318 2.4
      vertex -2.89513 -35.2318 0
    endloop
  endfacet
  facet normal 0.683538 -0.729915 0
    outer loop
      vertex -2.72342 -35.071 0
      vertex -2.72342 -35.071 2.4
      vertex -2.89513 -35.2318 2.4
    endloop
  endfacet
  facet normal 0.812831 -0.5825 0
    outer loop
      vertex -2.5864 -34.8798 0
      vertex -2.72342 -35.071 2.4
      vertex -2.72342 -35.071 0
    endloop
  endfacet
  facet normal 0.812831 -0.5825 0
    outer loop
      vertex -2.5864 -34.8798 0
      vertex -2.5864 -34.8798 2.4
      vertex -2.72342 -35.071 2.4
    endloop
  endfacet
  facet normal 0.910893 -0.412643 0
    outer loop
      vertex -2.48932 -34.6655 0
      vertex -2.5864 -34.8798 2.4
      vertex -2.5864 -34.8798 0
    endloop
  endfacet
  facet normal 0.910893 -0.412643 0
    outer loop
      vertex -2.48932 -34.6655 0
      vertex -2.48932 -34.6655 2.4
      vertex -2.5864 -34.8798 2.4
    endloop
  endfacet
  facet normal 0.973885 -0.227041 0
    outer loop
      vertex -2.43591 -34.4364 0
      vertex -2.48932 -34.6655 2.4
      vertex -2.48932 -34.6655 0
    endloop
  endfacet
  facet normal 0.973885 -0.227041 0
    outer loop
      vertex -2.43591 -34.4364 0
      vertex -2.43591 -34.4364 2.4
      vertex -2.48932 -34.6655 2.4
    endloop
  endfacet
  facet normal 0.999464 -0.0327345 0
    outer loop
      vertex -2.42821 -34.2013 0
      vertex -2.43591 -34.4364 2.4
      vertex -2.43591 -34.4364 0
    endloop
  endfacet
  facet normal 0.999464 -0.0327345 0
    outer loop
      vertex -2.42821 -34.2013 0
      vertex -2.42821 -34.2013 2.4
      vertex -2.43591 -34.4364 2.4
    endloop
  endfacet
  facet normal 0.98665 0.162855 0
    outer loop
      vertex -2.46652 -33.9692 0
      vertex -2.42821 -34.2013 2.4
      vertex -2.42821 -34.2013 0
    endloop
  endfacet
  facet normal 0.98665 0.162855 -0
    outer loop
      vertex -2.46652 -33.9692 0
      vertex -2.46652 -33.9692 2.4
      vertex -2.42821 -34.2013 2.4
    endloop
  endfacet
  facet normal 0.935916 0.352222 0
    outer loop
      vertex -2.54939 -33.749 0
      vertex -2.46652 -33.9692 2.4
      vertex -2.46652 -33.9692 0
    endloop
  endfacet
  facet normal 0.935916 0.352222 -0
    outer loop
      vertex -2.54939 -33.749 0
      vertex -2.54939 -33.749 2.4
      vertex -2.46652 -33.9692 2.4
    endloop
  endfacet
  facet normal 0.849129 0.528186 0
    outer loop
      vertex -2.67361 -33.5493 0
      vertex -2.54939 -33.749 2.4
      vertex -2.54939 -33.749 0
    endloop
  endfacet
  facet normal 0.849129 0.528186 -0
    outer loop
      vertex -2.67361 -33.5493 0
      vertex -2.67361 -33.5493 2.4
      vertex -2.54939 -33.749 2.4
    endloop
  endfacet
  facet normal 0.729853 0.683605 0
    outer loop
      vertex -2.83443 -33.3776 0
      vertex -2.67361 -33.5493 2.4
      vertex -2.67361 -33.5493 0
    endloop
  endfacet
  facet normal 0.729853 0.683605 -0
    outer loop
      vertex -2.83443 -33.3776 0
      vertex -2.83443 -33.3776 2.4
      vertex -2.67361 -33.5493 2.4
    endloop
  endfacet
  facet normal 0.582444 0.812871 0
    outer loop
      vertex -3.02563 -33.2406 0
      vertex -2.83443 -33.3776 2.4
      vertex -2.83443 -33.3776 0
    endloop
  endfacet
  facet normal 0.582444 0.812871 -0
    outer loop
      vertex -3.02563 -33.2406 0
      vertex -3.02563 -33.2406 2.4
      vertex -2.83443 -33.3776 2.4
    endloop
  endfacet
  facet normal 0.500005 0.866023 0
    outer loop
      vertex -11.1 -28.5788 0
      vertex -3.02563 -33.2406 2.4
      vertex -3.02563 -33.2406 0
    endloop
  endfacet
  facet normal 0.500005 0.866023 -0
    outer loop
      vertex -11.1 -28.5788 0
      vertex -11.1 -28.5788 2.4
      vertex -3.02563 -33.2406 2.4
    endloop
  endfacet
  facet normal 0.500001 -0.866025 0
    outer loop
      vertex 0 -22.1702 0
      vertex -11.1 -28.5788 2.4
      vertex -11.1 -28.5788 0
    endloop
  endfacet
  facet normal 0.500001 -0.866025 0
    outer loop
      vertex 0 -22.1702 0
      vertex 0 -22.1702 2.4
      vertex -11.1 -28.5788 2.4
    endloop
  endfacet
  facet normal -0.500001 -0.866025 0
    outer loop
      vertex 11.1 -28.5788 0
      vertex 0 -22.1702 2.4
      vertex 0 -22.1702 0
    endloop
  endfacet
  facet normal -0.500001 -0.866025 0
    outer loop
      vertex 11.1 -28.5788 0
      vertex 11.1 -28.5788 2.4
      vertex 0 -22.1702 2.4
    endloop
  endfacet
  facet normal -0.500005 0.866023 0
    outer loop
      vertex 3.02563 -33.2406 0
      vertex 11.1 -28.5788 2.4
      vertex 11.1 -28.5788 0
    endloop
  endfacet
  facet normal -0.500005 0.866023 0
    outer loop
      vertex 3.02563 -33.2406 0
      vertex 3.02563 -33.2406 2.4
      vertex 11.1 -28.5788 2.4
    endloop
  endfacet
  facet normal -0.582444 0.812871 0
    outer loop
      vertex 2.83443 -33.3776 0
      vertex 3.02563 -33.2406 2.4
      vertex 3.02563 -33.2406 0
    endloop
  endfacet
  facet normal -0.582444 0.812871 0
    outer loop
      vertex 2.83443 -33.3776 0
      vertex 2.83443 -33.3776 2.4
      vertex 3.02563 -33.2406 2.4
    endloop
  endfacet
  facet normal -0.729853 0.683605 0
    outer loop
      vertex 2.67361 -33.5493 0
      vertex 2.83443 -33.3776 2.4
      vertex 2.83443 -33.3776 0
    endloop
  endfacet
  facet normal -0.729853 0.683605 0
    outer loop
      vertex 2.67361 -33.5493 0
      vertex 2.67361 -33.5493 2.4
      vertex 2.83443 -33.3776 2.4
    endloop
  endfacet
  facet normal -0.849129 0.528186 0
    outer loop
      vertex 2.54939 -33.749 0
      vertex 2.67361 -33.5493 2.4
      vertex 2.67361 -33.5493 0
    endloop
  endfacet
  facet normal -0.849129 0.528186 0
    outer loop
      vertex 2.54939 -33.749 0
      vertex 2.54939 -33.749 2.4
      vertex 2.67361 -33.5493 2.4
    endloop
  endfacet
  facet normal -0.935916 0.352222 0
    outer loop
      vertex 2.46652 -33.9692 0
      vertex 2.54939 -33.749 2.4
      vertex 2.54939 -33.749 0
    endloop
  endfacet
  facet normal -0.935916 0.352222 0
    outer loop
      vertex 2.46652 -33.9692 0
      vertex 2.46652 -33.9692 2.4
      vertex 2.54939 -33.749 2.4
    endloop
  endfacet
  facet normal -0.98665 0.162855 0
    outer loop
      vertex 2.42821 -34.2013 0
      vertex 2.46652 -33.9692 2.4
      vertex 2.46652 -33.9692 0
    endloop
  endfacet
  facet normal -0.98665 0.162855 0
    outer loop
      vertex 2.42821 -34.2013 0
      vertex 2.42821 -34.2013 2.4
      vertex 2.46652 -33.9692 2.4
    endloop
  endfacet
  facet normal -0.999464 -0.0327345 0
    outer loop
      vertex 2.43591 -34.4364 0
      vertex 2.42821 -34.2013 2.4
      vertex 2.42821 -34.2013 0
    endloop
  endfacet
  facet normal -0.999464 -0.0327345 0
    outer loop
      vertex 2.43591 -34.4364 0
      vertex 2.43591 -34.4364 2.4
      vertex 2.42821 -34.2013 2.4
    endloop
  endfacet
  facet normal -0.973885 -0.227041 0
    outer loop
      vertex 2.48932 -34.6655 0
      vertex 2.43591 -34.4364 2.4
      vertex 2.43591 -34.4364 0
    endloop
  endfacet
  facet normal -0.973885 -0.227041 0
    outer loop
      vertex 2.48932 -34.6655 0
      vertex 2.48932 -34.6655 2.4
      vertex 2.43591 -34.4364 2.4
    endloop
  endfacet
  facet normal -0.910893 -0.412643 0
    outer loop
      vertex 2.5864 -34.8798 0
      vertex 2.48932 -34.6655 2.4
      vertex 2.48932 -34.6655 0
    endloop
  endfacet
  facet normal -0.910893 -0.412643 0
    outer loop
      vertex 2.5864 -34.8798 0
      vertex 2.5864 -34.8798 2.4
      vertex 2.48932 -34.6655 2.4
    endloop
  endfacet
  facet normal -0.812831 -0.5825 0
    outer loop
      vertex 2.72342 -35.071 0
      vertex 2.5864 -34.8798 2.4
      vertex 2.5864 -34.8798 0
    endloop
  endfacet
  facet normal -0.812831 -0.5825 0
    outer loop
      vertex 2.72342 -35.071 0
      vertex 2.72342 -35.071 2.4
      vertex 2.5864 -34.8798 2.4
    endloop
  endfacet
  facet normal -0.683538 -0.729915 0
    outer loop
      vertex 2.89513 -35.2318 0
      vertex 2.72342 -35.071 2.4
      vertex 2.72342 -35.071 0
    endloop
  endfacet
  facet normal -0.683538 -0.729915 0
    outer loop
      vertex 2.89513 -35.2318 0
      vertex 2.89513 -35.2318 2.4
      vertex 2.72342 -35.071 2.4
    endloop
  endfacet
  facet normal -0.52801 -0.849238 0
    outer loop
      vertex 3.09489 -35.356 0
      vertex 2.89513 -35.2318 2.4
      vertex 2.89513 -35.2318 0
    endloop
  endfacet
  facet normal -0.52801 -0.849238 0
    outer loop
      vertex 3.09489 -35.356 0
      vertex 3.09489 -35.356 2.4
      vertex 2.89513 -35.2318 2.4
    endloop
  endfacet
  facet normal -0.35239 -0.935853 0
    outer loop
      vertex 3.31505 -35.4389 0
      vertex 3.09489 -35.356 2.4
      vertex 3.09489 -35.356 0
    endloop
  endfacet
  facet normal -0.35239 -0.935853 0
    outer loop
      vertex 3.31505 -35.4389 0
      vertex 3.31505 -35.4389 2.4
      vertex 3.09489 -35.356 2.4
    endloop
  endfacet
  facet normal -0.162806 -0.986658 0
    outer loop
      vertex 3.54716 -35.4772 0
      vertex 3.31505 -35.4389 2.4
      vertex 3.31505 -35.4389 0
    endloop
  endfacet
  facet normal -0.162806 -0.986658 0
    outer loop
      vertex 3.54716 -35.4772 0
      vertex 3.54716 -35.4772 2.4
      vertex 3.31505 -35.4389 2.4
    endloop
  endfacet
  facet normal 0.0327331 -0.999464 0
    outer loop
      vertex 3.78227 -35.4695 0
      vertex 3.54716 -35.4772 2.4
      vertex 3.54716 -35.4772 0
    endloop
  endfacet
  facet normal 0.0327331 -0.999464 0
    outer loop
      vertex 3.78227 -35.4695 0
      vertex 3.78227 -35.4695 2.4
      vertex 3.54716 -35.4772 2.4
    endloop
  endfacet
  facet normal 0.227001 -0.973894 0
    outer loop
      vertex 4.01137 -35.4161 0
      vertex 3.78227 -35.4695 2.4
      vertex 3.78227 -35.4695 0
    endloop
  endfacet
  facet normal 0.227001 -0.973894 0
    outer loop
      vertex 4.01137 -35.4161 0
      vertex 4.01137 -35.4161 2.4
      vertex 3.78227 -35.4695 2.4
    endloop
  endfacet
  facet normal 0.412778 -0.910832 0
    outer loop
      vertex 4.22563 -35.319 0
      vertex 4.01137 -35.4161 2.4
      vertex 4.01137 -35.4161 0
    endloop
  endfacet
  facet normal 0.412778 -0.910832 0
    outer loop
      vertex 4.22563 -35.319 0
      vertex 4.22563 -35.319 2.4
      vertex 4.01137 -35.4161 2.4
    endloop
  endfacet
  facet normal 0.499994 -0.866029 0
    outer loop
      vertex 13.9665 -29.6952 0
      vertex 4.22563 -35.319 2.4
      vertex 4.22563 -35.319 0
    endloop
  endfacet
  facet normal 0.499994 -0.866029 0
    outer loop
      vertex 13.9665 -29.6952 0
      vertex 13.9665 -29.6952 2.4
      vertex 4.22563 -35.319 2.4
    endloop
  endfacet
  facet normal 0.352771 -0.93571 0
    outer loop
      vertex 14.0474 -29.6647 0
      vertex 13.9665 -29.6952 2.4
      vertex 13.9665 -29.6952 0
    endloop
  endfacet
  facet normal 0.352771 -0.93571 0
    outer loop
      vertex 14.0474 -29.6647 0
      vertex 14.0474 -29.6647 2.4
      vertex 13.9665 -29.6952 2.4
    endloop
  endfacet
  facet normal 0.527934 -0.849285 0
    outer loop
      vertex 14.2472 -29.5405 0
      vertex 14.0474 -29.6647 2.4
      vertex 14.0474 -29.6647 0
    endloop
  endfacet
  facet normal 0.527934 -0.849285 0
    outer loop
      vertex 14.2472 -29.5405 0
      vertex 14.2472 -29.5405 2.4
      vertex 14.0474 -29.6647 2.4
    endloop
  endfacet
  facet normal 0.685475 -0.728096 0
    outer loop
      vertex 14.2677 -29.5212 0
      vertex 14.2472 -29.5405 2.4
      vertex 14.2472 -29.5405 0
    endloop
  endfacet
  facet normal 0.685475 -0.728096 0
    outer loop
      vertex 14.2677 -29.5212 0
      vertex 14.2677 -29.5212 2.4
      vertex 14.2472 -29.5405 2.4
    endloop
  endfacet
  facet normal 0.499979 -0.866038 0
    outer loop
      vertex 15.3108 -28.919 0
      vertex 14.2677 -29.5212 2.4
      vertex 14.2677 -29.5212 0
    endloop
  endfacet
  facet normal 0.499979 -0.866038 0
    outer loop
      vertex 15.3108 -28.919 0
      vertex 15.3108 -28.919 2.4
      vertex 14.2677 -29.5212 2.4
    endloop
  endfacet
  facet normal -0.866025 -0.5 0
    outer loop
      vertex 21.4608 -39.5711 0
      vertex 15.3108 -28.919 2.4
      vertex 15.3108 -28.919 0
    endloop
  endfacet
  facet normal -0.866025 -0.5 0
    outer loop
      vertex 21.4608 -39.5711 0
      vertex 21.4608 -39.5711 2.4
      vertex 15.3108 -28.919 2.4
    endloop
  endfacet
  facet normal -0.812871 -0.582444 0
    outer loop
      vertex 21.5978 -39.7623 0
      vertex 21.4608 -39.5711 2.4
      vertex 21.4608 -39.5711 0
    endloop
  endfacet
  facet normal -0.812871 -0.582444 0
    outer loop
      vertex 21.5978 -39.7623 0
      vertex 21.5978 -39.7623 2.4
      vertex 21.4608 -39.5711 2.4
    endloop
  endfacet
  facet normal -0.683559 -0.729895 0
    outer loop
      vertex 21.7695 -39.9231 0
      vertex 21.5978 -39.7623 2.4
      vertex 21.5978 -39.7623 0
    endloop
  endfacet
  facet normal -0.683559 -0.729895 0
    outer loop
      vertex 21.7695 -39.9231 0
      vertex 21.7695 -39.9231 2.4
      vertex 21.5978 -39.7623 2.4
    endloop
  endfacet
  facet normal -0.528431 -0.848976 0
    outer loop
      vertex 21.9692 -40.0474 0
      vertex 21.7695 -39.9231 2.4
      vertex 21.7695 -39.9231 0
    endloop
  endfacet
  facet normal -0.528431 -0.848976 0
    outer loop
      vertex 21.9692 -40.0474 0
      vertex 21.9692 -40.0474 2.4
      vertex 21.7695 -39.9231 2.4
    endloop
  endfacet
  facet normal -0.351962 -0.936014 0
    outer loop
      vertex 22.1894 -40.1302 0
      vertex 21.9692 -40.0474 2.4
      vertex 21.9692 -40.0474 0
    endloop
  endfacet
  facet normal -0.351962 -0.936014 0
    outer loop
      vertex 22.1894 -40.1302 0
      vertex 22.1894 -40.1302 2.4
      vertex 21.9692 -40.0474 2.4
    endloop
  endfacet
  facet normal -0.162813 -0.986657 0
    outer loop
      vertex 22.4215 -40.1685 0
      vertex 22.1894 -40.1302 2.4
      vertex 22.1894 -40.1302 0
    endloop
  endfacet
  facet normal -0.162813 -0.986657 0
    outer loop
      vertex 22.4215 -40.1685 0
      vertex 22.4215 -40.1685 2.4
      vertex 22.1894 -40.1302 2.4
    endloop
  endfacet
  facet normal 0.0323098 -0.999478 0
    outer loop
      vertex 22.6566 -40.1609 0
      vertex 22.4215 -40.1685 2.4
      vertex 22.4215 -40.1685 0
    endloop
  endfacet
  facet normal 0.0323098 -0.999478 0
    outer loop
      vertex 22.6566 -40.1609 0
      vertex 22.6566 -40.1609 2.4
      vertex 22.4215 -40.1685 2.4
    endloop
  endfacet
  facet normal 0.500001 -0.866025 0
    outer loop
      vertex 13.5 27.1932 0
      vertex 13.5 27.1932 2.4
      vertex 2.40001 20.7846 0
    endloop
  endfacet
  facet normal 0.500001 -0.866025 0
    outer loop
      vertex 2.40001 20.7846 2.4
      vertex 2.40001 20.7846 0
      vertex 13.5 27.1932 2.4
    endloop
  endfacet
  facet normal -0.500058 -0.865992 0
    outer loop
      vertex 14.1108 26.8405 0
      vertex 14.1108 26.8405 2.4
      vertex 13.5 27.1932 0
    endloop
  endfacet
  facet normal -0.500058 -0.865992 -0
    outer loop
      vertex 13.5 27.1932 2.4
      vertex 13.5 27.1932 0
      vertex 14.1108 26.8405 2.4
    endloop
  endfacet
  facet normal -0.866022 0.500006 0
    outer loop
      vertex 8.56076 17.2277 0
      vertex 8.56076 17.2277 2.4
      vertex 14.1108 26.8405 0
    endloop
  endfacet
  facet normal -0.866022 0.500006 0
    outer loop
      vertex 14.1108 26.8405 2.4
      vertex 14.1108 26.8405 0
      vertex 8.56076 17.2277 2.4
    endloop
  endfacet
  facet normal 0.499999 0.866026 -0
    outer loop
      vertex 2.40001 20.7846 0
      vertex 2.40001 20.7846 2.4
      vertex 8.56076 17.2277 0
    endloop
  endfacet
  facet normal 0.499999 0.866026 0
    outer loop
      vertex 8.56076 17.2277 2.4
      vertex 8.56076 17.2277 0
      vertex 2.40001 20.7846 2.4
    endloop
  endfacet
  facet normal 0.500058 -0.865992 0
    outer loop
      vertex -13.5 27.1932 0
      vertex -13.5 27.1932 2.4
      vertex -14.1108 26.8405 0
    endloop
  endfacet
  facet normal 0.500058 -0.865992 0
    outer loop
      vertex -14.1108 26.8405 2.4
      vertex -14.1108 26.8405 0
      vertex -13.5 27.1932 2.4
    endloop
  endfacet
  facet normal -0.500001 -0.866025 0
    outer loop
      vertex -2.40001 20.7846 0
      vertex -2.40001 20.7846 2.4
      vertex -13.5 27.1932 0
    endloop
  endfacet
  facet normal -0.500001 -0.866025 -0
    outer loop
      vertex -13.5 27.1932 2.4
      vertex -13.5 27.1932 0
      vertex -2.40001 20.7846 2.4
    endloop
  endfacet
  facet normal -0.499999 0.866026 0
    outer loop
      vertex -8.56076 17.2277 0
      vertex -8.56076 17.2277 2.4
      vertex -2.40001 20.7846 0
    endloop
  endfacet
  facet normal -0.499999 0.866026 0
    outer loop
      vertex -2.40001 20.7846 2.4
      vertex -2.40001 20.7846 0
      vertex -8.56076 17.2277 2.4
    endloop
  endfacet
  facet normal 0.866022 0.500006 -0
    outer loop
      vertex -14.1108 26.8405 0
      vertex -14.1108 26.8405 2.4
      vertex -8.56076 17.2277 0
    endloop
  endfacet
  facet normal 0.866022 0.500006 0
    outer loop
      vertex -8.56076 17.2277 2.4
      vertex -8.56076 17.2277 0
      vertex -14.1108 26.8405 2.4
    endloop
  endfacet
  facet normal 0.499952 -0.866053 0
    outer loop
      vertex -16.1892 25.6405 0
      vertex -16.1892 25.6405 2.4
      vertex -16.8 25.2879 0
    endloop
  endfacet
  facet normal 0.499952 -0.866053 0
    outer loop
      vertex -16.8 25.2879 2.4
      vertex -16.8 25.2879 0
      vertex -16.1892 25.6405 2.4
    endloop
  endfacet
  facet normal -0.866024 -0.500003 0
    outer loop
      vertex -10.6392 16.0277 0
      vertex -10.6392 16.0277 2.4
      vertex -16.1892 25.6405 0
    endloop
  endfacet
  facet normal -0.866024 -0.500003 -0
    outer loop
      vertex -16.1892 25.6405 2.4
      vertex -16.1892 25.6405 0
      vertex -10.6392 16.0277 2.4
    endloop
  endfacet
  facet normal -0.499996 0.866028 0
    outer loop
      vertex -16.8 12.4708 0
      vertex -16.8 12.4708 2.4
      vertex -10.6392 16.0277 0
    endloop
  endfacet
  facet normal -0.499996 0.866028 0
    outer loop
      vertex -10.6392 16.0277 2.4
      vertex -10.6392 16.0277 0
      vertex -16.8 12.4708 2.4
    endloop
  endfacet
  facet normal 1 0 -0
    outer loop
      vertex -16.8 25.2879 0
      vertex -16.8 25.2879 2.4
      vertex -16.8 12.4708 0
    endloop
  endfacet
  facet normal 1 -0 0
    outer loop
      vertex -16.8 12.4708 2.4
      vertex -16.8 12.4708 0
      vertex -16.8 25.2879 2.4
    endloop
  endfacet
  facet normal 0.866024 -0.500003 0
    outer loop
      vertex 16.1892 25.6405 0
      vertex 16.1892 25.6405 2.4
      vertex 10.6392 16.0277 0
    endloop
  endfacet
  facet normal 0.866024 -0.500003 0
    outer loop
      vertex 10.6392 16.0277 2.4
      vertex 10.6392 16.0277 0
      vertex 16.1892 25.6405 2.4
    endloop
  endfacet
  facet normal -0.499952 -0.866053 0
    outer loop
      vertex 16.8 25.2879 0
      vertex 16.8 25.2879 2.4
      vertex 16.1892 25.6405 0
    endloop
  endfacet
  facet normal -0.499952 -0.866053 -0
    outer loop
      vertex 16.1892 25.6405 2.4
      vertex 16.1892 25.6405 0
      vertex 16.8 25.2879 2.4
    endloop
  endfacet
  facet normal -1 0 0
    outer loop
      vertex 16.8 12.4708 0
      vertex 16.8 12.4708 2.4
      vertex 16.8 25.2879 0
    endloop
  endfacet
  facet normal -1 -0 -0
    outer loop
      vertex 16.8 25.2879 2.4
      vertex 16.8 25.2879 0
      vertex 16.8 12.4708 2.4
    endloop
  endfacet
  facet normal 0.499996 0.866028 -0
    outer loop
      vertex 10.6392 16.0277 0
      vertex 10.6392 16.0277 2.4
      vertex 16.8 12.4708 0
    endloop
  endfacet
  facet normal 0.499996 0.866028 0
    outer loop
      vertex 16.8 12.4708 2.4
      vertex 16.8 12.4708 0
      vertex 10.6392 16.0277 2.4
    endloop
  endfacet
  facet normal 0.0980221 0.995184 -0
    outer loop
      vertex 0 9 0
      vertex 0 9 2.4
      vertex 1.7558 8.82706 0
    endloop
  endfacet
  facet normal 0.0980221 0.995184 0
    outer loop
      vertex 1.7558 8.82706 2.4
      vertex 1.7558 8.82706 0
      vertex 0 9 2.4
    endloop
  endfacet
  facet normal -0.0980221 0.995184 0
    outer loop
      vertex -1.7558 8.82706 0
      vertex -1.7558 8.82706 2.4
      vertex 0 9 0
    endloop
  endfacet
  facet normal -0.0980221 0.995184 0
    outer loop
      vertex 0 9 2.4
      vertex 0 9 0
      vertex -1.7558 8.82706 2.4
    endloop
  endfacet
  facet normal -0.290285 0.95694 0
    outer loop
      vertex -3.41934 8.32243 0
      vertex -3.41934 8.32243 2.4
      vertex -1.7558 8.82706 0
    endloop
  endfacet
  facet normal -0.290285 0.95694 0
    outer loop
      vertex -1.7558 8.82706 2.4
      vertex -1.7558 8.82706 0
      vertex -3.41934 8.32243 2.4
    endloop
  endfacet
  facet normal 0.866026 0.499998 -0
    outer loop
      vertex -7.36076 15.1492 0
      vertex -7.36076 15.1492 2.4
      vertex -3.41934 8.32243 0
    endloop
  endfacet
  facet normal 0.866026 0.499998 0
    outer loop
      vertex -3.41934 8.32243 2.4
      vertex -3.41934 8.32243 0
      vertex -7.36076 15.1492 2.4
    endloop
  endfacet
  facet normal 0.499997 -0.866027 0
    outer loop
      vertex 0 19.3989 0
      vertex 0 19.3989 2.4
      vertex -7.36076 15.1492 0
    endloop
  endfacet
  facet normal 0.499997 -0.866027 0
    outer loop
      vertex -7.36076 15.1492 2.4
      vertex -7.36076 15.1492 0
      vertex 0 19.3989 2.4
    endloop
  endfacet
  facet normal -0.499997 -0.866027 0
    outer loop
      vertex 7.36076 15.1492 0
      vertex 7.36076 15.1492 2.4
      vertex 0 19.3989 0
    endloop
  endfacet
  facet normal -0.499997 -0.866027 -0
    outer loop
      vertex 0 19.3989 2.4
      vertex 0 19.3989 0
      vertex 7.36076 15.1492 2.4
    endloop
  endfacet
  facet normal -0.866026 0.499998 0
    outer loop
      vertex 3.41934 8.32243 0
      vertex 3.41934 8.32243 2.4
      vertex 7.36076 15.1492 0
    endloop
  endfacet
  facet normal -0.866026 0.499998 0
    outer loop
      vertex 7.36076 15.1492 2.4
      vertex 7.36076 15.1492 0
      vertex 3.41934 8.32243 2.4
    endloop
  endfacet
  facet normal 0.290285 0.95694 -0
    outer loop
      vertex 1.7558 8.82706 0
      vertex 1.7558 8.82706 2.4
      vertex 3.41934 8.32243 0
    endloop
  endfacet
  facet normal 0.290285 0.95694 0
    outer loop
      vertex 3.41934 8.32243 2.4
      vertex 3.41934 8.32243 0
      vertex 1.7558 8.82706 2.4
    endloop
  endfacet
  facet normal 0.995183 0.0980322 -0
    outer loop
      vertex 8.82706 1.7558 0
      vertex 8.82706 1.7558 2.4
      vertex 8.88181 1.2 0
    endloop
  endfacet
  facet normal 0.995183 0.0980322 0
    outer loop
      vertex 8.88181 1.2 2.4
      vertex 8.88181 1.2 0
      vertex 8.82706 1.7558 2.4
    endloop
  endfacet
  facet normal 0.956941 0.290283 -0
    outer loop
      vertex 8.31491 3.44414 0
      vertex 8.31491 3.44414 2.4
      vertex 8.82706 1.7558 0
    endloop
  endfacet
  facet normal 0.956941 0.290283 0
    outer loop
      vertex 8.82706 1.7558 2.4
      vertex 8.82706 1.7558 0
      vertex 8.31491 3.44414 2.4
    endloop
  endfacet
  facet normal 0.881921 0.471397 -0
    outer loop
      vertex 7.48322 5.00012 0
      vertex 7.48322 5.00012 2.4
      vertex 8.31491 3.44414 0
    endloop
  endfacet
  facet normal 0.881921 0.471397 0
    outer loop
      vertex 8.31491 3.44414 2.4
      vertex 8.31491 3.44414 0
      vertex 7.48322 5.00012 2.4
    endloop
  endfacet
  facet normal 0.773009 0.634395 -0
    outer loop
      vertex 6.36395 6.36395 0
      vertex 6.36395 6.36395 2.4
      vertex 7.48322 5.00012 0
    endloop
  endfacet
  facet normal 0.773009 0.634395 0
    outer loop
      vertex 7.48322 5.00012 2.4
      vertex 7.48322 5.00012 0
      vertex 6.36395 6.36395 2.4
    endloop
  endfacet
  facet normal 0.634394 0.77301 -0
    outer loop
      vertex 5.47911 7.09012 0
      vertex 5.47911 7.09012 2.4
      vertex 6.36395 6.36395 0
    endloop
  endfacet
  facet normal 0.634394 0.77301 0
    outer loop
      vertex 6.36395 6.36395 2.4
      vertex 6.36395 6.36395 0
      vertex 5.47911 7.09012 2.4
    endloop
  endfacet
  facet normal 0.866025 -0.500001 0
    outer loop
      vertex 9.43921 13.9492 0
      vertex 9.43921 13.9492 2.4
      vertex 5.47911 7.09012 0
    endloop
  endfacet
  facet normal 0.866025 -0.500001 0
    outer loop
      vertex 5.47911 7.09012 2.4
      vertex 5.47911 7.09012 0
      vertex 9.43921 13.9492 2.4
    endloop
  endfacet
  facet normal -0.499999 -0.866026 0
    outer loop
      vertex 16.8 9.69946 0
      vertex 16.8 9.69946 2.4
      vertex 9.43921 13.9492 0
    endloop
  endfacet
  facet normal -0.499999 -0.866026 -0
    outer loop
      vertex 9.43921 13.9492 2.4
      vertex 9.43921 13.9492 0
      vertex 16.8 9.69946 2.4
    endloop
  endfacet
  facet normal -1 0 0
    outer loop
      vertex 16.8 1.2 0
      vertex 16.8 1.2 2.4
      vertex 16.8 9.69946 0
    endloop
  endfacet
  facet normal -1 -0 -0
    outer loop
      vertex 16.8 9.69946 2.4
      vertex 16.8 9.69946 0
      vertex 16.8 1.2 2.4
    endloop
  endfacet
  facet normal 0 1 0
    outer loop
      vertex 8.88181 1.2 0
      vertex 8.88181 1.2 2.4
      vertex 16.8 1.2 0
    endloop
  endfacet
  facet normal 0 1 0
    outer loop
      vertex 16.8 1.2 2.4
      vertex 16.8 1.2 0
      vertex 8.88181 1.2 2.4
    endloop
  endfacet
  facet normal 1 0 -0
    outer loop
      vertex -16.8 9.69946 0
      vertex -16.8 9.69946 2.4
      vertex -16.8 1.2 0
    endloop
  endfacet
  facet normal 1 -0 0
    outer loop
      vertex -16.8 1.2 2.4
      vertex -16.8 1.2 0
      vertex -16.8 9.69946 2.4
    endloop
  endfacet
  facet normal 0.499999 -0.866026 0
    outer loop
      vertex -9.43921 13.9492 0
      vertex -9.43921 13.9492 2.4
      vertex -16.8 9.69946 0
    endloop
  endfacet
  facet normal 0.499999 -0.866026 0
    outer loop
      vertex -16.8 9.69946 2.4
      vertex -16.8 9.69946 0
      vertex -9.43921 13.9492 2.4
    endloop
  endfacet
  facet normal -0.866025 -0.500001 0
    outer loop
      vertex -5.47911 7.09012 0
      vertex -5.47911 7.09012 2.4
      vertex -9.43921 13.9492 0
    endloop
  endfacet
  facet normal -0.866025 -0.500001 -0
    outer loop
      vertex -9.43921 13.9492 2.4
      vertex -9.43921 13.9492 0
      vertex -5.47911 7.09012 2.4
    endloop
  endfacet
  facet normal -0.634394 0.77301 0
    outer loop
      vertex -6.36395 6.36395 0
      vertex -6.36395 6.36395 2.4
      vertex -5.47911 7.09012 0
    endloop
  endfacet
  facet normal -0.634394 0.77301 0
    outer loop
      vertex -5.47911 7.09012 2.4
      vertex -5.47911 7.09012 0
      vertex -6.36395 6.36395 2.4
    endloop
  endfacet
  facet normal -0.773009 0.634395 0
    outer loop
      vertex -7.48322 5.00012 0
      vertex -7.48322 5.00012 2.4
      vertex -6.36395 6.36395 0
    endloop
  endfacet
  facet normal -0.773009 0.634395 0
    outer loop
      vertex -6.36395 6.36395 2.4
      vertex -6.36395 6.36395 0
      vertex -7.48322 5.00012 2.4
    endloop
  endfacet
  facet normal -0.881921 0.471397 0
    outer loop
      vertex -8.31491 3.44414 0
      vertex -8.31491 3.44414 2.4
      vertex -7.48322 5.00012 0
    endloop
  endfacet
  facet normal -0.881921 0.471397 0
    outer loop
      vertex -7.48322 5.00012 2.4
      vertex -7.48322 5.00012 0
      vertex -8.31491 3.44414 2.4
    endloop
  endfacet
  facet normal -0.956941 0.290283 0
    outer loop
      vertex -8.82706 1.7558 0
      vertex -8.82706 1.7558 2.4
      vertex -8.31491 3.44414 0
    endloop
  endfacet
  facet normal -0.956941 0.290283 0
    outer loop
      vertex -8.31491 3.44414 2.4
      vertex -8.31491 3.44414 0
      vertex -8.82706 1.7558 2.4
    endloop
  endfacet
  facet normal -0.995183 0.0980322 0
    outer loop
      vertex -8.88181 1.2 0
      vertex -8.88181 1.2 2.4
      vertex -8.82706 1.7558 0
    endloop
  endfacet
  facet normal -0.995183 0.0980322 0
    outer loop
      vertex -8.82706 1.7558 2.4
      vertex -8.82706 1.7558 0
      vertex -8.88181 1.2 2.4
    endloop
  endfacet
  facet normal 0 1 0
    outer loop
      vertex -16.8 1.2 0
      vertex -16.8 1.2 2.4
      vertex -8.88181 1.2 0
    endloop
  endfacet
  facet normal 0 1 0
    outer loop
      vertex -8.88181 1.2 2.4
      vertex -8.88181 1.2 0
      vertex -16.8 1.2 2.4
    endloop
  endfacet
  facet normal 1 0 -0
    outer loop
      vertex 19.2 8.31381 0
      vertex 19.2 8.31381 2.4
      vertex 19.2 1.2 0
    endloop
  endfacet
  facet normal 1 -0 0
    outer loop
      vertex 19.2 1.2 2.4
      vertex 19.2 1.2 0
      vertex 19.2 8.31381 2.4
    endloop
  endfacet
  facet normal -0.5 -0.866026 0
    outer loop
      vertex 30.3 1.90523 0
      vertex 30.3 1.90523 2.4
      vertex 19.2 8.31381 0
    endloop
  endfacet
  facet normal -0.5 -0.866026 -0
    outer loop
      vertex 19.2 8.31381 2.4
      vertex 19.2 8.31381 0
      vertex 30.3 1.90523 2.4
    endloop
  endfacet
  facet normal -1 0 0
    outer loop
      vertex 30.3 1.2 0
      vertex 30.3 1.2 2.4
      vertex 30.3 1.90523 0
    endloop
  endfacet
  facet normal -1 -0 -0
    outer loop
      vertex 30.3 1.90523 2.4
      vertex 30.3 1.90523 0
      vertex 30.3 1.2 2.4
    endloop
  endfacet
  facet normal 0 1 0
    outer loop
      vertex 19.2 1.2 0
      vertex 19.2 1.2 2.4
      vertex 30.3 1.2 0
    endloop
  endfacet
  facet normal 0 1 0
    outer loop
      vertex 30.3 1.2 2.4
      vertex 30.3 1.2 0
      vertex 19.2 1.2 2.4
    endloop
  endfacet
  facet normal 1 0 -0
    outer loop
      vertex -30.3 1.90523 0
      vertex -30.3 1.90523 2.4
      vertex -30.3 1.2 0
    endloop
  endfacet
  facet normal 1 -0 0
    outer loop
      vertex -30.3 1.2 2.4
      vertex -30.3 1.2 0
      vertex -30.3 1.90523 2.4
    endloop
  endfacet
  facet normal 0.5 -0.866026 0
    outer loop
      vertex -19.2 8.31381 0
      vertex -19.2 8.31381 2.4
      vertex -30.3 1.90523 0
    endloop
  endfacet
  facet normal 0.5 -0.866026 0
    outer loop
      vertex -30.3 1.90523 2.4
      vertex -30.3 1.90523 0
      vertex -19.2 8.31381 2.4
    endloop
  endfacet
  facet normal -1 0 0
    outer loop
      vertex -19.2 1.2 0
      vertex -19.2 1.2 2.4
      vertex -19.2 8.31381 0
    endloop
  endfacet
  facet normal -1 -0 -0
    outer loop
      vertex -19.2 8.31381 2.4
      vertex -19.2 8.31381 0
      vertex -19.2 1.2 2.4
    endloop
  endfacet
  facet normal 0 1 0
    outer loop
      vertex -30.3 1.2 0
      vertex -30.3 1.2 2.4
      vertex -19.2 1.2 0
    endloop
  endfacet
  facet normal 0 1 0
    outer loop
      vertex -19.2 1.2 2.4
      vertex -19.2 1.2 0
      vertex -30.3 1.2 2.4
    endloop
  endfacet
  facet normal 0.290284 -0.95694 0
    outer loop
      vertex -1.28758 6.47318 0
      vertex -1.28758 6.47318 2.4
      vertex -2.19308 6.1985 0
    endloop
  endfacet
  facet normal 0.290284 -0.95694 0
    outer loop
      vertex -2.19308 6.1985 2.4
      vertex -2.19308 6.1985 0
      vertex -1.28758 6.47318 2.4
    endloop
  endfacet
  facet normal 0.0980129 -0.995185 0
    outer loop
      vertex 0 6.59999 0
      vertex 0 6.59999 2.4
      vertex -1.28758 6.47318 0
    endloop
  endfacet
  facet normal 0.0980129 -0.995185 0
    outer loop
      vertex -1.28758 6.47318 2.4
      vertex -1.28758 6.47318 0
      vertex 0 6.59999 2.4
    endloop
  endfacet
  facet normal -0.0980129 -0.995185 0
    outer loop
      vertex 1.28758 6.47318 0
      vertex 1.28758 6.47318 2.4
      vertex 0 6.59999 0
    endloop
  endfacet
  facet normal -0.0980129 -0.995185 -0
    outer loop
      vertex 0 6.59999 2.4
      vertex 0 6.59999 0
      vertex 1.28758 6.47318 2.4
    endloop
  endfacet
  facet normal -0.290284 -0.95694 0
    outer loop
      vertex 2.19308 6.1985 0
      vertex 2.19308 6.1985 2.4
      vertex 1.28758 6.47318 0
    endloop
  endfacet
  facet normal -0.290284 -0.95694 -0
    outer loop
      vertex 1.28758 6.47318 2.4
      vertex 1.28758 6.47318 0
      vertex 2.19308 6.1985 2.4
    endloop
  endfacet
  facet normal -0.866026 0.499999 0
    outer loop
      vertex 0 2.39996 0
      vertex 0 2.39996 2.4
      vertex 2.19308 6.1985 0
    endloop
  endfacet
  facet normal -0.866026 0.499999 0
    outer loop
      vertex 2.19308 6.1985 2.4
      vertex 2.19308 6.1985 0
      vertex 0 2.39996 2.4
    endloop
  endfacet
  facet normal 0.866026 0.499999 -0
    outer loop
      vertex -2.19308 6.1985 0
      vertex -2.19308 6.1985 2.4
      vertex 0 2.39996 0
    endloop
  endfacet
  facet normal 0.866026 0.499999 0
    outer loop
      vertex 0 2.39996 2.4
      vertex 0 2.39996 0
      vertex -2.19308 6.1985 2.4
    endloop
  endfacet
  facet normal 0.995191 -0.097951 0
    outer loop
      vertex -6.47318 1.28758 0
      vertex -6.47318 1.28758 2.4
      vertex -6.4818 1.2 0
    endloop
  endfacet
  facet normal 0.995191 -0.097951 0
    outer loop
      vertex -6.4818 1.2 2.4
      vertex -6.4818 1.2 0
      vertex -6.47318 1.28758 2.4
    endloop
  endfacet
  facet normal 0.95694 -0.290285 0
    outer loop
      vertex -6.0976 2.5257 0
      vertex -6.0976 2.5257 2.4
      vertex -6.47318 1.28758 0
    endloop
  endfacet
  facet normal 0.95694 -0.290285 0
    outer loop
      vertex -6.47318 1.28758 2.4
      vertex -6.47318 1.28758 0
      vertex -6.0976 2.5257 2.4
    endloop
  endfacet
  facet normal 0.881921 -0.471397 0
    outer loop
      vertex -5.48769 3.66676 0
      vertex -5.48769 3.66676 2.4
      vertex -6.0976 2.5257 0
    endloop
  endfacet
  facet normal 0.881921 -0.471397 0
    outer loop
      vertex -6.0976 2.5257 2.4
      vertex -6.0976 2.5257 0
      vertex -5.48769 3.66676 2.4
    endloop
  endfacet
  facet normal 0.773012 -0.634392 0
    outer loop
      vertex -4.6669 4.6669 0
      vertex -4.6669 4.6669 2.4
      vertex -5.48769 3.66676 0
    endloop
  endfacet
  facet normal 0.773012 -0.634392 0
    outer loop
      vertex -5.48769 3.66676 2.4
      vertex -5.48769 3.66676 0
      vertex -4.6669 4.6669 2.4
    endloop
  endfacet
  facet normal 0.634384 -0.773018 0
    outer loop
      vertex -4.26872 4.99367 0
      vertex -4.26872 4.99367 2.4
      vertex -4.6669 4.6669 0
    endloop
  endfacet
  facet normal 0.634384 -0.773018 0
    outer loop
      vertex -4.6669 4.6669 2.4
      vertex -4.6669 4.6669 0
      vertex -4.26872 4.99367 2.4
    endloop
  endfacet
  facet normal -0.866026 -0.499999 0
    outer loop
      vertex -2.07845 1.2 0
      vertex -2.07845 1.2 2.4
      vertex -4.26872 4.99367 0
    endloop
  endfacet
  facet normal -0.866026 -0.499999 -0
    outer loop
      vertex -4.26872 4.99367 2.4
      vertex -4.26872 4.99367 0
      vertex -2.07845 1.2 2.4
    endloop
  endfacet
  facet normal 0 1 0
    outer loop
      vertex -6.4818 1.2 0
      vertex -6.4818 1.2 2.4
      vertex -2.07845 1.2 0
    endloop
  endfacet
  facet normal 0 1 0
    outer loop
      vertex -2.07845 1.2 2.4
      vertex -2.07845 1.2 0
      vertex -6.4818 1.2 2.4
    endloop
  endfacet
  facet normal 0.866026 -0.499999 0
    outer loop
      vertex 4.26872 4.99367 0
      vertex 4.26872 4.99367 2.4
      vertex 2.07845 1.2 0
    endloop
  endfacet
  facet normal 0.866026 -0.499999 0
    outer loop
      vertex 2.07845 1.2 2.4
      vertex 2.07845 1.2 0
      vertex 4.26872 4.99367 2.4
    endloop
  endfacet
  facet normal -0.634384 -0.773018 0
    outer loop
      vertex 4.6669 4.6669 0
      vertex 4.6669 4.6669 2.4
      vertex 4.26872 4.99367 0
    endloop
  endfacet
  facet normal -0.634384 -0.773018 -0
    outer loop
      vertex 4.26872 4.99367 2.4
      vertex 4.26872 4.99367 0
      vertex 4.6669 4.6669 2.4
    endloop
  endfacet
  facet normal -0.773012 -0.634392 0
    outer loop
      vertex 5.48769 3.66676 0
      vertex 5.48769 3.66676 2.4
      vertex 4.6669 4.6669 0
    endloop
  endfacet
  facet normal -0.773012 -0.634392 -0
    outer loop
      vertex 4.6669 4.6669 2.4
      vertex 4.6669 4.6669 0
      vertex 5.48769 3.66676 2.4
    endloop
  endfacet
  facet normal -0.881921 -0.471397 0
    outer loop
      vertex 6.0976 2.5257 0
      vertex 6.0976 2.5257 2.4
      vertex 5.48769 3.66676 0
    endloop
  endfacet
  facet normal -0.881921 -0.471397 -0
    outer loop
      vertex 5.48769 3.66676 2.4
      vertex 5.48769 3.66676 0
      vertex 6.0976 2.5257 2.4
    endloop
  endfacet
  facet normal -0.95694 -0.290285 0
    outer loop
      vertex 6.47318 1.28758 0
      vertex 6.47318 1.28758 2.4
      vertex 6.0976 2.5257 0
    endloop
  endfacet
  facet normal -0.95694 -0.290285 -0
    outer loop
      vertex 6.0976 2.5257 2.4
      vertex 6.0976 2.5257 0
      vertex 6.47318 1.28758 2.4
    endloop
  endfacet
  facet normal -0.995191 -0.097951 0
    outer loop
      vertex 6.4818 1.2 0
      vertex 6.4818 1.2 2.4
      vertex 6.47318 1.28758 0
    endloop
  endfacet
  facet normal -0.995191 -0.097951 -0
    outer loop
      vertex 6.47318 1.28758 2.4
      vertex 6.47318 1.28758 0
      vertex 6.4818 1.2 2.4
    endloop
  endfacet
  facet normal 0 1 0
    outer loop
      vertex 2.07845 1.2 0
      vertex 2.07845 1.2 2.4
      vertex 6.4818 1.2 0
    endloop
  endfacet
  facet normal 0 1 0
    outer loop
      vertex 6.4818 1.2 2.4
      vertex 6.4818 1.2 0
      vertex 2.07845 1.2 2.4
    endloop
  endfacet
  facet normal 0.290209 0.956963 -0
    outer loop
      vertex 46.3494 -1.57059 0
      vertex 46.3494 -1.57059 2.4
      vertex 46.6684 -1.66733 0
    endloop
  endfacet
  facet normal 0.290209 0.956963 0
    outer loop
      vertex 46.6684 -1.66733 2.4
      vertex 46.6684 -1.66733 0
      vertex 46.3494 -1.57059 2.4
    endloop
  endfacet
  facet normal 0.47139 0.881925 -0
    outer loop
      vertex 46.0555 -1.4135 0
      vertex 46.0555 -1.4135 2.4
      vertex 46.3494 -1.57059 0
    endloop
  endfacet
  facet normal 0.47139 0.881925 0
    outer loop
      vertex 46.3494 -1.57059 2.4
      vertex 46.3494 -1.57059 0
      vertex 46.0555 -1.4135 2.4
    endloop
  endfacet
  facet normal 0.634435 0.772976 -0
    outer loop
      vertex 45.7979 -1.20207 0
      vertex 45.7979 -1.20207 2.4
      vertex 46.0555 -1.4135 0
    endloop
  endfacet
  facet normal 0.634435 0.772976 0
    outer loop
      vertex 46.0555 -1.4135 2.4
      vertex 46.0555 -1.4135 0
      vertex 45.7979 -1.20207 2.4
    endloop
  endfacet
  facet normal 0.773148 0.634226 -0
    outer loop
      vertex 45.6414 -1.01129 0
      vertex 45.6414 -1.01129 2.4
      vertex 45.7979 -1.20207 0
    endloop
  endfacet
  facet normal 0.773148 0.634226 0
    outer loop
      vertex 45.7979 -1.20207 2.4
      vertex 45.7979 -1.20207 0
      vertex 45.6414 -1.01129 2.4
    endloop
  endfacet
  facet normal 0.471664 -0.881778 0
    outer loop
      vertex 45.6667 -0.997757 0
      vertex 45.6667 -0.997757 2.4
      vertex 45.6414 -1.01129 0
    endloop
  endfacet
  facet normal 0.471664 -0.881778 0
    outer loop
      vertex 45.6414 -1.01129 2.4
      vertex 45.6414 -1.01129 0
      vertex 45.6667 -0.997757 2.4
    endloop
  endfacet
  facet normal 0.634474 -0.772945 0
    outer loop
      vertex 45.8485 -0.848526 0
      vertex 45.8485 -0.848526 2.4
      vertex 45.6667 -0.997757 0
    endloop
  endfacet
  facet normal 0.634474 -0.772945 0
    outer loop
      vertex 45.6667 -0.997757 2.4
      vertex 45.6667 -0.997757 0
      vertex 45.8485 -0.848526 2.4
    endloop
  endfacet
  facet normal 0.772893 -0.634536 0
    outer loop
      vertex 45.9978 -0.666672 0
      vertex 45.9978 -0.666672 2.4
      vertex 45.8485 -0.848526 0
    endloop
  endfacet
  facet normal 0.772893 -0.634536 0
    outer loop
      vertex 45.8485 -0.848526 2.4
      vertex 45.8485 -0.848526 0
      vertex 45.9978 -0.666672 2.4
    endloop
  endfacet
  facet normal 0.882079 -0.471102 0
    outer loop
      vertex 46.1086 -0.459213 0
      vertex 46.1086 -0.459213 2.4
      vertex 45.9978 -0.666672 0
    endloop
  endfacet
  facet normal 0.882079 -0.471102 0
    outer loop
      vertex 45.9978 -0.666672 2.4
      vertex 45.9978 -0.666672 0
      vertex 46.1086 -0.459213 2.4
    endloop
  endfacet
  facet normal 0.956925 -0.290334 0
    outer loop
      vertex 46.1769 -0.2341 0
      vertex 46.1769 -0.2341 2.4
      vertex 46.1086 -0.459213 0
    endloop
  endfacet
  facet normal 0.956925 -0.290334 0
    outer loop
      vertex 46.1086 -0.459213 2.4
      vertex 46.1086 -0.459213 0
      vertex 46.1769 -0.2341 2.4
    endloop
  endfacet
  facet normal 0.995167 -0.0981989 0
    outer loop
      vertex 46.2 0 0
      vertex 46.2 0 2.4
      vertex 46.1769 -0.2341 0
    endloop
  endfacet
  facet normal 0.995167 -0.0981989 0
    outer loop
      vertex 46.1769 -0.2341 2.4
      vertex 46.1769 -0.2341 0
      vertex 46.2 0 2.4
    endloop
  endfacet
  facet normal 0.995167 0.0981989 -0
    outer loop
      vertex 46.1769 0.2341 0
      vertex 46.1769 0.2341 2.4
      vertex 46.2 0 0
    endloop
  endfacet
  facet normal 0.995167 0.0981989 0
    outer loop
      vertex 46.2 0 2.4
      vertex 46.2 0 0
      vertex 46.1769 0.2341 2.4
    endloop
  endfacet
  facet normal 0.956925 0.290334 -0
    outer loop
      vertex 46.1086 0.459213 0
      vertex 46.1086 0.459213 2.4
      vertex 46.1769 0.2341 0
    endloop
  endfacet
  facet normal 0.956925 0.290334 0
    outer loop
      vertex 46.1769 0.2341 2.4
      vertex 46.1769 0.2341 0
      vertex 46.1086 0.459213 2.4
    endloop
  endfacet
  facet normal 0.882079 0.471102 -0
    outer loop
      vertex 45.9978 0.666672 0
      vertex 45.9978 0.666672 2.4
      vertex 46.1086 0.459213 0
    endloop
  endfacet
  facet normal 0.882079 0.471102 0
    outer loop
      vertex 46.1086 0.459213 2.4
      vertex 46.1086 0.459213 0
      vertex 45.9978 0.666672 2.4
    endloop
  endfacet
  facet normal 0.772893 0.634536 -0
    outer loop
      vertex 45.8485 0.848526 0
      vertex 45.8485 0.848526 2.4
      vertex 45.9978 0.666672 0
    endloop
  endfacet
  facet normal 0.772893 0.634536 0
    outer loop
      vertex 45.9978 0.666672 2.4
      vertex 45.9978 0.666672 0
      vertex 45.8485 0.848526 2.4
    endloop
  endfacet
  facet normal 0.634474 0.772945 -0
    outer loop
      vertex 45.6667 0.997757 0
      vertex 45.6667 0.997757 2.4
      vertex 45.8485 0.848526 0
    endloop
  endfacet
  facet normal 0.634474 0.772945 0
    outer loop
      vertex 45.8485 0.848526 2.4
      vertex 45.8485 0.848526 0
      vertex 45.6667 0.997757 2.4
    endloop
  endfacet
  facet normal 0.471664 0.881778 -0
    outer loop
      vertex 45.6414 1.01129 0
      vertex 45.6414 1.01129 2.4
      vertex 45.6667 0.997757 0
    endloop
  endfacet
  facet normal 0.471664 0.881778 0
    outer loop
      vertex 45.6667 0.997757 2.4
      vertex 45.6667 0.997757 0
      vertex 45.6414 1.01129 2.4
    endloop
  endfacet
  facet normal 0.773148 -0.634226 0
    outer loop
      vertex 45.7979 1.20207 0
      vertex 45.7979 1.20207 2.4
      vertex 45.6414 1.01129 0
    endloop
  endfacet
  facet normal 0.773148 -0.634226 0
    outer loop
      vertex 45.6414 1.01129 2.4
      vertex 45.6414 1.01129 0
      vertex 45.7979 1.20207 2.4
    endloop
  endfacet
  facet normal 0.634435 -0.772976 0
    outer loop
      vertex 46.0555 1.4135 0
      vertex 46.0555 1.4135 2.4
      vertex 45.7979 1.20207 0
    endloop
  endfacet
  facet normal 0.634435 -0.772976 0
    outer loop
      vertex 45.7979 1.20207 2.4
      vertex 45.7979 1.20207 0
      vertex 46.0555 1.4135 2.4
    endloop
  endfacet
  facet normal 0.47139 -0.881925 0
    outer loop
      vertex 46.3494 1.57059 0
      vertex 46.3494 1.57059 2.4
      vertex 46.0555 1.4135 0
    endloop
  endfacet
  facet normal 0.47139 -0.881925 0
    outer loop
      vertex 46.0555 1.4135 2.4
      vertex 46.0555 1.4135 0
      vertex 46.3494 1.57059 2.4
    endloop
  endfacet
  facet normal 0.290209 -0.956963 0
    outer loop
      vertex 46.6684 1.66733 0
      vertex 46.6684 1.66733 2.4
      vertex 46.3494 1.57059 0
    endloop
  endfacet
  facet normal 0.290209 -0.956963 0
    outer loop
      vertex 46.3494 1.57059 2.4
      vertex 46.3494 1.57059 0
      vertex 46.6684 1.66733 2.4
    endloop
  endfacet
  facet normal 0.0980476 -0.995182 0
    outer loop
      vertex 47 1.7 0
      vertex 47 1.7 2.4
      vertex 46.6684 1.66733 0
    endloop
  endfacet
  facet normal 0.0980476 -0.995182 0
    outer loop
      vertex 46.6684 1.66733 2.4
      vertex 46.6684 1.66733 0
      vertex 47 1.7 2.4
    endloop
  endfacet
  facet normal -0.0980476 -0.995182 0
    outer loop
      vertex 47.3316 1.66733 0
      vertex 47.3316 1.66733 2.4
      vertex 47 1.7 0
    endloop
  endfacet
  facet normal -0.0980476 -0.995182 -0
    outer loop
      vertex 47 1.7 2.4
      vertex 47 1.7 0
      vertex 47.3316 1.66733 2.4
    endloop
  endfacet
  facet normal -0.290209 -0.956963 0
    outer loop
      vertex 47.6506 1.57059 0
      vertex 47.6506 1.57059 2.4
      vertex 47.3316 1.66733 0
    endloop
  endfacet
  facet normal -0.290209 -0.956963 -0
    outer loop
      vertex 47.3316 1.66733 2.4
      vertex 47.3316 1.66733 0
      vertex 47.6506 1.57059 2.4
    endloop
  endfacet
  facet normal -0.47139 -0.881925 0
    outer loop
      vertex 47.9445 1.4135 0
      vertex 47.9445 1.4135 2.4
      vertex 47.6506 1.57059 0
    endloop
  endfacet
  facet normal -0.47139 -0.881925 -0
    outer loop
      vertex 47.6506 1.57059 2.4
      vertex 47.6506 1.57059 0
      vertex 47.9445 1.4135 2.4
    endloop
  endfacet
  facet normal -0.634435 -0.772976 0
    outer loop
      vertex 48.2021 1.20207 0
      vertex 48.2021 1.20207 2.4
      vertex 47.9445 1.4135 0
    endloop
  endfacet
  facet normal -0.634435 -0.772976 -0
    outer loop
      vertex 47.9445 1.4135 2.4
      vertex 47.9445 1.4135 0
      vertex 48.2021 1.20207 2.4
    endloop
  endfacet
  facet normal -0.773035 -0.634363 0
    outer loop
      vertex 48.4135 0.944458 0
      vertex 48.4135 0.944458 2.4
      vertex 48.2021 1.20207 0
    endloop
  endfacet
  facet normal -0.773035 -0.634363 -0
    outer loop
      vertex 48.2021 1.20207 2.4
      vertex 48.2021 1.20207 0
      vertex 48.4135 0.944458 2.4
    endloop
  endfacet
  facet normal -0.881912 -0.471413 0
    outer loop
      vertex 48.5706 0.650558 0
      vertex 48.5706 0.650558 2.4
      vertex 48.4135 0.944458 0
    endloop
  endfacet
  facet normal -0.881912 -0.471413 -0
    outer loop
      vertex 48.4135 0.944458 2.4
      vertex 48.4135 0.944458 0
      vertex 48.5706 0.650558 2.4
    endloop
  endfacet
  facet normal -0.956973 -0.290176 0
    outer loop
      vertex 48.6673 0.33165 0
      vertex 48.6673 0.33165 2.4
      vertex 48.5706 0.650558 0
    endloop
  endfacet
  facet normal -0.956973 -0.290176 -0
    outer loop
      vertex 48.5706 0.650558 2.4
      vertex 48.5706 0.650558 0
      vertex 48.6673 0.33165 2.4
    endloop
  endfacet
  facet normal -0.995174 -0.0981221 0
    outer loop
      vertex 48.7 0 0
      vertex 48.7 0 2.4
      vertex 48.6673 0.33165 0
    endloop
  endfacet
  facet normal -0.995174 -0.0981221 -0
    outer loop
      vertex 48.6673 0.33165 2.4
      vertex 48.6673 0.33165 0
      vertex 48.7 0 2.4
    endloop
  endfacet
  facet normal -0.995174 0.0981221 0
    outer loop
      vertex 48.6673 -0.33165 0
      vertex 48.6673 -0.33165 2.4
      vertex 48.7 0 0
    endloop
  endfacet
  facet normal -0.995174 0.0981221 0
    outer loop
      vertex 48.7 0 2.4
      vertex 48.7 0 0
      vertex 48.6673 -0.33165 2.4
    endloop
  endfacet
  facet normal -0.956973 0.290176 0
    outer loop
      vertex 48.5706 -0.650558 0
      vertex 48.5706 -0.650558 2.4
      vertex 48.6673 -0.33165 0
    endloop
  endfacet
  facet normal -0.956973 0.290176 0
    outer loop
      vertex 48.6673 -0.33165 2.4
      vertex 48.6673 -0.33165 0
      vertex 48.5706 -0.650558 2.4
    endloop
  endfacet
  facet normal -0.881912 0.471413 0
    outer loop
      vertex 48.4135 -0.944458 0
      vertex 48.4135 -0.944458 2.4
      vertex 48.5706 -0.650558 0
    endloop
  endfacet
  facet normal -0.881912 0.471413 0
    outer loop
      vertex 48.5706 -0.650558 2.4
      vertex 48.5706 -0.650558 0
      vertex 48.4135 -0.944458 2.4
    endloop
  endfacet
  facet normal -0.773035 0.634363 0
    outer loop
      vertex 48.2021 -1.20207 0
      vertex 48.2021 -1.20207 2.4
      vertex 48.4135 -0.944458 0
    endloop
  endfacet
  facet normal -0.773035 0.634363 0
    outer loop
      vertex 48.4135 -0.944458 2.4
      vertex 48.4135 -0.944458 0
      vertex 48.2021 -1.20207 2.4
    endloop
  endfacet
  facet normal -0.634435 0.772976 0
    outer loop
      vertex 47.9445 -1.4135 0
      vertex 47.9445 -1.4135 2.4
      vertex 48.2021 -1.20207 0
    endloop
  endfacet
  facet normal -0.634435 0.772976 0
    outer loop
      vertex 48.2021 -1.20207 2.4
      vertex 48.2021 -1.20207 0
      vertex 47.9445 -1.4135 2.4
    endloop
  endfacet
  facet normal -0.47139 0.881925 0
    outer loop
      vertex 47.6506 -1.57059 0
      vertex 47.6506 -1.57059 2.4
      vertex 47.9445 -1.4135 0
    endloop
  endfacet
  facet normal -0.47139 0.881925 0
    outer loop
      vertex 47.9445 -1.4135 2.4
      vertex 47.9445 -1.4135 0
      vertex 47.6506 -1.57059 2.4
    endloop
  endfacet
  facet normal -0.290209 0.956963 0
    outer loop
      vertex 47.3316 -1.66733 0
      vertex 47.3316 -1.66733 2.4
      vertex 47.6506 -1.57059 0
    endloop
  endfacet
  facet normal -0.290209 0.956963 0
    outer loop
      vertex 47.6506 -1.57059 2.4
      vertex 47.6506 -1.57059 0
      vertex 47.3316 -1.66733 2.4
    endloop
  endfacet
  facet normal -0.0980476 0.995182 0
    outer loop
      vertex 47 -1.7 0
      vertex 47 -1.7 2.4
      vertex 47.3316 -1.66733 0
    endloop
  endfacet
  facet normal -0.0980476 0.995182 0
    outer loop
      vertex 47.3316 -1.66733 2.4
      vertex 47.3316 -1.66733 0
      vertex 47 -1.7 2.4
    endloop
  endfacet
  facet normal 0.0980476 0.995182 -0
    outer loop
      vertex 46.6684 -1.66733 0
      vertex 46.6684 -1.66733 2.4
      vertex 47 -1.7 0
    endloop
  endfacet
  facet normal 0.0980476 0.995182 0
    outer loop
      vertex 47 -1.7 2.4
      vertex 47 -1.7 0
      vertex 46.6684 -1.66733 2.4
    endloop
  endfacet
  facet normal 1 0 -0
    outer loop
      vertex -16.8 -1.2 0
      vertex -16.8 -1.2 2.4
      vertex -16.8 -9.69946 0
    endloop
  endfacet
  facet normal 1 -0 0
    outer loop
      vertex -16.8 -9.69946 2.4
      vertex -16.8 -9.69946 0
      vertex -16.8 -1.2 2.4
    endloop
  endfacet
  facet normal 0 -1 0
    outer loop
      vertex -8.88181 -1.2 0
      vertex -8.88181 -1.2 2.4
      vertex -16.8 -1.2 0
    endloop
  endfacet
  facet normal 0 -1 0
    outer loop
      vertex -16.8 -1.2 2.4
      vertex -16.8 -1.2 0
      vertex -8.88181 -1.2 2.4
    endloop
  endfacet
  facet normal -0.995183 -0.0980322 0
    outer loop
      vertex -8.82706 -1.7558 0
      vertex -8.82706 -1.7558 2.4
      vertex -8.88181 -1.2 0
    endloop
  endfacet
  facet normal -0.995183 -0.0980322 -0
    outer loop
      vertex -8.88181 -1.2 2.4
      vertex -8.88181 -1.2 0
      vertex -8.82706 -1.7558 2.4
    endloop
  endfacet
  facet normal -0.956941 -0.290283 0
    outer loop
      vertex -8.31491 -3.44414 0
      vertex -8.31491 -3.44414 2.4
      vertex -8.82706 -1.7558 0
    endloop
  endfacet
  facet normal -0.956941 -0.290283 -0
    outer loop
      vertex -8.82706 -1.7558 2.4
      vertex -8.82706 -1.7558 0
      vertex -8.31491 -3.44414 2.4
    endloop
  endfacet
  facet normal -0.881921 -0.471397 0
    outer loop
      vertex -7.48322 -5.00012 0
      vertex -7.48322 -5.00012 2.4
      vertex -8.31491 -3.44414 0
    endloop
  endfacet
  facet normal -0.881921 -0.471397 -0
    outer loop
      vertex -8.31491 -3.44414 2.4
      vertex -8.31491 -3.44414 0
      vertex -7.48322 -5.00012 2.4
    endloop
  endfacet
  facet normal -0.773009 -0.634395 0
    outer loop
      vertex -6.36395 -6.36395 0
      vertex -6.36395 -6.36395 2.4
      vertex -7.48322 -5.00012 0
    endloop
  endfacet
  facet normal -0.773009 -0.634395 -0
    outer loop
      vertex -7.48322 -5.00012 2.4
      vertex -7.48322 -5.00012 0
      vertex -6.36395 -6.36395 2.4
    endloop
  endfacet
  facet normal -0.634394 -0.77301 0
    outer loop
      vertex -5.47911 -7.09012 0
      vertex -5.47911 -7.09012 2.4
      vertex -6.36395 -6.36395 0
    endloop
  endfacet
  facet normal -0.634394 -0.77301 -0
    outer loop
      vertex -6.36395 -6.36395 2.4
      vertex -6.36395 -6.36395 0
      vertex -5.47911 -7.09012 2.4
    endloop
  endfacet
  facet normal -0.866025 0.500001 0
    outer loop
      vertex -9.43921 -13.9492 0
      vertex -9.43921 -13.9492 2.4
      vertex -5.47911 -7.09012 0
    endloop
  endfacet
  facet normal -0.866025 0.500001 0
    outer loop
      vertex -5.47911 -7.09012 2.4
      vertex -5.47911 -7.09012 0
      vertex -9.43921 -13.9492 2.4
    endloop
  endfacet
  facet normal 0.499999 0.866026 -0
    outer loop
      vertex -16.8 -9.69946 0
      vertex -16.8 -9.69946 2.4
      vertex -9.43921 -13.9492 0
    endloop
  endfacet
  facet normal 0.499999 0.866026 0
    outer loop
      vertex -9.43921 -13.9492 2.4
      vertex -9.43921 -13.9492 0
      vertex -16.8 -9.69946 2.4
    endloop
  endfacet
  facet normal 0 -1 0
    outer loop
      vertex 6.4818 -1.2 0
      vertex 6.4818 -1.2 2.4
      vertex 2.07845 -1.2 0
    endloop
  endfacet
  facet normal 0 -1 0
    outer loop
      vertex 2.07845 -1.2 2.4
      vertex 2.07845 -1.2 0
      vertex 6.4818 -1.2 2.4
    endloop
  endfacet
  facet normal -0.995191 0.097951 0
    outer loop
      vertex 6.47318 -1.28758 0
      vertex 6.47318 -1.28758 2.4
      vertex 6.4818 -1.2 0
    endloop
  endfacet
  facet normal -0.995191 0.097951 0
    outer loop
      vertex 6.4818 -1.2 2.4
      vertex 6.4818 -1.2 0
      vertex 6.47318 -1.28758 2.4
    endloop
  endfacet
  facet normal -0.95694 0.290285 0
    outer loop
      vertex 6.0976 -2.5257 0
      vertex 6.0976 -2.5257 2.4
      vertex 6.47318 -1.28758 0
    endloop
  endfacet
  facet normal -0.95694 0.290285 0
    outer loop
      vertex 6.47318 -1.28758 2.4
      vertex 6.47318 -1.28758 0
      vertex 6.0976 -2.5257 2.4
    endloop
  endfacet
  facet normal -0.881921 0.471397 0
    outer loop
      vertex 5.48769 -3.66676 0
      vertex 5.48769 -3.66676 2.4
      vertex 6.0976 -2.5257 0
    endloop
  endfacet
  facet normal -0.881921 0.471397 0
    outer loop
      vertex 6.0976 -2.5257 2.4
      vertex 6.0976 -2.5257 0
      vertex 5.48769 -3.66676 2.4
    endloop
  endfacet
  facet normal -0.773012 0.634392 0
    outer loop
      vertex 4.6669 -4.6669 0
      vertex 4.6669 -4.6669 2.4
      vertex 5.48769 -3.66676 0
    endloop
  endfacet
  facet normal -0.773012 0.634392 0
    outer loop
      vertex 5.48769 -3.66676 2.4
      vertex 5.48769 -3.66676 0
      vertex 4.6669 -4.6669 2.4
    endloop
  endfacet
  facet normal -0.634384 0.773018 0
    outer loop
      vertex 4.26872 -4.99367 0
      vertex 4.26872 -4.99367 2.4
      vertex 4.6669 -4.6669 0
    endloop
  endfacet
  facet normal -0.634384 0.773018 0
    outer loop
      vertex 4.6669 -4.6669 2.4
      vertex 4.6669 -4.6669 0
      vertex 4.26872 -4.99367 2.4
    endloop
  endfacet
  facet normal 0.866026 0.499999 -0
    outer loop
      vertex 2.07845 -1.2 0
      vertex 2.07845 -1.2 2.4
      vertex 4.26872 -4.99367 0
    endloop
  endfacet
  facet normal 0.866026 0.499999 0
    outer loop
      vertex 4.26872 -4.99367 2.4
      vertex 4.26872 -4.99367 0
      vertex 2.07845 -1.2 2.4
    endloop
  endfacet
  facet normal 1 0 -0
    outer loop
      vertex -30.3 -1.2 0
      vertex -30.3 -1.2 2.4
      vertex -30.3 -1.90523 0
    endloop
  endfacet
  facet normal 1 -0 0
    outer loop
      vertex -30.3 -1.90523 2.4
      vertex -30.3 -1.90523 0
      vertex -30.3 -1.2 2.4
    endloop
  endfacet
  facet normal 0 -1 0
    outer loop
      vertex -19.2 -1.2 0
      vertex -19.2 -1.2 2.4
      vertex -30.3 -1.2 0
    endloop
  endfacet
  facet normal 0 -1 0
    outer loop
      vertex -30.3 -1.2 2.4
      vertex -30.3 -1.2 0
      vertex -19.2 -1.2 2.4
    endloop
  endfacet
  facet normal -1 0 0
    outer loop
      vertex -19.2 -8.31381 0
      vertex -19.2 -8.31381 2.4
      vertex -19.2 -1.2 0
    endloop
  endfacet
  facet normal -1 -0 -0
    outer loop
      vertex -19.2 -1.2 2.4
      vertex -19.2 -1.2 0
      vertex -19.2 -8.31381 2.4
    endloop
  endfacet
  facet normal 0.5 0.866026 -0
    outer loop
      vertex -30.3 -1.90523 0
      vertex -30.3 -1.90523 2.4
      vertex -19.2 -8.31381 0
    endloop
  endfacet
  facet normal 0.5 0.866026 0
    outer loop
      vertex -19.2 -8.31381 2.4
      vertex -19.2 -8.31381 0
      vertex -30.3 -1.90523 2.4
    endloop
  endfacet
  facet normal 0 -1 0
    outer loop
      vertex 30.3 -1.2 0
      vertex 30.3 -1.2 2.4
      vertex 19.2 -1.2 0
    endloop
  endfacet
  facet normal 0 -1 0
    outer loop
      vertex 19.2 -1.2 2.4
      vertex 19.2 -1.2 0
      vertex 30.3 -1.2 2.4
    endloop
  endfacet
  facet normal -1 0 0
    outer loop
      vertex 30.3 -1.90523 0
      vertex 30.3 -1.90523 2.4
      vertex 30.3 -1.2 0
    endloop
  endfacet
  facet normal -1 -0 -0
    outer loop
      vertex 30.3 -1.2 2.4
      vertex 30.3 -1.2 0
      vertex 30.3 -1.90523 2.4
    endloop
  endfacet
  facet normal -0.5 0.866026 0
    outer loop
      vertex 19.2 -8.31381 0
      vertex 19.2 -8.31381 2.4
      vertex 30.3 -1.90523 0
    endloop
  endfacet
  facet normal -0.5 0.866026 0
    outer loop
      vertex 30.3 -1.90523 2.4
      vertex 30.3 -1.90523 0
      vertex 19.2 -8.31381 2.4
    endloop
  endfacet
  facet normal 1 0 -0
    outer loop
      vertex 19.2 -1.2 0
      vertex 19.2 -1.2 2.4
      vertex 19.2 -8.31381 0
    endloop
  endfacet
  facet normal 1 -0 0
    outer loop
      vertex 19.2 -8.31381 2.4
      vertex 19.2 -8.31381 0
      vertex 19.2 -1.2 2.4
    endloop
  endfacet
  facet normal 0.634394 -0.77301 0
    outer loop
      vertex 6.36395 -6.36395 0
      vertex 6.36395 -6.36395 2.4
      vertex 5.47911 -7.09012 0
    endloop
  endfacet
  facet normal 0.634394 -0.77301 0
    outer loop
      vertex 5.47911 -7.09012 2.4
      vertex 5.47911 -7.09012 0
      vertex 6.36395 -6.36395 2.4
    endloop
  endfacet
  facet normal 0.773009 -0.634395 0
    outer loop
      vertex 7.48322 -5.00012 0
      vertex 7.48322 -5.00012 2.4
      vertex 6.36395 -6.36395 0
    endloop
  endfacet
  facet normal 0.773009 -0.634395 0
    outer loop
      vertex 6.36395 -6.36395 2.4
      vertex 6.36395 -6.36395 0
      vertex 7.48322 -5.00012 2.4
    endloop
  endfacet
  facet normal 0.881921 -0.471397 0
    outer loop
      vertex 8.31491 -3.44414 0
      vertex 8.31491 -3.44414 2.4
      vertex 7.48322 -5.00012 0
    endloop
  endfacet
  facet normal 0.881921 -0.471397 0
    outer loop
      vertex 7.48322 -5.00012 2.4
      vertex 7.48322 -5.00012 0
      vertex 8.31491 -3.44414 2.4
    endloop
  endfacet
  facet normal 0.956941 -0.290283 0
    outer loop
      vertex 8.82706 -1.7558 0
      vertex 8.82706 -1.7558 2.4
      vertex 8.31491 -3.44414 0
    endloop
  endfacet
  facet normal 0.956941 -0.290283 0
    outer loop
      vertex 8.31491 -3.44414 2.4
      vertex 8.31491 -3.44414 0
      vertex 8.82706 -1.7558 2.4
    endloop
  endfacet
  facet normal 0.995183 -0.0980322 0
    outer loop
      vertex 8.88181 -1.2 0
      vertex 8.88181 -1.2 2.4
      vertex 8.82706 -1.7558 0
    endloop
  endfacet
  facet normal 0.995183 -0.0980322 0
    outer loop
      vertex 8.82706 -1.7558 2.4
      vertex 8.82706 -1.7558 0
      vertex 8.88181 -1.2 2.4
    endloop
  endfacet
  facet normal 0 -1 0
    outer loop
      vertex 16.8 -1.2 0
      vertex 16.8 -1.2 2.4
      vertex 8.88181 -1.2 0
    endloop
  endfacet
  facet normal 0 -1 0
    outer loop
      vertex 8.88181 -1.2 2.4
      vertex 8.88181 -1.2 0
      vertex 16.8 -1.2 2.4
    endloop
  endfacet
  facet normal -1 0 0
    outer loop
      vertex 16.8 -9.69946 0
      vertex 16.8 -9.69946 2.4
      vertex 16.8 -1.2 0
    endloop
  endfacet
  facet normal -1 -0 -0
    outer loop
      vertex 16.8 -1.2 2.4
      vertex 16.8 -1.2 0
      vertex 16.8 -9.69946 2.4
    endloop
  endfacet
  facet normal -0.499999 0.866026 0
    outer loop
      vertex 9.43921 -13.9492 0
      vertex 9.43921 -13.9492 2.4
      vertex 16.8 -9.69946 0
    endloop
  endfacet
  facet normal -0.499999 0.866026 0
    outer loop
      vertex 16.8 -9.69946 2.4
      vertex 16.8 -9.69946 0
      vertex 9.43921 -13.9492 2.4
    endloop
  endfacet
  facet normal 0.866025 0.500001 -0
    outer loop
      vertex 5.47911 -7.09012 0
      vertex 5.47911 -7.09012 2.4
      vertex 9.43921 -13.9492 0
    endloop
  endfacet
  facet normal 0.866025 0.500001 0
    outer loop
      vertex 9.43921 -13.9492 2.4
      vertex 9.43921 -13.9492 0
      vertex 5.47911 -7.09012 2.4
    endloop
  endfacet
  facet normal 0.773012 0.634392 -0
    outer loop
      vertex -5.48769 -3.66676 0
      vertex -5.48769 -3.66676 2.4
      vertex -4.6669 -4.6669 0
    endloop
  endfacet
  facet normal 0.773012 0.634392 0
    outer loop
      vertex -4.6669 -4.6669 2.4
      vertex -4.6669 -4.6669 0
      vertex -5.48769 -3.66676 2.4
    endloop
  endfacet
  facet normal 0.881921 0.471397 -0
    outer loop
      vertex -6.0976 -2.5257 0
      vertex -6.0976 -2.5257 2.4
      vertex -5.48769 -3.66676 0
    endloop
  endfacet
  facet normal 0.881921 0.471397 0
    outer loop
      vertex -5.48769 -3.66676 2.4
      vertex -5.48769 -3.66676 0
      vertex -6.0976 -2.5257 2.4
    endloop
  endfacet
  facet normal 0.95694 0.290285 -0
    outer loop
      vertex -6.47318 -1.28758 0
      vertex -6.47318 -1.28758 2.4
      vertex -6.0976 -2.5257 0
    endloop
  endfacet
  facet normal 0.95694 0.290285 0
    outer loop
      vertex -6.0976 -2.5257 2.4
      vertex -6.0976 -2.5257 0
      vertex -6.47318 -1.28758 2.4
    endloop
  endfacet
  facet normal 0.995191 0.097951 -0
    outer loop
      vertex -6.4818 -1.2 0
      vertex -6.4818 -1.2 2.4
      vertex -6.47318 -1.28758 0
    endloop
  endfacet
  facet normal 0.995191 0.097951 0
    outer loop
      vertex -6.47318 -1.28758 2.4
      vertex -6.47318 -1.28758 0
      vertex -6.4818 -1.2 2.4
    endloop
  endfacet
  facet normal 0 -1 0
    outer loop
      vertex -2.07845 -1.2 0
      vertex -2.07845 -1.2 2.4
      vertex -6.4818 -1.2 0
    endloop
  endfacet
  facet normal 0 -1 0
    outer loop
      vertex -6.4818 -1.2 2.4
      vertex -6.4818 -1.2 0
      vertex -2.07845 -1.2 2.4
    endloop
  endfacet
  facet normal -0.866026 0.499999 0
    outer loop
      vertex -4.26872 -4.99367 0
      vertex -4.26872 -4.99367 2.4
      vertex -2.07845 -1.2 0
    endloop
  endfacet
  facet normal -0.866026 0.499999 0
    outer loop
      vertex -2.07845 -1.2 2.4
      vertex -2.07845 -1.2 0
      vertex -4.26872 -4.99367 2.4
    endloop
  endfacet
  facet normal 0.634384 0.773018 -0
    outer loop
      vertex -4.6669 -4.6669 0
      vertex -4.6669 -4.6669 2.4
      vertex -4.26872 -4.99367 0
    endloop
  endfacet
  facet normal 0.634384 0.773018 0
    outer loop
      vertex -4.26872 -4.99367 2.4
      vertex -4.26872 -4.99367 0
      vertex -4.6669 -4.6669 2.4
    endloop
  endfacet
  facet normal 0.290284 0.95694 -0
    outer loop
      vertex -2.19308 -6.1985 0
      vertex -2.19308 -6.1985 2.4
      vertex -1.28758 -6.47318 0
    endloop
  endfacet
  facet normal 0.290284 0.95694 0
    outer loop
      vertex -1.28758 -6.47318 2.4
      vertex -1.28758 -6.47318 0
      vertex -2.19308 -6.1985 2.4
    endloop
  endfacet
  facet normal 0.866026 -0.499999 0
    outer loop
      vertex 0 -2.39996 0
      vertex 0 -2.39996 2.4
      vertex -2.19308 -6.1985 0
    endloop
  endfacet
  facet normal 0.866026 -0.499999 0
    outer loop
      vertex -2.19308 -6.1985 2.4
      vertex -2.19308 -6.1985 0
      vertex 0 -2.39996 2.4
    endloop
  endfacet
  facet normal -0.866026 -0.499999 0
    outer loop
      vertex 2.19308 -6.1985 0
      vertex 2.19308 -6.1985 2.4
      vertex 0 -2.39996 0
    endloop
  endfacet
  facet normal -0.866026 -0.499999 -0
    outer loop
      vertex 0 -2.39996 2.4
      vertex 0 -2.39996 0
      vertex 2.19308 -6.1985 2.4
    endloop
  endfacet
  facet normal -0.290284 0.95694 0
    outer loop
      vertex 1.28758 -6.47318 0
      vertex 1.28758 -6.47318 2.4
      vertex 2.19308 -6.1985 0
    endloop
  endfacet
  facet normal -0.290284 0.95694 0
    outer loop
      vertex 2.19308 -6.1985 2.4
      vertex 2.19308 -6.1985 0
      vertex 1.28758 -6.47318 2.4
    endloop
  endfacet
  facet normal -0.0980129 0.995185 0
    outer loop
      vertex 0 -6.59999 0
      vertex 0 -6.59999 2.4
      vertex 1.28758 -6.47318 0
    endloop
  endfacet
  facet normal -0.0980129 0.995185 0
    outer loop
      vertex 1.28758 -6.47318 2.4
      vertex 1.28758 -6.47318 0
      vertex 0 -6.59999 2.4
    endloop
  endfacet
  facet normal 0.0980129 0.995185 -0
    outer loop
      vertex -1.28758 -6.47318 0
      vertex -1.28758 -6.47318 2.4
      vertex 0 -6.59999 0
    endloop
  endfacet
  facet normal 0.0980129 0.995185 0
    outer loop
      vertex 0 -6.59999 2.4
      vertex 0 -6.59999 0
      vertex -1.28758 -6.47318 2.4
    endloop
  endfacet
  facet normal 0.866026 -0.499998 0
    outer loop
      vertex -3.41934 -8.32243 0
      vertex -3.41934 -8.32243 2.4
      vertex -7.36076 -15.1492 0
    endloop
  endfacet
  facet normal 0.866026 -0.499998 0
    outer loop
      vertex -7.36076 -15.1492 2.4
      vertex -7.36076 -15.1492 0
      vertex -3.41934 -8.32243 2.4
    endloop
  endfacet
  facet normal -0.290285 -0.95694 0
    outer loop
      vertex -1.7558 -8.82706 0
      vertex -1.7558 -8.82706 2.4
      vertex -3.41934 -8.32243 0
    endloop
  endfacet
  facet normal -0.290285 -0.95694 -0
    outer loop
      vertex -3.41934 -8.32243 2.4
      vertex -3.41934 -8.32243 0
      vertex -1.7558 -8.82706 2.4
    endloop
  endfacet
  facet normal -0.0980221 -0.995184 0
    outer loop
      vertex 0 -9 0
      vertex 0 -9 2.4
      vertex -1.7558 -8.82706 0
    endloop
  endfacet
  facet normal -0.0980221 -0.995184 -0
    outer loop
      vertex -1.7558 -8.82706 2.4
      vertex -1.7558 -8.82706 0
      vertex 0 -9 2.4
    endloop
  endfacet
  facet normal 0.0980221 -0.995184 0
    outer loop
      vertex 1.7558 -8.82706 0
      vertex 1.7558 -8.82706 2.4
      vertex 0 -9 0
    endloop
  endfacet
  facet normal 0.0980221 -0.995184 0
    outer loop
      vertex 0 -9 2.4
      vertex 0 -9 0
      vertex 1.7558 -8.82706 2.4
    endloop
  endfacet
  facet normal 0.290285 -0.95694 0
    outer loop
      vertex 3.41934 -8.32243 0
      vertex 3.41934 -8.32243 2.4
      vertex 1.7558 -8.82706 0
    endloop
  endfacet
  facet normal 0.290285 -0.95694 0
    outer loop
      vertex 1.7558 -8.82706 2.4
      vertex 1.7558 -8.82706 0
      vertex 3.41934 -8.32243 2.4
    endloop
  endfacet
  facet normal -0.866026 -0.499998 0
    outer loop
      vertex 7.36076 -15.1492 0
      vertex 7.36076 -15.1492 2.4
      vertex 3.41934 -8.32243 0
    endloop
  endfacet
  facet normal -0.866026 -0.499998 -0
    outer loop
      vertex 3.41934 -8.32243 2.4
      vertex 3.41934 -8.32243 0
      vertex 7.36076 -15.1492 2.4
    endloop
  endfacet
  facet normal -0.499997 0.866027 0
    outer loop
      vertex 0 -19.3989 0
      vertex 0 -19.3989 2.4
      vertex 7.36076 -15.1492 0
    endloop
  endfacet
  facet normal -0.499997 0.866027 0
    outer loop
      vertex 7.36076 -15.1492 2.4
      vertex 7.36076 -15.1492 0
      vertex 0 -19.3989 2.4
    endloop
  endfacet
  facet normal 0.499997 0.866027 -0
    outer loop
      vertex -7.36076 -15.1492 0
      vertex -7.36076 -15.1492 2.4
      vertex 0 -19.3989 0
    endloop
  endfacet
  facet normal 0.499997 0.866027 0
    outer loop
      vertex 0 -19.3989 2.4
      vertex 0 -19.3989 0
      vertex -7.36076 -15.1492 2.4
    endloop
  endfacet
  facet normal 1 0 -0
    outer loop
      vertex -16.8 -12.4708 0
      vertex -16.8 -12.4708 2.4
      vertex -16.8 -25.2879 0
    endloop
  endfacet
  facet normal 1 -0 0
    outer loop
      vertex -16.8 -25.2879 2.4
      vertex -16.8 -25.2879 0
      vertex -16.8 -12.4708 2.4
    endloop
  endfacet
  facet normal -0.499996 -0.866028 0
    outer loop
      vertex -10.6392 -16.0277 0
      vertex -10.6392 -16.0277 2.4
      vertex -16.8 -12.4708 0
    endloop
  endfacet
  facet normal -0.499996 -0.866028 -0
    outer loop
      vertex -16.8 -12.4708 2.4
      vertex -16.8 -12.4708 0
      vertex -10.6392 -16.0277 2.4
    endloop
  endfacet
  facet normal -0.866024 0.500003 0
    outer loop
      vertex -16.1892 -25.6405 0
      vertex -16.1892 -25.6405 2.4
      vertex -10.6392 -16.0277 0
    endloop
  endfacet
  facet normal -0.866024 0.500003 0
    outer loop
      vertex -10.6392 -16.0277 2.4
      vertex -10.6392 -16.0277 0
      vertex -16.1892 -25.6405 2.4
    endloop
  endfacet
  facet normal 0.499952 0.866053 -0
    outer loop
      vertex -16.8 -25.2879 0
      vertex -16.8 -25.2879 2.4
      vertex -16.1892 -25.6405 0
    endloop
  endfacet
  facet normal 0.499952 0.866053 0
    outer loop
      vertex -16.1892 -25.6405 2.4
      vertex -16.1892 -25.6405 0
      vertex -16.8 -25.2879 2.4
    endloop
  endfacet
  facet normal 0.499996 -0.866028 0
    outer loop
      vertex 16.8 -12.4708 0
      vertex 16.8 -12.4708 2.4
      vertex 10.6392 -16.0277 0
    endloop
  endfacet
  facet normal 0.499996 -0.866028 0
    outer loop
      vertex 10.6392 -16.0277 2.4
      vertex 10.6392 -16.0277 0
      vertex 16.8 -12.4708 2.4
    endloop
  endfacet
  facet normal -1 0 0
    outer loop
      vertex 16.8 -25.2879 0
      vertex 16.8 -25.2879 2.4
      vertex 16.8 -12.4708 0
    endloop
  endfacet
  facet normal -1 -0 -0
    outer loop
      vertex 16.8 -12.4708 2.4
      vertex 16.8 -12.4708 0
      vertex 16.8 -25.2879 2.4
    endloop
  endfacet
  facet normal -0.499952 0.866053 0
    outer loop
      vertex 16.1892 -25.6405 0
      vertex 16.1892 -25.6405 2.4
      vertex 16.8 -25.2879 0
    endloop
  endfacet
  facet normal -0.499952 0.866053 0
    outer loop
      vertex 16.8 -25.2879 2.4
      vertex 16.8 -25.2879 0
      vertex 16.1892 -25.6405 2.4
    endloop
  endfacet
  facet normal 0.866024 0.500003 -0
    outer loop
      vertex 10.6392 -16.0277 0
      vertex 10.6392 -16.0277 2.4
      vertex 16.1892 -25.6405 0
    endloop
  endfacet
  facet normal 0.866024 0.500003 0
    outer loop
      vertex 16.1892 -25.6405 2.4
      vertex 16.1892 -25.6405 0
      vertex 10.6392 -16.0277 2.4
    endloop
  endfacet
  facet normal 0.866022 -0.500006 0
    outer loop
      vertex -8.56076 -17.2277 0
      vertex -8.56076 -17.2277 2.4
      vertex -14.1108 -26.8405 0
    endloop
  endfacet
  facet normal 0.866022 -0.500006 0
    outer loop
      vertex -14.1108 -26.8405 2.4
      vertex -14.1108 -26.8405 0
      vertex -8.56076 -17.2277 2.4
    endloop
  endfacet
  facet normal -0.499999 -0.866026 0
    outer loop
      vertex -2.40001 -20.7846 0
      vertex -2.40001 -20.7846 2.4
      vertex -8.56076 -17.2277 0
    endloop
  endfacet
  facet normal -0.499999 -0.866026 -0
    outer loop
      vertex -8.56076 -17.2277 2.4
      vertex -8.56076 -17.2277 0
      vertex -2.40001 -20.7846 2.4
    endloop
  endfacet
  facet normal -0.500001 0.866025 0
    outer loop
      vertex -13.5 -27.1932 0
      vertex -13.5 -27.1932 2.4
      vertex -2.40001 -20.7846 0
    endloop
  endfacet
  facet normal -0.500001 0.866025 0
    outer loop
      vertex -2.40001 -20.7846 2.4
      vertex -2.40001 -20.7846 0
      vertex -13.5 -27.1932 2.4
    endloop
  endfacet
  facet normal 0.500058 0.865992 -0
    outer loop
      vertex -14.1108 -26.8405 0
      vertex -14.1108 -26.8405 2.4
      vertex -13.5 -27.1932 0
    endloop
  endfacet
  facet normal 0.500058 0.865992 0
    outer loop
      vertex -13.5 -27.1932 2.4
      vertex -13.5 -27.1932 0
      vertex -14.1108 -26.8405 2.4
    endloop
  endfacet
  facet normal 0.499999 -0.866026 0
    outer loop
      vertex 8.56076 -17.2277 0
      vertex 8.56076 -17.2277 2.4
      vertex 2.40001 -20.7846 0
    endloop
  endfacet
  facet normal 0.499999 -0.866026 0
    outer loop
      vertex 2.40001 -20.7846 2.4
      vertex 2.40001 -20.7846 0
      vertex 8.56076 -17.2277 2.4
    endloop
  endfacet
  facet normal -0.866022 -0.500006 0
    outer loop
      vertex 14.1108 -26.8405 0
      vertex 14.1108 -26.8405 2.4
      vertex 8.56076 -17.2277 0
    endloop
  endfacet
  facet normal -0.866022 -0.500006 -0
    outer loop
      vertex 8.56076 -17.2277 2.4
      vertex 8.56076 -17.2277 0
      vertex 14.1108 -26.8405 2.4
    endloop
  endfacet
  facet normal -0.500058 0.865992 0
    outer loop
      vertex 13.5 -27.1932 0
      vertex 13.5 -27.1932 2.4
      vertex 14.1108 -26.8405 0
    endloop
  endfacet
  facet normal -0.500058 0.865992 0
    outer loop
      vertex 14.1108 -26.8405 2.4
      vertex 14.1108 -26.8405 0
      vertex 13.5 -27.1932 2.4
    endloop
  endfacet
  facet normal 0.500001 0.866025 -0
    outer loop
      vertex 2.40001 -20.7846 0
      vertex 2.40001 -20.7846 2.4
      vertex 13.5 -27.1932 0
    endloop
  endfacet
  facet normal 0.500001 0.866025 0
    outer loop
      vertex 13.5 -27.1932 2.4
      vertex 13.5 -27.1932 0
      vertex 2.40001 -20.7846 2.4
    endloop
  endfacet
endsolid OpenSCAD_Model
