solid OpenSCAD_Model
  facet normal 0 0 -1
    outer loop
      vertex 16.6158 -31.1795 0
      vertex 18.6943 -29.9795 0
      vertex 20.077 -32.3743 0
    endloop
  endfacet
  facet normal -0 0 -1
    outer loop
      vertex 13.3857 -40.9735 0
      vertex 13.1566 -41.0269 0
      vertex 13.6 -40.8764 0
    endloop
  endfacet
  facet normal 0 0 -1
    outer loop
      vertex 13.1566 -41.0269 0
      vertex 13.952 -40.5677 0
      vertex 13.6 -40.8764 0
    endloop
  endfacet
  facet normal 0 0 -1
    outer loop
      vertex 13.952 -40.5677 0
      vertex 13.7912 -40.7394 0
      vertex 13.6 -40.8764 0
    endloop
  endfacet
  facet normal 0 0 -1
    outer loop
      vertex 11.9237 -39.3064 0
      vertex 14.0762 -40.3679 0
      vertex 13.952 -40.5677 0
    endloop
  endfacet
  facet normal 0 0 -1
    outer loop
      vertex 11.8026 -39.7587 0
      vertex 11.9237 -39.3064 0
      vertex 13.952 -40.5677 0
    endloop
  endfacet
  facet normal -0 0 -1
    outer loop
      vertex 4.53163 -36.4802 0
      vertex 4.29651 -36.4879 0
      vertex 3.84425 -36.3668 0
    endloop
  endfacet
  facet normal -0 0 -1
    outer loop
      vertex 4.97499 -36.3298 0
      vertex 4.53163 -36.4802 0
      vertex 5.32701 -36.021 0
    endloop
  endfacet
  facet normal 0 0 -1
    outer loop
      vertex 21.4608 -39.5711 0
      vertex 21.7695 -39.9231 0
      vertex 21.5978 -39.7623 0
    endloop
  endfacet
  facet normal 0 0 -1
    outer loop
      vertex 21.9692 -40.0474 0
      vertex 21.7695 -39.9231 0
      vertex 22.4215 -40.1685 0
    endloop
  endfacet
  facet normal 0 0 -1
    outer loop
      vertex 22.1894 -40.1302 0
      vertex 21.9692 -40.0474 0
      vertex 22.4215 -40.1685 0
    endloop
  endfacet
  facet normal 0 0 -1
    outer loop
      vertex 22.4215 -40.1685 0
      vertex 23.452 -39.7016 0
      vertex 22.6566 -40.1609 0
    endloop
  endfacet
  facet normal 0 0 -1
    outer loop
      vertex 22.6566 -40.1609 0
      vertex 23.452 -39.7016 0
      vertex 23.1 -40.0104 0
    endloop
  endfacet
  facet normal -0 0 -1
    outer loop
      vertex 22.8857 -40.1075 0
      vertex 22.6566 -40.1609 0
      vertex 23.1 -40.0104 0
    endloop
  endfacet
  facet normal 0 0 -1
    outer loop
      vertex 23.1 -40.0104 0
      vertex 23.452 -39.7016 0
      vertex 23.2912 -39.8734 0
    endloop
  endfacet
  facet normal 0 0 -1
    outer loop
      vertex 22.4215 -40.1685 0
      vertex 23.5762 -39.5019 0
      vertex 23.452 -39.7016 0
    endloop
  endfacet
  facet normal 0 -0 -1
    outer loop
      vertex 23.6897 -38.8145 0
      vertex 23.6974 -39.0496 0
      vertex 23.5762 -39.5019 0
    endloop
  endfacet
  facet normal 0 0 -1
    outer loop
      vertex 22.4215 -40.1685 0
      vertex 23.6897 -38.8145 0
      vertex 23.5762 -39.5019 0
    endloop
  endfacet
  facet normal -0 0 -1
    outer loop
      vertex 23.6591 -39.2817 0
      vertex 23.5762 -39.5019 0
      vertex 23.6974 -39.0496 0
    endloop
  endfacet
  facet normal 0 0 -1
    outer loop
      vertex 22.4215 -40.1685 0
      vertex 21.7695 -39.9231 0
      vertex 23.6897 -38.8145 0
    endloop
  endfacet
  facet normal 0 0 -1
    outer loop
      vertex -14.0762 -40.3679 0
      vertex -11.9237 -39.3064 0
      vertex -13.952 -40.5677 0
    endloop
  endfacet
  facet normal -0 0 -1
    outer loop
      vertex 23.6897 -38.8145 0
      vertex 21.7695 -39.9231 0
      vertex 23.5392 -38.3711 0
    endloop
  endfacet
  facet normal -0 -0 -1
    outer loop
      vertex 23.6363 -38.5854 0
      vertex 23.6897 -38.8145 0
      vertex 23.5392 -38.3711 0
    endloop
  endfacet
  facet normal 0 0 -1
    outer loop
      vertex 23.5392 -38.3711 0
      vertex 21.7695 -39.9231 0
      vertex 21.4608 -39.5711 0
    endloop
  endfacet
  facet normal 0 0 -1
    outer loop
      vertex 17.9985 -33.5743 0
      vertex 23.5392 -38.3711 0
      vertex 21.4608 -39.5711 0
    endloop
  endfacet
  facet normal 0 0 -1
    outer loop
      vertex 17.9985 -33.5743 0
      vertex 20.077 -32.3743 0
      vertex 23.5392 -38.3711 0
    endloop
  endfacet
  facet normal -0 0 -1
    outer loop
      vertex 28.3857 -32.3132 0
      vertex 28.1566 -32.3666 0
      vertex 28.6 -32.2161 0
    endloop
  endfacet
  facet normal 0 0 -1
    outer loop
      vertex 28.6 -32.2161 0
      vertex 28.952 -31.9074 0
      vertex 28.7912 -32.0791 0
    endloop
  endfacet
  facet normal -0 0 -1
    outer loop
      vertex 28.6 -32.2161 0
      vertex 28.1566 -32.3666 0
      vertex 28.952 -31.9074 0
    endloop
  endfacet
  facet normal 0 0 -1
    outer loop
      vertex 28.952 -31.9074 0
      vertex 29.1974 -31.2554 0
      vertex 29.1591 -31.4875 0
    endloop
  endfacet
  facet normal -0 0 -1
    outer loop
      vertex 29.0762 -31.7077 0
      vertex 28.952 -31.9074 0
      vertex 29.1591 -31.4875 0
    endloop
  endfacet
  facet normal 0 0 -1
    outer loop
      vertex 28.952 -31.9074 0
      vertex 29.1363 -30.7912 0
      vertex 29.1974 -31.2554 0
    endloop
  endfacet
  facet normal 0 0 -1
    outer loop
      vertex 29.1974 -31.2554 0
      vertex 29.1363 -30.7912 0
      vertex 29.1897 -31.0203 0
    endloop
  endfacet
  facet normal 0 0 -1
    outer loop
      vertex 47.9445 1.4135 0
      vertex 49.2223 3.32587 0
      vertex 49.8284 2.82841 0
    endloop
  endfacet
  facet normal 0 0 -1
    outer loop
      vertex 28.5307 -30.1007 0
      vertex 28.9022 -30.3857 0
      vertex 29.1363 -30.7912 0
    endloop
  endfacet
  facet normal 0 0 -1
    outer loop
      vertex 28.5307 -30.1007 0
      vertex 28.7305 -30.2249 0
      vertex 28.9022 -30.3857 0
    endloop
  endfacet
  facet normal -0 -0 -1
    outer loop
      vertex 29.0392 -30.5769 0
      vertex 29.1363 -30.7912 0
      vertex 28.9022 -30.3857 0
    endloop
  endfacet
  facet normal 0 0 -1
    outer loop
      vertex -33.95 -13.8564 0
      vertex -33.9269 -13.6223 0
      vertex -33.8586 -13.3972 0
    endloop
  endfacet
  facet normal 0 0 -1
    outer loop
      vertex 28.0785 -29.9795 0
      vertex 28.5307 -30.1007 0
      vertex 29.1363 -30.7912 0
    endloop
  endfacet
  facet normal 0 0 -1
    outer loop
      vertex 28.952 -31.9074 0
      vertex 28.0785 -29.9795 0
      vertex 29.1363 -30.7912 0
    endloop
  endfacet
  facet normal 0 0 -1
    outer loop
      vertex 28.5307 -30.1007 0
      vertex 28.0785 -29.9795 0
      vertex 28.3106 -30.0178 0
    endloop
  endfacet
  facet normal -0 0 -1
    outer loop
      vertex 28.952 -31.9074 0
      vertex 28.1566 -32.3666 0
      vertex 28.0785 -29.9795 0
    endloop
  endfacet
  facet normal 0 -0 -1
    outer loop
      vertex 28.0785 -29.9795 0
      vertex 28.1566 -32.3666 0
      vertex 27.9215 -32.3743 0
    endloop
  endfacet
  facet normal -0 0 -1
    outer loop
      vertex 28.7607 -22.5704 0
      vertex 28.5316 -22.6238 0
      vertex 28.975 -22.4734 0
    endloop
  endfacet
  facet normal 0 0 -1
    outer loop
      vertex 20.077 -32.3743 0
      vertex 28.0785 -29.9795 0
      vertex 27.9215 -32.3743 0
    endloop
  endfacet
  facet normal 0 0 -1
    outer loop
      vertex 20.077 -32.3743 0
      vertex 18.6943 -29.9795 0
      vertex 28.0785 -29.9795 0
    endloop
  endfacet
  facet normal 0 0 -1
    outer loop
      vertex -0.906631 -23.2734 0
      vertex -1.13573 -23.22 0
      vertex 0 -23.0174 0
    endloop
  endfacet
  facet normal 0 0 -1
    outer loop
      vertex 28.975 -22.4734 0
      vertex 29.327 -22.1646 0
      vertex 29.1662 -22.3363 0
    endloop
  endfacet
  facet normal -0 0 -1
    outer loop
      vertex 28.975 -22.4734 0
      vertex 28.5316 -22.6238 0
      vertex 29.327 -22.1646 0
    endloop
  endfacet
  facet normal 0 0 -1
    outer loop
      vertex 29.327 -22.1646 0
      vertex 29.5724 -21.5126 0
      vertex 29.5341 -21.7447 0
    endloop
  endfacet
  facet normal -0 0 -1
    outer loop
      vertex 29.4512 -21.9649 0
      vertex 29.327 -22.1646 0
      vertex 29.5341 -21.7447 0
    endloop
  endfacet
  facet normal 0 0 -1
    outer loop
      vertex 29.327 -22.1646 0
      vertex 28.9057 -20.3579 0
      vertex 29.5724 -21.5126 0
    endloop
  endfacet
  facet normal 0 0 -1
    outer loop
      vertex 29.5724 -21.5126 0
      vertex 29.5113 -21.0484 0
      vertex 29.5647 -21.2775 0
    endloop
  endfacet
  facet normal 0 0 -1
    outer loop
      vertex 29.5724 -21.5126 0
      vertex 28.9057 -20.3579 0
      vertex 29.5113 -21.0484 0
    endloop
  endfacet
  facet normal 0 0 -1
    outer loop
      vertex 28.9057 -20.3579 0
      vertex 29.2772 -20.6429 0
      vertex 29.4142 -20.8341 0
    endloop
  endfacet
  facet normal 0 0 -1
    outer loop
      vertex 28.9057 -20.3579 0
      vertex 29.1055 -20.4821 0
      vertex 29.2772 -20.6429 0
    endloop
  endfacet
  facet normal 0 0 -1
    outer loop
      vertex 29.5113 -21.0484 0
      vertex 28.9057 -20.3579 0
      vertex 29.4142 -20.8341 0
    endloop
  endfacet
  facet normal 0 0 -1
    outer loop
      vertex 32.0833 -14.8542 0
      vertex 31.9015 -14.7049 0
      vertex 31.7522 -14.5231 0
    endloop
  endfacet
  facet normal -0 0 -1
    outer loop
      vertex 29.327 -22.1646 0
      vertex 28.5316 -22.6238 0
      vertex 28.9057 -20.3579 0
    endloop
  endfacet
  facet normal 0 0 -1
    outer loop
      vertex 46.2197 3.92313 0
      vertex 47 4 0
      vertex 47 1.7 0
    endloop
  endfacet
  facet normal -0 0 -1
    outer loop
      vertex 28.9057 -20.3579 0
      vertex 28.5316 -22.6238 0
      vertex 28.6856 -20.275 0
    endloop
  endfacet
  facet normal 0 0 -1
    outer loop
      vertex 28.6856 -20.275 0
      vertex 28.5316 -22.6238 0
      vertex 28.2965 -22.6315 0
    endloop
  endfacet
  facet normal 0 0 -1
    outer loop
      vertex 20.1667 -11.3901 0
      vertex 19.9592 -11.5009 0
      vertex 19.9337 -11.5087 0
    endloop
  endfacet
  facet normal 0 -0 -1
    outer loop
      vertex 28.4535 -20.2367 0
      vertex 28.6856 -20.275 0
      vertex 28.2965 -22.6315 0
    endloop
  endfacet
  facet normal 0 0 -1
    outer loop
      vertex 14.452 -22.6315 0
      vertex 28.4535 -20.2367 0
      vertex 28.2965 -22.6315 0
    endloop
  endfacet
  facet normal 0 0 -1
    outer loop
      vertex 19.1357 -12.8277 0
      vertex 19.9337 -11.5087 0
      vertex 19.35 -12.7306 0
    endloop
  endfacet
  facet normal 0 0 -1
    outer loop
      vertex 14.452 -22.6315 0
      vertex 13.0693 -20.2367 0
      vertex 28.4535 -20.2367 0
    endloop
  endfacet
  facet normal 0 0 -1
    outer loop
      vertex 0 23.0174 0
      vertex 1.34999 23.1229 0
      vertex 1.54121 22.9858 0
    endloop
  endfacet
  facet normal 0 0 -1
    outer loop
      vertex 19.9337 -11.5087 0
      vertex 19.702 -12.4218 0
      vertex 19.5412 -12.5936 0
    endloop
  endfacet
  facet normal 0 0 -1
    outer loop
      vertex 19.35 -12.7306 0
      vertex 19.9337 -11.5087 0
      vertex 19.5412 -12.5936 0
    endloop
  endfacet
  facet normal 0 0 -1
    outer loop
      vertex 19.702 -12.4218 0
      vertex 19.9337 -11.5087 0
      vertex 19.8262 -12.2221 0
    endloop
  endfacet
  facet normal 0 0 -1
    outer loop
      vertex 19.8262 -12.2221 0
      vertex 19.9337 -11.5087 0
      vertex 19.9091 -12.0019 0
    endloop
  endfacet
  facet normal 0 0 -1
    outer loop
      vertex 19.9091 -12.0019 0
      vertex 19.9337 -11.5087 0
      vertex 19.9474 -11.7698 0
    endloop
  endfacet
  facet normal -0 0 -1
    outer loop
      vertex 19.1357 -12.8277 0
      vertex 18.9066 -12.8811 0
      vertex 19.9337 -11.5087 0
    endloop
  endfacet
  facet normal -0 -0 -1
    outer loop
      vertex 19.9397 -11.5347 0
      vertex 19.9474 -11.7698 0
      vertex 19.9337 -11.5087 0
    endloop
  endfacet
  facet normal 0 0 -1
    outer loop
      vertex 19.9337 -11.5087 0
      vertex 18.9066 -12.8811 0
      vertex 18.6715 -12.8888 0
    endloop
  endfacet
  facet normal -0 0 -1
    outer loop
      vertex 20.6769 -10.1582 0
      vertex 19.9337 -11.5087 0
      vertex 20.6086 -9.93307 0
    endloop
  endfacet
  facet normal 0 0 -1
    outer loop
      vertex 20.3485 -11.2408 0
      vertex 20.1667 -11.3901 0
      vertex 19.9337 -11.5087 0
    endloop
  endfacet
  facet normal 0 0 -1
    outer loop
      vertex 20.4978 -11.059 0
      vertex 20.3485 -11.2408 0
      vertex 19.9337 -11.5087 0
    endloop
  endfacet
  facet normal 0 0 -1
    outer loop
      vertex 20.6086 -10.8515 0
      vertex 20.4978 -11.059 0
      vertex 19.9337 -11.5087 0
    endloop
  endfacet
  facet normal 0 0 -1
    outer loop
      vertex 20.6769 -10.6264 0
      vertex 20.6086 -10.8515 0
      vertex 19.9337 -11.5087 0
    endloop
  endfacet
  facet normal 0 0 -1
    outer loop
      vertex 20.7 -10.3923 0
      vertex 20.6769 -10.6264 0
      vertex 19.9337 -11.5087 0
    endloop
  endfacet
  facet normal 0 -0 -1
    outer loop
      vertex 20.6769 -10.1582 0
      vertex 20.7 -10.3923 0
      vertex 19.9337 -11.5087 0
    endloop
  endfacet
  facet normal -0 0 -1
    outer loop
      vertex 20.6086 -9.93307 0
      vertex 19.9337 -11.5087 0
      vertex 20.4978 -9.72562 0
    endloop
  endfacet
  facet normal 0 0 -1
    outer loop
      vertex 20.4978 -9.72562 0
      vertex 19.9337 -11.5087 0
      vertex 18.176 -10.4939 0
    endloop
  endfacet
  facet normal -0 -0 -1
    outer loop
      vertex 15.5755 -1.2 0
      vertex 18.176 -10.4939 0
      vertex 12.8102 -1.2 0
    endloop
  endfacet
  facet normal 0 0 -1
    outer loop
      vertex 15.5755 -1.2 0
      vertex 20.4978 -9.72562 0
      vertex 18.176 -10.4939 0
    endloop
  endfacet
  facet normal 0 0 -1
    outer loop
      vertex 32.2908 -14.9651 0
      vertex 32.0833 -14.8542 0
      vertex 32.5159 -15.0333 0
    endloop
  endfacet
  facet normal 0 0 -1
    outer loop
      vertex 32.5159 -15.0333 0
      vertex 32.0833 -14.8542 0
      vertex 32.75 -15.0564 0
    endloop
  endfacet
  facet normal 0 0 -1
    outer loop
      vertex 32.75 -15.0564 0
      vertex 33.4167 -14.8542 0
      vertex 32.9841 -15.0333 0
    endloop
  endfacet
  facet normal 0 0 -1
    outer loop
      vertex 32.9841 -15.0333 0
      vertex 33.4167 -14.8542 0
      vertex 33.2092 -14.9651 0
    endloop
  endfacet
  facet normal 0 0 -1
    outer loop
      vertex 32.75 -15.0564 0
      vertex 32.0833 -14.8542 0
      vertex 33.4167 -14.8542 0
    endloop
  endfacet
  facet normal 0 0 -1
    outer loop
      vertex 33.4167 -14.8542 0
      vertex 33.8586 -13.3972 0
      vertex 33.8586 -14.3156 0
    endloop
  endfacet
  facet normal -0 0 -1
    outer loop
      vertex 33.5985 -14.7049 0
      vertex 33.4167 -14.8542 0
      vertex 33.7478 -14.5231 0
    endloop
  endfacet
  facet normal -0 0 -1
    outer loop
      vertex 33.7478 -14.5231 0
      vertex 33.4167 -14.8542 0
      vertex 33.8586 -14.3156 0
    endloop
  endfacet
  facet normal 0 0 -1
    outer loop
      vertex 33.8586 -14.3156 0
      vertex 33.8586 -13.3972 0
      vertex 33.95 -13.8564 0
    endloop
  endfacet
  facet normal -0 0 -1
    outer loop
      vertex 33.9269 -14.0905 0
      vertex 33.8586 -14.3156 0
      vertex 33.95 -13.8564 0
    endloop
  endfacet
  facet normal 0 0 -1
    outer loop
      vertex 33.95 -13.8564 0
      vertex 33.8586 -13.3972 0
      vertex 33.9269 -13.6223 0
    endloop
  endfacet
  facet normal 0 0 -1
    outer loop
      vertex 33.4167 -14.8542 0
      vertex 32.0833 -14.8542 0
      vertex 33.8586 -13.3972 0
    endloop
  endfacet
  facet normal 0 0 -1
    outer loop
      vertex 40.3333 -9.658 0
      vertex 40.1515 -9.50877 0
      vertex 40.0022 -9.32693 0
    endloop
  endfacet
  facet normal 0 0 -1
    outer loop
      vertex 33.8586 -13.3972 0
      vertex 32.0833 -14.8542 0
      vertex 31.7522 -14.5231 0
    endloop
  endfacet
  facet normal 0 -0 -1
    outer loop
      vertex 33.7478 -13.1897 0
      vertex 33.8586 -13.3972 0
      vertex 31.7522 -14.5231 0
    endloop
  endfacet
  facet normal 0 0 -1
    outer loop
      vertex 26.8255 -1.2 0
      vertex 33.7478 -13.1897 0
      vertex 31.7522 -14.5231 0
    endloop
  endfacet
  facet normal 0 0 -1
    outer loop
      vertex 24.0602 -1.2 0
      vertex 26.8255 -1.2 0
      vertex 31.7522 -14.5231 0
    endloop
  endfacet
  facet normal 0 -0 -1
    outer loop
      vertex 48.5307 3.69551 0
      vertex 49.2223 3.32587 0
      vertex 47.9445 1.4135 0
    endloop
  endfacet
  facet normal 0 0 -1
    outer loop
      vertex 40.5408 -9.76891 0
      vertex 40.3333 -9.658 0
      vertex 40.7659 -9.83719 0
    endloop
  endfacet
  facet normal 0 0 -1
    outer loop
      vertex 40.7659 -9.83719 0
      vertex 40.3333 -9.658 0
      vertex 41 -9.86024 0
    endloop
  endfacet
  facet normal 0 0 -1
    outer loop
      vertex 41 -9.86024 0
      vertex 41.6667 -9.658 0
      vertex 41.2341 -9.83719 0
    endloop
  endfacet
  facet normal 0 0 -1
    outer loop
      vertex 41.2341 -9.83719 0
      vertex 41.6667 -9.658 0
      vertex 41.4592 -9.76891 0
    endloop
  endfacet
  facet normal 0 0 -1
    outer loop
      vertex 41 -9.86024 0
      vertex 40.3333 -9.658 0
      vertex 41.6667 -9.658 0
    endloop
  endfacet
  facet normal 0 0 -1
    outer loop
      vertex 41.6667 -9.658 0
      vertex 40.3333 -9.658 0
      vertex 42.1086 -9.11946 0
    endloop
  endfacet
  facet normal -0 0 -1
    outer loop
      vertex 41.8485 -9.50877 0
      vertex 41.6667 -9.658 0
      vertex 41.9978 -9.32693 0
    endloop
  endfacet
  facet normal -0 0 -1
    outer loop
      vertex 41.9978 -9.32693 0
      vertex 41.6667 -9.658 0
      vertex 42.1086 -9.11946 0
    endloop
  endfacet
  facet normal 0 0 -1
    outer loop
      vertex 42.1086 -9.11946 0
      vertex 42.1086 -8.20102 0
      vertex 42.2 -8.66025 0
    endloop
  endfacet
  facet normal -0 0 -1
    outer loop
      vertex 42.1769 -8.89435 0
      vertex 42.1086 -9.11946 0
      vertex 42.2 -8.66025 0
    endloop
  endfacet
  facet normal 0 0 -1
    outer loop
      vertex 42.2 -8.66025 0
      vertex 42.1086 -8.20102 0
      vertex 42.1769 -8.42613 0
    endloop
  endfacet
  facet normal -0 0 -1
    outer loop
      vertex 42.1086 -9.11946 0
      vertex 40.3333 -9.658 0
      vertex 42.1086 -8.20102 0
    endloop
  endfacet
  facet normal 0 0 -1
    outer loop
      vertex 46.0555 -1.4135 0
      vertex 45.4693 -3.69551 0
      vertex 44.7777 -3.32587 0
    endloop
  endfacet
  facet normal -0 0 -1
    outer loop
      vertex 42.1086 -8.20102 0
      vertex 40.3333 -9.658 0
      vertex 41.9978 -7.99356 0
    endloop
  endfacet
  facet normal 0 0 -1
    outer loop
      vertex 41.9978 -7.99356 0
      vertex 40.3333 -9.658 0
      vertex 40.0022 -9.32693 0
    endloop
  endfacet
  facet normal 0 0 -1
    outer loop
      vertex 38.0755 -1.2 0
      vertex 41.9978 -7.99356 0
      vertex 40.0022 -9.32693 0
    endloop
  endfacet
  facet normal 0 0 -1
    outer loop
      vertex 35.3102 -1.2 0
      vertex 38.0755 -1.2 0
      vertex 40.0022 -9.32693 0
    endloop
  endfacet
  facet normal 0 0 -1
    outer loop
      vertex 20.6086 9.93307 0
      vertex 19.9337 11.5087 0
      vertex 20.6769 10.1582 0
    endloop
  endfacet
  facet normal 0 -0 -1
    outer loop
      vertex 46.0555 -1.4135 0
      vertex 46.3494 -1.57059 0
      vertex 45.4693 -3.69551 0
    endloop
  endfacet
  facet normal 0 0 -1
    outer loop
      vertex 45.4693 -3.69551 0
      vertex 46.3494 -1.57059 0
      vertex 46.2197 -3.92313 0
    endloop
  endfacet
  facet normal 0 0 -1
    outer loop
      vertex 46.2197 -3.92313 0
      vertex 46.3494 -1.57059 0
      vertex 46.6684 -1.66733 0
    endloop
  endfacet
  facet normal -0 0 -1
    outer loop
      vertex 47 -1.7 0
      vertex 46.2197 -3.92313 0
      vertex 46.6684 -1.66733 0
    endloop
  endfacet
  facet normal 0 -0 -1
    outer loop
      vertex 47 -1.7 0
      vertex 47 -4 0
      vertex 46.2197 -3.92313 0
    endloop
  endfacet
  facet normal 0 0 -1
    outer loop
      vertex 47 -1.7 0
      vertex 47.7803 -3.92313 0
      vertex 47 -4 0
    endloop
  endfacet
  facet normal 0 -0 -1
    outer loop
      vertex 47.9445 -1.4135 0
      vertex 48.5307 -3.69551 0
      vertex 47.6506 -1.57059 0
    endloop
  endfacet
  facet normal -0 0 -1
    outer loop
      vertex 49.8284 -2.82841 0
      vertex 49.2223 -3.32587 0
      vertex 47.9445 -1.4135 0
    endloop
  endfacet
  facet normal -0 0 -1
    outer loop
      vertex 50.3259 -2.22227 0
      vertex 49.8284 -2.82841 0
      vertex 48.4135 -0.944458 0
    endloop
  endfacet
  facet normal 0 0 -1
    outer loop
      vertex 48.5706 -0.650558 0
      vertex 48.6673 -0.33165 0
      vertex 50.9231 -0.78035 0
    endloop
  endfacet
  facet normal 0 0 -1
    outer loop
      vertex 48.5706 0.650558 0
      vertex 50.9231 0.78035 0
      vertex 48.6673 0.33165 0
    endloop
  endfacet
  facet normal 0 0 -1
    outer loop
      vertex 48.4135 0.944458 0
      vertex 50.6955 1.53073 0
      vertex 48.5706 0.650558 0
    endloop
  endfacet
  facet normal 0 0 -1
    outer loop
      vertex 45.6414 -1.01129 0
      vertex 45.6414 1.01129 0
      vertex 46.2 0 0
    endloop
  endfacet
  facet normal 0 0 -1
    outer loop
      vertex 45.9978 0.666672 0
      vertex 45.6414 1.01129 0
      vertex 45.8485 0.848526 0
    endloop
  endfacet
  facet normal -0 -0 -1
    outer loop
      vertex 45.9978 0.666672 0
      vertex 46.1086 0.459213 0
      vertex 45.6414 1.01129 0
    endloop
  endfacet
  facet normal 0 0 -1
    outer loop
      vertex 45.6414 1.01129 0
      vertex 46.1086 0.459213 0
      vertex 46.1769 0.2341 0
    endloop
  endfacet
  facet normal 0 0 -1
    outer loop
      vertex 46.2 0 0
      vertex 45.6414 1.01129 0
      vertex 46.1769 0.2341 0
    endloop
  endfacet
  facet normal -0 0 -1
    outer loop
      vertex 23.6363 38.5854 0
      vertex 23.5392 38.3711 0
      vertex 23.6897 38.8145 0
    endloop
  endfacet
  facet normal 0 0 -1
    outer loop
      vertex 46.2 0 0
      vertex 46.1769 -0.2341 0
      vertex 45.6414 -1.01129 0
    endloop
  endfacet
  facet normal 0 0 -1
    outer loop
      vertex 45.6414 -1.01129 0
      vertex 46.1769 -0.2341 0
      vertex 46.1086 -0.459213 0
    endloop
  endfacet
  facet normal 0 0 -1
    outer loop
      vertex 35.3102 -1.2 0
      vertex 35.3102 1.2 0
      vertex 38.0755 -1.2 0
    endloop
  endfacet
  facet normal 0 0 -1
    outer loop
      vertex 41.9978 9.32693 0
      vertex 41.6667 9.658 0
      vertex 41.8485 9.50877 0
    endloop
  endfacet
  facet normal 0 0 -1
    outer loop
      vertex 42.2 8.66025 0
      vertex 42.1769 8.42613 0
      vertex 42.1086 8.20102 0
    endloop
  endfacet
  facet normal 0 0 -1
    outer loop
      vertex 38.0755 1.2 0
      vertex 43.2042 -1.2 0
      vertex 38.0755 -1.2 0
    endloop
  endfacet
  facet normal -0 0 -1
    outer loop
      vertex 45.9978 -0.666672 0
      vertex 45.6414 -1.01129 0
      vertex 46.1086 -0.459213 0
    endloop
  endfacet
  facet normal 0 0 -1
    outer loop
      vertex 45.8485 -0.848526 0
      vertex 45.6667 -0.997757 0
      vertex 45.6414 -1.01129 0
    endloop
  endfacet
  facet normal 0 0 -1
    outer loop
      vertex 43.2042 -1.2 0
      vertex 43.2042 1.2 0
      vertex 45.6414 -1.01129 0
    endloop
  endfacet
  facet normal -0 0 -1
    outer loop
      vertex 45.7979 -1.20207 0
      vertex 44.1716 -2.82841 0
      vertex 45.6414 -1.01129 0
    endloop
  endfacet
  facet normal -0 -0 -1
    outer loop
      vertex 43.2042 1.2 0
      vertex 43.2042 -1.2 0
      vertex 38.0755 1.2 0
    endloop
  endfacet
  facet normal 0 0 -1
    outer loop
      vertex 35.3102 1.2 0
      vertex 38.0755 1.2 0
      vertex 38.0755 -1.2 0
    endloop
  endfacet
  facet normal -0 -0 -1
    outer loop
      vertex 42.1769 8.89435 0
      vertex 42.2 8.66025 0
      vertex 42.1086 9.11946 0
    endloop
  endfacet
  facet normal 0 0 -1
    outer loop
      vertex 42.1086 9.11946 0
      vertex 42.2 8.66025 0
      vertex 42.1086 8.20102 0
    endloop
  endfacet
  facet normal -0 -0 -1
    outer loop
      vertex 41.6667 9.658 0
      vertex 42.1086 9.11946 0
      vertex 40.3333 9.658 0
    endloop
  endfacet
  facet normal -0 -0 -1
    outer loop
      vertex 41.9978 9.32693 0
      vertex 42.1086 9.11946 0
      vertex 41.6667 9.658 0
    endloop
  endfacet
  facet normal 0 0 -1
    outer loop
      vertex 40.3333 9.658 0
      vertex 40.7659 9.83719 0
      vertex 41 9.86024 0
    endloop
  endfacet
  facet normal -0 -0 -1
    outer loop
      vertex 41.4592 9.76891 0
      vertex 41.6667 9.658 0
      vertex 41.2341 9.83719 0
    endloop
  endfacet
  facet normal -0 -0 -1
    outer loop
      vertex 41.2341 9.83719 0
      vertex 41.6667 9.658 0
      vertex 41 9.86024 0
    endloop
  endfacet
  facet normal 0 0 -1
    outer loop
      vertex 41.6667 9.658 0
      vertex 40.3333 9.658 0
      vertex 41 9.86024 0
    endloop
  endfacet
  facet normal 0 0 -1
    outer loop
      vertex 40.7659 9.83719 0
      vertex 40.3333 9.658 0
      vertex 40.5408 9.76891 0
    endloop
  endfacet
  facet normal -0 -0 -1
    outer loop
      vertex 42.1086 9.11946 0
      vertex 42.1086 8.20102 0
      vertex 40.3333 9.658 0
    endloop
  endfacet
  facet normal -0 0 -1
    outer loop
      vertex 23.6974 39.0496 0
      vertex 23.6897 38.8145 0
      vertex 23.5762 39.5019 0
    endloop
  endfacet
  facet normal 0 0 -1
    outer loop
      vertex 40.3333 9.658 0
      vertex 42.1086 8.20102 0
      vertex 41.9978 7.99356 0
    endloop
  endfacet
  facet normal 0 -0 -1
    outer loop
      vertex 40.1515 9.50877 0
      vertex 40.3333 9.658 0
      vertex 40.0022 9.32693 0
    endloop
  endfacet
  facet normal 0 0 -1
    outer loop
      vertex 35.3102 -1.2 0
      vertex 26.8255 1.2 0
      vertex 35.3102 1.2 0
    endloop
  endfacet
  facet normal 0 0 -1
    outer loop
      vertex 35.3102 -1.2 0
      vertex 26.8255 -1.2 0
      vertex 26.8255 1.2 0
    endloop
  endfacet
  facet normal 0 0 -1
    outer loop
      vertex 40.0022 9.32693 0
      vertex 40.3333 9.658 0
      vertex 41.9978 7.99356 0
    endloop
  endfacet
  facet normal 0 0 -1
    outer loop
      vertex 38.0755 1.2 0
      vertex 40.0022 9.32693 0
      vertex 41.9978 7.99356 0
    endloop
  endfacet
  facet normal 0 0 -1
    outer loop
      vertex 38.0755 1.2 0
      vertex 35.3102 1.2 0
      vertex 40.0022 9.32693 0
    endloop
  endfacet
  facet normal 0 0 -1
    outer loop
      vertex 24.0602 1.2 0
      vertex 26.8255 -1.2 0
      vertex 24.0602 -1.2 0
    endloop
  endfacet
  facet normal -0 -0 -1
    outer loop
      vertex 26.8255 1.2 0
      vertex 26.8255 -1.2 0
      vertex 24.0602 1.2 0
    endloop
  endfacet
  facet normal 0 0 -1
    outer loop
      vertex 33.8586 13.3972 0
      vertex 33.4167 14.8542 0
      vertex 33.8586 14.3156 0
    endloop
  endfacet
  facet normal -0 0 -1
    outer loop
      vertex 33.9269 13.6223 0
      vertex 33.8586 13.3972 0
      vertex 33.95 13.8564 0
    endloop
  endfacet
  facet normal 0 0 -1
    outer loop
      vertex 33.95 13.8564 0
      vertex 33.8586 14.3156 0
      vertex 33.9269 14.0905 0
    endloop
  endfacet
  facet normal -0 0 -1
    outer loop
      vertex 33.95 13.8564 0
      vertex 33.8586 13.3972 0
      vertex 33.8586 14.3156 0
    endloop
  endfacet
  facet normal 0 0 -1
    outer loop
      vertex 33.4167 14.8542 0
      vertex 33.5985 14.7049 0
      vertex 33.7478 14.5231 0
    endloop
  endfacet
  facet normal 0 0 -1
    outer loop
      vertex 33.8586 14.3156 0
      vertex 33.4167 14.8542 0
      vertex 33.7478 14.5231 0
    endloop
  endfacet
  facet normal 0 0 -1
    outer loop
      vertex 32.75 15.0564 0
      vertex 32.9841 15.0333 0
      vertex 33.4167 14.8542 0
    endloop
  endfacet
  facet normal 0 0 -1
    outer loop
      vertex 33.4167 14.8542 0
      vertex 32.9841 15.0333 0
      vertex 33.2092 14.9651 0
    endloop
  endfacet
  facet normal 0 -0 -1
    outer loop
      vertex 32.5159 15.0333 0
      vertex 32.75 15.0564 0
      vertex 32.0833 14.8542 0
    endloop
  endfacet
  facet normal 0 0 -1
    outer loop
      vertex 32.0833 14.8542 0
      vertex 32.75 15.0564 0
      vertex 33.4167 14.8542 0
    endloop
  endfacet
  facet normal 0 0 -1
    outer loop
      vertex 32.0833 14.8542 0
      vertex 32.2908 14.9651 0
      vertex 32.5159 15.0333 0
    endloop
  endfacet
  facet normal 0 0 -1
    outer loop
      vertex 33.8586 13.3972 0
      vertex 32.0833 14.8542 0
      vertex 33.4167 14.8542 0
    endloop
  endfacet
  facet normal 0 0 -1
    outer loop
      vertex 28.9057 20.3579 0
      vertex 29.4142 20.8341 0
      vertex 29.2772 20.6429 0
    endloop
  endfacet
  facet normal 0 0 -1
    outer loop
      vertex 33.8586 13.3972 0
      vertex 31.7522 14.5231 0
      vertex 32.0833 14.8542 0
    endloop
  endfacet
  facet normal -0 -0 -1
    outer loop
      vertex 22.6566 40.1609 0
      vertex 23.452 39.7016 0
      vertex 22.4215 40.1685 0
    endloop
  endfacet
  facet normal 0 0 -1
    outer loop
      vertex 32.0833 14.8542 0
      vertex 31.7522 14.5231 0
      vertex 31.9015 14.7049 0
    endloop
  endfacet
  facet normal -0 0 -1
    outer loop
      vertex 33.8586 13.3972 0
      vertex 33.7478 13.1897 0
      vertex 31.7522 14.5231 0
    endloop
  endfacet
  facet normal 0 0 -1
    outer loop
      vertex 5.32701 36.021 0
      vertex 4.97499 36.3298 0
      vertex 5.16621 36.1927 0
    endloop
  endfacet
  facet normal 0 -0 -1
    outer loop
      vertex 31.7522 14.5231 0
      vertex 33.7478 13.1897 0
      vertex 26.8255 1.2 0
    endloop
  endfacet
  facet normal 0 0 -1
    outer loop
      vertex 15.5755 1.2 0
      vertex 24.0602 1.2 0
      vertex 24.0602 -1.2 0
    endloop
  endfacet
  facet normal 0 0 -1
    outer loop
      vertex 24.0602 1.2 0
      vertex 31.7522 14.5231 0
      vertex 26.8255 1.2 0
    endloop
  endfacet
  facet normal 0 0 -1
    outer loop
      vertex 15.5755 -1.2 0
      vertex 15.5755 1.2 0
      vertex 24.0602 -1.2 0
    endloop
  endfacet
  facet normal 0 0 -1
    outer loop
      vertex 20.6769 10.1582 0
      vertex 19.9337 11.5087 0
      vertex 20.7 10.3923 0
    endloop
  endfacet
  facet normal 0 0 -1
    outer loop
      vertex 19.9337 11.5087 0
      vertex 20.6086 10.8515 0
      vertex 20.6769 10.6264 0
    endloop
  endfacet
  facet normal 0 0 -1
    outer loop
      vertex 20.7 10.3923 0
      vertex 19.9337 11.5087 0
      vertex 20.6769 10.6264 0
    endloop
  endfacet
  facet normal -0 -0 -1
    outer loop
      vertex 19.9592 11.5009 0
      vertex 20.1667 11.3901 0
      vertex 19.9337 11.5087 0
    endloop
  endfacet
  facet normal 0 0 -1
    outer loop
      vertex 19.9337 11.5087 0
      vertex 20.3485 11.2408 0
      vertex 20.4978 11.059 0
    endloop
  endfacet
  facet normal 0 0 -1
    outer loop
      vertex 20.3485 11.2408 0
      vertex 19.9337 11.5087 0
      vertex 20.1667 11.3901 0
    endloop
  endfacet
  facet normal 0 0 -1
    outer loop
      vertex 20.6086 10.8515 0
      vertex 19.9337 11.5087 0
      vertex 20.4978 11.059 0
    endloop
  endfacet
  facet normal -0 0 -1
    outer loop
      vertex 20.6086 9.93307 0
      vertex 20.4978 9.72562 0
      vertex 19.9337 11.5087 0
    endloop
  endfacet
  facet normal 0 0 -1
    outer loop
      vertex 19.9337 11.5087 0
      vertex 18.9066 12.8811 0
      vertex 19.1357 12.8277 0
    endloop
  endfacet
  facet normal -0 0 -1
    outer loop
      vertex 19.9397 11.5347 0
      vertex 19.9337 11.5087 0
      vertex 19.9474 11.7698 0
    endloop
  endfacet
  facet normal -0 0 -1
    outer loop
      vertex 19.9474 11.7698 0
      vertex 19.9337 11.5087 0
      vertex 19.9091 12.0019 0
    endloop
  endfacet
  facet normal -0 -0 -1
    outer loop
      vertex 19.9091 12.0019 0
      vertex 19.9337 11.5087 0
      vertex 19.8262 12.2221 0
    endloop
  endfacet
  facet normal -0 -0 -1
    outer loop
      vertex 19.8262 12.2221 0
      vertex 19.9337 11.5087 0
      vertex 19.702 12.4218 0
    endloop
  endfacet
  facet normal -0 -0 -1
    outer loop
      vertex 19.702 12.4218 0
      vertex 19.9337 11.5087 0
      vertex 19.5412 12.5936 0
    endloop
  endfacet
  facet normal -0 -0 -1
    outer loop
      vertex 19.5412 12.5936 0
      vertex 19.9337 11.5087 0
      vertex 19.35 12.7306 0
    endloop
  endfacet
  facet normal -0 -0 -1
    outer loop
      vertex 19.35 12.7306 0
      vertex 19.9337 11.5087 0
      vertex 19.1357 12.8277 0
    endloop
  endfacet
  facet normal 0 0 -1
    outer loop
      vertex 19.9337 11.5087 0
      vertex 18.6715 12.8888 0
      vertex 18.9066 12.8811 0
    endloop
  endfacet
  facet normal -0 0 -1
    outer loop
      vertex 19.9337 11.5087 0
      vertex 18.176 10.4939 0
      vertex 18.6715 12.8888 0
    endloop
  endfacet
  facet normal 0 -0 -1
    outer loop
      vertex 19.9337 11.5087 0
      vertex 20.4978 9.72562 0
      vertex 18.176 10.4939 0
    endloop
  endfacet
  facet normal 0 -0 -1
    outer loop
      vertex 8.82697 12.8888 0
      vertex 18.176 10.4939 0
      vertex 7.44429 10.4939 0
    endloop
  endfacet
  facet normal -0 0 -1
    outer loop
      vertex 20.4978 9.72562 0
      vertex 15.5755 1.2 0
      vertex 18.176 10.4939 0
    endloop
  endfacet
  facet normal -0 0 -1
    outer loop
      vertex 29.1055 20.4821 0
      vertex 28.9057 20.3579 0
      vertex 29.2772 20.6429 0
    endloop
  endfacet
  facet normal 0 0 -1
    outer loop
      vertex 28.9057 20.3579 0
      vertex 29.5113 21.0484 0
      vertex 29.4142 20.8341 0
    endloop
  endfacet
  facet normal 0 0 -1
    outer loop
      vertex 29.5724 21.5126 0
      vertex 29.5647 21.2775 0
      vertex 29.5113 21.0484 0
    endloop
  endfacet
  facet normal 0 0 -1
    outer loop
      vertex 28.9057 20.3579 0
      vertex 29.5724 21.5126 0
      vertex 29.5113 21.0484 0
    endloop
  endfacet
  facet normal 0 0 -1
    outer loop
      vertex 28.9057 20.3579 0
      vertex 29.327 22.1646 0
      vertex 29.5724 21.5126 0
    endloop
  endfacet
  facet normal 0 0 -1
    outer loop
      vertex 29.327 22.1646 0
      vertex 29.4512 21.9649 0
      vertex 29.5341 21.7447 0
    endloop
  endfacet
  facet normal 0 0 -1
    outer loop
      vertex 29.5724 21.5126 0
      vertex 29.327 22.1646 0
      vertex 29.5341 21.7447 0
    endloop
  endfacet
  facet normal 0 0 -1
    outer loop
      vertex 28.9057 20.3579 0
      vertex 28.5316 22.6238 0
      vertex 29.327 22.1646 0
    endloop
  endfacet
  facet normal 0 0 -1
    outer loop
      vertex 29.327 22.1646 0
      vertex 28.5316 22.6238 0
      vertex 28.975 22.4734 0
    endloop
  endfacet
  facet normal -0 -0 -1
    outer loop
      vertex 29.1662 22.3363 0
      vertex 29.327 22.1646 0
      vertex 28.975 22.4734 0
    endloop
  endfacet
  facet normal 0 0 -1
    outer loop
      vertex 28.975 22.4734 0
      vertex 28.5316 22.6238 0
      vertex 28.7607 22.5704 0
    endloop
  endfacet
  facet normal -0 0 -1
    outer loop
      vertex 28.9057 20.3579 0
      vertex 28.6856 20.275 0
      vertex 28.5316 22.6238 0
    endloop
  endfacet
  facet normal 0 0 -1
    outer loop
      vertex 28.5307 30.1007 0
      vertex 28.3106 30.0178 0
      vertex 28.0785 29.9795 0
    endloop
  endfacet
  facet normal -0 -0 -1
    outer loop
      vertex 28.5316 22.6238 0
      vertex 28.6856 20.275 0
      vertex 28.2965 22.6315 0
    endloop
  endfacet
  facet normal 0 0 -1
    outer loop
      vertex 28.2965 22.6315 0
      vertex 28.6856 20.275 0
      vertex 28.4535 20.2367 0
    endloop
  endfacet
  facet normal 0 0 -1
    outer loop
      vertex 14.452 22.6315 0
      vertex 28.2965 22.6315 0
      vertex 28.4535 20.2367 0
    endloop
  endfacet
  facet normal 0 0 -1
    outer loop
      vertex 13.0693 20.2367 0
      vertex 14.452 22.6315 0
      vertex 28.4535 20.2367 0
    endloop
  endfacet
  facet normal -0 -0 -1
    outer loop
      vertex 23.6591 39.2817 0
      vertex 23.6974 39.0496 0
      vertex 23.5762 39.5019 0
    endloop
  endfacet
  facet normal -0 0 -1
    outer loop
      vertex 28.7305 30.2249 0
      vertex 28.5307 30.1007 0
      vertex 28.9022 30.3857 0
    endloop
  endfacet
  facet normal -0 0 -1
    outer loop
      vertex 28.9022 30.3857 0
      vertex 28.5307 30.1007 0
      vertex 29.1363 30.7912 0
    endloop
  endfacet
  facet normal -0 0 -1
    outer loop
      vertex 29.0392 30.5769 0
      vertex 28.9022 30.3857 0
      vertex 29.1363 30.7912 0
    endloop
  endfacet
  facet normal 0 0 -1
    outer loop
      vertex 29.1363 30.7912 0
      vertex 28.5307 30.1007 0
      vertex 28.0785 29.9795 0
    endloop
  endfacet
  facet normal -0 0 -1
    outer loop
      vertex 29.1897 31.0203 0
      vertex 29.1363 30.7912 0
      vertex 29.1974 31.2554 0
    endloop
  endfacet
  facet normal -0 0 -1
    outer loop
      vertex 29.1974 31.2554 0
      vertex 29.1363 30.7912 0
      vertex 28.952 31.9074 0
    endloop
  endfacet
  facet normal -0 -0 -1
    outer loop
      vertex 29.1591 31.4875 0
      vertex 29.1974 31.2554 0
      vertex 28.952 31.9074 0
    endloop
  endfacet
  facet normal -0 -0 -1
    outer loop
      vertex 29.0762 31.7077 0
      vertex 29.1591 31.4875 0
      vertex 28.952 31.9074 0
    endloop
  endfacet
  facet normal 0 -0 -1
    outer loop
      vertex 28.952 31.9074 0
      vertex 29.1363 30.7912 0
      vertex 28.0785 29.9795 0
    endloop
  endfacet
  facet normal -0 -0 -1
    outer loop
      vertex 28.7912 32.0791 0
      vertex 28.952 31.9074 0
      vertex 28.6 32.2161 0
    endloop
  endfacet
  facet normal 0 0 -1
    outer loop
      vertex 28.6 32.2161 0
      vertex 28.1566 32.3666 0
      vertex 28.3857 32.3132 0
    endloop
  endfacet
  facet normal -0 -0 -1
    outer loop
      vertex 28.6 32.2161 0
      vertex 28.952 31.9074 0
      vertex 28.1566 32.3666 0
    endloop
  endfacet
  facet normal 0 -0 -1
    outer loop
      vertex 28.1566 32.3666 0
      vertex 28.952 31.9074 0
      vertex 28.0785 29.9795 0
    endloop
  endfacet
  facet normal 0 0 -1
    outer loop
      vertex 27.9215 32.3743 0
      vertex 28.1566 32.3666 0
      vertex 28.0785 29.9795 0
    endloop
  endfacet
  facet normal 0 0 -1
    outer loop
      vertex 20.077 32.3743 0
      vertex 27.9215 32.3743 0
      vertex 28.0785 29.9795 0
    endloop
  endfacet
  facet normal 0 0 -1
    outer loop
      vertex 18.6943 29.9795 0
      vertex 20.077 32.3743 0
      vertex 28.0785 29.9795 0
    endloop
  endfacet
  facet normal 0 0 -1
    outer loop
      vertex -23.5762 39.5019 0
      vertex -23.6974 39.0496 0
      vertex -23.6591 39.2817 0
    endloop
  endfacet
  facet normal 0 0 -1
    outer loop
      vertex 22.6566 40.1609 0
      vertex 23.1 40.0104 0
      vertex 23.452 39.7016 0
    endloop
  endfacet
  facet normal 0 0 -1
    outer loop
      vertex 23.452 39.7016 0
      vertex 23.1 40.0104 0
      vertex 23.2912 39.8734 0
    endloop
  endfacet
  facet normal 0 0 -1
    outer loop
      vertex 22.4215 40.1685 0
      vertex 23.452 39.7016 0
      vertex 23.5762 39.5019 0
    endloop
  endfacet
  facet normal 0 0 -1
    outer loop
      vertex 23.1 40.0104 0
      vertex 22.6566 40.1609 0
      vertex 22.8857 40.1075 0
    endloop
  endfacet
  facet normal 0 0 -1
    outer loop
      vertex 23.6897 38.8145 0
      vertex 22.4215 40.1685 0
      vertex 23.5762 39.5019 0
    endloop
  endfacet
  facet normal 0 0 -1
    outer loop
      vertex 23.6897 38.8145 0
      vertex 21.7695 39.9231 0
      vertex 22.4215 40.1685 0
    endloop
  endfacet
  facet normal 0 0 -1
    outer loop
      vertex 22.4215 40.1685 0
      vertex 21.9692 40.0474 0
      vertex 22.1894 40.1302 0
    endloop
  endfacet
  facet normal 0 0 -1
    outer loop
      vertex 22.4215 40.1685 0
      vertex 21.7695 39.9231 0
      vertex 21.9692 40.0474 0
    endloop
  endfacet
  facet normal -0 0 -1
    outer loop
      vertex 23.6897 38.8145 0
      vertex 23.5392 38.3711 0
      vertex 21.7695 39.9231 0
    endloop
  endfacet
  facet normal 0 0 -1
    outer loop
      vertex 21.7695 39.9231 0
      vertex 21.4608 39.5711 0
      vertex 21.5978 39.7623 0
    endloop
  endfacet
  facet normal 0 -0 -1
    outer loop
      vertex 21.7695 39.9231 0
      vertex 23.5392 38.3711 0
      vertex 21.4608 39.5711 0
    endloop
  endfacet
  facet normal 0 -0 -1
    outer loop
      vertex 21.4608 39.5711 0
      vertex 23.5392 38.3711 0
      vertex 17.9985 33.5743 0
    endloop
  endfacet
  facet normal 0 0 -1
    outer loop
      vertex 17.9985 33.5743 0
      vertex 23.5392 38.3711 0
      vertex 20.077 32.3743 0
    endloop
  endfacet
  facet normal 0 0 -1
    outer loop
      vertex 16.6158 31.1795 0
      vertex 17.9985 33.5743 0
      vertex 20.077 32.3743 0
    endloop
  endfacet
  facet normal 0 0 -1
    outer loop
      vertex 18.6943 29.9795 0
      vertex 16.6158 31.1795 0
      vertex 20.077 32.3743 0
    endloop
  endfacet
  facet normal 0 -0 -1
    outer loop
      vertex 12.9215 41.0346 0
      vertex 13.1566 41.0269 0
      vertex 12.6894 40.9963 0
    endloop
  endfacet
  facet normal 0 0 -1
    outer loop
      vertex 13.6 40.8764 0
      vertex 13.7912 40.7394 0
      vertex 13.952 40.5677 0
    endloop
  endfacet
  facet normal -0 -0 -1
    outer loop
      vertex 13.3857 40.9735 0
      vertex 13.6 40.8764 0
      vertex 13.1566 41.0269 0
    endloop
  endfacet
  facet normal 0 0 -1
    outer loop
      vertex 13.1566 41.0269 0
      vertex 13.6 40.8764 0
      vertex 13.952 40.5677 0
    endloop
  endfacet
  facet normal 0 0 -1
    outer loop
      vertex 12.4693 40.9134 0
      vertex 11.9608 40.4371 0
      vertex 12.0978 40.6284 0
    endloop
  endfacet
  facet normal 0 -0 -1
    outer loop
      vertex 12.6894 40.9963 0
      vertex 13.1566 41.0269 0
      vertex 12.4693 40.9134 0
    endloop
  endfacet
  facet normal 0 0 -1
    outer loop
      vertex 13.1566 41.0269 0
      vertex 11.9608 40.4371 0
      vertex 12.4693 40.9134 0
    endloop
  endfacet
  facet normal 0 -0 -1
    outer loop
      vertex 12.2695 40.7892 0
      vertex 12.4693 40.9134 0
      vertex 12.0978 40.6284 0
    endloop
  endfacet
  facet normal 0 0 -1
    outer loop
      vertex 13.1566 41.0269 0
      vertex 11.8026 39.7587 0
      vertex 11.9608 40.4371 0
    endloop
  endfacet
  facet normal 0 0 -1
    outer loop
      vertex 11.9608 40.4371 0
      vertex 11.8026 39.7587 0
      vertex 11.8637 40.2229 0
    endloop
  endfacet
  facet normal 0 0 -1
    outer loop
      vertex -41.9978 -9.32693 0
      vertex -41.6667 -9.658 0
      vertex -41.8485 -9.50877 0
    endloop
  endfacet
  facet normal 0 0 -1
    outer loop
      vertex 11.8637 40.2229 0
      vertex 11.8026 39.7587 0
      vertex 11.8103 39.9938 0
    endloop
  endfacet
  facet normal 0 -0 -1
    outer loop
      vertex 13.1566 41.0269 0
      vertex 13.952 40.5677 0
      vertex 11.8026 39.7587 0
    endloop
  endfacet
  facet normal 0 -0 -1
    outer loop
      vertex -22.6566 40.1609 0
      vertex -22.4215 40.1685 0
      vertex -23.452 39.7016 0
    endloop
  endfacet
  facet normal 0 0 -1
    outer loop
      vertex 11.8026 39.7587 0
      vertex 11.9237 39.3064 0
      vertex 11.8409 39.5266 0
    endloop
  endfacet
  facet normal 0 0 -1
    outer loop
      vertex 11.8026 39.7587 0
      vertex 13.952 40.5677 0
      vertex 11.9237 39.3064 0
    endloop
  endfacet
  facet normal -0 0 -1
    outer loop
      vertex 18.6943 29.9795 0
      vertex 12.3735 23.8315 0
      vertex 16.6158 31.1795 0
    endloop
  endfacet
  facet normal 0 0 -1
    outer loop
      vertex 18.6943 29.9795 0
      vertex 14.452 22.6315 0
      vertex 12.3735 23.8315 0
    endloop
  endfacet
  facet normal 0 0 -1
    outer loop
      vertex 11.9237 39.3064 0
      vertex 13.952 40.5677 0
      vertex 14.0762 40.3679 0
    endloop
  endfacet
  facet normal 0 0 -1
    outer loop
      vertex 17.9985 33.5743 0
      vertex 11.9237 39.3064 0
      vertex 14.0762 40.3679 0
    endloop
  endfacet
  facet normal -0 0 -1
    outer loop
      vertex 17.9985 33.5743 0
      vertex 16.6158 31.1795 0
      vertex 11.9237 39.3064 0
    endloop
  endfacet
  facet normal 0 0 -1
    outer loop
      vertex 10.9908 21.4367 0
      vertex 14.452 22.6315 0
      vertex 13.0693 20.2367 0
    endloop
  endfacet
  facet normal 0 -0 -1
    outer loop
      vertex 12.3735 23.8315 0
      vertex 14.452 22.6315 0
      vertex 10.9908 21.4367 0
    endloop
  endfacet
  facet normal 0 -0 -1
    outer loop
      vertex 3.64449 36.2425 0
      vertex 3.84425 36.3668 0
      vertex 3.47279 36.0817 0
    endloop
  endfacet
  facet normal 0 0 -1
    outer loop
      vertex 4.53163 36.4802 0
      vertex 4.76073 36.4268 0
      vertex 4.97499 36.3298 0
    endloop
  endfacet
  facet normal 0 0 -1
    outer loop
      vertex 5.32701 36.021 0
      vertex 4.53163 36.4802 0
      vertex 4.97499 36.3298 0
    endloop
  endfacet
  facet normal 0 -0 -1
    outer loop
      vertex 4.06442 36.4496 0
      vertex 4.29651 36.4879 0
      vertex 3.84425 36.3668 0
    endloop
  endfacet
  facet normal 0 0 -1
    outer loop
      vertex 3.84425 36.3668 0
      vertex 4.29651 36.4879 0
      vertex 4.53163 36.4802 0
    endloop
  endfacet
  facet normal 0 -0 -1
    outer loop
      vertex 3.84425 36.3668 0
      vertex 4.53163 36.4802 0
      vertex 3.47279 36.0817 0
    endloop
  endfacet
  facet normal 0 0 -1
    outer loop
      vertex 3.47279 36.0817 0
      vertex 4.53163 36.4802 0
      vertex 5.32701 36.021 0
    endloop
  endfacet
  facet normal 0 0 -1
    outer loop
      vertex 3.33577 35.8905 0
      vertex 3.17757 35.212 0
      vertex 3.23868 35.6762 0
    endloop
  endfacet
  facet normal 0 -0 -1
    outer loop
      vertex 3.33577 35.8905 0
      vertex 3.47279 36.0817 0
      vertex 3.17757 35.212 0
    endloop
  endfacet
  facet normal 0 -0 -1
    outer loop
      vertex 3.18526 35.4471 0
      vertex 3.23868 35.6762 0
      vertex 3.17757 35.212 0
    endloop
  endfacet
  facet normal 0 0 -1
    outer loop
      vertex 3.17757 35.212 0
      vertex 3.47279 36.0817 0
      vertex 3.29875 34.7598 0
    endloop
  endfacet
  facet normal 0 0 -1
    outer loop
      vertex 3.21588 34.9799 0
      vertex 3.17757 35.212 0
      vertex 3.29875 34.7598 0
    endloop
  endfacet
  facet normal 0 0 -1
    outer loop
      vertex -3.17757 35.212 0
      vertex -3.21588 34.9799 0
      vertex -3.29875 34.7598 0
    endloop
  endfacet
  facet normal 0 0 -1
    outer loop
      vertex 3.29875 34.7598 0
      vertex 3.47279 36.0817 0
      vertex 5.32701 36.021 0
    endloop
  endfacet
  facet normal -0 0 -1
    outer loop
      vertex 5.45125 35.8213 0
      vertex 3.29875 34.7598 0
      vertex 5.32701 36.021 0
    endloop
  endfacet
  facet normal 0 -0 -1
    outer loop
      vertex 5.45125 35.8213 0
      vertex 12.3735 23.8315 0
      vertex 3.29875 34.7598 0
    endloop
  endfacet
  facet normal 0 0 -1
    outer loop
      vertex 3.29875 34.7598 0
      vertex 12.3735 23.8315 0
      vertex 10.9908 21.4367 0
    endloop
  endfacet
  facet normal 0 -0 -1
    outer loop
      vertex 10.9908 21.4367 0
      vertex 13.0693 20.2367 0
      vertex 6.7485 14.0888 0
    endloop
  endfacet
  facet normal 0 0 -1
    outer loop
      vertex 0 20.9878 0
      vertex 6.7485 14.0888 0
      vertex 5.36584 11.6939 0
    endloop
  endfacet
  facet normal 0 0 -1
    outer loop
      vertex 6.7485 14.0888 0
      vertex 13.0693 20.2367 0
      vertex 8.82697 12.8888 0
    endloop
  endfacet
  facet normal 0 -0 -1
    outer loop
      vertex 0.906631 23.2734 0
      vertex 1.13573 23.22 0
      vertex 0 23.0174 0
    endloop
  endfacet
  facet normal -0 0 -1
    outer loop
      vertex 0.906631 23.2734 0
      vertex 0 23.0174 0
      vertex 0.671524 23.2811 0
    endloop
  endfacet
  facet normal 0 -0 -1
    outer loop
      vertex 1.13573 23.22 0
      vertex 1.34999 23.1229 0
      vertex 0 23.0174 0
    endloop
  endfacet
  facet normal 0 -0 -1
    outer loop
      vertex 0.439407 23.2428 0
      vertex 0.671524 23.2811 0
      vertex 0 23.0174 0
    endloop
  endfacet
  facet normal 0 -0 -1
    outer loop
      vertex 0.219254 23.1599 0
      vertex 0.439407 23.2428 0
      vertex 0 23.0174 0
    endloop
  endfacet
  facet normal 0 -0 -1
    outer loop
      vertex 0.0194855 23.0356 0
      vertex 0.219254 23.1599 0
      vertex 0 23.0174 0
    endloop
  endfacet
  facet normal 0 0 -1
    outer loop
      vertex 0 23.0174 0
      vertex 1.54121 22.9858 0
      vertex 1.70201 22.8141 0
    endloop
  endfacet
  facet normal 0 0 -1
    outer loop
      vertex 1.82623 22.6144 0
      vertex 0 23.0174 0
      vertex 1.70201 22.8141 0
    endloop
  endfacet
  facet normal 0 0 -1
    outer loop
      vertex -1.70201 22.8141 0
      vertex -1.54121 22.9858 0
      vertex 0 23.0174 0
    endloop
  endfacet
  facet normal 0 0 -1
    outer loop
      vertex 0 23.0174 0
      vertex -0.219254 23.1599 0
      vertex -0.0194855 23.0356 0
    endloop
  endfacet
  facet normal 0 0 -1
    outer loop
      vertex 0 23.0174 0
      vertex -0.439407 23.2428 0
      vertex -0.219254 23.1599 0
    endloop
  endfacet
  facet normal 0 0 -1
    outer loop
      vertex 0 23.0174 0
      vertex -0.671524 23.2811 0
      vertex -0.439407 23.2428 0
    endloop
  endfacet
  facet normal 0 0 -1
    outer loop
      vertex 0 23.0174 0
      vertex -0.906631 23.2734 0
      vertex -0.671524 23.2811 0
    endloop
  endfacet
  facet normal 0 0 -1
    outer loop
      vertex 0 23.0174 0
      vertex -1.13573 23.22 0
      vertex -0.906631 23.2734 0
    endloop
  endfacet
  facet normal 0 0 -1
    outer loop
      vertex 0 23.0174 0
      vertex -1.34999 23.1229 0
      vertex -1.13573 23.22 0
    endloop
  endfacet
  facet normal -0 0 -1
    outer loop
      vertex 0 23.0174 0
      vertex -1.54121 22.9858 0
      vertex -1.34999 23.1229 0
    endloop
  endfacet
  facet normal 0 0 -1
    outer loop
      vertex -1.82623 22.6144 0
      vertex -1.70201 22.8141 0
      vertex 0 23.0174 0
    endloop
  endfacet
  facet normal 0 0 -1
    outer loop
      vertex 0 20.9878 0
      vertex -1.82623 22.6144 0
      vertex 0 23.0174 0
    endloop
  endfacet
  facet normal 0 0 -1
    outer loop
      vertex -5.36584 11.6939 0
      vertex -6.7485 14.0888 0
      vertex 0 20.9878 0
    endloop
  endfacet
  facet normal 0 0 -1
    outer loop
      vertex -1.7558 8.82706 0
      vertex 0 6.59999 0
      vertex -1.28758 6.47318 0
    endloop
  endfacet
  facet normal 0 0 -1
    outer loop
      vertex -28.9022 30.3857 0
      vertex -29.0392 30.5769 0
      vertex -29.1363 30.7912 0
    endloop
  endfacet
  facet normal -0 0 -1
    outer loop
      vertex -21.4608 39.5711 0
      vertex -23.5392 38.3711 0
      vertex -21.7695 39.9231 0
    endloop
  endfacet
  facet normal -0 -0 -1
    outer loop
      vertex -3.18526 35.4471 0
      vertex -3.17757 35.212 0
      vertex -3.23868 35.6762 0
    endloop
  endfacet
  facet normal -0 -0 -1
    outer loop
      vertex -3.23868 35.6762 0
      vertex -3.17757 35.212 0
      vertex -3.33577 35.8905 0
    endloop
  endfacet
  facet normal -0 -0 -1
    outer loop
      vertex -3.33577 35.8905 0
      vertex -3.17757 35.212 0
      vertex -3.47279 36.0817 0
    endloop
  endfacet
  facet normal 0 0 -1
    outer loop
      vertex -3.47279 36.0817 0
      vertex -3.17757 35.212 0
      vertex -3.29875 34.7598 0
    endloop
  endfacet
  facet normal -0 -0 -1
    outer loop
      vertex -3.64449 36.2425 0
      vertex -3.47279 36.0817 0
      vertex -3.84425 36.3668 0
    endloop
  endfacet
  facet normal 0 0 -1
    outer loop
      vertex -3.84425 36.3668 0
      vertex -4.53163 36.4802 0
      vertex -4.29651 36.4879 0
    endloop
  endfacet
  facet normal -0 -0 -1
    outer loop
      vertex -4.06442 36.4496 0
      vertex -3.84425 36.3668 0
      vertex -4.29651 36.4879 0
    endloop
  endfacet
  facet normal -0 -0 -1
    outer loop
      vertex -3.84425 36.3668 0
      vertex -3.47279 36.0817 0
      vertex -4.53163 36.4802 0
    endloop
  endfacet
  facet normal 0 -0 -1
    outer loop
      vertex -4.53163 36.4802 0
      vertex -3.47279 36.0817 0
      vertex -5.32701 36.021 0
    endloop
  endfacet
  facet normal 0 -0 -1
    outer loop
      vertex -4.76073 36.4268 0
      vertex -4.53163 36.4802 0
      vertex -4.97499 36.3298 0
    endloop
  endfacet
  facet normal 0 0 -1
    outer loop
      vertex -4.97499 36.3298 0
      vertex -5.32701 36.021 0
      vertex -5.16621 36.1927 0
    endloop
  endfacet
  facet normal 0 -0 -1
    outer loop
      vertex -4.97499 36.3298 0
      vertex -4.53163 36.4802 0
      vertex -5.32701 36.021 0
    endloop
  endfacet
  facet normal 0 0 -1
    outer loop
      vertex -11.8026 39.7587 0
      vertex -11.8409 39.5266 0
      vertex -11.9237 39.3064 0
    endloop
  endfacet
  facet normal 0 0 -1
    outer loop
      vertex -5.32701 36.021 0
      vertex -3.47279 36.0817 0
      vertex -3.29875 34.7598 0
    endloop
  endfacet
  facet normal 0 0 -1
    outer loop
      vertex -5.45125 35.8213 0
      vertex -5.32701 36.021 0
      vertex -3.29875 34.7598 0
    endloop
  endfacet
  facet normal 0 0 -1
    outer loop
      vertex -12.3735 23.8315 0
      vertex -5.45125 35.8213 0
      vertex -3.29875 34.7598 0
    endloop
  endfacet
  facet normal 0 0 -1
    outer loop
      vertex -10.9908 21.4367 0
      vertex -12.3735 23.8315 0
      vertex -3.29875 34.7598 0
    endloop
  endfacet
  facet normal 0 0 -1
    outer loop
      vertex -23.1 40.0104 0
      vertex -23.452 39.7016 0
      vertex -23.2912 39.8734 0
    endloop
  endfacet
  facet normal -0 -0 -1
    outer loop
      vertex -11.8103 39.9938 0
      vertex -11.8026 39.7587 0
      vertex -11.8637 40.2229 0
    endloop
  endfacet
  facet normal -0 -0 -1
    outer loop
      vertex -11.8637 40.2229 0
      vertex -11.8026 39.7587 0
      vertex -11.9608 40.4371 0
    endloop
  endfacet
  facet normal 0 0 -1
    outer loop
      vertex -11.9608 40.4371 0
      vertex -13.1566 41.0269 0
      vertex -12.4693 40.9134 0
    endloop
  endfacet
  facet normal 0 0 -1
    outer loop
      vertex -12.0978 40.6284 0
      vertex -12.4693 40.9134 0
      vertex -12.2695 40.7892 0
    endloop
  endfacet
  facet normal -0 -0 -1
    outer loop
      vertex -12.0978 40.6284 0
      vertex -11.9608 40.4371 0
      vertex -12.4693 40.9134 0
    endloop
  endfacet
  facet normal -0 -0 -1
    outer loop
      vertex -11.9608 40.4371 0
      vertex -11.8026 39.7587 0
      vertex -13.1566 41.0269 0
    endloop
  endfacet
  facet normal -0 -0 -1
    outer loop
      vertex -12.6894 40.9963 0
      vertex -12.4693 40.9134 0
      vertex -13.1566 41.0269 0
    endloop
  endfacet
  facet normal 0 -0 -1
    outer loop
      vertex -12.9215 41.0346 0
      vertex -12.6894 40.9963 0
      vertex -13.1566 41.0269 0
    endloop
  endfacet
  facet normal 0 -0 -1
    outer loop
      vertex -13.1566 41.0269 0
      vertex -11.8026 39.7587 0
      vertex -13.952 40.5677 0
    endloop
  endfacet
  facet normal 0 -0 -1
    outer loop
      vertex -13.3857 40.9735 0
      vertex -13.1566 41.0269 0
      vertex -13.6 40.8764 0
    endloop
  endfacet
  facet normal 0 0 -1
    outer loop
      vertex -13.6 40.8764 0
      vertex -13.952 40.5677 0
      vertex -13.7912 40.7394 0
    endloop
  endfacet
  facet normal 0 -0 -1
    outer loop
      vertex -13.6 40.8764 0
      vertex -13.1566 41.0269 0
      vertex -13.952 40.5677 0
    endloop
  endfacet
  facet normal 0 0 -1
    outer loop
      vertex -13.952 40.5677 0
      vertex -11.8026 39.7587 0
      vertex -11.9237 39.3064 0
    endloop
  endfacet
  facet normal 0 0 -1
    outer loop
      vertex -14.0762 40.3679 0
      vertex -13.952 40.5677 0
      vertex -11.9237 39.3064 0
    endloop
  endfacet
  facet normal 0 0 -1
    outer loop
      vertex -17.9985 33.5743 0
      vertex -14.0762 40.3679 0
      vertex -11.9237 39.3064 0
    endloop
  endfacet
  facet normal 0 0 -1
    outer loop
      vertex -16.6158 31.1795 0
      vertex -17.9985 33.5743 0
      vertex -11.9237 39.3064 0
    endloop
  endfacet
  facet normal -0 -0 -1
    outer loop
      vertex -21.5978 39.7623 0
      vertex -21.4608 39.5711 0
      vertex -21.7695 39.9231 0
    endloop
  endfacet
  facet normal 0 0 -1
    outer loop
      vertex -21.7695 39.9231 0
      vertex -22.4215 40.1685 0
      vertex -21.9692 40.0474 0
    endloop
  endfacet
  facet normal 0 0 -1
    outer loop
      vertex -21.9692 40.0474 0
      vertex -22.4215 40.1685 0
      vertex -22.1894 40.1302 0
    endloop
  endfacet
  facet normal 0 -0 -1
    outer loop
      vertex -23.1 40.0104 0
      vertex -22.6566 40.1609 0
      vertex -23.452 39.7016 0
    endloop
  endfacet
  facet normal 0 0 -1
    outer loop
      vertex -23.1 40.0104 0
      vertex -22.8857 40.1075 0
      vertex -22.6566 40.1609 0
    endloop
  endfacet
  facet normal 0 0 -1
    outer loop
      vertex -22.4215 40.1685 0
      vertex -23.5762 39.5019 0
      vertex -23.452 39.7016 0
    endloop
  endfacet
  facet normal 0 0 -1
    outer loop
      vertex -23.6897 38.8145 0
      vertex -23.6974 39.0496 0
      vertex -23.5762 39.5019 0
    endloop
  endfacet
  facet normal 0 0 -1
    outer loop
      vertex -22.4215 40.1685 0
      vertex -23.6897 38.8145 0
      vertex -23.5762 39.5019 0
    endloop
  endfacet
  facet normal -0 0 -1
    outer loop
      vertex -21.7695 39.9231 0
      vertex -23.6897 38.8145 0
      vertex -22.4215 40.1685 0
    endloop
  endfacet
  facet normal 0 0 -1
    outer loop
      vertex -21.7695 39.9231 0
      vertex -23.5392 38.3711 0
      vertex -23.6897 38.8145 0
    endloop
  endfacet
  facet normal 0 0 -1
    outer loop
      vertex -23.6897 38.8145 0
      vertex -23.5392 38.3711 0
      vertex -23.6363 38.5854 0
    endloop
  endfacet
  facet normal 0 -0 -1
    outer loop
      vertex -21.4608 39.5711 0
      vertex -17.9985 33.5743 0
      vertex -23.5392 38.3711 0
    endloop
  endfacet
  facet normal 0 0 -1
    outer loop
      vertex -23.5392 38.3711 0
      vertex -17.9985 33.5743 0
      vertex -20.077 32.3743 0
    endloop
  endfacet
  facet normal 0 0 -1
    outer loop
      vertex -20.077 32.3743 0
      vertex -17.9985 33.5743 0
      vertex -16.6158 31.1795 0
    endloop
  endfacet
  facet normal 0 0 -1
    outer loop
      vertex -18.6943 29.9795 0
      vertex -20.077 32.3743 0
      vertex -16.6158 31.1795 0
    endloop
  endfacet
  facet normal 0 0 -1
    outer loop
      vertex -28.952 31.9074 0
      vertex -29.1591 31.4875 0
      vertex -29.0762 31.7077 0
    endloop
  endfacet
  facet normal 0 0 -1
    outer loop
      vertex -28.6 32.2161 0
      vertex -28.952 31.9074 0
      vertex -28.7912 32.0791 0
    endloop
  endfacet
  facet normal 0 -0 -1
    outer loop
      vertex -28.3857 32.3132 0
      vertex -28.1566 32.3666 0
      vertex -28.6 32.2161 0
    endloop
  endfacet
  facet normal 0 -0 -1
    outer loop
      vertex -28.6 32.2161 0
      vertex -28.1566 32.3666 0
      vertex -28.952 31.9074 0
    endloop
  endfacet
  facet normal 0 0 -1
    outer loop
      vertex -28.952 31.9074 0
      vertex -29.1974 31.2554 0
      vertex -29.1591 31.4875 0
    endloop
  endfacet
  facet normal 0 0 -1
    outer loop
      vertex -29.1363 30.7912 0
      vertex -29.1974 31.2554 0
      vertex -28.952 31.9074 0
    endloop
  endfacet
  facet normal 0 0 -1
    outer loop
      vertex -29.1363 30.7912 0
      vertex -29.1897 31.0203 0
      vertex -29.1974 31.2554 0
    endloop
  endfacet
  facet normal 0 0 -1
    outer loop
      vertex -28.9022 30.3857 0
      vertex -29.1363 30.7912 0
      vertex -28.5307 30.1007 0
    endloop
  endfacet
  facet normal 0 0 -1
    outer loop
      vertex -28.7305 30.2249 0
      vertex -28.9022 30.3857 0
      vertex -28.5307 30.1007 0
    endloop
  endfacet
  facet normal 0 0 -1
    outer loop
      vertex -29.1363 30.7912 0
      vertex -28.0785 29.9795 0
      vertex -28.5307 30.1007 0
    endloop
  endfacet
  facet normal 0 0 -1
    outer loop
      vertex -29.1363 30.7912 0
      vertex -28.952 31.9074 0
      vertex -28.0785 29.9795 0
    endloop
  endfacet
  facet normal 0 -0 -1
    outer loop
      vertex -28.3106 -30.0178 0
      vertex -28.0785 -29.9795 0
      vertex -28.5307 -30.1007 0
    endloop
  endfacet
  facet normal 0 0 -1
    outer loop
      vertex -28.3106 30.0178 0
      vertex -28.5307 30.1007 0
      vertex -28.0785 29.9795 0
    endloop
  endfacet
  facet normal 0 0 -1
    outer loop
      vertex -28.0785 29.9795 0
      vertex -28.952 31.9074 0
      vertex -28.1566 32.3666 0
    endloop
  endfacet
  facet normal 0 0 -1
    outer loop
      vertex -46.1086 -0.459213 0
      vertex -46.1086 0.459213 0
      vertex -45.4592 -1.10864 0
    endloop
  endfacet
  facet normal 0 0 -1
    outer loop
      vertex -27.9215 32.3743 0
      vertex -28.0785 29.9795 0
      vertex -28.1566 32.3666 0
    endloop
  endfacet
  facet normal 0 0 -1
    outer loop
      vertex -28.975 22.4734 0
      vertex -28.7607 22.5704 0
      vertex -28.5316 22.6238 0
    endloop
  endfacet
  facet normal -0 0 -1
    outer loop
      vertex -10.9908 21.4367 0
      vertex -13.0693 20.2367 0
      vertex -14.452 22.6315 0
    endloop
  endfacet
  facet normal 0 -0 -1
    outer loop
      vertex -29.327 22.1646 0
      vertex -28.9057 20.3579 0
      vertex -29.5724 21.5126 0
    endloop
  endfacet
  facet normal 0 0 -1
    outer loop
      vertex -14.452 22.6315 0
      vertex -18.6943 29.9795 0
      vertex -12.3735 23.8315 0
    endloop
  endfacet
  facet normal 0 -0 -1
    outer loop
      vertex -27.9215 32.3743 0
      vertex -20.077 32.3743 0
      vertex -28.0785 29.9795 0
    endloop
  endfacet
  facet normal 0 0 -1
    outer loop
      vertex -28.0785 29.9795 0
      vertex -20.077 32.3743 0
      vertex -18.6943 29.9795 0
    endloop
  endfacet
  facet normal 0 0 -1
    outer loop
      vertex -18.6943 29.9795 0
      vertex -16.6158 31.1795 0
      vertex -12.3735 23.8315 0
    endloop
  endfacet
  facet normal 0 0 -1
    outer loop
      vertex -10.9908 21.4367 0
      vertex -14.452 22.6315 0
      vertex -12.3735 23.8315 0
    endloop
  endfacet
  facet normal 0 -0 -1
    outer loop
      vertex -29.1662 22.3363 0
      vertex -28.975 22.4734 0
      vertex -29.327 22.1646 0
    endloop
  endfacet
  facet normal 0 0 -1
    outer loop
      vertex -29.327 22.1646 0
      vertex -28.975 22.4734 0
      vertex -28.5316 22.6238 0
    endloop
  endfacet
  facet normal 0 -0 -1
    outer loop
      vertex -29.5341 21.7447 0
      vertex -29.327 22.1646 0
      vertex -29.5724 21.5126 0
    endloop
  endfacet
  facet normal 0 0 -1
    outer loop
      vertex -29.5341 21.7447 0
      vertex -29.4512 21.9649 0
      vertex -29.327 22.1646 0
    endloop
  endfacet
  facet normal 0 0 -1
    outer loop
      vertex -29.5724 21.5126 0
      vertex -29.5113 21.0484 0
      vertex -29.5647 21.2775 0
    endloop
  endfacet
  facet normal 0 0 -1
    outer loop
      vertex -29.5724 21.5126 0
      vertex -28.9057 20.3579 0
      vertex -29.5113 21.0484 0
    endloop
  endfacet
  facet normal 0 0 -1
    outer loop
      vertex -28.9057 20.3579 0
      vertex -29.2772 20.6429 0
      vertex -29.4142 20.8341 0
    endloop
  endfacet
  facet normal 0 0 -1
    outer loop
      vertex -28.9057 20.3579 0
      vertex -29.1055 20.4821 0
      vertex -29.2772 20.6429 0
    endloop
  endfacet
  facet normal 0 0 -1
    outer loop
      vertex -29.5113 21.0484 0
      vertex -28.9057 20.3579 0
      vertex -29.4142 20.8341 0
    endloop
  endfacet
  facet normal 0 0 -1
    outer loop
      vertex -29.327 22.1646 0
      vertex -28.5316 22.6238 0
      vertex -28.9057 20.3579 0
    endloop
  endfacet
  facet normal 0 0 -1
    outer loop
      vertex -28.9057 20.3579 0
      vertex -28.5316 22.6238 0
      vertex -28.6856 20.275 0
    endloop
  endfacet
  facet normal 0 0 -1
    outer loop
      vertex -32.0833 14.8542 0
      vertex -31.9015 14.7049 0
      vertex -31.7522 14.5231 0
    endloop
  endfacet
  facet normal 0 0 -1
    outer loop
      vertex -28.6856 20.275 0
      vertex -28.5316 22.6238 0
      vertex -28.2965 22.6315 0
    endloop
  endfacet
  facet normal 0 0 -1
    outer loop
      vertex -19.9337 11.5087 0
      vertex -19.35 12.7306 0
      vertex -19.1357 12.8277 0
    endloop
  endfacet
  facet normal 0 0 -1
    outer loop
      vertex -28.4535 20.2367 0
      vertex -28.6856 20.275 0
      vertex -28.2965 22.6315 0
    endloop
  endfacet
  facet normal 0 -0 -1
    outer loop
      vertex -10.9908 21.4367 0
      vertex -6.7485 14.0888 0
      vertex -13.0693 20.2367 0
    endloop
  endfacet
  facet normal 0 0 -1
    outer loop
      vertex -13.0693 20.2367 0
      vertex -6.7485 14.0888 0
      vertex -8.82697 12.8888 0
    endloop
  endfacet
  facet normal -0 0 -1
    outer loop
      vertex -14.452 22.6315 0
      vertex -28.4535 20.2367 0
      vertex -28.2965 22.6315 0
    endloop
  endfacet
  facet normal 0 -0 -1
    outer loop
      vertex -14.452 22.6315 0
      vertex -13.0693 20.2367 0
      vertex -28.4535 20.2367 0
    endloop
  endfacet
  facet normal 0 0 -1
    outer loop
      vertex -4.6669 4.6669 0
      vertex -7.48322 5.00012 0
      vertex -6.36395 6.36395 0
    endloop
  endfacet
  facet normal 0 -0 -1
    outer loop
      vertex -19.8262 12.2221 0
      vertex -19.702 12.4218 0
      vertex -19.9337 11.5087 0
    endloop
  endfacet
  facet normal 0 0 -1
    outer loop
      vertex -19.5412 12.5936 0
      vertex -19.9337 11.5087 0
      vertex -19.702 12.4218 0
    endloop
  endfacet
  facet normal 0 -0 -1
    outer loop
      vertex -19.5412 12.5936 0
      vertex -19.35 12.7306 0
      vertex -19.9337 11.5087 0
    endloop
  endfacet
  facet normal 0 0 -1
    outer loop
      vertex -19.8262 12.2221 0
      vertex -19.9337 11.5087 0
      vertex -19.9091 12.0019 0
    endloop
  endfacet
  facet normal 0 0 -1
    outer loop
      vertex -19.9091 12.0019 0
      vertex -19.9337 11.5087 0
      vertex -19.9474 11.7698 0
    endloop
  endfacet
  facet normal 0 -0 -1
    outer loop
      vertex -19.1357 12.8277 0
      vertex -18.9066 12.8811 0
      vertex -19.9337 11.5087 0
    endloop
  endfacet
  facet normal 0 0 -1
    outer loop
      vertex -19.9397 11.5347 0
      vertex -19.9474 11.7698 0
      vertex -19.9337 11.5087 0
    endloop
  endfacet
  facet normal 0 0 -1
    outer loop
      vertex -19.9337 11.5087 0
      vertex -18.9066 12.8811 0
      vertex -18.6715 12.8888 0
    endloop
  endfacet
  facet normal 0 0 -1
    outer loop
      vertex -20.6769 10.1582 0
      vertex -19.9337 11.5087 0
      vertex -20.6086 9.93307 0
    endloop
  endfacet
  facet normal 0 0 -1
    outer loop
      vertex -20.3485 11.2408 0
      vertex -20.1667 11.3901 0
      vertex -19.9337 11.5087 0
    endloop
  endfacet
  facet normal 0 0 -1
    outer loop
      vertex -19.9337 11.5087 0
      vertex -20.1667 11.3901 0
      vertex -19.9592 11.5009 0
    endloop
  endfacet
  facet normal 0 0 -1
    outer loop
      vertex -20.4978 11.059 0
      vertex -20.3485 11.2408 0
      vertex -19.9337 11.5087 0
    endloop
  endfacet
  facet normal 0 0 -1
    outer loop
      vertex -20.6086 10.8515 0
      vertex -20.4978 11.059 0
      vertex -19.9337 11.5087 0
    endloop
  endfacet
  facet normal 0 0 -1
    outer loop
      vertex -19.9337 11.5087 0
      vertex -20.6769 10.6264 0
      vertex -20.6086 10.8515 0
    endloop
  endfacet
  facet normal 0 0 -1
    outer loop
      vertex -19.9337 11.5087 0
      vertex -20.7 10.3923 0
      vertex -20.6769 10.6264 0
    endloop
  endfacet
  facet normal 0 0 -1
    outer loop
      vertex -19.9337 11.5087 0
      vertex -20.6769 10.1582 0
      vertex -20.7 10.3923 0
    endloop
  endfacet
  facet normal 0 0 -1
    outer loop
      vertex -20.4978 9.72562 0
      vertex -20.6086 9.93307 0
      vertex -19.9337 11.5087 0
    endloop
  endfacet
  facet normal -0 0 -1
    outer loop
      vertex -18.176 10.4939 0
      vertex -20.4978 9.72562 0
      vertex -19.9337 11.5087 0
    endloop
  endfacet
  facet normal 0 0 -1
    outer loop
      vertex -12.8102 1.2 0
      vertex -15.5755 1.2 0
      vertex -18.176 10.4939 0
    endloop
  endfacet
  facet normal 0 0 -1
    outer loop
      vertex -5.47911 7.09012 0
      vertex -3.41933 8.32243 0
      vertex -2.19307 6.1985 0
    endloop
  endfacet
  facet normal -0 0 -1
    outer loop
      vertex -40.5408 -9.76891 0
      vertex -40.7659 -9.83719 0
      vertex -40.3333 -9.658 0
    endloop
  endfacet
  facet normal 0 0 -1
    outer loop
      vertex -42.2 -8.66025 0
      vertex -42.1086 -9.11946 0
      vertex -42.1769 -8.89435 0
    endloop
  endfacet
  facet normal -0 -0 -1
    outer loop
      vertex -32.2908 14.9651 0
      vertex -32.0833 14.8542 0
      vertex -32.5159 15.0333 0
    endloop
  endfacet
  facet normal -0 -0 -1
    outer loop
      vertex -32.5159 15.0333 0
      vertex -32.0833 14.8542 0
      vertex -32.75 15.0564 0
    endloop
  endfacet
  facet normal 0 0 -1
    outer loop
      vertex -32.75 15.0564 0
      vertex -33.4167 14.8542 0
      vertex -32.9841 15.0333 0
    endloop
  endfacet
  facet normal 0 0 -1
    outer loop
      vertex -32.9841 15.0333 0
      vertex -33.4167 14.8542 0
      vertex -33.2092 14.9651 0
    endloop
  endfacet
  facet normal 0 -0 -1
    outer loop
      vertex -32.75 15.0564 0
      vertex -32.0833 14.8542 0
      vertex -33.4167 14.8542 0
    endloop
  endfacet
  facet normal 0 0 -1
    outer loop
      vertex -33.4167 14.8542 0
      vertex -33.8586 14.3156 0
      vertex -33.7478 14.5231 0
    endloop
  endfacet
  facet normal 0 -0 -1
    outer loop
      vertex -33.5985 14.7049 0
      vertex -33.4167 14.8542 0
      vertex -33.7478 14.5231 0
    endloop
  endfacet
  facet normal 0 0 -1
    outer loop
      vertex -33.4167 14.8542 0
      vertex -33.8586 13.3972 0
      vertex -33.8586 14.3156 0
    endloop
  endfacet
  facet normal 0 -0 -1
    outer loop
      vertex -33.8586 14.3156 0
      vertex -33.8586 13.3972 0
      vertex -33.95 13.8564 0
    endloop
  endfacet
  facet normal 0 -0 -1
    outer loop
      vertex -33.9269 14.0905 0
      vertex -33.8586 14.3156 0
      vertex -33.95 13.8564 0
    endloop
  endfacet
  facet normal 0 0 -1
    outer loop
      vertex -33.95 13.8564 0
      vertex -33.8586 13.3972 0
      vertex -33.9269 13.6223 0
    endloop
  endfacet
  facet normal 0 -0 -1
    outer loop
      vertex -33.4167 14.8542 0
      vertex -32.0833 14.8542 0
      vertex -33.8586 13.3972 0
    endloop
  endfacet
  facet normal 0 0 -1
    outer loop
      vertex -40.3333 9.658 0
      vertex -40.1515 9.50877 0
      vertex -40.0022 9.32693 0
    endloop
  endfacet
  facet normal 0 0 -1
    outer loop
      vertex -33.8586 13.3972 0
      vertex -32.0833 14.8542 0
      vertex -31.7522 14.5231 0
    endloop
  endfacet
  facet normal 0 0 -1
    outer loop
      vertex -33.7478 13.1897 0
      vertex -33.8586 13.3972 0
      vertex -31.7522 14.5231 0
    endloop
  endfacet
  facet normal 0 0 -1
    outer loop
      vertex -26.8255 1.2 0
      vertex -33.7478 13.1897 0
      vertex -31.7522 14.5231 0
    endloop
  endfacet
  facet normal 0 0 -1
    outer loop
      vertex -24.0602 1.2 0
      vertex -26.8255 1.2 0
      vertex -31.7522 14.5231 0
    endloop
  endfacet
  facet normal 0 0 -1
    outer loop
      vertex -38.0755 -1.2 0
      vertex -45 -1.2 0
      vertex -45 1.2 0
    endloop
  endfacet
  facet normal -0 -0 -1
    outer loop
      vertex -40.5408 9.76891 0
      vertex -40.3333 9.658 0
      vertex -40.7659 9.83719 0
    endloop
  endfacet
  facet normal -0 -0 -1
    outer loop
      vertex -40.7659 9.83719 0
      vertex -40.3333 9.658 0
      vertex -41 9.86024 0
    endloop
  endfacet
  facet normal 0 0 -1
    outer loop
      vertex -41 9.86024 0
      vertex -41.6667 9.658 0
      vertex -41.2341 9.83719 0
    endloop
  endfacet
  facet normal 0 0 -1
    outer loop
      vertex -41.2341 9.83719 0
      vertex -41.6667 9.658 0
      vertex -41.4592 9.76891 0
    endloop
  endfacet
  facet normal 0 -0 -1
    outer loop
      vertex -41 9.86024 0
      vertex -40.3333 9.658 0
      vertex -41.6667 9.658 0
    endloop
  endfacet
  facet normal 0 0 -1
    outer loop
      vertex -41.6667 9.658 0
      vertex -42.1086 9.11946 0
      vertex -41.9978 9.32693 0
    endloop
  endfacet
  facet normal 0 -0 -1
    outer loop
      vertex -41.8485 9.50877 0
      vertex -41.6667 9.658 0
      vertex -41.9978 9.32693 0
    endloop
  endfacet
  facet normal 0 -0 -1
    outer loop
      vertex -41.6667 9.658 0
      vertex -40.3333 9.658 0
      vertex -42.1086 9.11946 0
    endloop
  endfacet
  facet normal 0 -0 -1
    outer loop
      vertex -42.1086 9.11946 0
      vertex -42.1086 8.20102 0
      vertex -42.2 8.66025 0
    endloop
  endfacet
  facet normal 0 -0 -1
    outer loop
      vertex -42.1769 8.89435 0
      vertex -42.1086 9.11946 0
      vertex -42.2 8.66025 0
    endloop
  endfacet
  facet normal 0 0 -1
    outer loop
      vertex -42.2 8.66025 0
      vertex -42.1086 8.20102 0
      vertex -42.1769 8.42613 0
    endloop
  endfacet
  facet normal 0 0 -1
    outer loop
      vertex -42.1086 9.11946 0
      vertex -40.3333 9.658 0
      vertex -42.1086 8.20102 0
    endloop
  endfacet
  facet normal 0 0 -1
    outer loop
      vertex -42.1086 8.20102 0
      vertex -40.3333 9.658 0
      vertex -41.9978 7.99356 0
    endloop
  endfacet
  facet normal 0 0 -1
    outer loop
      vertex -41.9978 7.99356 0
      vertex -40.3333 9.658 0
      vertex -40.0022 9.32693 0
    endloop
  endfacet
  facet normal 0 0 -1
    outer loop
      vertex -38.0755 1.2 0
      vertex -41.9978 7.99356 0
      vertex -40.0022 9.32693 0
    endloop
  endfacet
  facet normal 0 0 -1
    outer loop
      vertex -35.3102 1.2 0
      vertex -38.0755 1.2 0
      vertex -40.0022 9.32693 0
    endloop
  endfacet
  facet normal 0 -0 -1
    outer loop
      vertex -45.2341 1.17694 0
      vertex -45 1.2 0
      vertex -45.4592 1.10864 0
    endloop
  endfacet
  facet normal 0 0 -1
    outer loop
      vertex -46.1086 0.459213 0
      vertex -45.9978 0.666672 0
      vertex -45.6667 0.997757 0
    endloop
  endfacet
  facet normal 0 0 -1
    outer loop
      vertex -45.6667 0.997757 0
      vertex -45.9978 0.666672 0
      vertex -45.8485 0.848526 0
    endloop
  endfacet
  facet normal 0 0 -1
    outer loop
      vertex -45.4592 1.10864 0
      vertex -46.1086 0.459213 0
      vertex -45.6667 0.997757 0
    endloop
  endfacet
  facet normal 0 0 -1
    outer loop
      vertex -46.1769 -0.2341 0
      vertex -46.2 0 0
      vertex -46.1086 -0.459213 0
    endloop
  endfacet
  facet normal 0 0 -1
    outer loop
      vertex -46.1086 0.459213 0
      vertex -46.2 0 0
      vertex -46.1769 0.2341 0
    endloop
  endfacet
  facet normal 0 0 -1
    outer loop
      vertex -46.1086 -0.459213 0
      vertex -46.2 0 0
      vertex -46.1086 0.459213 0
    endloop
  endfacet
  facet normal 0 0 -1
    outer loop
      vertex -45.9978 -0.666672 0
      vertex -46.1086 -0.459213 0
      vertex -45.6667 -0.997757 0
    endloop
  endfacet
  facet normal 0 0 -1
    outer loop
      vertex -45.6667 -0.997757 0
      vertex -46.1086 -0.459213 0
      vertex -45.4592 -1.10864 0
    endloop
  endfacet
  facet normal 0 0 -1
    outer loop
      vertex -45.6667 -0.997757 0
      vertex -45.8485 -0.848526 0
      vertex -45.9978 -0.666672 0
    endloop
  endfacet
  facet normal 0 0 -1
    outer loop
      vertex -45.4592 -1.10864 0
      vertex -46.1086 0.459213 0
      vertex -45.4592 1.10864 0
    endloop
  endfacet
  facet normal 0 0 -1
    outer loop
      vertex -45 -1.2 0
      vertex -45.4592 -1.10864 0
      vertex -45.4592 1.10864 0
    endloop
  endfacet
  facet normal 0 0 -1
    outer loop
      vertex -45 -1.2 0
      vertex -45.2341 -1.17694 0
      vertex -45.4592 -1.10864 0
    endloop
  endfacet
  facet normal 0 -0 -1
    outer loop
      vertex -45 1.2 0
      vertex -45 -1.2 0
      vertex -45.4592 1.10864 0
    endloop
  endfacet
  facet normal -0 -0 -1
    outer loop
      vertex -38.0755 1.2 0
      vertex -38.0755 -1.2 0
      vertex -45 1.2 0
    endloop
  endfacet
  facet normal 0 0 -1
    outer loop
      vertex -38.0755 1.2 0
      vertex -35.3102 -1.2 0
      vertex -38.0755 -1.2 0
    endloop
  endfacet
  facet normal 0 0 -1
    outer loop
      vertex -42.2 -8.66025 0
      vertex -42.1769 -8.42613 0
      vertex -42.1086 -8.20102 0
    endloop
  endfacet
  facet normal 0 0 -1
    outer loop
      vertex -38.0755 1.2 0
      vertex -35.3102 1.2 0
      vertex -35.3102 -1.2 0
    endloop
  endfacet
  facet normal 0 0 -1
    outer loop
      vertex -42.2 -8.66025 0
      vertex -42.1086 -8.20102 0
      vertex -42.1086 -9.11946 0
    endloop
  endfacet
  facet normal 0 0 -1
    outer loop
      vertex -42.1086 -9.11946 0
      vertex -40.3333 -9.658 0
      vertex -41.6667 -9.658 0
    endloop
  endfacet
  facet normal 0 0 -1
    outer loop
      vertex -42.1086 -9.11946 0
      vertex -41.6667 -9.658 0
      vertex -41.9978 -9.32693 0
    endloop
  endfacet
  facet normal -0 0 -1
    outer loop
      vertex -40.7659 -9.83719 0
      vertex -41 -9.86024 0
      vertex -40.3333 -9.658 0
    endloop
  endfacet
  facet normal 0 0 -1
    outer loop
      vertex -41.6667 -9.658 0
      vertex -41.2341 -9.83719 0
      vertex -41.4592 -9.76891 0
    endloop
  endfacet
  facet normal 0 0 -1
    outer loop
      vertex -41.6667 -9.658 0
      vertex -41 -9.86024 0
      vertex -41.2341 -9.83719 0
    endloop
  endfacet
  facet normal -0 0 -1
    outer loop
      vertex -40.3333 -9.658 0
      vertex -41 -9.86024 0
      vertex -41.6667 -9.658 0
    endloop
  endfacet
  facet normal 0 0 -1
    outer loop
      vertex -40.3333 -9.658 0
      vertex -42.1086 -9.11946 0
      vertex -42.1086 -8.20102 0
    endloop
  endfacet
  facet normal 0 -0 -1
    outer loop
      vertex -41.9978 -7.99356 0
      vertex -40.3333 -9.658 0
      vertex -42.1086 -8.20102 0
    endloop
  endfacet
  facet normal 0 0 -1
    outer loop
      vertex -40.0022 -9.32693 0
      vertex -40.1515 -9.50877 0
      vertex -40.3333 -9.658 0
    endloop
  endfacet
  facet normal 0 0 -1
    outer loop
      vertex -33.8586 -14.3156 0
      vertex -33.95 -13.8564 0
      vertex -33.8586 -13.3972 0
    endloop
  endfacet
  facet normal 0 0 -1
    outer loop
      vertex -41.9978 -7.99356 0
      vertex -40.0022 -9.32693 0
      vertex -40.3333 -9.658 0
    endloop
  endfacet
  facet normal -0 -0 -1
    outer loop
      vertex -24.0602 1.2 0
      vertex -24.0602 -1.2 0
      vertex -26.8255 1.2 0
    endloop
  endfacet
  facet normal 0 0 -1
    outer loop
      vertex -33.8586 -14.3156 0
      vertex -33.8586 -13.3972 0
      vertex -33.4167 -14.8542 0
    endloop
  endfacet
  facet normal 0 0 -1
    outer loop
      vertex -26.8255 -1.2 0
      vertex -35.3102 1.2 0
      vertex -26.8255 1.2 0
    endloop
  endfacet
  facet normal 0 0 -1
    outer loop
      vertex -41.9978 -7.99356 0
      vertex -38.0755 -1.2 0
      vertex -40.0022 -9.32693 0
    endloop
  endfacet
  facet normal 0 0 -1
    outer loop
      vertex -40.0022 -9.32693 0
      vertex -38.0755 -1.2 0
      vertex -35.3102 -1.2 0
    endloop
  endfacet
  facet normal 0 0 -1
    outer loop
      vertex -35.3102 -1.2 0
      vertex -35.3102 1.2 0
      vertex -26.8255 -1.2 0
    endloop
  endfacet
  facet normal 0 0 -1
    outer loop
      vertex -24.0602 -1.2 0
      vertex -26.8255 -1.2 0
      vertex -26.8255 1.2 0
    endloop
  endfacet
  facet normal 0 0 -1
    outer loop
      vertex -33.95 -13.8564 0
      vertex -33.8586 -14.3156 0
      vertex -33.9269 -14.0905 0
    endloop
  endfacet
  facet normal 0 0 -1
    outer loop
      vertex -33.4167 -14.8542 0
      vertex -33.5985 -14.7049 0
      vertex -33.7478 -14.5231 0
    endloop
  endfacet
  facet normal 0 0 -1
    outer loop
      vertex -33.8586 -14.3156 0
      vertex -33.4167 -14.8542 0
      vertex -33.7478 -14.5231 0
    endloop
  endfacet
  facet normal 0 0 -1
    outer loop
      vertex -32.75 -15.0564 0
      vertex -32.9841 -15.0333 0
      vertex -33.4167 -14.8542 0
    endloop
  endfacet
  facet normal 0 0 -1
    outer loop
      vertex -33.4167 -14.8542 0
      vertex -32.9841 -15.0333 0
      vertex -33.2092 -14.9651 0
    endloop
  endfacet
  facet normal -0 0 -1
    outer loop
      vertex -32.5159 -15.0333 0
      vertex -32.75 -15.0564 0
      vertex -32.0833 -14.8542 0
    endloop
  endfacet
  facet normal -0 0 -1
    outer loop
      vertex -32.0833 -14.8542 0
      vertex -32.75 -15.0564 0
      vertex -33.4167 -14.8542 0
    endloop
  endfacet
  facet normal 0 0 -1
    outer loop
      vertex -32.0833 -14.8542 0
      vertex -32.2908 -14.9651 0
      vertex -32.5159 -15.0333 0
    endloop
  endfacet
  facet normal 0 0 -1
    outer loop
      vertex -33.8586 -13.3972 0
      vertex -32.0833 -14.8542 0
      vertex -33.4167 -14.8542 0
    endloop
  endfacet
  facet normal 0 0 -1
    outer loop
      vertex -20.6769 -10.6264 0
      vertex -19.9337 -11.5087 0
      vertex -20.6086 -10.8515 0
    endloop
  endfacet
  facet normal -0 0 -1
    outer loop
      vertex -1.28758 6.47318 0
      vertex -2.19307 6.1985 0
      vertex -1.7558 8.82706 0
    endloop
  endfacet
  facet normal 0 0 -1
    outer loop
      vertex -20.7 -10.3923 0
      vertex -20.6769 -10.1582 0
      vertex -19.9337 -11.5087 0
    endloop
  endfacet
  facet normal 0 0 -1
    outer loop
      vertex -33.8586 -13.3972 0
      vertex -31.7522 -14.5231 0
      vertex -32.0833 -14.8542 0
    endloop
  endfacet
  facet normal 0 0 -1
    outer loop
      vertex -32.0833 -14.8542 0
      vertex -31.7522 -14.5231 0
      vertex -31.9015 -14.7049 0
    endloop
  endfacet
  facet normal 0 0 -1
    outer loop
      vertex -33.8586 -13.3972 0
      vertex -33.7478 -13.1897 0
      vertex -31.7522 -14.5231 0
    endloop
  endfacet
  facet normal 0 0 -1
    outer loop
      vertex -19.9337 -11.5087 0
      vertex -19.702 -12.4218 0
      vertex -19.8262 -12.2221 0
    endloop
  endfacet
  facet normal 0 0 -1
    outer loop
      vertex -19.9337 -11.5087 0
      vertex -20.6769 -10.6264 0
      vertex -20.7 -10.3923 0
    endloop
  endfacet
  facet normal 0 0 -1
    outer loop
      vertex -31.7522 -14.5231 0
      vertex -33.7478 -13.1897 0
      vertex -26.8255 -1.2 0
    endloop
  endfacet
  facet normal 0 0 -1
    outer loop
      vertex -15.5755 -1.2 0
      vertex -24.0602 -1.2 0
      vertex -24.0602 1.2 0
    endloop
  endfacet
  facet normal -0 0 -1
    outer loop
      vertex -24.0602 -1.2 0
      vertex -31.7522 -14.5231 0
      vertex -26.8255 -1.2 0
    endloop
  endfacet
  facet normal -0 -0 -1
    outer loop
      vertex -15.5755 1.2 0
      vertex -15.5755 -1.2 0
      vertex -24.0602 1.2 0
    endloop
  endfacet
  facet normal 0 0 -1
    outer loop
      vertex -19.9337 -11.5087 0
      vertex -19.9592 -11.5009 0
      vertex -20.1667 -11.3901 0
    endloop
  endfacet
  facet normal 0 0 -1
    outer loop
      vertex -20.3485 -11.2408 0
      vertex -20.4978 -11.059 0
      vertex -19.9337 -11.5087 0
    endloop
  endfacet
  facet normal 0 0 -1
    outer loop
      vertex -20.1667 -11.3901 0
      vertex -20.3485 -11.2408 0
      vertex -19.9337 -11.5087 0
    endloop
  endfacet
  facet normal 0 0 -1
    outer loop
      vertex -20.4978 -11.059 0
      vertex -20.6086 -10.8515 0
      vertex -19.9337 -11.5087 0
    endloop
  endfacet
  facet normal 0 0 -1
    outer loop
      vertex -19.9337 -11.5087 0
      vertex -20.6769 -10.1582 0
      vertex -20.6086 -9.93307 0
    endloop
  endfacet
  facet normal 0 -0 -1
    outer loop
      vertex -20.4978 -9.72562 0
      vertex -19.9337 -11.5087 0
      vertex -20.6086 -9.93307 0
    endloop
  endfacet
  facet normal 0 0 -1
    outer loop
      vertex -19.9474 -11.7698 0
      vertex -19.9337 -11.5087 0
      vertex -19.9091 -12.0019 0
    endloop
  endfacet
  facet normal 0 0 -1
    outer loop
      vertex -18.9066 -12.8811 0
      vertex -19.1357 -12.8277 0
      vertex -19.9337 -11.5087 0
    endloop
  endfacet
  facet normal 0 0 -1
    outer loop
      vertex -19.9337 -11.5087 0
      vertex -19.8262 -12.2221 0
      vertex -19.9091 -12.0019 0
    endloop
  endfacet
  facet normal 0 -0 -1
    outer loop
      vertex -19.9397 -11.5347 0
      vertex -19.9337 -11.5087 0
      vertex -19.9474 -11.7698 0
    endloop
  endfacet
  facet normal 0 0 -1
    outer loop
      vertex -19.9337 -11.5087 0
      vertex -19.5412 -12.5936 0
      vertex -19.702 -12.4218 0
    endloop
  endfacet
  facet normal 0 0 -1
    outer loop
      vertex -19.9337 -11.5087 0
      vertex -19.35 -12.7306 0
      vertex -19.5412 -12.5936 0
    endloop
  endfacet
  facet normal 0 0 -1
    outer loop
      vertex -19.9337 -11.5087 0
      vertex -19.1357 -12.8277 0
      vertex -19.35 -12.7306 0
    endloop
  endfacet
  facet normal 0 0 -1
    outer loop
      vertex -18.6715 -12.8888 0
      vertex -18.9066 -12.8811 0
      vertex -19.9337 -11.5087 0
    endloop
  endfacet
  facet normal 0 0 -1
    outer loop
      vertex -13.0693 -20.2367 0
      vertex -6.7485 -14.0888 0
      vertex -10.9908 -21.4367 0
    endloop
  endfacet
  facet normal 0 -0 -1
    outer loop
      vertex -14.452 -22.6315 0
      vertex -12.3735 -23.8315 0
      vertex -18.6943 -29.9795 0
    endloop
  endfacet
  facet normal 0 0 -1
    outer loop
      vertex -18.176 -10.4939 0
      vertex -18.6715 -12.8888 0
      vertex -19.9337 -11.5087 0
    endloop
  endfacet
  facet normal 0 -0 -1
    outer loop
      vertex -13.0693 -20.2367 0
      vertex -10.9908 -21.4367 0
      vertex -14.452 -22.6315 0
    endloop
  endfacet
  facet normal 0 0 -1
    outer loop
      vertex -18.176 -10.4939 0
      vertex -7.44429 -10.4939 0
      vertex -8.82697 -12.8888 0
    endloop
  endfacet
  facet normal 0 0 -1
    outer loop
      vertex -2.07845 1.2 0
      vertex 0 -2.39996 0
      vertex -2.07845 -1.2 0
    endloop
  endfacet
  facet normal 0 0 -1
    outer loop
      vertex -28.9057 -20.3579 0
      vertex -29.2772 -20.6429 0
      vertex -29.1055 -20.4821 0
    endloop
  endfacet
  facet normal 0 0 -1
    outer loop
      vertex -28.9057 -20.3579 0
      vertex -29.4142 -20.8341 0
      vertex -29.2772 -20.6429 0
    endloop
  endfacet
  facet normal 0 0 -1
    outer loop
      vertex -29.5113 -21.0484 0
      vertex -29.4142 -20.8341 0
      vertex -28.9057 -20.3579 0
    endloop
  endfacet
  facet normal 0 -0 -1
    outer loop
      vertex -29.5647 -21.2775 0
      vertex -29.5113 -21.0484 0
      vertex -29.5724 -21.5126 0
    endloop
  endfacet
  facet normal 0 0 -1
    outer loop
      vertex -29.5724 -21.5126 0
      vertex -29.5113 -21.0484 0
      vertex -28.9057 -20.3579 0
    endloop
  endfacet
  facet normal 0 0 -1
    outer loop
      vertex -29.327 -22.1646 0
      vertex -29.5724 -21.5126 0
      vertex -28.9057 -20.3579 0
    endloop
  endfacet
  facet normal 0 0 -1
    outer loop
      vertex -29.4512 -21.9649 0
      vertex -29.5341 -21.7447 0
      vertex -29.327 -22.1646 0
    endloop
  endfacet
  facet normal 0 0 -1
    outer loop
      vertex -29.327 -22.1646 0
      vertex -29.5341 -21.7447 0
      vertex -29.5724 -21.5126 0
    endloop
  endfacet
  facet normal 0 0 -1
    outer loop
      vertex -28.5316 -22.6238 0
      vertex -29.327 -22.1646 0
      vertex -28.9057 -20.3579 0
    endloop
  endfacet
  facet normal 0 0 -1
    outer loop
      vertex -28.5316 -22.6238 0
      vertex -28.975 -22.4734 0
      vertex -29.327 -22.1646 0
    endloop
  endfacet
  facet normal 0 0 -1
    outer loop
      vertex -29.327 -22.1646 0
      vertex -28.975 -22.4734 0
      vertex -29.1662 -22.3363 0
    endloop
  endfacet
  facet normal 0 0 -1
    outer loop
      vertex -28.5316 -22.6238 0
      vertex -28.7607 -22.5704 0
      vertex -28.975 -22.4734 0
    endloop
  endfacet
  facet normal 0 -0 -1
    outer loop
      vertex -28.6856 -20.275 0
      vertex -28.5316 -22.6238 0
      vertex -28.9057 -20.3579 0
    endloop
  endfacet
  facet normal 0 0 -1
    outer loop
      vertex -28.6856 -20.275 0
      vertex -28.2965 -22.6315 0
      vertex -28.5316 -22.6238 0
    endloop
  endfacet
  facet normal 0 0 -1
    outer loop
      vertex -28.6856 -20.275 0
      vertex -28.4535 -20.2367 0
      vertex -28.2965 -22.6315 0
    endloop
  endfacet
  facet normal 0 0 -1
    outer loop
      vertex -28.2965 -22.6315 0
      vertex -28.4535 -20.2367 0
      vertex -14.452 -22.6315 0
    endloop
  endfacet
  facet normal 0 0 -1
    outer loop
      vertex -13.1566 -41.0269 0
      vertex -11.8026 -39.7587 0
      vertex -11.9608 -40.4371 0
    endloop
  endfacet
  facet normal 0 0 -1
    outer loop
      vertex -14.452 -22.6315 0
      vertex -28.4535 -20.2367 0
      vertex -13.0693 -20.2367 0
    endloop
  endfacet
  facet normal 0 0 -1
    outer loop
      vertex -20.077 -32.3743 0
      vertex -18.6943 -29.9795 0
      vertex -16.6158 -31.1795 0
    endloop
  endfacet
  facet normal 0 0 -1
    outer loop
      vertex -28.5307 -30.1007 0
      vertex -28.9022 -30.3857 0
      vertex -28.7305 -30.2249 0
    endloop
  endfacet
  facet normal 0 0 -1
    outer loop
      vertex -28.5307 -30.1007 0
      vertex -29.1363 -30.7912 0
      vertex -28.9022 -30.3857 0
    endloop
  endfacet
  facet normal 0 0 -1
    outer loop
      vertex -28.9022 -30.3857 0
      vertex -29.1363 -30.7912 0
      vertex -29.0392 -30.5769 0
    endloop
  endfacet
  facet normal 0 -0 -1
    outer loop
      vertex -28.5307 -30.1007 0
      vertex -28.0785 -29.9795 0
      vertex -29.1363 -30.7912 0
    endloop
  endfacet
  facet normal 0 0 -1
    outer loop
      vertex -29.1363 -30.7912 0
      vertex -29.1974 -31.2554 0
      vertex -29.1897 -31.0203 0
    endloop
  endfacet
  facet normal 0 -0 -1
    outer loop
      vertex -29.1363 -30.7912 0
      vertex -28.952 -31.9074 0
      vertex -29.1974 -31.2554 0
    endloop
  endfacet
  facet normal 0 0 -1
    outer loop
      vertex -29.1974 -31.2554 0
      vertex -28.952 -31.9074 0
      vertex -29.1591 -31.4875 0
    endloop
  endfacet
  facet normal 0 0 -1
    outer loop
      vertex -29.1591 -31.4875 0
      vertex -28.952 -31.9074 0
      vertex -29.0762 -31.7077 0
    endloop
  endfacet
  facet normal 0 0 -1
    outer loop
      vertex -29.1363 -30.7912 0
      vertex -28.0785 -29.9795 0
      vertex -28.952 -31.9074 0
    endloop
  endfacet
  facet normal 0 0 -1
    outer loop
      vertex -28.952 -31.9074 0
      vertex -28.6 -32.2161 0
      vertex -28.7912 -32.0791 0
    endloop
  endfacet
  facet normal 0 0 -1
    outer loop
      vertex -28.1566 -32.3666 0
      vertex -28.3857 -32.3132 0
      vertex -28.6 -32.2161 0
    endloop
  endfacet
  facet normal 0 0 -1
    outer loop
      vertex -28.952 -31.9074 0
      vertex -28.1566 -32.3666 0
      vertex -28.6 -32.2161 0
    endloop
  endfacet
  facet normal 0 0 -1
    outer loop
      vertex -28.952 -31.9074 0
      vertex -28.0785 -29.9795 0
      vertex -28.1566 -32.3666 0
    endloop
  endfacet
  facet normal 0 0 -1
    outer loop
      vertex -28.1566 -32.3666 0
      vertex -28.0785 -29.9795 0
      vertex -27.9215 -32.3743 0
    endloop
  endfacet
  facet normal 0 0 -1
    outer loop
      vertex -27.9215 -32.3743 0
      vertex -28.0785 -29.9795 0
      vertex -20.077 -32.3743 0
    endloop
  endfacet
  facet normal 0 0 -1
    outer loop
      vertex -23.5392 -38.3711 0
      vertex -17.9985 -33.5743 0
      vertex -21.4608 -39.5711 0
    endloop
  endfacet
  facet normal 0 0 -1
    outer loop
      vertex -20.077 -32.3743 0
      vertex -28.0785 -29.9795 0
      vertex -18.6943 -29.9795 0
    endloop
  endfacet
  facet normal 0 0 -1
    outer loop
      vertex -23.5762 -39.5019 0
      vertex -23.6591 -39.2817 0
      vertex -23.6974 -39.0496 0
    endloop
  endfacet
  facet normal 0 0 -1
    outer loop
      vertex -23.6897 -38.8145 0
      vertex -23.6363 -38.5854 0
      vertex -23.5392 -38.3711 0
    endloop
  endfacet
  facet normal 0 -0 -1
    outer loop
      vertex -23.6897 -38.8145 0
      vertex -23.5762 -39.5019 0
      vertex -23.6974 -39.0496 0
    endloop
  endfacet
  facet normal 0 0 -1
    outer loop
      vertex -23.1 -40.0104 0
      vertex -23.452 -39.7016 0
      vertex -22.6566 -40.1609 0
    endloop
  endfacet
  facet normal 0 0 -1
    outer loop
      vertex -22.6566 -40.1609 0
      vertex -23.452 -39.7016 0
      vertex -22.4215 -40.1685 0
    endloop
  endfacet
  facet normal 0 0 -1
    outer loop
      vertex -23.452 -39.7016 0
      vertex -23.1 -40.0104 0
      vertex -23.2912 -39.8734 0
    endloop
  endfacet
  facet normal 0 0 -1
    outer loop
      vertex -22.4215 -40.1685 0
      vertex -23.452 -39.7016 0
      vertex -23.5762 -39.5019 0
    endloop
  endfacet
  facet normal 0 0 -1
    outer loop
      vertex -23.1 -40.0104 0
      vertex -22.6566 -40.1609 0
      vertex -22.8857 -40.1075 0
    endloop
  endfacet
  facet normal 0 0 -1
    outer loop
      vertex -23.6897 -38.8145 0
      vertex -22.4215 -40.1685 0
      vertex -23.5762 -39.5019 0
    endloop
  endfacet
  facet normal 0 0 -1
    outer loop
      vertex -23.6897 -38.8145 0
      vertex -21.7695 -39.9231 0
      vertex -22.4215 -40.1685 0
    endloop
  endfacet
  facet normal 0 0 -1
    outer loop
      vertex -22.4215 -40.1685 0
      vertex -21.9692 -40.0474 0
      vertex -22.1894 -40.1302 0
    endloop
  endfacet
  facet normal 0 0 -1
    outer loop
      vertex -22.4215 -40.1685 0
      vertex -21.7695 -39.9231 0
      vertex -21.9692 -40.0474 0
    endloop
  endfacet
  facet normal 0 0 -1
    outer loop
      vertex -23.6897 -38.8145 0
      vertex -23.5392 -38.3711 0
      vertex -21.7695 -39.9231 0
    endloop
  endfacet
  facet normal 0 0 -1
    outer loop
      vertex -21.7695 -39.9231 0
      vertex -21.4608 -39.5711 0
      vertex -21.5978 -39.7623 0
    endloop
  endfacet
  facet normal 0 0 -1
    outer loop
      vertex -21.7695 -39.9231 0
      vertex -23.5392 -38.3711 0
      vertex -21.4608 -39.5711 0
    endloop
  endfacet
  facet normal 0 0 -1
    outer loop
      vertex -23.5392 -38.3711 0
      vertex -20.077 -32.3743 0
      vertex -17.9985 -33.5743 0
    endloop
  endfacet
  facet normal 0 0 -1
    outer loop
      vertex -12.6894 -40.9963 0
      vertex -12.9215 -41.0346 0
      vertex -13.1566 -41.0269 0
    endloop
  endfacet
  facet normal 0 0 -1
    outer loop
      vertex -17.9985 -33.5743 0
      vertex -20.077 -32.3743 0
      vertex -16.6158 -31.1795 0
    endloop
  endfacet
  facet normal 0 0 -1
    outer loop
      vertex -13.1566 -41.0269 0
      vertex -13.3857 -40.9735 0
      vertex -13.6 -40.8764 0
    endloop
  endfacet
  facet normal 0 0 -1
    outer loop
      vertex -13.7912 -40.7394 0
      vertex -13.952 -40.5677 0
      vertex -13.6 -40.8764 0
    endloop
  endfacet
  facet normal 0 0 -1
    outer loop
      vertex -13.952 -40.5677 0
      vertex -13.1566 -41.0269 0
      vertex -13.6 -40.8764 0
    endloop
  endfacet
  facet normal -0 0 -1
    outer loop
      vertex -12.0978 -40.6284 0
      vertex -12.4693 -40.9134 0
      vertex -11.9608 -40.4371 0
    endloop
  endfacet
  facet normal 0 0 -1
    outer loop
      vertex -12.4693 -40.9134 0
      vertex -12.6894 -40.9963 0
      vertex -13.1566 -41.0269 0
    endloop
  endfacet
  facet normal -0 0 -1
    outer loop
      vertex -12.4693 -40.9134 0
      vertex -13.1566 -41.0269 0
      vertex -11.9608 -40.4371 0
    endloop
  endfacet
  facet normal 0 0 -1
    outer loop
      vertex -12.0978 -40.6284 0
      vertex -12.2695 -40.7892 0
      vertex -12.4693 -40.9134 0
    endloop
  endfacet
  facet normal 0 0 -1
    outer loop
      vertex -11.9608 -40.4371 0
      vertex -11.8026 -39.7587 0
      vertex -11.8637 -40.2229 0
    endloop
  endfacet
  facet normal 0 0 -1
    outer loop
      vertex -4.29651 -36.4879 0
      vertex -3.84425 -36.3668 0
      vertex -4.06442 -36.4496 0
    endloop
  endfacet
  facet normal 0 0 -1
    outer loop
      vertex -11.8637 -40.2229 0
      vertex -11.8026 -39.7587 0
      vertex -11.8103 -39.9938 0
    endloop
  endfacet
  facet normal 0 0 -1
    outer loop
      vertex -13.1566 -41.0269 0
      vertex -13.952 -40.5677 0
      vertex -11.8026 -39.7587 0
    endloop
  endfacet
  facet normal 0 0 -1
    outer loop
      vertex -11.8026 -39.7587 0
      vertex -11.9237 -39.3064 0
      vertex -11.8409 -39.5266 0
    endloop
  endfacet
  facet normal -0 0 -1
    outer loop
      vertex -11.8026 -39.7587 0
      vertex -13.952 -40.5677 0
      vertex -11.9237 -39.3064 0
    endloop
  endfacet
  facet normal 0 0 -1
    outer loop
      vertex -4.53163 -36.4802 0
      vertex -3.47279 -36.0817 0
      vertex -3.84425 -36.3668 0
    endloop
  endfacet
  facet normal 0 0 -1
    outer loop
      vertex -14.452 -22.6315 0
      vertex -10.9908 -21.4367 0
      vertex -12.3735 -23.8315 0
    endloop
  endfacet
  facet normal 0 0 -1
    outer loop
      vertex -14.0762 -40.3679 0
      vertex -17.9985 -33.5743 0
      vertex -11.9237 -39.3064 0
    endloop
  endfacet
  facet normal 0 0 -1
    outer loop
      vertex -11.9237 -39.3064 0
      vertex -17.9985 -33.5743 0
      vertex -16.6158 -31.1795 0
    endloop
  endfacet
  facet normal 0 0 -1
    outer loop
      vertex -16.6158 -31.1795 0
      vertex -18.6943 -29.9795 0
      vertex -12.3735 -23.8315 0
    endloop
  endfacet
  facet normal 0 0 -1
    outer loop
      vertex -1.54121 -22.9858 0
      vertex 0 -23.0174 0
      vertex -1.34999 -23.1229 0
    endloop
  endfacet
  facet normal 0 0 -1
    outer loop
      vertex -4.97499 -36.3298 0
      vertex -5.16621 -36.1927 0
      vertex -5.32701 -36.021 0
    endloop
  endfacet
  facet normal 0 0 -1
    outer loop
      vertex -4.76073 -36.4268 0
      vertex -4.97499 -36.3298 0
      vertex -4.53163 -36.4802 0
    endloop
  endfacet
  facet normal 0 0 -1
    outer loop
      vertex -4.53163 -36.4802 0
      vertex -4.97499 -36.3298 0
      vertex -5.32701 -36.021 0
    endloop
  endfacet
  facet normal 0 0 -1
    outer loop
      vertex -4.53163 -36.4802 0
      vertex -3.84425 -36.3668 0
      vertex -4.29651 -36.4879 0
    endloop
  endfacet
  facet normal 0 0 -1
    outer loop
      vertex -3.47279 -36.0817 0
      vertex -3.64449 -36.2425 0
      vertex -3.84425 -36.3668 0
    endloop
  endfacet
  facet normal 0 0 -1
    outer loop
      vertex -5.32701 -36.021 0
      vertex -3.47279 -36.0817 0
      vertex -4.53163 -36.4802 0
    endloop
  endfacet
  facet normal -0 0 -1
    outer loop
      vertex -3.23868 -35.6762 0
      vertex -3.33577 -35.8905 0
      vertex -3.17757 -35.212 0
    endloop
  endfacet
  facet normal 0 0 -1
    outer loop
      vertex -3.17757 -35.212 0
      vertex -3.33577 -35.8905 0
      vertex -3.47279 -36.0817 0
    endloop
  endfacet
  facet normal 0 0 -1
    outer loop
      vertex 4.97499 -36.3298 0
      vertex 5.32701 -36.021 0
      vertex 5.16621 -36.1927 0
    endloop
  endfacet
  facet normal 0 0 -1
    outer loop
      vertex 0.439407 -23.2428 0
      vertex 0 -23.0174 0
      vertex 0.671524 -23.2811 0
    endloop
  endfacet
  facet normal 0 0 -1
    outer loop
      vertex -3.17757 -35.212 0
      vertex -3.18526 -35.4471 0
      vertex -3.23868 -35.6762 0
    endloop
  endfacet
  facet normal 0 -0 -1
    outer loop
      vertex -3.29875 -34.7598 0
      vertex -3.17757 -35.212 0
      vertex -3.47279 -36.0817 0
    endloop
  endfacet
  facet normal 0 0 -1
    outer loop
      vertex -3.29875 -34.7598 0
      vertex -3.21588 -34.9799 0
      vertex -3.17757 -35.212 0
    endloop
  endfacet
  facet normal 0 0 -1
    outer loop
      vertex -5.32701 -36.021 0
      vertex -3.29875 -34.7598 0
      vertex -3.47279 -36.0817 0
    endloop
  endfacet
  facet normal 0 0 -1
    outer loop
      vertex -5.32701 -36.021 0
      vertex -5.45125 -35.8213 0
      vertex -3.29875 -34.7598 0
    endloop
  endfacet
  facet normal 0 0 -1
    outer loop
      vertex -1.82623 -22.6144 0
      vertex 0 -23.0174 0
      vertex -1.70201 -22.8141 0
    endloop
  endfacet
  facet normal -0 0 -1
    outer loop
      vertex -3.29875 -34.7598 0
      vertex -5.45125 -35.8213 0
      vertex -12.3735 -23.8315 0
    endloop
  endfacet
  facet normal 0 0 -1
    outer loop
      vertex -12.3735 -23.8315 0
      vertex -10.9908 -21.4367 0
      vertex -3.29875 -34.7598 0
    endloop
  endfacet
  facet normal 0 0 -1
    outer loop
      vertex -13.0693 -20.2367 0
      vertex -8.82697 -12.8888 0
      vertex -6.7485 -14.0888 0
    endloop
  endfacet
  facet normal 0 -0 -1
    outer loop
      vertex 1.82623 22.6144 0
      vertex 6.7485 14.0888 0
      vertex 0 20.9878 0
    endloop
  endfacet
  facet normal 0 0 -1
    outer loop
      vertex -0.671524 -23.2811 0
      vertex -0.906631 -23.2734 0
      vertex 0 -23.0174 0
    endloop
  endfacet
  facet normal 0 0 -1
    outer loop
      vertex 0 -23.0174 0
      vertex -1.13573 -23.22 0
      vertex -1.34999 -23.1229 0
    endloop
  endfacet
  facet normal 0 0 -1
    outer loop
      vertex 0 -23.0174 0
      vertex -0.439407 -23.2428 0
      vertex -0.671524 -23.2811 0
    endloop
  endfacet
  facet normal 0 0 -1
    outer loop
      vertex 0 -23.0174 0
      vertex -0.219254 -23.1599 0
      vertex -0.439407 -23.2428 0
    endloop
  endfacet
  facet normal 0 0 -1
    outer loop
      vertex 0 -23.0174 0
      vertex -0.0194855 -23.0356 0
      vertex -0.219254 -23.1599 0
    endloop
  endfacet
  facet normal 0 0 -1
    outer loop
      vertex 0.219254 -23.1599 0
      vertex 0 -23.0174 0
      vertex 0.439407 -23.2428 0
    endloop
  endfacet
  facet normal 0 0 -1
    outer loop
      vertex -1.70201 -22.8141 0
      vertex 0 -23.0174 0
      vertex -1.54121 -22.9858 0
    endloop
  endfacet
  facet normal 0 0 -1
    outer loop
      vertex 1.70201 -22.8141 0
      vertex 1.54121 -22.9858 0
      vertex 0 -23.0174 0
    endloop
  endfacet
  facet normal 0 0 -1
    outer loop
      vertex 0.0194855 -23.0356 0
      vertex 0 -23.0174 0
      vertex 0.219254 -23.1599 0
    endloop
  endfacet
  facet normal 0 0 -1
    outer loop
      vertex 1.82623 -22.6144 0
      vertex 1.70201 -22.8141 0
      vertex 0 -23.0174 0
    endloop
  endfacet
  facet normal -0 0 -1
    outer loop
      vertex 0.906631 -23.2734 0
      vertex 0.671524 -23.2811 0
      vertex 0 -23.0174 0
    endloop
  endfacet
  facet normal -0 0 -1
    outer loop
      vertex 1.13573 -23.22 0
      vertex 0.906631 -23.2734 0
      vertex 0 -23.0174 0
    endloop
  endfacet
  facet normal -0 0 -1
    outer loop
      vertex 1.34999 -23.1229 0
      vertex 1.13573 -23.22 0
      vertex 0 -23.0174 0
    endloop
  endfacet
  facet normal -0 0 -1
    outer loop
      vertex 5.32701 -36.021 0
      vertex 3.47279 -36.0817 0
      vertex 3.29875 -34.7598 0
    endloop
  endfacet
  facet normal 0 -0 -1
    outer loop
      vertex 8.82697 -12.8888 0
      vertex 13.0693 -20.2367 0
      vertex 6.7485 -14.0888 0
    endloop
  endfacet
  facet normal 0 0 -1
    outer loop
      vertex 6.7485 -14.0888 0
      vertex 13.0693 -20.2367 0
      vertex 10.9908 -21.4367 0
    endloop
  endfacet
  facet normal 0 0 -1
    outer loop
      vertex 1.54121 -22.9858 0
      vertex 1.34999 -23.1229 0
      vertex 0 -23.0174 0
    endloop
  endfacet
  facet normal 0 0 -1
    outer loop
      vertex 0 -23.0174 0
      vertex 0 -20.9878 0
      vertex 1.82623 -22.6144 0
    endloop
  endfacet
  facet normal 0 0 -1
    outer loop
      vertex 0 -23.0174 0
      vertex -1.82623 -22.6144 0
      vertex 0 -20.9878 0
    endloop
  endfacet
  facet normal 0 0 -1
    outer loop
      vertex 6.0976 -2.5257 0
      vertex 6.47318 -1.28758 0
      vertex 8.82706 -1.7558 0
    endloop
  endfacet
  facet normal -0 0 -1
    outer loop
      vertex 6.7485 -14.0888 0
      vertex 0 -20.9878 0
      vertex 5.36584 -11.6939 0
    endloop
  endfacet
  facet normal 0 0 -1
    outer loop
      vertex 10.9908 -21.4367 0
      vertex 13.0693 -20.2367 0
      vertex 14.452 -22.6315 0
    endloop
  endfacet
  facet normal 0 0 -1
    outer loop
      vertex 3.47279 -36.0817 0
      vertex 3.84425 -36.3668 0
      vertex 3.64449 -36.2425 0
    endloop
  endfacet
  facet normal 0 -0 -1
    outer loop
      vertex 3.21588 -34.9799 0
      vertex 3.29875 -34.7598 0
      vertex 3.17757 -35.212 0
    endloop
  endfacet
  facet normal 0 0 -1
    outer loop
      vertex 3.17757 -35.212 0
      vertex 3.23868 -35.6762 0
      vertex 3.18526 -35.4471 0
    endloop
  endfacet
  facet normal 0 0 -1
    outer loop
      vertex 3.17757 -35.212 0
      vertex 3.33577 -35.8905 0
      vertex 3.23868 -35.6762 0
    endloop
  endfacet
  facet normal 0 0 -1
    outer loop
      vertex 3.17757 -35.212 0
      vertex 3.47279 -36.0817 0
      vertex 3.33577 -35.8905 0
    endloop
  endfacet
  facet normal 0 0 -1
    outer loop
      vertex 3.17757 -35.212 0
      vertex 3.29875 -34.7598 0
      vertex 3.47279 -36.0817 0
    endloop
  endfacet
  facet normal 0 0 -1
    outer loop
      vertex 4.06442 -36.4496 0
      vertex 3.84425 -36.3668 0
      vertex 4.29651 -36.4879 0
    endloop
  endfacet
  facet normal -0 0 -1
    outer loop
      vertex 17.9985 -33.5743 0
      vertex 11.9237 -39.3064 0
      vertex 16.6158 -31.1795 0
    endloop
  endfacet
  facet normal 0 0 -1
    outer loop
      vertex 17.9985 -33.5743 0
      vertex 14.0762 -40.3679 0
      vertex 11.9237 -39.3064 0
    endloop
  endfacet
  facet normal 0 0 -1
    outer loop
      vertex 3.84425 -36.3668 0
      vertex 3.47279 -36.0817 0
      vertex 4.53163 -36.4802 0
    endloop
  endfacet
  facet normal 0 0 -1
    outer loop
      vertex 4.53163 -36.4802 0
      vertex 3.47279 -36.0817 0
      vertex 5.32701 -36.021 0
    endloop
  endfacet
  facet normal 0 0 -1
    outer loop
      vertex 11.9608 -40.4371 0
      vertex 11.8637 -40.2229 0
      vertex 11.8026 -39.7587 0
    endloop
  endfacet
  facet normal -0 0 -1
    outer loop
      vertex 4.76073 -36.4268 0
      vertex 4.53163 -36.4802 0
      vertex 4.97499 -36.3298 0
    endloop
  endfacet
  facet normal -0 0 -1
    outer loop
      vertex 5.45125 -35.8213 0
      vertex 5.32701 -36.021 0
      vertex 3.29875 -34.7598 0
    endloop
  endfacet
  facet normal 0 0 -1
    outer loop
      vertex 10.9908 -21.4367 0
      vertex 14.452 -22.6315 0
      vertex 12.3735 -23.8315 0
    endloop
  endfacet
  facet normal 0 0 -1
    outer loop
      vertex 12.3735 -23.8315 0
      vertex 14.452 -22.6315 0
      vertex 18.6943 -29.9795 0
    endloop
  endfacet
  facet normal 0 0 -1
    outer loop
      vertex 12.3735 -23.8315 0
      vertex 5.45125 -35.8213 0
      vertex 3.29875 -34.7598 0
    endloop
  endfacet
  facet normal 0 -0 -1
    outer loop
      vertex 10.9908 -21.4367 0
      vertex 12.3735 -23.8315 0
      vertex 3.29875 -34.7598 0
    endloop
  endfacet
  facet normal 0 0 -1
    outer loop
      vertex 17.9985 -33.5743 0
      vertex 16.6158 -31.1795 0
      vertex 20.077 -32.3743 0
    endloop
  endfacet
  facet normal 0 0 -1
    outer loop
      vertex 16.6158 -31.1795 0
      vertex 12.3735 -23.8315 0
      vertex 18.6943 -29.9795 0
    endloop
  endfacet
  facet normal 0 0 -1
    outer loop
      vertex 11.9237 -39.3064 0
      vertex 11.8026 -39.7587 0
      vertex 11.8409 -39.5266 0
    endloop
  endfacet
  facet normal 0 0 -1
    outer loop
      vertex 11.8026 -39.7587 0
      vertex 13.952 -40.5677 0
      vertex 13.1566 -41.0269 0
    endloop
  endfacet
  facet normal 0 0 -1
    outer loop
      vertex 11.8103 -39.9938 0
      vertex 11.8026 -39.7587 0
      vertex 11.8637 -40.2229 0
    endloop
  endfacet
  facet normal 0 0 -1
    outer loop
      vertex 13.1566 -41.0269 0
      vertex 11.9608 -40.4371 0
      vertex 11.8026 -39.7587 0
    endloop
  endfacet
  facet normal 0 0 -1
    outer loop
      vertex 11.9608 -40.4371 0
      vertex 12.4693 -40.9134 0
      vertex 12.0978 -40.6284 0
    endloop
  endfacet
  facet normal 0 0 -1
    outer loop
      vertex 12.0978 -40.6284 0
      vertex 12.4693 -40.9134 0
      vertex 12.2695 -40.7892 0
    endloop
  endfacet
  facet normal 0 0 -1
    outer loop
      vertex 12.4693 -40.9134 0
      vertex 11.9608 -40.4371 0
      vertex 13.1566 -41.0269 0
    endloop
  endfacet
  facet normal 0 0 -1
    outer loop
      vertex 12.6894 -40.9963 0
      vertex 12.4693 -40.9134 0
      vertex 13.1566 -41.0269 0
    endloop
  endfacet
  facet normal 0 0 -1
    outer loop
      vertex 12.9215 -41.0346 0
      vertex 12.6894 -40.9963 0
      vertex 13.1566 -41.0269 0
    endloop
  endfacet
  facet normal 0 0 -1
    outer loop
      vertex 2.07845 -1.2 0
      vertex 2.07845 1.2 0
      vertex 6.4818 -1.2 0
    endloop
  endfacet
  facet normal 0 -0 -1
    outer loop
      vertex -4.6669 -4.6669 0
      vertex -4.26872 -4.99367 0
      vertex -6.36395 -6.36395 0
    endloop
  endfacet
  facet normal 0 -0 -1
    outer loop
      vertex -5.36584 11.6939 0
      vertex -3.41933 8.32243 0
      vertex -7.44429 10.4939 0
    endloop
  endfacet
  facet normal 0 0 -1
    outer loop
      vertex -15.5755 -1.2 0
      vertex -15.5755 1.2 0
      vertex -12.8102 -1.2 0
    endloop
  endfacet
  facet normal 0 0 -1
    outer loop
      vertex -18.176 10.4939 0
      vertex -18.6715 12.8888 0
      vertex -8.82697 12.8888 0
    endloop
  endfacet
  facet normal 0 -0 -1
    outer loop
      vertex -6.7485 14.0888 0
      vertex -5.36584 11.6939 0
      vertex -8.82697 12.8888 0
    endloop
  endfacet
  facet normal -0 0 -1
    outer loop
      vertex -5.36584 11.6939 0
      vertex -7.44429 10.4939 0
      vertex -8.82697 12.8888 0
    endloop
  endfacet
  facet normal -0 0 -1
    outer loop
      vertex 1.82623 22.6144 0
      vertex 0 20.9878 0
      vertex 0 23.0174 0
    endloop
  endfacet
  facet normal -0 0 -1
    outer loop
      vertex 0 20.9878 0
      vertex -6.7485 14.0888 0
      vertex -1.82623 22.6144 0
    endloop
  endfacet
  facet normal 0 0 -1
    outer loop
      vertex 3.41933 8.32243 0
      vertex 7.44429 10.4939 0
      vertex 5.47911 7.09012 0
    endloop
  endfacet
  facet normal 0 0 -1
    outer loop
      vertex 5.36584 11.6939 0
      vertex 6.7485 14.0888 0
      vertex 8.82697 12.8888 0
    endloop
  endfacet
  facet normal 0 0 -1
    outer loop
      vertex -15.5755 -1.2 0
      vertex -18.176 -10.4939 0
      vertex -20.4978 -9.72562 0
    endloop
  endfacet
  facet normal 0 0 -1
    outer loop
      vertex -6.36395 -6.36395 0
      vertex -4.26872 -4.99367 0
      vertex -5.47911 -7.09012 0
    endloop
  endfacet
  facet normal 0 0 -1
    outer loop
      vertex -15.5755 1.2 0
      vertex -12.8102 1.2 0
      vertex -12.8102 -1.2 0
    endloop
  endfacet
  facet normal 0 -0 -1
    outer loop
      vertex -18.6715 12.8888 0
      vertex -18.176 10.4939 0
      vertex -19.9337 11.5087 0
    endloop
  endfacet
  facet normal 0 -0 -1
    outer loop
      vertex -18.176 10.4939 0
      vertex -15.5755 1.2 0
      vertex -20.4978 9.72562 0
    endloop
  endfacet
  facet normal 0 -0 -1
    outer loop
      vertex -8.82697 12.8888 0
      vertex -7.44429 10.4939 0
      vertex -18.176 10.4939 0
    endloop
  endfacet
  facet normal 0 0 -1
    outer loop
      vertex -7.44429 10.4939 0
      vertex -3.41933 8.32243 0
      vertex -5.47911 7.09012 0
    endloop
  endfacet
  facet normal 0 0 -1
    outer loop
      vertex 8.82706 1.7558 0
      vertex 6.0976 2.5257 0
      vertex 8.31491 3.44414 0
    endloop
  endfacet
  facet normal 0 0 -1
    outer loop
      vertex -6.47318 1.28758 0
      vertex -8.82706 1.7558 0
      vertex -6.0976 2.5257 0
    endloop
  endfacet
  facet normal -0 0 -1
    outer loop
      vertex -6.47318 1.28758 0
      vertex -8.88181 1.2 0
      vertex -8.82706 1.7558 0
    endloop
  endfacet
  facet normal 0 0 -1
    outer loop
      vertex -6.47318 1.28758 0
      vertex -6.4818 1.2 0
      vertex -8.88181 1.2 0
    endloop
  endfacet
  facet normal 0 0 -1
    outer loop
      vertex 12.8102 1.2 0
      vertex 15.5755 1.2 0
      vertex 15.5755 -1.2 0
    endloop
  endfacet
  facet normal -0 0 -1
    outer loop
      vertex -6.0976 2.5257 0
      vertex -8.82706 1.7558 0
      vertex -8.31491 3.44414 0
    endloop
  endfacet
  facet normal 0 0 -1
    outer loop
      vertex 6.0976 -2.5257 0
      vertex 8.82706 -1.7558 0
      vertex 8.31491 -3.44414 0
    endloop
  endfacet
  facet normal 0 0 -1
    outer loop
      vertex 4.6669 4.6669 0
      vertex 7.48322 5.00012 0
      vertex 5.48769 3.66676 0
    endloop
  endfacet
  facet normal 0 0 -1
    outer loop
      vertex 4.26872 4.99367 0
      vertex 6.36395 6.36395 0
      vertex 4.6669 4.6669 0
    endloop
  endfacet
  facet normal 0 0 -1
    outer loop
      vertex 2.19307 6.1985 0
      vertex 3.41933 8.32243 0
      vertex 5.47911 7.09012 0
    endloop
  endfacet
  facet normal 0 0 -1
    outer loop
      vertex 8.88181 1.2 0
      vertex 6.4818 1.2 0
      vertex 6.47318 1.28758 0
    endloop
  endfacet
  facet normal 0 0 -1
    outer loop
      vertex 0 6.59999 0
      vertex 0 9 0
      vertex 1.7558 8.82706 0
    endloop
  endfacet
  facet normal 0 0 -1
    outer loop
      vertex 8.82697 12.8888 0
      vertex 7.44429 10.4939 0
      vertex 5.36584 11.6939 0
    endloop
  endfacet
  facet normal -0 0 -1
    outer loop
      vertex 7.44429 10.4939 0
      vertex 3.41933 8.32243 0
      vertex 5.36584 11.6939 0
    endloop
  endfacet
  facet normal -0 0 -1
    outer loop
      vertex 18.6715 12.8888 0
      vertex 18.176 10.4939 0
      vertex 8.82697 12.8888 0
    endloop
  endfacet
  facet normal 0 0 -1
    outer loop
      vertex 18.176 10.4939 0
      vertex 15.5755 1.2 0
      vertex 12.8102 1.2 0
    endloop
  endfacet
  facet normal 0 0 -1
    outer loop
      vertex 1.28758 6.47318 0
      vertex 1.7558 8.82706 0
      vertex 2.19307 6.1985 0
    endloop
  endfacet
  facet normal 0 0 -1
    outer loop
      vertex -6.7485 -14.0888 0
      vertex -8.82697 -12.8888 0
      vertex -5.36584 -11.6939 0
    endloop
  endfacet
  facet normal 0 0 -1
    outer loop
      vertex -2.19307 6.1985 0
      vertex -3.41933 8.32243 0
      vertex -1.7558 8.82706 0
    endloop
  endfacet
  facet normal 0 0 -1
    outer loop
      vertex -1.7558 8.82706 0
      vertex 0 9 0
      vertex 0 6.59999 0
    endloop
  endfacet
  facet normal 0 0 -1
    outer loop
      vertex 0 6.59999 0
      vertex 1.7558 8.82706 0
      vertex 1.28758 6.47318 0
    endloop
  endfacet
  facet normal 0 0 -1
    outer loop
      vertex 1.7558 8.82706 0
      vertex 3.41933 8.32243 0
      vertex 2.19307 6.1985 0
    endloop
  endfacet
  facet normal 0 0 -1
    outer loop
      vertex 0 2.39996 0
      vertex 4.26872 4.99367 0
      vertex 2.07845 1.2 0
    endloop
  endfacet
  facet normal 0 0 -1
    outer loop
      vertex 2.19307 6.1985 0
      vertex 5.47911 7.09012 0
      vertex 4.26872 4.99367 0
    endloop
  endfacet
  facet normal 0 0 -1
    outer loop
      vertex 0 2.39996 0
      vertex -4.26872 4.99367 0
      vertex -2.19307 6.1985 0
    endloop
  endfacet
  facet normal 0 0 -1
    outer loop
      vertex -8.88181 -1.2 0
      vertex -8.88181 1.2 0
      vertex -6.4818 -1.2 0
    endloop
  endfacet
  facet normal 0 0 -1
    outer loop
      vertex -2.07845 1.2 0
      vertex -4.26872 4.99367 0
      vertex 0 2.39996 0
    endloop
  endfacet
  facet normal 0 0 -1
    outer loop
      vertex -18.176 -10.4939 0
      vertex -15.5755 -1.2 0
      vertex -12.8102 -1.2 0
    endloop
  endfacet
  facet normal 0 0 -1
    outer loop
      vertex -8.31491 3.44414 0
      vertex -7.48322 5.00012 0
      vertex -6.0976 2.5257 0
    endloop
  endfacet
  facet normal 0 0 -1
    outer loop
      vertex -6.0976 2.5257 0
      vertex -7.48322 5.00012 0
      vertex -5.48769 3.66676 0
    endloop
  endfacet
  facet normal 0 0 -1
    outer loop
      vertex -5.48769 3.66676 0
      vertex -7.48322 5.00012 0
      vertex -4.6669 4.6669 0
    endloop
  endfacet
  facet normal 0 0 -1
    outer loop
      vertex -4.6669 4.6669 0
      vertex -6.36395 6.36395 0
      vertex -4.26872 4.99367 0
    endloop
  endfacet
  facet normal -0 0 -1
    outer loop
      vertex -2.19307 6.1985 0
      vertex -4.26872 4.99367 0
      vertex -5.47911 7.09012 0
    endloop
  endfacet
  facet normal 0 0 -1
    outer loop
      vertex -4.26872 4.99367 0
      vertex -6.36395 6.36395 0
      vertex -5.47911 7.09012 0
    endloop
  endfacet
  facet normal 0 0 -1
    outer loop
      vertex 2.07845 1.2 0
      vertex 6.4818 1.2 0
      vertex 6.4818 -1.2 0
    endloop
  endfacet
  facet normal 0 0 -1
    outer loop
      vertex 6.47318 1.28758 0
      vertex 8.82706 1.7558 0
      vertex 8.88181 1.2 0
    endloop
  endfacet
  facet normal 0 0 -1
    outer loop
      vertex 0 2.39996 0
      vertex 2.07845 1.2 0
      vertex 2.07845 -1.2 0
    endloop
  endfacet
  facet normal -0 0 -1
    outer loop
      vertex 6.36395 6.36395 0
      vertex 4.26872 4.99367 0
      vertex 5.47911 7.09012 0
    endloop
  endfacet
  facet normal -0 0 -1
    outer loop
      vertex 4.26872 4.99367 0
      vertex 0 2.39996 0
      vertex 2.19307 6.1985 0
    endloop
  endfacet
  facet normal -0 0 -1
    outer loop
      vertex 7.48322 5.00012 0
      vertex 4.6669 4.6669 0
      vertex 6.36395 6.36395 0
    endloop
  endfacet
  facet normal 0 0 -1
    outer loop
      vertex 6.0976 2.5257 0
      vertex 5.48769 3.66676 0
      vertex 7.48322 5.00012 0
    endloop
  endfacet
  facet normal -0 0 -1
    outer loop
      vertex 8.31491 3.44414 0
      vertex 6.0976 2.5257 0
      vertex 7.48322 5.00012 0
    endloop
  endfacet
  facet normal -0 0 -1
    outer loop
      vertex 8.82706 1.7558 0
      vertex 6.47318 1.28758 0
      vertex 6.0976 2.5257 0
    endloop
  endfacet
  facet normal 0 0 -1
    outer loop
      vertex 47.7803 -3.92313 0
      vertex 47 -1.7 0
      vertex 47.3316 -1.66733 0
    endloop
  endfacet
  facet normal 0 0 -1
    outer loop
      vertex 48.7 0 0
      vertex 50.9231 0.78035 0
      vertex 51 0 0
    endloop
  endfacet
  facet normal 0 0 -1
    outer loop
      vertex 44.1716 -2.82841 0
      vertex 45.7979 -1.20207 0
      vertex 46.0555 -1.4135 0
    endloop
  endfacet
  facet normal 0 0 -1
    outer loop
      vertex 44.1716 -2.82841 0
      vertex 46.0555 -1.4135 0
      vertex 44.7777 -3.32587 0
    endloop
  endfacet
  facet normal 0 0 -1
    outer loop
      vertex 45.6414 -1.01129 0
      vertex 44.1716 -2.82841 0
      vertex 43.6741 -2.22227 0
    endloop
  endfacet
  facet normal 0 0 -1
    outer loop
      vertex 43.3045 -1.53073 0
      vertex 45.6414 -1.01129 0
      vertex 43.6741 -2.22227 0
    endloop
  endfacet
  facet normal 0 0 -1
    outer loop
      vertex 43.3045 -1.53073 0
      vertex 43.2042 -1.2 0
      vertex 45.6414 -1.01129 0
    endloop
  endfacet
  facet normal 0 0 -1
    outer loop
      vertex 45.9978 -0.666672 0
      vertex 45.8485 -0.848526 0
      vertex 45.6414 -1.01129 0
    endloop
  endfacet
  facet normal -0 -0 -1
    outer loop
      vertex 45.6667 0.997757 0
      vertex 45.8485 0.848526 0
      vertex 45.6414 1.01129 0
    endloop
  endfacet
  facet normal 0 0 -1
    outer loop
      vertex 46.3494 1.57059 0
      vertex 45.4693 3.69551 0
      vertex 46.2197 3.92313 0
    endloop
  endfacet
  facet normal 0 0 -1
    outer loop
      vertex 47 1.7 0
      vertex 47 4 0
      vertex 47.7803 3.92313 0
    endloop
  endfacet
  facet normal -0 0 -1
    outer loop
      vertex 46.6684 1.66733 0
      vertex 46.3494 1.57059 0
      vertex 46.2197 3.92313 0
    endloop
  endfacet
  facet normal 0 0 -1
    outer loop
      vertex 44.7777 3.32587 0
      vertex 45.4693 3.69551 0
      vertex 46.0555 1.4135 0
    endloop
  endfacet
  facet normal -0 0 -1
    outer loop
      vertex 46.0555 1.4135 0
      vertex 45.7979 1.20207 0
      vertex 44.1716 2.82841 0
    endloop
  endfacet
  facet normal 0 -0 -1
    outer loop
      vertex 44.7777 3.32587 0
      vertex 46.0555 1.4135 0
      vertex 44.1716 2.82841 0
    endloop
  endfacet
  facet normal -0 -0 -1
    outer loop
      vertex 45.6414 1.01129 0
      vertex 45.6414 -1.01129 0
      vertex 43.2042 1.2 0
    endloop
  endfacet
  facet normal -0 0 -1
    outer loop
      vertex 45.7979 1.20207 0
      vertex 45.6414 1.01129 0
      vertex 44.1716 2.82841 0
    endloop
  endfacet
  facet normal 0 0 -1
    outer loop
      vertex 43.3045 1.53073 0
      vertex 43.6741 2.22227 0
      vertex 45.6414 1.01129 0
    endloop
  endfacet
  facet normal 0 0 -1
    outer loop
      vertex 45.6414 1.01129 0
      vertex 43.6741 2.22227 0
      vertex 44.1716 2.82841 0
    endloop
  endfacet
  facet normal 0 -0 -1
    outer loop
      vertex 43.3045 1.53073 0
      vertex 45.6414 1.01129 0
      vertex 43.2042 1.2 0
    endloop
  endfacet
  facet normal 0 0 -1
    outer loop
      vertex 45.4693 3.69551 0
      vertex 46.3494 1.57059 0
      vertex 46.0555 1.4135 0
    endloop
  endfacet
  facet normal 0 0 -1
    outer loop
      vertex 46.2197 3.92313 0
      vertex 47 1.7 0
      vertex 46.6684 1.66733 0
    endloop
  endfacet
  facet normal 0 0 -1
    outer loop
      vertex 47.3316 1.66733 0
      vertex 47 1.7 0
      vertex 47.7803 3.92313 0
    endloop
  endfacet
  facet normal -0 0 -1
    outer loop
      vertex 48.5307 3.69551 0
      vertex 47.6506 1.57059 0
      vertex 47.7803 3.92313 0
    endloop
  endfacet
  facet normal 0 0 -1
    outer loop
      vertex 47.6506 1.57059 0
      vertex 47.3316 1.66733 0
      vertex 47.7803 3.92313 0
    endloop
  endfacet
  facet normal 0 0 -1
    outer loop
      vertex 48.5307 3.69551 0
      vertex 47.9445 1.4135 0
      vertex 47.6506 1.57059 0
    endloop
  endfacet
  facet normal 0 0 -1
    outer loop
      vertex 48.2021 1.20207 0
      vertex 47.9445 1.4135 0
      vertex 49.8284 2.82841 0
    endloop
  endfacet
  facet normal -0 0 -1
    outer loop
      vertex 50.3259 2.22227 0
      vertex 48.4135 0.944458 0
      vertex 49.8284 2.82841 0
    endloop
  endfacet
  facet normal 0 0 -1
    outer loop
      vertex 48.4135 0.944458 0
      vertex 48.2021 1.20207 0
      vertex 49.8284 2.82841 0
    endloop
  endfacet
  facet normal 0 -0 -1
    outer loop
      vertex 50.3259 2.22227 0
      vertex 50.6955 1.53073 0
      vertex 48.4135 0.944458 0
    endloop
  endfacet
  facet normal 0 -0 -1
    outer loop
      vertex 50.6955 1.53073 0
      vertex 50.9231 0.78035 0
      vertex 48.5706 0.650558 0
    endloop
  endfacet
  facet normal 0 0 -1
    outer loop
      vertex 50.9231 0.78035 0
      vertex 48.7 0 0
      vertex 48.6673 0.33165 0
    endloop
  endfacet
  facet normal -0 0 -1
    outer loop
      vertex 51 0 0
      vertex 50.9231 -0.78035 0
      vertex 48.7 0 0
    endloop
  endfacet
  facet normal 0 -0 -1
    outer loop
      vertex 48.7 0 0
      vertex 50.9231 -0.78035 0
      vertex 48.6673 -0.33165 0
    endloop
  endfacet
  facet normal -0 0 -1
    outer loop
      vertex 50.9231 -0.78035 0
      vertex 50.6955 -1.53073 0
      vertex 48.5706 -0.650558 0
    endloop
  endfacet
  facet normal 0 -0 -1
    outer loop
      vertex 48.5706 -0.650558 0
      vertex 50.6955 -1.53073 0
      vertex 48.4135 -0.944458 0
    endloop
  endfacet
  facet normal 0 0 -1
    outer loop
      vertex 48.4135 -0.944458 0
      vertex 50.6955 -1.53073 0
      vertex 50.3259 -2.22227 0
    endloop
  endfacet
  facet normal 0 0 -1
    outer loop
      vertex 48.2021 -1.20207 0
      vertex 48.4135 -0.944458 0
      vertex 49.8284 -2.82841 0
    endloop
  endfacet
  facet normal 0 0 -1
    outer loop
      vertex 47.9445 -1.4135 0
      vertex 48.2021 -1.20207 0
      vertex 49.8284 -2.82841 0
    endloop
  endfacet
  facet normal 0 0 -1
    outer loop
      vertex 48.5307 -3.69551 0
      vertex 47.9445 -1.4135 0
      vertex 49.2223 -3.32587 0
    endloop
  endfacet
  facet normal 0 0 -1
    outer loop
      vertex 47.7803 -3.92313 0
      vertex 47.6506 -1.57059 0
      vertex 48.5307 -3.69551 0
    endloop
  endfacet
  facet normal 0 0 -1
    outer loop
      vertex 47.7803 -3.92313 0
      vertex 47.3316 -1.66733 0
      vertex 47.6506 -1.57059 0
    endloop
  endfacet
  facet normal 0 0 -1
    outer loop
      vertex 1.7558 -8.82706 0
      vertex 1.28758 -6.47318 0
      vertex 2.19307 -6.1985 0
    endloop
  endfacet
  facet normal 0 -0 -1
    outer loop
      vertex -6.47318 -1.28758 0
      vertex -6.0976 -2.5257 0
      vertex -8.82706 -1.7558 0
    endloop
  endfacet
  facet normal 0 0 -1
    outer loop
      vertex -20.4978 -9.72562 0
      vertex -18.176 -10.4939 0
      vertex -19.9337 -11.5087 0
    endloop
  endfacet
  facet normal 0 -0 -1
    outer loop
      vertex -18.176 -10.4939 0
      vertex -8.82697 -12.8888 0
      vertex -18.6715 -12.8888 0
    endloop
  endfacet
  facet normal 0 0 -1
    outer loop
      vertex -12.8102 -1.2 0
      vertex -12.8102 1.2 0
      vertex -8.88181 -1.2 0
    endloop
  endfacet
  facet normal 0 0 -1
    outer loop
      vertex -6.0976 -2.5257 0
      vertex -7.48322 -5.00012 0
      vertex -8.31491 -3.44414 0
    endloop
  endfacet
  facet normal 0 0 -1
    outer loop
      vertex -8.88181 -1.2 0
      vertex -12.8102 1.2 0
      vertex -8.88181 1.2 0
    endloop
  endfacet
  facet normal 0 0 -1
    outer loop
      vertex -4.6669 -4.6669 0
      vertex -6.36395 -6.36395 0
      vertex -7.48322 -5.00012 0
    endloop
  endfacet
  facet normal 0 0 -1
    outer loop
      vertex -8.88181 1.2 0
      vertex -6.4818 1.2 0
      vertex -6.4818 -1.2 0
    endloop
  endfacet
  facet normal -0 0 -1
    outer loop
      vertex -1.28758 -6.47318 0
      vertex -1.7558 -8.82706 0
      vertex -2.19307 -6.1985 0
    endloop
  endfacet
  facet normal 0 0 -1
    outer loop
      vertex 0 -6.59999 0
      vertex 1.28758 -6.47318 0
      vertex 1.7558 -8.82706 0
    endloop
  endfacet
  facet normal -0 0 -1
    outer loop
      vertex 8.82697 -12.8888 0
      vertex 6.7485 -14.0888 0
      vertex 5.36584 -11.6939 0
    endloop
  endfacet
  facet normal 0 0 -1
    outer loop
      vertex 7.48322 -5.00012 0
      vertex 6.0976 -2.5257 0
      vertex 8.31491 -3.44414 0
    endloop
  endfacet
  facet normal 0 -0 -1
    outer loop
      vertex 0 2.39996 0
      vertex 0 -2.39996 0
      vertex -2.07845 1.2 0
    endloop
  endfacet
  facet normal 0 0 -1
    outer loop
      vertex 6.4818 -1.2 0
      vertex 6.4818 1.2 0
      vertex 8.88181 -1.2 0
    endloop
  endfacet
  facet normal 0 0 -1
    outer loop
      vertex 6.36395 -6.36395 0
      vertex 4.6669 -4.6669 0
      vertex 7.48322 -5.00012 0
    endloop
  endfacet
  facet normal 0 0 -1
    outer loop
      vertex 12.8102 1.2 0
      vertex 15.5755 -1.2 0
      vertex 12.8102 -1.2 0
    endloop
  endfacet
  facet normal 0 0 -1
    outer loop
      vertex 4.26872 -4.99367 0
      vertex 6.36395 -6.36395 0
      vertex 5.47911 -7.09012 0
    endloop
  endfacet
  facet normal 0 -0 -1
    outer loop
      vertex 4.6669 -4.6669 0
      vertex 6.36395 -6.36395 0
      vertex 4.26872 -4.99367 0
    endloop
  endfacet
  facet normal 0 0 -1
    outer loop
      vertex 5.36584 -11.6939 0
      vertex 7.44429 -10.4939 0
      vertex 8.82697 -12.8888 0
    endloop
  endfacet
  facet normal 0 -0 -1
    outer loop
      vertex 18.176 -10.4939 0
      vertex 18.6715 -12.8888 0
      vertex 8.82697 -12.8888 0
    endloop
  endfacet
  facet normal 0 -0 -1
    outer loop
      vertex 4.26872 -4.99367 0
      vertex 5.47911 -7.09012 0
      vertex 2.19307 -6.1985 0
    endloop
  endfacet
  facet normal -0 0 -1
    outer loop
      vertex 18.176 -10.4939 0
      vertex 8.82697 -12.8888 0
      vertex 7.44429 -10.4939 0
    endloop
  endfacet
  facet normal 0 0 -1
    outer loop
      vertex 7.48322 -5.00012 0
      vertex 4.6669 -4.6669 0
      vertex 5.48769 -3.66676 0
    endloop
  endfacet
  facet normal 0 -0 -1
    outer loop
      vertex 6.0976 -2.5257 0
      vertex 7.48322 -5.00012 0
      vertex 5.48769 -3.66676 0
    endloop
  endfacet
  facet normal 0 0 -1
    outer loop
      vertex 6.47318 -1.28758 0
      vertex 8.88181 -1.2 0
      vertex 8.82706 -1.7558 0
    endloop
  endfacet
  facet normal 0 0 -1
    outer loop
      vertex 6.47318 -1.28758 0
      vertex 6.4818 -1.2 0
      vertex 8.88181 -1.2 0
    endloop
  endfacet
  facet normal 0 0 -1
    outer loop
      vertex 12.8102 -1.2 0
      vertex 8.88181 -1.2 0
      vertex 8.88181 1.2 0
    endloop
  endfacet
  facet normal 0 0 -1
    outer loop
      vertex 8.88181 -1.2 0
      vertex 6.4818 1.2 0
      vertex 8.88181 1.2 0
    endloop
  endfacet
  facet normal -0 -0 -1
    outer loop
      vertex 12.8102 1.2 0
      vertex 12.8102 -1.2 0
      vertex 8.88181 1.2 0
    endloop
  endfacet
  facet normal 0 0 -1
    outer loop
      vertex 18.176 -10.4939 0
      vertex 19.9337 -11.5087 0
      vertex 18.6715 -12.8888 0
    endloop
  endfacet
  facet normal 0 0 -1
    outer loop
      vertex -2.07845 -1.2 0
      vertex -6.4818 -1.2 0
      vertex -6.4818 1.2 0
    endloop
  endfacet
  facet normal 0 -0 -1
    outer loop
      vertex -5.48769 -3.66676 0
      vertex -4.6669 -4.6669 0
      vertex -7.48322 -5.00012 0
    endloop
  endfacet
  facet normal 0 -0 -1
    outer loop
      vertex -6.0976 -2.5257 0
      vertex -5.48769 -3.66676 0
      vertex -7.48322 -5.00012 0
    endloop
  endfacet
  facet normal 0 0 -1
    outer loop
      vertex -8.82706 -1.7558 0
      vertex -6.0976 -2.5257 0
      vertex -8.31491 -3.44414 0
    endloop
  endfacet
  facet normal 0 0 -1
    outer loop
      vertex -8.88181 -1.2 0
      vertex -6.47318 -1.28758 0
      vertex -8.82706 -1.7558 0
    endloop
  endfacet
  facet normal 0 0 -1
    outer loop
      vertex -8.88181 -1.2 0
      vertex -6.4818 -1.2 0
      vertex -6.47318 -1.28758 0
    endloop
  endfacet
  facet normal -0 -0 -1
    outer loop
      vertex -2.07845 1.2 0
      vertex -2.07845 -1.2 0
      vertex -6.4818 1.2 0
    endloop
  endfacet
  facet normal 0 0 -1
    outer loop
      vertex 0 -2.39996 0
      vertex -2.19307 -6.1985 0
      vertex -4.26872 -4.99367 0
    endloop
  endfacet
  facet normal 0 0 -1
    outer loop
      vertex 4.26872 -4.99367 0
      vertex 0 -2.39996 0
      vertex 2.07845 -1.2 0
    endloop
  endfacet
  facet normal 0 0 -1
    outer loop
      vertex -8.82697 -12.8888 0
      vertex -7.44429 -10.4939 0
      vertex -5.36584 -11.6939 0
    endloop
  endfacet
  facet normal 0 0 -1
    outer loop
      vertex -5.36584 -11.6939 0
      vertex -7.44429 -10.4939 0
      vertex -3.41933 -8.32243 0
    endloop
  endfacet
  facet normal 0 -0 -1
    outer loop
      vertex -4.26872 -4.99367 0
      vertex -2.19307 -6.1985 0
      vertex -5.47911 -7.09012 0
    endloop
  endfacet
  facet normal -0 0 -1
    outer loop
      vertex 2.07845 -1.2 0
      vertex 0 -2.39996 0
      vertex 0 2.39996 0
    endloop
  endfacet
  facet normal -0 0 -1
    outer loop
      vertex 0 -2.39996 0
      vertex -4.26872 -4.99367 0
      vertex -2.07845 -1.2 0
    endloop
  endfacet
  facet normal -0 0 -1
    outer loop
      vertex 4.26872 -4.99367 0
      vertex 2.19307 -6.1985 0
      vertex 0 -2.39996 0
    endloop
  endfacet
  facet normal 0 0 -1
    outer loop
      vertex 0 -9 0
      vertex -1.7558 -8.82706 0
      vertex 0 -6.59999 0
    endloop
  endfacet
  facet normal 0 0 -1
    outer loop
      vertex 1.82623 -22.6144 0
      vertex 0 -20.9878 0
      vertex 6.7485 -14.0888 0
    endloop
  endfacet
  facet normal -0 0 -1
    outer loop
      vertex 0 -20.9878 0
      vertex -1.82623 -22.6144 0
      vertex -6.7485 -14.0888 0
    endloop
  endfacet
  facet normal 0 0 -1
    outer loop
      vertex -6.7485 -14.0888 0
      vertex -5.36584 -11.6939 0
      vertex 0 -20.9878 0
    endloop
  endfacet
  facet normal 0 0 -1
    outer loop
      vertex -3.41933 -8.32243 0
      vertex -2.19307 -6.1985 0
      vertex -1.7558 -8.82706 0
    endloop
  endfacet
  facet normal 0 0 -1
    outer loop
      vertex -2.19307 -6.1985 0
      vertex -3.41933 -8.32243 0
      vertex -5.47911 -7.09012 0
    endloop
  endfacet
  facet normal -0 0 -1
    outer loop
      vertex -3.41933 -8.32243 0
      vertex -7.44429 -10.4939 0
      vertex -5.47911 -7.09012 0
    endloop
  endfacet
  facet normal -0 0 -1
    outer loop
      vertex 0 -6.59999 0
      vertex -1.7558 -8.82706 0
      vertex -1.28758 -6.47318 0
    endloop
  endfacet
  facet normal 0 0 -1
    outer loop
      vertex 0 -9 0
      vertex 0 -6.59999 0
      vertex 1.7558 -8.82706 0
    endloop
  endfacet
  facet normal 0 0 -1
    outer loop
      vertex 1.7558 -8.82706 0
      vertex 2.19307 -6.1985 0
      vertex 3.41933 -8.32243 0
    endloop
  endfacet
  facet normal 0 0 -1
    outer loop
      vertex 7.44429 -10.4939 0
      vertex 3.41933 -8.32243 0
      vertex 5.47911 -7.09012 0
    endloop
  endfacet
  facet normal 0 0 -1
    outer loop
      vertex 3.41933 -8.32243 0
      vertex 2.19307 -6.1985 0
      vertex 5.47911 -7.09012 0
    endloop
  endfacet
  facet normal -0 0 -1
    outer loop
      vertex 7.44429 -10.4939 0
      vertex 5.36584 -11.6939 0
      vertex 3.41933 -8.32243 0
    endloop
  endfacet
  facet normal 0 0 1
    outer loop
      vertex 20.077 -32.3743 2.4
      vertex 18.6943 -29.9795 2.4
      vertex 16.6158 -31.1795 2.4
    endloop
  endfacet
  facet normal 0 0 1
    outer loop
      vertex 13.6 -40.8764 2.4
      vertex 13.1566 -41.0269 2.4
      vertex 13.3857 -40.9735 2.4
    endloop
  endfacet
  facet normal 0 -0 1
    outer loop
      vertex 13.6 -40.8764 2.4
      vertex 13.952 -40.5677 2.4
      vertex 13.1566 -41.0269 2.4
    endloop
  endfacet
  facet normal 0 0 1
    outer loop
      vertex 13.6 -40.8764 2.4
      vertex 13.7912 -40.7394 2.4
      vertex 13.952 -40.5677 2.4
    endloop
  endfacet
  facet normal 0 -0 1
    outer loop
      vertex 13.952 -40.5677 2.4
      vertex 14.0762 -40.3679 2.4
      vertex 11.9237 -39.3064 2.4
    endloop
  endfacet
  facet normal 0 0 1
    outer loop
      vertex 13.952 -40.5677 2.4
      vertex 11.9237 -39.3064 2.4
      vertex 11.8026 -39.7587 2.4
    endloop
  endfacet
  facet normal 0 0 1
    outer loop
      vertex 3.84425 -36.3668 2.4
      vertex 4.29651 -36.4879 2.4
      vertex 4.53163 -36.4802 2.4
    endloop
  endfacet
  facet normal 0 0 1
    outer loop
      vertex 5.32701 -36.021 2.4
      vertex 4.53163 -36.4802 2.4
      vertex 4.97499 -36.3298 2.4
    endloop
  endfacet
  facet normal -0 -0 1
    outer loop
      vertex 21.5978 -39.7623 2.4
      vertex 21.7695 -39.9231 2.4
      vertex 21.4608 -39.5711 2.4
    endloop
  endfacet
  facet normal 0 0 1
    outer loop
      vertex 22.4215 -40.1685 2.4
      vertex 21.7695 -39.9231 2.4
      vertex 21.9692 -40.0474 2.4
    endloop
  endfacet
  facet normal 0 0 1
    outer loop
      vertex 22.4215 -40.1685 2.4
      vertex 21.9692 -40.0474 2.4
      vertex 22.1894 -40.1302 2.4
    endloop
  endfacet
  facet normal 0 -0 1
    outer loop
      vertex 22.6566 -40.1609 2.4
      vertex 23.452 -39.7016 2.4
      vertex 22.4215 -40.1685 2.4
    endloop
  endfacet
  facet normal 0 -0 1
    outer loop
      vertex 23.1 -40.0104 2.4
      vertex 23.452 -39.7016 2.4
      vertex 22.6566 -40.1609 2.4
    endloop
  endfacet
  facet normal 0 0 1
    outer loop
      vertex 23.1 -40.0104 2.4
      vertex 22.6566 -40.1609 2.4
      vertex 22.8857 -40.1075 2.4
    endloop
  endfacet
  facet normal 0 -0 1
    outer loop
      vertex 23.2912 -39.8734 2.4
      vertex 23.452 -39.7016 2.4
      vertex 23.1 -40.0104 2.4
    endloop
  endfacet
  facet normal 0 -0 1
    outer loop
      vertex 23.452 -39.7016 2.4
      vertex 23.5762 -39.5019 2.4
      vertex 22.4215 -40.1685 2.4
    endloop
  endfacet
  facet normal 0 0 1
    outer loop
      vertex 23.5762 -39.5019 2.4
      vertex 23.6974 -39.0496 2.4
      vertex 23.6897 -38.8145 2.4
    endloop
  endfacet
  facet normal 0 -0 1
    outer loop
      vertex 23.5762 -39.5019 2.4
      vertex 23.6897 -38.8145 2.4
      vertex 22.4215 -40.1685 2.4
    endloop
  endfacet
  facet normal 0 0 1
    outer loop
      vertex 23.6974 -39.0496 2.4
      vertex 23.5762 -39.5019 2.4
      vertex 23.6591 -39.2817 2.4
    endloop
  endfacet
  facet normal 0 0 1
    outer loop
      vertex 23.6897 -38.8145 2.4
      vertex 21.7695 -39.9231 2.4
      vertex 22.4215 -40.1685 2.4
    endloop
  endfacet
  facet normal 0 -0 1
    outer loop
      vertex -13.952 -40.5677 2.4
      vertex -11.9237 -39.3064 2.4
      vertex -14.0762 -40.3679 2.4
    endloop
  endfacet
  facet normal 0 0 1
    outer loop
      vertex 23.5392 -38.3711 2.4
      vertex 21.7695 -39.9231 2.4
      vertex 23.6897 -38.8145 2.4
    endloop
  endfacet
  facet normal 0 0 1
    outer loop
      vertex 23.5392 -38.3711 2.4
      vertex 23.6897 -38.8145 2.4
      vertex 23.6363 -38.5854 2.4
    endloop
  endfacet
  facet normal -0 0 1
    outer loop
      vertex 21.4608 -39.5711 2.4
      vertex 21.7695 -39.9231 2.4
      vertex 23.5392 -38.3711 2.4
    endloop
  endfacet
  facet normal 0 -0 1
    outer loop
      vertex 21.4608 -39.5711 2.4
      vertex 23.5392 -38.3711 2.4
      vertex 17.9985 -33.5743 2.4
    endloop
  endfacet
  facet normal 0 0 1
    outer loop
      vertex 23.5392 -38.3711 2.4
      vertex 20.077 -32.3743 2.4
      vertex 17.9985 -33.5743 2.4
    endloop
  endfacet
  facet normal 0 0 1
    outer loop
      vertex 28.6 -32.2161 2.4
      vertex 28.1566 -32.3666 2.4
      vertex 28.3857 -32.3132 2.4
    endloop
  endfacet
  facet normal 0 -0 1
    outer loop
      vertex 28.7912 -32.0791 2.4
      vertex 28.952 -31.9074 2.4
      vertex 28.6 -32.2161 2.4
    endloop
  endfacet
  facet normal 0 0 1
    outer loop
      vertex 28.952 -31.9074 2.4
      vertex 28.1566 -32.3666 2.4
      vertex 28.6 -32.2161 2.4
    endloop
  endfacet
  facet normal 0 -0 1
    outer loop
      vertex 29.1591 -31.4875 2.4
      vertex 29.1974 -31.2554 2.4
      vertex 28.952 -31.9074 2.4
    endloop
  endfacet
  facet normal 0 0 1
    outer loop
      vertex 29.1591 -31.4875 2.4
      vertex 28.952 -31.9074 2.4
      vertex 29.0762 -31.7077 2.4
    endloop
  endfacet
  facet normal 0 0 1
    outer loop
      vertex 29.1974 -31.2554 2.4
      vertex 29.1363 -30.7912 2.4
      vertex 28.952 -31.9074 2.4
    endloop
  endfacet
  facet normal 0 0 1
    outer loop
      vertex 29.1897 -31.0203 2.4
      vertex 29.1363 -30.7912 2.4
      vertex 29.1974 -31.2554 2.4
    endloop
  endfacet
  facet normal 0 0 1
    outer loop
      vertex 49.8284 2.82841 2.4
      vertex 49.2223 3.32587 2.4
      vertex 47.9445 1.4135 2.4
    endloop
  endfacet
  facet normal 0 0 1
    outer loop
      vertex 29.1363 -30.7912 2.4
      vertex 28.9022 -30.3857 2.4
      vertex 28.5307 -30.1007 2.4
    endloop
  endfacet
  facet normal 0 0 1
    outer loop
      vertex 28.9022 -30.3857 2.4
      vertex 28.7305 -30.2249 2.4
      vertex 28.5307 -30.1007 2.4
    endloop
  endfacet
  facet normal 0 0 1
    outer loop
      vertex 28.9022 -30.3857 2.4
      vertex 29.1363 -30.7912 2.4
      vertex 29.0392 -30.5769 2.4
    endloop
  endfacet
  facet normal 0 0 1
    outer loop
      vertex -33.8586 -13.3972 2.4
      vertex -33.9269 -13.6223 2.4
      vertex -33.95 -13.8564 2.4
    endloop
  endfacet
  facet normal 0 0 1
    outer loop
      vertex 29.1363 -30.7912 2.4
      vertex 28.5307 -30.1007 2.4
      vertex 28.0785 -29.9795 2.4
    endloop
  endfacet
  facet normal 0 0 1
    outer loop
      vertex 29.1363 -30.7912 2.4
      vertex 28.0785 -29.9795 2.4
      vertex 28.952 -31.9074 2.4
    endloop
  endfacet
  facet normal 0 0 1
    outer loop
      vertex 28.3106 -30.0178 2.4
      vertex 28.0785 -29.9795 2.4
      vertex 28.5307 -30.1007 2.4
    endloop
  endfacet
  facet normal 0 0 1
    outer loop
      vertex 28.0785 -29.9795 2.4
      vertex 28.1566 -32.3666 2.4
      vertex 28.952 -31.9074 2.4
    endloop
  endfacet
  facet normal 0 0 1
    outer loop
      vertex 27.9215 -32.3743 2.4
      vertex 28.1566 -32.3666 2.4
      vertex 28.0785 -29.9795 2.4
    endloop
  endfacet
  facet normal 0 0 1
    outer loop
      vertex 28.975 -22.4734 2.4
      vertex 28.5316 -22.6238 2.4
      vertex 28.7607 -22.5704 2.4
    endloop
  endfacet
  facet normal 0 -0 1
    outer loop
      vertex 27.9215 -32.3743 2.4
      vertex 28.0785 -29.9795 2.4
      vertex 20.077 -32.3743 2.4
    endloop
  endfacet
  facet normal 0 0 1
    outer loop
      vertex 28.0785 -29.9795 2.4
      vertex 18.6943 -29.9795 2.4
      vertex 20.077 -32.3743 2.4
    endloop
  endfacet
  facet normal 0 0 1
    outer loop
      vertex 0 -23.0174 2.4
      vertex -1.13573 -23.22 2.4
      vertex -0.906631 -23.2734 2.4
    endloop
  endfacet
  facet normal 0 -0 1
    outer loop
      vertex 29.1662 -22.3363 2.4
      vertex 29.327 -22.1646 2.4
      vertex 28.975 -22.4734 2.4
    endloop
  endfacet
  facet normal 0 0 1
    outer loop
      vertex 29.327 -22.1646 2.4
      vertex 28.5316 -22.6238 2.4
      vertex 28.975 -22.4734 2.4
    endloop
  endfacet
  facet normal 0 -0 1
    outer loop
      vertex 29.5341 -21.7447 2.4
      vertex 29.5724 -21.5126 2.4
      vertex 29.327 -22.1646 2.4
    endloop
  endfacet
  facet normal 0 0 1
    outer loop
      vertex 29.5341 -21.7447 2.4
      vertex 29.327 -22.1646 2.4
      vertex 29.4512 -21.9649 2.4
    endloop
  endfacet
  facet normal 0 0 1
    outer loop
      vertex 29.5724 -21.5126 2.4
      vertex 28.9057 -20.3579 2.4
      vertex 29.327 -22.1646 2.4
    endloop
  endfacet
  facet normal 0 0 1
    outer loop
      vertex 29.5647 -21.2775 2.4
      vertex 29.5113 -21.0484 2.4
      vertex 29.5724 -21.5126 2.4
    endloop
  endfacet
  facet normal 0 0 1
    outer loop
      vertex 29.5113 -21.0484 2.4
      vertex 28.9057 -20.3579 2.4
      vertex 29.5724 -21.5126 2.4
    endloop
  endfacet
  facet normal 0 0 1
    outer loop
      vertex 29.4142 -20.8341 2.4
      vertex 29.2772 -20.6429 2.4
      vertex 28.9057 -20.3579 2.4
    endloop
  endfacet
  facet normal 0 0 1
    outer loop
      vertex 29.2772 -20.6429 2.4
      vertex 29.1055 -20.4821 2.4
      vertex 28.9057 -20.3579 2.4
    endloop
  endfacet
  facet normal 0 0 1
    outer loop
      vertex 29.4142 -20.8341 2.4
      vertex 28.9057 -20.3579 2.4
      vertex 29.5113 -21.0484 2.4
    endloop
  endfacet
  facet normal 0 0 1
    outer loop
      vertex 31.7522 -14.5231 2.4
      vertex 31.9015 -14.7049 2.4
      vertex 32.0833 -14.8542 2.4
    endloop
  endfacet
  facet normal 0 0 1
    outer loop
      vertex 28.9057 -20.3579 2.4
      vertex 28.5316 -22.6238 2.4
      vertex 29.327 -22.1646 2.4
    endloop
  endfacet
  facet normal 0 -0 1
    outer loop
      vertex 47 1.7 2.4
      vertex 47 4 2.4
      vertex 46.2197 3.92313 2.4
    endloop
  endfacet
  facet normal 0 0 1
    outer loop
      vertex 28.6856 -20.275 2.4
      vertex 28.5316 -22.6238 2.4
      vertex 28.9057 -20.3579 2.4
    endloop
  endfacet
  facet normal 0 0 1
    outer loop
      vertex 28.2965 -22.6315 2.4
      vertex 28.5316 -22.6238 2.4
      vertex 28.6856 -20.275 2.4
    endloop
  endfacet
  facet normal 0 0 1
    outer loop
      vertex 19.9337 -11.5087 2.4
      vertex 19.9592 -11.5009 2.4
      vertex 20.1667 -11.3901 2.4
    endloop
  endfacet
  facet normal 0 0 1
    outer loop
      vertex 28.2965 -22.6315 2.4
      vertex 28.6856 -20.275 2.4
      vertex 28.4535 -20.2367 2.4
    endloop
  endfacet
  facet normal 0 -0 1
    outer loop
      vertex 28.2965 -22.6315 2.4
      vertex 28.4535 -20.2367 2.4
      vertex 14.452 -22.6315 2.4
    endloop
  endfacet
  facet normal 0 -0 1
    outer loop
      vertex 19.35 -12.7306 2.4
      vertex 19.9337 -11.5087 2.4
      vertex 19.1357 -12.8277 2.4
    endloop
  endfacet
  facet normal 0 0 1
    outer loop
      vertex 28.4535 -20.2367 2.4
      vertex 13.0693 -20.2367 2.4
      vertex 14.452 -22.6315 2.4
    endloop
  endfacet
  facet normal 0 0 1
    outer loop
      vertex 1.54121 22.9858 2.4
      vertex 1.34999 23.1229 2.4
      vertex 0 23.0174 2.4
    endloop
  endfacet
  facet normal 0 0 1
    outer loop
      vertex 19.5412 -12.5936 2.4
      vertex 19.702 -12.4218 2.4
      vertex 19.9337 -11.5087 2.4
    endloop
  endfacet
  facet normal 0 -0 1
    outer loop
      vertex 19.5412 -12.5936 2.4
      vertex 19.9337 -11.5087 2.4
      vertex 19.35 -12.7306 2.4
    endloop
  endfacet
  facet normal 0 -0 1
    outer loop
      vertex 19.8262 -12.2221 2.4
      vertex 19.9337 -11.5087 2.4
      vertex 19.702 -12.4218 2.4
    endloop
  endfacet
  facet normal 0 -0 1
    outer loop
      vertex 19.9091 -12.0019 2.4
      vertex 19.9337 -11.5087 2.4
      vertex 19.8262 -12.2221 2.4
    endloop
  endfacet
  facet normal 0 0 1
    outer loop
      vertex 19.9474 -11.7698 2.4
      vertex 19.9337 -11.5087 2.4
      vertex 19.9091 -12.0019 2.4
    endloop
  endfacet
  facet normal 0 0 1
    outer loop
      vertex 19.9337 -11.5087 2.4
      vertex 18.9066 -12.8811 2.4
      vertex 19.1357 -12.8277 2.4
    endloop
  endfacet
  facet normal 0 0 1
    outer loop
      vertex 19.9337 -11.5087 2.4
      vertex 19.9474 -11.7698 2.4
      vertex 19.9397 -11.5347 2.4
    endloop
  endfacet
  facet normal 0 0 1
    outer loop
      vertex 18.6715 -12.8888 2.4
      vertex 18.9066 -12.8811 2.4
      vertex 19.9337 -11.5087 2.4
    endloop
  endfacet
  facet normal 0 0 1
    outer loop
      vertex 20.6086 -9.93307 2.4
      vertex 19.9337 -11.5087 2.4
      vertex 20.6769 -10.1582 2.4
    endloop
  endfacet
  facet normal 0 0 1
    outer loop
      vertex 19.9337 -11.5087 2.4
      vertex 20.1667 -11.3901 2.4
      vertex 20.3485 -11.2408 2.4
    endloop
  endfacet
  facet normal 0 0 1
    outer loop
      vertex 19.9337 -11.5087 2.4
      vertex 20.3485 -11.2408 2.4
      vertex 20.4978 -11.059 2.4
    endloop
  endfacet
  facet normal 0 0 1
    outer loop
      vertex 19.9337 -11.5087 2.4
      vertex 20.4978 -11.059 2.4
      vertex 20.6086 -10.8515 2.4
    endloop
  endfacet
  facet normal 0 0 1
    outer loop
      vertex 19.9337 -11.5087 2.4
      vertex 20.6086 -10.8515 2.4
      vertex 20.6769 -10.6264 2.4
    endloop
  endfacet
  facet normal 0 0 1
    outer loop
      vertex 19.9337 -11.5087 2.4
      vertex 20.6769 -10.6264 2.4
      vertex 20.7 -10.3923 2.4
    endloop
  endfacet
  facet normal 0 0 1
    outer loop
      vertex 19.9337 -11.5087 2.4
      vertex 20.7 -10.3923 2.4
      vertex 20.6769 -10.1582 2.4
    endloop
  endfacet
  facet normal 0 0 1
    outer loop
      vertex 20.4978 -9.72562 2.4
      vertex 19.9337 -11.5087 2.4
      vertex 20.6086 -9.93307 2.4
    endloop
  endfacet
  facet normal -0 0 1
    outer loop
      vertex 18.176 -10.4939 2.4
      vertex 19.9337 -11.5087 2.4
      vertex 20.4978 -9.72562 2.4
    endloop
  endfacet
  facet normal -0 0 1
    outer loop
      vertex 12.8102 -1.2 2.4
      vertex 18.176 -10.4939 2.4
      vertex 15.5755 -1.2 2.4
    endloop
  endfacet
  facet normal 0 -0 1
    outer loop
      vertex 18.176 -10.4939 2.4
      vertex 20.4978 -9.72562 2.4
      vertex 15.5755 -1.2 2.4
    endloop
  endfacet
  facet normal 0 0 1
    outer loop
      vertex 32.5159 -15.0333 2.4
      vertex 32.0833 -14.8542 2.4
      vertex 32.2908 -14.9651 2.4
    endloop
  endfacet
  facet normal 0 0 1
    outer loop
      vertex 32.75 -15.0564 2.4
      vertex 32.0833 -14.8542 2.4
      vertex 32.5159 -15.0333 2.4
    endloop
  endfacet
  facet normal 0 -0 1
    outer loop
      vertex 32.9841 -15.0333 2.4
      vertex 33.4167 -14.8542 2.4
      vertex 32.75 -15.0564 2.4
    endloop
  endfacet
  facet normal 0 -0 1
    outer loop
      vertex 33.2092 -14.9651 2.4
      vertex 33.4167 -14.8542 2.4
      vertex 32.9841 -15.0333 2.4
    endloop
  endfacet
  facet normal 0 0 1
    outer loop
      vertex 33.4167 -14.8542 2.4
      vertex 32.0833 -14.8542 2.4
      vertex 32.75 -15.0564 2.4
    endloop
  endfacet
  facet normal 0 -0 1
    outer loop
      vertex 33.8586 -14.3156 2.4
      vertex 33.8586 -13.3972 2.4
      vertex 33.4167 -14.8542 2.4
    endloop
  endfacet
  facet normal 0 0 1
    outer loop
      vertex 33.7478 -14.5231 2.4
      vertex 33.4167 -14.8542 2.4
      vertex 33.5985 -14.7049 2.4
    endloop
  endfacet
  facet normal 0 0 1
    outer loop
      vertex 33.8586 -14.3156 2.4
      vertex 33.4167 -14.8542 2.4
      vertex 33.7478 -14.5231 2.4
    endloop
  endfacet
  facet normal 0 0 1
    outer loop
      vertex 33.95 -13.8564 2.4
      vertex 33.8586 -13.3972 2.4
      vertex 33.8586 -14.3156 2.4
    endloop
  endfacet
  facet normal 0 0 1
    outer loop
      vertex 33.95 -13.8564 2.4
      vertex 33.8586 -14.3156 2.4
      vertex 33.9269 -14.0905 2.4
    endloop
  endfacet
  facet normal 0 0 1
    outer loop
      vertex 33.9269 -13.6223 2.4
      vertex 33.8586 -13.3972 2.4
      vertex 33.95 -13.8564 2.4
    endloop
  endfacet
  facet normal 0 0 1
    outer loop
      vertex 33.8586 -13.3972 2.4
      vertex 32.0833 -14.8542 2.4
      vertex 33.4167 -14.8542 2.4
    endloop
  endfacet
  facet normal 0 0 1
    outer loop
      vertex 40.0022 -9.32693 2.4
      vertex 40.1515 -9.50877 2.4
      vertex 40.3333 -9.658 2.4
    endloop
  endfacet
  facet normal -0 0 1
    outer loop
      vertex 31.7522 -14.5231 2.4
      vertex 32.0833 -14.8542 2.4
      vertex 33.8586 -13.3972 2.4
    endloop
  endfacet
  facet normal 0 0 1
    outer loop
      vertex 31.7522 -14.5231 2.4
      vertex 33.8586 -13.3972 2.4
      vertex 33.7478 -13.1897 2.4
    endloop
  endfacet
  facet normal 0 -0 1
    outer loop
      vertex 31.7522 -14.5231 2.4
      vertex 33.7478 -13.1897 2.4
      vertex 26.8255 -1.2 2.4
    endloop
  endfacet
  facet normal 0 0 1
    outer loop
      vertex 31.7522 -14.5231 2.4
      vertex 26.8255 -1.2 2.4
      vertex 24.0602 -1.2 2.4
    endloop
  endfacet
  facet normal 0 0 1
    outer loop
      vertex 47.9445 1.4135 2.4
      vertex 49.2223 3.32587 2.4
      vertex 48.5307 3.69551 2.4
    endloop
  endfacet
  facet normal 0 0 1
    outer loop
      vertex 40.7659 -9.83719 2.4
      vertex 40.3333 -9.658 2.4
      vertex 40.5408 -9.76891 2.4
    endloop
  endfacet
  facet normal 0 0 1
    outer loop
      vertex 41 -9.86024 2.4
      vertex 40.3333 -9.658 2.4
      vertex 40.7659 -9.83719 2.4
    endloop
  endfacet
  facet normal 0 -0 1
    outer loop
      vertex 41.2341 -9.83719 2.4
      vertex 41.6667 -9.658 2.4
      vertex 41 -9.86024 2.4
    endloop
  endfacet
  facet normal 0 -0 1
    outer loop
      vertex 41.4592 -9.76891 2.4
      vertex 41.6667 -9.658 2.4
      vertex 41.2341 -9.83719 2.4
    endloop
  endfacet
  facet normal 0 0 1
    outer loop
      vertex 41.6667 -9.658 2.4
      vertex 40.3333 -9.658 2.4
      vertex 41 -9.86024 2.4
    endloop
  endfacet
  facet normal 0 0 1
    outer loop
      vertex 42.1086 -9.11946 2.4
      vertex 40.3333 -9.658 2.4
      vertex 41.6667 -9.658 2.4
    endloop
  endfacet
  facet normal 0 0 1
    outer loop
      vertex 41.9978 -9.32693 2.4
      vertex 41.6667 -9.658 2.4
      vertex 41.8485 -9.50877 2.4
    endloop
  endfacet
  facet normal 0 0 1
    outer loop
      vertex 42.1086 -9.11946 2.4
      vertex 41.6667 -9.658 2.4
      vertex 41.9978 -9.32693 2.4
    endloop
  endfacet
  facet normal 0 0 1
    outer loop
      vertex 42.2 -8.66025 2.4
      vertex 42.1086 -8.20102 2.4
      vertex 42.1086 -9.11946 2.4
    endloop
  endfacet
  facet normal 0 0 1
    outer loop
      vertex 42.2 -8.66025 2.4
      vertex 42.1086 -9.11946 2.4
      vertex 42.1769 -8.89435 2.4
    endloop
  endfacet
  facet normal 0 0 1
    outer loop
      vertex 42.1769 -8.42613 2.4
      vertex 42.1086 -8.20102 2.4
      vertex 42.2 -8.66025 2.4
    endloop
  endfacet
  facet normal 0 0 1
    outer loop
      vertex 42.1086 -8.20102 2.4
      vertex 40.3333 -9.658 2.4
      vertex 42.1086 -9.11946 2.4
    endloop
  endfacet
  facet normal -0 0 1
    outer loop
      vertex 44.7777 -3.32587 2.4
      vertex 45.4693 -3.69551 2.4
      vertex 46.0555 -1.4135 2.4
    endloop
  endfacet
  facet normal 0 0 1
    outer loop
      vertex 41.9978 -7.99356 2.4
      vertex 40.3333 -9.658 2.4
      vertex 42.1086 -8.20102 2.4
    endloop
  endfacet
  facet normal -0 0 1
    outer loop
      vertex 40.0022 -9.32693 2.4
      vertex 40.3333 -9.658 2.4
      vertex 41.9978 -7.99356 2.4
    endloop
  endfacet
  facet normal 0 -0 1
    outer loop
      vertex 40.0022 -9.32693 2.4
      vertex 41.9978 -7.99356 2.4
      vertex 38.0755 -1.2 2.4
    endloop
  endfacet
  facet normal 0 0 1
    outer loop
      vertex 40.0022 -9.32693 2.4
      vertex 38.0755 -1.2 2.4
      vertex 35.3102 -1.2 2.4
    endloop
  endfacet
  facet normal 0 0 1
    outer loop
      vertex 20.6769 10.1582 2.4
      vertex 19.9337 11.5087 2.4
      vertex 20.6086 9.93307 2.4
    endloop
  endfacet
  facet normal 0 0 1
    outer loop
      vertex 45.4693 -3.69551 2.4
      vertex 46.3494 -1.57059 2.4
      vertex 46.0555 -1.4135 2.4
    endloop
  endfacet
  facet normal 0 -0 1
    outer loop
      vertex 46.2197 -3.92313 2.4
      vertex 46.3494 -1.57059 2.4
      vertex 45.4693 -3.69551 2.4
    endloop
  endfacet
  facet normal 0 0 1
    outer loop
      vertex 46.6684 -1.66733 2.4
      vertex 46.3494 -1.57059 2.4
      vertex 46.2197 -3.92313 2.4
    endloop
  endfacet
  facet normal 0 0 1
    outer loop
      vertex 46.6684 -1.66733 2.4
      vertex 46.2197 -3.92313 2.4
      vertex 47 -1.7 2.4
    endloop
  endfacet
  facet normal -0 0 1
    outer loop
      vertex 46.2197 -3.92313 2.4
      vertex 47 -4 2.4
      vertex 47 -1.7 2.4
    endloop
  endfacet
  facet normal 0 0 1
    outer loop
      vertex 47 -4 2.4
      vertex 47.7803 -3.92313 2.4
      vertex 47 -1.7 2.4
    endloop
  endfacet
  facet normal -0 0 1
    outer loop
      vertex 47.6506 -1.57059 2.4
      vertex 48.5307 -3.69551 2.4
      vertex 47.9445 -1.4135 2.4
    endloop
  endfacet
  facet normal 0 0 1
    outer loop
      vertex 47.9445 -1.4135 2.4
      vertex 49.2223 -3.32587 2.4
      vertex 49.8284 -2.82841 2.4
    endloop
  endfacet
  facet normal 0 0 1
    outer loop
      vertex 48.4135 -0.944458 2.4
      vertex 49.8284 -2.82841 2.4
      vertex 50.3259 -2.22227 2.4
    endloop
  endfacet
  facet normal 0 0 1
    outer loop
      vertex 50.9231 -0.78035 2.4
      vertex 48.6673 -0.33165 2.4
      vertex 48.5706 -0.650558 2.4
    endloop
  endfacet
  facet normal 0 -0 1
    outer loop
      vertex 48.6673 0.33165 2.4
      vertex 50.9231 0.78035 2.4
      vertex 48.5706 0.650558 2.4
    endloop
  endfacet
  facet normal 0 -0 1
    outer loop
      vertex 48.5706 0.650558 2.4
      vertex 50.6955 1.53073 2.4
      vertex 48.4135 0.944458 2.4
    endloop
  endfacet
  facet normal 0 0 1
    outer loop
      vertex 46.2 0 2.4
      vertex 45.6414 1.01129 2.4
      vertex 45.6414 -1.01129 2.4
    endloop
  endfacet
  facet normal 0 0 1
    outer loop
      vertex 45.8485 0.848526 2.4
      vertex 45.6414 1.01129 2.4
      vertex 45.9978 0.666672 2.4
    endloop
  endfacet
  facet normal 0 0 1
    outer loop
      vertex 45.6414 1.01129 2.4
      vertex 46.1086 0.459213 2.4
      vertex 45.9978 0.666672 2.4
    endloop
  endfacet
  facet normal 0 0 1
    outer loop
      vertex 46.1769 0.2341 2.4
      vertex 46.1086 0.459213 2.4
      vertex 45.6414 1.01129 2.4
    endloop
  endfacet
  facet normal 0 0 1
    outer loop
      vertex 46.1769 0.2341 2.4
      vertex 45.6414 1.01129 2.4
      vertex 46.2 0 2.4
    endloop
  endfacet
  facet normal 0 0 1
    outer loop
      vertex 23.6897 38.8145 2.4
      vertex 23.5392 38.3711 2.4
      vertex 23.6363 38.5854 2.4
    endloop
  endfacet
  facet normal 0 0 1
    outer loop
      vertex 45.6414 -1.01129 2.4
      vertex 46.1769 -0.2341 2.4
      vertex 46.2 0 2.4
    endloop
  endfacet
  facet normal 0 -0 1
    outer loop
      vertex 46.1086 -0.459213 2.4
      vertex 46.1769 -0.2341 2.4
      vertex 45.6414 -1.01129 2.4
    endloop
  endfacet
  facet normal 0 0 1
    outer loop
      vertex 38.0755 -1.2 2.4
      vertex 35.3102 1.2 2.4
      vertex 35.3102 -1.2 2.4
    endloop
  endfacet
  facet normal 0 0 1
    outer loop
      vertex 41.8485 9.50877 2.4
      vertex 41.6667 9.658 2.4
      vertex 41.9978 9.32693 2.4
    endloop
  endfacet
  facet normal 0 0 1
    outer loop
      vertex 42.1086 8.20102 2.4
      vertex 42.1769 8.42613 2.4
      vertex 42.2 8.66025 2.4
    endloop
  endfacet
  facet normal 0 0 1
    outer loop
      vertex 38.0755 -1.2 2.4
      vertex 43.2042 -1.2 2.4
      vertex 38.0755 1.2 2.4
    endloop
  endfacet
  facet normal 0 0 1
    outer loop
      vertex 46.1086 -0.459213 2.4
      vertex 45.6414 -1.01129 2.4
      vertex 45.9978 -0.666672 2.4
    endloop
  endfacet
  facet normal 0 0 1
    outer loop
      vertex 45.6414 -1.01129 2.4
      vertex 45.6667 -0.997757 2.4
      vertex 45.8485 -0.848526 2.4
    endloop
  endfacet
  facet normal 0 0 1
    outer loop
      vertex 45.6414 -1.01129 2.4
      vertex 43.2042 1.2 2.4
      vertex 43.2042 -1.2 2.4
    endloop
  endfacet
  facet normal 0 0 1
    outer loop
      vertex 45.6414 -1.01129 2.4
      vertex 44.1716 -2.82841 2.4
      vertex 45.7979 -1.20207 2.4
    endloop
  endfacet
  facet normal -0 0 1
    outer loop
      vertex 38.0755 1.2 2.4
      vertex 43.2042 -1.2 2.4
      vertex 43.2042 1.2 2.4
    endloop
  endfacet
  facet normal 0 -0 1
    outer loop
      vertex 38.0755 -1.2 2.4
      vertex 38.0755 1.2 2.4
      vertex 35.3102 1.2 2.4
    endloop
  endfacet
  facet normal 0 0 1
    outer loop
      vertex 42.1086 9.11946 2.4
      vertex 42.2 8.66025 2.4
      vertex 42.1769 8.89435 2.4
    endloop
  endfacet
  facet normal 0 0 1
    outer loop
      vertex 42.1086 8.20102 2.4
      vertex 42.2 8.66025 2.4
      vertex 42.1086 9.11946 2.4
    endloop
  endfacet
  facet normal -0 0 1
    outer loop
      vertex 40.3333 9.658 2.4
      vertex 42.1086 9.11946 2.4
      vertex 41.6667 9.658 2.4
    endloop
  endfacet
  facet normal 0 0 1
    outer loop
      vertex 41.6667 9.658 2.4
      vertex 42.1086 9.11946 2.4
      vertex 41.9978 9.32693 2.4
    endloop
  endfacet
  facet normal 0 0 1
    outer loop
      vertex 41 9.86024 2.4
      vertex 40.7659 9.83719 2.4
      vertex 40.3333 9.658 2.4
    endloop
  endfacet
  facet normal 0 0 1
    outer loop
      vertex 41.2341 9.83719 2.4
      vertex 41.6667 9.658 2.4
      vertex 41.4592 9.76891 2.4
    endloop
  endfacet
  facet normal 0 0 1
    outer loop
      vertex 41 9.86024 2.4
      vertex 41.6667 9.658 2.4
      vertex 41.2341 9.83719 2.4
    endloop
  endfacet
  facet normal 0 0 1
    outer loop
      vertex 41 9.86024 2.4
      vertex 40.3333 9.658 2.4
      vertex 41.6667 9.658 2.4
    endloop
  endfacet
  facet normal -0 0 1
    outer loop
      vertex 40.5408 9.76891 2.4
      vertex 40.3333 9.658 2.4
      vertex 40.7659 9.83719 2.4
    endloop
  endfacet
  facet normal 0 0 1
    outer loop
      vertex 40.3333 9.658 2.4
      vertex 42.1086 8.20102 2.4
      vertex 42.1086 9.11946 2.4
    endloop
  endfacet
  facet normal 0 0 1
    outer loop
      vertex 23.5762 39.5019 2.4
      vertex 23.6897 38.8145 2.4
      vertex 23.6974 39.0496 2.4
    endloop
  endfacet
  facet normal 0 -0 1
    outer loop
      vertex 41.9978 7.99356 2.4
      vertex 42.1086 8.20102 2.4
      vertex 40.3333 9.658 2.4
    endloop
  endfacet
  facet normal 0 0 1
    outer loop
      vertex 40.0022 9.32693 2.4
      vertex 40.3333 9.658 2.4
      vertex 40.1515 9.50877 2.4
    endloop
  endfacet
  facet normal 0 0 1
    outer loop
      vertex 35.3102 1.2 2.4
      vertex 26.8255 1.2 2.4
      vertex 35.3102 -1.2 2.4
    endloop
  endfacet
  facet normal 0 0 1
    outer loop
      vertex 26.8255 1.2 2.4
      vertex 26.8255 -1.2 2.4
      vertex 35.3102 -1.2 2.4
    endloop
  endfacet
  facet normal 0 0 1
    outer loop
      vertex 41.9978 7.99356 2.4
      vertex 40.3333 9.658 2.4
      vertex 40.0022 9.32693 2.4
    endloop
  endfacet
  facet normal 0 0 1
    outer loop
      vertex 41.9978 7.99356 2.4
      vertex 40.0022 9.32693 2.4
      vertex 38.0755 1.2 2.4
    endloop
  endfacet
  facet normal 0 0 1
    outer loop
      vertex 40.0022 9.32693 2.4
      vertex 35.3102 1.2 2.4
      vertex 38.0755 1.2 2.4
    endloop
  endfacet
  facet normal 0 0 1
    outer loop
      vertex 24.0602 -1.2 2.4
      vertex 26.8255 -1.2 2.4
      vertex 24.0602 1.2 2.4
    endloop
  endfacet
  facet normal -0 0 1
    outer loop
      vertex 24.0602 1.2 2.4
      vertex 26.8255 -1.2 2.4
      vertex 26.8255 1.2 2.4
    endloop
  endfacet
  facet normal 0 0 1
    outer loop
      vertex 33.8586 14.3156 2.4
      vertex 33.4167 14.8542 2.4
      vertex 33.8586 13.3972 2.4
    endloop
  endfacet
  facet normal 0 0 1
    outer loop
      vertex 33.95 13.8564 2.4
      vertex 33.8586 13.3972 2.4
      vertex 33.9269 13.6223 2.4
    endloop
  endfacet
  facet normal 0 0 1
    outer loop
      vertex 33.9269 14.0905 2.4
      vertex 33.8586 14.3156 2.4
      vertex 33.95 13.8564 2.4
    endloop
  endfacet
  facet normal 0 0 1
    outer loop
      vertex 33.8586 14.3156 2.4
      vertex 33.8586 13.3972 2.4
      vertex 33.95 13.8564 2.4
    endloop
  endfacet
  facet normal 0 0 1
    outer loop
      vertex 33.7478 14.5231 2.4
      vertex 33.5985 14.7049 2.4
      vertex 33.4167 14.8542 2.4
    endloop
  endfacet
  facet normal 0 0 1
    outer loop
      vertex 33.7478 14.5231 2.4
      vertex 33.4167 14.8542 2.4
      vertex 33.8586 14.3156 2.4
    endloop
  endfacet
  facet normal 0 0 1
    outer loop
      vertex 33.4167 14.8542 2.4
      vertex 32.9841 15.0333 2.4
      vertex 32.75 15.0564 2.4
    endloop
  endfacet
  facet normal 0 0 1
    outer loop
      vertex 33.2092 14.9651 2.4
      vertex 32.9841 15.0333 2.4
      vertex 33.4167 14.8542 2.4
    endloop
  endfacet
  facet normal 0 0 1
    outer loop
      vertex 32.0833 14.8542 2.4
      vertex 32.75 15.0564 2.4
      vertex 32.5159 15.0333 2.4
    endloop
  endfacet
  facet normal 0 0 1
    outer loop
      vertex 33.4167 14.8542 2.4
      vertex 32.75 15.0564 2.4
      vertex 32.0833 14.8542 2.4
    endloop
  endfacet
  facet normal 0 0 1
    outer loop
      vertex 32.5159 15.0333 2.4
      vertex 32.2908 14.9651 2.4
      vertex 32.0833 14.8542 2.4
    endloop
  endfacet
  facet normal 0 0 1
    outer loop
      vertex 33.4167 14.8542 2.4
      vertex 32.0833 14.8542 2.4
      vertex 33.8586 13.3972 2.4
    endloop
  endfacet
  facet normal 0 -0 1
    outer loop
      vertex 29.2772 20.6429 2.4
      vertex 29.4142 20.8341 2.4
      vertex 28.9057 20.3579 2.4
    endloop
  endfacet
  facet normal 0 0 1
    outer loop
      vertex 32.0833 14.8542 2.4
      vertex 31.7522 14.5231 2.4
      vertex 33.8586 13.3972 2.4
    endloop
  endfacet
  facet normal 0 0 1
    outer loop
      vertex 22.4215 40.1685 2.4
      vertex 23.452 39.7016 2.4
      vertex 22.6566 40.1609 2.4
    endloop
  endfacet
  facet normal -0 0 1
    outer loop
      vertex 31.9015 14.7049 2.4
      vertex 31.7522 14.5231 2.4
      vertex 32.0833 14.8542 2.4
    endloop
  endfacet
  facet normal 0 0 1
    outer loop
      vertex 31.7522 14.5231 2.4
      vertex 33.7478 13.1897 2.4
      vertex 33.8586 13.3972 2.4
    endloop
  endfacet
  facet normal 0 0 1
    outer loop
      vertex 5.16621 36.1927 2.4
      vertex 4.97499 36.3298 2.4
      vertex 5.32701 36.021 2.4
    endloop
  endfacet
  facet normal 0 0 1
    outer loop
      vertex 26.8255 1.2 2.4
      vertex 33.7478 13.1897 2.4
      vertex 31.7522 14.5231 2.4
    endloop
  endfacet
  facet normal 0 -0 1
    outer loop
      vertex 24.0602 -1.2 2.4
      vertex 24.0602 1.2 2.4
      vertex 15.5755 1.2 2.4
    endloop
  endfacet
  facet normal 0 -0 1
    outer loop
      vertex 26.8255 1.2 2.4
      vertex 31.7522 14.5231 2.4
      vertex 24.0602 1.2 2.4
    endloop
  endfacet
  facet normal 0 0 1
    outer loop
      vertex 24.0602 -1.2 2.4
      vertex 15.5755 1.2 2.4
      vertex 15.5755 -1.2 2.4
    endloop
  endfacet
  facet normal 0 0 1
    outer loop
      vertex 20.7 10.3923 2.4
      vertex 19.9337 11.5087 2.4
      vertex 20.6769 10.1582 2.4
    endloop
  endfacet
  facet normal 0 0 1
    outer loop
      vertex 20.6769 10.6264 2.4
      vertex 20.6086 10.8515 2.4
      vertex 19.9337 11.5087 2.4
    endloop
  endfacet
  facet normal 0 0 1
    outer loop
      vertex 20.6769 10.6264 2.4
      vertex 19.9337 11.5087 2.4
      vertex 20.7 10.3923 2.4
    endloop
  endfacet
  facet normal 0 0 1
    outer loop
      vertex 19.9337 11.5087 2.4
      vertex 20.1667 11.3901 2.4
      vertex 19.9592 11.5009 2.4
    endloop
  endfacet
  facet normal 0 0 1
    outer loop
      vertex 20.4978 11.059 2.4
      vertex 20.3485 11.2408 2.4
      vertex 19.9337 11.5087 2.4
    endloop
  endfacet
  facet normal 0 0 1
    outer loop
      vertex 20.1667 11.3901 2.4
      vertex 19.9337 11.5087 2.4
      vertex 20.3485 11.2408 2.4
    endloop
  endfacet
  facet normal 0 0 1
    outer loop
      vertex 20.4978 11.059 2.4
      vertex 19.9337 11.5087 2.4
      vertex 20.6086 10.8515 2.4
    endloop
  endfacet
  facet normal 0 0 1
    outer loop
      vertex 19.9337 11.5087 2.4
      vertex 20.4978 9.72562 2.4
      vertex 20.6086 9.93307 2.4
    endloop
  endfacet
  facet normal 0 0 1
    outer loop
      vertex 19.1357 12.8277 2.4
      vertex 18.9066 12.8811 2.4
      vertex 19.9337 11.5087 2.4
    endloop
  endfacet
  facet normal 0 0 1
    outer loop
      vertex 19.9474 11.7698 2.4
      vertex 19.9337 11.5087 2.4
      vertex 19.9397 11.5347 2.4
    endloop
  endfacet
  facet normal 0 0 1
    outer loop
      vertex 19.9091 12.0019 2.4
      vertex 19.9337 11.5087 2.4
      vertex 19.9474 11.7698 2.4
    endloop
  endfacet
  facet normal 0 0 1
    outer loop
      vertex 19.8262 12.2221 2.4
      vertex 19.9337 11.5087 2.4
      vertex 19.9091 12.0019 2.4
    endloop
  endfacet
  facet normal 0 0 1
    outer loop
      vertex 19.702 12.4218 2.4
      vertex 19.9337 11.5087 2.4
      vertex 19.8262 12.2221 2.4
    endloop
  endfacet
  facet normal 0 0 1
    outer loop
      vertex 19.5412 12.5936 2.4
      vertex 19.9337 11.5087 2.4
      vertex 19.702 12.4218 2.4
    endloop
  endfacet
  facet normal 0 0 1
    outer loop
      vertex 19.35 12.7306 2.4
      vertex 19.9337 11.5087 2.4
      vertex 19.5412 12.5936 2.4
    endloop
  endfacet
  facet normal 0 0 1
    outer loop
      vertex 19.1357 12.8277 2.4
      vertex 19.9337 11.5087 2.4
      vertex 19.35 12.7306 2.4
    endloop
  endfacet
  facet normal 0 0 1
    outer loop
      vertex 18.9066 12.8811 2.4
      vertex 18.6715 12.8888 2.4
      vertex 19.9337 11.5087 2.4
    endloop
  endfacet
  facet normal 0 0 1
    outer loop
      vertex 18.6715 12.8888 2.4
      vertex 18.176 10.4939 2.4
      vertex 19.9337 11.5087 2.4
    endloop
  endfacet
  facet normal -0 0 1
    outer loop
      vertex 18.176 10.4939 2.4
      vertex 20.4978 9.72562 2.4
      vertex 19.9337 11.5087 2.4
    endloop
  endfacet
  facet normal 0 0 1
    outer loop
      vertex 7.44429 10.4939 2.4
      vertex 18.176 10.4939 2.4
      vertex 8.82697 12.8888 2.4
    endloop
  endfacet
  facet normal 0 0 1
    outer loop
      vertex 18.176 10.4939 2.4
      vertex 15.5755 1.2 2.4
      vertex 20.4978 9.72562 2.4
    endloop
  endfacet
  facet normal 0 0 1
    outer loop
      vertex 29.2772 20.6429 2.4
      vertex 28.9057 20.3579 2.4
      vertex 29.1055 20.4821 2.4
    endloop
  endfacet
  facet normal 0 -0 1
    outer loop
      vertex 29.4142 20.8341 2.4
      vertex 29.5113 21.0484 2.4
      vertex 28.9057 20.3579 2.4
    endloop
  endfacet
  facet normal 0 0 1
    outer loop
      vertex 29.5113 21.0484 2.4
      vertex 29.5647 21.2775 2.4
      vertex 29.5724 21.5126 2.4
    endloop
  endfacet
  facet normal 0 -0 1
    outer loop
      vertex 29.5113 21.0484 2.4
      vertex 29.5724 21.5126 2.4
      vertex 28.9057 20.3579 2.4
    endloop
  endfacet
  facet normal 0 0 1
    outer loop
      vertex 29.5724 21.5126 2.4
      vertex 29.327 22.1646 2.4
      vertex 28.9057 20.3579 2.4
    endloop
  endfacet
  facet normal 0 0 1
    outer loop
      vertex 29.5341 21.7447 2.4
      vertex 29.4512 21.9649 2.4
      vertex 29.327 22.1646 2.4
    endloop
  endfacet
  facet normal 0 0 1
    outer loop
      vertex 29.5341 21.7447 2.4
      vertex 29.327 22.1646 2.4
      vertex 29.5724 21.5126 2.4
    endloop
  endfacet
  facet normal 0 0 1
    outer loop
      vertex 29.327 22.1646 2.4
      vertex 28.5316 22.6238 2.4
      vertex 28.9057 20.3579 2.4
    endloop
  endfacet
  facet normal 0 0 1
    outer loop
      vertex 28.975 22.4734 2.4
      vertex 28.5316 22.6238 2.4
      vertex 29.327 22.1646 2.4
    endloop
  endfacet
  facet normal 0 0 1
    outer loop
      vertex 28.975 22.4734 2.4
      vertex 29.327 22.1646 2.4
      vertex 29.1662 22.3363 2.4
    endloop
  endfacet
  facet normal 0 0 1
    outer loop
      vertex 28.7607 22.5704 2.4
      vertex 28.5316 22.6238 2.4
      vertex 28.975 22.4734 2.4
    endloop
  endfacet
  facet normal 0 0 1
    outer loop
      vertex 28.5316 22.6238 2.4
      vertex 28.6856 20.275 2.4
      vertex 28.9057 20.3579 2.4
    endloop
  endfacet
  facet normal 0 0 1
    outer loop
      vertex 28.0785 29.9795 2.4
      vertex 28.3106 30.0178 2.4
      vertex 28.5307 30.1007 2.4
    endloop
  endfacet
  facet normal 0 0 1
    outer loop
      vertex 28.2965 22.6315 2.4
      vertex 28.6856 20.275 2.4
      vertex 28.5316 22.6238 2.4
    endloop
  endfacet
  facet normal 0 -0 1
    outer loop
      vertex 28.4535 20.2367 2.4
      vertex 28.6856 20.275 2.4
      vertex 28.2965 22.6315 2.4
    endloop
  endfacet
  facet normal 0 0 1
    outer loop
      vertex 28.4535 20.2367 2.4
      vertex 28.2965 22.6315 2.4
      vertex 14.452 22.6315 2.4
    endloop
  endfacet
  facet normal 0 0 1
    outer loop
      vertex 28.4535 20.2367 2.4
      vertex 14.452 22.6315 2.4
      vertex 13.0693 20.2367 2.4
    endloop
  endfacet
  facet normal 0 0 1
    outer loop
      vertex 23.5762 39.5019 2.4
      vertex 23.6974 39.0496 2.4
      vertex 23.6591 39.2817 2.4
    endloop
  endfacet
  facet normal 0 0 1
    outer loop
      vertex 28.9022 30.3857 2.4
      vertex 28.5307 30.1007 2.4
      vertex 28.7305 30.2249 2.4
    endloop
  endfacet
  facet normal 0 0 1
    outer loop
      vertex 29.1363 30.7912 2.4
      vertex 28.5307 30.1007 2.4
      vertex 28.9022 30.3857 2.4
    endloop
  endfacet
  facet normal 0 0 1
    outer loop
      vertex 29.1363 30.7912 2.4
      vertex 28.9022 30.3857 2.4
      vertex 29.0392 30.5769 2.4
    endloop
  endfacet
  facet normal 0 0 1
    outer loop
      vertex 28.0785 29.9795 2.4
      vertex 28.5307 30.1007 2.4
      vertex 29.1363 30.7912 2.4
    endloop
  endfacet
  facet normal 0 0 1
    outer loop
      vertex 29.1974 31.2554 2.4
      vertex 29.1363 30.7912 2.4
      vertex 29.1897 31.0203 2.4
    endloop
  endfacet
  facet normal 0 0 1
    outer loop
      vertex 28.952 31.9074 2.4
      vertex 29.1363 30.7912 2.4
      vertex 29.1974 31.2554 2.4
    endloop
  endfacet
  facet normal 0 0 1
    outer loop
      vertex 28.952 31.9074 2.4
      vertex 29.1974 31.2554 2.4
      vertex 29.1591 31.4875 2.4
    endloop
  endfacet
  facet normal 0 0 1
    outer loop
      vertex 28.952 31.9074 2.4
      vertex 29.1591 31.4875 2.4
      vertex 29.0762 31.7077 2.4
    endloop
  endfacet
  facet normal 0 0 1
    outer loop
      vertex 28.0785 29.9795 2.4
      vertex 29.1363 30.7912 2.4
      vertex 28.952 31.9074 2.4
    endloop
  endfacet
  facet normal 0 0 1
    outer loop
      vertex 28.6 32.2161 2.4
      vertex 28.952 31.9074 2.4
      vertex 28.7912 32.0791 2.4
    endloop
  endfacet
  facet normal 0 0 1
    outer loop
      vertex 28.3857 32.3132 2.4
      vertex 28.1566 32.3666 2.4
      vertex 28.6 32.2161 2.4
    endloop
  endfacet
  facet normal 0 0 1
    outer loop
      vertex 28.1566 32.3666 2.4
      vertex 28.952 31.9074 2.4
      vertex 28.6 32.2161 2.4
    endloop
  endfacet
  facet normal 0 0 1
    outer loop
      vertex 28.0785 29.9795 2.4
      vertex 28.952 31.9074 2.4
      vertex 28.1566 32.3666 2.4
    endloop
  endfacet
  facet normal 0 -0 1
    outer loop
      vertex 28.0785 29.9795 2.4
      vertex 28.1566 32.3666 2.4
      vertex 27.9215 32.3743 2.4
    endloop
  endfacet
  facet normal 0 0 1
    outer loop
      vertex 28.0785 29.9795 2.4
      vertex 27.9215 32.3743 2.4
      vertex 20.077 32.3743 2.4
    endloop
  endfacet
  facet normal 0 0 1
    outer loop
      vertex 28.0785 29.9795 2.4
      vertex 20.077 32.3743 2.4
      vertex 18.6943 29.9795 2.4
    endloop
  endfacet
  facet normal -0 0 1
    outer loop
      vertex -23.6591 39.2817 2.4
      vertex -23.6974 39.0496 2.4
      vertex -23.5762 39.5019 2.4
    endloop
  endfacet
  facet normal 0 0 1
    outer loop
      vertex 23.452 39.7016 2.4
      vertex 23.1 40.0104 2.4
      vertex 22.6566 40.1609 2.4
    endloop
  endfacet
  facet normal 0 0 1
    outer loop
      vertex 23.2912 39.8734 2.4
      vertex 23.1 40.0104 2.4
      vertex 23.452 39.7016 2.4
    endloop
  endfacet
  facet normal 0 0 1
    outer loop
      vertex 23.5762 39.5019 2.4
      vertex 23.452 39.7016 2.4
      vertex 22.4215 40.1685 2.4
    endloop
  endfacet
  facet normal 0 0 1
    outer loop
      vertex 22.8857 40.1075 2.4
      vertex 22.6566 40.1609 2.4
      vertex 23.1 40.0104 2.4
    endloop
  endfacet
  facet normal 0 0 1
    outer loop
      vertex 23.5762 39.5019 2.4
      vertex 22.4215 40.1685 2.4
      vertex 23.6897 38.8145 2.4
    endloop
  endfacet
  facet normal 0 0 1
    outer loop
      vertex 22.4215 40.1685 2.4
      vertex 21.7695 39.9231 2.4
      vertex 23.6897 38.8145 2.4
    endloop
  endfacet
  facet normal -0 0 1
    outer loop
      vertex 22.1894 40.1302 2.4
      vertex 21.9692 40.0474 2.4
      vertex 22.4215 40.1685 2.4
    endloop
  endfacet
  facet normal -0 0 1
    outer loop
      vertex 21.9692 40.0474 2.4
      vertex 21.7695 39.9231 2.4
      vertex 22.4215 40.1685 2.4
    endloop
  endfacet
  facet normal 0 0 1
    outer loop
      vertex 21.7695 39.9231 2.4
      vertex 23.5392 38.3711 2.4
      vertex 23.6897 38.8145 2.4
    endloop
  endfacet
  facet normal -0 0 1
    outer loop
      vertex 21.5978 39.7623 2.4
      vertex 21.4608 39.5711 2.4
      vertex 21.7695 39.9231 2.4
    endloop
  endfacet
  facet normal -0 0 1
    outer loop
      vertex 21.4608 39.5711 2.4
      vertex 23.5392 38.3711 2.4
      vertex 21.7695 39.9231 2.4
    endloop
  endfacet
  facet normal 0 0 1
    outer loop
      vertex 17.9985 33.5743 2.4
      vertex 23.5392 38.3711 2.4
      vertex 21.4608 39.5711 2.4
    endloop
  endfacet
  facet normal 0 -0 1
    outer loop
      vertex 20.077 32.3743 2.4
      vertex 23.5392 38.3711 2.4
      vertex 17.9985 33.5743 2.4
    endloop
  endfacet
  facet normal 0 0 1
    outer loop
      vertex 20.077 32.3743 2.4
      vertex 17.9985 33.5743 2.4
      vertex 16.6158 31.1795 2.4
    endloop
  endfacet
  facet normal 0 0 1
    outer loop
      vertex 20.077 32.3743 2.4
      vertex 16.6158 31.1795 2.4
      vertex 18.6943 29.9795 2.4
    endloop
  endfacet
  facet normal 0 0 1
    outer loop
      vertex 12.6894 40.9963 2.4
      vertex 13.1566 41.0269 2.4
      vertex 12.9215 41.0346 2.4
    endloop
  endfacet
  facet normal 0 0 1
    outer loop
      vertex 13.952 40.5677 2.4
      vertex 13.7912 40.7394 2.4
      vertex 13.6 40.8764 2.4
    endloop
  endfacet
  facet normal 0 0 1
    outer loop
      vertex 13.1566 41.0269 2.4
      vertex 13.6 40.8764 2.4
      vertex 13.3857 40.9735 2.4
    endloop
  endfacet
  facet normal 0 0 1
    outer loop
      vertex 13.952 40.5677 2.4
      vertex 13.6 40.8764 2.4
      vertex 13.1566 41.0269 2.4
    endloop
  endfacet
  facet normal -0 0 1
    outer loop
      vertex 12.0978 40.6284 2.4
      vertex 11.9608 40.4371 2.4
      vertex 12.4693 40.9134 2.4
    endloop
  endfacet
  facet normal 0 0 1
    outer loop
      vertex 12.4693 40.9134 2.4
      vertex 13.1566 41.0269 2.4
      vertex 12.6894 40.9963 2.4
    endloop
  endfacet
  facet normal -0 0 1
    outer loop
      vertex 12.4693 40.9134 2.4
      vertex 11.9608 40.4371 2.4
      vertex 13.1566 41.0269 2.4
    endloop
  endfacet
  facet normal 0 0 1
    outer loop
      vertex 12.0978 40.6284 2.4
      vertex 12.4693 40.9134 2.4
      vertex 12.2695 40.7892 2.4
    endloop
  endfacet
  facet normal -0 0 1
    outer loop
      vertex 11.9608 40.4371 2.4
      vertex 11.8026 39.7587 2.4
      vertex 13.1566 41.0269 2.4
    endloop
  endfacet
  facet normal -0 0 1
    outer loop
      vertex 11.8637 40.2229 2.4
      vertex 11.8026 39.7587 2.4
      vertex 11.9608 40.4371 2.4
    endloop
  endfacet
  facet normal -0 -0 1
    outer loop
      vertex -41.8485 -9.50877 2.4
      vertex -41.6667 -9.658 2.4
      vertex -41.9978 -9.32693 2.4
    endloop
  endfacet
  facet normal -0 0 1
    outer loop
      vertex 11.8103 39.9938 2.4
      vertex 11.8026 39.7587 2.4
      vertex 11.8637 40.2229 2.4
    endloop
  endfacet
  facet normal 0 0 1
    outer loop
      vertex 11.8026 39.7587 2.4
      vertex 13.952 40.5677 2.4
      vertex 13.1566 41.0269 2.4
    endloop
  endfacet
  facet normal 0 0 1
    outer loop
      vertex -23.452 39.7016 2.4
      vertex -22.4215 40.1685 2.4
      vertex -22.6566 40.1609 2.4
    endloop
  endfacet
  facet normal -0 -0 1
    outer loop
      vertex 11.8409 39.5266 2.4
      vertex 11.9237 39.3064 2.4
      vertex 11.8026 39.7587 2.4
    endloop
  endfacet
  facet normal 0 -0 1
    outer loop
      vertex 11.9237 39.3064 2.4
      vertex 13.952 40.5677 2.4
      vertex 11.8026 39.7587 2.4
    endloop
  endfacet
  facet normal 0 0 1
    outer loop
      vertex 16.6158 31.1795 2.4
      vertex 12.3735 23.8315 2.4
      vertex 18.6943 29.9795 2.4
    endloop
  endfacet
  facet normal -0 0 1
    outer loop
      vertex 12.3735 23.8315 2.4
      vertex 14.452 22.6315 2.4
      vertex 18.6943 29.9795 2.4
    endloop
  endfacet
  facet normal 0 0 1
    outer loop
      vertex 14.0762 40.3679 2.4
      vertex 13.952 40.5677 2.4
      vertex 11.9237 39.3064 2.4
    endloop
  endfacet
  facet normal 0 0 1
    outer loop
      vertex 14.0762 40.3679 2.4
      vertex 11.9237 39.3064 2.4
      vertex 17.9985 33.5743 2.4
    endloop
  endfacet
  facet normal 0 0 1
    outer loop
      vertex 11.9237 39.3064 2.4
      vertex 16.6158 31.1795 2.4
      vertex 17.9985 33.5743 2.4
    endloop
  endfacet
  facet normal 0 -0 1
    outer loop
      vertex 13.0693 20.2367 2.4
      vertex 14.452 22.6315 2.4
      vertex 10.9908 21.4367 2.4
    endloop
  endfacet
  facet normal 0 0 1
    outer loop
      vertex 10.9908 21.4367 2.4
      vertex 14.452 22.6315 2.4
      vertex 12.3735 23.8315 2.4
    endloop
  endfacet
  facet normal 0 0 1
    outer loop
      vertex 3.47279 36.0817 2.4
      vertex 3.84425 36.3668 2.4
      vertex 3.64449 36.2425 2.4
    endloop
  endfacet
  facet normal 0 0 1
    outer loop
      vertex 4.97499 36.3298 2.4
      vertex 4.76073 36.4268 2.4
      vertex 4.53163 36.4802 2.4
    endloop
  endfacet
  facet normal 0 0 1
    outer loop
      vertex 4.97499 36.3298 2.4
      vertex 4.53163 36.4802 2.4
      vertex 5.32701 36.021 2.4
    endloop
  endfacet
  facet normal 0 0 1
    outer loop
      vertex 3.84425 36.3668 2.4
      vertex 4.29651 36.4879 2.4
      vertex 4.06442 36.4496 2.4
    endloop
  endfacet
  facet normal 0 0 1
    outer loop
      vertex 4.53163 36.4802 2.4
      vertex 4.29651 36.4879 2.4
      vertex 3.84425 36.3668 2.4
    endloop
  endfacet
  facet normal 0 0 1
    outer loop
      vertex 3.47279 36.0817 2.4
      vertex 4.53163 36.4802 2.4
      vertex 3.84425 36.3668 2.4
    endloop
  endfacet
  facet normal 0 0 1
    outer loop
      vertex 5.32701 36.021 2.4
      vertex 4.53163 36.4802 2.4
      vertex 3.47279 36.0817 2.4
    endloop
  endfacet
  facet normal -0 0 1
    outer loop
      vertex 3.23868 35.6762 2.4
      vertex 3.17757 35.212 2.4
      vertex 3.33577 35.8905 2.4
    endloop
  endfacet
  facet normal 0 0 1
    outer loop
      vertex 3.17757 35.212 2.4
      vertex 3.47279 36.0817 2.4
      vertex 3.33577 35.8905 2.4
    endloop
  endfacet
  facet normal 0 0 1
    outer loop
      vertex 3.17757 35.212 2.4
      vertex 3.23868 35.6762 2.4
      vertex 3.18526 35.4471 2.4
    endloop
  endfacet
  facet normal 0 -0 1
    outer loop
      vertex 3.29875 34.7598 2.4
      vertex 3.47279 36.0817 2.4
      vertex 3.17757 35.212 2.4
    endloop
  endfacet
  facet normal 0 0 1
    outer loop
      vertex 3.29875 34.7598 2.4
      vertex 3.17757 35.212 2.4
      vertex 3.21588 34.9799 2.4
    endloop
  endfacet
  facet normal 0 0 1
    outer loop
      vertex -3.29875 34.7598 2.4
      vertex -3.21588 34.9799 2.4
      vertex -3.17757 35.212 2.4
    endloop
  endfacet
  facet normal 0 0 1
    outer loop
      vertex 5.32701 36.021 2.4
      vertex 3.47279 36.0817 2.4
      vertex 3.29875 34.7598 2.4
    endloop
  endfacet
  facet normal 0 0 1
    outer loop
      vertex 5.32701 36.021 2.4
      vertex 3.29875 34.7598 2.4
      vertex 5.45125 35.8213 2.4
    endloop
  endfacet
  facet normal -0 0 1
    outer loop
      vertex 3.29875 34.7598 2.4
      vertex 12.3735 23.8315 2.4
      vertex 5.45125 35.8213 2.4
    endloop
  endfacet
  facet normal 0 -0 1
    outer loop
      vertex 10.9908 21.4367 2.4
      vertex 12.3735 23.8315 2.4
      vertex 3.29875 34.7598 2.4
    endloop
  endfacet
  facet normal 0 0 1
    outer loop
      vertex 6.7485 14.0888 2.4
      vertex 13.0693 20.2367 2.4
      vertex 10.9908 21.4367 2.4
    endloop
  endfacet
  facet normal 0 -0 1
    outer loop
      vertex 5.36584 11.6939 2.4
      vertex 6.7485 14.0888 2.4
      vertex 0 20.9878 2.4
    endloop
  endfacet
  facet normal 0 -0 1
    outer loop
      vertex 8.82697 12.8888 2.4
      vertex 13.0693 20.2367 2.4
      vertex 6.7485 14.0888 2.4
    endloop
  endfacet
  facet normal 0 0 1
    outer loop
      vertex 0 23.0174 2.4
      vertex 1.13573 23.22 2.4
      vertex 0.906631 23.2734 2.4
    endloop
  endfacet
  facet normal 0 0 1
    outer loop
      vertex 0.671524 23.2811 2.4
      vertex 0 23.0174 2.4
      vertex 0.906631 23.2734 2.4
    endloop
  endfacet
  facet normal 0 0 1
    outer loop
      vertex 0 23.0174 2.4
      vertex 1.34999 23.1229 2.4
      vertex 1.13573 23.22 2.4
    endloop
  endfacet
  facet normal 0 0 1
    outer loop
      vertex 0 23.0174 2.4
      vertex 0.671524 23.2811 2.4
      vertex 0.439407 23.2428 2.4
    endloop
  endfacet
  facet normal 0 0 1
    outer loop
      vertex 0 23.0174 2.4
      vertex 0.439407 23.2428 2.4
      vertex 0.219254 23.1599 2.4
    endloop
  endfacet
  facet normal 0 0 1
    outer loop
      vertex 0 23.0174 2.4
      vertex 0.219254 23.1599 2.4
      vertex 0.0194855 23.0356 2.4
    endloop
  endfacet
  facet normal 0 0 1
    outer loop
      vertex 1.70201 22.8141 2.4
      vertex 1.54121 22.9858 2.4
      vertex 0 23.0174 2.4
    endloop
  endfacet
  facet normal 0 0 1
    outer loop
      vertex 1.70201 22.8141 2.4
      vertex 0 23.0174 2.4
      vertex 1.82623 22.6144 2.4
    endloop
  endfacet
  facet normal 0 0 1
    outer loop
      vertex 0 23.0174 2.4
      vertex -1.54121 22.9858 2.4
      vertex -1.70201 22.8141 2.4
    endloop
  endfacet
  facet normal 0 0 1
    outer loop
      vertex -0.0194855 23.0356 2.4
      vertex -0.219254 23.1599 2.4
      vertex 0 23.0174 2.4
    endloop
  endfacet
  facet normal 0 0 1
    outer loop
      vertex -0.219254 23.1599 2.4
      vertex -0.439407 23.2428 2.4
      vertex 0 23.0174 2.4
    endloop
  endfacet
  facet normal 0 0 1
    outer loop
      vertex -0.439407 23.2428 2.4
      vertex -0.671524 23.2811 2.4
      vertex 0 23.0174 2.4
    endloop
  endfacet
  facet normal 0 0 1
    outer loop
      vertex -0.671524 23.2811 2.4
      vertex -0.906631 23.2734 2.4
      vertex 0 23.0174 2.4
    endloop
  endfacet
  facet normal 0 0 1
    outer loop
      vertex -0.906631 23.2734 2.4
      vertex -1.13573 23.22 2.4
      vertex 0 23.0174 2.4
    endloop
  endfacet
  facet normal 0 0 1
    outer loop
      vertex -1.13573 23.22 2.4
      vertex -1.34999 23.1229 2.4
      vertex 0 23.0174 2.4
    endloop
  endfacet
  facet normal 0 0 1
    outer loop
      vertex -1.34999 23.1229 2.4
      vertex -1.54121 22.9858 2.4
      vertex 0 23.0174 2.4
    endloop
  endfacet
  facet normal 0 0 1
    outer loop
      vertex 0 23.0174 2.4
      vertex -1.70201 22.8141 2.4
      vertex -1.82623 22.6144 2.4
    endloop
  endfacet
  facet normal 0 0 1
    outer loop
      vertex 0 23.0174 2.4
      vertex -1.82623 22.6144 2.4
      vertex 0 20.9878 2.4
    endloop
  endfacet
  facet normal 0 0 1
    outer loop
      vertex 0 20.9878 2.4
      vertex -6.7485 14.0888 2.4
      vertex -5.36584 11.6939 2.4
    endloop
  endfacet
  facet normal 0 -0 1
    outer loop
      vertex -1.28758 6.47318 2.4
      vertex 0 6.59999 2.4
      vertex -1.7558 8.82706 2.4
    endloop
  endfacet
  facet normal 0 0 1
    outer loop
      vertex -29.1363 30.7912 2.4
      vertex -29.0392 30.5769 2.4
      vertex -28.9022 30.3857 2.4
    endloop
  endfacet
  facet normal 0 0 1
    outer loop
      vertex -21.7695 39.9231 2.4
      vertex -23.5392 38.3711 2.4
      vertex -21.4608 39.5711 2.4
    endloop
  endfacet
  facet normal 0 0 1
    outer loop
      vertex -3.23868 35.6762 2.4
      vertex -3.17757 35.212 2.4
      vertex -3.18526 35.4471 2.4
    endloop
  endfacet
  facet normal 0 0 1
    outer loop
      vertex -3.33577 35.8905 2.4
      vertex -3.17757 35.212 2.4
      vertex -3.23868 35.6762 2.4
    endloop
  endfacet
  facet normal 0 0 1
    outer loop
      vertex -3.47279 36.0817 2.4
      vertex -3.17757 35.212 2.4
      vertex -3.33577 35.8905 2.4
    endloop
  endfacet
  facet normal 0 -0 1
    outer loop
      vertex -3.29875 34.7598 2.4
      vertex -3.17757 35.212 2.4
      vertex -3.47279 36.0817 2.4
    endloop
  endfacet
  facet normal 0 0 1
    outer loop
      vertex -3.84425 36.3668 2.4
      vertex -3.47279 36.0817 2.4
      vertex -3.64449 36.2425 2.4
    endloop
  endfacet
  facet normal 0 0 1
    outer loop
      vertex -4.29651 36.4879 2.4
      vertex -4.53163 36.4802 2.4
      vertex -3.84425 36.3668 2.4
    endloop
  endfacet
  facet normal 0 0 1
    outer loop
      vertex -4.29651 36.4879 2.4
      vertex -3.84425 36.3668 2.4
      vertex -4.06442 36.4496 2.4
    endloop
  endfacet
  facet normal 0 0 1
    outer loop
      vertex -4.53163 36.4802 2.4
      vertex -3.47279 36.0817 2.4
      vertex -3.84425 36.3668 2.4
    endloop
  endfacet
  facet normal 0 0 1
    outer loop
      vertex -5.32701 36.021 2.4
      vertex -3.47279 36.0817 2.4
      vertex -4.53163 36.4802 2.4
    endloop
  endfacet
  facet normal 0 0 1
    outer loop
      vertex -4.97499 36.3298 2.4
      vertex -4.53163 36.4802 2.4
      vertex -4.76073 36.4268 2.4
    endloop
  endfacet
  facet normal -0 0 1
    outer loop
      vertex -5.16621 36.1927 2.4
      vertex -5.32701 36.021 2.4
      vertex -4.97499 36.3298 2.4
    endloop
  endfacet
  facet normal 0 0 1
    outer loop
      vertex -5.32701 36.021 2.4
      vertex -4.53163 36.4802 2.4
      vertex -4.97499 36.3298 2.4
    endloop
  endfacet
  facet normal 0 0 1
    outer loop
      vertex -11.9237 39.3064 2.4
      vertex -11.8409 39.5266 2.4
      vertex -11.8026 39.7587 2.4
    endloop
  endfacet
  facet normal 0 0 1
    outer loop
      vertex -3.29875 34.7598 2.4
      vertex -3.47279 36.0817 2.4
      vertex -5.32701 36.021 2.4
    endloop
  endfacet
  facet normal 0 0 1
    outer loop
      vertex -3.29875 34.7598 2.4
      vertex -5.32701 36.021 2.4
      vertex -5.45125 35.8213 2.4
    endloop
  endfacet
  facet normal 0 0 1
    outer loop
      vertex -3.29875 34.7598 2.4
      vertex -5.45125 35.8213 2.4
      vertex -12.3735 23.8315 2.4
    endloop
  endfacet
  facet normal 0 0 1
    outer loop
      vertex -3.29875 34.7598 2.4
      vertex -12.3735 23.8315 2.4
      vertex -10.9908 21.4367 2.4
    endloop
  endfacet
  facet normal -0 0 1
    outer loop
      vertex -23.2912 39.8734 2.4
      vertex -23.452 39.7016 2.4
      vertex -23.1 40.0104 2.4
    endloop
  endfacet
  facet normal 0 0 1
    outer loop
      vertex -11.8637 40.2229 2.4
      vertex -11.8026 39.7587 2.4
      vertex -11.8103 39.9938 2.4
    endloop
  endfacet
  facet normal 0 0 1
    outer loop
      vertex -11.9608 40.4371 2.4
      vertex -11.8026 39.7587 2.4
      vertex -11.8637 40.2229 2.4
    endloop
  endfacet
  facet normal 0 0 1
    outer loop
      vertex -12.4693 40.9134 2.4
      vertex -13.1566 41.0269 2.4
      vertex -11.9608 40.4371 2.4
    endloop
  endfacet
  facet normal 0 0 1
    outer loop
      vertex -12.2695 40.7892 2.4
      vertex -12.4693 40.9134 2.4
      vertex -12.0978 40.6284 2.4
    endloop
  endfacet
  facet normal 0 0 1
    outer loop
      vertex -12.4693 40.9134 2.4
      vertex -11.9608 40.4371 2.4
      vertex -12.0978 40.6284 2.4
    endloop
  endfacet
  facet normal 0 0 1
    outer loop
      vertex -13.1566 41.0269 2.4
      vertex -11.8026 39.7587 2.4
      vertex -11.9608 40.4371 2.4
    endloop
  endfacet
  facet normal 0 0 1
    outer loop
      vertex -13.1566 41.0269 2.4
      vertex -12.4693 40.9134 2.4
      vertex -12.6894 40.9963 2.4
    endloop
  endfacet
  facet normal -0 0 1
    outer loop
      vertex -13.1566 41.0269 2.4
      vertex -12.6894 40.9963 2.4
      vertex -12.9215 41.0346 2.4
    endloop
  endfacet
  facet normal -0 0 1
    outer loop
      vertex -13.952 40.5677 2.4
      vertex -11.8026 39.7587 2.4
      vertex -13.1566 41.0269 2.4
    endloop
  endfacet
  facet normal 0 0 1
    outer loop
      vertex -13.6 40.8764 2.4
      vertex -13.1566 41.0269 2.4
      vertex -13.3857 40.9735 2.4
    endloop
  endfacet
  facet normal -0 0 1
    outer loop
      vertex -13.7912 40.7394 2.4
      vertex -13.952 40.5677 2.4
      vertex -13.6 40.8764 2.4
    endloop
  endfacet
  facet normal 0 0 1
    outer loop
      vertex -13.952 40.5677 2.4
      vertex -13.1566 41.0269 2.4
      vertex -13.6 40.8764 2.4
    endloop
  endfacet
  facet normal 0 -0 1
    outer loop
      vertex -11.9237 39.3064 2.4
      vertex -11.8026 39.7587 2.4
      vertex -13.952 40.5677 2.4
    endloop
  endfacet
  facet normal 0 0 1
    outer loop
      vertex -11.9237 39.3064 2.4
      vertex -13.952 40.5677 2.4
      vertex -14.0762 40.3679 2.4
    endloop
  endfacet
  facet normal 0 0 1
    outer loop
      vertex -11.9237 39.3064 2.4
      vertex -14.0762 40.3679 2.4
      vertex -17.9985 33.5743 2.4
    endloop
  endfacet
  facet normal 0 0 1
    outer loop
      vertex -11.9237 39.3064 2.4
      vertex -17.9985 33.5743 2.4
      vertex -16.6158 31.1795 2.4
    endloop
  endfacet
  facet normal 0 0 1
    outer loop
      vertex -21.7695 39.9231 2.4
      vertex -21.4608 39.5711 2.4
      vertex -21.5978 39.7623 2.4
    endloop
  endfacet
  facet normal 0 0 1
    outer loop
      vertex -21.9692 40.0474 2.4
      vertex -22.4215 40.1685 2.4
      vertex -21.7695 39.9231 2.4
    endloop
  endfacet
  facet normal 0 0 1
    outer loop
      vertex -22.1894 40.1302 2.4
      vertex -22.4215 40.1685 2.4
      vertex -21.9692 40.0474 2.4
    endloop
  endfacet
  facet normal 0 0 1
    outer loop
      vertex -23.452 39.7016 2.4
      vertex -22.6566 40.1609 2.4
      vertex -23.1 40.0104 2.4
    endloop
  endfacet
  facet normal 0 0 1
    outer loop
      vertex -22.6566 40.1609 2.4
      vertex -22.8857 40.1075 2.4
      vertex -23.1 40.0104 2.4
    endloop
  endfacet
  facet normal -0 0 1
    outer loop
      vertex -23.452 39.7016 2.4
      vertex -23.5762 39.5019 2.4
      vertex -22.4215 40.1685 2.4
    endloop
  endfacet
  facet normal 0 0 1
    outer loop
      vertex -23.5762 39.5019 2.4
      vertex -23.6974 39.0496 2.4
      vertex -23.6897 38.8145 2.4
    endloop
  endfacet
  facet normal -0 0 1
    outer loop
      vertex -23.5762 39.5019 2.4
      vertex -23.6897 38.8145 2.4
      vertex -22.4215 40.1685 2.4
    endloop
  endfacet
  facet normal 0 0 1
    outer loop
      vertex -22.4215 40.1685 2.4
      vertex -23.6897 38.8145 2.4
      vertex -21.7695 39.9231 2.4
    endloop
  endfacet
  facet normal -0 0 1
    outer loop
      vertex -23.6897 38.8145 2.4
      vertex -23.5392 38.3711 2.4
      vertex -21.7695 39.9231 2.4
    endloop
  endfacet
  facet normal -0 -0 1
    outer loop
      vertex -23.6363 38.5854 2.4
      vertex -23.5392 38.3711 2.4
      vertex -23.6897 38.8145 2.4
    endloop
  endfacet
  facet normal -0 0 1
    outer loop
      vertex -23.5392 38.3711 2.4
      vertex -17.9985 33.5743 2.4
      vertex -21.4608 39.5711 2.4
    endloop
  endfacet
  facet normal 0 -0 1
    outer loop
      vertex -20.077 32.3743 2.4
      vertex -17.9985 33.5743 2.4
      vertex -23.5392 38.3711 2.4
    endloop
  endfacet
  facet normal 0 0 1
    outer loop
      vertex -16.6158 31.1795 2.4
      vertex -17.9985 33.5743 2.4
      vertex -20.077 32.3743 2.4
    endloop
  endfacet
  facet normal 0 0 1
    outer loop
      vertex -16.6158 31.1795 2.4
      vertex -20.077 32.3743 2.4
      vertex -18.6943 29.9795 2.4
    endloop
  endfacet
  facet normal -0 0 1
    outer loop
      vertex -29.0762 31.7077 2.4
      vertex -29.1591 31.4875 2.4
      vertex -28.952 31.9074 2.4
    endloop
  endfacet
  facet normal -0 0 1
    outer loop
      vertex -28.7912 32.0791 2.4
      vertex -28.952 31.9074 2.4
      vertex -28.6 32.2161 2.4
    endloop
  endfacet
  facet normal 0 0 1
    outer loop
      vertex -28.6 32.2161 2.4
      vertex -28.1566 32.3666 2.4
      vertex -28.3857 32.3132 2.4
    endloop
  endfacet
  facet normal 0 0 1
    outer loop
      vertex -28.952 31.9074 2.4
      vertex -28.1566 32.3666 2.4
      vertex -28.6 32.2161 2.4
    endloop
  endfacet
  facet normal -0 0 1
    outer loop
      vertex -29.1591 31.4875 2.4
      vertex -29.1974 31.2554 2.4
      vertex -28.952 31.9074 2.4
    endloop
  endfacet
  facet normal 0 0 1
    outer loop
      vertex -28.952 31.9074 2.4
      vertex -29.1974 31.2554 2.4
      vertex -29.1363 30.7912 2.4
    endloop
  endfacet
  facet normal 0 0 1
    outer loop
      vertex -29.1974 31.2554 2.4
      vertex -29.1897 31.0203 2.4
      vertex -29.1363 30.7912 2.4
    endloop
  endfacet
  facet normal 0 0 1
    outer loop
      vertex -28.5307 30.1007 2.4
      vertex -29.1363 30.7912 2.4
      vertex -28.9022 30.3857 2.4
    endloop
  endfacet
  facet normal 0 0 1
    outer loop
      vertex -28.5307 30.1007 2.4
      vertex -28.9022 30.3857 2.4
      vertex -28.7305 30.2249 2.4
    endloop
  endfacet
  facet normal -0 -0 1
    outer loop
      vertex -28.5307 30.1007 2.4
      vertex -28.0785 29.9795 2.4
      vertex -29.1363 30.7912 2.4
    endloop
  endfacet
  facet normal 0 0 1
    outer loop
      vertex -28.0785 29.9795 2.4
      vertex -28.952 31.9074 2.4
      vertex -29.1363 30.7912 2.4
    endloop
  endfacet
  facet normal 0 0 1
    outer loop
      vertex -28.5307 -30.1007 2.4
      vertex -28.0785 -29.9795 2.4
      vertex -28.3106 -30.0178 2.4
    endloop
  endfacet
  facet normal 0 0 1
    outer loop
      vertex -28.0785 29.9795 2.4
      vertex -28.5307 30.1007 2.4
      vertex -28.3106 30.0178 2.4
    endloop
  endfacet
  facet normal 0 0 1
    outer loop
      vertex -28.1566 32.3666 2.4
      vertex -28.952 31.9074 2.4
      vertex -28.0785 29.9795 2.4
    endloop
  endfacet
  facet normal 0 0 1
    outer loop
      vertex -45.4592 -1.10864 2.4
      vertex -46.1086 0.459213 2.4
      vertex -46.1086 -0.459213 2.4
    endloop
  endfacet
  facet normal -0 0 1
    outer loop
      vertex -28.1566 32.3666 2.4
      vertex -28.0785 29.9795 2.4
      vertex -27.9215 32.3743 2.4
    endloop
  endfacet
  facet normal 0 0 1
    outer loop
      vertex -28.5316 22.6238 2.4
      vertex -28.7607 22.5704 2.4
      vertex -28.975 22.4734 2.4
    endloop
  endfacet
  facet normal 0 0 1
    outer loop
      vertex -14.452 22.6315 2.4
      vertex -13.0693 20.2367 2.4
      vertex -10.9908 21.4367 2.4
    endloop
  endfacet
  facet normal -0 0 1
    outer loop
      vertex -29.5724 21.5126 2.4
      vertex -28.9057 20.3579 2.4
      vertex -29.327 22.1646 2.4
    endloop
  endfacet
  facet normal 0 0 1
    outer loop
      vertex -12.3735 23.8315 2.4
      vertex -18.6943 29.9795 2.4
      vertex -14.452 22.6315 2.4
    endloop
  endfacet
  facet normal 0 0 1
    outer loop
      vertex -28.0785 29.9795 2.4
      vertex -20.077 32.3743 2.4
      vertex -27.9215 32.3743 2.4
    endloop
  endfacet
  facet normal 0 0 1
    outer loop
      vertex -18.6943 29.9795 2.4
      vertex -20.077 32.3743 2.4
      vertex -28.0785 29.9795 2.4
    endloop
  endfacet
  facet normal 0 0 1
    outer loop
      vertex -12.3735 23.8315 2.4
      vertex -16.6158 31.1795 2.4
      vertex -18.6943 29.9795 2.4
    endloop
  endfacet
  facet normal 0 0 1
    outer loop
      vertex -12.3735 23.8315 2.4
      vertex -14.452 22.6315 2.4
      vertex -10.9908 21.4367 2.4
    endloop
  endfacet
  facet normal 0 0 1
    outer loop
      vertex -29.327 22.1646 2.4
      vertex -28.975 22.4734 2.4
      vertex -29.1662 22.3363 2.4
    endloop
  endfacet
  facet normal 0 0 1
    outer loop
      vertex -28.5316 22.6238 2.4
      vertex -28.975 22.4734 2.4
      vertex -29.327 22.1646 2.4
    endloop
  endfacet
  facet normal 0 0 1
    outer loop
      vertex -29.5724 21.5126 2.4
      vertex -29.327 22.1646 2.4
      vertex -29.5341 21.7447 2.4
    endloop
  endfacet
  facet normal 0 0 1
    outer loop
      vertex -29.327 22.1646 2.4
      vertex -29.4512 21.9649 2.4
      vertex -29.5341 21.7447 2.4
    endloop
  endfacet
  facet normal -0 -0 1
    outer loop
      vertex -29.5647 21.2775 2.4
      vertex -29.5113 21.0484 2.4
      vertex -29.5724 21.5126 2.4
    endloop
  endfacet
  facet normal -0 -0 1
    outer loop
      vertex -29.5113 21.0484 2.4
      vertex -28.9057 20.3579 2.4
      vertex -29.5724 21.5126 2.4
    endloop
  endfacet
  facet normal 0 0 1
    outer loop
      vertex -29.4142 20.8341 2.4
      vertex -29.2772 20.6429 2.4
      vertex -28.9057 20.3579 2.4
    endloop
  endfacet
  facet normal 0 0 1
    outer loop
      vertex -29.2772 20.6429 2.4
      vertex -29.1055 20.4821 2.4
      vertex -28.9057 20.3579 2.4
    endloop
  endfacet
  facet normal -0 -0 1
    outer loop
      vertex -29.4142 20.8341 2.4
      vertex -28.9057 20.3579 2.4
      vertex -29.5113 21.0484 2.4
    endloop
  endfacet
  facet normal 0 -0 1
    outer loop
      vertex -28.9057 20.3579 2.4
      vertex -28.5316 22.6238 2.4
      vertex -29.327 22.1646 2.4
    endloop
  endfacet
  facet normal 0 -0 1
    outer loop
      vertex -28.6856 20.275 2.4
      vertex -28.5316 22.6238 2.4
      vertex -28.9057 20.3579 2.4
    endloop
  endfacet
  facet normal 0 0 1
    outer loop
      vertex -31.7522 14.5231 2.4
      vertex -31.9015 14.7049 2.4
      vertex -32.0833 14.8542 2.4
    endloop
  endfacet
  facet normal 0 0 1
    outer loop
      vertex -28.2965 22.6315 2.4
      vertex -28.5316 22.6238 2.4
      vertex -28.6856 20.275 2.4
    endloop
  endfacet
  facet normal 0 0 1
    outer loop
      vertex -19.1357 12.8277 2.4
      vertex -19.35 12.7306 2.4
      vertex -19.9337 11.5087 2.4
    endloop
  endfacet
  facet normal 0 0 1
    outer loop
      vertex -28.2965 22.6315 2.4
      vertex -28.6856 20.275 2.4
      vertex -28.4535 20.2367 2.4
    endloop
  endfacet
  facet normal -0 0 1
    outer loop
      vertex -13.0693 20.2367 2.4
      vertex -6.7485 14.0888 2.4
      vertex -10.9908 21.4367 2.4
    endloop
  endfacet
  facet normal 0 -0 1
    outer loop
      vertex -8.82697 12.8888 2.4
      vertex -6.7485 14.0888 2.4
      vertex -13.0693 20.2367 2.4
    endloop
  endfacet
  facet normal -0 0 1
    outer loop
      vertex -28.2965 22.6315 2.4
      vertex -28.4535 20.2367 2.4
      vertex -14.452 22.6315 2.4
    endloop
  endfacet
  facet normal 0 0 1
    outer loop
      vertex -28.4535 20.2367 2.4
      vertex -13.0693 20.2367 2.4
      vertex -14.452 22.6315 2.4
    endloop
  endfacet
  facet normal 0 0 1
    outer loop
      vertex -6.36395 6.36395 2.4
      vertex -7.48322 5.00012 2.4
      vertex -4.6669 4.6669 2.4
    endloop
  endfacet
  facet normal 0 0 1
    outer loop
      vertex -19.9337 11.5087 2.4
      vertex -19.702 12.4218 2.4
      vertex -19.8262 12.2221 2.4
    endloop
  endfacet
  facet normal -0 0 1
    outer loop
      vertex -19.702 12.4218 2.4
      vertex -19.9337 11.5087 2.4
      vertex -19.5412 12.5936 2.4
    endloop
  endfacet
  facet normal 0 0 1
    outer loop
      vertex -19.9337 11.5087 2.4
      vertex -19.35 12.7306 2.4
      vertex -19.5412 12.5936 2.4
    endloop
  endfacet
  facet normal -0 0 1
    outer loop
      vertex -19.9091 12.0019 2.4
      vertex -19.9337 11.5087 2.4
      vertex -19.8262 12.2221 2.4
    endloop
  endfacet
  facet normal -0 0 1
    outer loop
      vertex -19.9474 11.7698 2.4
      vertex -19.9337 11.5087 2.4
      vertex -19.9091 12.0019 2.4
    endloop
  endfacet
  facet normal 0 0 1
    outer loop
      vertex -19.9337 11.5087 2.4
      vertex -18.9066 12.8811 2.4
      vertex -19.1357 12.8277 2.4
    endloop
  endfacet
  facet normal 0 0 1
    outer loop
      vertex -19.9337 11.5087 2.4
      vertex -19.9474 11.7698 2.4
      vertex -19.9397 11.5347 2.4
    endloop
  endfacet
  facet normal 0 0 1
    outer loop
      vertex -18.6715 12.8888 2.4
      vertex -18.9066 12.8811 2.4
      vertex -19.9337 11.5087 2.4
    endloop
  endfacet
  facet normal 0 -0 1
    outer loop
      vertex -20.6086 9.93307 2.4
      vertex -19.9337 11.5087 2.4
      vertex -20.6769 10.1582 2.4
    endloop
  endfacet
  facet normal 0 0 1
    outer loop
      vertex -19.9337 11.5087 2.4
      vertex -20.1667 11.3901 2.4
      vertex -20.3485 11.2408 2.4
    endloop
  endfacet
  facet normal -0 0 1
    outer loop
      vertex -19.9592 11.5009 2.4
      vertex -20.1667 11.3901 2.4
      vertex -19.9337 11.5087 2.4
    endloop
  endfacet
  facet normal 0 0 1
    outer loop
      vertex -19.9337 11.5087 2.4
      vertex -20.3485 11.2408 2.4
      vertex -20.4978 11.059 2.4
    endloop
  endfacet
  facet normal 0 0 1
    outer loop
      vertex -19.9337 11.5087 2.4
      vertex -20.4978 11.059 2.4
      vertex -20.6086 10.8515 2.4
    endloop
  endfacet
  facet normal -0 0 1
    outer loop
      vertex -20.6086 10.8515 2.4
      vertex -20.6769 10.6264 2.4
      vertex -19.9337 11.5087 2.4
    endloop
  endfacet
  facet normal -0 0 1
    outer loop
      vertex -20.6769 10.6264 2.4
      vertex -20.7 10.3923 2.4
      vertex -19.9337 11.5087 2.4
    endloop
  endfacet
  facet normal -0 0 1
    outer loop
      vertex -20.7 10.3923 2.4
      vertex -20.6769 10.1582 2.4
      vertex -19.9337 11.5087 2.4
    endloop
  endfacet
  facet normal 0 0 1
    outer loop
      vertex -19.9337 11.5087 2.4
      vertex -20.6086 9.93307 2.4
      vertex -20.4978 9.72562 2.4
    endloop
  endfacet
  facet normal 0 0 1
    outer loop
      vertex -19.9337 11.5087 2.4
      vertex -20.4978 9.72562 2.4
      vertex -18.176 10.4939 2.4
    endloop
  endfacet
  facet normal 0 0 1
    outer loop
      vertex -18.176 10.4939 2.4
      vertex -15.5755 1.2 2.4
      vertex -12.8102 1.2 2.4
    endloop
  endfacet
  facet normal 0 0 1
    outer loop
      vertex -2.19307 6.1985 2.4
      vertex -3.41933 8.32243 2.4
      vertex -5.47911 7.09012 2.4
    endloop
  endfacet
  facet normal 0 0 1
    outer loop
      vertex -40.3333 -9.658 2.4
      vertex -40.7659 -9.83719 2.4
      vertex -40.5408 -9.76891 2.4
    endloop
  endfacet
  facet normal -0 -0 1
    outer loop
      vertex -42.1769 -8.89435 2.4
      vertex -42.1086 -9.11946 2.4
      vertex -42.2 -8.66025 2.4
    endloop
  endfacet
  facet normal 0 0 1
    outer loop
      vertex -32.5159 15.0333 2.4
      vertex -32.0833 14.8542 2.4
      vertex -32.2908 14.9651 2.4
    endloop
  endfacet
  facet normal 0 0 1
    outer loop
      vertex -32.75 15.0564 2.4
      vertex -32.0833 14.8542 2.4
      vertex -32.5159 15.0333 2.4
    endloop
  endfacet
  facet normal -0 0 1
    outer loop
      vertex -32.9841 15.0333 2.4
      vertex -33.4167 14.8542 2.4
      vertex -32.75 15.0564 2.4
    endloop
  endfacet
  facet normal -0 0 1
    outer loop
      vertex -33.2092 14.9651 2.4
      vertex -33.4167 14.8542 2.4
      vertex -32.9841 15.0333 2.4
    endloop
  endfacet
  facet normal 0 0 1
    outer loop
      vertex -33.4167 14.8542 2.4
      vertex -32.0833 14.8542 2.4
      vertex -32.75 15.0564 2.4
    endloop
  endfacet
  facet normal -0 0 1
    outer loop
      vertex -33.7478 14.5231 2.4
      vertex -33.8586 14.3156 2.4
      vertex -33.4167 14.8542 2.4
    endloop
  endfacet
  facet normal 0 0 1
    outer loop
      vertex -33.7478 14.5231 2.4
      vertex -33.4167 14.8542 2.4
      vertex -33.5985 14.7049 2.4
    endloop
  endfacet
  facet normal -0 0 1
    outer loop
      vertex -33.8586 14.3156 2.4
      vertex -33.8586 13.3972 2.4
      vertex -33.4167 14.8542 2.4
    endloop
  endfacet
  facet normal -0 0 1
    outer loop
      vertex -33.95 13.8564 2.4
      vertex -33.8586 13.3972 2.4
      vertex -33.8586 14.3156 2.4
    endloop
  endfacet
  facet normal 0 0 1
    outer loop
      vertex -33.95 13.8564 2.4
      vertex -33.8586 14.3156 2.4
      vertex -33.9269 14.0905 2.4
    endloop
  endfacet
  facet normal -0 -0 1
    outer loop
      vertex -33.9269 13.6223 2.4
      vertex -33.8586 13.3972 2.4
      vertex -33.95 13.8564 2.4
    endloop
  endfacet
  facet normal 0 0 1
    outer loop
      vertex -33.8586 13.3972 2.4
      vertex -32.0833 14.8542 2.4
      vertex -33.4167 14.8542 2.4
    endloop
  endfacet
  facet normal 0 0 1
    outer loop
      vertex -40.0022 9.32693 2.4
      vertex -40.1515 9.50877 2.4
      vertex -40.3333 9.658 2.4
    endloop
  endfacet
  facet normal 0 0 1
    outer loop
      vertex -31.7522 14.5231 2.4
      vertex -32.0833 14.8542 2.4
      vertex -33.8586 13.3972 2.4
    endloop
  endfacet
  facet normal 0 0 1
    outer loop
      vertex -31.7522 14.5231 2.4
      vertex -33.8586 13.3972 2.4
      vertex -33.7478 13.1897 2.4
    endloop
  endfacet
  facet normal 0 0 1
    outer loop
      vertex -31.7522 14.5231 2.4
      vertex -33.7478 13.1897 2.4
      vertex -26.8255 1.2 2.4
    endloop
  endfacet
  facet normal 0 0 1
    outer loop
      vertex -31.7522 14.5231 2.4
      vertex -26.8255 1.2 2.4
      vertex -24.0602 1.2 2.4
    endloop
  endfacet
  facet normal 0 0 1
    outer loop
      vertex -45 1.2 2.4
      vertex -45 -1.2 2.4
      vertex -38.0755 -1.2 2.4
    endloop
  endfacet
  facet normal 0 0 1
    outer loop
      vertex -40.7659 9.83719 2.4
      vertex -40.3333 9.658 2.4
      vertex -40.5408 9.76891 2.4
    endloop
  endfacet
  facet normal 0 0 1
    outer loop
      vertex -41 9.86024 2.4
      vertex -40.3333 9.658 2.4
      vertex -40.7659 9.83719 2.4
    endloop
  endfacet
  facet normal -0 0 1
    outer loop
      vertex -41.2341 9.83719 2.4
      vertex -41.6667 9.658 2.4
      vertex -41 9.86024 2.4
    endloop
  endfacet
  facet normal -0 0 1
    outer loop
      vertex -41.4592 9.76891 2.4
      vertex -41.6667 9.658 2.4
      vertex -41.2341 9.83719 2.4
    endloop
  endfacet
  facet normal 0 0 1
    outer loop
      vertex -41.6667 9.658 2.4
      vertex -40.3333 9.658 2.4
      vertex -41 9.86024 2.4
    endloop
  endfacet
  facet normal -0 0 1
    outer loop
      vertex -41.9978 9.32693 2.4
      vertex -42.1086 9.11946 2.4
      vertex -41.6667 9.658 2.4
    endloop
  endfacet
  facet normal 0 0 1
    outer loop
      vertex -41.9978 9.32693 2.4
      vertex -41.6667 9.658 2.4
      vertex -41.8485 9.50877 2.4
    endloop
  endfacet
  facet normal 0 0 1
    outer loop
      vertex -42.1086 9.11946 2.4
      vertex -40.3333 9.658 2.4
      vertex -41.6667 9.658 2.4
    endloop
  endfacet
  facet normal -0 0 1
    outer loop
      vertex -42.2 8.66025 2.4
      vertex -42.1086 8.20102 2.4
      vertex -42.1086 9.11946 2.4
    endloop
  endfacet
  facet normal 0 0 1
    outer loop
      vertex -42.2 8.66025 2.4
      vertex -42.1086 9.11946 2.4
      vertex -42.1769 8.89435 2.4
    endloop
  endfacet
  facet normal -0 -0 1
    outer loop
      vertex -42.1769 8.42613 2.4
      vertex -42.1086 8.20102 2.4
      vertex -42.2 8.66025 2.4
    endloop
  endfacet
  facet normal 0 0 1
    outer loop
      vertex -42.1086 8.20102 2.4
      vertex -40.3333 9.658 2.4
      vertex -42.1086 9.11946 2.4
    endloop
  endfacet
  facet normal 0 -0 1
    outer loop
      vertex -41.9978 7.99356 2.4
      vertex -40.3333 9.658 2.4
      vertex -42.1086 8.20102 2.4
    endloop
  endfacet
  facet normal 0 0 1
    outer loop
      vertex -40.0022 9.32693 2.4
      vertex -40.3333 9.658 2.4
      vertex -41.9978 7.99356 2.4
    endloop
  endfacet
  facet normal 0 0 1
    outer loop
      vertex -40.0022 9.32693 2.4
      vertex -41.9978 7.99356 2.4
      vertex -38.0755 1.2 2.4
    endloop
  endfacet
  facet normal 0 0 1
    outer loop
      vertex -40.0022 9.32693 2.4
      vertex -38.0755 1.2 2.4
      vertex -35.3102 1.2 2.4
    endloop
  endfacet
  facet normal 0 0 1
    outer loop
      vertex -45.4592 1.10864 2.4
      vertex -45 1.2 2.4
      vertex -45.2341 1.17694 2.4
    endloop
  endfacet
  facet normal 0 0 1
    outer loop
      vertex -45.6667 0.997757 2.4
      vertex -45.9978 0.666672 2.4
      vertex -46.1086 0.459213 2.4
    endloop
  endfacet
  facet normal -0 0 1
    outer loop
      vertex -45.8485 0.848526 2.4
      vertex -45.9978 0.666672 2.4
      vertex -45.6667 0.997757 2.4
    endloop
  endfacet
  facet normal -0 0 1
    outer loop
      vertex -45.6667 0.997757 2.4
      vertex -46.1086 0.459213 2.4
      vertex -45.4592 1.10864 2.4
    endloop
  endfacet
  facet normal 0 0 1
    outer loop
      vertex -46.1086 -0.459213 2.4
      vertex -46.2 0 2.4
      vertex -46.1769 -0.2341 2.4
    endloop
  endfacet
  facet normal -0 0 1
    outer loop
      vertex -46.1769 0.2341 2.4
      vertex -46.2 0 2.4
      vertex -46.1086 0.459213 2.4
    endloop
  endfacet
  facet normal 0 0 1
    outer loop
      vertex -46.1086 0.459213 2.4
      vertex -46.2 0 2.4
      vertex -46.1086 -0.459213 2.4
    endloop
  endfacet
  facet normal 0 0 1
    outer loop
      vertex -45.6667 -0.997757 2.4
      vertex -46.1086 -0.459213 2.4
      vertex -45.9978 -0.666672 2.4
    endloop
  endfacet
  facet normal 0 0 1
    outer loop
      vertex -45.4592 -1.10864 2.4
      vertex -46.1086 -0.459213 2.4
      vertex -45.6667 -0.997757 2.4
    endloop
  endfacet
  facet normal 0 0 1
    outer loop
      vertex -45.9978 -0.666672 2.4
      vertex -45.8485 -0.848526 2.4
      vertex -45.6667 -0.997757 2.4
    endloop
  endfacet
  facet normal 0 0 1
    outer loop
      vertex -45.4592 1.10864 2.4
      vertex -46.1086 0.459213 2.4
      vertex -45.4592 -1.10864 2.4
    endloop
  endfacet
  facet normal 0 0 1
    outer loop
      vertex -45.4592 1.10864 2.4
      vertex -45.4592 -1.10864 2.4
      vertex -45 -1.2 2.4
    endloop
  endfacet
  facet normal 0 0 1
    outer loop
      vertex -45.4592 -1.10864 2.4
      vertex -45.2341 -1.17694 2.4
      vertex -45 -1.2 2.4
    endloop
  endfacet
  facet normal -0 0 1
    outer loop
      vertex -45.4592 1.10864 2.4
      vertex -45 -1.2 2.4
      vertex -45 1.2 2.4
    endloop
  endfacet
  facet normal -0 0 1
    outer loop
      vertex -45 1.2 2.4
      vertex -38.0755 -1.2 2.4
      vertex -38.0755 1.2 2.4
    endloop
  endfacet
  facet normal 0 0 1
    outer loop
      vertex -38.0755 -1.2 2.4
      vertex -35.3102 -1.2 2.4
      vertex -38.0755 1.2 2.4
    endloop
  endfacet
  facet normal 0 0 1
    outer loop
      vertex -42.1086 -8.20102 2.4
      vertex -42.1769 -8.42613 2.4
      vertex -42.2 -8.66025 2.4
    endloop
  endfacet
  facet normal 0 -0 1
    outer loop
      vertex -35.3102 -1.2 2.4
      vertex -35.3102 1.2 2.4
      vertex -38.0755 1.2 2.4
    endloop
  endfacet
  facet normal 0 -0 1
    outer loop
      vertex -42.1086 -9.11946 2.4
      vertex -42.1086 -8.20102 2.4
      vertex -42.2 -8.66025 2.4
    endloop
  endfacet
  facet normal 0 -0 1
    outer loop
      vertex -41.6667 -9.658 2.4
      vertex -40.3333 -9.658 2.4
      vertex -42.1086 -9.11946 2.4
    endloop
  endfacet
  facet normal -0 -0 1
    outer loop
      vertex -41.9978 -9.32693 2.4
      vertex -41.6667 -9.658 2.4
      vertex -42.1086 -9.11946 2.4
    endloop
  endfacet
  facet normal 0 0 1
    outer loop
      vertex -40.3333 -9.658 2.4
      vertex -41 -9.86024 2.4
      vertex -40.7659 -9.83719 2.4
    endloop
  endfacet
  facet normal -0 -0 1
    outer loop
      vertex -41.4592 -9.76891 2.4
      vertex -41.2341 -9.83719 2.4
      vertex -41.6667 -9.658 2.4
    endloop
  endfacet
  facet normal -0 -0 1
    outer loop
      vertex -41.2341 -9.83719 2.4
      vertex -41 -9.86024 2.4
      vertex -41.6667 -9.658 2.4
    endloop
  endfacet
  facet normal -0 0 1
    outer loop
      vertex -41.6667 -9.658 2.4
      vertex -41 -9.86024 2.4
      vertex -40.3333 -9.658 2.4
    endloop
  endfacet
  facet normal 0 0 1
    outer loop
      vertex -42.1086 -8.20102 2.4
      vertex -42.1086 -9.11946 2.4
      vertex -40.3333 -9.658 2.4
    endloop
  endfacet
  facet normal -0 0 1
    outer loop
      vertex -42.1086 -8.20102 2.4
      vertex -40.3333 -9.658 2.4
      vertex -41.9978 -7.99356 2.4
    endloop
  endfacet
  facet normal 0 0 1
    outer loop
      vertex -40.3333 -9.658 2.4
      vertex -40.1515 -9.50877 2.4
      vertex -40.0022 -9.32693 2.4
    endloop
  endfacet
  facet normal 0 0 1
    outer loop
      vertex -33.8586 -13.3972 2.4
      vertex -33.95 -13.8564 2.4
      vertex -33.8586 -14.3156 2.4
    endloop
  endfacet
  facet normal 0 -0 1
    outer loop
      vertex -40.3333 -9.658 2.4
      vertex -40.0022 -9.32693 2.4
      vertex -41.9978 -7.99356 2.4
    endloop
  endfacet
  facet normal -0 0 1
    outer loop
      vertex -26.8255 1.2 2.4
      vertex -24.0602 -1.2 2.4
      vertex -24.0602 1.2 2.4
    endloop
  endfacet
  facet normal 0 0 1
    outer loop
      vertex -33.4167 -14.8542 2.4
      vertex -33.8586 -13.3972 2.4
      vertex -33.8586 -14.3156 2.4
    endloop
  endfacet
  facet normal 0 0 1
    outer loop
      vertex -26.8255 1.2 2.4
      vertex -35.3102 1.2 2.4
      vertex -26.8255 -1.2 2.4
    endloop
  endfacet
  facet normal 0 -0 1
    outer loop
      vertex -40.0022 -9.32693 2.4
      vertex -38.0755 -1.2 2.4
      vertex -41.9978 -7.99356 2.4
    endloop
  endfacet
  facet normal 0 0 1
    outer loop
      vertex -35.3102 -1.2 2.4
      vertex -38.0755 -1.2 2.4
      vertex -40.0022 -9.32693 2.4
    endloop
  endfacet
  facet normal 0 0 1
    outer loop
      vertex -26.8255 -1.2 2.4
      vertex -35.3102 1.2 2.4
      vertex -35.3102 -1.2 2.4
    endloop
  endfacet
  facet normal 0 0 1
    outer loop
      vertex -26.8255 1.2 2.4
      vertex -26.8255 -1.2 2.4
      vertex -24.0602 -1.2 2.4
    endloop
  endfacet
  facet normal -0 -0 1
    outer loop
      vertex -33.9269 -14.0905 2.4
      vertex -33.8586 -14.3156 2.4
      vertex -33.95 -13.8564 2.4
    endloop
  endfacet
  facet normal 0 0 1
    outer loop
      vertex -33.7478 -14.5231 2.4
      vertex -33.5985 -14.7049 2.4
      vertex -33.4167 -14.8542 2.4
    endloop
  endfacet
  facet normal -0 -0 1
    outer loop
      vertex -33.7478 -14.5231 2.4
      vertex -33.4167 -14.8542 2.4
      vertex -33.8586 -14.3156 2.4
    endloop
  endfacet
  facet normal 0 0 1
    outer loop
      vertex -33.4167 -14.8542 2.4
      vertex -32.9841 -15.0333 2.4
      vertex -32.75 -15.0564 2.4
    endloop
  endfacet
  facet normal -0 -0 1
    outer loop
      vertex -33.2092 -14.9651 2.4
      vertex -32.9841 -15.0333 2.4
      vertex -33.4167 -14.8542 2.4
    endloop
  endfacet
  facet normal 0 0 1
    outer loop
      vertex -32.0833 -14.8542 2.4
      vertex -32.75 -15.0564 2.4
      vertex -32.5159 -15.0333 2.4
    endloop
  endfacet
  facet normal -0 0 1
    outer loop
      vertex -33.4167 -14.8542 2.4
      vertex -32.75 -15.0564 2.4
      vertex -32.0833 -14.8542 2.4
    endloop
  endfacet
  facet normal 0 0 1
    outer loop
      vertex -32.5159 -15.0333 2.4
      vertex -32.2908 -14.9651 2.4
      vertex -32.0833 -14.8542 2.4
    endloop
  endfacet
  facet normal 0 -0 1
    outer loop
      vertex -33.4167 -14.8542 2.4
      vertex -32.0833 -14.8542 2.4
      vertex -33.8586 -13.3972 2.4
    endloop
  endfacet
  facet normal -0 -0 1
    outer loop
      vertex -20.6086 -10.8515 2.4
      vertex -19.9337 -11.5087 2.4
      vertex -20.6769 -10.6264 2.4
    endloop
  endfacet
  facet normal 0 0 1
    outer loop
      vertex -1.7558 8.82706 2.4
      vertex -2.19307 6.1985 2.4
      vertex -1.28758 6.47318 2.4
    endloop
  endfacet
  facet normal 0 0 1
    outer loop
      vertex -19.9337 -11.5087 2.4
      vertex -20.6769 -10.1582 2.4
      vertex -20.7 -10.3923 2.4
    endloop
  endfacet
  facet normal 0 -0 1
    outer loop
      vertex -32.0833 -14.8542 2.4
      vertex -31.7522 -14.5231 2.4
      vertex -33.8586 -13.3972 2.4
    endloop
  endfacet
  facet normal 0 -0 1
    outer loop
      vertex -31.9015 -14.7049 2.4
      vertex -31.7522 -14.5231 2.4
      vertex -32.0833 -14.8542 2.4
    endloop
  endfacet
  facet normal 0 0 1
    outer loop
      vertex -31.7522 -14.5231 2.4
      vertex -33.7478 -13.1897 2.4
      vertex -33.8586 -13.3972 2.4
    endloop
  endfacet
  facet normal -0 -0 1
    outer loop
      vertex -19.8262 -12.2221 2.4
      vertex -19.702 -12.4218 2.4
      vertex -19.9337 -11.5087 2.4
    endloop
  endfacet
  facet normal 0 0 1
    outer loop
      vertex -20.7 -10.3923 2.4
      vertex -20.6769 -10.6264 2.4
      vertex -19.9337 -11.5087 2.4
    endloop
  endfacet
  facet normal 0 0 1
    outer loop
      vertex -26.8255 -1.2 2.4
      vertex -33.7478 -13.1897 2.4
      vertex -31.7522 -14.5231 2.4
    endloop
  endfacet
  facet normal 0 0 1
    outer loop
      vertex -24.0602 1.2 2.4
      vertex -24.0602 -1.2 2.4
      vertex -15.5755 -1.2 2.4
    endloop
  endfacet
  facet normal -0 0 1
    outer loop
      vertex -26.8255 -1.2 2.4
      vertex -31.7522 -14.5231 2.4
      vertex -24.0602 -1.2 2.4
    endloop
  endfacet
  facet normal -0 0 1
    outer loop
      vertex -24.0602 1.2 2.4
      vertex -15.5755 -1.2 2.4
      vertex -15.5755 1.2 2.4
    endloop
  endfacet
  facet normal 0 0 1
    outer loop
      vertex -20.1667 -11.3901 2.4
      vertex -19.9592 -11.5009 2.4
      vertex -19.9337 -11.5087 2.4
    endloop
  endfacet
  facet normal 0 0 1
    outer loop
      vertex -19.9337 -11.5087 2.4
      vertex -20.4978 -11.059 2.4
      vertex -20.3485 -11.2408 2.4
    endloop
  endfacet
  facet normal 0 0 1
    outer loop
      vertex -19.9337 -11.5087 2.4
      vertex -20.3485 -11.2408 2.4
      vertex -20.1667 -11.3901 2.4
    endloop
  endfacet
  facet normal 0 0 1
    outer loop
      vertex -19.9337 -11.5087 2.4
      vertex -20.6086 -10.8515 2.4
      vertex -20.4978 -11.059 2.4
    endloop
  endfacet
  facet normal 0 0 1
    outer loop
      vertex -20.6086 -9.93307 2.4
      vertex -20.6769 -10.1582 2.4
      vertex -19.9337 -11.5087 2.4
    endloop
  endfacet
  facet normal -0 0 1
    outer loop
      vertex -20.6086 -9.93307 2.4
      vertex -19.9337 -11.5087 2.4
      vertex -20.4978 -9.72562 2.4
    endloop
  endfacet
  facet normal 0 0 1
    outer loop
      vertex -19.9091 -12.0019 2.4
      vertex -19.9337 -11.5087 2.4
      vertex -19.9474 -11.7698 2.4
    endloop
  endfacet
  facet normal 0 0 1
    outer loop
      vertex -19.9337 -11.5087 2.4
      vertex -19.1357 -12.8277 2.4
      vertex -18.9066 -12.8811 2.4
    endloop
  endfacet
  facet normal -0 -0 1
    outer loop
      vertex -19.9091 -12.0019 2.4
      vertex -19.8262 -12.2221 2.4
      vertex -19.9337 -11.5087 2.4
    endloop
  endfacet
  facet normal 0 0 1
    outer loop
      vertex -19.9474 -11.7698 2.4
      vertex -19.9337 -11.5087 2.4
      vertex -19.9397 -11.5347 2.4
    endloop
  endfacet
  facet normal -0 -0 1
    outer loop
      vertex -19.702 -12.4218 2.4
      vertex -19.5412 -12.5936 2.4
      vertex -19.9337 -11.5087 2.4
    endloop
  endfacet
  facet normal -0 -0 1
    outer loop
      vertex -19.5412 -12.5936 2.4
      vertex -19.35 -12.7306 2.4
      vertex -19.9337 -11.5087 2.4
    endloop
  endfacet
  facet normal -0 -0 1
    outer loop
      vertex -19.35 -12.7306 2.4
      vertex -19.1357 -12.8277 2.4
      vertex -19.9337 -11.5087 2.4
    endloop
  endfacet
  facet normal 0 0 1
    outer loop
      vertex -19.9337 -11.5087 2.4
      vertex -18.9066 -12.8811 2.4
      vertex -18.6715 -12.8888 2.4
    endloop
  endfacet
  facet normal 0 -0 1
    outer loop
      vertex -10.9908 -21.4367 2.4
      vertex -6.7485 -14.0888 2.4
      vertex -13.0693 -20.2367 2.4
    endloop
  endfacet
  facet normal 0 0 1
    outer loop
      vertex -18.6943 -29.9795 2.4
      vertex -12.3735 -23.8315 2.4
      vertex -14.452 -22.6315 2.4
    endloop
  endfacet
  facet normal -0 0 1
    outer loop
      vertex -19.9337 -11.5087 2.4
      vertex -18.6715 -12.8888 2.4
      vertex -18.176 -10.4939 2.4
    endloop
  endfacet
  facet normal 0 0 1
    outer loop
      vertex -14.452 -22.6315 2.4
      vertex -10.9908 -21.4367 2.4
      vertex -13.0693 -20.2367 2.4
    endloop
  endfacet
  facet normal 0 -0 1
    outer loop
      vertex -8.82697 -12.8888 2.4
      vertex -7.44429 -10.4939 2.4
      vertex -18.176 -10.4939 2.4
    endloop
  endfacet
  facet normal -0 0 1
    outer loop
      vertex -2.07845 -1.2 2.4
      vertex 0 -2.39996 2.4
      vertex -2.07845 1.2 2.4
    endloop
  endfacet
  facet normal -0 0 1
    outer loop
      vertex -29.1055 -20.4821 2.4
      vertex -29.2772 -20.6429 2.4
      vertex -28.9057 -20.3579 2.4
    endloop
  endfacet
  facet normal -0 0 1
    outer loop
      vertex -29.2772 -20.6429 2.4
      vertex -29.4142 -20.8341 2.4
      vertex -28.9057 -20.3579 2.4
    endloop
  endfacet
  facet normal 0 0 1
    outer loop
      vertex -28.9057 -20.3579 2.4
      vertex -29.4142 -20.8341 2.4
      vertex -29.5113 -21.0484 2.4
    endloop
  endfacet
  facet normal 0 0 1
    outer loop
      vertex -29.5724 -21.5126 2.4
      vertex -29.5113 -21.0484 2.4
      vertex -29.5647 -21.2775 2.4
    endloop
  endfacet
  facet normal 0 0 1
    outer loop
      vertex -28.9057 -20.3579 2.4
      vertex -29.5113 -21.0484 2.4
      vertex -29.5724 -21.5126 2.4
    endloop
  endfacet
  facet normal 0 0 1
    outer loop
      vertex -28.9057 -20.3579 2.4
      vertex -29.5724 -21.5126 2.4
      vertex -29.327 -22.1646 2.4
    endloop
  endfacet
  facet normal 0 0 1
    outer loop
      vertex -29.327 -22.1646 2.4
      vertex -29.5341 -21.7447 2.4
      vertex -29.4512 -21.9649 2.4
    endloop
  endfacet
  facet normal 0 0 1
    outer loop
      vertex -29.5724 -21.5126 2.4
      vertex -29.5341 -21.7447 2.4
      vertex -29.327 -22.1646 2.4
    endloop
  endfacet
  facet normal 0 0 1
    outer loop
      vertex -28.9057 -20.3579 2.4
      vertex -29.327 -22.1646 2.4
      vertex -28.5316 -22.6238 2.4
    endloop
  endfacet
  facet normal 0 0 1
    outer loop
      vertex -29.327 -22.1646 2.4
      vertex -28.975 -22.4734 2.4
      vertex -28.5316 -22.6238 2.4
    endloop
  endfacet
  facet normal -0 -0 1
    outer loop
      vertex -29.1662 -22.3363 2.4
      vertex -28.975 -22.4734 2.4
      vertex -29.327 -22.1646 2.4
    endloop
  endfacet
  facet normal 0 0 1
    outer loop
      vertex -28.975 -22.4734 2.4
      vertex -28.7607 -22.5704 2.4
      vertex -28.5316 -22.6238 2.4
    endloop
  endfacet
  facet normal -0 0 1
    outer loop
      vertex -28.9057 -20.3579 2.4
      vertex -28.5316 -22.6238 2.4
      vertex -28.6856 -20.275 2.4
    endloop
  endfacet
  facet normal -0 -0 1
    outer loop
      vertex -28.5316 -22.6238 2.4
      vertex -28.2965 -22.6315 2.4
      vertex -28.6856 -20.275 2.4
    endloop
  endfacet
  facet normal 0 0 1
    outer loop
      vertex -28.2965 -22.6315 2.4
      vertex -28.4535 -20.2367 2.4
      vertex -28.6856 -20.275 2.4
    endloop
  endfacet
  facet normal 0 0 1
    outer loop
      vertex -14.452 -22.6315 2.4
      vertex -28.4535 -20.2367 2.4
      vertex -28.2965 -22.6315 2.4
    endloop
  endfacet
  facet normal 0 -0 1
    outer loop
      vertex -11.9608 -40.4371 2.4
      vertex -11.8026 -39.7587 2.4
      vertex -13.1566 -41.0269 2.4
    endloop
  endfacet
  facet normal 0 0 1
    outer loop
      vertex -13.0693 -20.2367 2.4
      vertex -28.4535 -20.2367 2.4
      vertex -14.452 -22.6315 2.4
    endloop
  endfacet
  facet normal 0 0 1
    outer loop
      vertex -16.6158 -31.1795 2.4
      vertex -18.6943 -29.9795 2.4
      vertex -20.077 -32.3743 2.4
    endloop
  endfacet
  facet normal -0 0 1
    outer loop
      vertex -28.7305 -30.2249 2.4
      vertex -28.9022 -30.3857 2.4
      vertex -28.5307 -30.1007 2.4
    endloop
  endfacet
  facet normal -0 0 1
    outer loop
      vertex -28.9022 -30.3857 2.4
      vertex -29.1363 -30.7912 2.4
      vertex -28.5307 -30.1007 2.4
    endloop
  endfacet
  facet normal -0 0 1
    outer loop
      vertex -29.0392 -30.5769 2.4
      vertex -29.1363 -30.7912 2.4
      vertex -28.9022 -30.3857 2.4
    endloop
  endfacet
  facet normal 0 0 1
    outer loop
      vertex -29.1363 -30.7912 2.4
      vertex -28.0785 -29.9795 2.4
      vertex -28.5307 -30.1007 2.4
    endloop
  endfacet
  facet normal -0 0 1
    outer loop
      vertex -29.1897 -31.0203 2.4
      vertex -29.1974 -31.2554 2.4
      vertex -29.1363 -30.7912 2.4
    endloop
  endfacet
  facet normal -0 0 1
    outer loop
      vertex -29.1974 -31.2554 2.4
      vertex -28.952 -31.9074 2.4
      vertex -29.1363 -30.7912 2.4
    endloop
  endfacet
  facet normal -0 -0 1
    outer loop
      vertex -29.1591 -31.4875 2.4
      vertex -28.952 -31.9074 2.4
      vertex -29.1974 -31.2554 2.4
    endloop
  endfacet
  facet normal -0 -0 1
    outer loop
      vertex -29.0762 -31.7077 2.4
      vertex -28.952 -31.9074 2.4
      vertex -29.1591 -31.4875 2.4
    endloop
  endfacet
  facet normal 0 -0 1
    outer loop
      vertex -28.952 -31.9074 2.4
      vertex -28.0785 -29.9795 2.4
      vertex -29.1363 -30.7912 2.4
    endloop
  endfacet
  facet normal -0 -0 1
    outer loop
      vertex -28.7912 -32.0791 2.4
      vertex -28.6 -32.2161 2.4
      vertex -28.952 -31.9074 2.4
    endloop
  endfacet
  facet normal 0 0 1
    outer loop
      vertex -28.6 -32.2161 2.4
      vertex -28.3857 -32.3132 2.4
      vertex -28.1566 -32.3666 2.4
    endloop
  endfacet
  facet normal -0 -0 1
    outer loop
      vertex -28.6 -32.2161 2.4
      vertex -28.1566 -32.3666 2.4
      vertex -28.952 -31.9074 2.4
    endloop
  endfacet
  facet normal 0 -0 1
    outer loop
      vertex -28.1566 -32.3666 2.4
      vertex -28.0785 -29.9795 2.4
      vertex -28.952 -31.9074 2.4
    endloop
  endfacet
  facet normal 0 0 1
    outer loop
      vertex -27.9215 -32.3743 2.4
      vertex -28.0785 -29.9795 2.4
      vertex -28.1566 -32.3666 2.4
    endloop
  endfacet
  facet normal 0 0 1
    outer loop
      vertex -20.077 -32.3743 2.4
      vertex -28.0785 -29.9795 2.4
      vertex -27.9215 -32.3743 2.4
    endloop
  endfacet
  facet normal 0 -0 1
    outer loop
      vertex -21.4608 -39.5711 2.4
      vertex -17.9985 -33.5743 2.4
      vertex -23.5392 -38.3711 2.4
    endloop
  endfacet
  facet normal 0 0 1
    outer loop
      vertex -18.6943 -29.9795 2.4
      vertex -28.0785 -29.9795 2.4
      vertex -20.077 -32.3743 2.4
    endloop
  endfacet
  facet normal 0 0 1
    outer loop
      vertex -23.6974 -39.0496 2.4
      vertex -23.6591 -39.2817 2.4
      vertex -23.5762 -39.5019 2.4
    endloop
  endfacet
  facet normal 0 0 1
    outer loop
      vertex -23.5392 -38.3711 2.4
      vertex -23.6363 -38.5854 2.4
      vertex -23.6897 -38.8145 2.4
    endloop
  endfacet
  facet normal -0 0 1
    outer loop
      vertex -23.6974 -39.0496 2.4
      vertex -23.5762 -39.5019 2.4
      vertex -23.6897 -38.8145 2.4
    endloop
  endfacet
  facet normal 0 0 1
    outer loop
      vertex -22.6566 -40.1609 2.4
      vertex -23.452 -39.7016 2.4
      vertex -23.1 -40.0104 2.4
    endloop
  endfacet
  facet normal 0 0 1
    outer loop
      vertex -22.4215 -40.1685 2.4
      vertex -23.452 -39.7016 2.4
      vertex -22.6566 -40.1609 2.4
    endloop
  endfacet
  facet normal -0 -0 1
    outer loop
      vertex -23.2912 -39.8734 2.4
      vertex -23.1 -40.0104 2.4
      vertex -23.452 -39.7016 2.4
    endloop
  endfacet
  facet normal 0 0 1
    outer loop
      vertex -23.5762 -39.5019 2.4
      vertex -23.452 -39.7016 2.4
      vertex -22.4215 -40.1685 2.4
    endloop
  endfacet
  facet normal -0 -0 1
    outer loop
      vertex -22.8857 -40.1075 2.4
      vertex -22.6566 -40.1609 2.4
      vertex -23.1 -40.0104 2.4
    endloop
  endfacet
  facet normal -0 -0 1
    outer loop
      vertex -23.5762 -39.5019 2.4
      vertex -22.4215 -40.1685 2.4
      vertex -23.6897 -38.8145 2.4
    endloop
  endfacet
  facet normal 0 -0 1
    outer loop
      vertex -22.4215 -40.1685 2.4
      vertex -21.7695 -39.9231 2.4
      vertex -23.6897 -38.8145 2.4
    endloop
  endfacet
  facet normal 0 -0 1
    outer loop
      vertex -22.1894 -40.1302 2.4
      vertex -21.9692 -40.0474 2.4
      vertex -22.4215 -40.1685 2.4
    endloop
  endfacet
  facet normal 0 -0 1
    outer loop
      vertex -21.9692 -40.0474 2.4
      vertex -21.7695 -39.9231 2.4
      vertex -22.4215 -40.1685 2.4
    endloop
  endfacet
  facet normal 0 0 1
    outer loop
      vertex -21.7695 -39.9231 2.4
      vertex -23.5392 -38.3711 2.4
      vertex -23.6897 -38.8145 2.4
    endloop
  endfacet
  facet normal 0 -0 1
    outer loop
      vertex -21.5978 -39.7623 2.4
      vertex -21.4608 -39.5711 2.4
      vertex -21.7695 -39.9231 2.4
    endloop
  endfacet
  facet normal 0 0 1
    outer loop
      vertex -21.4608 -39.5711 2.4
      vertex -23.5392 -38.3711 2.4
      vertex -21.7695 -39.9231 2.4
    endloop
  endfacet
  facet normal 0 0 1
    outer loop
      vertex -17.9985 -33.5743 2.4
      vertex -20.077 -32.3743 2.4
      vertex -23.5392 -38.3711 2.4
    endloop
  endfacet
  facet normal -0 0 1
    outer loop
      vertex -13.1566 -41.0269 2.4
      vertex -12.9215 -41.0346 2.4
      vertex -12.6894 -40.9963 2.4
    endloop
  endfacet
  facet normal 0 0 1
    outer loop
      vertex -16.6158 -31.1795 2.4
      vertex -20.077 -32.3743 2.4
      vertex -17.9985 -33.5743 2.4
    endloop
  endfacet
  facet normal 0 0 1
    outer loop
      vertex -13.6 -40.8764 2.4
      vertex -13.3857 -40.9735 2.4
      vertex -13.1566 -41.0269 2.4
    endloop
  endfacet
  facet normal 0 0 1
    outer loop
      vertex -13.6 -40.8764 2.4
      vertex -13.952 -40.5677 2.4
      vertex -13.7912 -40.7394 2.4
    endloop
  endfacet
  facet normal -0 -0 1
    outer loop
      vertex -13.6 -40.8764 2.4
      vertex -13.1566 -41.0269 2.4
      vertex -13.952 -40.5677 2.4
    endloop
  endfacet
  facet normal 0 0 1
    outer loop
      vertex -11.9608 -40.4371 2.4
      vertex -12.4693 -40.9134 2.4
      vertex -12.0978 -40.6284 2.4
    endloop
  endfacet
  facet normal 0 0 1
    outer loop
      vertex -13.1566 -41.0269 2.4
      vertex -12.6894 -40.9963 2.4
      vertex -12.4693 -40.9134 2.4
    endloop
  endfacet
  facet normal 0 0 1
    outer loop
      vertex -11.9608 -40.4371 2.4
      vertex -13.1566 -41.0269 2.4
      vertex -12.4693 -40.9134 2.4
    endloop
  endfacet
  facet normal 0 0 1
    outer loop
      vertex -12.4693 -40.9134 2.4
      vertex -12.2695 -40.7892 2.4
      vertex -12.0978 -40.6284 2.4
    endloop
  endfacet
  facet normal 0 -0 1
    outer loop
      vertex -11.8637 -40.2229 2.4
      vertex -11.8026 -39.7587 2.4
      vertex -11.9608 -40.4371 2.4
    endloop
  endfacet
  facet normal 0 -0 1
    outer loop
      vertex -4.06442 -36.4496 2.4
      vertex -3.84425 -36.3668 2.4
      vertex -4.29651 -36.4879 2.4
    endloop
  endfacet
  facet normal 0 -0 1
    outer loop
      vertex -11.8103 -39.9938 2.4
      vertex -11.8026 -39.7587 2.4
      vertex -11.8637 -40.2229 2.4
    endloop
  endfacet
  facet normal 0 0 1
    outer loop
      vertex -11.8026 -39.7587 2.4
      vertex -13.952 -40.5677 2.4
      vertex -13.1566 -41.0269 2.4
    endloop
  endfacet
  facet normal 0 0 1
    outer loop
      vertex -11.8409 -39.5266 2.4
      vertex -11.9237 -39.3064 2.4
      vertex -11.8026 -39.7587 2.4
    endloop
  endfacet
  facet normal 0 0 1
    outer loop
      vertex -11.9237 -39.3064 2.4
      vertex -13.952 -40.5677 2.4
      vertex -11.8026 -39.7587 2.4
    endloop
  endfacet
  facet normal 0 -0 1
    outer loop
      vertex -3.84425 -36.3668 2.4
      vertex -3.47279 -36.0817 2.4
      vertex -4.53163 -36.4802 2.4
    endloop
  endfacet
  facet normal 0 -0 1
    outer loop
      vertex -12.3735 -23.8315 2.4
      vertex -10.9908 -21.4367 2.4
      vertex -14.452 -22.6315 2.4
    endloop
  endfacet
  facet normal 0 0 1
    outer loop
      vertex -11.9237 -39.3064 2.4
      vertex -17.9985 -33.5743 2.4
      vertex -14.0762 -40.3679 2.4
    endloop
  endfacet
  facet normal 0 0 1
    outer loop
      vertex -16.6158 -31.1795 2.4
      vertex -17.9985 -33.5743 2.4
      vertex -11.9237 -39.3064 2.4
    endloop
  endfacet
  facet normal 0 0 1
    outer loop
      vertex -12.3735 -23.8315 2.4
      vertex -18.6943 -29.9795 2.4
      vertex -16.6158 -31.1795 2.4
    endloop
  endfacet
  facet normal 0 -0 1
    outer loop
      vertex -1.34999 -23.1229 2.4
      vertex 0 -23.0174 2.4
      vertex -1.54121 -22.9858 2.4
    endloop
  endfacet
  facet normal 0 0 1
    outer loop
      vertex -5.32701 -36.021 2.4
      vertex -5.16621 -36.1927 2.4
      vertex -4.97499 -36.3298 2.4
    endloop
  endfacet
  facet normal 0 0 1
    outer loop
      vertex -4.53163 -36.4802 2.4
      vertex -4.97499 -36.3298 2.4
      vertex -4.76073 -36.4268 2.4
    endloop
  endfacet
  facet normal 0 0 1
    outer loop
      vertex -5.32701 -36.021 2.4
      vertex -4.97499 -36.3298 2.4
      vertex -4.53163 -36.4802 2.4
    endloop
  endfacet
  facet normal 0 -0 1
    outer loop
      vertex -4.29651 -36.4879 2.4
      vertex -3.84425 -36.3668 2.4
      vertex -4.53163 -36.4802 2.4
    endloop
  endfacet
  facet normal 0 0 1
    outer loop
      vertex -3.84425 -36.3668 2.4
      vertex -3.64449 -36.2425 2.4
      vertex -3.47279 -36.0817 2.4
    endloop
  endfacet
  facet normal 0 -0 1
    outer loop
      vertex -4.53163 -36.4802 2.4
      vertex -3.47279 -36.0817 2.4
      vertex -5.32701 -36.021 2.4
    endloop
  endfacet
  facet normal 0 0 1
    outer loop
      vertex -3.17757 -35.212 2.4
      vertex -3.33577 -35.8905 2.4
      vertex -3.23868 -35.6762 2.4
    endloop
  endfacet
  facet normal 0 0 1
    outer loop
      vertex -3.47279 -36.0817 2.4
      vertex -3.33577 -35.8905 2.4
      vertex -3.17757 -35.212 2.4
    endloop
  endfacet
  facet normal 0 -0 1
    outer loop
      vertex 5.16621 -36.1927 2.4
      vertex 5.32701 -36.021 2.4
      vertex 4.97499 -36.3298 2.4
    endloop
  endfacet
  facet normal 0 0 1
    outer loop
      vertex 0.671524 -23.2811 2.4
      vertex 0 -23.0174 2.4
      vertex 0.439407 -23.2428 2.4
    endloop
  endfacet
  facet normal 0 0 1
    outer loop
      vertex -3.23868 -35.6762 2.4
      vertex -3.18526 -35.4471 2.4
      vertex -3.17757 -35.212 2.4
    endloop
  endfacet
  facet normal 0 0 1
    outer loop
      vertex -3.47279 -36.0817 2.4
      vertex -3.17757 -35.212 2.4
      vertex -3.29875 -34.7598 2.4
    endloop
  endfacet
  facet normal 0 0 1
    outer loop
      vertex -3.17757 -35.212 2.4
      vertex -3.21588 -34.9799 2.4
      vertex -3.29875 -34.7598 2.4
    endloop
  endfacet
  facet normal 0 -0 1
    outer loop
      vertex -3.47279 -36.0817 2.4
      vertex -3.29875 -34.7598 2.4
      vertex -5.32701 -36.021 2.4
    endloop
  endfacet
  facet normal 0 0 1
    outer loop
      vertex -3.29875 -34.7598 2.4
      vertex -5.45125 -35.8213 2.4
      vertex -5.32701 -36.021 2.4
    endloop
  endfacet
  facet normal -0 -0 1
    outer loop
      vertex -1.70201 -22.8141 2.4
      vertex 0 -23.0174 2.4
      vertex -1.82623 -22.6144 2.4
    endloop
  endfacet
  facet normal 0 0 1
    outer loop
      vertex -12.3735 -23.8315 2.4
      vertex -5.45125 -35.8213 2.4
      vertex -3.29875 -34.7598 2.4
    endloop
  endfacet
  facet normal 0 0 1
    outer loop
      vertex -3.29875 -34.7598 2.4
      vertex -10.9908 -21.4367 2.4
      vertex -12.3735 -23.8315 2.4
    endloop
  endfacet
  facet normal 0 0 1
    outer loop
      vertex -6.7485 -14.0888 2.4
      vertex -8.82697 -12.8888 2.4
      vertex -13.0693 -20.2367 2.4
    endloop
  endfacet
  facet normal -0 0 1
    outer loop
      vertex 0 20.9878 2.4
      vertex 6.7485 14.0888 2.4
      vertex 1.82623 22.6144 2.4
    endloop
  endfacet
  facet normal 0 0 1
    outer loop
      vertex 0 -23.0174 2.4
      vertex -0.906631 -23.2734 2.4
      vertex -0.671524 -23.2811 2.4
    endloop
  endfacet
  facet normal -0 0 1
    outer loop
      vertex -1.34999 -23.1229 2.4
      vertex -1.13573 -23.22 2.4
      vertex 0 -23.0174 2.4
    endloop
  endfacet
  facet normal 0 0 1
    outer loop
      vertex -0.671524 -23.2811 2.4
      vertex -0.439407 -23.2428 2.4
      vertex 0 -23.0174 2.4
    endloop
  endfacet
  facet normal 0 0 1
    outer loop
      vertex -0.439407 -23.2428 2.4
      vertex -0.219254 -23.1599 2.4
      vertex 0 -23.0174 2.4
    endloop
  endfacet
  facet normal 0 0 1
    outer loop
      vertex -0.219254 -23.1599 2.4
      vertex -0.0194855 -23.0356 2.4
      vertex 0 -23.0174 2.4
    endloop
  endfacet
  facet normal 0 0 1
    outer loop
      vertex 0.439407 -23.2428 2.4
      vertex 0 -23.0174 2.4
      vertex 0.219254 -23.1599 2.4
    endloop
  endfacet
  facet normal -0 -0 1
    outer loop
      vertex -1.54121 -22.9858 2.4
      vertex 0 -23.0174 2.4
      vertex -1.70201 -22.8141 2.4
    endloop
  endfacet
  facet normal 0 0 1
    outer loop
      vertex 0 -23.0174 2.4
      vertex 1.54121 -22.9858 2.4
      vertex 1.70201 -22.8141 2.4
    endloop
  endfacet
  facet normal 0 0 1
    outer loop
      vertex 0.219254 -23.1599 2.4
      vertex 0 -23.0174 2.4
      vertex 0.0194855 -23.0356 2.4
    endloop
  endfacet
  facet normal 0 0 1
    outer loop
      vertex 0 -23.0174 2.4
      vertex 1.70201 -22.8141 2.4
      vertex 1.82623 -22.6144 2.4
    endloop
  endfacet
  facet normal 0 0 1
    outer loop
      vertex 0 -23.0174 2.4
      vertex 0.671524 -23.2811 2.4
      vertex 0.906631 -23.2734 2.4
    endloop
  endfacet
  facet normal 0 0 1
    outer loop
      vertex 0 -23.0174 2.4
      vertex 0.906631 -23.2734 2.4
      vertex 1.13573 -23.22 2.4
    endloop
  endfacet
  facet normal 0 0 1
    outer loop
      vertex 0 -23.0174 2.4
      vertex 1.13573 -23.22 2.4
      vertex 1.34999 -23.1229 2.4
    endloop
  endfacet
  facet normal 0 0 1
    outer loop
      vertex 3.29875 -34.7598 2.4
      vertex 3.47279 -36.0817 2.4
      vertex 5.32701 -36.021 2.4
    endloop
  endfacet
  facet normal -0 0 1
    outer loop
      vertex 6.7485 -14.0888 2.4
      vertex 13.0693 -20.2367 2.4
      vertex 8.82697 -12.8888 2.4
    endloop
  endfacet
  facet normal 0 -0 1
    outer loop
      vertex 10.9908 -21.4367 2.4
      vertex 13.0693 -20.2367 2.4
      vertex 6.7485 -14.0888 2.4
    endloop
  endfacet
  facet normal -0 0 1
    outer loop
      vertex 0 -23.0174 2.4
      vertex 1.34999 -23.1229 2.4
      vertex 1.54121 -22.9858 2.4
    endloop
  endfacet
  facet normal 0 0 1
    outer loop
      vertex 1.82623 -22.6144 2.4
      vertex 0 -20.9878 2.4
      vertex 0 -23.0174 2.4
    endloop
  endfacet
  facet normal 0 0 1
    outer loop
      vertex 0 -20.9878 2.4
      vertex -1.82623 -22.6144 2.4
      vertex 0 -23.0174 2.4
    endloop
  endfacet
  facet normal 0 0 1
    outer loop
      vertex 8.82706 -1.7558 2.4
      vertex 6.47318 -1.28758 2.4
      vertex 6.0976 -2.5257 2.4
    endloop
  endfacet
  facet normal 0 0 1
    outer loop
      vertex 5.36584 -11.6939 2.4
      vertex 0 -20.9878 2.4
      vertex 6.7485 -14.0888 2.4
    endloop
  endfacet
  facet normal 0 0 1
    outer loop
      vertex 14.452 -22.6315 2.4
      vertex 13.0693 -20.2367 2.4
      vertex 10.9908 -21.4367 2.4
    endloop
  endfacet
  facet normal -0 -0 1
    outer loop
      vertex 3.64449 -36.2425 2.4
      vertex 3.84425 -36.3668 2.4
      vertex 3.47279 -36.0817 2.4
    endloop
  endfacet
  facet normal 0 0 1
    outer loop
      vertex 3.17757 -35.212 2.4
      vertex 3.29875 -34.7598 2.4
      vertex 3.21588 -34.9799 2.4
    endloop
  endfacet
  facet normal -0 -0 1
    outer loop
      vertex 3.18526 -35.4471 2.4
      vertex 3.23868 -35.6762 2.4
      vertex 3.17757 -35.212 2.4
    endloop
  endfacet
  facet normal -0 -0 1
    outer loop
      vertex 3.23868 -35.6762 2.4
      vertex 3.33577 -35.8905 2.4
      vertex 3.17757 -35.212 2.4
    endloop
  endfacet
  facet normal -0 -0 1
    outer loop
      vertex 3.33577 -35.8905 2.4
      vertex 3.47279 -36.0817 2.4
      vertex 3.17757 -35.212 2.4
    endloop
  endfacet
  facet normal 0 0 1
    outer loop
      vertex 3.47279 -36.0817 2.4
      vertex 3.29875 -34.7598 2.4
      vertex 3.17757 -35.212 2.4
    endloop
  endfacet
  facet normal 0 0 1
    outer loop
      vertex 4.29651 -36.4879 2.4
      vertex 3.84425 -36.3668 2.4
      vertex 4.06442 -36.4496 2.4
    endloop
  endfacet
  facet normal 0 0 1
    outer loop
      vertex 16.6158 -31.1795 2.4
      vertex 11.9237 -39.3064 2.4
      vertex 17.9985 -33.5743 2.4
    endloop
  endfacet
  facet normal -0 0 1
    outer loop
      vertex 11.9237 -39.3064 2.4
      vertex 14.0762 -40.3679 2.4
      vertex 17.9985 -33.5743 2.4
    endloop
  endfacet
  facet normal 0 0 1
    outer loop
      vertex 4.53163 -36.4802 2.4
      vertex 3.47279 -36.0817 2.4
      vertex 3.84425 -36.3668 2.4
    endloop
  endfacet
  facet normal 0 0 1
    outer loop
      vertex 5.32701 -36.021 2.4
      vertex 3.47279 -36.0817 2.4
      vertex 4.53163 -36.4802 2.4
    endloop
  endfacet
  facet normal 0 0 1
    outer loop
      vertex 11.8026 -39.7587 2.4
      vertex 11.8637 -40.2229 2.4
      vertex 11.9608 -40.4371 2.4
    endloop
  endfacet
  facet normal 0 0 1
    outer loop
      vertex 4.97499 -36.3298 2.4
      vertex 4.53163 -36.4802 2.4
      vertex 4.76073 -36.4268 2.4
    endloop
  endfacet
  facet normal 0 0 1
    outer loop
      vertex 3.29875 -34.7598 2.4
      vertex 5.32701 -36.021 2.4
      vertex 5.45125 -35.8213 2.4
    endloop
  endfacet
  facet normal 0 -0 1
    outer loop
      vertex 12.3735 -23.8315 2.4
      vertex 14.452 -22.6315 2.4
      vertex 10.9908 -21.4367 2.4
    endloop
  endfacet
  facet normal 0 0 1
    outer loop
      vertex 18.6943 -29.9795 2.4
      vertex 14.452 -22.6315 2.4
      vertex 12.3735 -23.8315 2.4
    endloop
  endfacet
  facet normal -0 0 1
    outer loop
      vertex 3.29875 -34.7598 2.4
      vertex 5.45125 -35.8213 2.4
      vertex 12.3735 -23.8315 2.4
    endloop
  endfacet
  facet normal 0 0 1
    outer loop
      vertex 3.29875 -34.7598 2.4
      vertex 12.3735 -23.8315 2.4
      vertex 10.9908 -21.4367 2.4
    endloop
  endfacet
  facet normal 0 0 1
    outer loop
      vertex 20.077 -32.3743 2.4
      vertex 16.6158 -31.1795 2.4
      vertex 17.9985 -33.5743 2.4
    endloop
  endfacet
  facet normal 0 0 1
    outer loop
      vertex 18.6943 -29.9795 2.4
      vertex 12.3735 -23.8315 2.4
      vertex 16.6158 -31.1795 2.4
    endloop
  endfacet
  facet normal -0 0 1
    outer loop
      vertex 11.8409 -39.5266 2.4
      vertex 11.8026 -39.7587 2.4
      vertex 11.9237 -39.3064 2.4
    endloop
  endfacet
  facet normal 0 -0 1
    outer loop
      vertex 13.1566 -41.0269 2.4
      vertex 13.952 -40.5677 2.4
      vertex 11.8026 -39.7587 2.4
    endloop
  endfacet
  facet normal 0 0 1
    outer loop
      vertex 11.8637 -40.2229 2.4
      vertex 11.8026 -39.7587 2.4
      vertex 11.8103 -39.9938 2.4
    endloop
  endfacet
  facet normal 0 0 1
    outer loop
      vertex 11.8026 -39.7587 2.4
      vertex 11.9608 -40.4371 2.4
      vertex 13.1566 -41.0269 2.4
    endloop
  endfacet
  facet normal -0 -0 1
    outer loop
      vertex 12.0978 -40.6284 2.4
      vertex 12.4693 -40.9134 2.4
      vertex 11.9608 -40.4371 2.4
    endloop
  endfacet
  facet normal -0 -0 1
    outer loop
      vertex 12.2695 -40.7892 2.4
      vertex 12.4693 -40.9134 2.4
      vertex 12.0978 -40.6284 2.4
    endloop
  endfacet
  facet normal 0 0 1
    outer loop
      vertex 13.1566 -41.0269 2.4
      vertex 11.9608 -40.4371 2.4
      vertex 12.4693 -40.9134 2.4
    endloop
  endfacet
  facet normal 0 0 1
    outer loop
      vertex 13.1566 -41.0269 2.4
      vertex 12.4693 -40.9134 2.4
      vertex 12.6894 -40.9963 2.4
    endloop
  endfacet
  facet normal 0 0 1
    outer loop
      vertex 13.1566 -41.0269 2.4
      vertex 12.6894 -40.9963 2.4
      vertex 12.9215 -41.0346 2.4
    endloop
  endfacet
  facet normal 0 0 1
    outer loop
      vertex 6.4818 -1.2 2.4
      vertex 2.07845 1.2 2.4
      vertex 2.07845 -1.2 2.4
    endloop
  endfacet
  facet normal 0 0 1
    outer loop
      vertex -6.36395 -6.36395 2.4
      vertex -4.26872 -4.99367 2.4
      vertex -4.6669 -4.6669 2.4
    endloop
  endfacet
  facet normal -0 0 1
    outer loop
      vertex -7.44429 10.4939 2.4
      vertex -3.41933 8.32243 2.4
      vertex -5.36584 11.6939 2.4
    endloop
  endfacet
  facet normal 0 0 1
    outer loop
      vertex -12.8102 -1.2 2.4
      vertex -15.5755 1.2 2.4
      vertex -15.5755 -1.2 2.4
    endloop
  endfacet
  facet normal 0 0 1
    outer loop
      vertex -8.82697 12.8888 2.4
      vertex -18.6715 12.8888 2.4
      vertex -18.176 10.4939 2.4
    endloop
  endfacet
  facet normal -0 0 1
    outer loop
      vertex -8.82697 12.8888 2.4
      vertex -5.36584 11.6939 2.4
      vertex -6.7485 14.0888 2.4
    endloop
  endfacet
  facet normal 0 0 1
    outer loop
      vertex -8.82697 12.8888 2.4
      vertex -7.44429 10.4939 2.4
      vertex -5.36584 11.6939 2.4
    endloop
  endfacet
  facet normal 0 0 1
    outer loop
      vertex 0 23.0174 2.4
      vertex 0 20.9878 2.4
      vertex 1.82623 22.6144 2.4
    endloop
  endfacet
  facet normal 0 0 1
    outer loop
      vertex -1.82623 22.6144 2.4
      vertex -6.7485 14.0888 2.4
      vertex 0 20.9878 2.4
    endloop
  endfacet
  facet normal 0 -0 1
    outer loop
      vertex 5.47911 7.09012 2.4
      vertex 7.44429 10.4939 2.4
      vertex 3.41933 8.32243 2.4
    endloop
  endfacet
  facet normal 0 0 1
    outer loop
      vertex 8.82697 12.8888 2.4
      vertex 6.7485 14.0888 2.4
      vertex 5.36584 11.6939 2.4
    endloop
  endfacet
  facet normal -0 0 1
    outer loop
      vertex -20.4978 -9.72562 2.4
      vertex -18.176 -10.4939 2.4
      vertex -15.5755 -1.2 2.4
    endloop
  endfacet
  facet normal 0 -0 1
    outer loop
      vertex -5.47911 -7.09012 2.4
      vertex -4.26872 -4.99367 2.4
      vertex -6.36395 -6.36395 2.4
    endloop
  endfacet
  facet normal 0 -0 1
    outer loop
      vertex -12.8102 -1.2 2.4
      vertex -12.8102 1.2 2.4
      vertex -15.5755 1.2 2.4
    endloop
  endfacet
  facet normal -0 0 1
    outer loop
      vertex -19.9337 11.5087 2.4
      vertex -18.176 10.4939 2.4
      vertex -18.6715 12.8888 2.4
    endloop
  endfacet
  facet normal -0 0 1
    outer loop
      vertex -20.4978 9.72562 2.4
      vertex -15.5755 1.2 2.4
      vertex -18.176 10.4939 2.4
    endloop
  endfacet
  facet normal 0 0 1
    outer loop
      vertex -18.176 10.4939 2.4
      vertex -7.44429 10.4939 2.4
      vertex -8.82697 12.8888 2.4
    endloop
  endfacet
  facet normal 0 -0 1
    outer loop
      vertex -5.47911 7.09012 2.4
      vertex -3.41933 8.32243 2.4
      vertex -7.44429 10.4939 2.4
    endloop
  endfacet
  facet normal 0 0 1
    outer loop
      vertex 8.31491 3.44414 2.4
      vertex 6.0976 2.5257 2.4
      vertex 8.82706 1.7558 2.4
    endloop
  endfacet
  facet normal 0 0 1
    outer loop
      vertex -6.0976 2.5257 2.4
      vertex -8.82706 1.7558 2.4
      vertex -6.47318 1.28758 2.4
    endloop
  endfacet
  facet normal 0 0 1
    outer loop
      vertex -8.82706 1.7558 2.4
      vertex -8.88181 1.2 2.4
      vertex -6.47318 1.28758 2.4
    endloop
  endfacet
  facet normal 0 0 1
    outer loop
      vertex -8.88181 1.2 2.4
      vertex -6.4818 1.2 2.4
      vertex -6.47318 1.28758 2.4
    endloop
  endfacet
  facet normal 0 -0 1
    outer loop
      vertex 15.5755 -1.2 2.4
      vertex 15.5755 1.2 2.4
      vertex 12.8102 1.2 2.4
    endloop
  endfacet
  facet normal 0 0 1
    outer loop
      vertex -8.31491 3.44414 2.4
      vertex -8.82706 1.7558 2.4
      vertex -6.0976 2.5257 2.4
    endloop
  endfacet
  facet normal 0 -0 1
    outer loop
      vertex 8.31491 -3.44414 2.4
      vertex 8.82706 -1.7558 2.4
      vertex 6.0976 -2.5257 2.4
    endloop
  endfacet
  facet normal 0 -0 1
    outer loop
      vertex 5.48769 3.66676 2.4
      vertex 7.48322 5.00012 2.4
      vertex 4.6669 4.6669 2.4
    endloop
  endfacet
  facet normal 0 -0 1
    outer loop
      vertex 4.6669 4.6669 2.4
      vertex 6.36395 6.36395 2.4
      vertex 4.26872 4.99367 2.4
    endloop
  endfacet
  facet normal 0 0 1
    outer loop
      vertex 5.47911 7.09012 2.4
      vertex 3.41933 8.32243 2.4
      vertex 2.19307 6.1985 2.4
    endloop
  endfacet
  facet normal 0 0 1
    outer loop
      vertex 6.47318 1.28758 2.4
      vertex 6.4818 1.2 2.4
      vertex 8.88181 1.2 2.4
    endloop
  endfacet
  facet normal 0 0 1
    outer loop
      vertex 1.7558 8.82706 2.4
      vertex 0 9 2.4
      vertex 0 6.59999 2.4
    endloop
  endfacet
  facet normal -0 0 1
    outer loop
      vertex 5.36584 11.6939 2.4
      vertex 7.44429 10.4939 2.4
      vertex 8.82697 12.8888 2.4
    endloop
  endfacet
  facet normal 0 0 1
    outer loop
      vertex 5.36584 11.6939 2.4
      vertex 3.41933 8.32243 2.4
      vertex 7.44429 10.4939 2.4
    endloop
  endfacet
  facet normal -0 0 1
    outer loop
      vertex 8.82697 12.8888 2.4
      vertex 18.176 10.4939 2.4
      vertex 18.6715 12.8888 2.4
    endloop
  endfacet
  facet normal 0 0 1
    outer loop
      vertex 12.8102 1.2 2.4
      vertex 15.5755 1.2 2.4
      vertex 18.176 10.4939 2.4
    endloop
  endfacet
  facet normal 0 0 1
    outer loop
      vertex 2.19307 6.1985 2.4
      vertex 1.7558 8.82706 2.4
      vertex 1.28758 6.47318 2.4
    endloop
  endfacet
  facet normal 0 0 1
    outer loop
      vertex -5.36584 -11.6939 2.4
      vertex -8.82697 -12.8888 2.4
      vertex -6.7485 -14.0888 2.4
    endloop
  endfacet
  facet normal 0 0 1
    outer loop
      vertex -1.7558 8.82706 2.4
      vertex -3.41933 8.32243 2.4
      vertex -2.19307 6.1985 2.4
    endloop
  endfacet
  facet normal 0 -0 1
    outer loop
      vertex 0 6.59999 2.4
      vertex 0 9 2.4
      vertex -1.7558 8.82706 2.4
    endloop
  endfacet
  facet normal 0 -0 1
    outer loop
      vertex 1.28758 6.47318 2.4
      vertex 1.7558 8.82706 2.4
      vertex 0 6.59999 2.4
    endloop
  endfacet
  facet normal 0 -0 1
    outer loop
      vertex 2.19307 6.1985 2.4
      vertex 3.41933 8.32243 2.4
      vertex 1.7558 8.82706 2.4
    endloop
  endfacet
  facet normal 0 -0 1
    outer loop
      vertex 2.07845 1.2 2.4
      vertex 4.26872 4.99367 2.4
      vertex 0 2.39996 2.4
    endloop
  endfacet
  facet normal 0 -0 1
    outer loop
      vertex 4.26872 4.99367 2.4
      vertex 5.47911 7.09012 2.4
      vertex 2.19307 6.1985 2.4
    endloop
  endfacet
  facet normal 0 0 1
    outer loop
      vertex -2.19307 6.1985 2.4
      vertex -4.26872 4.99367 2.4
      vertex 0 2.39996 2.4
    endloop
  endfacet
  facet normal 0 0 1
    outer loop
      vertex -6.4818 -1.2 2.4
      vertex -8.88181 1.2 2.4
      vertex -8.88181 -1.2 2.4
    endloop
  endfacet
  facet normal 0 0 1
    outer loop
      vertex 0 2.39996 2.4
      vertex -4.26872 4.99367 2.4
      vertex -2.07845 1.2 2.4
    endloop
  endfacet
  facet normal 0 0 1
    outer loop
      vertex -12.8102 -1.2 2.4
      vertex -15.5755 -1.2 2.4
      vertex -18.176 -10.4939 2.4
    endloop
  endfacet
  facet normal 0 0 1
    outer loop
      vertex -6.0976 2.5257 2.4
      vertex -7.48322 5.00012 2.4
      vertex -8.31491 3.44414 2.4
    endloop
  endfacet
  facet normal 0 0 1
    outer loop
      vertex -5.48769 3.66676 2.4
      vertex -7.48322 5.00012 2.4
      vertex -6.0976 2.5257 2.4
    endloop
  endfacet
  facet normal 0 0 1
    outer loop
      vertex -4.6669 4.6669 2.4
      vertex -7.48322 5.00012 2.4
      vertex -5.48769 3.66676 2.4
    endloop
  endfacet
  facet normal 0 0 1
    outer loop
      vertex -4.26872 4.99367 2.4
      vertex -6.36395 6.36395 2.4
      vertex -4.6669 4.6669 2.4
    endloop
  endfacet
  facet normal 0 0 1
    outer loop
      vertex -5.47911 7.09012 2.4
      vertex -4.26872 4.99367 2.4
      vertex -2.19307 6.1985 2.4
    endloop
  endfacet
  facet normal 0 0 1
    outer loop
      vertex -5.47911 7.09012 2.4
      vertex -6.36395 6.36395 2.4
      vertex -4.26872 4.99367 2.4
    endloop
  endfacet
  facet normal 0 -0 1
    outer loop
      vertex 6.4818 -1.2 2.4
      vertex 6.4818 1.2 2.4
      vertex 2.07845 1.2 2.4
    endloop
  endfacet
  facet normal 0 0 1
    outer loop
      vertex 8.88181 1.2 2.4
      vertex 8.82706 1.7558 2.4
      vertex 6.47318 1.28758 2.4
    endloop
  endfacet
  facet normal 0 -0 1
    outer loop
      vertex 2.07845 -1.2 2.4
      vertex 2.07845 1.2 2.4
      vertex 0 2.39996 2.4
    endloop
  endfacet
  facet normal 0 0 1
    outer loop
      vertex 5.47911 7.09012 2.4
      vertex 4.26872 4.99367 2.4
      vertex 6.36395 6.36395 2.4
    endloop
  endfacet
  facet normal 0 0 1
    outer loop
      vertex 2.19307 6.1985 2.4
      vertex 0 2.39996 2.4
      vertex 4.26872 4.99367 2.4
    endloop
  endfacet
  facet normal 0 0 1
    outer loop
      vertex 6.36395 6.36395 2.4
      vertex 4.6669 4.6669 2.4
      vertex 7.48322 5.00012 2.4
    endloop
  endfacet
  facet normal 0 0 1
    outer loop
      vertex 7.48322 5.00012 2.4
      vertex 5.48769 3.66676 2.4
      vertex 6.0976 2.5257 2.4
    endloop
  endfacet
  facet normal 0 0 1
    outer loop
      vertex 7.48322 5.00012 2.4
      vertex 6.0976 2.5257 2.4
      vertex 8.31491 3.44414 2.4
    endloop
  endfacet
  facet normal 0 0 1
    outer loop
      vertex 6.0976 2.5257 2.4
      vertex 6.47318 1.28758 2.4
      vertex 8.82706 1.7558 2.4
    endloop
  endfacet
  facet normal 0 0 1
    outer loop
      vertex 47.3316 -1.66733 2.4
      vertex 47 -1.7 2.4
      vertex 47.7803 -3.92313 2.4
    endloop
  endfacet
  facet normal 0 0 1
    outer loop
      vertex 51 0 2.4
      vertex 50.9231 0.78035 2.4
      vertex 48.7 0 2.4
    endloop
  endfacet
  facet normal 0 0 1
    outer loop
      vertex 46.0555 -1.4135 2.4
      vertex 45.7979 -1.20207 2.4
      vertex 44.1716 -2.82841 2.4
    endloop
  endfacet
  facet normal 0 -0 1
    outer loop
      vertex 44.7777 -3.32587 2.4
      vertex 46.0555 -1.4135 2.4
      vertex 44.1716 -2.82841 2.4
    endloop
  endfacet
  facet normal -0 0 1
    outer loop
      vertex 43.6741 -2.22227 2.4
      vertex 44.1716 -2.82841 2.4
      vertex 45.6414 -1.01129 2.4
    endloop
  endfacet
  facet normal 0 -0 1
    outer loop
      vertex 43.6741 -2.22227 2.4
      vertex 45.6414 -1.01129 2.4
      vertex 43.3045 -1.53073 2.4
    endloop
  endfacet
  facet normal 0 0 1
    outer loop
      vertex 45.6414 -1.01129 2.4
      vertex 43.2042 -1.2 2.4
      vertex 43.3045 -1.53073 2.4
    endloop
  endfacet
  facet normal 0 0 1
    outer loop
      vertex 45.6414 -1.01129 2.4
      vertex 45.8485 -0.848526 2.4
      vertex 45.9978 -0.666672 2.4
    endloop
  endfacet
  facet normal 0 0 1
    outer loop
      vertex 45.6414 1.01129 2.4
      vertex 45.8485 0.848526 2.4
      vertex 45.6667 0.997757 2.4
    endloop
  endfacet
  facet normal 0 0 1
    outer loop
      vertex 46.2197 3.92313 2.4
      vertex 45.4693 3.69551 2.4
      vertex 46.3494 1.57059 2.4
    endloop
  endfacet
  facet normal 0 0 1
    outer loop
      vertex 47.7803 3.92313 2.4
      vertex 47 4 2.4
      vertex 47 1.7 2.4
    endloop
  endfacet
  facet normal 0 0 1
    outer loop
      vertex 46.2197 3.92313 2.4
      vertex 46.3494 1.57059 2.4
      vertex 46.6684 1.66733 2.4
    endloop
  endfacet
  facet normal 0 0 1
    outer loop
      vertex 46.0555 1.4135 2.4
      vertex 45.4693 3.69551 2.4
      vertex 44.7777 3.32587 2.4
    endloop
  endfacet
  facet normal 0 0 1
    outer loop
      vertex 44.1716 2.82841 2.4
      vertex 45.7979 1.20207 2.4
      vertex 46.0555 1.4135 2.4
    endloop
  endfacet
  facet normal -0 0 1
    outer loop
      vertex 44.1716 2.82841 2.4
      vertex 46.0555 1.4135 2.4
      vertex 44.7777 3.32587 2.4
    endloop
  endfacet
  facet normal 0 0 1
    outer loop
      vertex 43.2042 1.2 2.4
      vertex 45.6414 -1.01129 2.4
      vertex 45.6414 1.01129 2.4
    endloop
  endfacet
  facet normal 0 0 1
    outer loop
      vertex 44.1716 2.82841 2.4
      vertex 45.6414 1.01129 2.4
      vertex 45.7979 1.20207 2.4
    endloop
  endfacet
  facet normal 0 0 1
    outer loop
      vertex 45.6414 1.01129 2.4
      vertex 43.6741 2.22227 2.4
      vertex 43.3045 1.53073 2.4
    endloop
  endfacet
  facet normal 0 0 1
    outer loop
      vertex 44.1716 2.82841 2.4
      vertex 43.6741 2.22227 2.4
      vertex 45.6414 1.01129 2.4
    endloop
  endfacet
  facet normal -0 0 1
    outer loop
      vertex 43.2042 1.2 2.4
      vertex 45.6414 1.01129 2.4
      vertex 43.3045 1.53073 2.4
    endloop
  endfacet
  facet normal 0 -0 1
    outer loop
      vertex 46.0555 1.4135 2.4
      vertex 46.3494 1.57059 2.4
      vertex 45.4693 3.69551 2.4
    endloop
  endfacet
  facet normal 0 -0 1
    outer loop
      vertex 46.6684 1.66733 2.4
      vertex 47 1.7 2.4
      vertex 46.2197 3.92313 2.4
    endloop
  endfacet
  facet normal 0 0 1
    outer loop
      vertex 47.7803 3.92313 2.4
      vertex 47 1.7 2.4
      vertex 47.3316 1.66733 2.4
    endloop
  endfacet
  facet normal 0 0 1
    outer loop
      vertex 47.7803 3.92313 2.4
      vertex 47.6506 1.57059 2.4
      vertex 48.5307 3.69551 2.4
    endloop
  endfacet
  facet normal 0 0 1
    outer loop
      vertex 47.7803 3.92313 2.4
      vertex 47.3316 1.66733 2.4
      vertex 47.6506 1.57059 2.4
    endloop
  endfacet
  facet normal -0 0 1
    outer loop
      vertex 47.6506 1.57059 2.4
      vertex 47.9445 1.4135 2.4
      vertex 48.5307 3.69551 2.4
    endloop
  endfacet
  facet normal 0 0 1
    outer loop
      vertex 49.8284 2.82841 2.4
      vertex 47.9445 1.4135 2.4
      vertex 48.2021 1.20207 2.4
    endloop
  endfacet
  facet normal 0 0 1
    outer loop
      vertex 49.8284 2.82841 2.4
      vertex 48.4135 0.944458 2.4
      vertex 50.3259 2.22227 2.4
    endloop
  endfacet
  facet normal 0 0 1
    outer loop
      vertex 49.8284 2.82841 2.4
      vertex 48.2021 1.20207 2.4
      vertex 48.4135 0.944458 2.4
    endloop
  endfacet
  facet normal 0 0 1
    outer loop
      vertex 48.4135 0.944458 2.4
      vertex 50.6955 1.53073 2.4
      vertex 50.3259 2.22227 2.4
    endloop
  endfacet
  facet normal 0 0 1
    outer loop
      vertex 48.5706 0.650558 2.4
      vertex 50.9231 0.78035 2.4
      vertex 50.6955 1.53073 2.4
    endloop
  endfacet
  facet normal -0 0 1
    outer loop
      vertex 48.6673 0.33165 2.4
      vertex 48.7 0 2.4
      vertex 50.9231 0.78035 2.4
    endloop
  endfacet
  facet normal -0 0 1
    outer loop
      vertex 48.7 0 2.4
      vertex 50.9231 -0.78035 2.4
      vertex 51 0 2.4
    endloop
  endfacet
  facet normal -0 0 1
    outer loop
      vertex 48.6673 -0.33165 2.4
      vertex 50.9231 -0.78035 2.4
      vertex 48.7 0 2.4
    endloop
  endfacet
  facet normal 0 0 1
    outer loop
      vertex 48.5706 -0.650558 2.4
      vertex 50.6955 -1.53073 2.4
      vertex 50.9231 -0.78035 2.4
    endloop
  endfacet
  facet normal -0 0 1
    outer loop
      vertex 48.4135 -0.944458 2.4
      vertex 50.6955 -1.53073 2.4
      vertex 48.5706 -0.650558 2.4
    endloop
  endfacet
  facet normal 0 -0 1
    outer loop
      vertex 50.3259 -2.22227 2.4
      vertex 50.6955 -1.53073 2.4
      vertex 48.4135 -0.944458 2.4
    endloop
  endfacet
  facet normal 0 0 1
    outer loop
      vertex 49.8284 -2.82841 2.4
      vertex 48.4135 -0.944458 2.4
      vertex 48.2021 -1.20207 2.4
    endloop
  endfacet
  facet normal 0 0 1
    outer loop
      vertex 49.8284 -2.82841 2.4
      vertex 48.2021 -1.20207 2.4
      vertex 47.9445 -1.4135 2.4
    endloop
  endfacet
  facet normal 0 0 1
    outer loop
      vertex 49.2223 -3.32587 2.4
      vertex 47.9445 -1.4135 2.4
      vertex 48.5307 -3.69551 2.4
    endloop
  endfacet
  facet normal 0 0 1
    outer loop
      vertex 48.5307 -3.69551 2.4
      vertex 47.6506 -1.57059 2.4
      vertex 47.7803 -3.92313 2.4
    endloop
  endfacet
  facet normal 0 0 1
    outer loop
      vertex 47.6506 -1.57059 2.4
      vertex 47.3316 -1.66733 2.4
      vertex 47.7803 -3.92313 2.4
    endloop
  endfacet
  facet normal 0 0 1
    outer loop
      vertex 2.19307 -6.1985 2.4
      vertex 1.28758 -6.47318 2.4
      vertex 1.7558 -8.82706 2.4
    endloop
  endfacet
  facet normal -0 0 1
    outer loop
      vertex -8.82706 -1.7558 2.4
      vertex -6.0976 -2.5257 2.4
      vertex -6.47318 -1.28758 2.4
    endloop
  endfacet
  facet normal 0 -0 1
    outer loop
      vertex -19.9337 -11.5087 2.4
      vertex -18.176 -10.4939 2.4
      vertex -20.4978 -9.72562 2.4
    endloop
  endfacet
  facet normal 0 0 1
    outer loop
      vertex -18.6715 -12.8888 2.4
      vertex -8.82697 -12.8888 2.4
      vertex -18.176 -10.4939 2.4
    endloop
  endfacet
  facet normal 0 0 1
    outer loop
      vertex -8.88181 -1.2 2.4
      vertex -12.8102 1.2 2.4
      vertex -12.8102 -1.2 2.4
    endloop
  endfacet
  facet normal -0 0 1
    outer loop
      vertex -8.31491 -3.44414 2.4
      vertex -7.48322 -5.00012 2.4
      vertex -6.0976 -2.5257 2.4
    endloop
  endfacet
  facet normal 0 0 1
    outer loop
      vertex -8.88181 1.2 2.4
      vertex -12.8102 1.2 2.4
      vertex -8.88181 -1.2 2.4
    endloop
  endfacet
  facet normal -0 0 1
    outer loop
      vertex -7.48322 -5.00012 2.4
      vertex -6.36395 -6.36395 2.4
      vertex -4.6669 -4.6669 2.4
    endloop
  endfacet
  facet normal 0 -0 1
    outer loop
      vertex -6.4818 -1.2 2.4
      vertex -6.4818 1.2 2.4
      vertex -8.88181 1.2 2.4
    endloop
  endfacet
  facet normal 0 0 1
    outer loop
      vertex -2.19307 -6.1985 2.4
      vertex -1.7558 -8.82706 2.4
      vertex -1.28758 -6.47318 2.4
    endloop
  endfacet
  facet normal 0 0 1
    outer loop
      vertex 1.7558 -8.82706 2.4
      vertex 1.28758 -6.47318 2.4
      vertex 0 -6.59999 2.4
    endloop
  endfacet
  facet normal 0 0 1
    outer loop
      vertex 5.36584 -11.6939 2.4
      vertex 6.7485 -14.0888 2.4
      vertex 8.82697 -12.8888 2.4
    endloop
  endfacet
  facet normal 0 0 1
    outer loop
      vertex 8.31491 -3.44414 2.4
      vertex 6.0976 -2.5257 2.4
      vertex 7.48322 -5.00012 2.4
    endloop
  endfacet
  facet normal -0 0 1
    outer loop
      vertex -2.07845 1.2 2.4
      vertex 0 -2.39996 2.4
      vertex 0 2.39996 2.4
    endloop
  endfacet
  facet normal 0 0 1
    outer loop
      vertex 8.88181 -1.2 2.4
      vertex 6.4818 1.2 2.4
      vertex 6.4818 -1.2 2.4
    endloop
  endfacet
  facet normal 0 0 1
    outer loop
      vertex 7.48322 -5.00012 2.4
      vertex 4.6669 -4.6669 2.4
      vertex 6.36395 -6.36395 2.4
    endloop
  endfacet
  facet normal 0 0 1
    outer loop
      vertex 12.8102 -1.2 2.4
      vertex 15.5755 -1.2 2.4
      vertex 12.8102 1.2 2.4
    endloop
  endfacet
  facet normal 0 -0 1
    outer loop
      vertex 5.47911 -7.09012 2.4
      vertex 6.36395 -6.36395 2.4
      vertex 4.26872 -4.99367 2.4
    endloop
  endfacet
  facet normal -0 0 1
    outer loop
      vertex 4.26872 -4.99367 2.4
      vertex 6.36395 -6.36395 2.4
      vertex 4.6669 -4.6669 2.4
    endloop
  endfacet
  facet normal 0 0 1
    outer loop
      vertex 8.82697 -12.8888 2.4
      vertex 7.44429 -10.4939 2.4
      vertex 5.36584 -11.6939 2.4
    endloop
  endfacet
  facet normal 0 0 1
    outer loop
      vertex 8.82697 -12.8888 2.4
      vertex 18.6715 -12.8888 2.4
      vertex 18.176 -10.4939 2.4
    endloop
  endfacet
  facet normal -0 0 1
    outer loop
      vertex 2.19307 -6.1985 2.4
      vertex 5.47911 -7.09012 2.4
      vertex 4.26872 -4.99367 2.4
    endloop
  endfacet
  facet normal -0 0 1
    outer loop
      vertex 7.44429 -10.4939 2.4
      vertex 8.82697 -12.8888 2.4
      vertex 18.176 -10.4939 2.4
    endloop
  endfacet
  facet normal 0 0 1
    outer loop
      vertex 5.48769 -3.66676 2.4
      vertex 4.6669 -4.6669 2.4
      vertex 7.48322 -5.00012 2.4
    endloop
  endfacet
  facet normal -0 0 1
    outer loop
      vertex 5.48769 -3.66676 2.4
      vertex 7.48322 -5.00012 2.4
      vertex 6.0976 -2.5257 2.4
    endloop
  endfacet
  facet normal 0 -0 1
    outer loop
      vertex 8.82706 -1.7558 2.4
      vertex 8.88181 -1.2 2.4
      vertex 6.47318 -1.28758 2.4
    endloop
  endfacet
  facet normal 0 0 1
    outer loop
      vertex 8.88181 -1.2 2.4
      vertex 6.4818 -1.2 2.4
      vertex 6.47318 -1.28758 2.4
    endloop
  endfacet
  facet normal 0 0 1
    outer loop
      vertex 8.88181 1.2 2.4
      vertex 8.88181 -1.2 2.4
      vertex 12.8102 -1.2 2.4
    endloop
  endfacet
  facet normal 0 0 1
    outer loop
      vertex 8.88181 1.2 2.4
      vertex 6.4818 1.2 2.4
      vertex 8.88181 -1.2 2.4
    endloop
  endfacet
  facet normal -0 0 1
    outer loop
      vertex 8.88181 1.2 2.4
      vertex 12.8102 -1.2 2.4
      vertex 12.8102 1.2 2.4
    endloop
  endfacet
  facet normal 0 -0 1
    outer loop
      vertex 18.6715 -12.8888 2.4
      vertex 19.9337 -11.5087 2.4
      vertex 18.176 -10.4939 2.4
    endloop
  endfacet
  facet normal 0 0 1
    outer loop
      vertex -6.4818 1.2 2.4
      vertex -6.4818 -1.2 2.4
      vertex -2.07845 -1.2 2.4
    endloop
  endfacet
  facet normal 0 0 1
    outer loop
      vertex -7.48322 -5.00012 2.4
      vertex -4.6669 -4.6669 2.4
      vertex -5.48769 -3.66676 2.4
    endloop
  endfacet
  facet normal 0 0 1
    outer loop
      vertex -7.48322 -5.00012 2.4
      vertex -5.48769 -3.66676 2.4
      vertex -6.0976 -2.5257 2.4
    endloop
  endfacet
  facet normal 0 -0 1
    outer loop
      vertex -8.31491 -3.44414 2.4
      vertex -6.0976 -2.5257 2.4
      vertex -8.82706 -1.7558 2.4
    endloop
  endfacet
  facet normal 0 -0 1
    outer loop
      vertex -8.82706 -1.7558 2.4
      vertex -6.47318 -1.28758 2.4
      vertex -8.88181 -1.2 2.4
    endloop
  endfacet
  facet normal 0 0 1
    outer loop
      vertex -6.47318 -1.28758 2.4
      vertex -6.4818 -1.2 2.4
      vertex -8.88181 -1.2 2.4
    endloop
  endfacet
  facet normal -0 0 1
    outer loop
      vertex -6.4818 1.2 2.4
      vertex -2.07845 -1.2 2.4
      vertex -2.07845 1.2 2.4
    endloop
  endfacet
  facet normal -0 0 1
    outer loop
      vertex -4.26872 -4.99367 2.4
      vertex -2.19307 -6.1985 2.4
      vertex 0 -2.39996 2.4
    endloop
  endfacet
  facet normal 0 0 1
    outer loop
      vertex 2.07845 -1.2 2.4
      vertex 0 -2.39996 2.4
      vertex 4.26872 -4.99367 2.4
    endloop
  endfacet
  facet normal 0 0 1
    outer loop
      vertex -5.36584 -11.6939 2.4
      vertex -7.44429 -10.4939 2.4
      vertex -8.82697 -12.8888 2.4
    endloop
  endfacet
  facet normal 0 0 1
    outer loop
      vertex -3.41933 -8.32243 2.4
      vertex -7.44429 -10.4939 2.4
      vertex -5.36584 -11.6939 2.4
    endloop
  endfacet
  facet normal 0 0 1
    outer loop
      vertex -5.47911 -7.09012 2.4
      vertex -2.19307 -6.1985 2.4
      vertex -4.26872 -4.99367 2.4
    endloop
  endfacet
  facet normal 0 0 1
    outer loop
      vertex 0 2.39996 2.4
      vertex 0 -2.39996 2.4
      vertex 2.07845 -1.2 2.4
    endloop
  endfacet
  facet normal 0 0 1
    outer loop
      vertex -2.07845 -1.2 2.4
      vertex -4.26872 -4.99367 2.4
      vertex 0 -2.39996 2.4
    endloop
  endfacet
  facet normal 0 0 1
    outer loop
      vertex 0 -2.39996 2.4
      vertex 2.19307 -6.1985 2.4
      vertex 4.26872 -4.99367 2.4
    endloop
  endfacet
  facet normal 0 0 1
    outer loop
      vertex 0 -6.59999 2.4
      vertex -1.7558 -8.82706 2.4
      vertex 0 -9 2.4
    endloop
  endfacet
  facet normal 0 0 1
    outer loop
      vertex 6.7485 -14.0888 2.4
      vertex 0 -20.9878 2.4
      vertex 1.82623 -22.6144 2.4
    endloop
  endfacet
  facet normal 0 0 1
    outer loop
      vertex -6.7485 -14.0888 2.4
      vertex -1.82623 -22.6144 2.4
      vertex 0 -20.9878 2.4
    endloop
  endfacet
  facet normal 0 0 1
    outer loop
      vertex 0 -20.9878 2.4
      vertex -5.36584 -11.6939 2.4
      vertex -6.7485 -14.0888 2.4
    endloop
  endfacet
  facet normal 0 0 1
    outer loop
      vertex -1.7558 -8.82706 2.4
      vertex -2.19307 -6.1985 2.4
      vertex -3.41933 -8.32243 2.4
    endloop
  endfacet
  facet normal -0 0 1
    outer loop
      vertex -5.47911 -7.09012 2.4
      vertex -3.41933 -8.32243 2.4
      vertex -2.19307 -6.1985 2.4
    endloop
  endfacet
  facet normal 0 0 1
    outer loop
      vertex -5.47911 -7.09012 2.4
      vertex -7.44429 -10.4939 2.4
      vertex -3.41933 -8.32243 2.4
    endloop
  endfacet
  facet normal 0 0 1
    outer loop
      vertex -1.28758 -6.47318 2.4
      vertex -1.7558 -8.82706 2.4
      vertex 0 -6.59999 2.4
    endloop
  endfacet
  facet normal 0 0 1
    outer loop
      vertex 1.7558 -8.82706 2.4
      vertex 0 -6.59999 2.4
      vertex 0 -9 2.4
    endloop
  endfacet
  facet normal 0 0 1
    outer loop
      vertex 3.41933 -8.32243 2.4
      vertex 2.19307 -6.1985 2.4
      vertex 1.7558 -8.82706 2.4
    endloop
  endfacet
  facet normal 0 0 1
    outer loop
      vertex 5.47911 -7.09012 2.4
      vertex 3.41933 -8.32243 2.4
      vertex 7.44429 -10.4939 2.4
    endloop
  endfacet
  facet normal 0 0 1
    outer loop
      vertex 5.47911 -7.09012 2.4
      vertex 2.19307 -6.1985 2.4
      vertex 3.41933 -8.32243 2.4
    endloop
  endfacet
  facet normal 0 0 1
    outer loop
      vertex 3.41933 -8.32243 2.4
      vertex 5.36584 -11.6939 2.4
      vertex 7.44429 -10.4939 2.4
    endloop
  endfacet
  facet normal 0.227001 -0.973894 0
    outer loop
      vertex 13.3857 -40.9735 0
      vertex 13.1566 -41.0269 2.4
      vertex 13.1566 -41.0269 0
    endloop
  endfacet
  facet normal 0.227001 -0.973894 0
    outer loop
      vertex 13.3857 -40.9735 0
      vertex 13.3857 -40.9735 2.4
      vertex 13.1566 -41.0269 2.4
    endloop
  endfacet
  facet normal 0.412714 -0.910861 0
    outer loop
      vertex 13.6 -40.8764 0
      vertex 13.3857 -40.9735 2.4
      vertex 13.3857 -40.9735 0
    endloop
  endfacet
  facet normal 0.412714 -0.910861 0
    outer loop
      vertex 13.6 -40.8764 0
      vertex 13.6 -40.8764 2.4
      vertex 13.3857 -40.9735 2.4
    endloop
  endfacet
  facet normal 0.582444 -0.812871 0
    outer loop
      vertex 13.7912 -40.7394 0
      vertex 13.6 -40.8764 2.4
      vertex 13.6 -40.8764 0
    endloop
  endfacet
  facet normal 0.582444 -0.812871 0
    outer loop
      vertex 13.7912 -40.7394 0
      vertex 13.7912 -40.7394 2.4
      vertex 13.6 -40.8764 2.4
    endloop
  endfacet
  facet normal 0.729895 -0.683559 0
    outer loop
      vertex 13.952 -40.5677 0
      vertex 13.7912 -40.7394 2.4
      vertex 13.7912 -40.7394 0
    endloop
  endfacet
  facet normal 0.729895 -0.683559 0
    outer loop
      vertex 13.952 -40.5677 0
      vertex 13.952 -40.5677 2.4
      vertex 13.7912 -40.7394 2.4
    endloop
  endfacet
  facet normal 0.849285 -0.527934 0
    outer loop
      vertex 14.0762 -40.3679 0
      vertex 13.952 -40.5677 2.4
      vertex 13.952 -40.5677 0
    endloop
  endfacet
  facet normal 0.849285 -0.527934 0
    outer loop
      vertex 14.0762 -40.3679 0
      vertex 14.0762 -40.3679 2.4
      vertex 13.952 -40.5677 2.4
    endloop
  endfacet
  facet normal 0.866025 -0.500001 0
    outer loop
      vertex 17.9985 -33.5743 0
      vertex 14.0762 -40.3679 2.4
      vertex 14.0762 -40.3679 0
    endloop
  endfacet
  facet normal 0.866025 -0.500001 0
    outer loop
      vertex 17.9985 -33.5743 0
      vertex 17.9985 -33.5743 2.4
      vertex 14.0762 -40.3679 2.4
    endloop
  endfacet
  facet normal -0.866023 -0.500005 0
    outer loop
      vertex 21.4608 -39.5711 0
      vertex 17.9985 -33.5743 2.4
      vertex 17.9985 -33.5743 0
    endloop
  endfacet
  facet normal -0.866023 -0.500005 0
    outer loop
      vertex 21.4608 -39.5711 0
      vertex 21.4608 -39.5711 2.4
      vertex 17.9985 -33.5743 2.4
    endloop
  endfacet
  facet normal -0.812871 -0.582444 0
    outer loop
      vertex 21.5978 -39.7623 0
      vertex 21.4608 -39.5711 2.4
      vertex 21.4608 -39.5711 0
    endloop
  endfacet
  facet normal -0.812871 -0.582444 0
    outer loop
      vertex 21.5978 -39.7623 0
      vertex 21.5978 -39.7623 2.4
      vertex 21.4608 -39.5711 2.4
    endloop
  endfacet
  facet normal -0.683559 -0.729895 0
    outer loop
      vertex 21.7695 -39.9231 0
      vertex 21.5978 -39.7623 2.4
      vertex 21.5978 -39.7623 0
    endloop
  endfacet
  facet normal -0.683559 -0.729895 0
    outer loop
      vertex 21.7695 -39.9231 0
      vertex 21.7695 -39.9231 2.4
      vertex 21.5978 -39.7623 2.4
    endloop
  endfacet
  facet normal -0.528431 -0.848976 0
    outer loop
      vertex 21.9692 -40.0474 0
      vertex 21.7695 -39.9231 2.4
      vertex 21.7695 -39.9231 0
    endloop
  endfacet
  facet normal -0.528431 -0.848976 0
    outer loop
      vertex 21.9692 -40.0474 0
      vertex 21.9692 -40.0474 2.4
      vertex 21.7695 -39.9231 2.4
    endloop
  endfacet
  facet normal -0.351962 -0.936014 0
    outer loop
      vertex 22.1894 -40.1302 0
      vertex 21.9692 -40.0474 2.4
      vertex 21.9692 -40.0474 0
    endloop
  endfacet
  facet normal -0.351962 -0.936014 0
    outer loop
      vertex 22.1894 -40.1302 0
      vertex 22.1894 -40.1302 2.4
      vertex 21.9692 -40.0474 2.4
    endloop
  endfacet
  facet normal -0.162813 -0.986657 0
    outer loop
      vertex 22.4215 -40.1685 0
      vertex 22.1894 -40.1302 2.4
      vertex 22.1894 -40.1302 0
    endloop
  endfacet
  facet normal -0.162813 -0.986657 0
    outer loop
      vertex 22.4215 -40.1685 0
      vertex 22.4215 -40.1685 2.4
      vertex 22.1894 -40.1302 2.4
    endloop
  endfacet
  facet normal 0.0323098 -0.999478 0
    outer loop
      vertex 22.6566 -40.1609 0
      vertex 22.4215 -40.1685 2.4
      vertex 22.4215 -40.1685 0
    endloop
  endfacet
  facet normal 0.0323098 -0.999478 0
    outer loop
      vertex 22.6566 -40.1609 0
      vertex 22.6566 -40.1609 2.4
      vertex 22.4215 -40.1685 2.4
    endloop
  endfacet
  facet normal 0.227001 -0.973894 0
    outer loop
      vertex 22.8857 -40.1075 0
      vertex 22.6566 -40.1609 2.4
      vertex 22.6566 -40.1609 0
    endloop
  endfacet
  facet normal 0.227001 -0.973894 0
    outer loop
      vertex 22.8857 -40.1075 0
      vertex 22.8857 -40.1075 2.4
      vertex 22.6566 -40.1609 2.4
    endloop
  endfacet
  facet normal 0.412714 -0.910861 0
    outer loop
      vertex 23.1 -40.0104 0
      vertex 22.8857 -40.1075 2.4
      vertex 22.8857 -40.1075 0
    endloop
  endfacet
  facet normal 0.412714 -0.910861 0
    outer loop
      vertex 23.1 -40.0104 0
      vertex 23.1 -40.0104 2.4
      vertex 22.8857 -40.1075 2.4
    endloop
  endfacet
  facet normal 0.582444 -0.812871 0
    outer loop
      vertex 23.2912 -39.8734 0
      vertex 23.1 -40.0104 2.4
      vertex 23.1 -40.0104 0
    endloop
  endfacet
  facet normal 0.582444 -0.812871 0
    outer loop
      vertex 23.2912 -39.8734 0
      vertex 23.2912 -39.8734 2.4
      vertex 23.1 -40.0104 2.4
    endloop
  endfacet
  facet normal 0.730094 -0.683347 0
    outer loop
      vertex 23.452 -39.7016 0
      vertex 23.2912 -39.8734 2.4
      vertex 23.2912 -39.8734 0
    endloop
  endfacet
  facet normal 0.730094 -0.683347 0
    outer loop
      vertex 23.452 -39.7016 0
      vertex 23.452 -39.7016 2.4
      vertex 23.2912 -39.8734 2.4
    endloop
  endfacet
  facet normal 0.849167 -0.528125 0
    outer loop
      vertex 23.5762 -39.5019 0
      vertex 23.452 -39.7016 2.4
      vertex 23.452 -39.7016 0
    endloop
  endfacet
  facet normal 0.849167 -0.528125 0
    outer loop
      vertex 23.5762 -39.5019 0
      vertex 23.5762 -39.5019 2.4
      vertex 23.452 -39.7016 2.4
    endloop
  endfacet
  facet normal 0.935874 -0.352334 0
    outer loop
      vertex 23.6591 -39.2817 0
      vertex 23.5762 -39.5019 2.4
      vertex 23.5762 -39.5019 0
    endloop
  endfacet
  facet normal 0.935874 -0.352334 0
    outer loop
      vertex 23.6591 -39.2817 0
      vertex 23.6591 -39.2817 2.4
      vertex 23.5762 -39.5019 2.4
    endloop
  endfacet
  facet normal 0.986657 -0.162813 0
    outer loop
      vertex 23.6974 -39.0496 0
      vertex 23.6591 -39.2817 2.4
      vertex 23.6591 -39.2817 0
    endloop
  endfacet
  facet normal 0.986657 -0.162813 0
    outer loop
      vertex 23.6974 -39.0496 0
      vertex 23.6974 -39.0496 2.4
      vertex 23.6591 -39.2817 2.4
    endloop
  endfacet
  facet normal 0.999464 0.0327345 0
    outer loop
      vertex 23.6897 -38.8145 0
      vertex 23.6974 -39.0496 2.4
      vertex 23.6974 -39.0496 0
    endloop
  endfacet
  facet normal 0.999464 0.0327345 -0
    outer loop
      vertex 23.6897 -38.8145 0
      vertex 23.6897 -38.8145 2.4
      vertex 23.6974 -39.0496 2.4
    endloop
  endfacet
  facet normal 0.973894 0.227001 0
    outer loop
      vertex 23.6363 -38.5854 0
      vertex 23.6897 -38.8145 2.4
      vertex 23.6897 -38.8145 0
    endloop
  endfacet
  facet normal 0.973894 0.227001 -0
    outer loop
      vertex 23.6363 -38.5854 0
      vertex 23.6363 -38.5854 2.4
      vertex 23.6897 -38.8145 2.4
    endloop
  endfacet
  facet normal 0.910861 0.412714 0
    outer loop
      vertex 23.5392 -38.3711 0
      vertex 23.6363 -38.5854 2.4
      vertex 23.6363 -38.5854 0
    endloop
  endfacet
  facet normal 0.910861 0.412714 -0
    outer loop
      vertex 23.5392 -38.3711 0
      vertex 23.5392 -38.3711 2.4
      vertex 23.6363 -38.5854 2.4
    endloop
  endfacet
  facet normal 0.866029 0.499994 0
    outer loop
      vertex 20.077 -32.3743 0
      vertex 23.5392 -38.3711 2.4
      vertex 23.5392 -38.3711 0
    endloop
  endfacet
  facet normal 0.866029 0.499994 -0
    outer loop
      vertex 20.077 -32.3743 0
      vertex 20.077 -32.3743 2.4
      vertex 23.5392 -38.3711 2.4
    endloop
  endfacet
  facet normal 0 -1 0
    outer loop
      vertex 27.9215 -32.3743 0
      vertex 20.077 -32.3743 2.4
      vertex 20.077 -32.3743 0
    endloop
  endfacet
  facet normal 0 -1 0
    outer loop
      vertex 27.9215 -32.3743 0
      vertex 27.9215 -32.3743 2.4
      vertex 20.077 -32.3743 2.4
    endloop
  endfacet
  facet normal 0.0327345 -0.999464 0
    outer loop
      vertex 28.1566 -32.3666 0
      vertex 27.9215 -32.3743 2.4
      vertex 27.9215 -32.3743 0
    endloop
  endfacet
  facet normal 0.0327345 -0.999464 0
    outer loop
      vertex 28.1566 -32.3666 0
      vertex 28.1566 -32.3666 2.4
      vertex 27.9215 -32.3743 2.4
    endloop
  endfacet
  facet normal 0.227001 -0.973894 0
    outer loop
      vertex 28.3857 -32.3132 0
      vertex 28.1566 -32.3666 2.4
      vertex 28.1566 -32.3666 0
    endloop
  endfacet
  facet normal 0.227001 -0.973894 0
    outer loop
      vertex 28.3857 -32.3132 0
      vertex 28.3857 -32.3132 2.4
      vertex 28.1566 -32.3666 2.4
    endloop
  endfacet
  facet normal 0.412714 -0.910861 0
    outer loop
      vertex 28.6 -32.2161 0
      vertex 28.3857 -32.3132 2.4
      vertex 28.3857 -32.3132 0
    endloop
  endfacet
  facet normal 0.412714 -0.910861 0
    outer loop
      vertex 28.6 -32.2161 0
      vertex 28.6 -32.2161 2.4
      vertex 28.3857 -32.3132 2.4
    endloop
  endfacet
  facet normal 0.582444 -0.812871 0
    outer loop
      vertex 28.7912 -32.0791 0
      vertex 28.6 -32.2161 2.4
      vertex 28.6 -32.2161 0
    endloop
  endfacet
  facet normal 0.582444 -0.812871 0
    outer loop
      vertex 28.7912 -32.0791 0
      vertex 28.7912 -32.0791 2.4
      vertex 28.6 -32.2161 2.4
    endloop
  endfacet
  facet normal 0.729895 -0.683559 0
    outer loop
      vertex 28.952 -31.9074 0
      vertex 28.7912 -32.0791 2.4
      vertex 28.7912 -32.0791 0
    endloop
  endfacet
  facet normal 0.729895 -0.683559 0
    outer loop
      vertex 28.952 -31.9074 0
      vertex 28.952 -31.9074 2.4
      vertex 28.7912 -32.0791 2.4
    endloop
  endfacet
  facet normal 0.849167 -0.528125 0
    outer loop
      vertex 29.0762 -31.7077 0
      vertex 28.952 -31.9074 2.4
      vertex 28.952 -31.9074 0
    endloop
  endfacet
  facet normal 0.849167 -0.528125 0
    outer loop
      vertex 29.0762 -31.7077 0
      vertex 29.0762 -31.7077 2.4
      vertex 28.952 -31.9074 2.4
    endloop
  endfacet
  facet normal 0.935874 -0.352334 0
    outer loop
      vertex 29.1591 -31.4875 0
      vertex 29.0762 -31.7077 2.4
      vertex 29.0762 -31.7077 0
    endloop
  endfacet
  facet normal 0.935874 -0.352334 0
    outer loop
      vertex 29.1591 -31.4875 0
      vertex 29.1591 -31.4875 2.4
      vertex 29.0762 -31.7077 2.4
    endloop
  endfacet
  facet normal 0.986657 -0.162813 0
    outer loop
      vertex 29.1974 -31.2554 0
      vertex 29.1591 -31.4875 2.4
      vertex 29.1591 -31.4875 0
    endloop
  endfacet
  facet normal 0.986657 -0.162813 0
    outer loop
      vertex 29.1974 -31.2554 0
      vertex 29.1974 -31.2554 2.4
      vertex 29.1591 -31.4875 2.4
    endloop
  endfacet
  facet normal 0.999464 0.0327345 0
    outer loop
      vertex 29.1897 -31.0203 0
      vertex 29.1974 -31.2554 2.4
      vertex 29.1974 -31.2554 0
    endloop
  endfacet
  facet normal 0.999464 0.0327345 -0
    outer loop
      vertex 29.1897 -31.0203 0
      vertex 29.1897 -31.0203 2.4
      vertex 29.1974 -31.2554 2.4
    endloop
  endfacet
  facet normal 0.973894 0.227001 0
    outer loop
      vertex 29.1363 -30.7912 0
      vertex 29.1897 -31.0203 2.4
      vertex 29.1897 -31.0203 0
    endloop
  endfacet
  facet normal 0.973894 0.227001 -0
    outer loop
      vertex 29.1363 -30.7912 0
      vertex 29.1363 -30.7912 2.4
      vertex 29.1897 -31.0203 2.4
    endloop
  endfacet
  facet normal 0.910861 0.412714 0
    outer loop
      vertex 29.0392 -30.5769 0
      vertex 29.1363 -30.7912 2.4
      vertex 29.1363 -30.7912 0
    endloop
  endfacet
  facet normal 0.910861 0.412714 -0
    outer loop
      vertex 29.0392 -30.5769 0
      vertex 29.0392 -30.5769 2.4
      vertex 29.1363 -30.7912 2.4
    endloop
  endfacet
  facet normal 0.812871 0.582444 0
    outer loop
      vertex 28.9022 -30.3857 0
      vertex 29.0392 -30.5769 2.4
      vertex 29.0392 -30.5769 0
    endloop
  endfacet
  facet normal 0.812871 0.582444 -0
    outer loop
      vertex 28.9022 -30.3857 0
      vertex 28.9022 -30.3857 2.4
      vertex 29.0392 -30.5769 2.4
    endloop
  endfacet
  facet normal 0.683559 0.729895 0
    outer loop
      vertex 28.7305 -30.2249 0
      vertex 28.9022 -30.3857 2.4
      vertex 28.9022 -30.3857 0
    endloop
  endfacet
  facet normal 0.683559 0.729895 -0
    outer loop
      vertex 28.7305 -30.2249 0
      vertex 28.7305 -30.2249 2.4
      vertex 28.9022 -30.3857 2.4
    endloop
  endfacet
  facet normal 0.527934 0.849285 0
    outer loop
      vertex 28.5307 -30.1007 0
      vertex 28.7305 -30.2249 2.4
      vertex 28.7305 -30.2249 0
    endloop
  endfacet
  facet normal 0.527934 0.849285 -0
    outer loop
      vertex 28.5307 -30.1007 0
      vertex 28.5307 -30.1007 2.4
      vertex 28.7305 -30.2249 2.4
    endloop
  endfacet
  facet normal 0.352474 0.935821 0
    outer loop
      vertex 28.3106 -30.0178 0
      vertex 28.5307 -30.1007 2.4
      vertex 28.5307 -30.1007 0
    endloop
  endfacet
  facet normal 0.352474 0.935821 -0
    outer loop
      vertex 28.3106 -30.0178 0
      vertex 28.3106 -30.0178 2.4
      vertex 28.5307 -30.1007 2.4
    endloop
  endfacet
  facet normal 0.162813 0.986657 0
    outer loop
      vertex 28.0785 -29.9795 0
      vertex 28.3106 -30.0178 2.4
      vertex 28.3106 -30.0178 0
    endloop
  endfacet
  facet normal 0.162813 0.986657 -0
    outer loop
      vertex 28.0785 -29.9795 0
      vertex 28.0785 -29.9795 2.4
      vertex 28.3106 -30.0178 2.4
    endloop
  endfacet
  facet normal 0 1 0
    outer loop
      vertex 18.6943 -29.9795 0
      vertex 28.0785 -29.9795 2.4
      vertex 28.0785 -29.9795 0
    endloop
  endfacet
  facet normal 0 1 0
    outer loop
      vertex 18.6943 -29.9795 0
      vertex 18.6943 -29.9795 2.4
      vertex 28.0785 -29.9795 2.4
    endloop
  endfacet
  facet normal 0.866029 0.499994 0
    outer loop
      vertex 14.452 -22.6315 0
      vertex 18.6943 -29.9795 2.4
      vertex 18.6943 -29.9795 0
    endloop
  endfacet
  facet normal 0.866029 0.499994 -0
    outer loop
      vertex 14.452 -22.6315 0
      vertex 14.452 -22.6315 2.4
      vertex 18.6943 -29.9795 2.4
    endloop
  endfacet
  facet normal 0 -1 0
    outer loop
      vertex 28.2965 -22.6315 0
      vertex 14.452 -22.6315 2.4
      vertex 14.452 -22.6315 0
    endloop
  endfacet
  facet normal 0 -1 0
    outer loop
      vertex 28.2965 -22.6315 0
      vertex 28.2965 -22.6315 2.4
      vertex 14.452 -22.6315 2.4
    endloop
  endfacet
  facet normal 0.0327345 -0.999464 0
    outer loop
      vertex 28.5316 -22.6238 0
      vertex 28.2965 -22.6315 2.4
      vertex 28.2965 -22.6315 0
    endloop
  endfacet
  facet normal 0.0327345 -0.999464 0
    outer loop
      vertex 28.5316 -22.6238 0
      vertex 28.5316 -22.6238 2.4
      vertex 28.2965 -22.6315 2.4
    endloop
  endfacet
  facet normal 0.227001 -0.973894 0
    outer loop
      vertex 28.7607 -22.5704 0
      vertex 28.5316 -22.6238 2.4
      vertex 28.5316 -22.6238 0
    endloop
  endfacet
  facet normal 0.227001 -0.973894 0
    outer loop
      vertex 28.7607 -22.5704 0
      vertex 28.7607 -22.5704 2.4
      vertex 28.5316 -22.6238 2.4
    endloop
  endfacet
  facet normal 0.412361 -0.91102 0
    outer loop
      vertex 28.975 -22.4734 0
      vertex 28.7607 -22.5704 2.4
      vertex 28.7607 -22.5704 0
    endloop
  endfacet
  facet normal 0.412361 -0.91102 0
    outer loop
      vertex 28.975 -22.4734 0
      vertex 28.975 -22.4734 2.4
      vertex 28.7607 -22.5704 2.4
    endloop
  endfacet
  facet normal 0.582725 -0.81267 0
    outer loop
      vertex 29.1662 -22.3363 0
      vertex 28.975 -22.4734 2.4
      vertex 28.975 -22.4734 0
    endloop
  endfacet
  facet normal 0.582725 -0.81267 0
    outer loop
      vertex 29.1662 -22.3363 0
      vertex 29.1662 -22.3363 2.4
      vertex 28.975 -22.4734 2.4
    endloop
  endfacet
  facet normal 0.729895 -0.683559 0
    outer loop
      vertex 29.327 -22.1646 0
      vertex 29.1662 -22.3363 2.4
      vertex 29.1662 -22.3363 0
    endloop
  endfacet
  facet normal 0.729895 -0.683559 0
    outer loop
      vertex 29.327 -22.1646 0
      vertex 29.327 -22.1646 2.4
      vertex 29.1662 -22.3363 2.4
    endloop
  endfacet
  facet normal 0.849167 -0.528125 0
    outer loop
      vertex 29.4512 -21.9649 0
      vertex 29.327 -22.1646 2.4
      vertex 29.327 -22.1646 0
    endloop
  endfacet
  facet normal 0.849167 -0.528125 0
    outer loop
      vertex 29.4512 -21.9649 0
      vertex 29.4512 -21.9649 2.4
      vertex 29.327 -22.1646 2.4
    endloop
  endfacet
  facet normal 0.935874 -0.352334 0
    outer loop
      vertex 29.5341 -21.7447 0
      vertex 29.4512 -21.9649 2.4
      vertex 29.4512 -21.9649 0
    endloop
  endfacet
  facet normal 0.935874 -0.352334 0
    outer loop
      vertex 29.5341 -21.7447 0
      vertex 29.5341 -21.7447 2.4
      vertex 29.4512 -21.9649 2.4
    endloop
  endfacet
  facet normal 0.986657 -0.162813 0
    outer loop
      vertex 29.5724 -21.5126 0
      vertex 29.5341 -21.7447 2.4
      vertex 29.5341 -21.7447 0
    endloop
  endfacet
  facet normal 0.986657 -0.162813 0
    outer loop
      vertex 29.5724 -21.5126 0
      vertex 29.5724 -21.5126 2.4
      vertex 29.5341 -21.7447 2.4
    endloop
  endfacet
  facet normal 0.999464 0.0327345 0
    outer loop
      vertex 29.5647 -21.2775 0
      vertex 29.5724 -21.5126 2.4
      vertex 29.5724 -21.5126 0
    endloop
  endfacet
  facet normal 0.999464 0.0327345 -0
    outer loop
      vertex 29.5647 -21.2775 0
      vertex 29.5647 -21.2775 2.4
      vertex 29.5724 -21.5126 2.4
    endloop
  endfacet
  facet normal 0.973894 0.227001 0
    outer loop
      vertex 29.5113 -21.0484 0
      vertex 29.5647 -21.2775 2.4
      vertex 29.5647 -21.2775 0
    endloop
  endfacet
  facet normal 0.973894 0.227001 -0
    outer loop
      vertex 29.5113 -21.0484 0
      vertex 29.5113 -21.0484 2.4
      vertex 29.5647 -21.2775 2.4
    endloop
  endfacet
  facet normal 0.910861 0.412714 0
    outer loop
      vertex 29.4142 -20.8341 0
      vertex 29.5113 -21.0484 2.4
      vertex 29.5113 -21.0484 0
    endloop
  endfacet
  facet normal 0.910861 0.412714 -0
    outer loop
      vertex 29.4142 -20.8341 0
      vertex 29.4142 -20.8341 2.4
      vertex 29.5113 -21.0484 2.4
    endloop
  endfacet
  facet normal 0.812871 0.582444 0
    outer loop
      vertex 29.2772 -20.6429 0
      vertex 29.4142 -20.8341 2.4
      vertex 29.4142 -20.8341 0
    endloop
  endfacet
  facet normal 0.812871 0.582444 -0
    outer loop
      vertex 29.2772 -20.6429 0
      vertex 29.2772 -20.6429 2.4
      vertex 29.4142 -20.8341 2.4
    endloop
  endfacet
  facet normal 0.683559 0.729895 0
    outer loop
      vertex 29.1055 -20.4821 0
      vertex 29.2772 -20.6429 2.4
      vertex 29.2772 -20.6429 0
    endloop
  endfacet
  facet normal 0.683559 0.729895 -0
    outer loop
      vertex 29.1055 -20.4821 0
      vertex 29.1055 -20.4821 2.4
      vertex 29.2772 -20.6429 2.4
    endloop
  endfacet
  facet normal 0.527934 0.849285 0
    outer loop
      vertex 28.9057 -20.3579 0
      vertex 29.1055 -20.4821 2.4
      vertex 29.1055 -20.4821 0
    endloop
  endfacet
  facet normal 0.527934 0.849285 -0
    outer loop
      vertex 28.9057 -20.3579 0
      vertex 28.9057 -20.3579 2.4
      vertex 29.1055 -20.4821 2.4
    endloop
  endfacet
  facet normal 0.352474 0.935821 0
    outer loop
      vertex 28.6856 -20.275 0
      vertex 28.9057 -20.3579 2.4
      vertex 28.9057 -20.3579 0
    endloop
  endfacet
  facet normal 0.352474 0.935821 -0
    outer loop
      vertex 28.6856 -20.275 0
      vertex 28.6856 -20.275 2.4
      vertex 28.9057 -20.3579 2.4
    endloop
  endfacet
  facet normal 0.162813 0.986657 0
    outer loop
      vertex 28.4535 -20.2367 0
      vertex 28.6856 -20.275 2.4
      vertex 28.6856 -20.275 0
    endloop
  endfacet
  facet normal 0.162813 0.986657 -0
    outer loop
      vertex 28.4535 -20.2367 0
      vertex 28.4535 -20.2367 2.4
      vertex 28.6856 -20.275 2.4
    endloop
  endfacet
  facet normal 0 1 0
    outer loop
      vertex 13.0693 -20.2367 0
      vertex 28.4535 -20.2367 2.4
      vertex 28.4535 -20.2367 0
    endloop
  endfacet
  facet normal 0 1 0
    outer loop
      vertex 13.0693 -20.2367 0
      vertex 13.0693 -20.2367 2.4
      vertex 28.4535 -20.2367 2.4
    endloop
  endfacet
  facet normal 0.866024 0.500002 0
    outer loop
      vertex 8.82697 -12.8888 0
      vertex 13.0693 -20.2367 2.4
      vertex 13.0693 -20.2367 0
    endloop
  endfacet
  facet normal 0.866024 0.500002 -0
    outer loop
      vertex 8.82697 -12.8888 0
      vertex 8.82697 -12.8888 2.4
      vertex 13.0693 -20.2367 2.4
    endloop
  endfacet
  facet normal 0 -1 0
    outer loop
      vertex 18.6715 -12.8888 0
      vertex 8.82697 -12.8888 2.4
      vertex 8.82697 -12.8888 0
    endloop
  endfacet
  facet normal 0 -1 0
    outer loop
      vertex 18.6715 -12.8888 0
      vertex 18.6715 -12.8888 2.4
      vertex 8.82697 -12.8888 2.4
    endloop
  endfacet
  facet normal 0.0327345 -0.999464 0
    outer loop
      vertex 18.9066 -12.8811 0
      vertex 18.6715 -12.8888 2.4
      vertex 18.6715 -12.8888 0
    endloop
  endfacet
  facet normal 0.0327345 -0.999464 0
    outer loop
      vertex 18.9066 -12.8811 0
      vertex 18.9066 -12.8811 2.4
      vertex 18.6715 -12.8888 2.4
    endloop
  endfacet
  facet normal 0.227001 -0.973894 0
    outer loop
      vertex 19.1357 -12.8277 0
      vertex 18.9066 -12.8811 2.4
      vertex 18.9066 -12.8811 0
    endloop
  endfacet
  facet normal 0.227001 -0.973894 0
    outer loop
      vertex 19.1357 -12.8277 0
      vertex 19.1357 -12.8277 2.4
      vertex 18.9066 -12.8811 2.4
    endloop
  endfacet
  facet normal 0.412714 -0.910861 0
    outer loop
      vertex 19.35 -12.7306 0
      vertex 19.1357 -12.8277 2.4
      vertex 19.1357 -12.8277 0
    endloop
  endfacet
  facet normal 0.412714 -0.910861 0
    outer loop
      vertex 19.35 -12.7306 0
      vertex 19.35 -12.7306 2.4
      vertex 19.1357 -12.8277 2.4
    endloop
  endfacet
  facet normal 0.582444 -0.812871 0
    outer loop
      vertex 19.5412 -12.5936 0
      vertex 19.35 -12.7306 2.4
      vertex 19.35 -12.7306 0
    endloop
  endfacet
  facet normal 0.582444 -0.812871 0
    outer loop
      vertex 19.5412 -12.5936 0
      vertex 19.5412 -12.5936 2.4
      vertex 19.35 -12.7306 2.4
    endloop
  endfacet
  facet normal 0.730094 -0.683347 0
    outer loop
      vertex 19.702 -12.4218 0
      vertex 19.5412 -12.5936 2.4
      vertex 19.5412 -12.5936 0
    endloop
  endfacet
  facet normal 0.730094 -0.683347 0
    outer loop
      vertex 19.702 -12.4218 0
      vertex 19.702 -12.4218 2.4
      vertex 19.5412 -12.5936 2.4
    endloop
  endfacet
  facet normal 0.849167 -0.528125 0
    outer loop
      vertex 19.8262 -12.2221 0
      vertex 19.702 -12.4218 2.4
      vertex 19.702 -12.4218 0
    endloop
  endfacet
  facet normal 0.849167 -0.528125 0
    outer loop
      vertex 19.8262 -12.2221 0
      vertex 19.8262 -12.2221 2.4
      vertex 19.702 -12.4218 2.4
    endloop
  endfacet
  facet normal 0.935874 -0.352334 0
    outer loop
      vertex 19.9091 -12.0019 0
      vertex 19.8262 -12.2221 2.4
      vertex 19.8262 -12.2221 0
    endloop
  endfacet
  facet normal 0.935874 -0.352334 0
    outer loop
      vertex 19.9091 -12.0019 0
      vertex 19.9091 -12.0019 2.4
      vertex 19.8262 -12.2221 2.4
    endloop
  endfacet
  facet normal 0.986657 -0.162813 0
    outer loop
      vertex 19.9474 -11.7698 0
      vertex 19.9091 -12.0019 2.4
      vertex 19.9091 -12.0019 0
    endloop
  endfacet
  facet normal 0.986657 -0.162813 0
    outer loop
      vertex 19.9474 -11.7698 0
      vertex 19.9474 -11.7698 2.4
      vertex 19.9091 -12.0019 2.4
    endloop
  endfacet
  facet normal 0.999464 0.0327345 0
    outer loop
      vertex 19.9397 -11.5347 0
      vertex 19.9474 -11.7698 2.4
      vertex 19.9474 -11.7698 0
    endloop
  endfacet
  facet normal 0.999464 0.0327345 -0
    outer loop
      vertex 19.9397 -11.5347 0
      vertex 19.9397 -11.5347 2.4
      vertex 19.9474 -11.7698 2.4
    endloop
  endfacet
  facet normal 0.974391 0.22486 0
    outer loop
      vertex 19.9337 -11.5087 0
      vertex 19.9397 -11.5347 2.4
      vertex 19.9397 -11.5347 0
    endloop
  endfacet
  facet normal 0.974391 0.22486 -0
    outer loop
      vertex 19.9337 -11.5087 0
      vertex 19.9337 -11.5087 2.4
      vertex 19.9397 -11.5347 2.4
    endloop
  endfacet
  facet normal 0.292504 -0.956264 0
    outer loop
      vertex 19.9592 -11.5009 0
      vertex 19.9337 -11.5087 2.4
      vertex 19.9337 -11.5087 0
    endloop
  endfacet
  facet normal 0.292504 -0.956264 0
    outer loop
      vertex 19.9592 -11.5009 0
      vertex 19.9592 -11.5009 2.4
      vertex 19.9337 -11.5087 2.4
    endloop
  endfacet
  facet normal 0.471029 -0.882117 0
    outer loop
      vertex 20.1667 -11.3901 0
      vertex 19.9592 -11.5009 2.4
      vertex 19.9592 -11.5009 0
    endloop
  endfacet
  facet normal 0.471029 -0.882117 0
    outer loop
      vertex 20.1667 -11.3901 0
      vertex 20.1667 -11.3901 2.4
      vertex 19.9592 -11.5009 2.4
    endloop
  endfacet
  facet normal 0.634649 -0.772801 0
    outer loop
      vertex 20.3485 -11.2408 0
      vertex 20.1667 -11.3901 2.4
      vertex 20.1667 -11.3901 0
    endloop
  endfacet
  facet normal 0.634649 -0.772801 0
    outer loop
      vertex 20.3485 -11.2408 0
      vertex 20.3485 -11.2408 2.4
      vertex 20.1667 -11.3901 2.4
    endloop
  endfacet
  facet normal 0.772801 -0.634649 0
    outer loop
      vertex 20.4978 -11.059 0
      vertex 20.3485 -11.2408 2.4
      vertex 20.3485 -11.2408 0
    endloop
  endfacet
  facet normal 0.772801 -0.634649 0
    outer loop
      vertex 20.4978 -11.059 0
      vertex 20.4978 -11.059 2.4
      vertex 20.3485 -11.2408 2.4
    endloop
  endfacet
  facet normal 0.882117 -0.471029 0
    outer loop
      vertex 20.6086 -10.8515 0
      vertex 20.4978 -11.059 2.4
      vertex 20.4978 -11.059 0
    endloop
  endfacet
  facet normal 0.882117 -0.471029 0
    outer loop
      vertex 20.6086 -10.8515 0
      vertex 20.6086 -10.8515 2.4
      vertex 20.4978 -11.059 2.4
    endloop
  endfacet
  facet normal 0.956921 -0.29035 0
    outer loop
      vertex 20.6769 -10.6264 0
      vertex 20.6086 -10.8515 2.4
      vertex 20.6086 -10.8515 0
    endloop
  endfacet
  facet normal 0.956921 -0.29035 0
    outer loop
      vertex 20.6769 -10.6264 0
      vertex 20.6769 -10.6264 2.4
      vertex 20.6086 -10.8515 2.4
    endloop
  endfacet
  facet normal 0.995167 -0.0981989 0
    outer loop
      vertex 20.7 -10.3923 0
      vertex 20.6769 -10.6264 2.4
      vertex 20.6769 -10.6264 0
    endloop
  endfacet
  facet normal 0.995167 -0.0981989 0
    outer loop
      vertex 20.7 -10.3923 0
      vertex 20.7 -10.3923 2.4
      vertex 20.6769 -10.6264 2.4
    endloop
  endfacet
  facet normal 0.995167 0.0981989 0
    outer loop
      vertex 20.6769 -10.1582 0
      vertex 20.7 -10.3923 2.4
      vertex 20.7 -10.3923 0
    endloop
  endfacet
  facet normal 0.995167 0.0981989 -0
    outer loop
      vertex 20.6769 -10.1582 0
      vertex 20.6769 -10.1582 2.4
      vertex 20.7 -10.3923 2.4
    endloop
  endfacet
  facet normal 0.956931 0.290314 0
    outer loop
      vertex 20.6086 -9.93307 0
      vertex 20.6769 -10.1582 2.4
      vertex 20.6769 -10.1582 0
    endloop
  endfacet
  facet normal 0.956931 0.290314 -0
    outer loop
      vertex 20.6086 -9.93307 0
      vertex 20.6086 -9.93307 2.4
      vertex 20.6769 -10.1582 2.4
    endloop
  endfacet
  facet normal 0.88207 0.471118 0
    outer loop
      vertex 20.4978 -9.72562 0
      vertex 20.6086 -9.93307 2.4
      vertex 20.6086 -9.93307 0
    endloop
  endfacet
  facet normal 0.88207 0.471118 -0
    outer loop
      vertex 20.4978 -9.72562 0
      vertex 20.4978 -9.72562 2.4
      vertex 20.6086 -9.93307 2.4
    endloop
  endfacet
  facet normal 0.866024 0.500002 0
    outer loop
      vertex 15.5755 -1.2 0
      vertex 20.4978 -9.72562 2.4
      vertex 20.4978 -9.72562 0
    endloop
  endfacet
  facet normal 0.866024 0.500002 -0
    outer loop
      vertex 15.5755 -1.2 0
      vertex 15.5755 -1.2 2.4
      vertex 20.4978 -9.72562 2.4
    endloop
  endfacet
  facet normal 0 -1 0
    outer loop
      vertex 24.0602 -1.2 0
      vertex 15.5755 -1.2 2.4
      vertex 15.5755 -1.2 0
    endloop
  endfacet
  facet normal 0 -1 0
    outer loop
      vertex 24.0602 -1.2 0
      vertex 24.0602 -1.2 2.4
      vertex 15.5755 -1.2 2.4
    endloop
  endfacet
  facet normal -0.866028 -0.499995 0
    outer loop
      vertex 31.7522 -14.5231 0
      vertex 24.0602 -1.2 2.4
      vertex 24.0602 -1.2 0
    endloop
  endfacet
  facet normal -0.866028 -0.499995 0
    outer loop
      vertex 31.7522 -14.5231 0
      vertex 31.7522 -14.5231 2.4
      vertex 24.0602 -1.2 2.4
    endloop
  endfacet
  facet normal -0.772801 -0.634649 0
    outer loop
      vertex 31.9015 -14.7049 0
      vertex 31.7522 -14.5231 2.4
      vertex 31.7522 -14.5231 0
    endloop
  endfacet
  facet normal -0.772801 -0.634649 0
    outer loop
      vertex 31.9015 -14.7049 0
      vertex 31.9015 -14.7049 2.4
      vertex 31.7522 -14.5231 2.4
    endloop
  endfacet
  facet normal -0.634649 -0.772801 0
    outer loop
      vertex 32.0833 -14.8542 0
      vertex 31.9015 -14.7049 2.4
      vertex 31.9015 -14.7049 0
    endloop
  endfacet
  facet normal -0.634649 -0.772801 0
    outer loop
      vertex 32.0833 -14.8542 0
      vertex 32.0833 -14.8542 2.4
      vertex 31.9015 -14.7049 2.4
    endloop
  endfacet
  facet normal -0.47136 -0.881941 0
    outer loop
      vertex 32.2908 -14.9651 0
      vertex 32.0833 -14.8542 2.4
      vertex 32.0833 -14.8542 0
    endloop
  endfacet
  facet normal -0.47136 -0.881941 0
    outer loop
      vertex 32.2908 -14.9651 0
      vertex 32.2908 -14.9651 2.4
      vertex 32.0833 -14.8542 2.4
    endloop
  endfacet
  facet normal -0.28996 -0.957039 0
    outer loop
      vertex 32.5159 -15.0333 0
      vertex 32.2908 -14.9651 2.4
      vertex 32.2908 -14.9651 0
    endloop
  endfacet
  facet normal -0.28996 -0.957039 0
    outer loop
      vertex 32.5159 -15.0333 0
      vertex 32.5159 -15.0333 2.4
      vertex 32.2908 -14.9651 2.4
    endloop
  endfacet
  facet normal -0.0981989 -0.995167 0
    outer loop
      vertex 32.75 -15.0564 0
      vertex 32.5159 -15.0333 2.4
      vertex 32.5159 -15.0333 0
    endloop
  endfacet
  facet normal -0.0981989 -0.995167 0
    outer loop
      vertex 32.75 -15.0564 0
      vertex 32.75 -15.0564 2.4
      vertex 32.5159 -15.0333 2.4
    endloop
  endfacet
  facet normal 0.0981989 -0.995167 0
    outer loop
      vertex 32.9841 -15.0333 0
      vertex 32.75 -15.0564 2.4
      vertex 32.75 -15.0564 0
    endloop
  endfacet
  facet normal 0.0981989 -0.995167 0
    outer loop
      vertex 32.9841 -15.0333 0
      vertex 32.9841 -15.0333 2.4
      vertex 32.75 -15.0564 2.4
    endloop
  endfacet
  facet normal 0.28996 -0.957039 0
    outer loop
      vertex 33.2092 -14.9651 0
      vertex 32.9841 -15.0333 2.4
      vertex 32.9841 -15.0333 0
    endloop
  endfacet
  facet normal 0.28996 -0.957039 0
    outer loop
      vertex 33.2092 -14.9651 0
      vertex 33.2092 -14.9651 2.4
      vertex 32.9841 -15.0333 2.4
    endloop
  endfacet
  facet normal 0.47136 -0.881941 0
    outer loop
      vertex 33.4167 -14.8542 0
      vertex 33.2092 -14.9651 2.4
      vertex 33.2092 -14.9651 0
    endloop
  endfacet
  facet normal 0.47136 -0.881941 0
    outer loop
      vertex 33.4167 -14.8542 0
      vertex 33.4167 -14.8542 2.4
      vertex 33.2092 -14.9651 2.4
    endloop
  endfacet
  facet normal 0.634649 -0.772801 0
    outer loop
      vertex 33.5985 -14.7049 0
      vertex 33.4167 -14.8542 2.4
      vertex 33.4167 -14.8542 0
    endloop
  endfacet
  facet normal 0.634649 -0.772801 0
    outer loop
      vertex 33.5985 -14.7049 0
      vertex 33.5985 -14.7049 2.4
      vertex 33.4167 -14.8542 2.4
    endloop
  endfacet
  facet normal 0.772801 -0.634649 0
    outer loop
      vertex 33.7478 -14.5231 0
      vertex 33.5985 -14.7049 2.4
      vertex 33.5985 -14.7049 0
    endloop
  endfacet
  facet normal 0.772801 -0.634649 0
    outer loop
      vertex 33.7478 -14.5231 0
      vertex 33.7478 -14.5231 2.4
      vertex 33.5985 -14.7049 2.4
    endloop
  endfacet
  facet normal 0.882117 -0.471029 0
    outer loop
      vertex 33.8586 -14.3156 0
      vertex 33.7478 -14.5231 2.4
      vertex 33.7478 -14.5231 0
    endloop
  endfacet
  facet normal 0.882117 -0.471029 0
    outer loop
      vertex 33.8586 -14.3156 0
      vertex 33.8586 -14.3156 2.4
      vertex 33.7478 -14.5231 2.4
    endloop
  endfacet
  facet normal 0.956921 -0.29035 0
    outer loop
      vertex 33.9269 -14.0905 0
      vertex 33.8586 -14.3156 2.4
      vertex 33.8586 -14.3156 0
    endloop
  endfacet
  facet normal 0.956921 -0.29035 0
    outer loop
      vertex 33.9269 -14.0905 0
      vertex 33.9269 -14.0905 2.4
      vertex 33.8586 -14.3156 2.4
    endloop
  endfacet
  facet normal 0.995167 -0.0981989 0
    outer loop
      vertex 33.95 -13.8564 0
      vertex 33.9269 -14.0905 2.4
      vertex 33.9269 -14.0905 0
    endloop
  endfacet
  facet normal 0.995167 -0.0981989 0
    outer loop
      vertex 33.95 -13.8564 0
      vertex 33.95 -13.8564 2.4
      vertex 33.9269 -14.0905 2.4
    endloop
  endfacet
  facet normal 0.995167 0.0981989 0
    outer loop
      vertex 33.9269 -13.6223 0
      vertex 33.95 -13.8564 2.4
      vertex 33.95 -13.8564 0
    endloop
  endfacet
  facet normal 0.995167 0.0981989 -0
    outer loop
      vertex 33.9269 -13.6223 0
      vertex 33.9269 -13.6223 2.4
      vertex 33.95 -13.8564 2.4
    endloop
  endfacet
  facet normal 0.956921 0.29035 0
    outer loop
      vertex 33.8586 -13.3972 0
      vertex 33.9269 -13.6223 2.4
      vertex 33.9269 -13.6223 0
    endloop
  endfacet
  facet normal 0.956921 0.29035 -0
    outer loop
      vertex 33.8586 -13.3972 0
      vertex 33.8586 -13.3972 2.4
      vertex 33.9269 -13.6223 2.4
    endloop
  endfacet
  facet normal 0.882117 0.471029 0
    outer loop
      vertex 33.7478 -13.1897 0
      vertex 33.8586 -13.3972 2.4
      vertex 33.8586 -13.3972 0
    endloop
  endfacet
  facet normal 0.882117 0.471029 -0
    outer loop
      vertex 33.7478 -13.1897 0
      vertex 33.7478 -13.1897 2.4
      vertex 33.8586 -13.3972 2.4
    endloop
  endfacet
  facet normal 0.866024 0.500002 0
    outer loop
      vertex 26.8255 -1.2 0
      vertex 33.7478 -13.1897 2.4
      vertex 33.7478 -13.1897 0
    endloop
  endfacet
  facet normal 0.866024 0.500002 -0
    outer loop
      vertex 26.8255 -1.2 0
      vertex 26.8255 -1.2 2.4
      vertex 33.7478 -13.1897 2.4
    endloop
  endfacet
  facet normal 0 -1 0
    outer loop
      vertex 35.3102 -1.2 0
      vertex 26.8255 -1.2 2.4
      vertex 26.8255 -1.2 0
    endloop
  endfacet
  facet normal 0 -1 0
    outer loop
      vertex 35.3102 -1.2 0
      vertex 35.3102 -1.2 2.4
      vertex 26.8255 -1.2 2.4
    endloop
  endfacet
  facet normal -0.866029 -0.499993 0
    outer loop
      vertex 40.0022 -9.32693 0
      vertex 35.3102 -1.2 2.4
      vertex 35.3102 -1.2 0
    endloop
  endfacet
  facet normal -0.866029 -0.499993 0
    outer loop
      vertex 40.0022 -9.32693 0
      vertex 40.0022 -9.32693 2.4
      vertex 35.3102 -1.2 2.4
    endloop
  endfacet
  facet normal -0.772869 -0.634565 0
    outer loop
      vertex 40.1515 -9.50877 0
      vertex 40.0022 -9.32693 2.4
      vertex 40.0022 -9.32693 0
    endloop
  endfacet
  facet normal -0.772869 -0.634565 0
    outer loop
      vertex 40.1515 -9.50877 0
      vertex 40.1515 -9.50877 2.4
      vertex 40.0022 -9.32693 2.4
    endloop
  endfacet
  facet normal -0.634471 -0.772947 0
    outer loop
      vertex 40.3333 -9.658 0
      vertex 40.1515 -9.50877 2.4
      vertex 40.1515 -9.50877 0
    endloop
  endfacet
  facet normal -0.634471 -0.772947 0
    outer loop
      vertex 40.3333 -9.658 0
      vertex 40.3333 -9.658 2.4
      vertex 40.1515 -9.50877 2.4
    endloop
  endfacet
  facet normal -0.471393 -0.881923 0
    outer loop
      vertex 40.5408 -9.76891 0
      vertex 40.3333 -9.658 2.4
      vertex 40.3333 -9.658 0
    endloop
  endfacet
  facet normal -0.471393 -0.881923 0
    outer loop
      vertex 40.5408 -9.76891 0
      vertex 40.5408 -9.76891 2.4
      vertex 40.3333 -9.658 2.4
    endloop
  endfacet
  facet normal -0.290272 -0.956944 0
    outer loop
      vertex 40.7659 -9.83719 0
      vertex 40.5408 -9.76891 2.4
      vertex 40.5408 -9.76891 0
    endloop
  endfacet
  facet normal -0.290272 -0.956944 0
    outer loop
      vertex 40.7659 -9.83719 0
      vertex 40.7659 -9.83719 2.4
      vertex 40.5408 -9.76891 2.4
    endloop
  endfacet
  facet normal -0.0979884 -0.995188 0
    outer loop
      vertex 41 -9.86024 0
      vertex 40.7659 -9.83719 2.4
      vertex 40.7659 -9.83719 0
    endloop
  endfacet
  facet normal -0.0979884 -0.995188 0
    outer loop
      vertex 41 -9.86024 0
      vertex 41 -9.86024 2.4
      vertex 40.7659 -9.83719 2.4
    endloop
  endfacet
  facet normal 0.0979884 -0.995188 0
    outer loop
      vertex 41.2341 -9.83719 0
      vertex 41 -9.86024 2.4
      vertex 41 -9.86024 0
    endloop
  endfacet
  facet normal 0.0979884 -0.995188 0
    outer loop
      vertex 41.2341 -9.83719 0
      vertex 41.2341 -9.83719 2.4
      vertex 41 -9.86024 2.4
    endloop
  endfacet
  facet normal 0.290272 -0.956944 0
    outer loop
      vertex 41.4592 -9.76891 0
      vertex 41.2341 -9.83719 2.4
      vertex 41.2341 -9.83719 0
    endloop
  endfacet
  facet normal 0.290272 -0.956944 0
    outer loop
      vertex 41.4592 -9.76891 0
      vertex 41.4592 -9.76891 2.4
      vertex 41.2341 -9.83719 2.4
    endloop
  endfacet
  facet normal 0.471393 -0.881923 0
    outer loop
      vertex 41.6667 -9.658 0
      vertex 41.4592 -9.76891 2.4
      vertex 41.4592 -9.76891 0
    endloop
  endfacet
  facet normal 0.471393 -0.881923 0
    outer loop
      vertex 41.6667 -9.658 0
      vertex 41.6667 -9.658 2.4
      vertex 41.4592 -9.76891 2.4
    endloop
  endfacet
  facet normal 0.634471 -0.772947 0
    outer loop
      vertex 41.8485 -9.50877 0
      vertex 41.6667 -9.658 2.4
      vertex 41.6667 -9.658 0
    endloop
  endfacet
  facet normal 0.634471 -0.772947 0
    outer loop
      vertex 41.8485 -9.50877 0
      vertex 41.8485 -9.50877 2.4
      vertex 41.6667 -9.658 2.4
    endloop
  endfacet
  facet normal 0.772869 -0.634565 0
    outer loop
      vertex 41.9978 -9.32693 0
      vertex 41.8485 -9.50877 2.4
      vertex 41.8485 -9.50877 0
    endloop
  endfacet
  facet normal 0.772869 -0.634565 0
    outer loop
      vertex 41.9978 -9.32693 0
      vertex 41.9978 -9.32693 2.4
      vertex 41.8485 -9.50877 2.4
    endloop
  endfacet
  facet normal 0.882089 -0.471082 0
    outer loop
      vertex 42.1086 -9.11946 0
      vertex 41.9978 -9.32693 2.4
      vertex 41.9978 -9.32693 0
    endloop
  endfacet
  facet normal 0.882089 -0.471082 0
    outer loop
      vertex 42.1086 -9.11946 0
      vertex 42.1086 -9.11946 2.4
      vertex 41.9978 -9.32693 2.4
    endloop
  endfacet
  facet normal 0.956924 -0.290338 0
    outer loop
      vertex 42.1769 -8.89435 0
      vertex 42.1086 -9.11946 2.4
      vertex 42.1086 -9.11946 0
    endloop
  endfacet
  facet normal 0.956924 -0.290338 0
    outer loop
      vertex 42.1769 -8.89435 0
      vertex 42.1769 -8.89435 2.4
      vertex 42.1086 -9.11946 2.4
    endloop
  endfacet
  facet normal 0.995167 -0.0981989 0
    outer loop
      vertex 42.2 -8.66025 0
      vertex 42.1769 -8.89435 2.4
      vertex 42.1769 -8.89435 0
    endloop
  endfacet
  facet normal 0.995167 -0.0981989 0
    outer loop
      vertex 42.2 -8.66025 0
      vertex 42.2 -8.66025 2.4
      vertex 42.1769 -8.89435 2.4
    endloop
  endfacet
  facet normal 0.995168 0.0981906 0
    outer loop
      vertex 42.1769 -8.42613 0
      vertex 42.2 -8.66025 2.4
      vertex 42.2 -8.66025 0
    endloop
  endfacet
  facet normal 0.995168 0.0981906 -0
    outer loop
      vertex 42.1769 -8.42613 0
      vertex 42.1769 -8.42613 2.4
      vertex 42.2 -8.66025 2.4
    endloop
  endfacet
  facet normal 0.956924 0.290338 0
    outer loop
      vertex 42.1086 -8.20102 0
      vertex 42.1769 -8.42613 2.4
      vertex 42.1769 -8.42613 0
    endloop
  endfacet
  facet normal 0.956924 0.290338 -0
    outer loop
      vertex 42.1086 -8.20102 0
      vertex 42.1086 -8.20102 2.4
      vertex 42.1769 -8.42613 2.4
    endloop
  endfacet
  facet normal 0.88208 0.4711 0
    outer loop
      vertex 41.9978 -7.99356 0
      vertex 42.1086 -8.20102 2.4
      vertex 42.1086 -8.20102 0
    endloop
  endfacet
  facet normal 0.88208 0.4711 -0
    outer loop
      vertex 41.9978 -7.99356 0
      vertex 41.9978 -7.99356 2.4
      vertex 42.1086 -8.20102 2.4
    endloop
  endfacet
  facet normal 0.866023 0.500003 0
    outer loop
      vertex 38.0755 -1.2 0
      vertex 41.9978 -7.99356 2.4
      vertex 41.9978 -7.99356 0
    endloop
  endfacet
  facet normal 0.866023 0.500003 -0
    outer loop
      vertex 38.0755 -1.2 0
      vertex 38.0755 -1.2 2.4
      vertex 41.9978 -7.99356 2.4
    endloop
  endfacet
  facet normal 0 -1 0
    outer loop
      vertex 43.2042 -1.2 0
      vertex 38.0755 -1.2 2.4
      vertex 38.0755 -1.2 0
    endloop
  endfacet
  facet normal 0 -1 0
    outer loop
      vertex 43.2042 -1.2 0
      vertex 43.2042 -1.2 2.4
      vertex 38.0755 -1.2 2.4
    endloop
  endfacet
  facet normal -0.956961 -0.290216 0
    outer loop
      vertex 43.3045 -1.53073 0
      vertex 43.2042 -1.2 2.4
      vertex 43.2042 -1.2 0
    endloop
  endfacet
  facet normal -0.956961 -0.290216 0
    outer loop
      vertex 43.3045 -1.53073 0
      vertex 43.3045 -1.53073 2.4
      vertex 43.2042 -1.2 2.4
    endloop
  endfacet
  facet normal -0.88194 -0.471361 0
    outer loop
      vertex 43.6741 -2.22227 0
      vertex 43.3045 -1.53073 2.4
      vertex 43.3045 -1.53073 0
    endloop
  endfacet
  facet normal -0.88194 -0.471361 0
    outer loop
      vertex 43.6741 -2.22227 0
      vertex 43.6741 -2.22227 2.4
      vertex 43.3045 -1.53073 2.4
    endloop
  endfacet
  facet normal -0.772977 -0.634434 0
    outer loop
      vertex 44.1716 -2.82841 0
      vertex 43.6741 -2.22227 2.4
      vertex 43.6741 -2.22227 0
    endloop
  endfacet
  facet normal -0.772977 -0.634434 0
    outer loop
      vertex 44.1716 -2.82841 0
      vertex 44.1716 -2.82841 2.4
      vertex 43.6741 -2.22227 2.4
    endloop
  endfacet
  facet normal -0.634429 -0.772981 0
    outer loop
      vertex 44.7777 -3.32587 0
      vertex 44.1716 -2.82841 2.4
      vertex 44.1716 -2.82841 0
    endloop
  endfacet
  facet normal -0.634429 -0.772981 0
    outer loop
      vertex 44.7777 -3.32587 0
      vertex 44.7777 -3.32587 2.4
      vertex 44.1716 -2.82841 2.4
    endloop
  endfacet
  facet normal -0.471369 -0.881936 0
    outer loop
      vertex 45.4693 -3.69551 0
      vertex 44.7777 -3.32587 2.4
      vertex 44.7777 -3.32587 0
    endloop
  endfacet
  facet normal -0.471369 -0.881936 0
    outer loop
      vertex 45.4693 -3.69551 0
      vertex 45.4693 -3.69551 2.4
      vertex 44.7777 -3.32587 2.4
    endloop
  endfacet
  facet normal -0.290271 -0.956944 0
    outer loop
      vertex 46.2197 -3.92313 0
      vertex 45.4693 -3.69551 2.4
      vertex 45.4693 -3.69551 0
    endloop
  endfacet
  facet normal -0.290271 -0.956944 0
    outer loop
      vertex 46.2197 -3.92313 0
      vertex 46.2197 -3.92313 2.4
      vertex 45.4693 -3.69551 2.4
    endloop
  endfacet
  facet normal -0.0980388 -0.995183 0
    outer loop
      vertex 47 -4 0
      vertex 46.2197 -3.92313 2.4
      vertex 46.2197 -3.92313 0
    endloop
  endfacet
  facet normal -0.0980388 -0.995183 0
    outer loop
      vertex 47 -4 0
      vertex 47 -4 2.4
      vertex 46.2197 -3.92313 2.4
    endloop
  endfacet
  facet normal 0.0980388 -0.995183 0
    outer loop
      vertex 47.7803 -3.92313 0
      vertex 47 -4 2.4
      vertex 47 -4 0
    endloop
  endfacet
  facet normal 0.0980388 -0.995183 0
    outer loop
      vertex 47.7803 -3.92313 0
      vertex 47.7803 -3.92313 2.4
      vertex 47 -4 2.4
    endloop
  endfacet
  facet normal 0.290271 -0.956944 0
    outer loop
      vertex 48.5307 -3.69551 0
      vertex 47.7803 -3.92313 2.4
      vertex 47.7803 -3.92313 0
    endloop
  endfacet
  facet normal 0.290271 -0.956944 0
    outer loop
      vertex 48.5307 -3.69551 0
      vertex 48.5307 -3.69551 2.4
      vertex 47.7803 -3.92313 2.4
    endloop
  endfacet
  facet normal 0.471369 -0.881936 0
    outer loop
      vertex 49.2223 -3.32587 0
      vertex 48.5307 -3.69551 2.4
      vertex 48.5307 -3.69551 0
    endloop
  endfacet
  facet normal 0.471369 -0.881936 0
    outer loop
      vertex 49.2223 -3.32587 0
      vertex 49.2223 -3.32587 2.4
      vertex 48.5307 -3.69551 2.4
    endloop
  endfacet
  facet normal 0.634429 -0.772981 0
    outer loop
      vertex 49.8284 -2.82841 0
      vertex 49.2223 -3.32587 2.4
      vertex 49.2223 -3.32587 0
    endloop
  endfacet
  facet normal 0.634429 -0.772981 0
    outer loop
      vertex 49.8284 -2.82841 0
      vertex 49.8284 -2.82841 2.4
      vertex 49.2223 -3.32587 2.4
    endloop
  endfacet
  facet normal 0.772977 -0.634434 0
    outer loop
      vertex 50.3259 -2.22227 0
      vertex 49.8284 -2.82841 2.4
      vertex 49.8284 -2.82841 0
    endloop
  endfacet
  facet normal 0.772977 -0.634434 0
    outer loop
      vertex 50.3259 -2.22227 0
      vertex 50.3259 -2.22227 2.4
      vertex 49.8284 -2.82841 2.4
    endloop
  endfacet
  facet normal 0.88194 -0.471361 0
    outer loop
      vertex 50.6955 -1.53073 0
      vertex 50.3259 -2.22227 2.4
      vertex 50.3259 -2.22227 0
    endloop
  endfacet
  facet normal 0.88194 -0.471361 0
    outer loop
      vertex 50.6955 -1.53073 0
      vertex 50.6955 -1.53073 2.4
      vertex 50.3259 -2.22227 2.4
    endloop
  endfacet
  facet normal 0.956949 -0.290255 0
    outer loop
      vertex 50.9231 -0.78035 0
      vertex 50.6955 -1.53073 2.4
      vertex 50.6955 -1.53073 0
    endloop
  endfacet
  facet normal 0.956949 -0.290255 0
    outer loop
      vertex 50.9231 -0.78035 0
      vertex 50.9231 -0.78035 2.4
      vertex 50.6955 -1.53073 2.4
    endloop
  endfacet
  facet normal 0.995179 -0.0980705 0
    outer loop
      vertex 51 0 0
      vertex 50.9231 -0.78035 2.4
      vertex 50.9231 -0.78035 0
    endloop
  endfacet
  facet normal 0.995179 -0.0980705 0
    outer loop
      vertex 51 0 0
      vertex 51 0 2.4
      vertex 50.9231 -0.78035 2.4
    endloop
  endfacet
  facet normal 0.995179 0.0980705 0
    outer loop
      vertex 50.9231 0.78035 0
      vertex 51 0 2.4
      vertex 51 0 0
    endloop
  endfacet
  facet normal 0.995179 0.0980705 -0
    outer loop
      vertex 50.9231 0.78035 0
      vertex 50.9231 0.78035 2.4
      vertex 51 0 2.4
    endloop
  endfacet
  facet normal 0.956949 0.290255 0
    outer loop
      vertex 50.6955 1.53073 0
      vertex 50.9231 0.78035 2.4
      vertex 50.9231 0.78035 0
    endloop
  endfacet
  facet normal 0.956949 0.290255 -0
    outer loop
      vertex 50.6955 1.53073 0
      vertex 50.6955 1.53073 2.4
      vertex 50.9231 0.78035 2.4
    endloop
  endfacet
  facet normal 0.88194 0.471361 0
    outer loop
      vertex 50.3259 2.22227 0
      vertex 50.6955 1.53073 2.4
      vertex 50.6955 1.53073 0
    endloop
  endfacet
  facet normal 0.88194 0.471361 -0
    outer loop
      vertex 50.3259 2.22227 0
      vertex 50.3259 2.22227 2.4
      vertex 50.6955 1.53073 2.4
    endloop
  endfacet
  facet normal 0.772977 0.634434 0
    outer loop
      vertex 49.8284 2.82841 0
      vertex 50.3259 2.22227 2.4
      vertex 50.3259 2.22227 0
    endloop
  endfacet
  facet normal 0.772977 0.634434 -0
    outer loop
      vertex 49.8284 2.82841 0
      vertex 49.8284 2.82841 2.4
      vertex 50.3259 2.22227 2.4
    endloop
  endfacet
  facet normal 0.634429 0.772981 0
    outer loop
      vertex 49.2223 3.32587 0
      vertex 49.8284 2.82841 2.4
      vertex 49.8284 2.82841 0
    endloop
  endfacet
  facet normal 0.634429 0.772981 -0
    outer loop
      vertex 49.2223 3.32587 0
      vertex 49.2223 3.32587 2.4
      vertex 49.8284 2.82841 2.4
    endloop
  endfacet
  facet normal 0.471369 0.881936 0
    outer loop
      vertex 48.5307 3.69551 0
      vertex 49.2223 3.32587 2.4
      vertex 49.2223 3.32587 0
    endloop
  endfacet
  facet normal 0.471369 0.881936 -0
    outer loop
      vertex 48.5307 3.69551 0
      vertex 48.5307 3.69551 2.4
      vertex 49.2223 3.32587 2.4
    endloop
  endfacet
  facet normal 0.290271 0.956944 0
    outer loop
      vertex 47.7803 3.92313 0
      vertex 48.5307 3.69551 2.4
      vertex 48.5307 3.69551 0
    endloop
  endfacet
  facet normal 0.290271 0.956944 -0
    outer loop
      vertex 47.7803 3.92313 0
      vertex 47.7803 3.92313 2.4
      vertex 48.5307 3.69551 2.4
    endloop
  endfacet
  facet normal 0.0980388 0.995183 0
    outer loop
      vertex 47 4 0
      vertex 47.7803 3.92313 2.4
      vertex 47.7803 3.92313 0
    endloop
  endfacet
  facet normal 0.0980388 0.995183 -0
    outer loop
      vertex 47 4 0
      vertex 47 4 2.4
      vertex 47.7803 3.92313 2.4
    endloop
  endfacet
  facet normal -0.0980388 0.995183 0
    outer loop
      vertex 46.2197 3.92313 0
      vertex 47 4 2.4
      vertex 47 4 0
    endloop
  endfacet
  facet normal -0.0980388 0.995183 0
    outer loop
      vertex 46.2197 3.92313 0
      vertex 46.2197 3.92313 2.4
      vertex 47 4 2.4
    endloop
  endfacet
  facet normal -0.290271 0.956944 0
    outer loop
      vertex 45.4693 3.69551 0
      vertex 46.2197 3.92313 2.4
      vertex 46.2197 3.92313 0
    endloop
  endfacet
  facet normal -0.290271 0.956944 0
    outer loop
      vertex 45.4693 3.69551 0
      vertex 45.4693 3.69551 2.4
      vertex 46.2197 3.92313 2.4
    endloop
  endfacet
  facet normal -0.471369 0.881936 0
    outer loop
      vertex 44.7777 3.32587 0
      vertex 45.4693 3.69551 2.4
      vertex 45.4693 3.69551 0
    endloop
  endfacet
  facet normal -0.471369 0.881936 0
    outer loop
      vertex 44.7777 3.32587 0
      vertex 44.7777 3.32587 2.4
      vertex 45.4693 3.69551 2.4
    endloop
  endfacet
  facet normal -0.634429 0.772981 0
    outer loop
      vertex 44.1716 2.82841 0
      vertex 44.7777 3.32587 2.4
      vertex 44.7777 3.32587 0
    endloop
  endfacet
  facet normal -0.634429 0.772981 0
    outer loop
      vertex 44.1716 2.82841 0
      vertex 44.1716 2.82841 2.4
      vertex 44.7777 3.32587 2.4
    endloop
  endfacet
  facet normal -0.772977 0.634434 0
    outer loop
      vertex 43.6741 2.22227 0
      vertex 44.1716 2.82841 2.4
      vertex 44.1716 2.82841 0
    endloop
  endfacet
  facet normal -0.772977 0.634434 0
    outer loop
      vertex 43.6741 2.22227 0
      vertex 43.6741 2.22227 2.4
      vertex 44.1716 2.82841 2.4
    endloop
  endfacet
  facet normal -0.88194 0.471361 0
    outer loop
      vertex 43.3045 1.53073 0
      vertex 43.6741 2.22227 2.4
      vertex 43.6741 2.22227 0
    endloop
  endfacet
  facet normal -0.88194 0.471361 0
    outer loop
      vertex 43.3045 1.53073 0
      vertex 43.3045 1.53073 2.4
      vertex 43.6741 2.22227 2.4
    endloop
  endfacet
  facet normal -0.956961 0.290216 0
    outer loop
      vertex 43.2042 1.2 0
      vertex 43.3045 1.53073 2.4
      vertex 43.3045 1.53073 0
    endloop
  endfacet
  facet normal -0.956961 0.290216 0
    outer loop
      vertex 43.2042 1.2 0
      vertex 43.2042 1.2 2.4
      vertex 43.3045 1.53073 2.4
    endloop
  endfacet
  facet normal 0 1 0
    outer loop
      vertex 38.0755 1.2 0
      vertex 43.2042 1.2 2.4
      vertex 43.2042 1.2 0
    endloop
  endfacet
  facet normal 0 1 0
    outer loop
      vertex 38.0755 1.2 0
      vertex 38.0755 1.2 2.4
      vertex 43.2042 1.2 2.4
    endloop
  endfacet
  facet normal 0.866023 -0.500003 0
    outer loop
      vertex 41.9978 7.99356 0
      vertex 38.0755 1.2 2.4
      vertex 38.0755 1.2 0
    endloop
  endfacet
  facet normal 0.866023 -0.500003 0
    outer loop
      vertex 41.9978 7.99356 0
      vertex 41.9978 7.99356 2.4
      vertex 38.0755 1.2 2.4
    endloop
  endfacet
  facet normal 0.88208 -0.4711 0
    outer loop
      vertex 42.1086 8.20102 0
      vertex 41.9978 7.99356 2.4
      vertex 41.9978 7.99356 0
    endloop
  endfacet
  facet normal 0.88208 -0.4711 0
    outer loop
      vertex 42.1086 8.20102 0
      vertex 42.1086 8.20102 2.4
      vertex 41.9978 7.99356 2.4
    endloop
  endfacet
  facet normal 0.956924 -0.290338 0
    outer loop
      vertex 42.1769 8.42613 0
      vertex 42.1086 8.20102 2.4
      vertex 42.1086 8.20102 0
    endloop
  endfacet
  facet normal 0.956924 -0.290338 0
    outer loop
      vertex 42.1769 8.42613 0
      vertex 42.1769 8.42613 2.4
      vertex 42.1086 8.20102 2.4
    endloop
  endfacet
  facet normal 0.995168 -0.0981906 0
    outer loop
      vertex 42.2 8.66025 0
      vertex 42.1769 8.42613 2.4
      vertex 42.1769 8.42613 0
    endloop
  endfacet
  facet normal 0.995168 -0.0981906 0
    outer loop
      vertex 42.2 8.66025 0
      vertex 42.2 8.66025 2.4
      vertex 42.1769 8.42613 2.4
    endloop
  endfacet
  facet normal 0.995167 0.0981989 0
    outer loop
      vertex 42.1769 8.89435 0
      vertex 42.2 8.66025 2.4
      vertex 42.2 8.66025 0
    endloop
  endfacet
  facet normal 0.995167 0.0981989 -0
    outer loop
      vertex 42.1769 8.89435 0
      vertex 42.1769 8.89435 2.4
      vertex 42.2 8.66025 2.4
    endloop
  endfacet
  facet normal 0.956924 0.290338 0
    outer loop
      vertex 42.1086 9.11946 0
      vertex 42.1769 8.89435 2.4
      vertex 42.1769 8.89435 0
    endloop
  endfacet
  facet normal 0.956924 0.290338 -0
    outer loop
      vertex 42.1086 9.11946 0
      vertex 42.1086 9.11946 2.4
      vertex 42.1769 8.89435 2.4
    endloop
  endfacet
  facet normal 0.882089 0.471082 0
    outer loop
      vertex 41.9978 9.32693 0
      vertex 42.1086 9.11946 2.4
      vertex 42.1086 9.11946 0
    endloop
  endfacet
  facet normal 0.882089 0.471082 -0
    outer loop
      vertex 41.9978 9.32693 0
      vertex 41.9978 9.32693 2.4
      vertex 42.1086 9.11946 2.4
    endloop
  endfacet
  facet normal 0.772869 0.634565 0
    outer loop
      vertex 41.8485 9.50877 0
      vertex 41.9978 9.32693 2.4
      vertex 41.9978 9.32693 0
    endloop
  endfacet
  facet normal 0.772869 0.634565 -0
    outer loop
      vertex 41.8485 9.50877 0
      vertex 41.8485 9.50877 2.4
      vertex 41.9978 9.32693 2.4
    endloop
  endfacet
  facet normal 0.634471 0.772947 0
    outer loop
      vertex 41.6667 9.658 0
      vertex 41.8485 9.50877 2.4
      vertex 41.8485 9.50877 0
    endloop
  endfacet
  facet normal 0.634471 0.772947 -0
    outer loop
      vertex 41.6667 9.658 0
      vertex 41.6667 9.658 2.4
      vertex 41.8485 9.50877 2.4
    endloop
  endfacet
  facet normal 0.471393 0.881923 0
    outer loop
      vertex 41.4592 9.76891 0
      vertex 41.6667 9.658 2.4
      vertex 41.6667 9.658 0
    endloop
  endfacet
  facet normal 0.471393 0.881923 -0
    outer loop
      vertex 41.4592 9.76891 0
      vertex 41.4592 9.76891 2.4
      vertex 41.6667 9.658 2.4
    endloop
  endfacet
  facet normal 0.290272 0.956944 0
    outer loop
      vertex 41.2341 9.83719 0
      vertex 41.4592 9.76891 2.4
      vertex 41.4592 9.76891 0
    endloop
  endfacet
  facet normal 0.290272 0.956944 -0
    outer loop
      vertex 41.2341 9.83719 0
      vertex 41.2341 9.83719 2.4
      vertex 41.4592 9.76891 2.4
    endloop
  endfacet
  facet normal 0.0979884 0.995188 0
    outer loop
      vertex 41 9.86024 0
      vertex 41.2341 9.83719 2.4
      vertex 41.2341 9.83719 0
    endloop
  endfacet
  facet normal 0.0979884 0.995188 -0
    outer loop
      vertex 41 9.86024 0
      vertex 41 9.86024 2.4
      vertex 41.2341 9.83719 2.4
    endloop
  endfacet
  facet normal -0.0979884 0.995188 0
    outer loop
      vertex 40.7659 9.83719 0
      vertex 41 9.86024 2.4
      vertex 41 9.86024 0
    endloop
  endfacet
  facet normal -0.0979884 0.995188 0
    outer loop
      vertex 40.7659 9.83719 0
      vertex 40.7659 9.83719 2.4
      vertex 41 9.86024 2.4
    endloop
  endfacet
  facet normal -0.290272 0.956944 0
    outer loop
      vertex 40.5408 9.76891 0
      vertex 40.7659 9.83719 2.4
      vertex 40.7659 9.83719 0
    endloop
  endfacet
  facet normal -0.290272 0.956944 0
    outer loop
      vertex 40.5408 9.76891 0
      vertex 40.5408 9.76891 2.4
      vertex 40.7659 9.83719 2.4
    endloop
  endfacet
  facet normal -0.471393 0.881923 0
    outer loop
      vertex 40.3333 9.658 0
      vertex 40.5408 9.76891 2.4
      vertex 40.5408 9.76891 0
    endloop
  endfacet
  facet normal -0.471393 0.881923 0
    outer loop
      vertex 40.3333 9.658 0
      vertex 40.3333 9.658 2.4
      vertex 40.5408 9.76891 2.4
    endloop
  endfacet
  facet normal -0.634471 0.772947 0
    outer loop
      vertex 40.1515 9.50877 0
      vertex 40.3333 9.658 2.4
      vertex 40.3333 9.658 0
    endloop
  endfacet
  facet normal -0.634471 0.772947 0
    outer loop
      vertex 40.1515 9.50877 0
      vertex 40.1515 9.50877 2.4
      vertex 40.3333 9.658 2.4
    endloop
  endfacet
  facet normal -0.772869 0.634565 0
    outer loop
      vertex 40.0022 9.32693 0
      vertex 40.1515 9.50877 2.4
      vertex 40.1515 9.50877 0
    endloop
  endfacet
  facet normal -0.772869 0.634565 0
    outer loop
      vertex 40.0022 9.32693 0
      vertex 40.0022 9.32693 2.4
      vertex 40.1515 9.50877 2.4
    endloop
  endfacet
  facet normal -0.866029 0.499993 0
    outer loop
      vertex 35.3102 1.2 0
      vertex 40.0022 9.32693 2.4
      vertex 40.0022 9.32693 0
    endloop
  endfacet
  facet normal -0.866029 0.499993 0
    outer loop
      vertex 35.3102 1.2 0
      vertex 35.3102 1.2 2.4
      vertex 40.0022 9.32693 2.4
    endloop
  endfacet
  facet normal 0 1 0
    outer loop
      vertex 26.8255 1.2 0
      vertex 35.3102 1.2 2.4
      vertex 35.3102 1.2 0
    endloop
  endfacet
  facet normal 0 1 0
    outer loop
      vertex 26.8255 1.2 0
      vertex 26.8255 1.2 2.4
      vertex 35.3102 1.2 2.4
    endloop
  endfacet
  facet normal 0.866024 -0.500002 0
    outer loop
      vertex 33.7478 13.1897 0
      vertex 26.8255 1.2 2.4
      vertex 26.8255 1.2 0
    endloop
  endfacet
  facet normal 0.866024 -0.500002 0
    outer loop
      vertex 33.7478 13.1897 0
      vertex 33.7478 13.1897 2.4
      vertex 26.8255 1.2 2.4
    endloop
  endfacet
  facet normal 0.882117 -0.471029 0
    outer loop
      vertex 33.8586 13.3972 0
      vertex 33.7478 13.1897 2.4
      vertex 33.7478 13.1897 0
    endloop
  endfacet
  facet normal 0.882117 -0.471029 0
    outer loop
      vertex 33.8586 13.3972 0
      vertex 33.8586 13.3972 2.4
      vertex 33.7478 13.1897 2.4
    endloop
  endfacet
  facet normal 0.956921 -0.29035 0
    outer loop
      vertex 33.9269 13.6223 0
      vertex 33.8586 13.3972 2.4
      vertex 33.8586 13.3972 0
    endloop
  endfacet
  facet normal 0.956921 -0.29035 0
    outer loop
      vertex 33.9269 13.6223 0
      vertex 33.9269 13.6223 2.4
      vertex 33.8586 13.3972 2.4
    endloop
  endfacet
  facet normal 0.995167 -0.0981989 0
    outer loop
      vertex 33.95 13.8564 0
      vertex 33.9269 13.6223 2.4
      vertex 33.9269 13.6223 0
    endloop
  endfacet
  facet normal 0.995167 -0.0981989 0
    outer loop
      vertex 33.95 13.8564 0
      vertex 33.95 13.8564 2.4
      vertex 33.9269 13.6223 2.4
    endloop
  endfacet
  facet normal 0.995167 0.0981989 0
    outer loop
      vertex 33.9269 14.0905 0
      vertex 33.95 13.8564 2.4
      vertex 33.95 13.8564 0
    endloop
  endfacet
  facet normal 0.995167 0.0981989 -0
    outer loop
      vertex 33.9269 14.0905 0
      vertex 33.9269 14.0905 2.4
      vertex 33.95 13.8564 2.4
    endloop
  endfacet
  facet normal 0.956921 0.29035 0
    outer loop
      vertex 33.8586 14.3156 0
      vertex 33.9269 14.0905 2.4
      vertex 33.9269 14.0905 0
    endloop
  endfacet
  facet normal 0.956921 0.29035 -0
    outer loop
      vertex 33.8586 14.3156 0
      vertex 33.8586 14.3156 2.4
      vertex 33.9269 14.0905 2.4
    endloop
  endfacet
  facet normal 0.882117 0.471029 0
    outer loop
      vertex 33.7478 14.5231 0
      vertex 33.8586 14.3156 2.4
      vertex 33.8586 14.3156 0
    endloop
  endfacet
  facet normal 0.882117 0.471029 -0
    outer loop
      vertex 33.7478 14.5231 0
      vertex 33.7478 14.5231 2.4
      vertex 33.8586 14.3156 2.4
    endloop
  endfacet
  facet normal 0.772801 0.634649 0
    outer loop
      vertex 33.5985 14.7049 0
      vertex 33.7478 14.5231 2.4
      vertex 33.7478 14.5231 0
    endloop
  endfacet
  facet normal 0.772801 0.634649 -0
    outer loop
      vertex 33.5985 14.7049 0
      vertex 33.5985 14.7049 2.4
      vertex 33.7478 14.5231 2.4
    endloop
  endfacet
  facet normal 0.634649 0.772801 0
    outer loop
      vertex 33.4167 14.8542 0
      vertex 33.5985 14.7049 2.4
      vertex 33.5985 14.7049 0
    endloop
  endfacet
  facet normal 0.634649 0.772801 -0
    outer loop
      vertex 33.4167 14.8542 0
      vertex 33.4167 14.8542 2.4
      vertex 33.5985 14.7049 2.4
    endloop
  endfacet
  facet normal 0.47136 0.881941 0
    outer loop
      vertex 33.2092 14.9651 0
      vertex 33.4167 14.8542 2.4
      vertex 33.4167 14.8542 0
    endloop
  endfacet
  facet normal 0.47136 0.881941 -0
    outer loop
      vertex 33.2092 14.9651 0
      vertex 33.2092 14.9651 2.4
      vertex 33.4167 14.8542 2.4
    endloop
  endfacet
  facet normal 0.28996 0.957039 0
    outer loop
      vertex 32.9841 15.0333 0
      vertex 33.2092 14.9651 2.4
      vertex 33.2092 14.9651 0
    endloop
  endfacet
  facet normal 0.28996 0.957039 -0
    outer loop
      vertex 32.9841 15.0333 0
      vertex 32.9841 15.0333 2.4
      vertex 33.2092 14.9651 2.4
    endloop
  endfacet
  facet normal 0.0981989 0.995167 0
    outer loop
      vertex 32.75 15.0564 0
      vertex 32.9841 15.0333 2.4
      vertex 32.9841 15.0333 0
    endloop
  endfacet
  facet normal 0.0981989 0.995167 -0
    outer loop
      vertex 32.75 15.0564 0
      vertex 32.75 15.0564 2.4
      vertex 32.9841 15.0333 2.4
    endloop
  endfacet
  facet normal -0.0981989 0.995167 0
    outer loop
      vertex 32.5159 15.0333 0
      vertex 32.75 15.0564 2.4
      vertex 32.75 15.0564 0
    endloop
  endfacet
  facet normal -0.0981989 0.995167 0
    outer loop
      vertex 32.5159 15.0333 0
      vertex 32.5159 15.0333 2.4
      vertex 32.75 15.0564 2.4
    endloop
  endfacet
  facet normal -0.28996 0.957039 0
    outer loop
      vertex 32.2908 14.9651 0
      vertex 32.5159 15.0333 2.4
      vertex 32.5159 15.0333 0
    endloop
  endfacet
  facet normal -0.28996 0.957039 0
    outer loop
      vertex 32.2908 14.9651 0
      vertex 32.2908 14.9651 2.4
      vertex 32.5159 15.0333 2.4
    endloop
  endfacet
  facet normal -0.47136 0.881941 0
    outer loop
      vertex 32.0833 14.8542 0
      vertex 32.2908 14.9651 2.4
      vertex 32.2908 14.9651 0
    endloop
  endfacet
  facet normal -0.47136 0.881941 0
    outer loop
      vertex 32.0833 14.8542 0
      vertex 32.0833 14.8542 2.4
      vertex 32.2908 14.9651 2.4
    endloop
  endfacet
  facet normal -0.634649 0.772801 0
    outer loop
      vertex 31.9015 14.7049 0
      vertex 32.0833 14.8542 2.4
      vertex 32.0833 14.8542 0
    endloop
  endfacet
  facet normal -0.634649 0.772801 0
    outer loop
      vertex 31.9015 14.7049 0
      vertex 31.9015 14.7049 2.4
      vertex 32.0833 14.8542 2.4
    endloop
  endfacet
  facet normal -0.772801 0.634649 0
    outer loop
      vertex 31.7522 14.5231 0
      vertex 31.9015 14.7049 2.4
      vertex 31.9015 14.7049 0
    endloop
  endfacet
  facet normal -0.772801 0.634649 0
    outer loop
      vertex 31.7522 14.5231 0
      vertex 31.7522 14.5231 2.4
      vertex 31.9015 14.7049 2.4
    endloop
  endfacet
  facet normal -0.866028 0.499995 0
    outer loop
      vertex 24.0602 1.2 0
      vertex 31.7522 14.5231 2.4
      vertex 31.7522 14.5231 0
    endloop
  endfacet
  facet normal -0.866028 0.499995 0
    outer loop
      vertex 24.0602 1.2 0
      vertex 24.0602 1.2 2.4
      vertex 31.7522 14.5231 2.4
    endloop
  endfacet
  facet normal 0 1 0
    outer loop
      vertex 15.5755 1.2 0
      vertex 24.0602 1.2 2.4
      vertex 24.0602 1.2 0
    endloop
  endfacet
  facet normal 0 1 0
    outer loop
      vertex 15.5755 1.2 0
      vertex 15.5755 1.2 2.4
      vertex 24.0602 1.2 2.4
    endloop
  endfacet
  facet normal 0.866024 -0.500002 0
    outer loop
      vertex 20.4978 9.72562 0
      vertex 15.5755 1.2 2.4
      vertex 15.5755 1.2 0
    endloop
  endfacet
  facet normal 0.866024 -0.500002 0
    outer loop
      vertex 20.4978 9.72562 0
      vertex 20.4978 9.72562 2.4
      vertex 15.5755 1.2 2.4
    endloop
  endfacet
  facet normal 0.88207 -0.471118 0
    outer loop
      vertex 20.6086 9.93307 0
      vertex 20.4978 9.72562 2.4
      vertex 20.4978 9.72562 0
    endloop
  endfacet
  facet normal 0.88207 -0.471118 0
    outer loop
      vertex 20.6086 9.93307 0
      vertex 20.6086 9.93307 2.4
      vertex 20.4978 9.72562 2.4
    endloop
  endfacet
  facet normal 0.956931 -0.290314 0
    outer loop
      vertex 20.6769 10.1582 0
      vertex 20.6086 9.93307 2.4
      vertex 20.6086 9.93307 0
    endloop
  endfacet
  facet normal 0.956931 -0.290314 0
    outer loop
      vertex 20.6769 10.1582 0
      vertex 20.6769 10.1582 2.4
      vertex 20.6086 9.93307 2.4
    endloop
  endfacet
  facet normal 0.995167 -0.0981989 0
    outer loop
      vertex 20.7 10.3923 0
      vertex 20.6769 10.1582 2.4
      vertex 20.6769 10.1582 0
    endloop
  endfacet
  facet normal 0.995167 -0.0981989 0
    outer loop
      vertex 20.7 10.3923 0
      vertex 20.7 10.3923 2.4
      vertex 20.6769 10.1582 2.4
    endloop
  endfacet
  facet normal 0.995167 0.0981989 0
    outer loop
      vertex 20.6769 10.6264 0
      vertex 20.7 10.3923 2.4
      vertex 20.7 10.3923 0
    endloop
  endfacet
  facet normal 0.995167 0.0981989 -0
    outer loop
      vertex 20.6769 10.6264 0
      vertex 20.6769 10.6264 2.4
      vertex 20.7 10.3923 2.4
    endloop
  endfacet
  facet normal 0.956921 0.29035 0
    outer loop
      vertex 20.6086 10.8515 0
      vertex 20.6769 10.6264 2.4
      vertex 20.6769 10.6264 0
    endloop
  endfacet
  facet normal 0.956921 0.29035 -0
    outer loop
      vertex 20.6086 10.8515 0
      vertex 20.6086 10.8515 2.4
      vertex 20.6769 10.6264 2.4
    endloop
  endfacet
  facet normal 0.882117 0.471029 0
    outer loop
      vertex 20.4978 11.059 0
      vertex 20.6086 10.8515 2.4
      vertex 20.6086 10.8515 0
    endloop
  endfacet
  facet normal 0.882117 0.471029 -0
    outer loop
      vertex 20.4978 11.059 0
      vertex 20.4978 11.059 2.4
      vertex 20.6086 10.8515 2.4
    endloop
  endfacet
  facet normal 0.772801 0.634649 0
    outer loop
      vertex 20.3485 11.2408 0
      vertex 20.4978 11.059 2.4
      vertex 20.4978 11.059 0
    endloop
  endfacet
  facet normal 0.772801 0.634649 -0
    outer loop
      vertex 20.3485 11.2408 0
      vertex 20.3485 11.2408 2.4
      vertex 20.4978 11.059 2.4
    endloop
  endfacet
  facet normal 0.634649 0.772801 0
    outer loop
      vertex 20.1667 11.3901 0
      vertex 20.3485 11.2408 2.4
      vertex 20.3485 11.2408 0
    endloop
  endfacet
  facet normal 0.634649 0.772801 -0
    outer loop
      vertex 20.1667 11.3901 0
      vertex 20.1667 11.3901 2.4
      vertex 20.3485 11.2408 2.4
    endloop
  endfacet
  facet normal 0.471029 0.882117 0
    outer loop
      vertex 19.9592 11.5009 0
      vertex 20.1667 11.3901 2.4
      vertex 20.1667 11.3901 0
    endloop
  endfacet
  facet normal 0.471029 0.882117 -0
    outer loop
      vertex 19.9592 11.5009 0
      vertex 19.9592 11.5009 2.4
      vertex 20.1667 11.3901 2.4
    endloop
  endfacet
  facet normal 0.292504 0.956264 0
    outer loop
      vertex 19.9337 11.5087 0
      vertex 19.9592 11.5009 2.4
      vertex 19.9592 11.5009 0
    endloop
  endfacet
  facet normal 0.292504 0.956264 -0
    outer loop
      vertex 19.9337 11.5087 0
      vertex 19.9337 11.5087 2.4
      vertex 19.9592 11.5009 2.4
    endloop
  endfacet
  facet normal 0.974391 -0.22486 0
    outer loop
      vertex 19.9397 11.5347 0
      vertex 19.9337 11.5087 2.4
      vertex 19.9337 11.5087 0
    endloop
  endfacet
  facet normal 0.974391 -0.22486 0
    outer loop
      vertex 19.9397 11.5347 0
      vertex 19.9397 11.5347 2.4
      vertex 19.9337 11.5087 2.4
    endloop
  endfacet
  facet normal 0.999464 -0.0327345 0
    outer loop
      vertex 19.9474 11.7698 0
      vertex 19.9397 11.5347 2.4
      vertex 19.9397 11.5347 0
    endloop
  endfacet
  facet normal 0.999464 -0.0327345 0
    outer loop
      vertex 19.9474 11.7698 0
      vertex 19.9474 11.7698 2.4
      vertex 19.9397 11.5347 2.4
    endloop
  endfacet
  facet normal 0.986657 0.162813 0
    outer loop
      vertex 19.9091 12.0019 0
      vertex 19.9474 11.7698 2.4
      vertex 19.9474 11.7698 0
    endloop
  endfacet
  facet normal 0.986657 0.162813 -0
    outer loop
      vertex 19.9091 12.0019 0
      vertex 19.9091 12.0019 2.4
      vertex 19.9474 11.7698 2.4
    endloop
  endfacet
  facet normal 0.935874 0.352334 0
    outer loop
      vertex 19.8262 12.2221 0
      vertex 19.9091 12.0019 2.4
      vertex 19.9091 12.0019 0
    endloop
  endfacet
  facet normal 0.935874 0.352334 -0
    outer loop
      vertex 19.8262 12.2221 0
      vertex 19.8262 12.2221 2.4
      vertex 19.9091 12.0019 2.4
    endloop
  endfacet
  facet normal 0.849167 0.528125 0
    outer loop
      vertex 19.702 12.4218 0
      vertex 19.8262 12.2221 2.4
      vertex 19.8262 12.2221 0
    endloop
  endfacet
  facet normal 0.849167 0.528125 -0
    outer loop
      vertex 19.702 12.4218 0
      vertex 19.702 12.4218 2.4
      vertex 19.8262 12.2221 2.4
    endloop
  endfacet
  facet normal 0.730094 0.683347 0
    outer loop
      vertex 19.5412 12.5936 0
      vertex 19.702 12.4218 2.4
      vertex 19.702 12.4218 0
    endloop
  endfacet
  facet normal 0.730094 0.683347 -0
    outer loop
      vertex 19.5412 12.5936 0
      vertex 19.5412 12.5936 2.4
      vertex 19.702 12.4218 2.4
    endloop
  endfacet
  facet normal 0.582444 0.812871 0
    outer loop
      vertex 19.35 12.7306 0
      vertex 19.5412 12.5936 2.4
      vertex 19.5412 12.5936 0
    endloop
  endfacet
  facet normal 0.582444 0.812871 -0
    outer loop
      vertex 19.35 12.7306 0
      vertex 19.35 12.7306 2.4
      vertex 19.5412 12.5936 2.4
    endloop
  endfacet
  facet normal 0.412714 0.910861 0
    outer loop
      vertex 19.1357 12.8277 0
      vertex 19.35 12.7306 2.4
      vertex 19.35 12.7306 0
    endloop
  endfacet
  facet normal 0.412714 0.910861 -0
    outer loop
      vertex 19.1357 12.8277 0
      vertex 19.1357 12.8277 2.4
      vertex 19.35 12.7306 2.4
    endloop
  endfacet
  facet normal 0.227001 0.973894 0
    outer loop
      vertex 18.9066 12.8811 0
      vertex 19.1357 12.8277 2.4
      vertex 19.1357 12.8277 0
    endloop
  endfacet
  facet normal 0.227001 0.973894 -0
    outer loop
      vertex 18.9066 12.8811 0
      vertex 18.9066 12.8811 2.4
      vertex 19.1357 12.8277 2.4
    endloop
  endfacet
  facet normal 0.0327345 0.999464 0
    outer loop
      vertex 18.6715 12.8888 0
      vertex 18.9066 12.8811 2.4
      vertex 18.9066 12.8811 0
    endloop
  endfacet
  facet normal 0.0327345 0.999464 -0
    outer loop
      vertex 18.6715 12.8888 0
      vertex 18.6715 12.8888 2.4
      vertex 18.9066 12.8811 2.4
    endloop
  endfacet
  facet normal 0 1 0
    outer loop
      vertex 8.82697 12.8888 0
      vertex 18.6715 12.8888 2.4
      vertex 18.6715 12.8888 0
    endloop
  endfacet
  facet normal 0 1 0
    outer loop
      vertex 8.82697 12.8888 0
      vertex 8.82697 12.8888 2.4
      vertex 18.6715 12.8888 2.4
    endloop
  endfacet
  facet normal 0.866024 -0.500002 0
    outer loop
      vertex 13.0693 20.2367 0
      vertex 8.82697 12.8888 2.4
      vertex 8.82697 12.8888 0
    endloop
  endfacet
  facet normal 0.866024 -0.500002 0
    outer loop
      vertex 13.0693 20.2367 0
      vertex 13.0693 20.2367 2.4
      vertex 8.82697 12.8888 2.4
    endloop
  endfacet
  facet normal 0 -1 0
    outer loop
      vertex 28.4535 20.2367 0
      vertex 13.0693 20.2367 2.4
      vertex 13.0693 20.2367 0
    endloop
  endfacet
  facet normal 0 -1 0
    outer loop
      vertex 28.4535 20.2367 0
      vertex 28.4535 20.2367 2.4
      vertex 13.0693 20.2367 2.4
    endloop
  endfacet
  facet normal 0.162813 -0.986657 0
    outer loop
      vertex 28.6856 20.275 0
      vertex 28.4535 20.2367 2.4
      vertex 28.4535 20.2367 0
    endloop
  endfacet
  facet normal 0.162813 -0.986657 0
    outer loop
      vertex 28.6856 20.275 0
      vertex 28.6856 20.275 2.4
      vertex 28.4535 20.2367 2.4
    endloop
  endfacet
  facet normal 0.352474 -0.935821 0
    outer loop
      vertex 28.9057 20.3579 0
      vertex 28.6856 20.275 2.4
      vertex 28.6856 20.275 0
    endloop
  endfacet
  facet normal 0.352474 -0.935821 0
    outer loop
      vertex 28.9057 20.3579 0
      vertex 28.9057 20.3579 2.4
      vertex 28.6856 20.275 2.4
    endloop
  endfacet
  facet normal 0.527934 -0.849285 0
    outer loop
      vertex 29.1055 20.4821 0
      vertex 28.9057 20.3579 2.4
      vertex 28.9057 20.3579 0
    endloop
  endfacet
  facet normal 0.527934 -0.849285 0
    outer loop
      vertex 29.1055 20.4821 0
      vertex 29.1055 20.4821 2.4
      vertex 28.9057 20.3579 2.4
    endloop
  endfacet
  facet normal 0.683559 -0.729895 0
    outer loop
      vertex 29.2772 20.6429 0
      vertex 29.1055 20.4821 2.4
      vertex 29.1055 20.4821 0
    endloop
  endfacet
  facet normal 0.683559 -0.729895 0
    outer loop
      vertex 29.2772 20.6429 0
      vertex 29.2772 20.6429 2.4
      vertex 29.1055 20.4821 2.4
    endloop
  endfacet
  facet normal 0.812871 -0.582444 0
    outer loop
      vertex 29.4142 20.8341 0
      vertex 29.2772 20.6429 2.4
      vertex 29.2772 20.6429 0
    endloop
  endfacet
  facet normal 0.812871 -0.582444 0
    outer loop
      vertex 29.4142 20.8341 0
      vertex 29.4142 20.8341 2.4
      vertex 29.2772 20.6429 2.4
    endloop
  endfacet
  facet normal 0.910861 -0.412714 0
    outer loop
      vertex 29.5113 21.0484 0
      vertex 29.4142 20.8341 2.4
      vertex 29.4142 20.8341 0
    endloop
  endfacet
  facet normal 0.910861 -0.412714 0
    outer loop
      vertex 29.5113 21.0484 0
      vertex 29.5113 21.0484 2.4
      vertex 29.4142 20.8341 2.4
    endloop
  endfacet
  facet normal 0.973894 -0.227001 0
    outer loop
      vertex 29.5647 21.2775 0
      vertex 29.5113 21.0484 2.4
      vertex 29.5113 21.0484 0
    endloop
  endfacet
  facet normal 0.973894 -0.227001 0
    outer loop
      vertex 29.5647 21.2775 0
      vertex 29.5647 21.2775 2.4
      vertex 29.5113 21.0484 2.4
    endloop
  endfacet
  facet normal 0.999464 -0.0327345 0
    outer loop
      vertex 29.5724 21.5126 0
      vertex 29.5647 21.2775 2.4
      vertex 29.5647 21.2775 0
    endloop
  endfacet
  facet normal 0.999464 -0.0327345 0
    outer loop
      vertex 29.5724 21.5126 0
      vertex 29.5724 21.5126 2.4
      vertex 29.5647 21.2775 2.4
    endloop
  endfacet
  facet normal 0.986657 0.162813 0
    outer loop
      vertex 29.5341 21.7447 0
      vertex 29.5724 21.5126 2.4
      vertex 29.5724 21.5126 0
    endloop
  endfacet
  facet normal 0.986657 0.162813 -0
    outer loop
      vertex 29.5341 21.7447 0
      vertex 29.5341 21.7447 2.4
      vertex 29.5724 21.5126 2.4
    endloop
  endfacet
  facet normal 0.935874 0.352334 0
    outer loop
      vertex 29.4512 21.9649 0
      vertex 29.5341 21.7447 2.4
      vertex 29.5341 21.7447 0
    endloop
  endfacet
  facet normal 0.935874 0.352334 -0
    outer loop
      vertex 29.4512 21.9649 0
      vertex 29.4512 21.9649 2.4
      vertex 29.5341 21.7447 2.4
    endloop
  endfacet
  facet normal 0.849167 0.528125 0
    outer loop
      vertex 29.327 22.1646 0
      vertex 29.4512 21.9649 2.4
      vertex 29.4512 21.9649 0
    endloop
  endfacet
  facet normal 0.849167 0.528125 -0
    outer loop
      vertex 29.327 22.1646 0
      vertex 29.327 22.1646 2.4
      vertex 29.4512 21.9649 2.4
    endloop
  endfacet
  facet normal 0.729895 0.683559 0
    outer loop
      vertex 29.1662 22.3363 0
      vertex 29.327 22.1646 2.4
      vertex 29.327 22.1646 0
    endloop
  endfacet
  facet normal 0.729895 0.683559 -0
    outer loop
      vertex 29.1662 22.3363 0
      vertex 29.1662 22.3363 2.4
      vertex 29.327 22.1646 2.4
    endloop
  endfacet
  facet normal 0.582725 0.81267 0
    outer loop
      vertex 28.975 22.4734 0
      vertex 29.1662 22.3363 2.4
      vertex 29.1662 22.3363 0
    endloop
  endfacet
  facet normal 0.582725 0.81267 -0
    outer loop
      vertex 28.975 22.4734 0
      vertex 28.975 22.4734 2.4
      vertex 29.1662 22.3363 2.4
    endloop
  endfacet
  facet normal 0.412361 0.91102 0
    outer loop
      vertex 28.7607 22.5704 0
      vertex 28.975 22.4734 2.4
      vertex 28.975 22.4734 0
    endloop
  endfacet
  facet normal 0.412361 0.91102 -0
    outer loop
      vertex 28.7607 22.5704 0
      vertex 28.7607 22.5704 2.4
      vertex 28.975 22.4734 2.4
    endloop
  endfacet
  facet normal 0.227001 0.973894 0
    outer loop
      vertex 28.5316 22.6238 0
      vertex 28.7607 22.5704 2.4
      vertex 28.7607 22.5704 0
    endloop
  endfacet
  facet normal 0.227001 0.973894 -0
    outer loop
      vertex 28.5316 22.6238 0
      vertex 28.5316 22.6238 2.4
      vertex 28.7607 22.5704 2.4
    endloop
  endfacet
  facet normal 0.0327345 0.999464 0
    outer loop
      vertex 28.2965 22.6315 0
      vertex 28.5316 22.6238 2.4
      vertex 28.5316 22.6238 0
    endloop
  endfacet
  facet normal 0.0327345 0.999464 -0
    outer loop
      vertex 28.2965 22.6315 0
      vertex 28.2965 22.6315 2.4
      vertex 28.5316 22.6238 2.4
    endloop
  endfacet
  facet normal 0 1 0
    outer loop
      vertex 14.452 22.6315 0
      vertex 28.2965 22.6315 2.4
      vertex 28.2965 22.6315 0
    endloop
  endfacet
  facet normal 0 1 0
    outer loop
      vertex 14.452 22.6315 0
      vertex 14.452 22.6315 2.4
      vertex 28.2965 22.6315 2.4
    endloop
  endfacet
  facet normal 0.866029 -0.499994 0
    outer loop
      vertex 18.6943 29.9795 0
      vertex 14.452 22.6315 2.4
      vertex 14.452 22.6315 0
    endloop
  endfacet
  facet normal 0.866029 -0.499994 0
    outer loop
      vertex 18.6943 29.9795 0
      vertex 18.6943 29.9795 2.4
      vertex 14.452 22.6315 2.4
    endloop
  endfacet
  facet normal 0 -1 0
    outer loop
      vertex 28.0785 29.9795 0
      vertex 18.6943 29.9795 2.4
      vertex 18.6943 29.9795 0
    endloop
  endfacet
  facet normal 0 -1 0
    outer loop
      vertex 28.0785 29.9795 0
      vertex 28.0785 29.9795 2.4
      vertex 18.6943 29.9795 2.4
    endloop
  endfacet
  facet normal 0.162813 -0.986657 0
    outer loop
      vertex 28.3106 30.0178 0
      vertex 28.0785 29.9795 2.4
      vertex 28.0785 29.9795 0
    endloop
  endfacet
  facet normal 0.162813 -0.986657 0
    outer loop
      vertex 28.3106 30.0178 0
      vertex 28.3106 30.0178 2.4
      vertex 28.0785 29.9795 2.4
    endloop
  endfacet
  facet normal 0.352474 -0.935821 0
    outer loop
      vertex 28.5307 30.1007 0
      vertex 28.3106 30.0178 2.4
      vertex 28.3106 30.0178 0
    endloop
  endfacet
  facet normal 0.352474 -0.935821 0
    outer loop
      vertex 28.5307 30.1007 0
      vertex 28.5307 30.1007 2.4
      vertex 28.3106 30.0178 2.4
    endloop
  endfacet
  facet normal 0.527934 -0.849285 0
    outer loop
      vertex 28.7305 30.2249 0
      vertex 28.5307 30.1007 2.4
      vertex 28.5307 30.1007 0
    endloop
  endfacet
  facet normal 0.527934 -0.849285 0
    outer loop
      vertex 28.7305 30.2249 0
      vertex 28.7305 30.2249 2.4
      vertex 28.5307 30.1007 2.4
    endloop
  endfacet
  facet normal 0.683559 -0.729895 0
    outer loop
      vertex 28.9022 30.3857 0
      vertex 28.7305 30.2249 2.4
      vertex 28.7305 30.2249 0
    endloop
  endfacet
  facet normal 0.683559 -0.729895 0
    outer loop
      vertex 28.9022 30.3857 0
      vertex 28.9022 30.3857 2.4
      vertex 28.7305 30.2249 2.4
    endloop
  endfacet
  facet normal 0.812871 -0.582444 0
    outer loop
      vertex 29.0392 30.5769 0
      vertex 28.9022 30.3857 2.4
      vertex 28.9022 30.3857 0
    endloop
  endfacet
  facet normal 0.812871 -0.582444 0
    outer loop
      vertex 29.0392 30.5769 0
      vertex 29.0392 30.5769 2.4
      vertex 28.9022 30.3857 2.4
    endloop
  endfacet
  facet normal 0.910861 -0.412714 0
    outer loop
      vertex 29.1363 30.7912 0
      vertex 29.0392 30.5769 2.4
      vertex 29.0392 30.5769 0
    endloop
  endfacet
  facet normal 0.910861 -0.412714 0
    outer loop
      vertex 29.1363 30.7912 0
      vertex 29.1363 30.7912 2.4
      vertex 29.0392 30.5769 2.4
    endloop
  endfacet
  facet normal 0.973894 -0.227001 0
    outer loop
      vertex 29.1897 31.0203 0
      vertex 29.1363 30.7912 2.4
      vertex 29.1363 30.7912 0
    endloop
  endfacet
  facet normal 0.973894 -0.227001 0
    outer loop
      vertex 29.1897 31.0203 0
      vertex 29.1897 31.0203 2.4
      vertex 29.1363 30.7912 2.4
    endloop
  endfacet
  facet normal 0.999464 -0.0327345 0
    outer loop
      vertex 29.1974 31.2554 0
      vertex 29.1897 31.0203 2.4
      vertex 29.1897 31.0203 0
    endloop
  endfacet
  facet normal 0.999464 -0.0327345 0
    outer loop
      vertex 29.1974 31.2554 0
      vertex 29.1974 31.2554 2.4
      vertex 29.1897 31.0203 2.4
    endloop
  endfacet
  facet normal 0.986657 0.162813 0
    outer loop
      vertex 29.1591 31.4875 0
      vertex 29.1974 31.2554 2.4
      vertex 29.1974 31.2554 0
    endloop
  endfacet
  facet normal 0.986657 0.162813 -0
    outer loop
      vertex 29.1591 31.4875 0
      vertex 29.1591 31.4875 2.4
      vertex 29.1974 31.2554 2.4
    endloop
  endfacet
  facet normal 0.935874 0.352334 0
    outer loop
      vertex 29.0762 31.7077 0
      vertex 29.1591 31.4875 2.4
      vertex 29.1591 31.4875 0
    endloop
  endfacet
  facet normal 0.935874 0.352334 -0
    outer loop
      vertex 29.0762 31.7077 0
      vertex 29.0762 31.7077 2.4
      vertex 29.1591 31.4875 2.4
    endloop
  endfacet
  facet normal 0.849167 0.528125 0
    outer loop
      vertex 28.952 31.9074 0
      vertex 29.0762 31.7077 2.4
      vertex 29.0762 31.7077 0
    endloop
  endfacet
  facet normal 0.849167 0.528125 -0
    outer loop
      vertex 28.952 31.9074 0
      vertex 28.952 31.9074 2.4
      vertex 29.0762 31.7077 2.4
    endloop
  endfacet
  facet normal 0.729895 0.683559 0
    outer loop
      vertex 28.7912 32.0791 0
      vertex 28.952 31.9074 2.4
      vertex 28.952 31.9074 0
    endloop
  endfacet
  facet normal 0.729895 0.683559 -0
    outer loop
      vertex 28.7912 32.0791 0
      vertex 28.7912 32.0791 2.4
      vertex 28.952 31.9074 2.4
    endloop
  endfacet
  facet normal 0.582444 0.812871 0
    outer loop
      vertex 28.6 32.2161 0
      vertex 28.7912 32.0791 2.4
      vertex 28.7912 32.0791 0
    endloop
  endfacet
  facet normal 0.582444 0.812871 -0
    outer loop
      vertex 28.6 32.2161 0
      vertex 28.6 32.2161 2.4
      vertex 28.7912 32.0791 2.4
    endloop
  endfacet
  facet normal 0.412714 0.910861 0
    outer loop
      vertex 28.3857 32.3132 0
      vertex 28.6 32.2161 2.4
      vertex 28.6 32.2161 0
    endloop
  endfacet
  facet normal 0.412714 0.910861 -0
    outer loop
      vertex 28.3857 32.3132 0
      vertex 28.3857 32.3132 2.4
      vertex 28.6 32.2161 2.4
    endloop
  endfacet
  facet normal 0.227001 0.973894 0
    outer loop
      vertex 28.1566 32.3666 0
      vertex 28.3857 32.3132 2.4
      vertex 28.3857 32.3132 0
    endloop
  endfacet
  facet normal 0.227001 0.973894 -0
    outer loop
      vertex 28.1566 32.3666 0
      vertex 28.1566 32.3666 2.4
      vertex 28.3857 32.3132 2.4
    endloop
  endfacet
  facet normal 0.0327345 0.999464 0
    outer loop
      vertex 27.9215 32.3743 0
      vertex 28.1566 32.3666 2.4
      vertex 28.1566 32.3666 0
    endloop
  endfacet
  facet normal 0.0327345 0.999464 -0
    outer loop
      vertex 27.9215 32.3743 0
      vertex 27.9215 32.3743 2.4
      vertex 28.1566 32.3666 2.4
    endloop
  endfacet
  facet normal 0 1 0
    outer loop
      vertex 20.077 32.3743 0
      vertex 27.9215 32.3743 2.4
      vertex 27.9215 32.3743 0
    endloop
  endfacet
  facet normal 0 1 0
    outer loop
      vertex 20.077 32.3743 0
      vertex 20.077 32.3743 2.4
      vertex 27.9215 32.3743 2.4
    endloop
  endfacet
  facet normal 0.866029 -0.499994 0
    outer loop
      vertex 23.5392 38.3711 0
      vertex 20.077 32.3743 2.4
      vertex 20.077 32.3743 0
    endloop
  endfacet
  facet normal 0.866029 -0.499994 0
    outer loop
      vertex 23.5392 38.3711 0
      vertex 23.5392 38.3711 2.4
      vertex 20.077 32.3743 2.4
    endloop
  endfacet
  facet normal 0.910861 -0.412714 0
    outer loop
      vertex 23.6363 38.5854 0
      vertex 23.5392 38.3711 2.4
      vertex 23.5392 38.3711 0
    endloop
  endfacet
  facet normal 0.910861 -0.412714 0
    outer loop
      vertex 23.6363 38.5854 0
      vertex 23.6363 38.5854 2.4
      vertex 23.5392 38.3711 2.4
    endloop
  endfacet
  facet normal 0.973894 -0.227001 0
    outer loop
      vertex 23.6897 38.8145 0
      vertex 23.6363 38.5854 2.4
      vertex 23.6363 38.5854 0
    endloop
  endfacet
  facet normal 0.973894 -0.227001 0
    outer loop
      vertex 23.6897 38.8145 0
      vertex 23.6897 38.8145 2.4
      vertex 23.6363 38.5854 2.4
    endloop
  endfacet
  facet normal 0.999464 -0.0327345 0
    outer loop
      vertex 23.6974 39.0496 0
      vertex 23.6897 38.8145 2.4
      vertex 23.6897 38.8145 0
    endloop
  endfacet
  facet normal 0.999464 -0.0327345 0
    outer loop
      vertex 23.6974 39.0496 0
      vertex 23.6974 39.0496 2.4
      vertex 23.6897 38.8145 2.4
    endloop
  endfacet
  facet normal 0.986657 0.162813 0
    outer loop
      vertex 23.6591 39.2817 0
      vertex 23.6974 39.0496 2.4
      vertex 23.6974 39.0496 0
    endloop
  endfacet
  facet normal 0.986657 0.162813 -0
    outer loop
      vertex 23.6591 39.2817 0
      vertex 23.6591 39.2817 2.4
      vertex 23.6974 39.0496 2.4
    endloop
  endfacet
  facet normal 0.935874 0.352334 0
    outer loop
      vertex 23.5762 39.5019 0
      vertex 23.6591 39.2817 2.4
      vertex 23.6591 39.2817 0
    endloop
  endfacet
  facet normal 0.935874 0.352334 -0
    outer loop
      vertex 23.5762 39.5019 0
      vertex 23.5762 39.5019 2.4
      vertex 23.6591 39.2817 2.4
    endloop
  endfacet
  facet normal 0.849167 0.528125 0
    outer loop
      vertex 23.452 39.7016 0
      vertex 23.5762 39.5019 2.4
      vertex 23.5762 39.5019 0
    endloop
  endfacet
  facet normal 0.849167 0.528125 -0
    outer loop
      vertex 23.452 39.7016 0
      vertex 23.452 39.7016 2.4
      vertex 23.5762 39.5019 2.4
    endloop
  endfacet
  facet normal 0.730094 0.683347 0
    outer loop
      vertex 23.2912 39.8734 0
      vertex 23.452 39.7016 2.4
      vertex 23.452 39.7016 0
    endloop
  endfacet
  facet normal 0.730094 0.683347 -0
    outer loop
      vertex 23.2912 39.8734 0
      vertex 23.2912 39.8734 2.4
      vertex 23.452 39.7016 2.4
    endloop
  endfacet
  facet normal 0.582444 0.812871 0
    outer loop
      vertex 23.1 40.0104 0
      vertex 23.2912 39.8734 2.4
      vertex 23.2912 39.8734 0
    endloop
  endfacet
  facet normal 0.582444 0.812871 -0
    outer loop
      vertex 23.1 40.0104 0
      vertex 23.1 40.0104 2.4
      vertex 23.2912 39.8734 2.4
    endloop
  endfacet
  facet normal 0.412714 0.910861 0
    outer loop
      vertex 22.8857 40.1075 0
      vertex 23.1 40.0104 2.4
      vertex 23.1 40.0104 0
    endloop
  endfacet
  facet normal 0.412714 0.910861 -0
    outer loop
      vertex 22.8857 40.1075 0
      vertex 22.8857 40.1075 2.4
      vertex 23.1 40.0104 2.4
    endloop
  endfacet
  facet normal 0.227001 0.973894 0
    outer loop
      vertex 22.6566 40.1609 0
      vertex 22.8857 40.1075 2.4
      vertex 22.8857 40.1075 0
    endloop
  endfacet
  facet normal 0.227001 0.973894 -0
    outer loop
      vertex 22.6566 40.1609 0
      vertex 22.6566 40.1609 2.4
      vertex 22.8857 40.1075 2.4
    endloop
  endfacet
  facet normal 0.0323098 0.999478 0
    outer loop
      vertex 22.4215 40.1685 0
      vertex 22.6566 40.1609 2.4
      vertex 22.6566 40.1609 0
    endloop
  endfacet
  facet normal 0.0323098 0.999478 -0
    outer loop
      vertex 22.4215 40.1685 0
      vertex 22.4215 40.1685 2.4
      vertex 22.6566 40.1609 2.4
    endloop
  endfacet
  facet normal -0.162813 0.986657 0
    outer loop
      vertex 22.1894 40.1302 0
      vertex 22.4215 40.1685 2.4
      vertex 22.4215 40.1685 0
    endloop
  endfacet
  facet normal -0.162813 0.986657 0
    outer loop
      vertex 22.1894 40.1302 0
      vertex 22.1894 40.1302 2.4
      vertex 22.4215 40.1685 2.4
    endloop
  endfacet
  facet normal -0.351962 0.936014 0
    outer loop
      vertex 21.9692 40.0474 0
      vertex 22.1894 40.1302 2.4
      vertex 22.1894 40.1302 0
    endloop
  endfacet
  facet normal -0.351962 0.936014 0
    outer loop
      vertex 21.9692 40.0474 0
      vertex 21.9692 40.0474 2.4
      vertex 22.1894 40.1302 2.4
    endloop
  endfacet
  facet normal -0.528431 0.848976 0
    outer loop
      vertex 21.7695 39.9231 0
      vertex 21.9692 40.0474 2.4
      vertex 21.9692 40.0474 0
    endloop
  endfacet
  facet normal -0.528431 0.848976 0
    outer loop
      vertex 21.7695 39.9231 0
      vertex 21.7695 39.9231 2.4
      vertex 21.9692 40.0474 2.4
    endloop
  endfacet
  facet normal -0.683559 0.729895 0
    outer loop
      vertex 21.5978 39.7623 0
      vertex 21.7695 39.9231 2.4
      vertex 21.7695 39.9231 0
    endloop
  endfacet
  facet normal -0.683559 0.729895 0
    outer loop
      vertex 21.5978 39.7623 0
      vertex 21.5978 39.7623 2.4
      vertex 21.7695 39.9231 2.4
    endloop
  endfacet
  facet normal -0.812871 0.582444 0
    outer loop
      vertex 21.4608 39.5711 0
      vertex 21.5978 39.7623 2.4
      vertex 21.5978 39.7623 0
    endloop
  endfacet
  facet normal -0.812871 0.582444 0
    outer loop
      vertex 21.4608 39.5711 0
      vertex 21.4608 39.5711 2.4
      vertex 21.5978 39.7623 2.4
    endloop
  endfacet
  facet normal -0.866023 0.500005 0
    outer loop
      vertex 17.9985 33.5743 0
      vertex 21.4608 39.5711 2.4
      vertex 21.4608 39.5711 0
    endloop
  endfacet
  facet normal -0.866023 0.500005 0
    outer loop
      vertex 17.9985 33.5743 0
      vertex 17.9985 33.5743 2.4
      vertex 21.4608 39.5711 2.4
    endloop
  endfacet
  facet normal 0.866025 0.500001 0
    outer loop
      vertex 14.0762 40.3679 0
      vertex 17.9985 33.5743 2.4
      vertex 17.9985 33.5743 0
    endloop
  endfacet
  facet normal 0.866025 0.500001 -0
    outer loop
      vertex 14.0762 40.3679 0
      vertex 14.0762 40.3679 2.4
      vertex 17.9985 33.5743 2.4
    endloop
  endfacet
  facet normal 0.849285 0.527934 0
    outer loop
      vertex 13.952 40.5677 0
      vertex 14.0762 40.3679 2.4
      vertex 14.0762 40.3679 0
    endloop
  endfacet
  facet normal 0.849285 0.527934 -0
    outer loop
      vertex 13.952 40.5677 0
      vertex 13.952 40.5677 2.4
      vertex 14.0762 40.3679 2.4
    endloop
  endfacet
  facet normal 0.729895 0.683559 0
    outer loop
      vertex 13.7912 40.7394 0
      vertex 13.952 40.5677 2.4
      vertex 13.952 40.5677 0
    endloop
  endfacet
  facet normal 0.729895 0.683559 -0
    outer loop
      vertex 13.7912 40.7394 0
      vertex 13.7912 40.7394 2.4
      vertex 13.952 40.5677 2.4
    endloop
  endfacet
  facet normal 0.582444 0.812871 0
    outer loop
      vertex 13.6 40.8764 0
      vertex 13.7912 40.7394 2.4
      vertex 13.7912 40.7394 0
    endloop
  endfacet
  facet normal 0.582444 0.812871 -0
    outer loop
      vertex 13.6 40.8764 0
      vertex 13.6 40.8764 2.4
      vertex 13.7912 40.7394 2.4
    endloop
  endfacet
  facet normal 0.412714 0.910861 0
    outer loop
      vertex 13.3857 40.9735 0
      vertex 13.6 40.8764 2.4
      vertex 13.6 40.8764 0
    endloop
  endfacet
  facet normal 0.412714 0.910861 -0
    outer loop
      vertex 13.3857 40.9735 0
      vertex 13.3857 40.9735 2.4
      vertex 13.6 40.8764 2.4
    endloop
  endfacet
  facet normal 0.227001 0.973894 0
    outer loop
      vertex 13.1566 41.0269 0
      vertex 13.3857 40.9735 2.4
      vertex 13.3857 40.9735 0
    endloop
  endfacet
  facet normal 0.227001 0.973894 -0
    outer loop
      vertex 13.1566 41.0269 0
      vertex 13.1566 41.0269 2.4
      vertex 13.3857 40.9735 2.4
    endloop
  endfacet
  facet normal 0.0327345 0.999464 0
    outer loop
      vertex 12.9215 41.0346 0
      vertex 13.1566 41.0269 2.4
      vertex 13.1566 41.0269 0
    endloop
  endfacet
  facet normal 0.0327345 0.999464 -0
    outer loop
      vertex 12.9215 41.0346 0
      vertex 12.9215 41.0346 2.4
      vertex 13.1566 41.0269 2.4
    endloop
  endfacet
  facet normal -0.162813 0.986657 0
    outer loop
      vertex 12.6894 40.9963 0
      vertex 12.9215 41.0346 2.4
      vertex 12.9215 41.0346 0
    endloop
  endfacet
  facet normal -0.162813 0.986657 0
    outer loop
      vertex 12.6894 40.9963 0
      vertex 12.6894 40.9963 2.4
      vertex 12.9215 41.0346 2.4
    endloop
  endfacet
  facet normal -0.352474 0.935821 0
    outer loop
      vertex 12.4693 40.9134 0
      vertex 12.6894 40.9963 2.4
      vertex 12.6894 40.9963 0
    endloop
  endfacet
  facet normal -0.352474 0.935821 0
    outer loop
      vertex 12.4693 40.9134 0
      vertex 12.4693 40.9134 2.4
      vertex 12.6894 40.9963 2.4
    endloop
  endfacet
  facet normal -0.527934 0.849285 0
    outer loop
      vertex 12.2695 40.7892 0
      vertex 12.4693 40.9134 2.4
      vertex 12.4693 40.9134 0
    endloop
  endfacet
  facet normal -0.527934 0.849285 0
    outer loop
      vertex 12.2695 40.7892 0
      vertex 12.2695 40.7892 2.4
      vertex 12.4693 40.9134 2.4
    endloop
  endfacet
  facet normal -0.683559 0.729895 0
    outer loop
      vertex 12.0978 40.6284 0
      vertex 12.2695 40.7892 2.4
      vertex 12.2695 40.7892 0
    endloop
  endfacet
  facet normal -0.683559 0.729895 0
    outer loop
      vertex 12.0978 40.6284 0
      vertex 12.0978 40.6284 2.4
      vertex 12.2695 40.7892 2.4
    endloop
  endfacet
  facet normal -0.813015 0.582243 0
    outer loop
      vertex 11.9608 40.4371 0
      vertex 12.0978 40.6284 2.4
      vertex 12.0978 40.6284 0
    endloop
  endfacet
  facet normal -0.813015 0.582243 0
    outer loop
      vertex 11.9608 40.4371 0
      vertex 11.9608 40.4371 2.4
      vertex 12.0978 40.6284 2.4
    endloop
  endfacet
  facet normal -0.910788 0.412874 0
    outer loop
      vertex 11.8637 40.2229 0
      vertex 11.9608 40.4371 2.4
      vertex 11.9608 40.4371 0
    endloop
  endfacet
  facet normal -0.910788 0.412874 0
    outer loop
      vertex 11.8637 40.2229 0
      vertex 11.8637 40.2229 2.4
      vertex 11.9608 40.4371 2.4
    endloop
  endfacet
  facet normal -0.973894 0.227001 0
    outer loop
      vertex 11.8103 39.9938 0
      vertex 11.8637 40.2229 2.4
      vertex 11.8637 40.2229 0
    endloop
  endfacet
  facet normal -0.973894 0.227001 0
    outer loop
      vertex 11.8103 39.9938 0
      vertex 11.8103 39.9938 2.4
      vertex 11.8637 40.2229 2.4
    endloop
  endfacet
  facet normal -0.999464 0.0327345 0
    outer loop
      vertex 11.8026 39.7587 0
      vertex 11.8103 39.9938 2.4
      vertex 11.8103 39.9938 0
    endloop
  endfacet
  facet normal -0.999464 0.0327345 0
    outer loop
      vertex 11.8026 39.7587 0
      vertex 11.8026 39.7587 2.4
      vertex 11.8103 39.9938 2.4
    endloop
  endfacet
  facet normal -0.986657 -0.162813 0
    outer loop
      vertex 11.8409 39.5266 0
      vertex 11.8026 39.7587 2.4
      vertex 11.8026 39.7587 0
    endloop
  endfacet
  facet normal -0.986657 -0.162813 0
    outer loop
      vertex 11.8409 39.5266 0
      vertex 11.8409 39.5266 2.4
      vertex 11.8026 39.7587 2.4
    endloop
  endfacet
  facet normal -0.936014 -0.351962 0
    outer loop
      vertex 11.9237 39.3064 0
      vertex 11.8409 39.5266 2.4
      vertex 11.8409 39.5266 0
    endloop
  endfacet
  facet normal -0.936014 -0.351962 0
    outer loop
      vertex 11.9237 39.3064 0
      vertex 11.9237 39.3064 2.4
      vertex 11.8409 39.5266 2.4
    endloop
  endfacet
  facet normal -0.866024 -0.500003 0
    outer loop
      vertex 16.6158 31.1795 0
      vertex 11.9237 39.3064 2.4
      vertex 11.9237 39.3064 0
    endloop
  endfacet
  facet normal -0.866024 -0.500003 0
    outer loop
      vertex 16.6158 31.1795 0
      vertex 16.6158 31.1795 2.4
      vertex 11.9237 39.3064 2.4
    endloop
  endfacet
  facet normal -0.866029 0.499994 0
    outer loop
      vertex 12.3735 23.8315 0
      vertex 16.6158 31.1795 2.4
      vertex 16.6158 31.1795 0
    endloop
  endfacet
  facet normal -0.866029 0.499994 0
    outer loop
      vertex 12.3735 23.8315 0
      vertex 12.3735 23.8315 2.4
      vertex 16.6158 31.1795 2.4
    endloop
  endfacet
  facet normal 0.866027 0.499997 0
    outer loop
      vertex 5.45125 35.8213 0
      vertex 12.3735 23.8315 2.4
      vertex 12.3735 23.8315 0
    endloop
  endfacet
  facet normal 0.866027 0.499997 -0
    outer loop
      vertex 5.45125 35.8213 0
      vertex 5.45125 35.8213 2.4
      vertex 12.3735 23.8315 2.4
    endloop
  endfacet
  facet normal 0.849091 0.528247 0
    outer loop
      vertex 5.32701 36.021 0
      vertex 5.45125 35.8213 2.4
      vertex 5.45125 35.8213 0
    endloop
  endfacet
  facet normal 0.849091 0.528247 -0
    outer loop
      vertex 5.32701 36.021 0
      vertex 5.32701 36.021 2.4
      vertex 5.45125 35.8213 2.4
    endloop
  endfacet
  facet normal 0.729895 0.683559 0
    outer loop
      vertex 5.16621 36.1927 0
      vertex 5.32701 36.021 2.4
      vertex 5.32701 36.021 0
    endloop
  endfacet
  facet normal 0.729895 0.683559 -0
    outer loop
      vertex 5.16621 36.1927 0
      vertex 5.16621 36.1927 2.4
      vertex 5.32701 36.021 2.4
    endloop
  endfacet
  facet normal 0.582685 0.812698 0
    outer loop
      vertex 4.97499 36.3298 0
      vertex 5.16621 36.1927 2.4
      vertex 5.16621 36.1927 0
    endloop
  endfacet
  facet normal 0.582685 0.812698 -0
    outer loop
      vertex 4.97499 36.3298 0
      vertex 4.97499 36.3298 2.4
      vertex 5.16621 36.1927 2.4
    endloop
  endfacet
  facet normal 0.412425 0.910992 0
    outer loop
      vertex 4.76073 36.4268 0
      vertex 4.97499 36.3298 2.4
      vertex 4.97499 36.3298 0
    endloop
  endfacet
  facet normal 0.412425 0.910992 -0
    outer loop
      vertex 4.76073 36.4268 0
      vertex 4.76073 36.4268 2.4
      vertex 4.97499 36.3298 2.4
    endloop
  endfacet
  facet normal 0.227001 0.973894 0
    outer loop
      vertex 4.53163 36.4802 0
      vertex 4.76073 36.4268 2.4
      vertex 4.76073 36.4268 0
    endloop
  endfacet
  facet normal 0.227001 0.973894 -0
    outer loop
      vertex 4.53163 36.4802 0
      vertex 4.53163 36.4802 2.4
      vertex 4.76073 36.4268 2.4
    endloop
  endfacet
  facet normal 0.0327317 0.999464 0
    outer loop
      vertex 4.29651 36.4879 0
      vertex 4.53163 36.4802 2.4
      vertex 4.53163 36.4802 0
    endloop
  endfacet
  facet normal 0.0327317 0.999464 -0
    outer loop
      vertex 4.29651 36.4879 0
      vertex 4.29651 36.4879 2.4
      vertex 4.53163 36.4802 2.4
    endloop
  endfacet
  facet normal -0.16282 0.986656 0
    outer loop
      vertex 4.06442 36.4496 0
      vertex 4.29651 36.4879 2.4
      vertex 4.29651 36.4879 0
    endloop
  endfacet
  facet normal -0.16282 0.986656 0
    outer loop
      vertex 4.06442 36.4496 0
      vertex 4.06442 36.4496 2.4
      vertex 4.29651 36.4879 2.4
    endloop
  endfacet
  facet normal -0.352004 0.935999 0
    outer loop
      vertex 3.84425 36.3668 0
      vertex 4.06442 36.4496 2.4
      vertex 4.06442 36.4496 0
    endloop
  endfacet
  facet normal -0.352004 0.935999 0
    outer loop
      vertex 3.84425 36.3668 0
      vertex 3.84425 36.3668 2.4
      vertex 4.06442 36.4496 2.4
    endloop
  endfacet
  facet normal -0.528317 0.849047 0
    outer loop
      vertex 3.64449 36.2425 0
      vertex 3.84425 36.3668 2.4
      vertex 3.84425 36.3668 0
    endloop
  endfacet
  facet normal -0.528317 0.849047 0
    outer loop
      vertex 3.64449 36.2425 0
      vertex 3.64449 36.2425 2.4
      vertex 3.84425 36.3668 2.4
    endloop
  endfacet
  facet normal -0.683559 0.729895 0
    outer loop
      vertex 3.47279 36.0817 0
      vertex 3.64449 36.2425 2.4
      vertex 3.64449 36.2425 0
    endloop
  endfacet
  facet normal -0.683559 0.729895 0
    outer loop
      vertex 3.47279 36.0817 0
      vertex 3.47279 36.0817 2.4
      vertex 3.64449 36.2425 2.4
    endloop
  endfacet
  facet normal -0.812831 0.5825 0
    outer loop
      vertex 3.33577 35.8905 0
      vertex 3.47279 36.0817 2.4
      vertex 3.47279 36.0817 0
    endloop
  endfacet
  facet normal -0.812831 0.5825 0
    outer loop
      vertex 3.33577 35.8905 0
      vertex 3.33577 35.8905 2.4
      vertex 3.47279 36.0817 2.4
    endloop
  endfacet
  facet normal -0.910877 0.412679 0
    outer loop
      vertex 3.23868 35.6762 0
      vertex 3.33577 35.8905 2.4
      vertex 3.33577 35.8905 0
    endloop
  endfacet
  facet normal -0.910877 0.412679 0
    outer loop
      vertex 3.23868 35.6762 0
      vertex 3.23868 35.6762 2.4
      vertex 3.33577 35.8905 2.4
    endloop
  endfacet
  facet normal -0.973876 0.227082 0
    outer loop
      vertex 3.18526 35.4471 0
      vertex 3.23868 35.6762 2.4
      vertex 3.23868 35.6762 0
    endloop
  endfacet
  facet normal -0.973876 0.227082 0
    outer loop
      vertex 3.18526 35.4471 0
      vertex 3.18526 35.4471 2.4
      vertex 3.23868 35.6762 2.4
    endloop
  endfacet
  facet normal -0.999465 0.032692 0
    outer loop
      vertex 3.17757 35.212 0
      vertex 3.18526 35.4471 2.4
      vertex 3.18526 35.4471 0
    endloop
  endfacet
  facet normal -0.999465 0.032692 0
    outer loop
      vertex 3.17757 35.212 0
      vertex 3.17757 35.212 2.4
      vertex 3.18526 35.4471 2.4
    endloop
  endfacet
  facet normal -0.98665 -0.162855 0
    outer loop
      vertex 3.21588 34.9799 0
      vertex 3.17757 35.212 2.4
      vertex 3.17757 35.212 0
    endloop
  endfacet
  facet normal -0.98665 -0.162855 0
    outer loop
      vertex 3.21588 34.9799 0
      vertex 3.21588 34.9799 2.4
      vertex 3.17757 35.212 2.4
    endloop
  endfacet
  facet normal -0.935864 -0.352363 0
    outer loop
      vertex 3.29875 34.7598 0
      vertex 3.21588 34.9799 2.4
      vertex 3.21588 34.9799 0
    endloop
  endfacet
  facet normal -0.935864 -0.352363 0
    outer loop
      vertex 3.29875 34.7598 0
      vertex 3.29875 34.7598 2.4
      vertex 3.21588 34.9799 2.4
    endloop
  endfacet
  facet normal -0.866027 -0.499998 0
    outer loop
      vertex 10.9908 21.4367 0
      vertex 3.29875 34.7598 2.4
      vertex 3.29875 34.7598 0
    endloop
  endfacet
  facet normal -0.866027 -0.499998 0
    outer loop
      vertex 10.9908 21.4367 0
      vertex 10.9908 21.4367 2.4
      vertex 3.29875 34.7598 2.4
    endloop
  endfacet
  facet normal -0.866026 0.499999 0
    outer loop
      vertex 6.7485 14.0888 0
      vertex 10.9908 21.4367 2.4
      vertex 10.9908 21.4367 0
    endloop
  endfacet
  facet normal -0.866026 0.499999 0
    outer loop
      vertex 6.7485 14.0888 0
      vertex 6.7485 14.0888 2.4
      vertex 10.9908 21.4367 2.4
    endloop
  endfacet
  facet normal 0.866025 0.500001 0
    outer loop
      vertex 1.82623 22.6144 0
      vertex 6.7485 14.0888 2.4
      vertex 6.7485 14.0888 0
    endloop
  endfacet
  facet normal 0.866025 0.500001 -0
    outer loop
      vertex 1.82623 22.6144 0
      vertex 1.82623 22.6144 2.4
      vertex 6.7485 14.0888 2.4
    endloop
  endfacet
  facet normal 0.849129 0.528186 0
    outer loop
      vertex 1.70201 22.8141 0
      vertex 1.82623 22.6144 2.4
      vertex 1.82623 22.6144 0
    endloop
  endfacet
  facet normal 0.849129 0.528186 -0
    outer loop
      vertex 1.70201 22.8141 0
      vertex 1.70201 22.8141 2.4
      vertex 1.82623 22.6144 2.4
    endloop
  endfacet
  facet normal 0.729895 0.683559 0
    outer loop
      vertex 1.54121 22.9858 0
      vertex 1.70201 22.8141 2.4
      vertex 1.70201 22.8141 0
    endloop
  endfacet
  facet normal 0.729895 0.683559 -0
    outer loop
      vertex 1.54121 22.9858 0
      vertex 1.54121 22.9858 2.4
      vertex 1.70201 22.8141 2.4
    endloop
  endfacet
  facet normal 0.582685 0.812698 0
    outer loop
      vertex 1.34999 23.1229 0
      vertex 1.54121 22.9858 2.4
      vertex 1.54121 22.9858 0
    endloop
  endfacet
  facet normal 0.582685 0.812698 -0
    outer loop
      vertex 1.34999 23.1229 0
      vertex 1.34999 23.1229 2.4
      vertex 1.54121 22.9858 2.4
    endloop
  endfacet
  facet normal 0.412778 0.910832 0
    outer loop
      vertex 1.13573 23.22 0
      vertex 1.34999 23.1229 2.4
      vertex 1.34999 23.1229 0
    endloop
  endfacet
  facet normal 0.412778 0.910832 -0
    outer loop
      vertex 1.13573 23.22 0
      vertex 1.13573 23.22 2.4
      vertex 1.34999 23.1229 2.4
    endloop
  endfacet
  facet normal 0.227002 0.973894 0
    outer loop
      vertex 0.906631 23.2734 0
      vertex 1.13573 23.22 2.4
      vertex 1.13573 23.22 0
    endloop
  endfacet
  facet normal 0.227002 0.973894 -0
    outer loop
      vertex 0.906631 23.2734 0
      vertex 0.906631 23.2734 2.4
      vertex 1.13573 23.22 2.4
    endloop
  endfacet
  facet normal 0.0327335 0.999464 0
    outer loop
      vertex 0.671524 23.2811 0
      vertex 0.906631 23.2734 2.4
      vertex 0.906631 23.2734 0
    endloop
  endfacet
  facet normal 0.0327335 0.999464 -0
    outer loop
      vertex 0.671524 23.2811 0
      vertex 0.671524 23.2811 2.4
      vertex 0.906631 23.2734 2.4
    endloop
  endfacet
  facet normal -0.162802 0.986659 0
    outer loop
      vertex 0.439407 23.2428 0
      vertex 0.671524 23.2811 2.4
      vertex 0.671524 23.2811 0
    endloop
  endfacet
  facet normal -0.162802 0.986659 0
    outer loop
      vertex 0.439407 23.2428 0
      vertex 0.439407 23.2428 2.4
      vertex 0.671524 23.2811 2.4
    endloop
  endfacet
  facet normal -0.3524 0.935849 0
    outer loop
      vertex 0.219254 23.1599 0
      vertex 0.439407 23.2428 2.4
      vertex 0.439407 23.2428 0
    endloop
  endfacet
  facet normal -0.3524 0.935849 0
    outer loop
      vertex 0.219254 23.1599 0
      vertex 0.219254 23.1599 2.4
      vertex 0.439407 23.2428 2.4
    endloop
  endfacet
  facet normal -0.528301 0.849057 0
    outer loop
      vertex 0.0194855 23.0356 0
      vertex 0.219254 23.1599 2.4
      vertex 0.219254 23.1599 0
    endloop
  endfacet
  facet normal -0.528301 0.849057 0
    outer loop
      vertex 0.0194855 23.0356 0
      vertex 0.0194855 23.0356 2.4
      vertex 0.219254 23.1599 2.4
    endloop
  endfacet
  facet normal -0.682589 0.730802 0
    outer loop
      vertex 0 23.0174 0
      vertex 0.0194855 23.0356 2.4
      vertex 0.0194855 23.0356 0
    endloop
  endfacet
  facet normal -0.682589 0.730802 0
    outer loop
      vertex 0 23.0174 0
      vertex 0 23.0174 2.4
      vertex 0.0194855 23.0356 2.4
    endloop
  endfacet
  facet normal 0.682589 0.730802 0
    outer loop
      vertex -0.0194855 23.0356 0
      vertex 0 23.0174 2.4
      vertex 0 23.0174 0
    endloop
  endfacet
  facet normal 0.682589 0.730802 -0
    outer loop
      vertex -0.0194855 23.0356 0
      vertex -0.0194855 23.0356 2.4
      vertex 0 23.0174 2.4
    endloop
  endfacet
  facet normal 0.528301 0.849057 0
    outer loop
      vertex -0.219254 23.1599 0
      vertex -0.0194855 23.0356 2.4
      vertex -0.0194855 23.0356 0
    endloop
  endfacet
  facet normal 0.528301 0.849057 -0
    outer loop
      vertex -0.219254 23.1599 0
      vertex -0.219254 23.1599 2.4
      vertex -0.0194855 23.0356 2.4
    endloop
  endfacet
  facet normal 0.3524 0.935849 0
    outer loop
      vertex -0.439407 23.2428 0
      vertex -0.219254 23.1599 2.4
      vertex -0.219254 23.1599 0
    endloop
  endfacet
  facet normal 0.3524 0.935849 -0
    outer loop
      vertex -0.439407 23.2428 0
      vertex -0.439407 23.2428 2.4
      vertex -0.219254 23.1599 2.4
    endloop
  endfacet
  facet normal 0.162802 0.986659 0
    outer loop
      vertex -0.671524 23.2811 0
      vertex -0.439407 23.2428 2.4
      vertex -0.439407 23.2428 0
    endloop
  endfacet
  facet normal 0.162802 0.986659 -0
    outer loop
      vertex -0.671524 23.2811 0
      vertex -0.671524 23.2811 2.4
      vertex -0.439407 23.2428 2.4
    endloop
  endfacet
  facet normal -0.0327335 0.999464 0
    outer loop
      vertex -0.906631 23.2734 0
      vertex -0.671524 23.2811 2.4
      vertex -0.671524 23.2811 0
    endloop
  endfacet
  facet normal -0.0327335 0.999464 0
    outer loop
      vertex -0.906631 23.2734 0
      vertex -0.906631 23.2734 2.4
      vertex -0.671524 23.2811 2.4
    endloop
  endfacet
  facet normal -0.227002 0.973894 0
    outer loop
      vertex -1.13573 23.22 0
      vertex -0.906631 23.2734 2.4
      vertex -0.906631 23.2734 0
    endloop
  endfacet
  facet normal -0.227002 0.973894 0
    outer loop
      vertex -1.13573 23.22 0
      vertex -1.13573 23.22 2.4
      vertex -0.906631 23.2734 2.4
    endloop
  endfacet
  facet normal -0.412778 0.910832 0
    outer loop
      vertex -1.34999 23.1229 0
      vertex -1.13573 23.22 2.4
      vertex -1.13573 23.22 0
    endloop
  endfacet
  facet normal -0.412778 0.910832 0
    outer loop
      vertex -1.34999 23.1229 0
      vertex -1.34999 23.1229 2.4
      vertex -1.13573 23.22 2.4
    endloop
  endfacet
  facet normal -0.582685 0.812698 0
    outer loop
      vertex -1.54121 22.9858 0
      vertex -1.34999 23.1229 2.4
      vertex -1.34999 23.1229 0
    endloop
  endfacet
  facet normal -0.582685 0.812698 0
    outer loop
      vertex -1.54121 22.9858 0
      vertex -1.54121 22.9858 2.4
      vertex -1.34999 23.1229 2.4
    endloop
  endfacet
  facet normal -0.729895 0.683559 0
    outer loop
      vertex -1.70201 22.8141 0
      vertex -1.54121 22.9858 2.4
      vertex -1.54121 22.9858 0
    endloop
  endfacet
  facet normal -0.729895 0.683559 0
    outer loop
      vertex -1.70201 22.8141 0
      vertex -1.70201 22.8141 2.4
      vertex -1.54121 22.9858 2.4
    endloop
  endfacet
  facet normal -0.849129 0.528186 0
    outer loop
      vertex -1.82623 22.6144 0
      vertex -1.70201 22.8141 2.4
      vertex -1.70201 22.8141 0
    endloop
  endfacet
  facet normal -0.849129 0.528186 0
    outer loop
      vertex -1.82623 22.6144 0
      vertex -1.82623 22.6144 2.4
      vertex -1.70201 22.8141 2.4
    endloop
  endfacet
  facet normal -0.866025 0.500001 0
    outer loop
      vertex -6.7485 14.0888 0
      vertex -1.82623 22.6144 2.4
      vertex -1.82623 22.6144 0
    endloop
  endfacet
  facet normal -0.866025 0.500001 0
    outer loop
      vertex -6.7485 14.0888 0
      vertex -6.7485 14.0888 2.4
      vertex -1.82623 22.6144 2.4
    endloop
  endfacet
  facet normal 0.866026 0.499999 0
    outer loop
      vertex -10.9908 21.4367 0
      vertex -6.7485 14.0888 2.4
      vertex -6.7485 14.0888 0
    endloop
  endfacet
  facet normal 0.866026 0.499999 -0
    outer loop
      vertex -10.9908 21.4367 0
      vertex -10.9908 21.4367 2.4
      vertex -6.7485 14.0888 2.4
    endloop
  endfacet
  facet normal 0.866027 -0.499998 0
    outer loop
      vertex -3.29875 34.7598 0
      vertex -10.9908 21.4367 2.4
      vertex -10.9908 21.4367 0
    endloop
  endfacet
  facet normal 0.866027 -0.499998 0
    outer loop
      vertex -3.29875 34.7598 0
      vertex -3.29875 34.7598 2.4
      vertex -10.9908 21.4367 2.4
    endloop
  endfacet
  facet normal 0.935864 -0.352363 0
    outer loop
      vertex -3.21588 34.9799 0
      vertex -3.29875 34.7598 2.4
      vertex -3.29875 34.7598 0
    endloop
  endfacet
  facet normal 0.935864 -0.352363 0
    outer loop
      vertex -3.21588 34.9799 0
      vertex -3.21588 34.9799 2.4
      vertex -3.29875 34.7598 2.4
    endloop
  endfacet
  facet normal 0.98665 -0.162855 0
    outer loop
      vertex -3.17757 35.212 0
      vertex -3.21588 34.9799 2.4
      vertex -3.21588 34.9799 0
    endloop
  endfacet
  facet normal 0.98665 -0.162855 0
    outer loop
      vertex -3.17757 35.212 0
      vertex -3.17757 35.212 2.4
      vertex -3.21588 34.9799 2.4
    endloop
  endfacet
  facet normal 0.999465 0.032692 0
    outer loop
      vertex -3.18526 35.4471 0
      vertex -3.17757 35.212 2.4
      vertex -3.17757 35.212 0
    endloop
  endfacet
  facet normal 0.999465 0.032692 -0
    outer loop
      vertex -3.18526 35.4471 0
      vertex -3.18526 35.4471 2.4
      vertex -3.17757 35.212 2.4
    endloop
  endfacet
  facet normal 0.973876 0.227082 0
    outer loop
      vertex -3.23868 35.6762 0
      vertex -3.18526 35.4471 2.4
      vertex -3.18526 35.4471 0
    endloop
  endfacet
  facet normal 0.973876 0.227082 -0
    outer loop
      vertex -3.23868 35.6762 0
      vertex -3.23868 35.6762 2.4
      vertex -3.18526 35.4471 2.4
    endloop
  endfacet
  facet normal 0.910877 0.412679 0
    outer loop
      vertex -3.33577 35.8905 0
      vertex -3.23868 35.6762 2.4
      vertex -3.23868 35.6762 0
    endloop
  endfacet
  facet normal 0.910877 0.412679 -0
    outer loop
      vertex -3.33577 35.8905 0
      vertex -3.33577 35.8905 2.4
      vertex -3.23868 35.6762 2.4
    endloop
  endfacet
  facet normal 0.812831 0.5825 0
    outer loop
      vertex -3.47279 36.0817 0
      vertex -3.33577 35.8905 2.4
      vertex -3.33577 35.8905 0
    endloop
  endfacet
  facet normal 0.812831 0.5825 -0
    outer loop
      vertex -3.47279 36.0817 0
      vertex -3.47279 36.0817 2.4
      vertex -3.33577 35.8905 2.4
    endloop
  endfacet
  facet normal 0.683559 0.729895 0
    outer loop
      vertex -3.64449 36.2425 0
      vertex -3.47279 36.0817 2.4
      vertex -3.47279 36.0817 0
    endloop
  endfacet
  facet normal 0.683559 0.729895 -0
    outer loop
      vertex -3.64449 36.2425 0
      vertex -3.64449 36.2425 2.4
      vertex -3.47279 36.0817 2.4
    endloop
  endfacet
  facet normal 0.528317 0.849047 0
    outer loop
      vertex -3.84425 36.3668 0
      vertex -3.64449 36.2425 2.4
      vertex -3.64449 36.2425 0
    endloop
  endfacet
  facet normal 0.528317 0.849047 -0
    outer loop
      vertex -3.84425 36.3668 0
      vertex -3.84425 36.3668 2.4
      vertex -3.64449 36.2425 2.4
    endloop
  endfacet
  facet normal 0.352004 0.935999 0
    outer loop
      vertex -4.06442 36.4496 0
      vertex -3.84425 36.3668 2.4
      vertex -3.84425 36.3668 0
    endloop
  endfacet
  facet normal 0.352004 0.935999 -0
    outer loop
      vertex -4.06442 36.4496 0
      vertex -4.06442 36.4496 2.4
      vertex -3.84425 36.3668 2.4
    endloop
  endfacet
  facet normal 0.16282 0.986656 0
    outer loop
      vertex -4.29651 36.4879 0
      vertex -4.06442 36.4496 2.4
      vertex -4.06442 36.4496 0
    endloop
  endfacet
  facet normal 0.16282 0.986656 -0
    outer loop
      vertex -4.29651 36.4879 0
      vertex -4.29651 36.4879 2.4
      vertex -4.06442 36.4496 2.4
    endloop
  endfacet
  facet normal -0.0327317 0.999464 0
    outer loop
      vertex -4.53163 36.4802 0
      vertex -4.29651 36.4879 2.4
      vertex -4.29651 36.4879 0
    endloop
  endfacet
  facet normal -0.0327317 0.999464 0
    outer loop
      vertex -4.53163 36.4802 0
      vertex -4.53163 36.4802 2.4
      vertex -4.29651 36.4879 2.4
    endloop
  endfacet
  facet normal -0.227001 0.973894 0
    outer loop
      vertex -4.76073 36.4268 0
      vertex -4.53163 36.4802 2.4
      vertex -4.53163 36.4802 0
    endloop
  endfacet
  facet normal -0.227001 0.973894 0
    outer loop
      vertex -4.76073 36.4268 0
      vertex -4.76073 36.4268 2.4
      vertex -4.53163 36.4802 2.4
    endloop
  endfacet
  facet normal -0.412425 0.910992 0
    outer loop
      vertex -4.97499 36.3298 0
      vertex -4.76073 36.4268 2.4
      vertex -4.76073 36.4268 0
    endloop
  endfacet
  facet normal -0.412425 0.910992 0
    outer loop
      vertex -4.97499 36.3298 0
      vertex -4.97499 36.3298 2.4
      vertex -4.76073 36.4268 2.4
    endloop
  endfacet
  facet normal -0.582685 0.812698 0
    outer loop
      vertex -5.16621 36.1927 0
      vertex -4.97499 36.3298 2.4
      vertex -4.97499 36.3298 0
    endloop
  endfacet
  facet normal -0.582685 0.812698 0
    outer loop
      vertex -5.16621 36.1927 0
      vertex -5.16621 36.1927 2.4
      vertex -4.97499 36.3298 2.4
    endloop
  endfacet
  facet normal -0.729895 0.683559 0
    outer loop
      vertex -5.32701 36.021 0
      vertex -5.16621 36.1927 2.4
      vertex -5.16621 36.1927 0
    endloop
  endfacet
  facet normal -0.729895 0.683559 0
    outer loop
      vertex -5.32701 36.021 0
      vertex -5.32701 36.021 2.4
      vertex -5.16621 36.1927 2.4
    endloop
  endfacet
  facet normal -0.849091 0.528247 0
    outer loop
      vertex -5.45125 35.8213 0
      vertex -5.32701 36.021 2.4
      vertex -5.32701 36.021 0
    endloop
  endfacet
  facet normal -0.849091 0.528247 0
    outer loop
      vertex -5.45125 35.8213 0
      vertex -5.45125 35.8213 2.4
      vertex -5.32701 36.021 2.4
    endloop
  endfacet
  facet normal -0.866027 0.499997 0
    outer loop
      vertex -12.3735 23.8315 0
      vertex -5.45125 35.8213 2.4
      vertex -5.45125 35.8213 0
    endloop
  endfacet
  facet normal -0.866027 0.499997 0
    outer loop
      vertex -12.3735 23.8315 0
      vertex -12.3735 23.8315 2.4
      vertex -5.45125 35.8213 2.4
    endloop
  endfacet
  facet normal 0.866029 0.499994 0
    outer loop
      vertex -16.6158 31.1795 0
      vertex -12.3735 23.8315 2.4
      vertex -12.3735 23.8315 0
    endloop
  endfacet
  facet normal 0.866029 0.499994 -0
    outer loop
      vertex -16.6158 31.1795 0
      vertex -16.6158 31.1795 2.4
      vertex -12.3735 23.8315 2.4
    endloop
  endfacet
  facet normal 0.866024 -0.500003 0
    outer loop
      vertex -11.9237 39.3064 0
      vertex -16.6158 31.1795 2.4
      vertex -16.6158 31.1795 0
    endloop
  endfacet
  facet normal 0.866024 -0.500003 0
    outer loop
      vertex -11.9237 39.3064 0
      vertex -11.9237 39.3064 2.4
      vertex -16.6158 31.1795 2.4
    endloop
  endfacet
  facet normal 0.936014 -0.351962 0
    outer loop
      vertex -11.8409 39.5266 0
      vertex -11.9237 39.3064 2.4
      vertex -11.9237 39.3064 0
    endloop
  endfacet
  facet normal 0.936014 -0.351962 0
    outer loop
      vertex -11.8409 39.5266 0
      vertex -11.8409 39.5266 2.4
      vertex -11.9237 39.3064 2.4
    endloop
  endfacet
  facet normal 0.986657 -0.162813 0
    outer loop
      vertex -11.8026 39.7587 0
      vertex -11.8409 39.5266 2.4
      vertex -11.8409 39.5266 0
    endloop
  endfacet
  facet normal 0.986657 -0.162813 0
    outer loop
      vertex -11.8026 39.7587 0
      vertex -11.8026 39.7587 2.4
      vertex -11.8409 39.5266 2.4
    endloop
  endfacet
  facet normal 0.999464 0.0327345 0
    outer loop
      vertex -11.8103 39.9938 0
      vertex -11.8026 39.7587 2.4
      vertex -11.8026 39.7587 0
    endloop
  endfacet
  facet normal 0.999464 0.0327345 -0
    outer loop
      vertex -11.8103 39.9938 0
      vertex -11.8103 39.9938 2.4
      vertex -11.8026 39.7587 2.4
    endloop
  endfacet
  facet normal 0.973894 0.227001 0
    outer loop
      vertex -11.8637 40.2229 0
      vertex -11.8103 39.9938 2.4
      vertex -11.8103 39.9938 0
    endloop
  endfacet
  facet normal 0.973894 0.227001 -0
    outer loop
      vertex -11.8637 40.2229 0
      vertex -11.8637 40.2229 2.4
      vertex -11.8103 39.9938 2.4
    endloop
  endfacet
  facet normal 0.910788 0.412874 0
    outer loop
      vertex -11.9608 40.4371 0
      vertex -11.8637 40.2229 2.4
      vertex -11.8637 40.2229 0
    endloop
  endfacet
  facet normal 0.910788 0.412874 -0
    outer loop
      vertex -11.9608 40.4371 0
      vertex -11.9608 40.4371 2.4
      vertex -11.8637 40.2229 2.4
    endloop
  endfacet
  facet normal 0.813015 0.582243 0
    outer loop
      vertex -12.0978 40.6284 0
      vertex -11.9608 40.4371 2.4
      vertex -11.9608 40.4371 0
    endloop
  endfacet
  facet normal 0.813015 0.582243 -0
    outer loop
      vertex -12.0978 40.6284 0
      vertex -12.0978 40.6284 2.4
      vertex -11.9608 40.4371 2.4
    endloop
  endfacet
  facet normal 0.683559 0.729895 0
    outer loop
      vertex -12.2695 40.7892 0
      vertex -12.0978 40.6284 2.4
      vertex -12.0978 40.6284 0
    endloop
  endfacet
  facet normal 0.683559 0.729895 -0
    outer loop
      vertex -12.2695 40.7892 0
      vertex -12.2695 40.7892 2.4
      vertex -12.0978 40.6284 2.4
    endloop
  endfacet
  facet normal 0.527934 0.849285 0
    outer loop
      vertex -12.4693 40.9134 0
      vertex -12.2695 40.7892 2.4
      vertex -12.2695 40.7892 0
    endloop
  endfacet
  facet normal 0.527934 0.849285 -0
    outer loop
      vertex -12.4693 40.9134 0
      vertex -12.4693 40.9134 2.4
      vertex -12.2695 40.7892 2.4
    endloop
  endfacet
  facet normal 0.352474 0.935821 0
    outer loop
      vertex -12.6894 40.9963 0
      vertex -12.4693 40.9134 2.4
      vertex -12.4693 40.9134 0
    endloop
  endfacet
  facet normal 0.352474 0.935821 -0
    outer loop
      vertex -12.6894 40.9963 0
      vertex -12.6894 40.9963 2.4
      vertex -12.4693 40.9134 2.4
    endloop
  endfacet
  facet normal 0.162813 0.986657 0
    outer loop
      vertex -12.9215 41.0346 0
      vertex -12.6894 40.9963 2.4
      vertex -12.6894 40.9963 0
    endloop
  endfacet
  facet normal 0.162813 0.986657 -0
    outer loop
      vertex -12.9215 41.0346 0
      vertex -12.9215 41.0346 2.4
      vertex -12.6894 40.9963 2.4
    endloop
  endfacet
  facet normal -0.0327345 0.999464 0
    outer loop
      vertex -13.1566 41.0269 0
      vertex -12.9215 41.0346 2.4
      vertex -12.9215 41.0346 0
    endloop
  endfacet
  facet normal -0.0327345 0.999464 0
    outer loop
      vertex -13.1566 41.0269 0
      vertex -13.1566 41.0269 2.4
      vertex -12.9215 41.0346 2.4
    endloop
  endfacet
  facet normal -0.227001 0.973894 0
    outer loop
      vertex -13.3857 40.9735 0
      vertex -13.1566 41.0269 2.4
      vertex -13.1566 41.0269 0
    endloop
  endfacet
  facet normal -0.227001 0.973894 0
    outer loop
      vertex -13.3857 40.9735 0
      vertex -13.3857 40.9735 2.4
      vertex -13.1566 41.0269 2.4
    endloop
  endfacet
  facet normal -0.412714 0.910861 0
    outer loop
      vertex -13.6 40.8764 0
      vertex -13.3857 40.9735 2.4
      vertex -13.3857 40.9735 0
    endloop
  endfacet
  facet normal -0.412714 0.910861 0
    outer loop
      vertex -13.6 40.8764 0
      vertex -13.6 40.8764 2.4
      vertex -13.3857 40.9735 2.4
    endloop
  endfacet
  facet normal -0.582444 0.812871 0
    outer loop
      vertex -13.7912 40.7394 0
      vertex -13.6 40.8764 2.4
      vertex -13.6 40.8764 0
    endloop
  endfacet
  facet normal -0.582444 0.812871 0
    outer loop
      vertex -13.7912 40.7394 0
      vertex -13.7912 40.7394 2.4
      vertex -13.6 40.8764 2.4
    endloop
  endfacet
  facet normal -0.729895 0.683559 0
    outer loop
      vertex -13.952 40.5677 0
      vertex -13.7912 40.7394 2.4
      vertex -13.7912 40.7394 0
    endloop
  endfacet
  facet normal -0.729895 0.683559 0
    outer loop
      vertex -13.952 40.5677 0
      vertex -13.952 40.5677 2.4
      vertex -13.7912 40.7394 2.4
    endloop
  endfacet
  facet normal -0.849285 0.527934 0
    outer loop
      vertex -14.0762 40.3679 0
      vertex -13.952 40.5677 2.4
      vertex -13.952 40.5677 0
    endloop
  endfacet
  facet normal -0.849285 0.527934 0
    outer loop
      vertex -14.0762 40.3679 0
      vertex -14.0762 40.3679 2.4
      vertex -13.952 40.5677 2.4
    endloop
  endfacet
  facet normal -0.866025 0.500001 0
    outer loop
      vertex -17.9985 33.5743 0
      vertex -14.0762 40.3679 2.4
      vertex -14.0762 40.3679 0
    endloop
  endfacet
  facet normal -0.866025 0.500001 0
    outer loop
      vertex -17.9985 33.5743 0
      vertex -17.9985 33.5743 2.4
      vertex -14.0762 40.3679 2.4
    endloop
  endfacet
  facet normal 0.866023 0.500005 0
    outer loop
      vertex -21.4608 39.5711 0
      vertex -17.9985 33.5743 2.4
      vertex -17.9985 33.5743 0
    endloop
  endfacet
  facet normal 0.866023 0.500005 -0
    outer loop
      vertex -21.4608 39.5711 0
      vertex -21.4608 39.5711 2.4
      vertex -17.9985 33.5743 2.4
    endloop
  endfacet
  facet normal 0.812871 0.582444 0
    outer loop
      vertex -21.5978 39.7623 0
      vertex -21.4608 39.5711 2.4
      vertex -21.4608 39.5711 0
    endloop
  endfacet
  facet normal 0.812871 0.582444 -0
    outer loop
      vertex -21.5978 39.7623 0
      vertex -21.5978 39.7623 2.4
      vertex -21.4608 39.5711 2.4
    endloop
  endfacet
  facet normal 0.683559 0.729895 0
    outer loop
      vertex -21.7695 39.9231 0
      vertex -21.5978 39.7623 2.4
      vertex -21.5978 39.7623 0
    endloop
  endfacet
  facet normal 0.683559 0.729895 -0
    outer loop
      vertex -21.7695 39.9231 0
      vertex -21.7695 39.9231 2.4
      vertex -21.5978 39.7623 2.4
    endloop
  endfacet
  facet normal 0.528431 0.848976 0
    outer loop
      vertex -21.9692 40.0474 0
      vertex -21.7695 39.9231 2.4
      vertex -21.7695 39.9231 0
    endloop
  endfacet
  facet normal 0.528431 0.848976 -0
    outer loop
      vertex -21.9692 40.0474 0
      vertex -21.9692 40.0474 2.4
      vertex -21.7695 39.9231 2.4
    endloop
  endfacet
  facet normal 0.351962 0.936014 0
    outer loop
      vertex -22.1894 40.1302 0
      vertex -21.9692 40.0474 2.4
      vertex -21.9692 40.0474 0
    endloop
  endfacet
  facet normal 0.351962 0.936014 -0
    outer loop
      vertex -22.1894 40.1302 0
      vertex -22.1894 40.1302 2.4
      vertex -21.9692 40.0474 2.4
    endloop
  endfacet
  facet normal 0.162813 0.986657 0
    outer loop
      vertex -22.4215 40.1685 0
      vertex -22.1894 40.1302 2.4
      vertex -22.1894 40.1302 0
    endloop
  endfacet
  facet normal 0.162813 0.986657 -0
    outer loop
      vertex -22.4215 40.1685 0
      vertex -22.4215 40.1685 2.4
      vertex -22.1894 40.1302 2.4
    endloop
  endfacet
  facet normal -0.0323098 0.999478 0
    outer loop
      vertex -22.6566 40.1609 0
      vertex -22.4215 40.1685 2.4
      vertex -22.4215 40.1685 0
    endloop
  endfacet
  facet normal -0.0323098 0.999478 0
    outer loop
      vertex -22.6566 40.1609 0
      vertex -22.6566 40.1609 2.4
      vertex -22.4215 40.1685 2.4
    endloop
  endfacet
  facet normal -0.227001 0.973894 0
    outer loop
      vertex -22.8857 40.1075 0
      vertex -22.6566 40.1609 2.4
      vertex -22.6566 40.1609 0
    endloop
  endfacet
  facet normal -0.227001 0.973894 0
    outer loop
      vertex -22.8857 40.1075 0
      vertex -22.8857 40.1075 2.4
      vertex -22.6566 40.1609 2.4
    endloop
  endfacet
  facet normal -0.412714 0.910861 0
    outer loop
      vertex -23.1 40.0104 0
      vertex -22.8857 40.1075 2.4
      vertex -22.8857 40.1075 0
    endloop
  endfacet
  facet normal -0.412714 0.910861 0
    outer loop
      vertex -23.1 40.0104 0
      vertex -23.1 40.0104 2.4
      vertex -22.8857 40.1075 2.4
    endloop
  endfacet
  facet normal -0.582444 0.812871 0
    outer loop
      vertex -23.2912 39.8734 0
      vertex -23.1 40.0104 2.4
      vertex -23.1 40.0104 0
    endloop
  endfacet
  facet normal -0.582444 0.812871 0
    outer loop
      vertex -23.2912 39.8734 0
      vertex -23.2912 39.8734 2.4
      vertex -23.1 40.0104 2.4
    endloop
  endfacet
  facet normal -0.730094 0.683347 0
    outer loop
      vertex -23.452 39.7016 0
      vertex -23.2912 39.8734 2.4
      vertex -23.2912 39.8734 0
    endloop
  endfacet
  facet normal -0.730094 0.683347 0
    outer loop
      vertex -23.452 39.7016 0
      vertex -23.452 39.7016 2.4
      vertex -23.2912 39.8734 2.4
    endloop
  endfacet
  facet normal -0.849167 0.528125 0
    outer loop
      vertex -23.5762 39.5019 0
      vertex -23.452 39.7016 2.4
      vertex -23.452 39.7016 0
    endloop
  endfacet
  facet normal -0.849167 0.528125 0
    outer loop
      vertex -23.5762 39.5019 0
      vertex -23.5762 39.5019 2.4
      vertex -23.452 39.7016 2.4
    endloop
  endfacet
  facet normal -0.935874 0.352334 0
    outer loop
      vertex -23.6591 39.2817 0
      vertex -23.5762 39.5019 2.4
      vertex -23.5762 39.5019 0
    endloop
  endfacet
  facet normal -0.935874 0.352334 0
    outer loop
      vertex -23.6591 39.2817 0
      vertex -23.6591 39.2817 2.4
      vertex -23.5762 39.5019 2.4
    endloop
  endfacet
  facet normal -0.986657 0.162813 0
    outer loop
      vertex -23.6974 39.0496 0
      vertex -23.6591 39.2817 2.4
      vertex -23.6591 39.2817 0
    endloop
  endfacet
  facet normal -0.986657 0.162813 0
    outer loop
      vertex -23.6974 39.0496 0
      vertex -23.6974 39.0496 2.4
      vertex -23.6591 39.2817 2.4
    endloop
  endfacet
  facet normal -0.999464 -0.0327345 0
    outer loop
      vertex -23.6897 38.8145 0
      vertex -23.6974 39.0496 2.4
      vertex -23.6974 39.0496 0
    endloop
  endfacet
  facet normal -0.999464 -0.0327345 0
    outer loop
      vertex -23.6897 38.8145 0
      vertex -23.6897 38.8145 2.4
      vertex -23.6974 39.0496 2.4
    endloop
  endfacet
  facet normal -0.973894 -0.227001 0
    outer loop
      vertex -23.6363 38.5854 0
      vertex -23.6897 38.8145 2.4
      vertex -23.6897 38.8145 0
    endloop
  endfacet
  facet normal -0.973894 -0.227001 0
    outer loop
      vertex -23.6363 38.5854 0
      vertex -23.6363 38.5854 2.4
      vertex -23.6897 38.8145 2.4
    endloop
  endfacet
  facet normal -0.910861 -0.412714 0
    outer loop
      vertex -23.5392 38.3711 0
      vertex -23.6363 38.5854 2.4
      vertex -23.6363 38.5854 0
    endloop
  endfacet
  facet normal -0.910861 -0.412714 0
    outer loop
      vertex -23.5392 38.3711 0
      vertex -23.5392 38.3711 2.4
      vertex -23.6363 38.5854 2.4
    endloop
  endfacet
  facet normal -0.866029 -0.499994 0
    outer loop
      vertex -20.077 32.3743 0
      vertex -23.5392 38.3711 2.4
      vertex -23.5392 38.3711 0
    endloop
  endfacet
  facet normal -0.866029 -0.499994 0
    outer loop
      vertex -20.077 32.3743 0
      vertex -20.077 32.3743 2.4
      vertex -23.5392 38.3711 2.4
    endloop
  endfacet
  facet normal 0 1 0
    outer loop
      vertex -27.9215 32.3743 0
      vertex -20.077 32.3743 2.4
      vertex -20.077 32.3743 0
    endloop
  endfacet
  facet normal 0 1 0
    outer loop
      vertex -27.9215 32.3743 0
      vertex -27.9215 32.3743 2.4
      vertex -20.077 32.3743 2.4
    endloop
  endfacet
  facet normal -0.0327345 0.999464 0
    outer loop
      vertex -28.1566 32.3666 0
      vertex -27.9215 32.3743 2.4
      vertex -27.9215 32.3743 0
    endloop
  endfacet
  facet normal -0.0327345 0.999464 0
    outer loop
      vertex -28.1566 32.3666 0
      vertex -28.1566 32.3666 2.4
      vertex -27.9215 32.3743 2.4
    endloop
  endfacet
  facet normal -0.227001 0.973894 0
    outer loop
      vertex -28.3857 32.3132 0
      vertex -28.1566 32.3666 2.4
      vertex -28.1566 32.3666 0
    endloop
  endfacet
  facet normal -0.227001 0.973894 0
    outer loop
      vertex -28.3857 32.3132 0
      vertex -28.3857 32.3132 2.4
      vertex -28.1566 32.3666 2.4
    endloop
  endfacet
  facet normal -0.412714 0.910861 0
    outer loop
      vertex -28.6 32.2161 0
      vertex -28.3857 32.3132 2.4
      vertex -28.3857 32.3132 0
    endloop
  endfacet
  facet normal -0.412714 0.910861 0
    outer loop
      vertex -28.6 32.2161 0
      vertex -28.6 32.2161 2.4
      vertex -28.3857 32.3132 2.4
    endloop
  endfacet
  facet normal -0.582444 0.812871 0
    outer loop
      vertex -28.7912 32.0791 0
      vertex -28.6 32.2161 2.4
      vertex -28.6 32.2161 0
    endloop
  endfacet
  facet normal -0.582444 0.812871 0
    outer loop
      vertex -28.7912 32.0791 0
      vertex -28.7912 32.0791 2.4
      vertex -28.6 32.2161 2.4
    endloop
  endfacet
  facet normal -0.729895 0.683559 0
    outer loop
      vertex -28.952 31.9074 0
      vertex -28.7912 32.0791 2.4
      vertex -28.7912 32.0791 0
    endloop
  endfacet
  facet normal -0.729895 0.683559 0
    outer loop
      vertex -28.952 31.9074 0
      vertex -28.952 31.9074 2.4
      vertex -28.7912 32.0791 2.4
    endloop
  endfacet
  facet normal -0.849167 0.528125 0
    outer loop
      vertex -29.0762 31.7077 0
      vertex -28.952 31.9074 2.4
      vertex -28.952 31.9074 0
    endloop
  endfacet
  facet normal -0.849167 0.528125 0
    outer loop
      vertex -29.0762 31.7077 0
      vertex -29.0762 31.7077 2.4
      vertex -28.952 31.9074 2.4
    endloop
  endfacet
  facet normal -0.935874 0.352334 0
    outer loop
      vertex -29.1591 31.4875 0
      vertex -29.0762 31.7077 2.4
      vertex -29.0762 31.7077 0
    endloop
  endfacet
  facet normal -0.935874 0.352334 0
    outer loop
      vertex -29.1591 31.4875 0
      vertex -29.1591 31.4875 2.4
      vertex -29.0762 31.7077 2.4
    endloop
  endfacet
  facet normal -0.986657 0.162813 0
    outer loop
      vertex -29.1974 31.2554 0
      vertex -29.1591 31.4875 2.4
      vertex -29.1591 31.4875 0
    endloop
  endfacet
  facet normal -0.986657 0.162813 0
    outer loop
      vertex -29.1974 31.2554 0
      vertex -29.1974 31.2554 2.4
      vertex -29.1591 31.4875 2.4
    endloop
  endfacet
  facet normal -0.999464 -0.0327345 0
    outer loop
      vertex -29.1897 31.0203 0
      vertex -29.1974 31.2554 2.4
      vertex -29.1974 31.2554 0
    endloop
  endfacet
  facet normal -0.999464 -0.0327345 0
    outer loop
      vertex -29.1897 31.0203 0
      vertex -29.1897 31.0203 2.4
      vertex -29.1974 31.2554 2.4
    endloop
  endfacet
  facet normal -0.973894 -0.227001 0
    outer loop
      vertex -29.1363 30.7912 0
      vertex -29.1897 31.0203 2.4
      vertex -29.1897 31.0203 0
    endloop
  endfacet
  facet normal -0.973894 -0.227001 0
    outer loop
      vertex -29.1363 30.7912 0
      vertex -29.1363 30.7912 2.4
      vertex -29.1897 31.0203 2.4
    endloop
  endfacet
  facet normal -0.910861 -0.412714 0
    outer loop
      vertex -29.0392 30.5769 0
      vertex -29.1363 30.7912 2.4
      vertex -29.1363 30.7912 0
    endloop
  endfacet
  facet normal -0.910861 -0.412714 0
    outer loop
      vertex -29.0392 30.5769 0
      vertex -29.0392 30.5769 2.4
      vertex -29.1363 30.7912 2.4
    endloop
  endfacet
  facet normal -0.812871 -0.582444 0
    outer loop
      vertex -28.9022 30.3857 0
      vertex -29.0392 30.5769 2.4
      vertex -29.0392 30.5769 0
    endloop
  endfacet
  facet normal -0.812871 -0.582444 0
    outer loop
      vertex -28.9022 30.3857 0
      vertex -28.9022 30.3857 2.4
      vertex -29.0392 30.5769 2.4
    endloop
  endfacet
  facet normal -0.683559 -0.729895 0
    outer loop
      vertex -28.7305 30.2249 0
      vertex -28.9022 30.3857 2.4
      vertex -28.9022 30.3857 0
    endloop
  endfacet
  facet normal -0.683559 -0.729895 0
    outer loop
      vertex -28.7305 30.2249 0
      vertex -28.7305 30.2249 2.4
      vertex -28.9022 30.3857 2.4
    endloop
  endfacet
  facet normal -0.527934 -0.849285 0
    outer loop
      vertex -28.5307 30.1007 0
      vertex -28.7305 30.2249 2.4
      vertex -28.7305 30.2249 0
    endloop
  endfacet
  facet normal -0.527934 -0.849285 0
    outer loop
      vertex -28.5307 30.1007 0
      vertex -28.5307 30.1007 2.4
      vertex -28.7305 30.2249 2.4
    endloop
  endfacet
  facet normal -0.352474 -0.935821 0
    outer loop
      vertex -28.3106 30.0178 0
      vertex -28.5307 30.1007 2.4
      vertex -28.5307 30.1007 0
    endloop
  endfacet
  facet normal -0.352474 -0.935821 0
    outer loop
      vertex -28.3106 30.0178 0
      vertex -28.3106 30.0178 2.4
      vertex -28.5307 30.1007 2.4
    endloop
  endfacet
  facet normal -0.162813 -0.986657 0
    outer loop
      vertex -28.0785 29.9795 0
      vertex -28.3106 30.0178 2.4
      vertex -28.3106 30.0178 0
    endloop
  endfacet
  facet normal -0.162813 -0.986657 0
    outer loop
      vertex -28.0785 29.9795 0
      vertex -28.0785 29.9795 2.4
      vertex -28.3106 30.0178 2.4
    endloop
  endfacet
  facet normal 0 -1 0
    outer loop
      vertex -18.6943 29.9795 0
      vertex -28.0785 29.9795 2.4
      vertex -28.0785 29.9795 0
    endloop
  endfacet
  facet normal 0 -1 0
    outer loop
      vertex -18.6943 29.9795 0
      vertex -18.6943 29.9795 2.4
      vertex -28.0785 29.9795 2.4
    endloop
  endfacet
  facet normal -0.866029 -0.499994 0
    outer loop
      vertex -14.452 22.6315 0
      vertex -18.6943 29.9795 2.4
      vertex -18.6943 29.9795 0
    endloop
  endfacet
  facet normal -0.866029 -0.499994 0
    outer loop
      vertex -14.452 22.6315 0
      vertex -14.452 22.6315 2.4
      vertex -18.6943 29.9795 2.4
    endloop
  endfacet
  facet normal 0 1 0
    outer loop
      vertex -28.2965 22.6315 0
      vertex -14.452 22.6315 2.4
      vertex -14.452 22.6315 0
    endloop
  endfacet
  facet normal 0 1 0
    outer loop
      vertex -28.2965 22.6315 0
      vertex -28.2965 22.6315 2.4
      vertex -14.452 22.6315 2.4
    endloop
  endfacet
  facet normal -0.0327345 0.999464 0
    outer loop
      vertex -28.5316 22.6238 0
      vertex -28.2965 22.6315 2.4
      vertex -28.2965 22.6315 0
    endloop
  endfacet
  facet normal -0.0327345 0.999464 0
    outer loop
      vertex -28.5316 22.6238 0
      vertex -28.5316 22.6238 2.4
      vertex -28.2965 22.6315 2.4
    endloop
  endfacet
  facet normal -0.227001 0.973894 0
    outer loop
      vertex -28.7607 22.5704 0
      vertex -28.5316 22.6238 2.4
      vertex -28.5316 22.6238 0
    endloop
  endfacet
  facet normal -0.227001 0.973894 0
    outer loop
      vertex -28.7607 22.5704 0
      vertex -28.7607 22.5704 2.4
      vertex -28.5316 22.6238 2.4
    endloop
  endfacet
  facet normal -0.412361 0.91102 0
    outer loop
      vertex -28.975 22.4734 0
      vertex -28.7607 22.5704 2.4
      vertex -28.7607 22.5704 0
    endloop
  endfacet
  facet normal -0.412361 0.91102 0
    outer loop
      vertex -28.975 22.4734 0
      vertex -28.975 22.4734 2.4
      vertex -28.7607 22.5704 2.4
    endloop
  endfacet
  facet normal -0.582725 0.81267 0
    outer loop
      vertex -29.1662 22.3363 0
      vertex -28.975 22.4734 2.4
      vertex -28.975 22.4734 0
    endloop
  endfacet
  facet normal -0.582725 0.81267 0
    outer loop
      vertex -29.1662 22.3363 0
      vertex -29.1662 22.3363 2.4
      vertex -28.975 22.4734 2.4
    endloop
  endfacet
  facet normal -0.729895 0.683559 0
    outer loop
      vertex -29.327 22.1646 0
      vertex -29.1662 22.3363 2.4
      vertex -29.1662 22.3363 0
    endloop
  endfacet
  facet normal -0.729895 0.683559 0
    outer loop
      vertex -29.327 22.1646 0
      vertex -29.327 22.1646 2.4
      vertex -29.1662 22.3363 2.4
    endloop
  endfacet
  facet normal -0.849167 0.528125 0
    outer loop
      vertex -29.4512 21.9649 0
      vertex -29.327 22.1646 2.4
      vertex -29.327 22.1646 0
    endloop
  endfacet
  facet normal -0.849167 0.528125 0
    outer loop
      vertex -29.4512 21.9649 0
      vertex -29.4512 21.9649 2.4
      vertex -29.327 22.1646 2.4
    endloop
  endfacet
  facet normal -0.935874 0.352334 0
    outer loop
      vertex -29.5341 21.7447 0
      vertex -29.4512 21.9649 2.4
      vertex -29.4512 21.9649 0
    endloop
  endfacet
  facet normal -0.935874 0.352334 0
    outer loop
      vertex -29.5341 21.7447 0
      vertex -29.5341 21.7447 2.4
      vertex -29.4512 21.9649 2.4
    endloop
  endfacet
  facet normal -0.986657 0.162813 0
    outer loop
      vertex -29.5724 21.5126 0
      vertex -29.5341 21.7447 2.4
      vertex -29.5341 21.7447 0
    endloop
  endfacet
  facet normal -0.986657 0.162813 0
    outer loop
      vertex -29.5724 21.5126 0
      vertex -29.5724 21.5126 2.4
      vertex -29.5341 21.7447 2.4
    endloop
  endfacet
  facet normal -0.999464 -0.0327345 0
    outer loop
      vertex -29.5647 21.2775 0
      vertex -29.5724 21.5126 2.4
      vertex -29.5724 21.5126 0
    endloop
  endfacet
  facet normal -0.999464 -0.0327345 0
    outer loop
      vertex -29.5647 21.2775 0
      vertex -29.5647 21.2775 2.4
      vertex -29.5724 21.5126 2.4
    endloop
  endfacet
  facet normal -0.973894 -0.227001 0
    outer loop
      vertex -29.5113 21.0484 0
      vertex -29.5647 21.2775 2.4
      vertex -29.5647 21.2775 0
    endloop
  endfacet
  facet normal -0.973894 -0.227001 0
    outer loop
      vertex -29.5113 21.0484 0
      vertex -29.5113 21.0484 2.4
      vertex -29.5647 21.2775 2.4
    endloop
  endfacet
  facet normal -0.910861 -0.412714 0
    outer loop
      vertex -29.4142 20.8341 0
      vertex -29.5113 21.0484 2.4
      vertex -29.5113 21.0484 0
    endloop
  endfacet
  facet normal -0.910861 -0.412714 0
    outer loop
      vertex -29.4142 20.8341 0
      vertex -29.4142 20.8341 2.4
      vertex -29.5113 21.0484 2.4
    endloop
  endfacet
  facet normal -0.812871 -0.582444 0
    outer loop
      vertex -29.2772 20.6429 0
      vertex -29.4142 20.8341 2.4
      vertex -29.4142 20.8341 0
    endloop
  endfacet
  facet normal -0.812871 -0.582444 0
    outer loop
      vertex -29.2772 20.6429 0
      vertex -29.2772 20.6429 2.4
      vertex -29.4142 20.8341 2.4
    endloop
  endfacet
  facet normal -0.683559 -0.729895 0
    outer loop
      vertex -29.1055 20.4821 0
      vertex -29.2772 20.6429 2.4
      vertex -29.2772 20.6429 0
    endloop
  endfacet
  facet normal -0.683559 -0.729895 0
    outer loop
      vertex -29.1055 20.4821 0
      vertex -29.1055 20.4821 2.4
      vertex -29.2772 20.6429 2.4
    endloop
  endfacet
  facet normal -0.527934 -0.849285 0
    outer loop
      vertex -28.9057 20.3579 0
      vertex -29.1055 20.4821 2.4
      vertex -29.1055 20.4821 0
    endloop
  endfacet
  facet normal -0.527934 -0.849285 0
    outer loop
      vertex -28.9057 20.3579 0
      vertex -28.9057 20.3579 2.4
      vertex -29.1055 20.4821 2.4
    endloop
  endfacet
  facet normal -0.352474 -0.935821 0
    outer loop
      vertex -28.6856 20.275 0
      vertex -28.9057 20.3579 2.4
      vertex -28.9057 20.3579 0
    endloop
  endfacet
  facet normal -0.352474 -0.935821 0
    outer loop
      vertex -28.6856 20.275 0
      vertex -28.6856 20.275 2.4
      vertex -28.9057 20.3579 2.4
    endloop
  endfacet
  facet normal -0.162813 -0.986657 0
    outer loop
      vertex -28.4535 20.2367 0
      vertex -28.6856 20.275 2.4
      vertex -28.6856 20.275 0
    endloop
  endfacet
  facet normal -0.162813 -0.986657 0
    outer loop
      vertex -28.4535 20.2367 0
      vertex -28.4535 20.2367 2.4
      vertex -28.6856 20.275 2.4
    endloop
  endfacet
  facet normal 0 -1 0
    outer loop
      vertex -13.0693 20.2367 0
      vertex -28.4535 20.2367 2.4
      vertex -28.4535 20.2367 0
    endloop
  endfacet
  facet normal 0 -1 0
    outer loop
      vertex -13.0693 20.2367 0
      vertex -13.0693 20.2367 2.4
      vertex -28.4535 20.2367 2.4
    endloop
  endfacet
  facet normal -0.866024 -0.500002 0
    outer loop
      vertex -8.82697 12.8888 0
      vertex -13.0693 20.2367 2.4
      vertex -13.0693 20.2367 0
    endloop
  endfacet
  facet normal -0.866024 -0.500002 0
    outer loop
      vertex -8.82697 12.8888 0
      vertex -8.82697 12.8888 2.4
      vertex -13.0693 20.2367 2.4
    endloop
  endfacet
  facet normal 0 1 0
    outer loop
      vertex -18.6715 12.8888 0
      vertex -8.82697 12.8888 2.4
      vertex -8.82697 12.8888 0
    endloop
  endfacet
  facet normal 0 1 0
    outer loop
      vertex -18.6715 12.8888 0
      vertex -18.6715 12.8888 2.4
      vertex -8.82697 12.8888 2.4
    endloop
  endfacet
  facet normal -0.0327345 0.999464 0
    outer loop
      vertex -18.9066 12.8811 0
      vertex -18.6715 12.8888 2.4
      vertex -18.6715 12.8888 0
    endloop
  endfacet
  facet normal -0.0327345 0.999464 0
    outer loop
      vertex -18.9066 12.8811 0
      vertex -18.9066 12.8811 2.4
      vertex -18.6715 12.8888 2.4
    endloop
  endfacet
  facet normal -0.227001 0.973894 0
    outer loop
      vertex -19.1357 12.8277 0
      vertex -18.9066 12.8811 2.4
      vertex -18.9066 12.8811 0
    endloop
  endfacet
  facet normal -0.227001 0.973894 0
    outer loop
      vertex -19.1357 12.8277 0
      vertex -19.1357 12.8277 2.4
      vertex -18.9066 12.8811 2.4
    endloop
  endfacet
  facet normal -0.412714 0.910861 0
    outer loop
      vertex -19.35 12.7306 0
      vertex -19.1357 12.8277 2.4
      vertex -19.1357 12.8277 0
    endloop
  endfacet
  facet normal -0.412714 0.910861 0
    outer loop
      vertex -19.35 12.7306 0
      vertex -19.35 12.7306 2.4
      vertex -19.1357 12.8277 2.4
    endloop
  endfacet
  facet normal -0.582444 0.812871 0
    outer loop
      vertex -19.5412 12.5936 0
      vertex -19.35 12.7306 2.4
      vertex -19.35 12.7306 0
    endloop
  endfacet
  facet normal -0.582444 0.812871 0
    outer loop
      vertex -19.5412 12.5936 0
      vertex -19.5412 12.5936 2.4
      vertex -19.35 12.7306 2.4
    endloop
  endfacet
  facet normal -0.730094 0.683347 0
    outer loop
      vertex -19.702 12.4218 0
      vertex -19.5412 12.5936 2.4
      vertex -19.5412 12.5936 0
    endloop
  endfacet
  facet normal -0.730094 0.683347 0
    outer loop
      vertex -19.702 12.4218 0
      vertex -19.702 12.4218 2.4
      vertex -19.5412 12.5936 2.4
    endloop
  endfacet
  facet normal -0.849167 0.528125 0
    outer loop
      vertex -19.8262 12.2221 0
      vertex -19.702 12.4218 2.4
      vertex -19.702 12.4218 0
    endloop
  endfacet
  facet normal -0.849167 0.528125 0
    outer loop
      vertex -19.8262 12.2221 0
      vertex -19.8262 12.2221 2.4
      vertex -19.702 12.4218 2.4
    endloop
  endfacet
  facet normal -0.935874 0.352334 0
    outer loop
      vertex -19.9091 12.0019 0
      vertex -19.8262 12.2221 2.4
      vertex -19.8262 12.2221 0
    endloop
  endfacet
  facet normal -0.935874 0.352334 0
    outer loop
      vertex -19.9091 12.0019 0
      vertex -19.9091 12.0019 2.4
      vertex -19.8262 12.2221 2.4
    endloop
  endfacet
  facet normal -0.986657 0.162813 0
    outer loop
      vertex -19.9474 11.7698 0
      vertex -19.9091 12.0019 2.4
      vertex -19.9091 12.0019 0
    endloop
  endfacet
  facet normal -0.986657 0.162813 0
    outer loop
      vertex -19.9474 11.7698 0
      vertex -19.9474 11.7698 2.4
      vertex -19.9091 12.0019 2.4
    endloop
  endfacet
  facet normal -0.999464 -0.0327345 0
    outer loop
      vertex -19.9397 11.5347 0
      vertex -19.9474 11.7698 2.4
      vertex -19.9474 11.7698 0
    endloop
  endfacet
  facet normal -0.999464 -0.0327345 0
    outer loop
      vertex -19.9397 11.5347 0
      vertex -19.9397 11.5347 2.4
      vertex -19.9474 11.7698 2.4
    endloop
  endfacet
  facet normal -0.974391 -0.22486 0
    outer loop
      vertex -19.9337 11.5087 0
      vertex -19.9397 11.5347 2.4
      vertex -19.9397 11.5347 0
    endloop
  endfacet
  facet normal -0.974391 -0.22486 0
    outer loop
      vertex -19.9337 11.5087 0
      vertex -19.9337 11.5087 2.4
      vertex -19.9397 11.5347 2.4
    endloop
  endfacet
  facet normal -0.292504 0.956264 0
    outer loop
      vertex -19.9592 11.5009 0
      vertex -19.9337 11.5087 2.4
      vertex -19.9337 11.5087 0
    endloop
  endfacet
  facet normal -0.292504 0.956264 0
    outer loop
      vertex -19.9592 11.5009 0
      vertex -19.9592 11.5009 2.4
      vertex -19.9337 11.5087 2.4
    endloop
  endfacet
  facet normal -0.471029 0.882117 0
    outer loop
      vertex -20.1667 11.3901 0
      vertex -19.9592 11.5009 2.4
      vertex -19.9592 11.5009 0
    endloop
  endfacet
  facet normal -0.471029 0.882117 0
    outer loop
      vertex -20.1667 11.3901 0
      vertex -20.1667 11.3901 2.4
      vertex -19.9592 11.5009 2.4
    endloop
  endfacet
  facet normal -0.634649 0.772801 0
    outer loop
      vertex -20.3485 11.2408 0
      vertex -20.1667 11.3901 2.4
      vertex -20.1667 11.3901 0
    endloop
  endfacet
  facet normal -0.634649 0.772801 0
    outer loop
      vertex -20.3485 11.2408 0
      vertex -20.3485 11.2408 2.4
      vertex -20.1667 11.3901 2.4
    endloop
  endfacet
  facet normal -0.772801 0.634649 0
    outer loop
      vertex -20.4978 11.059 0
      vertex -20.3485 11.2408 2.4
      vertex -20.3485 11.2408 0
    endloop
  endfacet
  facet normal -0.772801 0.634649 0
    outer loop
      vertex -20.4978 11.059 0
      vertex -20.4978 11.059 2.4
      vertex -20.3485 11.2408 2.4
    endloop
  endfacet
  facet normal -0.882117 0.471029 0
    outer loop
      vertex -20.6086 10.8515 0
      vertex -20.4978 11.059 2.4
      vertex -20.4978 11.059 0
    endloop
  endfacet
  facet normal -0.882117 0.471029 0
    outer loop
      vertex -20.6086 10.8515 0
      vertex -20.6086 10.8515 2.4
      vertex -20.4978 11.059 2.4
    endloop
  endfacet
  facet normal -0.956921 0.29035 0
    outer loop
      vertex -20.6769 10.6264 0
      vertex -20.6086 10.8515 2.4
      vertex -20.6086 10.8515 0
    endloop
  endfacet
  facet normal -0.956921 0.29035 0
    outer loop
      vertex -20.6769 10.6264 0
      vertex -20.6769 10.6264 2.4
      vertex -20.6086 10.8515 2.4
    endloop
  endfacet
  facet normal -0.995167 0.0981989 0
    outer loop
      vertex -20.7 10.3923 0
      vertex -20.6769 10.6264 2.4
      vertex -20.6769 10.6264 0
    endloop
  endfacet
  facet normal -0.995167 0.0981989 0
    outer loop
      vertex -20.7 10.3923 0
      vertex -20.7 10.3923 2.4
      vertex -20.6769 10.6264 2.4
    endloop
  endfacet
  facet normal -0.995167 -0.0981989 0
    outer loop
      vertex -20.6769 10.1582 0
      vertex -20.7 10.3923 2.4
      vertex -20.7 10.3923 0
    endloop
  endfacet
  facet normal -0.995167 -0.0981989 0
    outer loop
      vertex -20.6769 10.1582 0
      vertex -20.6769 10.1582 2.4
      vertex -20.7 10.3923 2.4
    endloop
  endfacet
  facet normal -0.956931 -0.290314 0
    outer loop
      vertex -20.6086 9.93307 0
      vertex -20.6769 10.1582 2.4
      vertex -20.6769 10.1582 0
    endloop
  endfacet
  facet normal -0.956931 -0.290314 0
    outer loop
      vertex -20.6086 9.93307 0
      vertex -20.6086 9.93307 2.4
      vertex -20.6769 10.1582 2.4
    endloop
  endfacet
  facet normal -0.88207 -0.471118 0
    outer loop
      vertex -20.4978 9.72562 0
      vertex -20.6086 9.93307 2.4
      vertex -20.6086 9.93307 0
    endloop
  endfacet
  facet normal -0.88207 -0.471118 0
    outer loop
      vertex -20.4978 9.72562 0
      vertex -20.4978 9.72562 2.4
      vertex -20.6086 9.93307 2.4
    endloop
  endfacet
  facet normal -0.866024 -0.500002 0
    outer loop
      vertex -15.5755 1.2 0
      vertex -20.4978 9.72562 2.4
      vertex -20.4978 9.72562 0
    endloop
  endfacet
  facet normal -0.866024 -0.500002 0
    outer loop
      vertex -15.5755 1.2 0
      vertex -15.5755 1.2 2.4
      vertex -20.4978 9.72562 2.4
    endloop
  endfacet
  facet normal 0 1 0
    outer loop
      vertex -24.0602 1.2 0
      vertex -15.5755 1.2 2.4
      vertex -15.5755 1.2 0
    endloop
  endfacet
  facet normal 0 1 0
    outer loop
      vertex -24.0602 1.2 0
      vertex -24.0602 1.2 2.4
      vertex -15.5755 1.2 2.4
    endloop
  endfacet
  facet normal 0.866028 0.499995 0
    outer loop
      vertex -31.7522 14.5231 0
      vertex -24.0602 1.2 2.4
      vertex -24.0602 1.2 0
    endloop
  endfacet
  facet normal 0.866028 0.499995 -0
    outer loop
      vertex -31.7522 14.5231 0
      vertex -31.7522 14.5231 2.4
      vertex -24.0602 1.2 2.4
    endloop
  endfacet
  facet normal 0.772801 0.634649 0
    outer loop
      vertex -31.9015 14.7049 0
      vertex -31.7522 14.5231 2.4
      vertex -31.7522 14.5231 0
    endloop
  endfacet
  facet normal 0.772801 0.634649 -0
    outer loop
      vertex -31.9015 14.7049 0
      vertex -31.9015 14.7049 2.4
      vertex -31.7522 14.5231 2.4
    endloop
  endfacet
  facet normal 0.634649 0.772801 0
    outer loop
      vertex -32.0833 14.8542 0
      vertex -31.9015 14.7049 2.4
      vertex -31.9015 14.7049 0
    endloop
  endfacet
  facet normal 0.634649 0.772801 -0
    outer loop
      vertex -32.0833 14.8542 0
      vertex -32.0833 14.8542 2.4
      vertex -31.9015 14.7049 2.4
    endloop
  endfacet
  facet normal 0.47136 0.881941 0
    outer loop
      vertex -32.2908 14.9651 0
      vertex -32.0833 14.8542 2.4
      vertex -32.0833 14.8542 0
    endloop
  endfacet
  facet normal 0.47136 0.881941 -0
    outer loop
      vertex -32.2908 14.9651 0
      vertex -32.2908 14.9651 2.4
      vertex -32.0833 14.8542 2.4
    endloop
  endfacet
  facet normal 0.28996 0.957039 0
    outer loop
      vertex -32.5159 15.0333 0
      vertex -32.2908 14.9651 2.4
      vertex -32.2908 14.9651 0
    endloop
  endfacet
  facet normal 0.28996 0.957039 -0
    outer loop
      vertex -32.5159 15.0333 0
      vertex -32.5159 15.0333 2.4
      vertex -32.2908 14.9651 2.4
    endloop
  endfacet
  facet normal 0.0981989 0.995167 0
    outer loop
      vertex -32.75 15.0564 0
      vertex -32.5159 15.0333 2.4
      vertex -32.5159 15.0333 0
    endloop
  endfacet
  facet normal 0.0981989 0.995167 -0
    outer loop
      vertex -32.75 15.0564 0
      vertex -32.75 15.0564 2.4
      vertex -32.5159 15.0333 2.4
    endloop
  endfacet
  facet normal -0.0981989 0.995167 0
    outer loop
      vertex -32.9841 15.0333 0
      vertex -32.75 15.0564 2.4
      vertex -32.75 15.0564 0
    endloop
  endfacet
  facet normal -0.0981989 0.995167 0
    outer loop
      vertex -32.9841 15.0333 0
      vertex -32.9841 15.0333 2.4
      vertex -32.75 15.0564 2.4
    endloop
  endfacet
  facet normal -0.28996 0.957039 0
    outer loop
      vertex -33.2092 14.9651 0
      vertex -32.9841 15.0333 2.4
      vertex -32.9841 15.0333 0
    endloop
  endfacet
  facet normal -0.28996 0.957039 0
    outer loop
      vertex -33.2092 14.9651 0
      vertex -33.2092 14.9651 2.4
      vertex -32.9841 15.0333 2.4
    endloop
  endfacet
  facet normal -0.47136 0.881941 0
    outer loop
      vertex -33.4167 14.8542 0
      vertex -33.2092 14.9651 2.4
      vertex -33.2092 14.9651 0
    endloop
  endfacet
  facet normal -0.47136 0.881941 0
    outer loop
      vertex -33.4167 14.8542 0
      vertex -33.4167 14.8542 2.4
      vertex -33.2092 14.9651 2.4
    endloop
  endfacet
  facet normal -0.634649 0.772801 0
    outer loop
      vertex -33.5985 14.7049 0
      vertex -33.4167 14.8542 2.4
      vertex -33.4167 14.8542 0
    endloop
  endfacet
  facet normal -0.634649 0.772801 0
    outer loop
      vertex -33.5985 14.7049 0
      vertex -33.5985 14.7049 2.4
      vertex -33.4167 14.8542 2.4
    endloop
  endfacet
  facet normal -0.772801 0.634649 0
    outer loop
      vertex -33.7478 14.5231 0
      vertex -33.5985 14.7049 2.4
      vertex -33.5985 14.7049 0
    endloop
  endfacet
  facet normal -0.772801 0.634649 0
    outer loop
      vertex -33.7478 14.5231 0
      vertex -33.7478 14.5231 2.4
      vertex -33.5985 14.7049 2.4
    endloop
  endfacet
  facet normal -0.882117 0.471029 0
    outer loop
      vertex -33.8586 14.3156 0
      vertex -33.7478 14.5231 2.4
      vertex -33.7478 14.5231 0
    endloop
  endfacet
  facet normal -0.882117 0.471029 0
    outer loop
      vertex -33.8586 14.3156 0
      vertex -33.8586 14.3156 2.4
      vertex -33.7478 14.5231 2.4
    endloop
  endfacet
  facet normal -0.956921 0.29035 0
    outer loop
      vertex -33.9269 14.0905 0
      vertex -33.8586 14.3156 2.4
      vertex -33.8586 14.3156 0
    endloop
  endfacet
  facet normal -0.956921 0.29035 0
    outer loop
      vertex -33.9269 14.0905 0
      vertex -33.9269 14.0905 2.4
      vertex -33.8586 14.3156 2.4
    endloop
  endfacet
  facet normal -0.995167 0.0981989 0
    outer loop
      vertex -33.95 13.8564 0
      vertex -33.9269 14.0905 2.4
      vertex -33.9269 14.0905 0
    endloop
  endfacet
  facet normal -0.995167 0.0981989 0
    outer loop
      vertex -33.95 13.8564 0
      vertex -33.95 13.8564 2.4
      vertex -33.9269 14.0905 2.4
    endloop
  endfacet
  facet normal -0.995167 -0.0981989 0
    outer loop
      vertex -33.9269 13.6223 0
      vertex -33.95 13.8564 2.4
      vertex -33.95 13.8564 0
    endloop
  endfacet
  facet normal -0.995167 -0.0981989 0
    outer loop
      vertex -33.9269 13.6223 0
      vertex -33.9269 13.6223 2.4
      vertex -33.95 13.8564 2.4
    endloop
  endfacet
  facet normal -0.956921 -0.29035 0
    outer loop
      vertex -33.8586 13.3972 0
      vertex -33.9269 13.6223 2.4
      vertex -33.9269 13.6223 0
    endloop
  endfacet
  facet normal -0.956921 -0.29035 0
    outer loop
      vertex -33.8586 13.3972 0
      vertex -33.8586 13.3972 2.4
      vertex -33.9269 13.6223 2.4
    endloop
  endfacet
  facet normal -0.882117 -0.471029 0
    outer loop
      vertex -33.7478 13.1897 0
      vertex -33.8586 13.3972 2.4
      vertex -33.8586 13.3972 0
    endloop
  endfacet
  facet normal -0.882117 -0.471029 0
    outer loop
      vertex -33.7478 13.1897 0
      vertex -33.7478 13.1897 2.4
      vertex -33.8586 13.3972 2.4
    endloop
  endfacet
  facet normal -0.866024 -0.500002 0
    outer loop
      vertex -26.8255 1.2 0
      vertex -33.7478 13.1897 2.4
      vertex -33.7478 13.1897 0
    endloop
  endfacet
  facet normal -0.866024 -0.500002 0
    outer loop
      vertex -26.8255 1.2 0
      vertex -26.8255 1.2 2.4
      vertex -33.7478 13.1897 2.4
    endloop
  endfacet
  facet normal 0 1 0
    outer loop
      vertex -35.3102 1.2 0
      vertex -26.8255 1.2 2.4
      vertex -26.8255 1.2 0
    endloop
  endfacet
  facet normal 0 1 0
    outer loop
      vertex -35.3102 1.2 0
      vertex -35.3102 1.2 2.4
      vertex -26.8255 1.2 2.4
    endloop
  endfacet
  facet normal 0.866029 0.499993 0
    outer loop
      vertex -40.0022 9.32693 0
      vertex -35.3102 1.2 2.4
      vertex -35.3102 1.2 0
    endloop
  endfacet
  facet normal 0.866029 0.499993 -0
    outer loop
      vertex -40.0022 9.32693 0
      vertex -40.0022 9.32693 2.4
      vertex -35.3102 1.2 2.4
    endloop
  endfacet
  facet normal 0.772869 0.634565 0
    outer loop
      vertex -40.1515 9.50877 0
      vertex -40.0022 9.32693 2.4
      vertex -40.0022 9.32693 0
    endloop
  endfacet
  facet normal 0.772869 0.634565 -0
    outer loop
      vertex -40.1515 9.50877 0
      vertex -40.1515 9.50877 2.4
      vertex -40.0022 9.32693 2.4
    endloop
  endfacet
  facet normal 0.634471 0.772947 0
    outer loop
      vertex -40.3333 9.658 0
      vertex -40.1515 9.50877 2.4
      vertex -40.1515 9.50877 0
    endloop
  endfacet
  facet normal 0.634471 0.772947 -0
    outer loop
      vertex -40.3333 9.658 0
      vertex -40.3333 9.658 2.4
      vertex -40.1515 9.50877 2.4
    endloop
  endfacet
  facet normal 0.471393 0.881923 0
    outer loop
      vertex -40.5408 9.76891 0
      vertex -40.3333 9.658 2.4
      vertex -40.3333 9.658 0
    endloop
  endfacet
  facet normal 0.471393 0.881923 -0
    outer loop
      vertex -40.5408 9.76891 0
      vertex -40.5408 9.76891 2.4
      vertex -40.3333 9.658 2.4
    endloop
  endfacet
  facet normal 0.290272 0.956944 0
    outer loop
      vertex -40.7659 9.83719 0
      vertex -40.5408 9.76891 2.4
      vertex -40.5408 9.76891 0
    endloop
  endfacet
  facet normal 0.290272 0.956944 -0
    outer loop
      vertex -40.7659 9.83719 0
      vertex -40.7659 9.83719 2.4
      vertex -40.5408 9.76891 2.4
    endloop
  endfacet
  facet normal 0.0979884 0.995188 0
    outer loop
      vertex -41 9.86024 0
      vertex -40.7659 9.83719 2.4
      vertex -40.7659 9.83719 0
    endloop
  endfacet
  facet normal 0.0979884 0.995188 -0
    outer loop
      vertex -41 9.86024 0
      vertex -41 9.86024 2.4
      vertex -40.7659 9.83719 2.4
    endloop
  endfacet
  facet normal -0.0979884 0.995188 0
    outer loop
      vertex -41.2341 9.83719 0
      vertex -41 9.86024 2.4
      vertex -41 9.86024 0
    endloop
  endfacet
  facet normal -0.0979884 0.995188 0
    outer loop
      vertex -41.2341 9.83719 0
      vertex -41.2341 9.83719 2.4
      vertex -41 9.86024 2.4
    endloop
  endfacet
  facet normal -0.290272 0.956944 0
    outer loop
      vertex -41.4592 9.76891 0
      vertex -41.2341 9.83719 2.4
      vertex -41.2341 9.83719 0
    endloop
  endfacet
  facet normal -0.290272 0.956944 0
    outer loop
      vertex -41.4592 9.76891 0
      vertex -41.4592 9.76891 2.4
      vertex -41.2341 9.83719 2.4
    endloop
  endfacet
  facet normal -0.471393 0.881923 0
    outer loop
      vertex -41.6667 9.658 0
      vertex -41.4592 9.76891 2.4
      vertex -41.4592 9.76891 0
    endloop
  endfacet
  facet normal -0.471393 0.881923 0
    outer loop
      vertex -41.6667 9.658 0
      vertex -41.6667 9.658 2.4
      vertex -41.4592 9.76891 2.4
    endloop
  endfacet
  facet normal -0.634471 0.772947 0
    outer loop
      vertex -41.8485 9.50877 0
      vertex -41.6667 9.658 2.4
      vertex -41.6667 9.658 0
    endloop
  endfacet
  facet normal -0.634471 0.772947 0
    outer loop
      vertex -41.8485 9.50877 0
      vertex -41.8485 9.50877 2.4
      vertex -41.6667 9.658 2.4
    endloop
  endfacet
  facet normal -0.772869 0.634565 0
    outer loop
      vertex -41.9978 9.32693 0
      vertex -41.8485 9.50877 2.4
      vertex -41.8485 9.50877 0
    endloop
  endfacet
  facet normal -0.772869 0.634565 0
    outer loop
      vertex -41.9978 9.32693 0
      vertex -41.9978 9.32693 2.4
      vertex -41.8485 9.50877 2.4
    endloop
  endfacet
  facet normal -0.882089 0.471082 0
    outer loop
      vertex -42.1086 9.11946 0
      vertex -41.9978 9.32693 2.4
      vertex -41.9978 9.32693 0
    endloop
  endfacet
  facet normal -0.882089 0.471082 0
    outer loop
      vertex -42.1086 9.11946 0
      vertex -42.1086 9.11946 2.4
      vertex -41.9978 9.32693 2.4
    endloop
  endfacet
  facet normal -0.956924 0.290338 0
    outer loop
      vertex -42.1769 8.89435 0
      vertex -42.1086 9.11946 2.4
      vertex -42.1086 9.11946 0
    endloop
  endfacet
  facet normal -0.956924 0.290338 0
    outer loop
      vertex -42.1769 8.89435 0
      vertex -42.1769 8.89435 2.4
      vertex -42.1086 9.11946 2.4
    endloop
  endfacet
  facet normal -0.995167 0.0981989 0
    outer loop
      vertex -42.2 8.66025 0
      vertex -42.1769 8.89435 2.4
      vertex -42.1769 8.89435 0
    endloop
  endfacet
  facet normal -0.995167 0.0981989 0
    outer loop
      vertex -42.2 8.66025 0
      vertex -42.2 8.66025 2.4
      vertex -42.1769 8.89435 2.4
    endloop
  endfacet
  facet normal -0.995168 -0.0981906 0
    outer loop
      vertex -42.1769 8.42613 0
      vertex -42.2 8.66025 2.4
      vertex -42.2 8.66025 0
    endloop
  endfacet
  facet normal -0.995168 -0.0981906 0
    outer loop
      vertex -42.1769 8.42613 0
      vertex -42.1769 8.42613 2.4
      vertex -42.2 8.66025 2.4
    endloop
  endfacet
  facet normal -0.956924 -0.290338 0
    outer loop
      vertex -42.1086 8.20102 0
      vertex -42.1769 8.42613 2.4
      vertex -42.1769 8.42613 0
    endloop
  endfacet
  facet normal -0.956924 -0.290338 0
    outer loop
      vertex -42.1086 8.20102 0
      vertex -42.1086 8.20102 2.4
      vertex -42.1769 8.42613 2.4
    endloop
  endfacet
  facet normal -0.88208 -0.4711 0
    outer loop
      vertex -41.9978 7.99356 0
      vertex -42.1086 8.20102 2.4
      vertex -42.1086 8.20102 0
    endloop
  endfacet
  facet normal -0.88208 -0.4711 0
    outer loop
      vertex -41.9978 7.99356 0
      vertex -41.9978 7.99356 2.4
      vertex -42.1086 8.20102 2.4
    endloop
  endfacet
  facet normal -0.866023 -0.500003 0
    outer loop
      vertex -38.0755 1.2 0
      vertex -41.9978 7.99356 2.4
      vertex -41.9978 7.99356 0
    endloop
  endfacet
  facet normal -0.866023 -0.500003 0
    outer loop
      vertex -38.0755 1.2 0
      vertex -38.0755 1.2 2.4
      vertex -41.9978 7.99356 2.4
    endloop
  endfacet
  facet normal 0 1 0
    outer loop
      vertex -45 1.2 0
      vertex -38.0755 1.2 2.4
      vertex -38.0755 1.2 0
    endloop
  endfacet
  facet normal 0 1 0
    outer loop
      vertex -45 1.2 0
      vertex -45 1.2 2.4
      vertex -38.0755 1.2 2.4
    endloop
  endfacet
  facet normal -0.0980305 0.995183 0
    outer loop
      vertex -45.2341 1.17694 0
      vertex -45 1.2 2.4
      vertex -45 1.2 0
    endloop
  endfacet
  facet normal -0.0980305 0.995183 0
    outer loop
      vertex -45.2341 1.17694 0
      vertex -45.2341 1.17694 2.4
      vertex -45 1.2 2.4
    endloop
  endfacet
  facet normal -0.29035 0.956921 0
    outer loop
      vertex -45.4592 1.10864 0
      vertex -45.2341 1.17694 2.4
      vertex -45.2341 1.17694 0
    endloop
  endfacet
  facet normal -0.29035 0.956921 0
    outer loop
      vertex -45.4592 1.10864 0
      vertex -45.4592 1.10864 2.4
      vertex -45.2341 1.17694 2.4
    endloop
  endfacet
  facet normal -0.471304 0.881971 0
    outer loop
      vertex -45.6667 0.997757 0
      vertex -45.4592 1.10864 2.4
      vertex -45.4592 1.10864 0
    endloop
  endfacet
  facet normal -0.471304 0.881971 0
    outer loop
      vertex -45.6667 0.997757 0
      vertex -45.6667 0.997757 2.4
      vertex -45.4592 1.10864 2.4
    endloop
  endfacet
  facet normal -0.634474 0.772945 0
    outer loop
      vertex -45.8485 0.848526 0
      vertex -45.6667 0.997757 2.4
      vertex -45.6667 0.997757 0
    endloop
  endfacet
  facet normal -0.634474 0.772945 0
    outer loop
      vertex -45.8485 0.848526 0
      vertex -45.8485 0.848526 2.4
      vertex -45.6667 0.997757 2.4
    endloop
  endfacet
  facet normal -0.772893 0.634536 0
    outer loop
      vertex -45.9978 0.666672 0
      vertex -45.8485 0.848526 2.4
      vertex -45.8485 0.848526 0
    endloop
  endfacet
  facet normal -0.772893 0.634536 0
    outer loop
      vertex -45.9978 0.666672 0
      vertex -45.9978 0.666672 2.4
      vertex -45.8485 0.848526 2.4
    endloop
  endfacet
  facet normal -0.882079 0.471102 0
    outer loop
      vertex -46.1086 0.459213 0
      vertex -45.9978 0.666672 2.4
      vertex -45.9978 0.666672 0
    endloop
  endfacet
  facet normal -0.882079 0.471102 0
    outer loop
      vertex -46.1086 0.459213 0
      vertex -46.1086 0.459213 2.4
      vertex -45.9978 0.666672 2.4
    endloop
  endfacet
  facet normal -0.956925 0.290334 0
    outer loop
      vertex -46.1769 0.2341 0
      vertex -46.1086 0.459213 2.4
      vertex -46.1086 0.459213 0
    endloop
  endfacet
  facet normal -0.956925 0.290334 0
    outer loop
      vertex -46.1769 0.2341 0
      vertex -46.1769 0.2341 2.4
      vertex -46.1086 0.459213 2.4
    endloop
  endfacet
  facet normal -0.995167 0.0981989 0
    outer loop
      vertex -46.2 0 0
      vertex -46.1769 0.2341 2.4
      vertex -46.1769 0.2341 0
    endloop
  endfacet
  facet normal -0.995167 0.0981989 0
    outer loop
      vertex -46.2 0 0
      vertex -46.2 0 2.4
      vertex -46.1769 0.2341 2.4
    endloop
  endfacet
  facet normal -0.995167 -0.0981989 0
    outer loop
      vertex -46.1769 -0.2341 0
      vertex -46.2 0 2.4
      vertex -46.2 0 0
    endloop
  endfacet
  facet normal -0.995167 -0.0981989 0
    outer loop
      vertex -46.1769 -0.2341 0
      vertex -46.1769 -0.2341 2.4
      vertex -46.2 0 2.4
    endloop
  endfacet
  facet normal -0.956925 -0.290334 0
    outer loop
      vertex -46.1086 -0.459213 0
      vertex -46.1769 -0.2341 2.4
      vertex -46.1769 -0.2341 0
    endloop
  endfacet
  facet normal -0.956925 -0.290334 0
    outer loop
      vertex -46.1086 -0.459213 0
      vertex -46.1086 -0.459213 2.4
      vertex -46.1769 -0.2341 2.4
    endloop
  endfacet
  facet normal -0.882079 -0.471102 0
    outer loop
      vertex -45.9978 -0.666672 0
      vertex -46.1086 -0.459213 2.4
      vertex -46.1086 -0.459213 0
    endloop
  endfacet
  facet normal -0.882079 -0.471102 0
    outer loop
      vertex -45.9978 -0.666672 0
      vertex -45.9978 -0.666672 2.4
      vertex -46.1086 -0.459213 2.4
    endloop
  endfacet
  facet normal -0.772893 -0.634536 0
    outer loop
      vertex -45.8485 -0.848526 0
      vertex -45.9978 -0.666672 2.4
      vertex -45.9978 -0.666672 0
    endloop
  endfacet
  facet normal -0.772893 -0.634536 0
    outer loop
      vertex -45.8485 -0.848526 0
      vertex -45.8485 -0.848526 2.4
      vertex -45.9978 -0.666672 2.4
    endloop
  endfacet
  facet normal -0.634474 -0.772945 0
    outer loop
      vertex -45.6667 -0.997757 0
      vertex -45.8485 -0.848526 2.4
      vertex -45.8485 -0.848526 0
    endloop
  endfacet
  facet normal -0.634474 -0.772945 0
    outer loop
      vertex -45.6667 -0.997757 0
      vertex -45.6667 -0.997757 2.4
      vertex -45.8485 -0.848526 2.4
    endloop
  endfacet
  facet normal -0.471304 -0.881971 0
    outer loop
      vertex -45.4592 -1.10864 0
      vertex -45.6667 -0.997757 2.4
      vertex -45.6667 -0.997757 0
    endloop
  endfacet
  facet normal -0.471304 -0.881971 0
    outer loop
      vertex -45.4592 -1.10864 0
      vertex -45.4592 -1.10864 2.4
      vertex -45.6667 -0.997757 2.4
    endloop
  endfacet
  facet normal -0.29035 -0.956921 0
    outer loop
      vertex -45.2341 -1.17694 0
      vertex -45.4592 -1.10864 2.4
      vertex -45.4592 -1.10864 0
    endloop
  endfacet
  facet normal -0.29035 -0.956921 0
    outer loop
      vertex -45.2341 -1.17694 0
      vertex -45.2341 -1.17694 2.4
      vertex -45.4592 -1.10864 2.4
    endloop
  endfacet
  facet normal -0.0980305 -0.995183 0
    outer loop
      vertex -45 -1.2 0
      vertex -45.2341 -1.17694 2.4
      vertex -45.2341 -1.17694 0
    endloop
  endfacet
  facet normal -0.0980305 -0.995183 0
    outer loop
      vertex -45 -1.2 0
      vertex -45 -1.2 2.4
      vertex -45.2341 -1.17694 2.4
    endloop
  endfacet
  facet normal 0 -1 0
    outer loop
      vertex -38.0755 -1.2 0
      vertex -45 -1.2 2.4
      vertex -45 -1.2 0
    endloop
  endfacet
  facet normal 0 -1 0
    outer loop
      vertex -38.0755 -1.2 0
      vertex -38.0755 -1.2 2.4
      vertex -45 -1.2 2.4
    endloop
  endfacet
  facet normal -0.866023 0.500003 0
    outer loop
      vertex -41.9978 -7.99356 0
      vertex -38.0755 -1.2 2.4
      vertex -38.0755 -1.2 0
    endloop
  endfacet
  facet normal -0.866023 0.500003 0
    outer loop
      vertex -41.9978 -7.99356 0
      vertex -41.9978 -7.99356 2.4
      vertex -38.0755 -1.2 2.4
    endloop
  endfacet
  facet normal -0.88208 0.4711 0
    outer loop
      vertex -42.1086 -8.20102 0
      vertex -41.9978 -7.99356 2.4
      vertex -41.9978 -7.99356 0
    endloop
  endfacet
  facet normal -0.88208 0.4711 0
    outer loop
      vertex -42.1086 -8.20102 0
      vertex -42.1086 -8.20102 2.4
      vertex -41.9978 -7.99356 2.4
    endloop
  endfacet
  facet normal -0.956924 0.290338 0
    outer loop
      vertex -42.1769 -8.42613 0
      vertex -42.1086 -8.20102 2.4
      vertex -42.1086 -8.20102 0
    endloop
  endfacet
  facet normal -0.956924 0.290338 0
    outer loop
      vertex -42.1769 -8.42613 0
      vertex -42.1769 -8.42613 2.4
      vertex -42.1086 -8.20102 2.4
    endloop
  endfacet
  facet normal -0.995168 0.0981906 0
    outer loop
      vertex -42.2 -8.66025 0
      vertex -42.1769 -8.42613 2.4
      vertex -42.1769 -8.42613 0
    endloop
  endfacet
  facet normal -0.995168 0.0981906 0
    outer loop
      vertex -42.2 -8.66025 0
      vertex -42.2 -8.66025 2.4
      vertex -42.1769 -8.42613 2.4
    endloop
  endfacet
  facet normal -0.995167 -0.0981989 0
    outer loop
      vertex -42.1769 -8.89435 0
      vertex -42.2 -8.66025 2.4
      vertex -42.2 -8.66025 0
    endloop
  endfacet
  facet normal -0.995167 -0.0981989 0
    outer loop
      vertex -42.1769 -8.89435 0
      vertex -42.1769 -8.89435 2.4
      vertex -42.2 -8.66025 2.4
    endloop
  endfacet
  facet normal -0.956924 -0.290338 0
    outer loop
      vertex -42.1086 -9.11946 0
      vertex -42.1769 -8.89435 2.4
      vertex -42.1769 -8.89435 0
    endloop
  endfacet
  facet normal -0.956924 -0.290338 0
    outer loop
      vertex -42.1086 -9.11946 0
      vertex -42.1086 -9.11946 2.4
      vertex -42.1769 -8.89435 2.4
    endloop
  endfacet
  facet normal -0.882089 -0.471082 0
    outer loop
      vertex -41.9978 -9.32693 0
      vertex -42.1086 -9.11946 2.4
      vertex -42.1086 -9.11946 0
    endloop
  endfacet
  facet normal -0.882089 -0.471082 0
    outer loop
      vertex -41.9978 -9.32693 0
      vertex -41.9978 -9.32693 2.4
      vertex -42.1086 -9.11946 2.4
    endloop
  endfacet
  facet normal -0.772869 -0.634565 0
    outer loop
      vertex -41.8485 -9.50877 0
      vertex -41.9978 -9.32693 2.4
      vertex -41.9978 -9.32693 0
    endloop
  endfacet
  facet normal -0.772869 -0.634565 0
    outer loop
      vertex -41.8485 -9.50877 0
      vertex -41.8485 -9.50877 2.4
      vertex -41.9978 -9.32693 2.4
    endloop
  endfacet
  facet normal -0.634471 -0.772947 0
    outer loop
      vertex -41.6667 -9.658 0
      vertex -41.8485 -9.50877 2.4
      vertex -41.8485 -9.50877 0
    endloop
  endfacet
  facet normal -0.634471 -0.772947 0
    outer loop
      vertex -41.6667 -9.658 0
      vertex -41.6667 -9.658 2.4
      vertex -41.8485 -9.50877 2.4
    endloop
  endfacet
  facet normal -0.471393 -0.881923 0
    outer loop
      vertex -41.4592 -9.76891 0
      vertex -41.6667 -9.658 2.4
      vertex -41.6667 -9.658 0
    endloop
  endfacet
  facet normal -0.471393 -0.881923 0
    outer loop
      vertex -41.4592 -9.76891 0
      vertex -41.4592 -9.76891 2.4
      vertex -41.6667 -9.658 2.4
    endloop
  endfacet
  facet normal -0.290272 -0.956944 0
    outer loop
      vertex -41.2341 -9.83719 0
      vertex -41.4592 -9.76891 2.4
      vertex -41.4592 -9.76891 0
    endloop
  endfacet
  facet normal -0.290272 -0.956944 0
    outer loop
      vertex -41.2341 -9.83719 0
      vertex -41.2341 -9.83719 2.4
      vertex -41.4592 -9.76891 2.4
    endloop
  endfacet
  facet normal -0.0979884 -0.995188 0
    outer loop
      vertex -41 -9.86024 0
      vertex -41.2341 -9.83719 2.4
      vertex -41.2341 -9.83719 0
    endloop
  endfacet
  facet normal -0.0979884 -0.995188 0
    outer loop
      vertex -41 -9.86024 0
      vertex -41 -9.86024 2.4
      vertex -41.2341 -9.83719 2.4
    endloop
  endfacet
  facet normal 0.0979884 -0.995188 0
    outer loop
      vertex -40.7659 -9.83719 0
      vertex -41 -9.86024 2.4
      vertex -41 -9.86024 0
    endloop
  endfacet
  facet normal 0.0979884 -0.995188 0
    outer loop
      vertex -40.7659 -9.83719 0
      vertex -40.7659 -9.83719 2.4
      vertex -41 -9.86024 2.4
    endloop
  endfacet
  facet normal 0.290272 -0.956944 0
    outer loop
      vertex -40.5408 -9.76891 0
      vertex -40.7659 -9.83719 2.4
      vertex -40.7659 -9.83719 0
    endloop
  endfacet
  facet normal 0.290272 -0.956944 0
    outer loop
      vertex -40.5408 -9.76891 0
      vertex -40.5408 -9.76891 2.4
      vertex -40.7659 -9.83719 2.4
    endloop
  endfacet
  facet normal 0.471393 -0.881923 0
    outer loop
      vertex -40.3333 -9.658 0
      vertex -40.5408 -9.76891 2.4
      vertex -40.5408 -9.76891 0
    endloop
  endfacet
  facet normal 0.471393 -0.881923 0
    outer loop
      vertex -40.3333 -9.658 0
      vertex -40.3333 -9.658 2.4
      vertex -40.5408 -9.76891 2.4
    endloop
  endfacet
  facet normal 0.634471 -0.772947 0
    outer loop
      vertex -40.1515 -9.50877 0
      vertex -40.3333 -9.658 2.4
      vertex -40.3333 -9.658 0
    endloop
  endfacet
  facet normal 0.634471 -0.772947 0
    outer loop
      vertex -40.1515 -9.50877 0
      vertex -40.1515 -9.50877 2.4
      vertex -40.3333 -9.658 2.4
    endloop
  endfacet
  facet normal 0.772869 -0.634565 0
    outer loop
      vertex -40.0022 -9.32693 0
      vertex -40.1515 -9.50877 2.4
      vertex -40.1515 -9.50877 0
    endloop
  endfacet
  facet normal 0.772869 -0.634565 0
    outer loop
      vertex -40.0022 -9.32693 0
      vertex -40.0022 -9.32693 2.4
      vertex -40.1515 -9.50877 2.4
    endloop
  endfacet
  facet normal 0.866029 -0.499993 0
    outer loop
      vertex -35.3102 -1.2 0
      vertex -40.0022 -9.32693 2.4
      vertex -40.0022 -9.32693 0
    endloop
  endfacet
  facet normal 0.866029 -0.499993 0
    outer loop
      vertex -35.3102 -1.2 0
      vertex -35.3102 -1.2 2.4
      vertex -40.0022 -9.32693 2.4
    endloop
  endfacet
  facet normal 0 -1 0
    outer loop
      vertex -26.8255 -1.2 0
      vertex -35.3102 -1.2 2.4
      vertex -35.3102 -1.2 0
    endloop
  endfacet
  facet normal 0 -1 0
    outer loop
      vertex -26.8255 -1.2 0
      vertex -26.8255 -1.2 2.4
      vertex -35.3102 -1.2 2.4
    endloop
  endfacet
  facet normal -0.866024 0.500002 0
    outer loop
      vertex -33.7478 -13.1897 0
      vertex -26.8255 -1.2 2.4
      vertex -26.8255 -1.2 0
    endloop
  endfacet
  facet normal -0.866024 0.500002 0
    outer loop
      vertex -33.7478 -13.1897 0
      vertex -33.7478 -13.1897 2.4
      vertex -26.8255 -1.2 2.4
    endloop
  endfacet
  facet normal -0.882117 0.471029 0
    outer loop
      vertex -33.8586 -13.3972 0
      vertex -33.7478 -13.1897 2.4
      vertex -33.7478 -13.1897 0
    endloop
  endfacet
  facet normal -0.882117 0.471029 0
    outer loop
      vertex -33.8586 -13.3972 0
      vertex -33.8586 -13.3972 2.4
      vertex -33.7478 -13.1897 2.4
    endloop
  endfacet
  facet normal -0.956921 0.29035 0
    outer loop
      vertex -33.9269 -13.6223 0
      vertex -33.8586 -13.3972 2.4
      vertex -33.8586 -13.3972 0
    endloop
  endfacet
  facet normal -0.956921 0.29035 0
    outer loop
      vertex -33.9269 -13.6223 0
      vertex -33.9269 -13.6223 2.4
      vertex -33.8586 -13.3972 2.4
    endloop
  endfacet
  facet normal -0.995167 0.0981989 0
    outer loop
      vertex -33.95 -13.8564 0
      vertex -33.9269 -13.6223 2.4
      vertex -33.9269 -13.6223 0
    endloop
  endfacet
  facet normal -0.995167 0.0981989 0
    outer loop
      vertex -33.95 -13.8564 0
      vertex -33.95 -13.8564 2.4
      vertex -33.9269 -13.6223 2.4
    endloop
  endfacet
  facet normal -0.995167 -0.0981989 0
    outer loop
      vertex -33.9269 -14.0905 0
      vertex -33.95 -13.8564 2.4
      vertex -33.95 -13.8564 0
    endloop
  endfacet
  facet normal -0.995167 -0.0981989 0
    outer loop
      vertex -33.9269 -14.0905 0
      vertex -33.9269 -14.0905 2.4
      vertex -33.95 -13.8564 2.4
    endloop
  endfacet
  facet normal -0.956921 -0.29035 0
    outer loop
      vertex -33.8586 -14.3156 0
      vertex -33.9269 -14.0905 2.4
      vertex -33.9269 -14.0905 0
    endloop
  endfacet
  facet normal -0.956921 -0.29035 0
    outer loop
      vertex -33.8586 -14.3156 0
      vertex -33.8586 -14.3156 2.4
      vertex -33.9269 -14.0905 2.4
    endloop
  endfacet
  facet normal -0.882117 -0.471029 0
    outer loop
      vertex -33.7478 -14.5231 0
      vertex -33.8586 -14.3156 2.4
      vertex -33.8586 -14.3156 0
    endloop
  endfacet
  facet normal -0.882117 -0.471029 0
    outer loop
      vertex -33.7478 -14.5231 0
      vertex -33.7478 -14.5231 2.4
      vertex -33.8586 -14.3156 2.4
    endloop
  endfacet
  facet normal -0.772801 -0.634649 0
    outer loop
      vertex -33.5985 -14.7049 0
      vertex -33.7478 -14.5231 2.4
      vertex -33.7478 -14.5231 0
    endloop
  endfacet
  facet normal -0.772801 -0.634649 0
    outer loop
      vertex -33.5985 -14.7049 0
      vertex -33.5985 -14.7049 2.4
      vertex -33.7478 -14.5231 2.4
    endloop
  endfacet
  facet normal -0.634649 -0.772801 0
    outer loop
      vertex -33.4167 -14.8542 0
      vertex -33.5985 -14.7049 2.4
      vertex -33.5985 -14.7049 0
    endloop
  endfacet
  facet normal -0.634649 -0.772801 0
    outer loop
      vertex -33.4167 -14.8542 0
      vertex -33.4167 -14.8542 2.4
      vertex -33.5985 -14.7049 2.4
    endloop
  endfacet
  facet normal -0.47136 -0.881941 0
    outer loop
      vertex -33.2092 -14.9651 0
      vertex -33.4167 -14.8542 2.4
      vertex -33.4167 -14.8542 0
    endloop
  endfacet
  facet normal -0.47136 -0.881941 0
    outer loop
      vertex -33.2092 -14.9651 0
      vertex -33.2092 -14.9651 2.4
      vertex -33.4167 -14.8542 2.4
    endloop
  endfacet
  facet normal -0.28996 -0.957039 0
    outer loop
      vertex -32.9841 -15.0333 0
      vertex -33.2092 -14.9651 2.4
      vertex -33.2092 -14.9651 0
    endloop
  endfacet
  facet normal -0.28996 -0.957039 0
    outer loop
      vertex -32.9841 -15.0333 0
      vertex -32.9841 -15.0333 2.4
      vertex -33.2092 -14.9651 2.4
    endloop
  endfacet
  facet normal -0.0981989 -0.995167 0
    outer loop
      vertex -32.75 -15.0564 0
      vertex -32.9841 -15.0333 2.4
      vertex -32.9841 -15.0333 0
    endloop
  endfacet
  facet normal -0.0981989 -0.995167 0
    outer loop
      vertex -32.75 -15.0564 0
      vertex -32.75 -15.0564 2.4
      vertex -32.9841 -15.0333 2.4
    endloop
  endfacet
  facet normal 0.0981989 -0.995167 0
    outer loop
      vertex -32.5159 -15.0333 0
      vertex -32.75 -15.0564 2.4
      vertex -32.75 -15.0564 0
    endloop
  endfacet
  facet normal 0.0981989 -0.995167 0
    outer loop
      vertex -32.5159 -15.0333 0
      vertex -32.5159 -15.0333 2.4
      vertex -32.75 -15.0564 2.4
    endloop
  endfacet
  facet normal 0.28996 -0.957039 0
    outer loop
      vertex -32.2908 -14.9651 0
      vertex -32.5159 -15.0333 2.4
      vertex -32.5159 -15.0333 0
    endloop
  endfacet
  facet normal 0.28996 -0.957039 0
    outer loop
      vertex -32.2908 -14.9651 0
      vertex -32.2908 -14.9651 2.4
      vertex -32.5159 -15.0333 2.4
    endloop
  endfacet
  facet normal 0.47136 -0.881941 0
    outer loop
      vertex -32.0833 -14.8542 0
      vertex -32.2908 -14.9651 2.4
      vertex -32.2908 -14.9651 0
    endloop
  endfacet
  facet normal 0.47136 -0.881941 0
    outer loop
      vertex -32.0833 -14.8542 0
      vertex -32.0833 -14.8542 2.4
      vertex -32.2908 -14.9651 2.4
    endloop
  endfacet
  facet normal 0.634649 -0.772801 0
    outer loop
      vertex -31.9015 -14.7049 0
      vertex -32.0833 -14.8542 2.4
      vertex -32.0833 -14.8542 0
    endloop
  endfacet
  facet normal 0.634649 -0.772801 0
    outer loop
      vertex -31.9015 -14.7049 0
      vertex -31.9015 -14.7049 2.4
      vertex -32.0833 -14.8542 2.4
    endloop
  endfacet
  facet normal 0.772801 -0.634649 0
    outer loop
      vertex -31.7522 -14.5231 0
      vertex -31.9015 -14.7049 2.4
      vertex -31.9015 -14.7049 0
    endloop
  endfacet
  facet normal 0.772801 -0.634649 0
    outer loop
      vertex -31.7522 -14.5231 0
      vertex -31.7522 -14.5231 2.4
      vertex -31.9015 -14.7049 2.4
    endloop
  endfacet
  facet normal 0.866028 -0.499995 0
    outer loop
      vertex -24.0602 -1.2 0
      vertex -31.7522 -14.5231 2.4
      vertex -31.7522 -14.5231 0
    endloop
  endfacet
  facet normal 0.866028 -0.499995 0
    outer loop
      vertex -24.0602 -1.2 0
      vertex -24.0602 -1.2 2.4
      vertex -31.7522 -14.5231 2.4
    endloop
  endfacet
  facet normal 0 -1 0
    outer loop
      vertex -15.5755 -1.2 0
      vertex -24.0602 -1.2 2.4
      vertex -24.0602 -1.2 0
    endloop
  endfacet
  facet normal 0 -1 0
    outer loop
      vertex -15.5755 -1.2 0
      vertex -15.5755 -1.2 2.4
      vertex -24.0602 -1.2 2.4
    endloop
  endfacet
  facet normal -0.866024 0.500002 0
    outer loop
      vertex -20.4978 -9.72562 0
      vertex -15.5755 -1.2 2.4
      vertex -15.5755 -1.2 0
    endloop
  endfacet
  facet normal -0.866024 0.500002 0
    outer loop
      vertex -20.4978 -9.72562 0
      vertex -20.4978 -9.72562 2.4
      vertex -15.5755 -1.2 2.4
    endloop
  endfacet
  facet normal -0.88207 0.471118 0
    outer loop
      vertex -20.6086 -9.93307 0
      vertex -20.4978 -9.72562 2.4
      vertex -20.4978 -9.72562 0
    endloop
  endfacet
  facet normal -0.88207 0.471118 0
    outer loop
      vertex -20.6086 -9.93307 0
      vertex -20.6086 -9.93307 2.4
      vertex -20.4978 -9.72562 2.4
    endloop
  endfacet
  facet normal -0.956931 0.290314 0
    outer loop
      vertex -20.6769 -10.1582 0
      vertex -20.6086 -9.93307 2.4
      vertex -20.6086 -9.93307 0
    endloop
  endfacet
  facet normal -0.956931 0.290314 0
    outer loop
      vertex -20.6769 -10.1582 0
      vertex -20.6769 -10.1582 2.4
      vertex -20.6086 -9.93307 2.4
    endloop
  endfacet
  facet normal -0.995167 0.0981989 0
    outer loop
      vertex -20.7 -10.3923 0
      vertex -20.6769 -10.1582 2.4
      vertex -20.6769 -10.1582 0
    endloop
  endfacet
  facet normal -0.995167 0.0981989 0
    outer loop
      vertex -20.7 -10.3923 0
      vertex -20.7 -10.3923 2.4
      vertex -20.6769 -10.1582 2.4
    endloop
  endfacet
  facet normal -0.995167 -0.0981989 0
    outer loop
      vertex -20.6769 -10.6264 0
      vertex -20.7 -10.3923 2.4
      vertex -20.7 -10.3923 0
    endloop
  endfacet
  facet normal -0.995167 -0.0981989 0
    outer loop
      vertex -20.6769 -10.6264 0
      vertex -20.6769 -10.6264 2.4
      vertex -20.7 -10.3923 2.4
    endloop
  endfacet
  facet normal -0.956921 -0.29035 0
    outer loop
      vertex -20.6086 -10.8515 0
      vertex -20.6769 -10.6264 2.4
      vertex -20.6769 -10.6264 0
    endloop
  endfacet
  facet normal -0.956921 -0.29035 0
    outer loop
      vertex -20.6086 -10.8515 0
      vertex -20.6086 -10.8515 2.4
      vertex -20.6769 -10.6264 2.4
    endloop
  endfacet
  facet normal -0.882117 -0.471029 0
    outer loop
      vertex -20.4978 -11.059 0
      vertex -20.6086 -10.8515 2.4
      vertex -20.6086 -10.8515 0
    endloop
  endfacet
  facet normal -0.882117 -0.471029 0
    outer loop
      vertex -20.4978 -11.059 0
      vertex -20.4978 -11.059 2.4
      vertex -20.6086 -10.8515 2.4
    endloop
  endfacet
  facet normal -0.772801 -0.634649 0
    outer loop
      vertex -20.3485 -11.2408 0
      vertex -20.4978 -11.059 2.4
      vertex -20.4978 -11.059 0
    endloop
  endfacet
  facet normal -0.772801 -0.634649 0
    outer loop
      vertex -20.3485 -11.2408 0
      vertex -20.3485 -11.2408 2.4
      vertex -20.4978 -11.059 2.4
    endloop
  endfacet
  facet normal -0.634649 -0.772801 0
    outer loop
      vertex -20.1667 -11.3901 0
      vertex -20.3485 -11.2408 2.4
      vertex -20.3485 -11.2408 0
    endloop
  endfacet
  facet normal -0.634649 -0.772801 0
    outer loop
      vertex -20.1667 -11.3901 0
      vertex -20.1667 -11.3901 2.4
      vertex -20.3485 -11.2408 2.4
    endloop
  endfacet
  facet normal -0.471029 -0.882117 0
    outer loop
      vertex -19.9592 -11.5009 0
      vertex -20.1667 -11.3901 2.4
      vertex -20.1667 -11.3901 0
    endloop
  endfacet
  facet normal -0.471029 -0.882117 0
    outer loop
      vertex -19.9592 -11.5009 0
      vertex -19.9592 -11.5009 2.4
      vertex -20.1667 -11.3901 2.4
    endloop
  endfacet
  facet normal -0.292504 -0.956264 0
    outer loop
      vertex -19.9337 -11.5087 0
      vertex -19.9592 -11.5009 2.4
      vertex -19.9592 -11.5009 0
    endloop
  endfacet
  facet normal -0.292504 -0.956264 0
    outer loop
      vertex -19.9337 -11.5087 0
      vertex -19.9337 -11.5087 2.4
      vertex -19.9592 -11.5009 2.4
    endloop
  endfacet
  facet normal -0.974391 0.22486 0
    outer loop
      vertex -19.9397 -11.5347 0
      vertex -19.9337 -11.5087 2.4
      vertex -19.9337 -11.5087 0
    endloop
  endfacet
  facet normal -0.974391 0.22486 0
    outer loop
      vertex -19.9397 -11.5347 0
      vertex -19.9397 -11.5347 2.4
      vertex -19.9337 -11.5087 2.4
    endloop
  endfacet
  facet normal -0.999464 0.0327345 0
    outer loop
      vertex -19.9474 -11.7698 0
      vertex -19.9397 -11.5347 2.4
      vertex -19.9397 -11.5347 0
    endloop
  endfacet
  facet normal -0.999464 0.0327345 0
    outer loop
      vertex -19.9474 -11.7698 0
      vertex -19.9474 -11.7698 2.4
      vertex -19.9397 -11.5347 2.4
    endloop
  endfacet
  facet normal -0.986657 -0.162813 0
    outer loop
      vertex -19.9091 -12.0019 0
      vertex -19.9474 -11.7698 2.4
      vertex -19.9474 -11.7698 0
    endloop
  endfacet
  facet normal -0.986657 -0.162813 0
    outer loop
      vertex -19.9091 -12.0019 0
      vertex -19.9091 -12.0019 2.4
      vertex -19.9474 -11.7698 2.4
    endloop
  endfacet
  facet normal -0.935874 -0.352334 0
    outer loop
      vertex -19.8262 -12.2221 0
      vertex -19.9091 -12.0019 2.4
      vertex -19.9091 -12.0019 0
    endloop
  endfacet
  facet normal -0.935874 -0.352334 0
    outer loop
      vertex -19.8262 -12.2221 0
      vertex -19.8262 -12.2221 2.4
      vertex -19.9091 -12.0019 2.4
    endloop
  endfacet
  facet normal -0.849167 -0.528125 0
    outer loop
      vertex -19.702 -12.4218 0
      vertex -19.8262 -12.2221 2.4
      vertex -19.8262 -12.2221 0
    endloop
  endfacet
  facet normal -0.849167 -0.528125 0
    outer loop
      vertex -19.702 -12.4218 0
      vertex -19.702 -12.4218 2.4
      vertex -19.8262 -12.2221 2.4
    endloop
  endfacet
  facet normal -0.730094 -0.683347 0
    outer loop
      vertex -19.5412 -12.5936 0
      vertex -19.702 -12.4218 2.4
      vertex -19.702 -12.4218 0
    endloop
  endfacet
  facet normal -0.730094 -0.683347 0
    outer loop
      vertex -19.5412 -12.5936 0
      vertex -19.5412 -12.5936 2.4
      vertex -19.702 -12.4218 2.4
    endloop
  endfacet
  facet normal -0.582444 -0.812871 0
    outer loop
      vertex -19.35 -12.7306 0
      vertex -19.5412 -12.5936 2.4
      vertex -19.5412 -12.5936 0
    endloop
  endfacet
  facet normal -0.582444 -0.812871 0
    outer loop
      vertex -19.35 -12.7306 0
      vertex -19.35 -12.7306 2.4
      vertex -19.5412 -12.5936 2.4
    endloop
  endfacet
  facet normal -0.412714 -0.910861 0
    outer loop
      vertex -19.1357 -12.8277 0
      vertex -19.35 -12.7306 2.4
      vertex -19.35 -12.7306 0
    endloop
  endfacet
  facet normal -0.412714 -0.910861 0
    outer loop
      vertex -19.1357 -12.8277 0
      vertex -19.1357 -12.8277 2.4
      vertex -19.35 -12.7306 2.4
    endloop
  endfacet
  facet normal -0.227001 -0.973894 0
    outer loop
      vertex -18.9066 -12.8811 0
      vertex -19.1357 -12.8277 2.4
      vertex -19.1357 -12.8277 0
    endloop
  endfacet
  facet normal -0.227001 -0.973894 0
    outer loop
      vertex -18.9066 -12.8811 0
      vertex -18.9066 -12.8811 2.4
      vertex -19.1357 -12.8277 2.4
    endloop
  endfacet
  facet normal -0.0327345 -0.999464 0
    outer loop
      vertex -18.6715 -12.8888 0
      vertex -18.9066 -12.8811 2.4
      vertex -18.9066 -12.8811 0
    endloop
  endfacet
  facet normal -0.0327345 -0.999464 0
    outer loop
      vertex -18.6715 -12.8888 0
      vertex -18.6715 -12.8888 2.4
      vertex -18.9066 -12.8811 2.4
    endloop
  endfacet
  facet normal 0 -1 0
    outer loop
      vertex -8.82697 -12.8888 0
      vertex -18.6715 -12.8888 2.4
      vertex -18.6715 -12.8888 0
    endloop
  endfacet
  facet normal 0 -1 0
    outer loop
      vertex -8.82697 -12.8888 0
      vertex -8.82697 -12.8888 2.4
      vertex -18.6715 -12.8888 2.4
    endloop
  endfacet
  facet normal -0.866024 0.500002 0
    outer loop
      vertex -13.0693 -20.2367 0
      vertex -8.82697 -12.8888 2.4
      vertex -8.82697 -12.8888 0
    endloop
  endfacet
  facet normal -0.866024 0.500002 0
    outer loop
      vertex -13.0693 -20.2367 0
      vertex -13.0693 -20.2367 2.4
      vertex -8.82697 -12.8888 2.4
    endloop
  endfacet
  facet normal 0 1 0
    outer loop
      vertex -28.4535 -20.2367 0
      vertex -13.0693 -20.2367 2.4
      vertex -13.0693 -20.2367 0
    endloop
  endfacet
  facet normal 0 1 0
    outer loop
      vertex -28.4535 -20.2367 0
      vertex -28.4535 -20.2367 2.4
      vertex -13.0693 -20.2367 2.4
    endloop
  endfacet
  facet normal -0.162813 0.986657 0
    outer loop
      vertex -28.6856 -20.275 0
      vertex -28.4535 -20.2367 2.4
      vertex -28.4535 -20.2367 0
    endloop
  endfacet
  facet normal -0.162813 0.986657 0
    outer loop
      vertex -28.6856 -20.275 0
      vertex -28.6856 -20.275 2.4
      vertex -28.4535 -20.2367 2.4
    endloop
  endfacet
  facet normal -0.352474 0.935821 0
    outer loop
      vertex -28.9057 -20.3579 0
      vertex -28.6856 -20.275 2.4
      vertex -28.6856 -20.275 0
    endloop
  endfacet
  facet normal -0.352474 0.935821 0
    outer loop
      vertex -28.9057 -20.3579 0
      vertex -28.9057 -20.3579 2.4
      vertex -28.6856 -20.275 2.4
    endloop
  endfacet
  facet normal -0.527934 0.849285 0
    outer loop
      vertex -29.1055 -20.4821 0
      vertex -28.9057 -20.3579 2.4
      vertex -28.9057 -20.3579 0
    endloop
  endfacet
  facet normal -0.527934 0.849285 0
    outer loop
      vertex -29.1055 -20.4821 0
      vertex -29.1055 -20.4821 2.4
      vertex -28.9057 -20.3579 2.4
    endloop
  endfacet
  facet normal -0.683559 0.729895 0
    outer loop
      vertex -29.2772 -20.6429 0
      vertex -29.1055 -20.4821 2.4
      vertex -29.1055 -20.4821 0
    endloop
  endfacet
  facet normal -0.683559 0.729895 0
    outer loop
      vertex -29.2772 -20.6429 0
      vertex -29.2772 -20.6429 2.4
      vertex -29.1055 -20.4821 2.4
    endloop
  endfacet
  facet normal -0.812871 0.582444 0
    outer loop
      vertex -29.4142 -20.8341 0
      vertex -29.2772 -20.6429 2.4
      vertex -29.2772 -20.6429 0
    endloop
  endfacet
  facet normal -0.812871 0.582444 0
    outer loop
      vertex -29.4142 -20.8341 0
      vertex -29.4142 -20.8341 2.4
      vertex -29.2772 -20.6429 2.4
    endloop
  endfacet
  facet normal -0.910861 0.412714 0
    outer loop
      vertex -29.5113 -21.0484 0
      vertex -29.4142 -20.8341 2.4
      vertex -29.4142 -20.8341 0
    endloop
  endfacet
  facet normal -0.910861 0.412714 0
    outer loop
      vertex -29.5113 -21.0484 0
      vertex -29.5113 -21.0484 2.4
      vertex -29.4142 -20.8341 2.4
    endloop
  endfacet
  facet normal -0.973894 0.227001 0
    outer loop
      vertex -29.5647 -21.2775 0
      vertex -29.5113 -21.0484 2.4
      vertex -29.5113 -21.0484 0
    endloop
  endfacet
  facet normal -0.973894 0.227001 0
    outer loop
      vertex -29.5647 -21.2775 0
      vertex -29.5647 -21.2775 2.4
      vertex -29.5113 -21.0484 2.4
    endloop
  endfacet
  facet normal -0.999464 0.0327345 0
    outer loop
      vertex -29.5724 -21.5126 0
      vertex -29.5647 -21.2775 2.4
      vertex -29.5647 -21.2775 0
    endloop
  endfacet
  facet normal -0.999464 0.0327345 0
    outer loop
      vertex -29.5724 -21.5126 0
      vertex -29.5724 -21.5126 2.4
      vertex -29.5647 -21.2775 2.4
    endloop
  endfacet
  facet normal -0.986657 -0.162813 0
    outer loop
      vertex -29.5341 -21.7447 0
      vertex -29.5724 -21.5126 2.4
      vertex -29.5724 -21.5126 0
    endloop
  endfacet
  facet normal -0.986657 -0.162813 0
    outer loop
      vertex -29.5341 -21.7447 0
      vertex -29.5341 -21.7447 2.4
      vertex -29.5724 -21.5126 2.4
    endloop
  endfacet
  facet normal -0.935874 -0.352334 0
    outer loop
      vertex -29.4512 -21.9649 0
      vertex -29.5341 -21.7447 2.4
      vertex -29.5341 -21.7447 0
    endloop
  endfacet
  facet normal -0.935874 -0.352334 0
    outer loop
      vertex -29.4512 -21.9649 0
      vertex -29.4512 -21.9649 2.4
      vertex -29.5341 -21.7447 2.4
    endloop
  endfacet
  facet normal -0.849167 -0.528125 0
    outer loop
      vertex -29.327 -22.1646 0
      vertex -29.4512 -21.9649 2.4
      vertex -29.4512 -21.9649 0
    endloop
  endfacet
  facet normal -0.849167 -0.528125 0
    outer loop
      vertex -29.327 -22.1646 0
      vertex -29.327 -22.1646 2.4
      vertex -29.4512 -21.9649 2.4
    endloop
  endfacet
  facet normal -0.729895 -0.683559 0
    outer loop
      vertex -29.1662 -22.3363 0
      vertex -29.327 -22.1646 2.4
      vertex -29.327 -22.1646 0
    endloop
  endfacet
  facet normal -0.729895 -0.683559 0
    outer loop
      vertex -29.1662 -22.3363 0
      vertex -29.1662 -22.3363 2.4
      vertex -29.327 -22.1646 2.4
    endloop
  endfacet
  facet normal -0.582725 -0.81267 0
    outer loop
      vertex -28.975 -22.4734 0
      vertex -29.1662 -22.3363 2.4
      vertex -29.1662 -22.3363 0
    endloop
  endfacet
  facet normal -0.582725 -0.81267 0
    outer loop
      vertex -28.975 -22.4734 0
      vertex -28.975 -22.4734 2.4
      vertex -29.1662 -22.3363 2.4
    endloop
  endfacet
  facet normal -0.412361 -0.91102 0
    outer loop
      vertex -28.7607 -22.5704 0
      vertex -28.975 -22.4734 2.4
      vertex -28.975 -22.4734 0
    endloop
  endfacet
  facet normal -0.412361 -0.91102 0
    outer loop
      vertex -28.7607 -22.5704 0
      vertex -28.7607 -22.5704 2.4
      vertex -28.975 -22.4734 2.4
    endloop
  endfacet
  facet normal -0.227001 -0.973894 0
    outer loop
      vertex -28.5316 -22.6238 0
      vertex -28.7607 -22.5704 2.4
      vertex -28.7607 -22.5704 0
    endloop
  endfacet
  facet normal -0.227001 -0.973894 0
    outer loop
      vertex -28.5316 -22.6238 0
      vertex -28.5316 -22.6238 2.4
      vertex -28.7607 -22.5704 2.4
    endloop
  endfacet
  facet normal -0.0327345 -0.999464 0
    outer loop
      vertex -28.2965 -22.6315 0
      vertex -28.5316 -22.6238 2.4
      vertex -28.5316 -22.6238 0
    endloop
  endfacet
  facet normal -0.0327345 -0.999464 0
    outer loop
      vertex -28.2965 -22.6315 0
      vertex -28.2965 -22.6315 2.4
      vertex -28.5316 -22.6238 2.4
    endloop
  endfacet
  facet normal 0 -1 0
    outer loop
      vertex -14.452 -22.6315 0
      vertex -28.2965 -22.6315 2.4
      vertex -28.2965 -22.6315 0
    endloop
  endfacet
  facet normal 0 -1 0
    outer loop
      vertex -14.452 -22.6315 0
      vertex -14.452 -22.6315 2.4
      vertex -28.2965 -22.6315 2.4
    endloop
  endfacet
  facet normal -0.866029 0.499994 0
    outer loop
      vertex -18.6943 -29.9795 0
      vertex -14.452 -22.6315 2.4
      vertex -14.452 -22.6315 0
    endloop
  endfacet
  facet normal -0.866029 0.499994 0
    outer loop
      vertex -18.6943 -29.9795 0
      vertex -18.6943 -29.9795 2.4
      vertex -14.452 -22.6315 2.4
    endloop
  endfacet
  facet normal 0 1 0
    outer loop
      vertex -28.0785 -29.9795 0
      vertex -18.6943 -29.9795 2.4
      vertex -18.6943 -29.9795 0
    endloop
  endfacet
  facet normal 0 1 0
    outer loop
      vertex -28.0785 -29.9795 0
      vertex -28.0785 -29.9795 2.4
      vertex -18.6943 -29.9795 2.4
    endloop
  endfacet
  facet normal -0.162813 0.986657 0
    outer loop
      vertex -28.3106 -30.0178 0
      vertex -28.0785 -29.9795 2.4
      vertex -28.0785 -29.9795 0
    endloop
  endfacet
  facet normal -0.162813 0.986657 0
    outer loop
      vertex -28.3106 -30.0178 0
      vertex -28.3106 -30.0178 2.4
      vertex -28.0785 -29.9795 2.4
    endloop
  endfacet
  facet normal -0.352474 0.935821 0
    outer loop
      vertex -28.5307 -30.1007 0
      vertex -28.3106 -30.0178 2.4
      vertex -28.3106 -30.0178 0
    endloop
  endfacet
  facet normal -0.352474 0.935821 0
    outer loop
      vertex -28.5307 -30.1007 0
      vertex -28.5307 -30.1007 2.4
      vertex -28.3106 -30.0178 2.4
    endloop
  endfacet
  facet normal -0.527934 0.849285 0
    outer loop
      vertex -28.7305 -30.2249 0
      vertex -28.5307 -30.1007 2.4
      vertex -28.5307 -30.1007 0
    endloop
  endfacet
  facet normal -0.527934 0.849285 0
    outer loop
      vertex -28.7305 -30.2249 0
      vertex -28.7305 -30.2249 2.4
      vertex -28.5307 -30.1007 2.4
    endloop
  endfacet
  facet normal -0.683559 0.729895 0
    outer loop
      vertex -28.9022 -30.3857 0
      vertex -28.7305 -30.2249 2.4
      vertex -28.7305 -30.2249 0
    endloop
  endfacet
  facet normal -0.683559 0.729895 0
    outer loop
      vertex -28.9022 -30.3857 0
      vertex -28.9022 -30.3857 2.4
      vertex -28.7305 -30.2249 2.4
    endloop
  endfacet
  facet normal -0.812871 0.582444 0
    outer loop
      vertex -29.0392 -30.5769 0
      vertex -28.9022 -30.3857 2.4
      vertex -28.9022 -30.3857 0
    endloop
  endfacet
  facet normal -0.812871 0.582444 0
    outer loop
      vertex -29.0392 -30.5769 0
      vertex -29.0392 -30.5769 2.4
      vertex -28.9022 -30.3857 2.4
    endloop
  endfacet
  facet normal -0.910861 0.412714 0
    outer loop
      vertex -29.1363 -30.7912 0
      vertex -29.0392 -30.5769 2.4
      vertex -29.0392 -30.5769 0
    endloop
  endfacet
  facet normal -0.910861 0.412714 0
    outer loop
      vertex -29.1363 -30.7912 0
      vertex -29.1363 -30.7912 2.4
      vertex -29.0392 -30.5769 2.4
    endloop
  endfacet
  facet normal -0.973894 0.227001 0
    outer loop
      vertex -29.1897 -31.0203 0
      vertex -29.1363 -30.7912 2.4
      vertex -29.1363 -30.7912 0
    endloop
  endfacet
  facet normal -0.973894 0.227001 0
    outer loop
      vertex -29.1897 -31.0203 0
      vertex -29.1897 -31.0203 2.4
      vertex -29.1363 -30.7912 2.4
    endloop
  endfacet
  facet normal -0.999464 0.0327345 0
    outer loop
      vertex -29.1974 -31.2554 0
      vertex -29.1897 -31.0203 2.4
      vertex -29.1897 -31.0203 0
    endloop
  endfacet
  facet normal -0.999464 0.0327345 0
    outer loop
      vertex -29.1974 -31.2554 0
      vertex -29.1974 -31.2554 2.4
      vertex -29.1897 -31.0203 2.4
    endloop
  endfacet
  facet normal -0.986657 -0.162813 0
    outer loop
      vertex -29.1591 -31.4875 0
      vertex -29.1974 -31.2554 2.4
      vertex -29.1974 -31.2554 0
    endloop
  endfacet
  facet normal -0.986657 -0.162813 0
    outer loop
      vertex -29.1591 -31.4875 0
      vertex -29.1591 -31.4875 2.4
      vertex -29.1974 -31.2554 2.4
    endloop
  endfacet
  facet normal -0.935874 -0.352334 0
    outer loop
      vertex -29.0762 -31.7077 0
      vertex -29.1591 -31.4875 2.4
      vertex -29.1591 -31.4875 0
    endloop
  endfacet
  facet normal -0.935874 -0.352334 0
    outer loop
      vertex -29.0762 -31.7077 0
      vertex -29.0762 -31.7077 2.4
      vertex -29.1591 -31.4875 2.4
    endloop
  endfacet
  facet normal -0.849167 -0.528125 0
    outer loop
      vertex -28.952 -31.9074 0
      vertex -29.0762 -31.7077 2.4
      vertex -29.0762 -31.7077 0
    endloop
  endfacet
  facet normal -0.849167 -0.528125 0
    outer loop
      vertex -28.952 -31.9074 0
      vertex -28.952 -31.9074 2.4
      vertex -29.0762 -31.7077 2.4
    endloop
  endfacet
  facet normal -0.729895 -0.683559 0
    outer loop
      vertex -28.7912 -32.0791 0
      vertex -28.952 -31.9074 2.4
      vertex -28.952 -31.9074 0
    endloop
  endfacet
  facet normal -0.729895 -0.683559 0
    outer loop
      vertex -28.7912 -32.0791 0
      vertex -28.7912 -32.0791 2.4
      vertex -28.952 -31.9074 2.4
    endloop
  endfacet
  facet normal -0.582444 -0.812871 0
    outer loop
      vertex -28.6 -32.2161 0
      vertex -28.7912 -32.0791 2.4
      vertex -28.7912 -32.0791 0
    endloop
  endfacet
  facet normal -0.582444 -0.812871 0
    outer loop
      vertex -28.6 -32.2161 0
      vertex -28.6 -32.2161 2.4
      vertex -28.7912 -32.0791 2.4
    endloop
  endfacet
  facet normal -0.412714 -0.910861 0
    outer loop
      vertex -28.3857 -32.3132 0
      vertex -28.6 -32.2161 2.4
      vertex -28.6 -32.2161 0
    endloop
  endfacet
  facet normal -0.412714 -0.910861 0
    outer loop
      vertex -28.3857 -32.3132 0
      vertex -28.3857 -32.3132 2.4
      vertex -28.6 -32.2161 2.4
    endloop
  endfacet
  facet normal -0.227001 -0.973894 0
    outer loop
      vertex -28.1566 -32.3666 0
      vertex -28.3857 -32.3132 2.4
      vertex -28.3857 -32.3132 0
    endloop
  endfacet
  facet normal -0.227001 -0.973894 0
    outer loop
      vertex -28.1566 -32.3666 0
      vertex -28.1566 -32.3666 2.4
      vertex -28.3857 -32.3132 2.4
    endloop
  endfacet
  facet normal -0.0327345 -0.999464 0
    outer loop
      vertex -27.9215 -32.3743 0
      vertex -28.1566 -32.3666 2.4
      vertex -28.1566 -32.3666 0
    endloop
  endfacet
  facet normal -0.0327345 -0.999464 0
    outer loop
      vertex -27.9215 -32.3743 0
      vertex -27.9215 -32.3743 2.4
      vertex -28.1566 -32.3666 2.4
    endloop
  endfacet
  facet normal 0 -1 0
    outer loop
      vertex -20.077 -32.3743 0
      vertex -27.9215 -32.3743 2.4
      vertex -27.9215 -32.3743 0
    endloop
  endfacet
  facet normal 0 -1 0
    outer loop
      vertex -20.077 -32.3743 0
      vertex -20.077 -32.3743 2.4
      vertex -27.9215 -32.3743 2.4
    endloop
  endfacet
  facet normal -0.866029 0.499994 0
    outer loop
      vertex -23.5392 -38.3711 0
      vertex -20.077 -32.3743 2.4
      vertex -20.077 -32.3743 0
    endloop
  endfacet
  facet normal -0.866029 0.499994 0
    outer loop
      vertex -23.5392 -38.3711 0
      vertex -23.5392 -38.3711 2.4
      vertex -20.077 -32.3743 2.4
    endloop
  endfacet
  facet normal -0.910861 0.412714 0
    outer loop
      vertex -23.6363 -38.5854 0
      vertex -23.5392 -38.3711 2.4
      vertex -23.5392 -38.3711 0
    endloop
  endfacet
  facet normal -0.910861 0.412714 0
    outer loop
      vertex -23.6363 -38.5854 0
      vertex -23.6363 -38.5854 2.4
      vertex -23.5392 -38.3711 2.4
    endloop
  endfacet
  facet normal -0.973894 0.227001 0
    outer loop
      vertex -23.6897 -38.8145 0
      vertex -23.6363 -38.5854 2.4
      vertex -23.6363 -38.5854 0
    endloop
  endfacet
  facet normal -0.973894 0.227001 0
    outer loop
      vertex -23.6897 -38.8145 0
      vertex -23.6897 -38.8145 2.4
      vertex -23.6363 -38.5854 2.4
    endloop
  endfacet
  facet normal -0.999464 0.0327345 0
    outer loop
      vertex -23.6974 -39.0496 0
      vertex -23.6897 -38.8145 2.4
      vertex -23.6897 -38.8145 0
    endloop
  endfacet
  facet normal -0.999464 0.0327345 0
    outer loop
      vertex -23.6974 -39.0496 0
      vertex -23.6974 -39.0496 2.4
      vertex -23.6897 -38.8145 2.4
    endloop
  endfacet
  facet normal -0.986657 -0.162813 0
    outer loop
      vertex -23.6591 -39.2817 0
      vertex -23.6974 -39.0496 2.4
      vertex -23.6974 -39.0496 0
    endloop
  endfacet
  facet normal -0.986657 -0.162813 0
    outer loop
      vertex -23.6591 -39.2817 0
      vertex -23.6591 -39.2817 2.4
      vertex -23.6974 -39.0496 2.4
    endloop
  endfacet
  facet normal -0.935874 -0.352334 0
    outer loop
      vertex -23.5762 -39.5019 0
      vertex -23.6591 -39.2817 2.4
      vertex -23.6591 -39.2817 0
    endloop
  endfacet
  facet normal -0.935874 -0.352334 0
    outer loop
      vertex -23.5762 -39.5019 0
      vertex -23.5762 -39.5019 2.4
      vertex -23.6591 -39.2817 2.4
    endloop
  endfacet
  facet normal -0.849167 -0.528125 0
    outer loop
      vertex -23.452 -39.7016 0
      vertex -23.5762 -39.5019 2.4
      vertex -23.5762 -39.5019 0
    endloop
  endfacet
  facet normal -0.849167 -0.528125 0
    outer loop
      vertex -23.452 -39.7016 0
      vertex -23.452 -39.7016 2.4
      vertex -23.5762 -39.5019 2.4
    endloop
  endfacet
  facet normal -0.730094 -0.683347 0
    outer loop
      vertex -23.2912 -39.8734 0
      vertex -23.452 -39.7016 2.4
      vertex -23.452 -39.7016 0
    endloop
  endfacet
  facet normal -0.730094 -0.683347 0
    outer loop
      vertex -23.2912 -39.8734 0
      vertex -23.2912 -39.8734 2.4
      vertex -23.452 -39.7016 2.4
    endloop
  endfacet
  facet normal -0.582444 -0.812871 0
    outer loop
      vertex -23.1 -40.0104 0
      vertex -23.2912 -39.8734 2.4
      vertex -23.2912 -39.8734 0
    endloop
  endfacet
  facet normal -0.582444 -0.812871 0
    outer loop
      vertex -23.1 -40.0104 0
      vertex -23.1 -40.0104 2.4
      vertex -23.2912 -39.8734 2.4
    endloop
  endfacet
  facet normal -0.412714 -0.910861 0
    outer loop
      vertex -22.8857 -40.1075 0
      vertex -23.1 -40.0104 2.4
      vertex -23.1 -40.0104 0
    endloop
  endfacet
  facet normal -0.412714 -0.910861 0
    outer loop
      vertex -22.8857 -40.1075 0
      vertex -22.8857 -40.1075 2.4
      vertex -23.1 -40.0104 2.4
    endloop
  endfacet
  facet normal -0.227001 -0.973894 0
    outer loop
      vertex -22.6566 -40.1609 0
      vertex -22.8857 -40.1075 2.4
      vertex -22.8857 -40.1075 0
    endloop
  endfacet
  facet normal -0.227001 -0.973894 0
    outer loop
      vertex -22.6566 -40.1609 0
      vertex -22.6566 -40.1609 2.4
      vertex -22.8857 -40.1075 2.4
    endloop
  endfacet
  facet normal -0.0323098 -0.999478 0
    outer loop
      vertex -22.4215 -40.1685 0
      vertex -22.6566 -40.1609 2.4
      vertex -22.6566 -40.1609 0
    endloop
  endfacet
  facet normal -0.0323098 -0.999478 0
    outer loop
      vertex -22.4215 -40.1685 0
      vertex -22.4215 -40.1685 2.4
      vertex -22.6566 -40.1609 2.4
    endloop
  endfacet
  facet normal 0.162813 -0.986657 0
    outer loop
      vertex -22.1894 -40.1302 0
      vertex -22.4215 -40.1685 2.4
      vertex -22.4215 -40.1685 0
    endloop
  endfacet
  facet normal 0.162813 -0.986657 0
    outer loop
      vertex -22.1894 -40.1302 0
      vertex -22.1894 -40.1302 2.4
      vertex -22.4215 -40.1685 2.4
    endloop
  endfacet
  facet normal 0.351962 -0.936014 0
    outer loop
      vertex -21.9692 -40.0474 0
      vertex -22.1894 -40.1302 2.4
      vertex -22.1894 -40.1302 0
    endloop
  endfacet
  facet normal 0.351962 -0.936014 0
    outer loop
      vertex -21.9692 -40.0474 0
      vertex -21.9692 -40.0474 2.4
      vertex -22.1894 -40.1302 2.4
    endloop
  endfacet
  facet normal 0.528431 -0.848976 0
    outer loop
      vertex -21.7695 -39.9231 0
      vertex -21.9692 -40.0474 2.4
      vertex -21.9692 -40.0474 0
    endloop
  endfacet
  facet normal 0.528431 -0.848976 0
    outer loop
      vertex -21.7695 -39.9231 0
      vertex -21.7695 -39.9231 2.4
      vertex -21.9692 -40.0474 2.4
    endloop
  endfacet
  facet normal 0.683559 -0.729895 0
    outer loop
      vertex -21.5978 -39.7623 0
      vertex -21.7695 -39.9231 2.4
      vertex -21.7695 -39.9231 0
    endloop
  endfacet
  facet normal 0.683559 -0.729895 0
    outer loop
      vertex -21.5978 -39.7623 0
      vertex -21.5978 -39.7623 2.4
      vertex -21.7695 -39.9231 2.4
    endloop
  endfacet
  facet normal 0.812871 -0.582444 0
    outer loop
      vertex -21.4608 -39.5711 0
      vertex -21.5978 -39.7623 2.4
      vertex -21.5978 -39.7623 0
    endloop
  endfacet
  facet normal 0.812871 -0.582444 0
    outer loop
      vertex -21.4608 -39.5711 0
      vertex -21.4608 -39.5711 2.4
      vertex -21.5978 -39.7623 2.4
    endloop
  endfacet
  facet normal 0.866023 -0.500005 0
    outer loop
      vertex -17.9985 -33.5743 0
      vertex -21.4608 -39.5711 2.4
      vertex -21.4608 -39.5711 0
    endloop
  endfacet
  facet normal 0.866023 -0.500005 0
    outer loop
      vertex -17.9985 -33.5743 0
      vertex -17.9985 -33.5743 2.4
      vertex -21.4608 -39.5711 2.4
    endloop
  endfacet
  facet normal -0.866025 -0.500001 0
    outer loop
      vertex -14.0762 -40.3679 0
      vertex -17.9985 -33.5743 2.4
      vertex -17.9985 -33.5743 0
    endloop
  endfacet
  facet normal -0.866025 -0.500001 0
    outer loop
      vertex -14.0762 -40.3679 0
      vertex -14.0762 -40.3679 2.4
      vertex -17.9985 -33.5743 2.4
    endloop
  endfacet
  facet normal -0.849285 -0.527934 0
    outer loop
      vertex -13.952 -40.5677 0
      vertex -14.0762 -40.3679 2.4
      vertex -14.0762 -40.3679 0
    endloop
  endfacet
  facet normal -0.849285 -0.527934 0
    outer loop
      vertex -13.952 -40.5677 0
      vertex -13.952 -40.5677 2.4
      vertex -14.0762 -40.3679 2.4
    endloop
  endfacet
  facet normal -0.729895 -0.683559 0
    outer loop
      vertex -13.7912 -40.7394 0
      vertex -13.952 -40.5677 2.4
      vertex -13.952 -40.5677 0
    endloop
  endfacet
  facet normal -0.729895 -0.683559 0
    outer loop
      vertex -13.7912 -40.7394 0
      vertex -13.7912 -40.7394 2.4
      vertex -13.952 -40.5677 2.4
    endloop
  endfacet
  facet normal -0.582444 -0.812871 0
    outer loop
      vertex -13.6 -40.8764 0
      vertex -13.7912 -40.7394 2.4
      vertex -13.7912 -40.7394 0
    endloop
  endfacet
  facet normal -0.582444 -0.812871 0
    outer loop
      vertex -13.6 -40.8764 0
      vertex -13.6 -40.8764 2.4
      vertex -13.7912 -40.7394 2.4
    endloop
  endfacet
  facet normal -0.412714 -0.910861 0
    outer loop
      vertex -13.3857 -40.9735 0
      vertex -13.6 -40.8764 2.4
      vertex -13.6 -40.8764 0
    endloop
  endfacet
  facet normal -0.412714 -0.910861 0
    outer loop
      vertex -13.3857 -40.9735 0
      vertex -13.3857 -40.9735 2.4
      vertex -13.6 -40.8764 2.4
    endloop
  endfacet
  facet normal -0.227001 -0.973894 0
    outer loop
      vertex -13.1566 -41.0269 0
      vertex -13.3857 -40.9735 2.4
      vertex -13.3857 -40.9735 0
    endloop
  endfacet
  facet normal -0.227001 -0.973894 0
    outer loop
      vertex -13.1566 -41.0269 0
      vertex -13.1566 -41.0269 2.4
      vertex -13.3857 -40.9735 2.4
    endloop
  endfacet
  facet normal -0.0327345 -0.999464 0
    outer loop
      vertex -12.9215 -41.0346 0
      vertex -13.1566 -41.0269 2.4
      vertex -13.1566 -41.0269 0
    endloop
  endfacet
  facet normal -0.0327345 -0.999464 0
    outer loop
      vertex -12.9215 -41.0346 0
      vertex -12.9215 -41.0346 2.4
      vertex -13.1566 -41.0269 2.4
    endloop
  endfacet
  facet normal 0.162813 -0.986657 0
    outer loop
      vertex -12.6894 -40.9963 0
      vertex -12.9215 -41.0346 2.4
      vertex -12.9215 -41.0346 0
    endloop
  endfacet
  facet normal 0.162813 -0.986657 0
    outer loop
      vertex -12.6894 -40.9963 0
      vertex -12.6894 -40.9963 2.4
      vertex -12.9215 -41.0346 2.4
    endloop
  endfacet
  facet normal 0.352474 -0.935821 0
    outer loop
      vertex -12.4693 -40.9134 0
      vertex -12.6894 -40.9963 2.4
      vertex -12.6894 -40.9963 0
    endloop
  endfacet
  facet normal 0.352474 -0.935821 0
    outer loop
      vertex -12.4693 -40.9134 0
      vertex -12.4693 -40.9134 2.4
      vertex -12.6894 -40.9963 2.4
    endloop
  endfacet
  facet normal 0.527934 -0.849285 0
    outer loop
      vertex -12.2695 -40.7892 0
      vertex -12.4693 -40.9134 2.4
      vertex -12.4693 -40.9134 0
    endloop
  endfacet
  facet normal 0.527934 -0.849285 0
    outer loop
      vertex -12.2695 -40.7892 0
      vertex -12.2695 -40.7892 2.4
      vertex -12.4693 -40.9134 2.4
    endloop
  endfacet
  facet normal 0.683559 -0.729895 0
    outer loop
      vertex -12.0978 -40.6284 0
      vertex -12.2695 -40.7892 2.4
      vertex -12.2695 -40.7892 0
    endloop
  endfacet
  facet normal 0.683559 -0.729895 0
    outer loop
      vertex -12.0978 -40.6284 0
      vertex -12.0978 -40.6284 2.4
      vertex -12.2695 -40.7892 2.4
    endloop
  endfacet
  facet normal 0.813015 -0.582243 0
    outer loop
      vertex -11.9608 -40.4371 0
      vertex -12.0978 -40.6284 2.4
      vertex -12.0978 -40.6284 0
    endloop
  endfacet
  facet normal 0.813015 -0.582243 0
    outer loop
      vertex -11.9608 -40.4371 0
      vertex -11.9608 -40.4371 2.4
      vertex -12.0978 -40.6284 2.4
    endloop
  endfacet
  facet normal 0.910788 -0.412874 0
    outer loop
      vertex -11.8637 -40.2229 0
      vertex -11.9608 -40.4371 2.4
      vertex -11.9608 -40.4371 0
    endloop
  endfacet
  facet normal 0.910788 -0.412874 0
    outer loop
      vertex -11.8637 -40.2229 0
      vertex -11.8637 -40.2229 2.4
      vertex -11.9608 -40.4371 2.4
    endloop
  endfacet
  facet normal 0.973894 -0.227001 0
    outer loop
      vertex -11.8103 -39.9938 0
      vertex -11.8637 -40.2229 2.4
      vertex -11.8637 -40.2229 0
    endloop
  endfacet
  facet normal 0.973894 -0.227001 0
    outer loop
      vertex -11.8103 -39.9938 0
      vertex -11.8103 -39.9938 2.4
      vertex -11.8637 -40.2229 2.4
    endloop
  endfacet
  facet normal 0.999464 -0.0327345 0
    outer loop
      vertex -11.8026 -39.7587 0
      vertex -11.8103 -39.9938 2.4
      vertex -11.8103 -39.9938 0
    endloop
  endfacet
  facet normal 0.999464 -0.0327345 0
    outer loop
      vertex -11.8026 -39.7587 0
      vertex -11.8026 -39.7587 2.4
      vertex -11.8103 -39.9938 2.4
    endloop
  endfacet
  facet normal 0.986657 0.162813 0
    outer loop
      vertex -11.8409 -39.5266 0
      vertex -11.8026 -39.7587 2.4
      vertex -11.8026 -39.7587 0
    endloop
  endfacet
  facet normal 0.986657 0.162813 -0
    outer loop
      vertex -11.8409 -39.5266 0
      vertex -11.8409 -39.5266 2.4
      vertex -11.8026 -39.7587 2.4
    endloop
  endfacet
  facet normal 0.936014 0.351962 0
    outer loop
      vertex -11.9237 -39.3064 0
      vertex -11.8409 -39.5266 2.4
      vertex -11.8409 -39.5266 0
    endloop
  endfacet
  facet normal 0.936014 0.351962 -0
    outer loop
      vertex -11.9237 -39.3064 0
      vertex -11.9237 -39.3064 2.4
      vertex -11.8409 -39.5266 2.4
    endloop
  endfacet
  facet normal 0.866024 0.500003 0
    outer loop
      vertex -16.6158 -31.1795 0
      vertex -11.9237 -39.3064 2.4
      vertex -11.9237 -39.3064 0
    endloop
  endfacet
  facet normal 0.866024 0.500003 -0
    outer loop
      vertex -16.6158 -31.1795 0
      vertex -16.6158 -31.1795 2.4
      vertex -11.9237 -39.3064 2.4
    endloop
  endfacet
  facet normal 0.866029 -0.499994 0
    outer loop
      vertex -12.3735 -23.8315 0
      vertex -16.6158 -31.1795 2.4
      vertex -16.6158 -31.1795 0
    endloop
  endfacet
  facet normal 0.866029 -0.499994 0
    outer loop
      vertex -12.3735 -23.8315 0
      vertex -12.3735 -23.8315 2.4
      vertex -16.6158 -31.1795 2.4
    endloop
  endfacet
  facet normal -0.866027 -0.499997 0
    outer loop
      vertex -5.45125 -35.8213 0
      vertex -12.3735 -23.8315 2.4
      vertex -12.3735 -23.8315 0
    endloop
  endfacet
  facet normal -0.866027 -0.499997 0
    outer loop
      vertex -5.45125 -35.8213 0
      vertex -5.45125 -35.8213 2.4
      vertex -12.3735 -23.8315 2.4
    endloop
  endfacet
  facet normal -0.849091 -0.528247 0
    outer loop
      vertex -5.32701 -36.021 0
      vertex -5.45125 -35.8213 2.4
      vertex -5.45125 -35.8213 0
    endloop
  endfacet
  facet normal -0.849091 -0.528247 0
    outer loop
      vertex -5.32701 -36.021 0
      vertex -5.32701 -36.021 2.4
      vertex -5.45125 -35.8213 2.4
    endloop
  endfacet
  facet normal -0.729895 -0.683559 0
    outer loop
      vertex -5.16621 -36.1927 0
      vertex -5.32701 -36.021 2.4
      vertex -5.32701 -36.021 0
    endloop
  endfacet
  facet normal -0.729895 -0.683559 0
    outer loop
      vertex -5.16621 -36.1927 0
      vertex -5.16621 -36.1927 2.4
      vertex -5.32701 -36.021 2.4
    endloop
  endfacet
  facet normal -0.582685 -0.812698 0
    outer loop
      vertex -4.97499 -36.3298 0
      vertex -5.16621 -36.1927 2.4
      vertex -5.16621 -36.1927 0
    endloop
  endfacet
  facet normal -0.582685 -0.812698 0
    outer loop
      vertex -4.97499 -36.3298 0
      vertex -4.97499 -36.3298 2.4
      vertex -5.16621 -36.1927 2.4
    endloop
  endfacet
  facet normal -0.412425 -0.910992 0
    outer loop
      vertex -4.76073 -36.4268 0
      vertex -4.97499 -36.3298 2.4
      vertex -4.97499 -36.3298 0
    endloop
  endfacet
  facet normal -0.412425 -0.910992 0
    outer loop
      vertex -4.76073 -36.4268 0
      vertex -4.76073 -36.4268 2.4
      vertex -4.97499 -36.3298 2.4
    endloop
  endfacet
  facet normal -0.227001 -0.973894 0
    outer loop
      vertex -4.53163 -36.4802 0
      vertex -4.76073 -36.4268 2.4
      vertex -4.76073 -36.4268 0
    endloop
  endfacet
  facet normal -0.227001 -0.973894 0
    outer loop
      vertex -4.53163 -36.4802 0
      vertex -4.53163 -36.4802 2.4
      vertex -4.76073 -36.4268 2.4
    endloop
  endfacet
  facet normal -0.0327317 -0.999464 0
    outer loop
      vertex -4.29651 -36.4879 0
      vertex -4.53163 -36.4802 2.4
      vertex -4.53163 -36.4802 0
    endloop
  endfacet
  facet normal -0.0327317 -0.999464 0
    outer loop
      vertex -4.29651 -36.4879 0
      vertex -4.29651 -36.4879 2.4
      vertex -4.53163 -36.4802 2.4
    endloop
  endfacet
  facet normal 0.16282 -0.986656 0
    outer loop
      vertex -4.06442 -36.4496 0
      vertex -4.29651 -36.4879 2.4
      vertex -4.29651 -36.4879 0
    endloop
  endfacet
  facet normal 0.16282 -0.986656 0
    outer loop
      vertex -4.06442 -36.4496 0
      vertex -4.06442 -36.4496 2.4
      vertex -4.29651 -36.4879 2.4
    endloop
  endfacet
  facet normal 0.352004 -0.935999 0
    outer loop
      vertex -3.84425 -36.3668 0
      vertex -4.06442 -36.4496 2.4
      vertex -4.06442 -36.4496 0
    endloop
  endfacet
  facet normal 0.352004 -0.935999 0
    outer loop
      vertex -3.84425 -36.3668 0
      vertex -3.84425 -36.3668 2.4
      vertex -4.06442 -36.4496 2.4
    endloop
  endfacet
  facet normal 0.528317 -0.849047 0
    outer loop
      vertex -3.64449 -36.2425 0
      vertex -3.84425 -36.3668 2.4
      vertex -3.84425 -36.3668 0
    endloop
  endfacet
  facet normal 0.528317 -0.849047 0
    outer loop
      vertex -3.64449 -36.2425 0
      vertex -3.64449 -36.2425 2.4
      vertex -3.84425 -36.3668 2.4
    endloop
  endfacet
  facet normal 0.683559 -0.729895 0
    outer loop
      vertex -3.47279 -36.0817 0
      vertex -3.64449 -36.2425 2.4
      vertex -3.64449 -36.2425 0
    endloop
  endfacet
  facet normal 0.683559 -0.729895 0
    outer loop
      vertex -3.47279 -36.0817 0
      vertex -3.47279 -36.0817 2.4
      vertex -3.64449 -36.2425 2.4
    endloop
  endfacet
  facet normal 0.812831 -0.5825 0
    outer loop
      vertex -3.33577 -35.8905 0
      vertex -3.47279 -36.0817 2.4
      vertex -3.47279 -36.0817 0
    endloop
  endfacet
  facet normal 0.812831 -0.5825 0
    outer loop
      vertex -3.33577 -35.8905 0
      vertex -3.33577 -35.8905 2.4
      vertex -3.47279 -36.0817 2.4
    endloop
  endfacet
  facet normal 0.910877 -0.412679 0
    outer loop
      vertex -3.23868 -35.6762 0
      vertex -3.33577 -35.8905 2.4
      vertex -3.33577 -35.8905 0
    endloop
  endfacet
  facet normal 0.910877 -0.412679 0
    outer loop
      vertex -3.23868 -35.6762 0
      vertex -3.23868 -35.6762 2.4
      vertex -3.33577 -35.8905 2.4
    endloop
  endfacet
  facet normal 0.973876 -0.227082 0
    outer loop
      vertex -3.18526 -35.4471 0
      vertex -3.23868 -35.6762 2.4
      vertex -3.23868 -35.6762 0
    endloop
  endfacet
  facet normal 0.973876 -0.227082 0
    outer loop
      vertex -3.18526 -35.4471 0
      vertex -3.18526 -35.4471 2.4
      vertex -3.23868 -35.6762 2.4
    endloop
  endfacet
  facet normal 0.999465 -0.032692 0
    outer loop
      vertex -3.17757 -35.212 0
      vertex -3.18526 -35.4471 2.4
      vertex -3.18526 -35.4471 0
    endloop
  endfacet
  facet normal 0.999465 -0.032692 0
    outer loop
      vertex -3.17757 -35.212 0
      vertex -3.17757 -35.212 2.4
      vertex -3.18526 -35.4471 2.4
    endloop
  endfacet
  facet normal 0.98665 0.162855 0
    outer loop
      vertex -3.21588 -34.9799 0
      vertex -3.17757 -35.212 2.4
      vertex -3.17757 -35.212 0
    endloop
  endfacet
  facet normal 0.98665 0.162855 -0
    outer loop
      vertex -3.21588 -34.9799 0
      vertex -3.21588 -34.9799 2.4
      vertex -3.17757 -35.212 2.4
    endloop
  endfacet
  facet normal 0.935864 0.352363 0
    outer loop
      vertex -3.29875 -34.7598 0
      vertex -3.21588 -34.9799 2.4
      vertex -3.21588 -34.9799 0
    endloop
  endfacet
  facet normal 0.935864 0.352363 -0
    outer loop
      vertex -3.29875 -34.7598 0
      vertex -3.29875 -34.7598 2.4
      vertex -3.21588 -34.9799 2.4
    endloop
  endfacet
  facet normal 0.866027 0.499998 0
    outer loop
      vertex -10.9908 -21.4367 0
      vertex -3.29875 -34.7598 2.4
      vertex -3.29875 -34.7598 0
    endloop
  endfacet
  facet normal 0.866027 0.499998 -0
    outer loop
      vertex -10.9908 -21.4367 0
      vertex -10.9908 -21.4367 2.4
      vertex -3.29875 -34.7598 2.4
    endloop
  endfacet
  facet normal 0.866026 -0.499999 0
    outer loop
      vertex -6.7485 -14.0888 0
      vertex -10.9908 -21.4367 2.4
      vertex -10.9908 -21.4367 0
    endloop
  endfacet
  facet normal 0.866026 -0.499999 0
    outer loop
      vertex -6.7485 -14.0888 0
      vertex -6.7485 -14.0888 2.4
      vertex -10.9908 -21.4367 2.4
    endloop
  endfacet
  facet normal -0.866025 -0.500001 0
    outer loop
      vertex -1.82623 -22.6144 0
      vertex -6.7485 -14.0888 2.4
      vertex -6.7485 -14.0888 0
    endloop
  endfacet
  facet normal -0.866025 -0.500001 0
    outer loop
      vertex -1.82623 -22.6144 0
      vertex -1.82623 -22.6144 2.4
      vertex -6.7485 -14.0888 2.4
    endloop
  endfacet
  facet normal -0.849129 -0.528186 0
    outer loop
      vertex -1.70201 -22.8141 0
      vertex -1.82623 -22.6144 2.4
      vertex -1.82623 -22.6144 0
    endloop
  endfacet
  facet normal -0.849129 -0.528186 0
    outer loop
      vertex -1.70201 -22.8141 0
      vertex -1.70201 -22.8141 2.4
      vertex -1.82623 -22.6144 2.4
    endloop
  endfacet
  facet normal -0.729895 -0.683559 0
    outer loop
      vertex -1.54121 -22.9858 0
      vertex -1.70201 -22.8141 2.4
      vertex -1.70201 -22.8141 0
    endloop
  endfacet
  facet normal -0.729895 -0.683559 0
    outer loop
      vertex -1.54121 -22.9858 0
      vertex -1.54121 -22.9858 2.4
      vertex -1.70201 -22.8141 2.4
    endloop
  endfacet
  facet normal -0.582685 -0.812698 0
    outer loop
      vertex -1.34999 -23.1229 0
      vertex -1.54121 -22.9858 2.4
      vertex -1.54121 -22.9858 0
    endloop
  endfacet
  facet normal -0.582685 -0.812698 0
    outer loop
      vertex -1.34999 -23.1229 0
      vertex -1.34999 -23.1229 2.4
      vertex -1.54121 -22.9858 2.4
    endloop
  endfacet
  facet normal -0.412778 -0.910832 0
    outer loop
      vertex -1.13573 -23.22 0
      vertex -1.34999 -23.1229 2.4
      vertex -1.34999 -23.1229 0
    endloop
  endfacet
  facet normal -0.412778 -0.910832 0
    outer loop
      vertex -1.13573 -23.22 0
      vertex -1.13573 -23.22 2.4
      vertex -1.34999 -23.1229 2.4
    endloop
  endfacet
  facet normal -0.227002 -0.973894 0
    outer loop
      vertex -0.906631 -23.2734 0
      vertex -1.13573 -23.22 2.4
      vertex -1.13573 -23.22 0
    endloop
  endfacet
  facet normal -0.227002 -0.973894 0
    outer loop
      vertex -0.906631 -23.2734 0
      vertex -0.906631 -23.2734 2.4
      vertex -1.13573 -23.22 2.4
    endloop
  endfacet
  facet normal -0.0327335 -0.999464 0
    outer loop
      vertex -0.671524 -23.2811 0
      vertex -0.906631 -23.2734 2.4
      vertex -0.906631 -23.2734 0
    endloop
  endfacet
  facet normal -0.0327335 -0.999464 0
    outer loop
      vertex -0.671524 -23.2811 0
      vertex -0.671524 -23.2811 2.4
      vertex -0.906631 -23.2734 2.4
    endloop
  endfacet
  facet normal 0.162802 -0.986659 0
    outer loop
      vertex -0.439407 -23.2428 0
      vertex -0.671524 -23.2811 2.4
      vertex -0.671524 -23.2811 0
    endloop
  endfacet
  facet normal 0.162802 -0.986659 0
    outer loop
      vertex -0.439407 -23.2428 0
      vertex -0.439407 -23.2428 2.4
      vertex -0.671524 -23.2811 2.4
    endloop
  endfacet
  facet normal 0.3524 -0.935849 0
    outer loop
      vertex -0.219254 -23.1599 0
      vertex -0.439407 -23.2428 2.4
      vertex -0.439407 -23.2428 0
    endloop
  endfacet
  facet normal 0.3524 -0.935849 0
    outer loop
      vertex -0.219254 -23.1599 0
      vertex -0.219254 -23.1599 2.4
      vertex -0.439407 -23.2428 2.4
    endloop
  endfacet
  facet normal 0.528301 -0.849057 0
    outer loop
      vertex -0.0194855 -23.0356 0
      vertex -0.219254 -23.1599 2.4
      vertex -0.219254 -23.1599 0
    endloop
  endfacet
  facet normal 0.528301 -0.849057 0
    outer loop
      vertex -0.0194855 -23.0356 0
      vertex -0.0194855 -23.0356 2.4
      vertex -0.219254 -23.1599 2.4
    endloop
  endfacet
  facet normal 0.682589 -0.730802 0
    outer loop
      vertex 0 -23.0174 0
      vertex -0.0194855 -23.0356 2.4
      vertex -0.0194855 -23.0356 0
    endloop
  endfacet
  facet normal 0.682589 -0.730802 0
    outer loop
      vertex 0 -23.0174 0
      vertex 0 -23.0174 2.4
      vertex -0.0194855 -23.0356 2.4
    endloop
  endfacet
  facet normal -0.682589 -0.730802 0
    outer loop
      vertex 0.0194855 -23.0356 0
      vertex 0 -23.0174 2.4
      vertex 0 -23.0174 0
    endloop
  endfacet
  facet normal -0.682589 -0.730802 0
    outer loop
      vertex 0.0194855 -23.0356 0
      vertex 0.0194855 -23.0356 2.4
      vertex 0 -23.0174 2.4
    endloop
  endfacet
  facet normal -0.528301 -0.849057 0
    outer loop
      vertex 0.219254 -23.1599 0
      vertex 0.0194855 -23.0356 2.4
      vertex 0.0194855 -23.0356 0
    endloop
  endfacet
  facet normal -0.528301 -0.849057 0
    outer loop
      vertex 0.219254 -23.1599 0
      vertex 0.219254 -23.1599 2.4
      vertex 0.0194855 -23.0356 2.4
    endloop
  endfacet
  facet normal -0.3524 -0.935849 0
    outer loop
      vertex 0.439407 -23.2428 0
      vertex 0.219254 -23.1599 2.4
      vertex 0.219254 -23.1599 0
    endloop
  endfacet
  facet normal -0.3524 -0.935849 0
    outer loop
      vertex 0.439407 -23.2428 0
      vertex 0.439407 -23.2428 2.4
      vertex 0.219254 -23.1599 2.4
    endloop
  endfacet
  facet normal -0.162802 -0.986659 0
    outer loop
      vertex 0.671524 -23.2811 0
      vertex 0.439407 -23.2428 2.4
      vertex 0.439407 -23.2428 0
    endloop
  endfacet
  facet normal -0.162802 -0.986659 0
    outer loop
      vertex 0.671524 -23.2811 0
      vertex 0.671524 -23.2811 2.4
      vertex 0.439407 -23.2428 2.4
    endloop
  endfacet
  facet normal 0.0327335 -0.999464 0
    outer loop
      vertex 0.906631 -23.2734 0
      vertex 0.671524 -23.2811 2.4
      vertex 0.671524 -23.2811 0
    endloop
  endfacet
  facet normal 0.0327335 -0.999464 0
    outer loop
      vertex 0.906631 -23.2734 0
      vertex 0.906631 -23.2734 2.4
      vertex 0.671524 -23.2811 2.4
    endloop
  endfacet
  facet normal 0.227002 -0.973894 0
    outer loop
      vertex 1.13573 -23.22 0
      vertex 0.906631 -23.2734 2.4
      vertex 0.906631 -23.2734 0
    endloop
  endfacet
  facet normal 0.227002 -0.973894 0
    outer loop
      vertex 1.13573 -23.22 0
      vertex 1.13573 -23.22 2.4
      vertex 0.906631 -23.2734 2.4
    endloop
  endfacet
  facet normal 0.412778 -0.910832 0
    outer loop
      vertex 1.34999 -23.1229 0
      vertex 1.13573 -23.22 2.4
      vertex 1.13573 -23.22 0
    endloop
  endfacet
  facet normal 0.412778 -0.910832 0
    outer loop
      vertex 1.34999 -23.1229 0
      vertex 1.34999 -23.1229 2.4
      vertex 1.13573 -23.22 2.4
    endloop
  endfacet
  facet normal 0.582685 -0.812698 0
    outer loop
      vertex 1.54121 -22.9858 0
      vertex 1.34999 -23.1229 2.4
      vertex 1.34999 -23.1229 0
    endloop
  endfacet
  facet normal 0.582685 -0.812698 0
    outer loop
      vertex 1.54121 -22.9858 0
      vertex 1.54121 -22.9858 2.4
      vertex 1.34999 -23.1229 2.4
    endloop
  endfacet
  facet normal 0.729895 -0.683559 0
    outer loop
      vertex 1.70201 -22.8141 0
      vertex 1.54121 -22.9858 2.4
      vertex 1.54121 -22.9858 0
    endloop
  endfacet
  facet normal 0.729895 -0.683559 0
    outer loop
      vertex 1.70201 -22.8141 0
      vertex 1.70201 -22.8141 2.4
      vertex 1.54121 -22.9858 2.4
    endloop
  endfacet
  facet normal 0.849129 -0.528186 0
    outer loop
      vertex 1.82623 -22.6144 0
      vertex 1.70201 -22.8141 2.4
      vertex 1.70201 -22.8141 0
    endloop
  endfacet
  facet normal 0.849129 -0.528186 0
    outer loop
      vertex 1.82623 -22.6144 0
      vertex 1.82623 -22.6144 2.4
      vertex 1.70201 -22.8141 2.4
    endloop
  endfacet
  facet normal 0.866025 -0.500001 0
    outer loop
      vertex 6.7485 -14.0888 0
      vertex 1.82623 -22.6144 2.4
      vertex 1.82623 -22.6144 0
    endloop
  endfacet
  facet normal 0.866025 -0.500001 0
    outer loop
      vertex 6.7485 -14.0888 0
      vertex 6.7485 -14.0888 2.4
      vertex 1.82623 -22.6144 2.4
    endloop
  endfacet
  facet normal -0.866026 -0.499999 0
    outer loop
      vertex 10.9908 -21.4367 0
      vertex 6.7485 -14.0888 2.4
      vertex 6.7485 -14.0888 0
    endloop
  endfacet
  facet normal -0.866026 -0.499999 0
    outer loop
      vertex 10.9908 -21.4367 0
      vertex 10.9908 -21.4367 2.4
      vertex 6.7485 -14.0888 2.4
    endloop
  endfacet
  facet normal -0.866027 0.499998 0
    outer loop
      vertex 3.29875 -34.7598 0
      vertex 10.9908 -21.4367 2.4
      vertex 10.9908 -21.4367 0
    endloop
  endfacet
  facet normal -0.866027 0.499998 0
    outer loop
      vertex 3.29875 -34.7598 0
      vertex 3.29875 -34.7598 2.4
      vertex 10.9908 -21.4367 2.4
    endloop
  endfacet
  facet normal -0.935864 0.352363 0
    outer loop
      vertex 3.21588 -34.9799 0
      vertex 3.29875 -34.7598 2.4
      vertex 3.29875 -34.7598 0
    endloop
  endfacet
  facet normal -0.935864 0.352363 0
    outer loop
      vertex 3.21588 -34.9799 0
      vertex 3.21588 -34.9799 2.4
      vertex 3.29875 -34.7598 2.4
    endloop
  endfacet
  facet normal -0.98665 0.162855 0
    outer loop
      vertex 3.17757 -35.212 0
      vertex 3.21588 -34.9799 2.4
      vertex 3.21588 -34.9799 0
    endloop
  endfacet
  facet normal -0.98665 0.162855 0
    outer loop
      vertex 3.17757 -35.212 0
      vertex 3.17757 -35.212 2.4
      vertex 3.21588 -34.9799 2.4
    endloop
  endfacet
  facet normal -0.999465 -0.032692 0
    outer loop
      vertex 3.18526 -35.4471 0
      vertex 3.17757 -35.212 2.4
      vertex 3.17757 -35.212 0
    endloop
  endfacet
  facet normal -0.999465 -0.032692 0
    outer loop
      vertex 3.18526 -35.4471 0
      vertex 3.18526 -35.4471 2.4
      vertex 3.17757 -35.212 2.4
    endloop
  endfacet
  facet normal -0.973876 -0.227082 0
    outer loop
      vertex 3.23868 -35.6762 0
      vertex 3.18526 -35.4471 2.4
      vertex 3.18526 -35.4471 0
    endloop
  endfacet
  facet normal -0.973876 -0.227082 0
    outer loop
      vertex 3.23868 -35.6762 0
      vertex 3.23868 -35.6762 2.4
      vertex 3.18526 -35.4471 2.4
    endloop
  endfacet
  facet normal -0.910877 -0.412679 0
    outer loop
      vertex 3.33577 -35.8905 0
      vertex 3.23868 -35.6762 2.4
      vertex 3.23868 -35.6762 0
    endloop
  endfacet
  facet normal -0.910877 -0.412679 0
    outer loop
      vertex 3.33577 -35.8905 0
      vertex 3.33577 -35.8905 2.4
      vertex 3.23868 -35.6762 2.4
    endloop
  endfacet
  facet normal -0.812831 -0.5825 0
    outer loop
      vertex 3.47279 -36.0817 0
      vertex 3.33577 -35.8905 2.4
      vertex 3.33577 -35.8905 0
    endloop
  endfacet
  facet normal -0.812831 -0.5825 0
    outer loop
      vertex 3.47279 -36.0817 0
      vertex 3.47279 -36.0817 2.4
      vertex 3.33577 -35.8905 2.4
    endloop
  endfacet
  facet normal -0.683559 -0.729895 0
    outer loop
      vertex 3.64449 -36.2425 0
      vertex 3.47279 -36.0817 2.4
      vertex 3.47279 -36.0817 0
    endloop
  endfacet
  facet normal -0.683559 -0.729895 0
    outer loop
      vertex 3.64449 -36.2425 0
      vertex 3.64449 -36.2425 2.4
      vertex 3.47279 -36.0817 2.4
    endloop
  endfacet
  facet normal -0.528317 -0.849047 0
    outer loop
      vertex 3.84425 -36.3668 0
      vertex 3.64449 -36.2425 2.4
      vertex 3.64449 -36.2425 0
    endloop
  endfacet
  facet normal -0.528317 -0.849047 0
    outer loop
      vertex 3.84425 -36.3668 0
      vertex 3.84425 -36.3668 2.4
      vertex 3.64449 -36.2425 2.4
    endloop
  endfacet
  facet normal -0.352004 -0.935999 0
    outer loop
      vertex 4.06442 -36.4496 0
      vertex 3.84425 -36.3668 2.4
      vertex 3.84425 -36.3668 0
    endloop
  endfacet
  facet normal -0.352004 -0.935999 0
    outer loop
      vertex 4.06442 -36.4496 0
      vertex 4.06442 -36.4496 2.4
      vertex 3.84425 -36.3668 2.4
    endloop
  endfacet
  facet normal -0.16282 -0.986656 0
    outer loop
      vertex 4.29651 -36.4879 0
      vertex 4.06442 -36.4496 2.4
      vertex 4.06442 -36.4496 0
    endloop
  endfacet
  facet normal -0.16282 -0.986656 0
    outer loop
      vertex 4.29651 -36.4879 0
      vertex 4.29651 -36.4879 2.4
      vertex 4.06442 -36.4496 2.4
    endloop
  endfacet
  facet normal 0.0327317 -0.999464 0
    outer loop
      vertex 4.53163 -36.4802 0
      vertex 4.29651 -36.4879 2.4
      vertex 4.29651 -36.4879 0
    endloop
  endfacet
  facet normal 0.0327317 -0.999464 0
    outer loop
      vertex 4.53163 -36.4802 0
      vertex 4.53163 -36.4802 2.4
      vertex 4.29651 -36.4879 2.4
    endloop
  endfacet
  facet normal 0.227001 -0.973894 0
    outer loop
      vertex 4.76073 -36.4268 0
      vertex 4.53163 -36.4802 2.4
      vertex 4.53163 -36.4802 0
    endloop
  endfacet
  facet normal 0.227001 -0.973894 0
    outer loop
      vertex 4.76073 -36.4268 0
      vertex 4.76073 -36.4268 2.4
      vertex 4.53163 -36.4802 2.4
    endloop
  endfacet
  facet normal 0.412425 -0.910992 0
    outer loop
      vertex 4.97499 -36.3298 0
      vertex 4.76073 -36.4268 2.4
      vertex 4.76073 -36.4268 0
    endloop
  endfacet
  facet normal 0.412425 -0.910992 0
    outer loop
      vertex 4.97499 -36.3298 0
      vertex 4.97499 -36.3298 2.4
      vertex 4.76073 -36.4268 2.4
    endloop
  endfacet
  facet normal 0.582685 -0.812698 0
    outer loop
      vertex 5.16621 -36.1927 0
      vertex 4.97499 -36.3298 2.4
      vertex 4.97499 -36.3298 0
    endloop
  endfacet
  facet normal 0.582685 -0.812698 0
    outer loop
      vertex 5.16621 -36.1927 0
      vertex 5.16621 -36.1927 2.4
      vertex 4.97499 -36.3298 2.4
    endloop
  endfacet
  facet normal 0.729895 -0.683559 0
    outer loop
      vertex 5.32701 -36.021 0
      vertex 5.16621 -36.1927 2.4
      vertex 5.16621 -36.1927 0
    endloop
  endfacet
  facet normal 0.729895 -0.683559 0
    outer loop
      vertex 5.32701 -36.021 0
      vertex 5.32701 -36.021 2.4
      vertex 5.16621 -36.1927 2.4
    endloop
  endfacet
  facet normal 0.849091 -0.528247 0
    outer loop
      vertex 5.45125 -35.8213 0
      vertex 5.32701 -36.021 2.4
      vertex 5.32701 -36.021 0
    endloop
  endfacet
  facet normal 0.849091 -0.528247 0
    outer loop
      vertex 5.45125 -35.8213 0
      vertex 5.45125 -35.8213 2.4
      vertex 5.32701 -36.021 2.4
    endloop
  endfacet
  facet normal 0.866027 -0.499997 0
    outer loop
      vertex 12.3735 -23.8315 0
      vertex 5.45125 -35.8213 2.4
      vertex 5.45125 -35.8213 0
    endloop
  endfacet
  facet normal 0.866027 -0.499997 0
    outer loop
      vertex 12.3735 -23.8315 0
      vertex 12.3735 -23.8315 2.4
      vertex 5.45125 -35.8213 2.4
    endloop
  endfacet
  facet normal -0.866029 -0.499994 0
    outer loop
      vertex 16.6158 -31.1795 0
      vertex 12.3735 -23.8315 2.4
      vertex 12.3735 -23.8315 0
    endloop
  endfacet
  facet normal -0.866029 -0.499994 0
    outer loop
      vertex 16.6158 -31.1795 0
      vertex 16.6158 -31.1795 2.4
      vertex 12.3735 -23.8315 2.4
    endloop
  endfacet
  facet normal -0.866024 0.500003 0
    outer loop
      vertex 11.9237 -39.3064 0
      vertex 16.6158 -31.1795 2.4
      vertex 16.6158 -31.1795 0
    endloop
  endfacet
  facet normal -0.866024 0.500003 0
    outer loop
      vertex 11.9237 -39.3064 0
      vertex 11.9237 -39.3064 2.4
      vertex 16.6158 -31.1795 2.4
    endloop
  endfacet
  facet normal -0.936014 0.351962 0
    outer loop
      vertex 11.8409 -39.5266 0
      vertex 11.9237 -39.3064 2.4
      vertex 11.9237 -39.3064 0
    endloop
  endfacet
  facet normal -0.936014 0.351962 0
    outer loop
      vertex 11.8409 -39.5266 0
      vertex 11.8409 -39.5266 2.4
      vertex 11.9237 -39.3064 2.4
    endloop
  endfacet
  facet normal -0.986657 0.162813 0
    outer loop
      vertex 11.8026 -39.7587 0
      vertex 11.8409 -39.5266 2.4
      vertex 11.8409 -39.5266 0
    endloop
  endfacet
  facet normal -0.986657 0.162813 0
    outer loop
      vertex 11.8026 -39.7587 0
      vertex 11.8026 -39.7587 2.4
      vertex 11.8409 -39.5266 2.4
    endloop
  endfacet
  facet normal -0.999464 -0.0327345 0
    outer loop
      vertex 11.8103 -39.9938 0
      vertex 11.8026 -39.7587 2.4
      vertex 11.8026 -39.7587 0
    endloop
  endfacet
  facet normal -0.999464 -0.0327345 0
    outer loop
      vertex 11.8103 -39.9938 0
      vertex 11.8103 -39.9938 2.4
      vertex 11.8026 -39.7587 2.4
    endloop
  endfacet
  facet normal -0.973894 -0.227001 0
    outer loop
      vertex 11.8637 -40.2229 0
      vertex 11.8103 -39.9938 2.4
      vertex 11.8103 -39.9938 0
    endloop
  endfacet
  facet normal -0.973894 -0.227001 0
    outer loop
      vertex 11.8637 -40.2229 0
      vertex 11.8637 -40.2229 2.4
      vertex 11.8103 -39.9938 2.4
    endloop
  endfacet
  facet normal -0.910788 -0.412874 0
    outer loop
      vertex 11.9608 -40.4371 0
      vertex 11.8637 -40.2229 2.4
      vertex 11.8637 -40.2229 0
    endloop
  endfacet
  facet normal -0.910788 -0.412874 0
    outer loop
      vertex 11.9608 -40.4371 0
      vertex 11.9608 -40.4371 2.4
      vertex 11.8637 -40.2229 2.4
    endloop
  endfacet
  facet normal -0.813015 -0.582243 0
    outer loop
      vertex 12.0978 -40.6284 0
      vertex 11.9608 -40.4371 2.4
      vertex 11.9608 -40.4371 0
    endloop
  endfacet
  facet normal -0.813015 -0.582243 0
    outer loop
      vertex 12.0978 -40.6284 0
      vertex 12.0978 -40.6284 2.4
      vertex 11.9608 -40.4371 2.4
    endloop
  endfacet
  facet normal -0.683559 -0.729895 0
    outer loop
      vertex 12.2695 -40.7892 0
      vertex 12.0978 -40.6284 2.4
      vertex 12.0978 -40.6284 0
    endloop
  endfacet
  facet normal -0.683559 -0.729895 0
    outer loop
      vertex 12.2695 -40.7892 0
      vertex 12.2695 -40.7892 2.4
      vertex 12.0978 -40.6284 2.4
    endloop
  endfacet
  facet normal -0.527934 -0.849285 0
    outer loop
      vertex 12.4693 -40.9134 0
      vertex 12.2695 -40.7892 2.4
      vertex 12.2695 -40.7892 0
    endloop
  endfacet
  facet normal -0.527934 -0.849285 0
    outer loop
      vertex 12.4693 -40.9134 0
      vertex 12.4693 -40.9134 2.4
      vertex 12.2695 -40.7892 2.4
    endloop
  endfacet
  facet normal -0.352474 -0.935821 0
    outer loop
      vertex 12.6894 -40.9963 0
      vertex 12.4693 -40.9134 2.4
      vertex 12.4693 -40.9134 0
    endloop
  endfacet
  facet normal -0.352474 -0.935821 0
    outer loop
      vertex 12.6894 -40.9963 0
      vertex 12.6894 -40.9963 2.4
      vertex 12.4693 -40.9134 2.4
    endloop
  endfacet
  facet normal -0.162813 -0.986657 0
    outer loop
      vertex 12.9215 -41.0346 0
      vertex 12.6894 -40.9963 2.4
      vertex 12.6894 -40.9963 0
    endloop
  endfacet
  facet normal -0.162813 -0.986657 0
    outer loop
      vertex 12.9215 -41.0346 0
      vertex 12.9215 -41.0346 2.4
      vertex 12.6894 -40.9963 2.4
    endloop
  endfacet
  facet normal 0.0327345 -0.999464 0
    outer loop
      vertex 13.1566 -41.0269 0
      vertex 12.9215 -41.0346 2.4
      vertex 12.9215 -41.0346 0
    endloop
  endfacet
  facet normal 0.0327345 -0.999464 0
    outer loop
      vertex 13.1566 -41.0269 0
      vertex 13.1566 -41.0269 2.4
      vertex 12.9215 -41.0346 2.4
    endloop
  endfacet
  facet normal 0.0980221 0.995184 -0
    outer loop
      vertex 0 9 0
      vertex 0 9 2.4
      vertex 1.7558 8.82706 0
    endloop
  endfacet
  facet normal 0.0980221 0.995184 0
    outer loop
      vertex 1.7558 8.82706 2.4
      vertex 1.7558 8.82706 0
      vertex 0 9 2.4
    endloop
  endfacet
  facet normal -0.0980221 0.995184 0
    outer loop
      vertex -1.7558 8.82706 0
      vertex -1.7558 8.82706 2.4
      vertex 0 9 0
    endloop
  endfacet
  facet normal -0.0980221 0.995184 0
    outer loop
      vertex 0 9 2.4
      vertex 0 9 0
      vertex -1.7558 8.82706 2.4
    endloop
  endfacet
  facet normal -0.290287 0.95694 0
    outer loop
      vertex -3.41933 8.32243 0
      vertex -3.41933 8.32243 2.4
      vertex -1.7558 8.82706 0
    endloop
  endfacet
  facet normal -0.290287 0.95694 0
    outer loop
      vertex -1.7558 8.82706 2.4
      vertex -1.7558 8.82706 0
      vertex -3.41933 8.32243 2.4
    endloop
  endfacet
  facet normal 0.866026 0.499998 -0
    outer loop
      vertex -5.36584 11.6939 0
      vertex -5.36584 11.6939 2.4
      vertex -3.41933 8.32243 0
    endloop
  endfacet
  facet normal 0.866026 0.499998 0
    outer loop
      vertex -3.41933 8.32243 2.4
      vertex -3.41933 8.32243 0
      vertex -5.36584 11.6939 2.4
    endloop
  endfacet
  facet normal 0.866025 -0.5 0
    outer loop
      vertex 0 20.9878 0
      vertex 0 20.9878 2.4
      vertex -5.36584 11.6939 0
    endloop
  endfacet
  facet normal 0.866025 -0.5 0
    outer loop
      vertex -5.36584 11.6939 2.4
      vertex -5.36584 11.6939 0
      vertex 0 20.9878 2.4
    endloop
  endfacet
  facet normal -0.866025 -0.5 0
    outer loop
      vertex 5.36584 11.6939 0
      vertex 5.36584 11.6939 2.4
      vertex 0 20.9878 0
    endloop
  endfacet
  facet normal -0.866025 -0.5 -0
    outer loop
      vertex 0 20.9878 2.4
      vertex 0 20.9878 0
      vertex 5.36584 11.6939 2.4
    endloop
  endfacet
  facet normal -0.866026 0.499998 0
    outer loop
      vertex 3.41933 8.32243 0
      vertex 3.41933 8.32243 2.4
      vertex 5.36584 11.6939 0
    endloop
  endfacet
  facet normal -0.866026 0.499998 0
    outer loop
      vertex 5.36584 11.6939 2.4
      vertex 5.36584 11.6939 0
      vertex 3.41933 8.32243 2.4
    endloop
  endfacet
  facet normal 0.290287 0.95694 -0
    outer loop
      vertex 1.7558 8.82706 0
      vertex 1.7558 8.82706 2.4
      vertex 3.41933 8.32243 0
    endloop
  endfacet
  facet normal 0.290287 0.95694 0
    outer loop
      vertex 3.41933 8.32243 2.4
      vertex 3.41933 8.32243 0
      vertex 1.7558 8.82706 2.4
    endloop
  endfacet
  facet normal 0.866027 0.499998 -0
    outer loop
      vertex -18.176 10.4939 0
      vertex -18.176 10.4939 2.4
      vertex -12.8102 1.2 0
    endloop
  endfacet
  facet normal 0.866027 0.499998 0
    outer loop
      vertex -12.8102 1.2 2.4
      vertex -12.8102 1.2 0
      vertex -18.176 10.4939 2.4
    endloop
  endfacet
  facet normal 0 -1 0
    outer loop
      vertex -7.44429 10.4939 0
      vertex -7.44429 10.4939 2.4
      vertex -18.176 10.4939 0
    endloop
  endfacet
  facet normal 0 -1 0
    outer loop
      vertex -18.176 10.4939 2.4
      vertex -18.176 10.4939 0
      vertex -7.44429 10.4939 2.4
    endloop
  endfacet
  facet normal -0.866025 -0.500001 0
    outer loop
      vertex -5.47911 7.09012 0
      vertex -5.47911 7.09012 2.4
      vertex -7.44429 10.4939 0
    endloop
  endfacet
  facet normal -0.866025 -0.500001 -0
    outer loop
      vertex -7.44429 10.4939 2.4
      vertex -7.44429 10.4939 0
      vertex -5.47911 7.09012 2.4
    endloop
  endfacet
  facet normal -0.634394 0.77301 0
    outer loop
      vertex -6.36395 6.36395 0
      vertex -6.36395 6.36395 2.4
      vertex -5.47911 7.09012 0
    endloop
  endfacet
  facet normal -0.634394 0.77301 0
    outer loop
      vertex -5.47911 7.09012 2.4
      vertex -5.47911 7.09012 0
      vertex -6.36395 6.36395 2.4
    endloop
  endfacet
  facet normal -0.773009 0.634395 0
    outer loop
      vertex -7.48322 5.00012 0
      vertex -7.48322 5.00012 2.4
      vertex -6.36395 6.36395 0
    endloop
  endfacet
  facet normal -0.773009 0.634395 0
    outer loop
      vertex -6.36395 6.36395 2.4
      vertex -6.36395 6.36395 0
      vertex -7.48322 5.00012 2.4
    endloop
  endfacet
  facet normal -0.881921 0.471397 0
    outer loop
      vertex -8.31491 3.44414 0
      vertex -8.31491 3.44414 2.4
      vertex -7.48322 5.00012 0
    endloop
  endfacet
  facet normal -0.881921 0.471397 0
    outer loop
      vertex -7.48322 5.00012 2.4
      vertex -7.48322 5.00012 0
      vertex -8.31491 3.44414 2.4
    endloop
  endfacet
  facet normal -0.956941 0.290283 0
    outer loop
      vertex -8.82706 1.7558 0
      vertex -8.82706 1.7558 2.4
      vertex -8.31491 3.44414 0
    endloop
  endfacet
  facet normal -0.956941 0.290283 0
    outer loop
      vertex -8.31491 3.44414 2.4
      vertex -8.31491 3.44414 0
      vertex -8.82706 1.7558 2.4
    endloop
  endfacet
  facet normal -0.995183 0.0980322 0
    outer loop
      vertex -8.88181 1.2 0
      vertex -8.88181 1.2 2.4
      vertex -8.82706 1.7558 0
    endloop
  endfacet
  facet normal -0.995183 0.0980322 0
    outer loop
      vertex -8.82706 1.7558 2.4
      vertex -8.82706 1.7558 0
      vertex -8.88181 1.2 2.4
    endloop
  endfacet
  facet normal 0 1 0
    outer loop
      vertex -12.8102 1.2 0
      vertex -12.8102 1.2 2.4
      vertex -8.88181 1.2 0
    endloop
  endfacet
  facet normal 0 1 0
    outer loop
      vertex -8.88181 1.2 2.4
      vertex -8.88181 1.2 0
      vertex -12.8102 1.2 2.4
    endloop
  endfacet
  facet normal 0.995183 0.0980322 -0
    outer loop
      vertex 8.82706 1.7558 0
      vertex 8.82706 1.7558 2.4
      vertex 8.88181 1.2 0
    endloop
  endfacet
  facet normal 0.995183 0.0980322 0
    outer loop
      vertex 8.88181 1.2 2.4
      vertex 8.88181 1.2 0
      vertex 8.82706 1.7558 2.4
    endloop
  endfacet
  facet normal 0.956941 0.290283 -0
    outer loop
      vertex 8.31491 3.44414 0
      vertex 8.31491 3.44414 2.4
      vertex 8.82706 1.7558 0
    endloop
  endfacet
  facet normal 0.956941 0.290283 0
    outer loop
      vertex 8.82706 1.7558 2.4
      vertex 8.82706 1.7558 0
      vertex 8.31491 3.44414 2.4
    endloop
  endfacet
  facet normal 0.881921 0.471397 -0
    outer loop
      vertex 7.48322 5.00012 0
      vertex 7.48322 5.00012 2.4
      vertex 8.31491 3.44414 0
    endloop
  endfacet
  facet normal 0.881921 0.471397 0
    outer loop
      vertex 8.31491 3.44414 2.4
      vertex 8.31491 3.44414 0
      vertex 7.48322 5.00012 2.4
    endloop
  endfacet
  facet normal 0.773009 0.634395 -0
    outer loop
      vertex 6.36395 6.36395 0
      vertex 6.36395 6.36395 2.4
      vertex 7.48322 5.00012 0
    endloop
  endfacet
  facet normal 0.773009 0.634395 0
    outer loop
      vertex 7.48322 5.00012 2.4
      vertex 7.48322 5.00012 0
      vertex 6.36395 6.36395 2.4
    endloop
  endfacet
  facet normal 0.634394 0.77301 -0
    outer loop
      vertex 5.47911 7.09012 0
      vertex 5.47911 7.09012 2.4
      vertex 6.36395 6.36395 0
    endloop
  endfacet
  facet normal 0.634394 0.77301 0
    outer loop
      vertex 6.36395 6.36395 2.4
      vertex 6.36395 6.36395 0
      vertex 5.47911 7.09012 2.4
    endloop
  endfacet
  facet normal 0.866025 -0.500001 0
    outer loop
      vertex 7.44429 10.4939 0
      vertex 7.44429 10.4939 2.4
      vertex 5.47911 7.09012 0
    endloop
  endfacet
  facet normal 0.866025 -0.500001 0
    outer loop
      vertex 5.47911 7.09012 2.4
      vertex 5.47911 7.09012 0
      vertex 7.44429 10.4939 2.4
    endloop
  endfacet
  facet normal 0 -1 0
    outer loop
      vertex 18.176 10.4939 0
      vertex 18.176 10.4939 2.4
      vertex 7.44429 10.4939 0
    endloop
  endfacet
  facet normal 0 -1 0
    outer loop
      vertex 7.44429 10.4939 2.4
      vertex 7.44429 10.4939 0
      vertex 18.176 10.4939 2.4
    endloop
  endfacet
  facet normal -0.866027 0.499998 0
    outer loop
      vertex 12.8102 1.2 0
      vertex 12.8102 1.2 2.4
      vertex 18.176 10.4939 0
    endloop
  endfacet
  facet normal -0.866027 0.499998 0
    outer loop
      vertex 18.176 10.4939 2.4
      vertex 18.176 10.4939 0
      vertex 12.8102 1.2 2.4
    endloop
  endfacet
  facet normal 0 1 0
    outer loop
      vertex 8.88181 1.2 0
      vertex 8.88181 1.2 2.4
      vertex 12.8102 1.2 0
    endloop
  endfacet
  facet normal 0 1 0
    outer loop
      vertex 12.8102 1.2 2.4
      vertex 12.8102 1.2 0
      vertex 8.88181 1.2 2.4
    endloop
  endfacet
  facet normal 0.290287 -0.95694 0
    outer loop
      vertex -1.28758 6.47318 0
      vertex -1.28758 6.47318 2.4
      vertex -2.19307 6.1985 0
    endloop
  endfacet
  facet normal 0.290287 -0.95694 0
    outer loop
      vertex -2.19307 6.1985 2.4
      vertex -2.19307 6.1985 0
      vertex -1.28758 6.47318 2.4
    endloop
  endfacet
  facet normal 0.0980129 -0.995185 0
    outer loop
      vertex 0 6.59999 0
      vertex 0 6.59999 2.4
      vertex -1.28758 6.47318 0
    endloop
  endfacet
  facet normal 0.0980129 -0.995185 0
    outer loop
      vertex -1.28758 6.47318 2.4
      vertex -1.28758 6.47318 0
      vertex 0 6.59999 2.4
    endloop
  endfacet
  facet normal -0.0980129 -0.995185 0
    outer loop
      vertex 1.28758 6.47318 0
      vertex 1.28758 6.47318 2.4
      vertex 0 6.59999 0
    endloop
  endfacet
  facet normal -0.0980129 -0.995185 -0
    outer loop
      vertex 0 6.59999 2.4
      vertex 0 6.59999 0
      vertex 1.28758 6.47318 2.4
    endloop
  endfacet
  facet normal -0.290287 -0.95694 0
    outer loop
      vertex 2.19307 6.1985 0
      vertex 2.19307 6.1985 2.4
      vertex 1.28758 6.47318 0
    endloop
  endfacet
  facet normal -0.290287 -0.95694 -0
    outer loop
      vertex 1.28758 6.47318 2.4
      vertex 1.28758 6.47318 0
      vertex 2.19307 6.1985 2.4
    endloop
  endfacet
  facet normal -0.866027 0.499997 0
    outer loop
      vertex 0 2.39996 0
      vertex 0 2.39996 2.4
      vertex 2.19307 6.1985 0
    endloop
  endfacet
  facet normal -0.866027 0.499997 0
    outer loop
      vertex 2.19307 6.1985 2.4
      vertex 2.19307 6.1985 0
      vertex 0 2.39996 2.4
    endloop
  endfacet
  facet normal 0.866027 0.499997 -0
    outer loop
      vertex -2.19307 6.1985 0
      vertex -2.19307 6.1985 2.4
      vertex 0 2.39996 0
    endloop
  endfacet
  facet normal 0.866027 0.499997 0
    outer loop
      vertex 0 2.39996 2.4
      vertex 0 2.39996 0
      vertex -2.19307 6.1985 2.4
    endloop
  endfacet
  facet normal 0.995191 -0.097951 0
    outer loop
      vertex -6.47318 1.28758 0
      vertex -6.47318 1.28758 2.4
      vertex -6.4818 1.2 0
    endloop
  endfacet
  facet normal 0.995191 -0.097951 0
    outer loop
      vertex -6.4818 1.2 2.4
      vertex -6.4818 1.2 0
      vertex -6.47318 1.28758 2.4
    endloop
  endfacet
  facet normal 0.95694 -0.290285 0
    outer loop
      vertex -6.0976 2.5257 0
      vertex -6.0976 2.5257 2.4
      vertex -6.47318 1.28758 0
    endloop
  endfacet
  facet normal 0.95694 -0.290285 0
    outer loop
      vertex -6.47318 1.28758 2.4
      vertex -6.47318 1.28758 0
      vertex -6.0976 2.5257 2.4
    endloop
  endfacet
  facet normal 0.881921 -0.471397 0
    outer loop
      vertex -5.48769 3.66676 0
      vertex -5.48769 3.66676 2.4
      vertex -6.0976 2.5257 0
    endloop
  endfacet
  facet normal 0.881921 -0.471397 0
    outer loop
      vertex -6.0976 2.5257 2.4
      vertex -6.0976 2.5257 0
      vertex -5.48769 3.66676 2.4
    endloop
  endfacet
  facet normal 0.773012 -0.634392 0
    outer loop
      vertex -4.6669 4.6669 0
      vertex -4.6669 4.6669 2.4
      vertex -5.48769 3.66676 0
    endloop
  endfacet
  facet normal 0.773012 -0.634392 0
    outer loop
      vertex -5.48769 3.66676 2.4
      vertex -5.48769 3.66676 0
      vertex -4.6669 4.6669 2.4
    endloop
  endfacet
  facet normal 0.634384 -0.773018 0
    outer loop
      vertex -4.26872 4.99367 0
      vertex -4.26872 4.99367 2.4
      vertex -4.6669 4.6669 0
    endloop
  endfacet
  facet normal 0.634384 -0.773018 0
    outer loop
      vertex -4.6669 4.6669 2.4
      vertex -4.6669 4.6669 0
      vertex -4.26872 4.99367 2.4
    endloop
  endfacet
  facet normal -0.866026 -0.499999 0
    outer loop
      vertex -2.07845 1.2 0
      vertex -2.07845 1.2 2.4
      vertex -4.26872 4.99367 0
    endloop
  endfacet
  facet normal -0.866026 -0.499999 -0
    outer loop
      vertex -4.26872 4.99367 2.4
      vertex -4.26872 4.99367 0
      vertex -2.07845 1.2 2.4
    endloop
  endfacet
  facet normal 0 1 0
    outer loop
      vertex -6.4818 1.2 0
      vertex -6.4818 1.2 2.4
      vertex -2.07845 1.2 0
    endloop
  endfacet
  facet normal 0 1 0
    outer loop
      vertex -2.07845 1.2 2.4
      vertex -2.07845 1.2 0
      vertex -6.4818 1.2 2.4
    endloop
  endfacet
  facet normal 0.866026 -0.499999 0
    outer loop
      vertex 4.26872 4.99367 0
      vertex 4.26872 4.99367 2.4
      vertex 2.07845 1.2 0
    endloop
  endfacet
  facet normal 0.866026 -0.499999 0
    outer loop
      vertex 2.07845 1.2 2.4
      vertex 2.07845 1.2 0
      vertex 4.26872 4.99367 2.4
    endloop
  endfacet
  facet normal -0.634384 -0.773018 0
    outer loop
      vertex 4.6669 4.6669 0
      vertex 4.6669 4.6669 2.4
      vertex 4.26872 4.99367 0
    endloop
  endfacet
  facet normal -0.634384 -0.773018 -0
    outer loop
      vertex 4.26872 4.99367 2.4
      vertex 4.26872 4.99367 0
      vertex 4.6669 4.6669 2.4
    endloop
  endfacet
  facet normal -0.773012 -0.634392 0
    outer loop
      vertex 5.48769 3.66676 0
      vertex 5.48769 3.66676 2.4
      vertex 4.6669 4.6669 0
    endloop
  endfacet
  facet normal -0.773012 -0.634392 -0
    outer loop
      vertex 4.6669 4.6669 2.4
      vertex 4.6669 4.6669 0
      vertex 5.48769 3.66676 2.4
    endloop
  endfacet
  facet normal -0.881921 -0.471397 0
    outer loop
      vertex 6.0976 2.5257 0
      vertex 6.0976 2.5257 2.4
      vertex 5.48769 3.66676 0
    endloop
  endfacet
  facet normal -0.881921 -0.471397 -0
    outer loop
      vertex 5.48769 3.66676 2.4
      vertex 5.48769 3.66676 0
      vertex 6.0976 2.5257 2.4
    endloop
  endfacet
  facet normal -0.95694 -0.290285 0
    outer loop
      vertex 6.47318 1.28758 0
      vertex 6.47318 1.28758 2.4
      vertex 6.0976 2.5257 0
    endloop
  endfacet
  facet normal -0.95694 -0.290285 -0
    outer loop
      vertex 6.0976 2.5257 2.4
      vertex 6.0976 2.5257 0
      vertex 6.47318 1.28758 2.4
    endloop
  endfacet
  facet normal -0.995191 -0.097951 0
    outer loop
      vertex 6.4818 1.2 0
      vertex 6.4818 1.2 2.4
      vertex 6.47318 1.28758 0
    endloop
  endfacet
  facet normal -0.995191 -0.097951 -0
    outer loop
      vertex 6.47318 1.28758 2.4
      vertex 6.47318 1.28758 0
      vertex 6.4818 1.2 2.4
    endloop
  endfacet
  facet normal 0 1 0
    outer loop
      vertex 2.07845 1.2 0
      vertex 2.07845 1.2 2.4
      vertex 6.4818 1.2 0
    endloop
  endfacet
  facet normal 0 1 0
    outer loop
      vertex 6.4818 1.2 2.4
      vertex 6.4818 1.2 0
      vertex 2.07845 1.2 2.4
    endloop
  endfacet
  facet normal 0.290209 0.956963 -0
    outer loop
      vertex 46.3494 -1.57059 0
      vertex 46.3494 -1.57059 2.4
      vertex 46.6684 -1.66733 0
    endloop
  endfacet
  facet normal 0.290209 0.956963 0
    outer loop
      vertex 46.6684 -1.66733 2.4
      vertex 46.6684 -1.66733 0
      vertex 46.3494 -1.57059 2.4
    endloop
  endfacet
  facet normal 0.47139 0.881925 -0
    outer loop
      vertex 46.0555 -1.4135 0
      vertex 46.0555 -1.4135 2.4
      vertex 46.3494 -1.57059 0
    endloop
  endfacet
  facet normal 0.47139 0.881925 0
    outer loop
      vertex 46.3494 -1.57059 2.4
      vertex 46.3494 -1.57059 0
      vertex 46.0555 -1.4135 2.4
    endloop
  endfacet
  facet normal 0.634435 0.772976 -0
    outer loop
      vertex 45.7979 -1.20207 0
      vertex 45.7979 -1.20207 2.4
      vertex 46.0555 -1.4135 0
    endloop
  endfacet
  facet normal 0.634435 0.772976 0
    outer loop
      vertex 46.0555 -1.4135 2.4
      vertex 46.0555 -1.4135 0
      vertex 45.7979 -1.20207 2.4
    endloop
  endfacet
  facet normal 0.773148 0.634226 -0
    outer loop
      vertex 45.6414 -1.01129 0
      vertex 45.6414 -1.01129 2.4
      vertex 45.7979 -1.20207 0
    endloop
  endfacet
  facet normal 0.773148 0.634226 0
    outer loop
      vertex 45.7979 -1.20207 2.4
      vertex 45.7979 -1.20207 0
      vertex 45.6414 -1.01129 2.4
    endloop
  endfacet
  facet normal 0.471664 -0.881778 0
    outer loop
      vertex 45.6667 -0.997757 0
      vertex 45.6667 -0.997757 2.4
      vertex 45.6414 -1.01129 0
    endloop
  endfacet
  facet normal 0.471664 -0.881778 0
    outer loop
      vertex 45.6414 -1.01129 2.4
      vertex 45.6414 -1.01129 0
      vertex 45.6667 -0.997757 2.4
    endloop
  endfacet
  facet normal 0.634474 -0.772945 0
    outer loop
      vertex 45.8485 -0.848526 0
      vertex 45.8485 -0.848526 2.4
      vertex 45.6667 -0.997757 0
    endloop
  endfacet
  facet normal 0.634474 -0.772945 0
    outer loop
      vertex 45.6667 -0.997757 2.4
      vertex 45.6667 -0.997757 0
      vertex 45.8485 -0.848526 2.4
    endloop
  endfacet
  facet normal 0.772893 -0.634536 0
    outer loop
      vertex 45.9978 -0.666672 0
      vertex 45.9978 -0.666672 2.4
      vertex 45.8485 -0.848526 0
    endloop
  endfacet
  facet normal 0.772893 -0.634536 0
    outer loop
      vertex 45.8485 -0.848526 2.4
      vertex 45.8485 -0.848526 0
      vertex 45.9978 -0.666672 2.4
    endloop
  endfacet
  facet normal 0.882079 -0.471102 0
    outer loop
      vertex 46.1086 -0.459213 0
      vertex 46.1086 -0.459213 2.4
      vertex 45.9978 -0.666672 0
    endloop
  endfacet
  facet normal 0.882079 -0.471102 0
    outer loop
      vertex 45.9978 -0.666672 2.4
      vertex 45.9978 -0.666672 0
      vertex 46.1086 -0.459213 2.4
    endloop
  endfacet
  facet normal 0.956925 -0.290334 0
    outer loop
      vertex 46.1769 -0.2341 0
      vertex 46.1769 -0.2341 2.4
      vertex 46.1086 -0.459213 0
    endloop
  endfacet
  facet normal 0.956925 -0.290334 0
    outer loop
      vertex 46.1086 -0.459213 2.4
      vertex 46.1086 -0.459213 0
      vertex 46.1769 -0.2341 2.4
    endloop
  endfacet
  facet normal 0.995167 -0.0981989 0
    outer loop
      vertex 46.2 0 0
      vertex 46.2 0 2.4
      vertex 46.1769 -0.2341 0
    endloop
  endfacet
  facet normal 0.995167 -0.0981989 0
    outer loop
      vertex 46.1769 -0.2341 2.4
      vertex 46.1769 -0.2341 0
      vertex 46.2 0 2.4
    endloop
  endfacet
  facet normal 0.995167 0.0981989 -0
    outer loop
      vertex 46.1769 0.2341 0
      vertex 46.1769 0.2341 2.4
      vertex 46.2 0 0
    endloop
  endfacet
  facet normal 0.995167 0.0981989 0
    outer loop
      vertex 46.2 0 2.4
      vertex 46.2 0 0
      vertex 46.1769 0.2341 2.4
    endloop
  endfacet
  facet normal 0.956925 0.290334 -0
    outer loop
      vertex 46.1086 0.459213 0
      vertex 46.1086 0.459213 2.4
      vertex 46.1769 0.2341 0
    endloop
  endfacet
  facet normal 0.956925 0.290334 0
    outer loop
      vertex 46.1769 0.2341 2.4
      vertex 46.1769 0.2341 0
      vertex 46.1086 0.459213 2.4
    endloop
  endfacet
  facet normal 0.882079 0.471102 -0
    outer loop
      vertex 45.9978 0.666672 0
      vertex 45.9978 0.666672 2.4
      vertex 46.1086 0.459213 0
    endloop
  endfacet
  facet normal 0.882079 0.471102 0
    outer loop
      vertex 46.1086 0.459213 2.4
      vertex 46.1086 0.459213 0
      vertex 45.9978 0.666672 2.4
    endloop
  endfacet
  facet normal 0.772893 0.634536 -0
    outer loop
      vertex 45.8485 0.848526 0
      vertex 45.8485 0.848526 2.4
      vertex 45.9978 0.666672 0
    endloop
  endfacet
  facet normal 0.772893 0.634536 0
    outer loop
      vertex 45.9978 0.666672 2.4
      vertex 45.9978 0.666672 0
      vertex 45.8485 0.848526 2.4
    endloop
  endfacet
  facet normal 0.634474 0.772945 -0
    outer loop
      vertex 45.6667 0.997757 0
      vertex 45.6667 0.997757 2.4
      vertex 45.8485 0.848526 0
    endloop
  endfacet
  facet normal 0.634474 0.772945 0
    outer loop
      vertex 45.8485 0.848526 2.4
      vertex 45.8485 0.848526 0
      vertex 45.6667 0.997757 2.4
    endloop
  endfacet
  facet normal 0.471664 0.881778 -0
    outer loop
      vertex 45.6414 1.01129 0
      vertex 45.6414 1.01129 2.4
      vertex 45.6667 0.997757 0
    endloop
  endfacet
  facet normal 0.471664 0.881778 0
    outer loop
      vertex 45.6667 0.997757 2.4
      vertex 45.6667 0.997757 0
      vertex 45.6414 1.01129 2.4
    endloop
  endfacet
  facet normal 0.773148 -0.634226 0
    outer loop
      vertex 45.7979 1.20207 0
      vertex 45.7979 1.20207 2.4
      vertex 45.6414 1.01129 0
    endloop
  endfacet
  facet normal 0.773148 -0.634226 0
    outer loop
      vertex 45.6414 1.01129 2.4
      vertex 45.6414 1.01129 0
      vertex 45.7979 1.20207 2.4
    endloop
  endfacet
  facet normal 0.634435 -0.772976 0
    outer loop
      vertex 46.0555 1.4135 0
      vertex 46.0555 1.4135 2.4
      vertex 45.7979 1.20207 0
    endloop
  endfacet
  facet normal 0.634435 -0.772976 0
    outer loop
      vertex 45.7979 1.20207 2.4
      vertex 45.7979 1.20207 0
      vertex 46.0555 1.4135 2.4
    endloop
  endfacet
  facet normal 0.47139 -0.881925 0
    outer loop
      vertex 46.3494 1.57059 0
      vertex 46.3494 1.57059 2.4
      vertex 46.0555 1.4135 0
    endloop
  endfacet
  facet normal 0.47139 -0.881925 0
    outer loop
      vertex 46.0555 1.4135 2.4
      vertex 46.0555 1.4135 0
      vertex 46.3494 1.57059 2.4
    endloop
  endfacet
  facet normal 0.290209 -0.956963 0
    outer loop
      vertex 46.6684 1.66733 0
      vertex 46.6684 1.66733 2.4
      vertex 46.3494 1.57059 0
    endloop
  endfacet
  facet normal 0.290209 -0.956963 0
    outer loop
      vertex 46.3494 1.57059 2.4
      vertex 46.3494 1.57059 0
      vertex 46.6684 1.66733 2.4
    endloop
  endfacet
  facet normal 0.0980476 -0.995182 0
    outer loop
      vertex 47 1.7 0
      vertex 47 1.7 2.4
      vertex 46.6684 1.66733 0
    endloop
  endfacet
  facet normal 0.0980476 -0.995182 0
    outer loop
      vertex 46.6684 1.66733 2.4
      vertex 46.6684 1.66733 0
      vertex 47 1.7 2.4
    endloop
  endfacet
  facet normal -0.0980476 -0.995182 0
    outer loop
      vertex 47.3316 1.66733 0
      vertex 47.3316 1.66733 2.4
      vertex 47 1.7 0
    endloop
  endfacet
  facet normal -0.0980476 -0.995182 -0
    outer loop
      vertex 47 1.7 2.4
      vertex 47 1.7 0
      vertex 47.3316 1.66733 2.4
    endloop
  endfacet
  facet normal -0.290209 -0.956963 0
    outer loop
      vertex 47.6506 1.57059 0
      vertex 47.6506 1.57059 2.4
      vertex 47.3316 1.66733 0
    endloop
  endfacet
  facet normal -0.290209 -0.956963 -0
    outer loop
      vertex 47.3316 1.66733 2.4
      vertex 47.3316 1.66733 0
      vertex 47.6506 1.57059 2.4
    endloop
  endfacet
  facet normal -0.47139 -0.881925 0
    outer loop
      vertex 47.9445 1.4135 0
      vertex 47.9445 1.4135 2.4
      vertex 47.6506 1.57059 0
    endloop
  endfacet
  facet normal -0.47139 -0.881925 -0
    outer loop
      vertex 47.6506 1.57059 2.4
      vertex 47.6506 1.57059 0
      vertex 47.9445 1.4135 2.4
    endloop
  endfacet
  facet normal -0.634435 -0.772976 0
    outer loop
      vertex 48.2021 1.20207 0
      vertex 48.2021 1.20207 2.4
      vertex 47.9445 1.4135 0
    endloop
  endfacet
  facet normal -0.634435 -0.772976 -0
    outer loop
      vertex 47.9445 1.4135 2.4
      vertex 47.9445 1.4135 0
      vertex 48.2021 1.20207 2.4
    endloop
  endfacet
  facet normal -0.773035 -0.634363 0
    outer loop
      vertex 48.4135 0.944458 0
      vertex 48.4135 0.944458 2.4
      vertex 48.2021 1.20207 0
    endloop
  endfacet
  facet normal -0.773035 -0.634363 -0
    outer loop
      vertex 48.2021 1.20207 2.4
      vertex 48.2021 1.20207 0
      vertex 48.4135 0.944458 2.4
    endloop
  endfacet
  facet normal -0.881912 -0.471413 0
    outer loop
      vertex 48.5706 0.650558 0
      vertex 48.5706 0.650558 2.4
      vertex 48.4135 0.944458 0
    endloop
  endfacet
  facet normal -0.881912 -0.471413 -0
    outer loop
      vertex 48.4135 0.944458 2.4
      vertex 48.4135 0.944458 0
      vertex 48.5706 0.650558 2.4
    endloop
  endfacet
  facet normal -0.956973 -0.290176 0
    outer loop
      vertex 48.6673 0.33165 0
      vertex 48.6673 0.33165 2.4
      vertex 48.5706 0.650558 0
    endloop
  endfacet
  facet normal -0.956973 -0.290176 -0
    outer loop
      vertex 48.5706 0.650558 2.4
      vertex 48.5706 0.650558 0
      vertex 48.6673 0.33165 2.4
    endloop
  endfacet
  facet normal -0.995174 -0.0981221 0
    outer loop
      vertex 48.7 0 0
      vertex 48.7 0 2.4
      vertex 48.6673 0.33165 0
    endloop
  endfacet
  facet normal -0.995174 -0.0981221 -0
    outer loop
      vertex 48.6673 0.33165 2.4
      vertex 48.6673 0.33165 0
      vertex 48.7 0 2.4
    endloop
  endfacet
  facet normal -0.995174 0.0981221 0
    outer loop
      vertex 48.6673 -0.33165 0
      vertex 48.6673 -0.33165 2.4
      vertex 48.7 0 0
    endloop
  endfacet
  facet normal -0.995174 0.0981221 0
    outer loop
      vertex 48.7 0 2.4
      vertex 48.7 0 0
      vertex 48.6673 -0.33165 2.4
    endloop
  endfacet
  facet normal -0.956973 0.290176 0
    outer loop
      vertex 48.5706 -0.650558 0
      vertex 48.5706 -0.650558 2.4
      vertex 48.6673 -0.33165 0
    endloop
  endfacet
  facet normal -0.956973 0.290176 0
    outer loop
      vertex 48.6673 -0.33165 2.4
      vertex 48.6673 -0.33165 0
      vertex 48.5706 -0.650558 2.4
    endloop
  endfacet
  facet normal -0.881912 0.471413 0
    outer loop
      vertex 48.4135 -0.944458 0
      vertex 48.4135 -0.944458 2.4
      vertex 48.5706 -0.650558 0
    endloop
  endfacet
  facet normal -0.881912 0.471413 0
    outer loop
      vertex 48.5706 -0.650558 2.4
      vertex 48.5706 -0.650558 0
      vertex 48.4135 -0.944458 2.4
    endloop
  endfacet
  facet normal -0.773035 0.634363 0
    outer loop
      vertex 48.2021 -1.20207 0
      vertex 48.2021 -1.20207 2.4
      vertex 48.4135 -0.944458 0
    endloop
  endfacet
  facet normal -0.773035 0.634363 0
    outer loop
      vertex 48.4135 -0.944458 2.4
      vertex 48.4135 -0.944458 0
      vertex 48.2021 -1.20207 2.4
    endloop
  endfacet
  facet normal -0.634435 0.772976 0
    outer loop
      vertex 47.9445 -1.4135 0
      vertex 47.9445 -1.4135 2.4
      vertex 48.2021 -1.20207 0
    endloop
  endfacet
  facet normal -0.634435 0.772976 0
    outer loop
      vertex 48.2021 -1.20207 2.4
      vertex 48.2021 -1.20207 0
      vertex 47.9445 -1.4135 2.4
    endloop
  endfacet
  facet normal -0.47139 0.881925 0
    outer loop
      vertex 47.6506 -1.57059 0
      vertex 47.6506 -1.57059 2.4
      vertex 47.9445 -1.4135 0
    endloop
  endfacet
  facet normal -0.47139 0.881925 0
    outer loop
      vertex 47.9445 -1.4135 2.4
      vertex 47.9445 -1.4135 0
      vertex 47.6506 -1.57059 2.4
    endloop
  endfacet
  facet normal -0.290209 0.956963 0
    outer loop
      vertex 47.3316 -1.66733 0
      vertex 47.3316 -1.66733 2.4
      vertex 47.6506 -1.57059 0
    endloop
  endfacet
  facet normal -0.290209 0.956963 0
    outer loop
      vertex 47.6506 -1.57059 2.4
      vertex 47.6506 -1.57059 0
      vertex 47.3316 -1.66733 2.4
    endloop
  endfacet
  facet normal -0.0980476 0.995182 0
    outer loop
      vertex 47 -1.7 0
      vertex 47 -1.7 2.4
      vertex 47.3316 -1.66733 0
    endloop
  endfacet
  facet normal -0.0980476 0.995182 0
    outer loop
      vertex 47.3316 -1.66733 2.4
      vertex 47.3316 -1.66733 0
      vertex 47 -1.7 2.4
    endloop
  endfacet
  facet normal 0.0980476 0.995182 -0
    outer loop
      vertex 46.6684 -1.66733 0
      vertex 46.6684 -1.66733 2.4
      vertex 47 -1.7 0
    endloop
  endfacet
  facet normal 0.0980476 0.995182 0
    outer loop
      vertex 47 -1.7 2.4
      vertex 47 -1.7 0
      vertex 46.6684 -1.66733 2.4
    endloop
  endfacet
  facet normal 0.866027 -0.499998 0
    outer loop
      vertex -12.8102 -1.2 0
      vertex -12.8102 -1.2 2.4
      vertex -18.176 -10.4939 0
    endloop
  endfacet
  facet normal 0.866027 -0.499998 0
    outer loop
      vertex -18.176 -10.4939 2.4
      vertex -18.176 -10.4939 0
      vertex -12.8102 -1.2 2.4
    endloop
  endfacet
  facet normal 0 -1 0
    outer loop
      vertex -8.88181 -1.2 0
      vertex -8.88181 -1.2 2.4
      vertex -12.8102 -1.2 0
    endloop
  endfacet
  facet normal 0 -1 0
    outer loop
      vertex -12.8102 -1.2 2.4
      vertex -12.8102 -1.2 0
      vertex -8.88181 -1.2 2.4
    endloop
  endfacet
  facet normal -0.995183 -0.0980322 0
    outer loop
      vertex -8.82706 -1.7558 0
      vertex -8.82706 -1.7558 2.4
      vertex -8.88181 -1.2 0
    endloop
  endfacet
  facet normal -0.995183 -0.0980322 -0
    outer loop
      vertex -8.88181 -1.2 2.4
      vertex -8.88181 -1.2 0
      vertex -8.82706 -1.7558 2.4
    endloop
  endfacet
  facet normal -0.956941 -0.290283 0
    outer loop
      vertex -8.31491 -3.44414 0
      vertex -8.31491 -3.44414 2.4
      vertex -8.82706 -1.7558 0
    endloop
  endfacet
  facet normal -0.956941 -0.290283 -0
    outer loop
      vertex -8.82706 -1.7558 2.4
      vertex -8.82706 -1.7558 0
      vertex -8.31491 -3.44414 2.4
    endloop
  endfacet
  facet normal -0.881921 -0.471397 0
    outer loop
      vertex -7.48322 -5.00012 0
      vertex -7.48322 -5.00012 2.4
      vertex -8.31491 -3.44414 0
    endloop
  endfacet
  facet normal -0.881921 -0.471397 -0
    outer loop
      vertex -8.31491 -3.44414 2.4
      vertex -8.31491 -3.44414 0
      vertex -7.48322 -5.00012 2.4
    endloop
  endfacet
  facet normal -0.773009 -0.634395 0
    outer loop
      vertex -6.36395 -6.36395 0
      vertex -6.36395 -6.36395 2.4
      vertex -7.48322 -5.00012 0
    endloop
  endfacet
  facet normal -0.773009 -0.634395 -0
    outer loop
      vertex -7.48322 -5.00012 2.4
      vertex -7.48322 -5.00012 0
      vertex -6.36395 -6.36395 2.4
    endloop
  endfacet
  facet normal -0.634394 -0.77301 0
    outer loop
      vertex -5.47911 -7.09012 0
      vertex -5.47911 -7.09012 2.4
      vertex -6.36395 -6.36395 0
    endloop
  endfacet
  facet normal -0.634394 -0.77301 -0
    outer loop
      vertex -6.36395 -6.36395 2.4
      vertex -6.36395 -6.36395 0
      vertex -5.47911 -7.09012 2.4
    endloop
  endfacet
  facet normal -0.866025 0.500001 0
    outer loop
      vertex -7.44429 -10.4939 0
      vertex -7.44429 -10.4939 2.4
      vertex -5.47911 -7.09012 0
    endloop
  endfacet
  facet normal -0.866025 0.500001 0
    outer loop
      vertex -5.47911 -7.09012 2.4
      vertex -5.47911 -7.09012 0
      vertex -7.44429 -10.4939 2.4
    endloop
  endfacet
  facet normal 0 1 0
    outer loop
      vertex -18.176 -10.4939 0
      vertex -18.176 -10.4939 2.4
      vertex -7.44429 -10.4939 0
    endloop
  endfacet
  facet normal 0 1 0
    outer loop
      vertex -7.44429 -10.4939 2.4
      vertex -7.44429 -10.4939 0
      vertex -18.176 -10.4939 2.4
    endloop
  endfacet
  facet normal 0 -1 0
    outer loop
      vertex 6.4818 -1.2 0
      vertex 6.4818 -1.2 2.4
      vertex 2.07845 -1.2 0
    endloop
  endfacet
  facet normal 0 -1 0
    outer loop
      vertex 2.07845 -1.2 2.4
      vertex 2.07845 -1.2 0
      vertex 6.4818 -1.2 2.4
    endloop
  endfacet
  facet normal -0.995191 0.097951 0
    outer loop
      vertex 6.47318 -1.28758 0
      vertex 6.47318 -1.28758 2.4
      vertex 6.4818 -1.2 0
    endloop
  endfacet
  facet normal -0.995191 0.097951 0
    outer loop
      vertex 6.4818 -1.2 2.4
      vertex 6.4818 -1.2 0
      vertex 6.47318 -1.28758 2.4
    endloop
  endfacet
  facet normal -0.95694 0.290285 0
    outer loop
      vertex 6.0976 -2.5257 0
      vertex 6.0976 -2.5257 2.4
      vertex 6.47318 -1.28758 0
    endloop
  endfacet
  facet normal -0.95694 0.290285 0
    outer loop
      vertex 6.47318 -1.28758 2.4
      vertex 6.47318 -1.28758 0
      vertex 6.0976 -2.5257 2.4
    endloop
  endfacet
  facet normal -0.881921 0.471397 0
    outer loop
      vertex 5.48769 -3.66676 0
      vertex 5.48769 -3.66676 2.4
      vertex 6.0976 -2.5257 0
    endloop
  endfacet
  facet normal -0.881921 0.471397 0
    outer loop
      vertex 6.0976 -2.5257 2.4
      vertex 6.0976 -2.5257 0
      vertex 5.48769 -3.66676 2.4
    endloop
  endfacet
  facet normal -0.773012 0.634392 0
    outer loop
      vertex 4.6669 -4.6669 0
      vertex 4.6669 -4.6669 2.4
      vertex 5.48769 -3.66676 0
    endloop
  endfacet
  facet normal -0.773012 0.634392 0
    outer loop
      vertex 5.48769 -3.66676 2.4
      vertex 5.48769 -3.66676 0
      vertex 4.6669 -4.6669 2.4
    endloop
  endfacet
  facet normal -0.634384 0.773018 0
    outer loop
      vertex 4.26872 -4.99367 0
      vertex 4.26872 -4.99367 2.4
      vertex 4.6669 -4.6669 0
    endloop
  endfacet
  facet normal -0.634384 0.773018 0
    outer loop
      vertex 4.6669 -4.6669 2.4
      vertex 4.6669 -4.6669 0
      vertex 4.26872 -4.99367 2.4
    endloop
  endfacet
  facet normal 0.866026 0.499999 -0
    outer loop
      vertex 2.07845 -1.2 0
      vertex 2.07845 -1.2 2.4
      vertex 4.26872 -4.99367 0
    endloop
  endfacet
  facet normal 0.866026 0.499999 0
    outer loop
      vertex 4.26872 -4.99367 2.4
      vertex 4.26872 -4.99367 0
      vertex 2.07845 -1.2 2.4
    endloop
  endfacet
  facet normal 0.634394 -0.77301 0
    outer loop
      vertex 6.36395 -6.36395 0
      vertex 6.36395 -6.36395 2.4
      vertex 5.47911 -7.09012 0
    endloop
  endfacet
  facet normal 0.634394 -0.77301 0
    outer loop
      vertex 5.47911 -7.09012 2.4
      vertex 5.47911 -7.09012 0
      vertex 6.36395 -6.36395 2.4
    endloop
  endfacet
  facet normal 0.773009 -0.634395 0
    outer loop
      vertex 7.48322 -5.00012 0
      vertex 7.48322 -5.00012 2.4
      vertex 6.36395 -6.36395 0
    endloop
  endfacet
  facet normal 0.773009 -0.634395 0
    outer loop
      vertex 6.36395 -6.36395 2.4
      vertex 6.36395 -6.36395 0
      vertex 7.48322 -5.00012 2.4
    endloop
  endfacet
  facet normal 0.881921 -0.471397 0
    outer loop
      vertex 8.31491 -3.44414 0
      vertex 8.31491 -3.44414 2.4
      vertex 7.48322 -5.00012 0
    endloop
  endfacet
  facet normal 0.881921 -0.471397 0
    outer loop
      vertex 7.48322 -5.00012 2.4
      vertex 7.48322 -5.00012 0
      vertex 8.31491 -3.44414 2.4
    endloop
  endfacet
  facet normal 0.956941 -0.290283 0
    outer loop
      vertex 8.82706 -1.7558 0
      vertex 8.82706 -1.7558 2.4
      vertex 8.31491 -3.44414 0
    endloop
  endfacet
  facet normal 0.956941 -0.290283 0
    outer loop
      vertex 8.31491 -3.44414 2.4
      vertex 8.31491 -3.44414 0
      vertex 8.82706 -1.7558 2.4
    endloop
  endfacet
  facet normal 0.995183 -0.0980322 0
    outer loop
      vertex 8.88181 -1.2 0
      vertex 8.88181 -1.2 2.4
      vertex 8.82706 -1.7558 0
    endloop
  endfacet
  facet normal 0.995183 -0.0980322 0
    outer loop
      vertex 8.82706 -1.7558 2.4
      vertex 8.82706 -1.7558 0
      vertex 8.88181 -1.2 2.4
    endloop
  endfacet
  facet normal 0 -1 0
    outer loop
      vertex 12.8102 -1.2 0
      vertex 12.8102 -1.2 2.4
      vertex 8.88181 -1.2 0
    endloop
  endfacet
  facet normal 0 -1 0
    outer loop
      vertex 8.88181 -1.2 2.4
      vertex 8.88181 -1.2 0
      vertex 12.8102 -1.2 2.4
    endloop
  endfacet
  facet normal -0.866027 -0.499998 0
    outer loop
      vertex 18.176 -10.4939 0
      vertex 18.176 -10.4939 2.4
      vertex 12.8102 -1.2 0
    endloop
  endfacet
  facet normal -0.866027 -0.499998 -0
    outer loop
      vertex 12.8102 -1.2 2.4
      vertex 12.8102 -1.2 0
      vertex 18.176 -10.4939 2.4
    endloop
  endfacet
  facet normal 0 1 0
    outer loop
      vertex 7.44429 -10.4939 0
      vertex 7.44429 -10.4939 2.4
      vertex 18.176 -10.4939 0
    endloop
  endfacet
  facet normal 0 1 0
    outer loop
      vertex 18.176 -10.4939 2.4
      vertex 18.176 -10.4939 0
      vertex 7.44429 -10.4939 2.4
    endloop
  endfacet
  facet normal 0.866025 0.500001 -0
    outer loop
      vertex 5.47911 -7.09012 0
      vertex 5.47911 -7.09012 2.4
      vertex 7.44429 -10.4939 0
    endloop
  endfacet
  facet normal 0.866025 0.500001 0
    outer loop
      vertex 7.44429 -10.4939 2.4
      vertex 7.44429 -10.4939 0
      vertex 5.47911 -7.09012 2.4
    endloop
  endfacet
  facet normal 0.773012 0.634392 -0
    outer loop
      vertex -5.48769 -3.66676 0
      vertex -5.48769 -3.66676 2.4
      vertex -4.6669 -4.6669 0
    endloop
  endfacet
  facet normal 0.773012 0.634392 0
    outer loop
      vertex -4.6669 -4.6669 2.4
      vertex -4.6669 -4.6669 0
      vertex -5.48769 -3.66676 2.4
    endloop
  endfacet
  facet normal 0.881921 0.471397 -0
    outer loop
      vertex -6.0976 -2.5257 0
      vertex -6.0976 -2.5257 2.4
      vertex -5.48769 -3.66676 0
    endloop
  endfacet
  facet normal 0.881921 0.471397 0
    outer loop
      vertex -5.48769 -3.66676 2.4
      vertex -5.48769 -3.66676 0
      vertex -6.0976 -2.5257 2.4
    endloop
  endfacet
  facet normal 0.95694 0.290285 -0
    outer loop
      vertex -6.47318 -1.28758 0
      vertex -6.47318 -1.28758 2.4
      vertex -6.0976 -2.5257 0
    endloop
  endfacet
  facet normal 0.95694 0.290285 0
    outer loop
      vertex -6.0976 -2.5257 2.4
      vertex -6.0976 -2.5257 0
      vertex -6.47318 -1.28758 2.4
    endloop
  endfacet
  facet normal 0.995191 0.097951 -0
    outer loop
      vertex -6.4818 -1.2 0
      vertex -6.4818 -1.2 2.4
      vertex -6.47318 -1.28758 0
    endloop
  endfacet
  facet normal 0.995191 0.097951 0
    outer loop
      vertex -6.47318 -1.28758 2.4
      vertex -6.47318 -1.28758 0
      vertex -6.4818 -1.2 2.4
    endloop
  endfacet
  facet normal 0 -1 0
    outer loop
      vertex -2.07845 -1.2 0
      vertex -2.07845 -1.2 2.4
      vertex -6.4818 -1.2 0
    endloop
  endfacet
  facet normal 0 -1 0
    outer loop
      vertex -6.4818 -1.2 2.4
      vertex -6.4818 -1.2 0
      vertex -2.07845 -1.2 2.4
    endloop
  endfacet
  facet normal -0.866026 0.499999 0
    outer loop
      vertex -4.26872 -4.99367 0
      vertex -4.26872 -4.99367 2.4
      vertex -2.07845 -1.2 0
    endloop
  endfacet
  facet normal -0.866026 0.499999 0
    outer loop
      vertex -2.07845 -1.2 2.4
      vertex -2.07845 -1.2 0
      vertex -4.26872 -4.99367 2.4
    endloop
  endfacet
  facet normal 0.634384 0.773018 -0
    outer loop
      vertex -4.6669 -4.6669 0
      vertex -4.6669 -4.6669 2.4
      vertex -4.26872 -4.99367 0
    endloop
  endfacet
  facet normal 0.634384 0.773018 0
    outer loop
      vertex -4.26872 -4.99367 2.4
      vertex -4.26872 -4.99367 0
      vertex -4.6669 -4.6669 2.4
    endloop
  endfacet
  facet normal 0.290287 0.95694 -0
    outer loop
      vertex -2.19307 -6.1985 0
      vertex -2.19307 -6.1985 2.4
      vertex -1.28758 -6.47318 0
    endloop
  endfacet
  facet normal 0.290287 0.95694 0
    outer loop
      vertex -1.28758 -6.47318 2.4
      vertex -1.28758 -6.47318 0
      vertex -2.19307 -6.1985 2.4
    endloop
  endfacet
  facet normal 0.866027 -0.499997 0
    outer loop
      vertex 0 -2.39996 0
      vertex 0 -2.39996 2.4
      vertex -2.19307 -6.1985 0
    endloop
  endfacet
  facet normal 0.866027 -0.499997 0
    outer loop
      vertex -2.19307 -6.1985 2.4
      vertex -2.19307 -6.1985 0
      vertex 0 -2.39996 2.4
    endloop
  endfacet
  facet normal -0.866027 -0.499997 0
    outer loop
      vertex 2.19307 -6.1985 0
      vertex 2.19307 -6.1985 2.4
      vertex 0 -2.39996 0
    endloop
  endfacet
  facet normal -0.866027 -0.499997 -0
    outer loop
      vertex 0 -2.39996 2.4
      vertex 0 -2.39996 0
      vertex 2.19307 -6.1985 2.4
    endloop
  endfacet
  facet normal -0.290287 0.95694 0
    outer loop
      vertex 1.28758 -6.47318 0
      vertex 1.28758 -6.47318 2.4
      vertex 2.19307 -6.1985 0
    endloop
  endfacet
  facet normal -0.290287 0.95694 0
    outer loop
      vertex 2.19307 -6.1985 2.4
      vertex 2.19307 -6.1985 0
      vertex 1.28758 -6.47318 2.4
    endloop
  endfacet
  facet normal -0.0980129 0.995185 0
    outer loop
      vertex 0 -6.59999 0
      vertex 0 -6.59999 2.4
      vertex 1.28758 -6.47318 0
    endloop
  endfacet
  facet normal -0.0980129 0.995185 0
    outer loop
      vertex 1.28758 -6.47318 2.4
      vertex 1.28758 -6.47318 0
      vertex 0 -6.59999 2.4
    endloop
  endfacet
  facet normal 0.0980129 0.995185 -0
    outer loop
      vertex -1.28758 -6.47318 0
      vertex -1.28758 -6.47318 2.4
      vertex 0 -6.59999 0
    endloop
  endfacet
  facet normal 0.0980129 0.995185 0
    outer loop
      vertex 0 -6.59999 2.4
      vertex 0 -6.59999 0
      vertex -1.28758 -6.47318 2.4
    endloop
  endfacet
  facet normal 0.866026 -0.499998 0
    outer loop
      vertex -3.41933 -8.32243 0
      vertex -3.41933 -8.32243 2.4
      vertex -5.36584 -11.6939 0
    endloop
  endfacet
  facet normal 0.866026 -0.499998 0
    outer loop
      vertex -5.36584 -11.6939 2.4
      vertex -5.36584 -11.6939 0
      vertex -3.41933 -8.32243 2.4
    endloop
  endfacet
  facet normal -0.290287 -0.95694 0
    outer loop
      vertex -1.7558 -8.82706 0
      vertex -1.7558 -8.82706 2.4
      vertex -3.41933 -8.32243 0
    endloop
  endfacet
  facet normal -0.290287 -0.95694 -0
    outer loop
      vertex -3.41933 -8.32243 2.4
      vertex -3.41933 -8.32243 0
      vertex -1.7558 -8.82706 2.4
    endloop
  endfacet
  facet normal -0.0980221 -0.995184 0
    outer loop
      vertex 0 -9 0
      vertex 0 -9 2.4
      vertex -1.7558 -8.82706 0
    endloop
  endfacet
  facet normal -0.0980221 -0.995184 -0
    outer loop
      vertex -1.7558 -8.82706 2.4
      vertex -1.7558 -8.82706 0
      vertex 0 -9 2.4
    endloop
  endfacet
  facet normal 0.0980221 -0.995184 0
    outer loop
      vertex 1.7558 -8.82706 0
      vertex 1.7558 -8.82706 2.4
      vertex 0 -9 0
    endloop
  endfacet
  facet normal 0.0980221 -0.995184 0
    outer loop
      vertex 0 -9 2.4
      vertex 0 -9 0
      vertex 1.7558 -8.82706 2.4
    endloop
  endfacet
  facet normal 0.290287 -0.95694 0
    outer loop
      vertex 3.41933 -8.32243 0
      vertex 3.41933 -8.32243 2.4
      vertex 1.7558 -8.82706 0
    endloop
  endfacet
  facet normal 0.290287 -0.95694 0
    outer loop
      vertex 1.7558 -8.82706 2.4
      vertex 1.7558 -8.82706 0
      vertex 3.41933 -8.32243 2.4
    endloop
  endfacet
  facet normal -0.866026 -0.499998 0
    outer loop
      vertex 5.36584 -11.6939 0
      vertex 5.36584 -11.6939 2.4
      vertex 3.41933 -8.32243 0
    endloop
  endfacet
  facet normal -0.866026 -0.499998 -0
    outer loop
      vertex 3.41933 -8.32243 2.4
      vertex 3.41933 -8.32243 0
      vertex 5.36584 -11.6939 2.4
    endloop
  endfacet
  facet normal -0.866025 0.5 0
    outer loop
      vertex 0 -20.9878 0
      vertex 0 -20.9878 2.4
      vertex 5.36584 -11.6939 0
    endloop
  endfacet
  facet normal -0.866025 0.5 0
    outer loop
      vertex 5.36584 -11.6939 2.4
      vertex 5.36584 -11.6939 0
      vertex 0 -20.9878 2.4
    endloop
  endfacet
  facet normal 0.866025 0.5 -0
    outer loop
      vertex -5.36584 -11.6939 0
      vertex -5.36584 -11.6939 2.4
      vertex 0 -20.9878 0
    endloop
  endfacet
  facet normal 0.866025 0.5 0
    outer loop
      vertex 0 -20.9878 2.4
      vertex 0 -20.9878 0
      vertex -5.36584 -11.6939 2.4
    endloop
  endfacet
endsolid OpenSCAD_Model
