solid OpenSCAD_Model
  facet normal 1 -0 0
    outer loop
      vertex 7.5 -3.5 2
      vertex 7.5 5.5 0
      vertex 7.5 5.5 2
    endloop
  endfacet
  facet normal 1 0 0
    outer loop
      vertex 7.5 5.5 0
      vertex 7.5 -3.5 2
      vertex 7.5 -3.5 0
    endloop
  endfacet
  facet normal 0 0 1
    outer loop
      vertex -1.2 5.5 2
      vertex -1.33939 3.23358 2
      vertex -1.2 3.28345 2
    endloop
  endfacet
  facet normal 0 0 1
    outer loop
      vertex -1.2 5.5 2
      vertex -1.64989 3.08672 2
      vertex -1.33939 3.23358 2
    endloop
  endfacet
  facet normal 0 0 1
    outer loop
      vertex -1.2 5.5 2
      vertex -1.9445 2.91014 2
      vertex -1.64989 3.08672 2
    endloop
  endfacet
  facet normal 0 0 1
    outer loop
      vertex -1.2 5.5 2
      vertex -2.22038 2.70554 2
      vertex -1.9445 2.91014 2
    endloop
  endfacet
  facet normal -0 0 1
    outer loop
      vertex -7.5 5.5 2
      vertex -2.22038 2.70554 2
      vertex -1.2 5.5 2
    endloop
  endfacet
  facet normal 0 0 1
    outer loop
      vertex -2.22038 2.70554 2
      vertex -7.5 5.5 2
      vertex -2.47487 2.47487 2
    endloop
  endfacet
  facet normal 0 0 1
    outer loop
      vertex -2.47487 2.47487 2
      vertex -7.5 5.5 2
      vertex -2.70554 2.22038 2
    endloop
  endfacet
  facet normal 0 0 1
    outer loop
      vertex -2.70554 2.22038 2
      vertex -7.5 5.5 2
      vertex -2.91014 1.9445 2
    endloop
  endfacet
  facet normal 0 0 1
    outer loop
      vertex -7.5 -3.5 2
      vertex -3.48315 0.34306 2
      vertex -7.5 5.5 2
    endloop
  endfacet
  facet normal 0 0 1
    outer loop
      vertex -3.43275 0.682816 2
      vertex -7.5 5.5 2
      vertex -3.48315 0.34306 2
    endloop
  endfacet
  facet normal 0 0 1
    outer loop
      vertex -3.34929 1.016 2
      vertex -7.5 5.5 2
      vertex -3.43275 0.682816 2
    endloop
  endfacet
  facet normal 0 0 1
    outer loop
      vertex -3.23358 1.33939 2
      vertex -7.5 5.5 2
      vertex -3.34929 1.016 2
    endloop
  endfacet
  facet normal 0 0 1
    outer loop
      vertex -3.08672 1.64989 2
      vertex -7.5 5.5 2
      vertex -3.23358 1.33939 2
    endloop
  endfacet
  facet normal 0 0 1
    outer loop
      vertex -2.91014 1.9445 2
      vertex -7.5 5.5 2
      vertex -3.08672 1.64989 2
    endloop
  endfacet
  facet normal 0 0 1
    outer loop
      vertex -3.48315 0.34306 2
      vertex -7.5 -3.5 2
      vertex -3.5 0 2
    endloop
  endfacet
  facet normal 0 0 1
    outer loop
      vertex -3.5 0 2
      vertex -7.5 -3.5 2
      vertex -3.48315 -0.34306 2
    endloop
  endfacet
  facet normal 0 0 1
    outer loop
      vertex -3.48315 -0.34306 2
      vertex -7.5 -3.5 2
      vertex -3.43275 -0.682816 2
    endloop
  endfacet
  facet normal 0 0 1
    outer loop
      vertex -3.43275 -0.682816 2
      vertex -7.5 -3.5 2
      vertex -3.34929 -1.016 2
    endloop
  endfacet
  facet normal 0 0 1
    outer loop
      vertex -3.34929 -1.016 2
      vertex -7.5 -3.5 2
      vertex -3.23358 -1.33939 2
    endloop
  endfacet
  facet normal 0 0 1
    outer loop
      vertex -3.23358 -1.33939 2
      vertex -7.5 -3.5 2
      vertex -3.08672 -1.64989 2
    endloop
  endfacet
  facet normal 0 0 1
    outer loop
      vertex -0.34306 -3.48315 2
      vertex -7.5 -3.5 2
      vertex 0 -3.5 2
    endloop
  endfacet
  facet normal 0 0 1
    outer loop
      vertex -0.682816 -3.43275 2
      vertex -7.5 -3.5 2
      vertex -0.34306 -3.48315 2
    endloop
  endfacet
  facet normal 0 0 1
    outer loop
      vertex -1.016 -3.34929 2
      vertex -7.5 -3.5 2
      vertex -0.682816 -3.43275 2
    endloop
  endfacet
  facet normal 0 0 1
    outer loop
      vertex -1.33939 -3.23358 2
      vertex -7.5 -3.5 2
      vertex -1.016 -3.34929 2
    endloop
  endfacet
  facet normal 0 0 1
    outer loop
      vertex -1.64989 -3.08672 2
      vertex -7.5 -3.5 2
      vertex -1.33939 -3.23358 2
    endloop
  endfacet
  facet normal 0 0 1
    outer loop
      vertex -1.9445 -2.91014 2
      vertex -7.5 -3.5 2
      vertex -1.64989 -3.08672 2
    endloop
  endfacet
  facet normal 0 0 1
    outer loop
      vertex -2.22038 -2.70554 2
      vertex -7.5 -3.5 2
      vertex -1.9445 -2.91014 2
    endloop
  endfacet
  facet normal 0 0 1
    outer loop
      vertex -2.47487 -2.47487 2
      vertex -7.5 -3.5 2
      vertex -2.22038 -2.70554 2
    endloop
  endfacet
  facet normal 0 0 1
    outer loop
      vertex -2.70554 -2.22038 2
      vertex -7.5 -3.5 2
      vertex -2.47487 -2.47487 2
    endloop
  endfacet
  facet normal 0 0 1
    outer loop
      vertex -2.91014 -1.9445 2
      vertex -7.5 -3.5 2
      vertex -2.70554 -2.22038 2
    endloop
  endfacet
  facet normal 0 0 1
    outer loop
      vertex -3.08672 -1.64989 2
      vertex -7.5 -3.5 2
      vertex -2.91014 -1.9445 2
    endloop
  endfacet
  facet normal -0 0 1
    outer loop
      vertex 3.48315 0.34306 2
      vertex 7.5 -3.5 2
      vertex 7.5 5.5 2
    endloop
  endfacet
  facet normal 0 0 1
    outer loop
      vertex 7.5 -3.5 2
      vertex 3.48315 0.34306 2
      vertex 3.5 0 2
    endloop
  endfacet
  facet normal 0 0 1
    outer loop
      vertex 7.5 5.5 2
      vertex 3.43275 0.682816 2
      vertex 3.48315 0.34306 2
    endloop
  endfacet
  facet normal 0 0 1
    outer loop
      vertex 7.5 5.5 2
      vertex 3.34929 1.016 2
      vertex 3.43275 0.682816 2
    endloop
  endfacet
  facet normal 0 0 1
    outer loop
      vertex 7.5 5.5 2
      vertex 3.23358 1.33939 2
      vertex 3.34929 1.016 2
    endloop
  endfacet
  facet normal 0 0 1
    outer loop
      vertex 7.5 5.5 2
      vertex 3.08672 1.64989 2
      vertex 3.23358 1.33939 2
    endloop
  endfacet
  facet normal 0 0 1
    outer loop
      vertex 7.5 5.5 2
      vertex 2.91014 1.9445 2
      vertex 3.08672 1.64989 2
    endloop
  endfacet
  facet normal 0 0 1
    outer loop
      vertex 7.5 5.5 2
      vertex 2.70554 2.22038 2
      vertex 2.91014 1.9445 2
    endloop
  endfacet
  facet normal 0 0 1
    outer loop
      vertex 7.5 5.5 2
      vertex 2.47487 2.47487 2
      vertex 2.70554 2.22038 2
    endloop
  endfacet
  facet normal 0 0 1
    outer loop
      vertex 7.5 5.5 2
      vertex 2.22038 2.70554 2
      vertex 2.47487 2.47487 2
    endloop
  endfacet
  facet normal -0 0 1
    outer loop
      vertex 1.2 5.5 2
      vertex 2.22038 2.70554 2
      vertex 7.5 5.5 2
    endloop
  endfacet
  facet normal 0 0 1
    outer loop
      vertex 2.22038 2.70554 2
      vertex 1.2 5.5 2
      vertex 1.9445 2.91014 2
    endloop
  endfacet
  facet normal 0 0 1
    outer loop
      vertex 1.9445 2.91014 2
      vertex 1.2 5.5 2
      vertex 1.64989 3.08672 2
    endloop
  endfacet
  facet normal 0 0 1
    outer loop
      vertex 1.64989 3.08672 2
      vertex 1.2 5.5 2
      vertex 1.33939 3.23358 2
    endloop
  endfacet
  facet normal 0 0 1
    outer loop
      vertex 1.33939 3.23358 2
      vertex 1.2 5.5 2
      vertex 1.2 3.28345 2
    endloop
  endfacet
  facet normal -0 0 1
    outer loop
      vertex 3.48315 -0.34306 2
      vertex 7.5 -3.5 2
      vertex 3.5 0 2
    endloop
  endfacet
  facet normal -0 0 1
    outer loop
      vertex 3.43275 -0.682816 2
      vertex 7.5 -3.5 2
      vertex 3.48315 -0.34306 2
    endloop
  endfacet
  facet normal -0 0 1
    outer loop
      vertex 3.34929 -1.016 2
      vertex 7.5 -3.5 2
      vertex 3.43275 -0.682816 2
    endloop
  endfacet
  facet normal -0 0 1
    outer loop
      vertex 3.23358 -1.33939 2
      vertex 7.5 -3.5 2
      vertex 3.34929 -1.016 2
    endloop
  endfacet
  facet normal -0 0 1
    outer loop
      vertex 3.08672 -1.64989 2
      vertex 7.5 -3.5 2
      vertex 3.23358 -1.33939 2
    endloop
  endfacet
  facet normal -0 0 1
    outer loop
      vertex 2.91014 -1.9445 2
      vertex 7.5 -3.5 2
      vertex 3.08672 -1.64989 2
    endloop
  endfacet
  facet normal -0 0 1
    outer loop
      vertex 2.70554 -2.22038 2
      vertex 7.5 -3.5 2
      vertex 2.91014 -1.9445 2
    endloop
  endfacet
  facet normal -0 0 1
    outer loop
      vertex 2.47487 -2.47487 2
      vertex 7.5 -3.5 2
      vertex 2.70554 -2.22038 2
    endloop
  endfacet
  facet normal -0 0 1
    outer loop
      vertex 2.22038 -2.70554 2
      vertex 7.5 -3.5 2
      vertex 2.47487 -2.47487 2
    endloop
  endfacet
  facet normal -0 0 1
    outer loop
      vertex 1.9445 -2.91014 2
      vertex 7.5 -3.5 2
      vertex 2.22038 -2.70554 2
    endloop
  endfacet
  facet normal -0 0 1
    outer loop
      vertex 1.64989 -3.08672 2
      vertex 7.5 -3.5 2
      vertex 1.9445 -2.91014 2
    endloop
  endfacet
  facet normal -0 0 1
    outer loop
      vertex 1.33939 -3.23358 2
      vertex 7.5 -3.5 2
      vertex 1.64989 -3.08672 2
    endloop
  endfacet
  facet normal -0 0 1
    outer loop
      vertex 1.016 -3.34929 2
      vertex 7.5 -3.5 2
      vertex 1.33939 -3.23358 2
    endloop
  endfacet
  facet normal -0 0 1
    outer loop
      vertex 0.682816 -3.43275 2
      vertex 7.5 -3.5 2
      vertex 1.016 -3.34929 2
    endloop
  endfacet
  facet normal -0 0 1
    outer loop
      vertex 0.34306 -3.48315 2
      vertex 7.5 -3.5 2
      vertex 0.682816 -3.43275 2
    endloop
  endfacet
  facet normal 0 0 1
    outer loop
      vertex 7.5 -3.5 2
      vertex 0.34306 -3.48315 2
      vertex 0 -3.5 2
    endloop
  endfacet
  facet normal 0 0 1
    outer loop
      vertex -1.2 3.28345 2
      vertex 1.2 3.28345 2
      vertex 1.2 5.5 2
    endloop
  endfacet
  facet normal 0 0 1
    outer loop
      vertex 1.2 3.28345 2
      vertex -1.2 3.28345 2
      vertex 1.2 0.897002 2
    endloop
  endfacet
  facet normal 0 0 1
    outer loop
      vertex -1.2 0.897002 2
      vertex 1.2 0.897002 2
      vertex -1.2 3.28345 2
    endloop
  endfacet
  facet normal 0 0 1
    outer loop
      vertex 1.2 0.897002 2
      vertex -1.2 0.897002 2
      vertex 1.15952 -0.95159 2
    endloop
  endfacet
  facet normal 0 0 1
    outer loop
      vertex 1.15952 -0.95159 2
      vertex -1.2 0.897002 2
      vertex 1.06066 -1.06066 2
    endloop
  endfacet
  facet normal 0 0 1
    outer loop
      vertex 0.95159 -1.15952 2
      vertex -1.2 0.897002 2
      vertex 0.833355 -1.2472 2
    endloop
  endfacet
  facet normal 0 0 1
    outer loop
      vertex 0.833355 -1.2472 2
      vertex -1.2 0.897002 2
      vertex 0.707094 -1.32288 2
    endloop
  endfacet
  facet normal 0 0 1
    outer loop
      vertex 0.707094 -1.32288 2
      vertex -1.2 0.897002 2
      vertex 0.574024 -1.38582 2
    endloop
  endfacet
  facet normal 0 0 1
    outer loop
      vertex 0.574024 -1.38582 2
      vertex -1.2 0.897002 2
      vertex 0.435427 -1.43541 2
    endloop
  endfacet
  facet normal 0 0 1
    outer loop
      vertex 0.435427 -1.43541 2
      vertex -1.2 0.897002 2
      vertex 0.292635 -1.47118 2
    endloop
  endfacet
  facet normal 0 0 1
    outer loop
      vertex 0.292635 -1.47118 2
      vertex -1.2 0.897002 2
      vertex 0.147025 -1.49278 2
    endloop
  endfacet
  facet normal 0 0 1
    outer loop
      vertex 0.147025 -1.49278 2
      vertex -1.2 0.897002 2
      vertex 0 -1.5 2
    endloop
  endfacet
  facet normal 0 0 1
    outer loop
      vertex 0 -1.5 2
      vertex -1.2 0.897002 2
      vertex -0.147025 -1.49278 2
    endloop
  endfacet
  facet normal 0 0 1
    outer loop
      vertex -0.147025 -1.49278 2
      vertex -1.2 0.897002 2
      vertex -0.292635 -1.47118 2
    endloop
  endfacet
  facet normal 0 0 1
    outer loop
      vertex -0.292635 -1.47118 2
      vertex -1.2 0.897002 2
      vertex -0.435427 -1.43541 2
    endloop
  endfacet
  facet normal 0 0 1
    outer loop
      vertex -0.435427 -1.43541 2
      vertex -1.2 0.897002 2
      vertex -0.574024 -1.38582 2
    endloop
  endfacet
  facet normal 0 0 1
    outer loop
      vertex -0.574024 -1.38582 2
      vertex -1.2 0.897002 2
      vertex -0.707094 -1.32288 2
    endloop
  endfacet
  facet normal 0 0 1
    outer loop
      vertex -0.707094 -1.32288 2
      vertex -1.2 0.897002 2
      vertex -0.833355 -1.2472 2
    endloop
  endfacet
  facet normal 0 0 1
    outer loop
      vertex -0.833355 -1.2472 2
      vertex -1.2 0.897002 2
      vertex -0.95159 -1.15952 2
    endloop
  endfacet
  facet normal 0 0 1
    outer loop
      vertex -0.95159 -1.15952 2
      vertex -1.2 0.897002 2
      vertex -1.06066 -1.06066 2
    endloop
  endfacet
  facet normal 0 0 1
    outer loop
      vertex -1.2 3.28345 2
      vertex 1.2 5.5 2
      vertex -1.2 5.5 2
    endloop
  endfacet
  facet normal 0 0 1
    outer loop
      vertex 1.06066 -1.06066 2
      vertex -1.2 0.897002 2
      vertex 0.95159 -1.15952 2
    endloop
  endfacet
  facet normal 0 0 1
    outer loop
      vertex -1.06066 -1.06066 2
      vertex -1.2 0.897002 2
      vertex -1.15952 -0.95159 2
    endloop
  endfacet
  facet normal 0 0 1
    outer loop
      vertex -1.32288 0.707094 2
      vertex -1.2 0.897002 2
      vertex -1.2472 0.833355 2
    endloop
  endfacet
  facet normal 0 0 1
    outer loop
      vertex -1.2 0.897002 2
      vertex -1.2472 -0.833355 2
      vertex -1.15952 -0.95159 2
    endloop
  endfacet
  facet normal 0 0 1
    outer loop
      vertex -1.2 0.897002 2
      vertex -1.32288 0.707094 2
      vertex -1.2472 -0.833355 2
    endloop
  endfacet
  facet normal 0 0 1
    outer loop
      vertex -1.32288 0.707094 2
      vertex -1.32288 -0.707094 2
      vertex -1.2472 -0.833355 2
    endloop
  endfacet
  facet normal -0 0 1
    outer loop
      vertex -1.38582 0.574024 2
      vertex -1.32288 -0.707094 2
      vertex -1.32288 0.707094 2
    endloop
  endfacet
  facet normal 0 0 1
    outer loop
      vertex -1.38582 0.574024 2
      vertex -1.38582 -0.574024 2
      vertex -1.32288 -0.707094 2
    endloop
  endfacet
  facet normal -0 0 1
    outer loop
      vertex -1.43541 0.435427 2
      vertex -1.38582 -0.574024 2
      vertex -1.38582 0.574024 2
    endloop
  endfacet
  facet normal 0 0 1
    outer loop
      vertex -1.43541 0.435427 2
      vertex -1.43541 -0.435427 2
      vertex -1.38582 -0.574024 2
    endloop
  endfacet
  facet normal -0 0 1
    outer loop
      vertex -1.47118 0.292635 2
      vertex -1.43541 -0.435427 2
      vertex -1.43541 0.435427 2
    endloop
  endfacet
  facet normal 0 0 1
    outer loop
      vertex -1.47118 0.292635 2
      vertex -1.47118 -0.292635 2
      vertex -1.43541 -0.435427 2
    endloop
  endfacet
  facet normal -0 0 1
    outer loop
      vertex -1.49278 0.147025 2
      vertex -1.47118 -0.292635 2
      vertex -1.47118 0.292635 2
    endloop
  endfacet
  facet normal 0 0 1
    outer loop
      vertex -1.49278 0.147025 2
      vertex -1.49278 -0.147025 2
      vertex -1.47118 -0.292635 2
    endloop
  endfacet
  facet normal 0 -0 1
    outer loop
      vertex -1.49278 -0.147025 2
      vertex -1.49278 0.147025 2
      vertex -1.5 0 2
    endloop
  endfacet
  facet normal 0 0 1
    outer loop
      vertex 1.49278 0.147025 2
      vertex 1.49278 -0.147025 2
      vertex 1.5 0 2
    endloop
  endfacet
  facet normal 0 0 1
    outer loop
      vertex 1.47118 0.292635 2
      vertex 1.49278 -0.147025 2
      vertex 1.49278 0.147025 2
    endloop
  endfacet
  facet normal 0 0 1
    outer loop
      vertex 1.47118 0.292635 2
      vertex 1.47118 -0.292635 2
      vertex 1.49278 -0.147025 2
    endloop
  endfacet
  facet normal 0 0 1
    outer loop
      vertex 1.43541 0.435427 2
      vertex 1.47118 -0.292635 2
      vertex 1.47118 0.292635 2
    endloop
  endfacet
  facet normal 0 0 1
    outer loop
      vertex 1.43541 0.435427 2
      vertex 1.43541 -0.435427 2
      vertex 1.47118 -0.292635 2
    endloop
  endfacet
  facet normal 0 0 1
    outer loop
      vertex 1.38582 0.574024 2
      vertex 1.43541 -0.435427 2
      vertex 1.43541 0.435427 2
    endloop
  endfacet
  facet normal 0 0 1
    outer loop
      vertex 1.38582 0.574024 2
      vertex 1.38582 -0.574024 2
      vertex 1.43541 -0.435427 2
    endloop
  endfacet
  facet normal 0 0 1
    outer loop
      vertex 1.32288 0.707094 2
      vertex 1.38582 -0.574024 2
      vertex 1.38582 0.574024 2
    endloop
  endfacet
  facet normal 0 0 1
    outer loop
      vertex 1.32288 0.707094 2
      vertex 1.32288 -0.707094 2
      vertex 1.38582 -0.574024 2
    endloop
  endfacet
  facet normal 0 0 1
    outer loop
      vertex 1.2 0.897002 2
      vertex 1.32288 0.707094 2
      vertex 1.2472 0.833355 2
    endloop
  endfacet
  facet normal 0 0 1
    outer loop
      vertex 1.32288 0.707094 2
      vertex 1.2 0.897002 2
      vertex 1.32288 -0.707094 2
    endloop
  endfacet
  facet normal 0 0 1
    outer loop
      vertex 1.32288 -0.707094 2
      vertex 1.2 0.897002 2
      vertex 1.2472 -0.833355 2
    endloop
  endfacet
  facet normal 0 0 1
    outer loop
      vertex 1.2472 -0.833355 2
      vertex 1.2 0.897002 2
      vertex 1.15952 -0.95159 2
    endloop
  endfacet
  facet normal 0 0 -1
    outer loop
      vertex -7.5 -3.5 0
      vertex 7.5 5.5 0
      vertex 7.5 -3.5 0
    endloop
  endfacet
  facet normal -0 0 -1
    outer loop
      vertex 7.5 5.5 0
      vertex -7.5 -3.5 0
      vertex -7.5 5.5 0
    endloop
  endfacet
  facet normal -1 0 0
    outer loop
      vertex -7.5 -3.5 0
      vertex -7.5 5.5 2
      vertex -7.5 5.5 0
    endloop
  endfacet
  facet normal -1 -0 0
    outer loop
      vertex -7.5 5.5 2
      vertex -7.5 -3.5 0
      vertex -7.5 -3.5 2
    endloop
  endfacet
  facet normal 0 1 -0
    outer loop
      vertex 7.5 5.5 0
      vertex 1.2 5.5 2
      vertex 7.5 5.5 2
    endloop
  endfacet
  facet normal 0 1 0
    outer loop
      vertex 1.2 5.5 2
      vertex 7.5 5.5 0
      vertex -1.2 5.5 2
    endloop
  endfacet
  facet normal 0 1 0
    outer loop
      vertex -7.5 5.5 0
      vertex -1.2 5.5 2
      vertex 7.5 5.5 0
    endloop
  endfacet
  facet normal 0 1 0
    outer loop
      vertex -1.2 5.5 2
      vertex -7.5 5.5 0
      vertex -7.5 5.5 2
    endloop
  endfacet
  facet normal 0 -1 0
    outer loop
      vertex -7.5 -3.5 0
      vertex 0 -3.5 2
      vertex -7.5 -3.5 2
    endloop
  endfacet
  facet normal 0 -1 0
    outer loop
      vertex 7.5 -3.5 0
      vertex 0 -3.5 2
      vertex -7.5 -3.5 0
    endloop
  endfacet
  facet normal 0 -1 0
    outer loop
      vertex 0 -3.5 2
      vertex 7.5 -3.5 0
      vertex 7.5 -3.5 2
    endloop
  endfacet
  facet normal 0.989176 0.146736 0
    outer loop
      vertex 3.48315 0.34306 8
      vertex 3.43275 0.682816 2
      vertex 3.43275 0.682816 8
    endloop
  endfacet
  facet normal 0.989176 0.146736 0
    outer loop
      vertex 3.43275 0.682816 2
      vertex 3.48315 0.34306 8
      vertex 3.48315 0.34306 2
    endloop
  endfacet
  facet normal 0.998796 0.0490576 0
    outer loop
      vertex 3.5 0 8
      vertex 3.48315 0.34306 2
      vertex 3.48315 0.34306 8
    endloop
  endfacet
  facet normal 0.998796 0.0490576 0
    outer loop
      vertex 3.48315 0.34306 2
      vertex 3.5 0 8
      vertex 3.5 0 2
    endloop
  endfacet
  facet normal 0.97003 0.242985 0
    outer loop
      vertex 3.43275 0.682816 8
      vertex 3.34929 1.016 2
      vertex 3.34929 1.016 8
    endloop
  endfacet
  facet normal 0.97003 0.242985 0
    outer loop
      vertex 3.34929 1.016 2
      vertex 3.43275 0.682816 8
      vertex 3.43275 0.682816 2
    endloop
  endfacet
  facet normal 0.595687 -0.803217 0
    outer loop
      vertex 1.9445 -2.91014 2
      vertex 2.22038 -2.70554 8
      vertex 1.9445 -2.91014 8
    endloop
  endfacet
  facet normal 0.595687 -0.803217 0
    outer loop
      vertex 2.22038 -2.70554 8
      vertex 1.9445 -2.91014 2
      vertex 2.22038 -2.70554 2
    endloop
  endfacet
  facet normal 0.427566 -0.903984 0
    outer loop
      vertex 1.33939 -3.23358 2
      vertex 1.64989 -3.08672 8
      vertex 1.33939 -3.23358 8
    endloop
  endfacet
  facet normal 0.427566 -0.903984 0
    outer loop
      vertex 1.64989 -3.08672 8
      vertex 1.33939 -3.23358 2
      vertex 1.64989 -3.08672 2
    endloop
  endfacet
  facet normal -0.671581 -0.740931 0
    outer loop
      vertex -2.47487 -2.47487 2
      vertex -2.22038 -2.70554 8
      vertex -2.47487 -2.47487 8
    endloop
  endfacet
  facet normal -0.671581 -0.740931 -0
    outer loop
      vertex -2.22038 -2.70554 8
      vertex -2.47487 -2.47487 2
      vertex -2.22038 -2.70554 2
    endloop
  endfacet
  facet normal 0.514098 0.857732 -0
    outer loop
      vertex 1.9445 2.91014 2
      vertex 1.64989 3.08672 8
      vertex 1.9445 2.91014 8
    endloop
  endfacet
  facet normal 0.514098 0.857732 0
    outer loop
      vertex 1.64989 3.08672 8
      vertex 1.9445 2.91014 2
      vertex 1.64989 3.08672 2
    endloop
  endfacet
  facet normal -0.146736 -0.989176 0
    outer loop
      vertex -0.682816 -3.43275 2
      vertex -0.34306 -3.48315 8
      vertex -0.682816 -3.43275 8
    endloop
  endfacet
  facet normal -0.146736 -0.989176 -0
    outer loop
      vertex -0.34306 -3.48315 8
      vertex -0.682816 -3.43275 2
      vertex -0.34306 -3.48315 2
    endloop
  endfacet
  facet normal 0.740931 0.671581 0
    outer loop
      vertex 2.70554 2.22038 8
      vertex 2.47487 2.47487 2
      vertex 2.47487 2.47487 8
    endloop
  endfacet
  facet normal 0.740931 0.671581 0
    outer loop
      vertex 2.47487 2.47487 2
      vertex 2.70554 2.22038 8
      vertex 2.70554 2.22038 2
    endloop
  endfacet
  facet normal -0.97003 -0.242985 0
    outer loop
      vertex -3.34929 -1.016 2
      vertex -3.43275 -0.682816 8
      vertex -3.43275 -0.682816 2
    endloop
  endfacet
  facet normal -0.97003 -0.242985 0
    outer loop
      vertex -3.43275 -0.682816 8
      vertex -3.34929 -1.016 2
      vertex -3.34929 -1.016 8
    endloop
  endfacet
  facet normal 0.857732 0.514098 0
    outer loop
      vertex 3.08672 1.64989 8
      vertex 2.91014 1.9445 2
      vertex 2.91014 1.9445 8
    endloop
  endfacet
  facet normal 0.857732 0.514098 0
    outer loop
      vertex 2.91014 1.9445 2
      vertex 3.08672 1.64989 8
      vertex 3.08672 1.64989 2
    endloop
  endfacet
  facet normal 0.671581 0.740931 -0
    outer loop
      vertex 2.47487 2.47487 2
      vertex 2.22038 2.70554 8
      vertex 2.47487 2.47487 8
    endloop
  endfacet
  facet normal 0.671581 0.740931 0
    outer loop
      vertex 2.22038 2.70554 8
      vertex 2.47487 2.47487 2
      vertex 2.22038 2.70554 2
    endloop
  endfacet
  facet normal -0.941545 -0.336888 0
    outer loop
      vertex -3.23358 -1.33939 2
      vertex -3.34929 -1.016 8
      vertex -3.34929 -1.016 2
    endloop
  endfacet
  facet normal -0.941545 -0.336888 0
    outer loop
      vertex -3.34929 -1.016 8
      vertex -3.23358 -1.33939 2
      vertex -3.23358 -1.33939 8
    endloop
  endfacet
  facet normal 0.336888 -0.941545 0
    outer loop
      vertex 1.016 -3.34929 2
      vertex 1.33939 -3.23358 8
      vertex 1.016 -3.34929 8
    endloop
  endfacet
  facet normal 0.336888 -0.941545 0
    outer loop
      vertex 1.33939 -3.23358 8
      vertex 1.016 -3.34929 2
      vertex 1.33939 -3.23358 2
    endloop
  endfacet
  facet normal 0.941545 0.336888 0
    outer loop
      vertex 3.34929 1.016 8
      vertex 3.23358 1.33939 2
      vertex 3.23358 1.33939 8
    endloop
  endfacet
  facet normal 0.941545 0.336888 0
    outer loop
      vertex 3.23358 1.33939 2
      vertex 3.34929 1.016 8
      vertex 3.34929 1.016 2
    endloop
  endfacet
  facet normal -0.998796 -0.0490576 0
    outer loop
      vertex -3.48315 -0.34306 2
      vertex -3.5 0 8
      vertex -3.5 0 2
    endloop
  endfacet
  facet normal -0.998796 -0.0490576 0
    outer loop
      vertex -3.5 0 8
      vertex -3.48315 -0.34306 2
      vertex -3.48315 -0.34306 8
    endloop
  endfacet
  facet normal 0.903984 -0.427566 0
    outer loop
      vertex 3.08672 -1.64989 8
      vertex 3.23358 -1.33939 2
      vertex 3.23358 -1.33939 8
    endloop
  endfacet
  facet normal 0.903984 -0.427566 0
    outer loop
      vertex 3.23358 -1.33939 2
      vertex 3.08672 -1.64989 8
      vertex 3.08672 -1.64989 2
    endloop
  endfacet
  facet normal 0.595687 0.803217 -0
    outer loop
      vertex 2.22038 2.70554 2
      vertex 1.9445 2.91014 8
      vertex 2.22038 2.70554 8
    endloop
  endfacet
  facet normal 0.595687 0.803217 0
    outer loop
      vertex 1.9445 2.91014 8
      vertex 2.22038 2.70554 2
      vertex 1.9445 2.91014 2
    endloop
  endfacet
  facet normal 0.998796 -0.0490576 0
    outer loop
      vertex 3.48315 -0.34306 8
      vertex 3.5 0 2
      vertex 3.5 0 8
    endloop
  endfacet
  facet normal 0.998796 -0.0490576 0
    outer loop
      vertex 3.5 0 2
      vertex 3.48315 -0.34306 8
      vertex 3.48315 -0.34306 2
    endloop
  endfacet
  facet normal -0.336888 -0.941545 0
    outer loop
      vertex -1.33939 -3.23358 2
      vertex -1.016 -3.34929 8
      vertex -1.33939 -3.23358 8
    endloop
  endfacet
  facet normal -0.336888 -0.941545 -0
    outer loop
      vertex -1.016 -3.34929 8
      vertex -1.33939 -3.23358 2
      vertex -1.016 -3.34929 2
    endloop
  endfacet
  facet normal -0.0490576 -0.998796 0
    outer loop
      vertex -0.34306 -3.48315 2
      vertex 0 -3.5 8
      vertex -0.34306 -3.48315 8
    endloop
  endfacet
  facet normal -0.0490576 -0.998796 -0
    outer loop
      vertex 0 -3.5 8
      vertex -0.34306 -3.48315 2
      vertex 0 -3.5 2
    endloop
  endfacet
  facet normal 0.0490576 -0.998796 0
    outer loop
      vertex 0 -3.5 2
      vertex 0.34306 -3.48315 8
      vertex 0 -3.5 8
    endloop
  endfacet
  facet normal 0.0490576 -0.998796 0
    outer loop
      vertex 0.34306 -3.48315 8
      vertex 0 -3.5 2
      vertex 0.34306 -3.48315 2
    endloop
  endfacet
  facet normal 0.803217 0.595687 0
    outer loop
      vertex 2.91014 1.9445 8
      vertex 2.70554 2.22038 2
      vertex 2.70554 2.22038 8
    endloop
  endfacet
  facet normal 0.803217 0.595687 0
    outer loop
      vertex 2.70554 2.22038 2
      vertex 2.91014 1.9445 8
      vertex 2.91014 1.9445 2
    endloop
  endfacet
  facet normal -0.671581 0.740931 0
    outer loop
      vertex -2.22038 2.70554 2
      vertex -2.47487 2.47487 8
      vertex -2.22038 2.70554 8
    endloop
  endfacet
  facet normal -0.671581 0.740931 0
    outer loop
      vertex -2.47487 2.47487 8
      vertex -2.22038 2.70554 2
      vertex -2.47487 2.47487 2
    endloop
  endfacet
  facet normal 0.146736 -0.989176 0
    outer loop
      vertex 0.34306 -3.48315 2
      vertex 0.682816 -3.43275 8
      vertex 0.34306 -3.48315 8
    endloop
  endfacet
  facet normal 0.146736 -0.989176 0
    outer loop
      vertex 0.682816 -3.43275 8
      vertex 0.34306 -3.48315 2
      vertex 0.682816 -3.43275 2
    endloop
  endfacet
  facet normal 0.427566 0.903984 -0
    outer loop
      vertex 1.64989 3.08672 2
      vertex 1.33939 3.23358 8
      vertex 1.64989 3.08672 8
    endloop
  endfacet
  facet normal 0.427566 0.903984 0
    outer loop
      vertex 1.33939 3.23358 8
      vertex 1.64989 3.08672 2
      vertex 1.33939 3.23358 2
    endloop
  endfacet
  facet normal 0.941545 -0.336888 0
    outer loop
      vertex 3.23358 -1.33939 8
      vertex 3.34929 -1.016 2
      vertex 3.34929 -1.016 8
    endloop
  endfacet
  facet normal 0.941545 -0.336888 0
    outer loop
      vertex 3.34929 -1.016 2
      vertex 3.23358 -1.33939 8
      vertex 3.23358 -1.33939 2
    endloop
  endfacet
  facet normal 0.740931 -0.671581 0
    outer loop
      vertex 2.47487 -2.47487 8
      vertex 2.70554 -2.22038 2
      vertex 2.70554 -2.22038 8
    endloop
  endfacet
  facet normal 0.740931 -0.671581 0
    outer loop
      vertex 2.70554 -2.22038 2
      vertex 2.47487 -2.47487 8
      vertex 2.47487 -2.47487 2
    endloop
  endfacet
  facet normal -0.740931 0.671581 0
    outer loop
      vertex -2.70554 2.22038 2
      vertex -2.47487 2.47487 8
      vertex -2.47487 2.47487 2
    endloop
  endfacet
  facet normal -0.740931 0.671581 0
    outer loop
      vertex -2.47487 2.47487 8
      vertex -2.70554 2.22038 2
      vertex -2.70554 2.22038 8
    endloop
  endfacet
  facet normal -0.857732 0.514098 0
    outer loop
      vertex -3.08672 1.64989 2
      vertex -2.91014 1.9445 8
      vertex -2.91014 1.9445 2
    endloop
  endfacet
  facet normal -0.857732 0.514098 0
    outer loop
      vertex -2.91014 1.9445 8
      vertex -3.08672 1.64989 2
      vertex -3.08672 1.64989 8
    endloop
  endfacet
  facet normal 0.903984 0.427566 0
    outer loop
      vertex 3.23358 1.33939 8
      vertex 3.08672 1.64989 2
      vertex 3.08672 1.64989 8
    endloop
  endfacet
  facet normal 0.903984 0.427566 0
    outer loop
      vertex 3.08672 1.64989 2
      vertex 3.23358 1.33939 8
      vertex 3.23358 1.33939 2
    endloop
  endfacet
  facet normal -0.514098 0.857732 0
    outer loop
      vertex -1.64989 3.08672 2
      vertex -1.9445 2.91014 8
      vertex -1.64989 3.08672 8
    endloop
  endfacet
  facet normal -0.514098 0.857732 0
    outer loop
      vertex -1.9445 2.91014 8
      vertex -1.64989 3.08672 2
      vertex -1.9445 2.91014 2
    endloop
  endfacet
  facet normal 0.989176 -0.146736 0
    outer loop
      vertex 3.43275 -0.682816 8
      vertex 3.48315 -0.34306 2
      vertex 3.48315 -0.34306 8
    endloop
  endfacet
  facet normal 0.989176 -0.146736 0
    outer loop
      vertex 3.48315 -0.34306 2
      vertex 3.43275 -0.682816 8
      vertex 3.43275 -0.682816 2
    endloop
  endfacet
  facet normal 0.514098 -0.857732 0
    outer loop
      vertex 1.64989 -3.08672 2
      vertex 1.9445 -2.91014 8
      vertex 1.64989 -3.08672 8
    endloop
  endfacet
  facet normal 0.514098 -0.857732 0
    outer loop
      vertex 1.9445 -2.91014 8
      vertex 1.64989 -3.08672 2
      vertex 1.9445 -2.91014 2
    endloop
  endfacet
  facet normal -0.941545 0.336888 0
    outer loop
      vertex -3.34929 1.016 2
      vertex -3.23358 1.33939 8
      vertex -3.23358 1.33939 2
    endloop
  endfacet
  facet normal -0.941545 0.336888 0
    outer loop
      vertex -3.23358 1.33939 8
      vertex -3.34929 1.016 2
      vertex -3.34929 1.016 8
    endloop
  endfacet
  facet normal 0.336863 0.941554 -0
    outer loop
      vertex 1.33939 3.23358 2
      vertex 1.2 3.28345 8
      vertex 1.33939 3.23358 8
    endloop
  endfacet
  facet normal 0.336863 0.941554 0
    outer loop
      vertex 1.2 3.28345 8
      vertex 1.33939 3.23358 2
      vertex 1.2 3.28345 2
    endloop
  endfacet
  facet normal -0.427566 0.903984 0
    outer loop
      vertex -1.33939 3.23358 2
      vertex -1.64989 3.08672 8
      vertex -1.33939 3.23358 8
    endloop
  endfacet
  facet normal -0.427566 0.903984 0
    outer loop
      vertex -1.64989 3.08672 8
      vertex -1.33939 3.23358 2
      vertex -1.64989 3.08672 2
    endloop
  endfacet
  facet normal -0.595687 0.803217 0
    outer loop
      vertex -1.9445 2.91014 2
      vertex -2.22038 2.70554 8
      vertex -1.9445 2.91014 8
    endloop
  endfacet
  facet normal -0.595687 0.803217 0
    outer loop
      vertex -2.22038 2.70554 8
      vertex -1.9445 2.91014 2
      vertex -2.22038 2.70554 2
    endloop
  endfacet
  facet normal 0.97003 -0.242985 0
    outer loop
      vertex 3.34929 -1.016 8
      vertex 3.43275 -0.682816 2
      vertex 3.43275 -0.682816 8
    endloop
  endfacet
  facet normal 0.97003 -0.242985 0
    outer loop
      vertex 3.43275 -0.682816 2
      vertex 3.34929 -1.016 8
      vertex 3.34929 -1.016 2
    endloop
  endfacet
  facet normal 0.242985 -0.97003 0
    outer loop
      vertex 0.682816 -3.43275 2
      vertex 1.016 -3.34929 8
      vertex 0.682816 -3.43275 8
    endloop
  endfacet
  facet normal 0.242985 -0.97003 0
    outer loop
      vertex 1.016 -3.34929 8
      vertex 0.682816 -3.43275 2
      vertex 1.016 -3.34929 2
    endloop
  endfacet
  facet normal -0.903984 -0.427566 0
    outer loop
      vertex -3.08672 -1.64989 2
      vertex -3.23358 -1.33939 8
      vertex -3.23358 -1.33939 2
    endloop
  endfacet
  facet normal -0.903984 -0.427566 0
    outer loop
      vertex -3.23358 -1.33939 8
      vertex -3.08672 -1.64989 2
      vertex -3.08672 -1.64989 8
    endloop
  endfacet
  facet normal -0.97003 0.242985 0
    outer loop
      vertex -3.43275 0.682816 2
      vertex -3.34929 1.016 8
      vertex -3.34929 1.016 2
    endloop
  endfacet
  facet normal -0.97003 0.242985 0
    outer loop
      vertex -3.34929 1.016 8
      vertex -3.43275 0.682816 2
      vertex -3.43275 0.682816 8
    endloop
  endfacet
  facet normal -0.740931 -0.671581 0
    outer loop
      vertex -2.47487 -2.47487 2
      vertex -2.70554 -2.22038 8
      vertex -2.70554 -2.22038 2
    endloop
  endfacet
  facet normal -0.740931 -0.671581 0
    outer loop
      vertex -2.70554 -2.22038 8
      vertex -2.47487 -2.47487 2
      vertex -2.47487 -2.47487 8
    endloop
  endfacet
  facet normal -0.336863 0.941554 0
    outer loop
      vertex -1.2 3.28345 2
      vertex -1.33939 3.23358 8
      vertex -1.2 3.28345 8
    endloop
  endfacet
  facet normal -0.336863 0.941554 0
    outer loop
      vertex -1.33939 3.23358 8
      vertex -1.2 3.28345 2
      vertex -1.33939 3.23358 2
    endloop
  endfacet
  facet normal -0.989176 0.146736 0
    outer loop
      vertex -3.48315 0.34306 2
      vertex -3.43275 0.682816 8
      vertex -3.43275 0.682816 2
    endloop
  endfacet
  facet normal -0.989176 0.146736 0
    outer loop
      vertex -3.43275 0.682816 8
      vertex -3.48315 0.34306 2
      vertex -3.48315 0.34306 8
    endloop
  endfacet
  facet normal -0.998796 0.0490576 0
    outer loop
      vertex -3.5 0 2
      vertex -3.48315 0.34306 8
      vertex -3.48315 0.34306 2
    endloop
  endfacet
  facet normal -0.998796 0.0490576 0
    outer loop
      vertex -3.48315 0.34306 8
      vertex -3.5 0 2
      vertex -3.5 0 8
    endloop
  endfacet
  facet normal -0.803217 0.595687 0
    outer loop
      vertex -2.91014 1.9445 2
      vertex -2.70554 2.22038 8
      vertex -2.70554 2.22038 2
    endloop
  endfacet
  facet normal -0.803217 0.595687 0
    outer loop
      vertex -2.70554 2.22038 8
      vertex -2.91014 1.9445 2
      vertex -2.91014 1.9445 8
    endloop
  endfacet
  facet normal -0.803217 -0.595687 0
    outer loop
      vertex -2.70554 -2.22038 2
      vertex -2.91014 -1.9445 8
      vertex -2.91014 -1.9445 2
    endloop
  endfacet
  facet normal -0.803217 -0.595687 0
    outer loop
      vertex -2.91014 -1.9445 8
      vertex -2.70554 -2.22038 2
      vertex -2.70554 -2.22038 8
    endloop
  endfacet
  facet normal -0.989176 -0.146736 0
    outer loop
      vertex -3.43275 -0.682816 2
      vertex -3.48315 -0.34306 8
      vertex -3.48315 -0.34306 2
    endloop
  endfacet
  facet normal -0.989176 -0.146736 0
    outer loop
      vertex -3.48315 -0.34306 8
      vertex -3.43275 -0.682816 2
      vertex -3.43275 -0.682816 8
    endloop
  endfacet
  facet normal 0.857732 -0.514098 0
    outer loop
      vertex 2.91014 -1.9445 8
      vertex 3.08672 -1.64989 2
      vertex 3.08672 -1.64989 8
    endloop
  endfacet
  facet normal 0.857732 -0.514098 0
    outer loop
      vertex 3.08672 -1.64989 2
      vertex 2.91014 -1.9445 8
      vertex 2.91014 -1.9445 2
    endloop
  endfacet
  facet normal -0.514098 -0.857732 0
    outer loop
      vertex -1.9445 -2.91014 2
      vertex -1.64989 -3.08672 8
      vertex -1.9445 -2.91014 8
    endloop
  endfacet
  facet normal -0.514098 -0.857732 -0
    outer loop
      vertex -1.64989 -3.08672 8
      vertex -1.9445 -2.91014 2
      vertex -1.64989 -3.08672 2
    endloop
  endfacet
  facet normal -0.595687 -0.803217 0
    outer loop
      vertex -2.22038 -2.70554 2
      vertex -1.9445 -2.91014 8
      vertex -2.22038 -2.70554 8
    endloop
  endfacet
  facet normal -0.595687 -0.803217 -0
    outer loop
      vertex -1.9445 -2.91014 8
      vertex -2.22038 -2.70554 2
      vertex -1.9445 -2.91014 2
    endloop
  endfacet
  facet normal -0.427566 -0.903984 0
    outer loop
      vertex -1.64989 -3.08672 2
      vertex -1.33939 -3.23358 8
      vertex -1.64989 -3.08672 8
    endloop
  endfacet
  facet normal -0.427566 -0.903984 -0
    outer loop
      vertex -1.33939 -3.23358 8
      vertex -1.64989 -3.08672 2
      vertex -1.33939 -3.23358 2
    endloop
  endfacet
  facet normal 0.803217 -0.595687 0
    outer loop
      vertex 2.70554 -2.22038 8
      vertex 2.91014 -1.9445 2
      vertex 2.91014 -1.9445 8
    endloop
  endfacet
  facet normal 0.803217 -0.595687 0
    outer loop
      vertex 2.91014 -1.9445 2
      vertex 2.70554 -2.22038 8
      vertex 2.70554 -2.22038 2
    endloop
  endfacet
  facet normal -0.242985 -0.97003 0
    outer loop
      vertex -1.016 -3.34929 2
      vertex -0.682816 -3.43275 8
      vertex -1.016 -3.34929 8
    endloop
  endfacet
  facet normal -0.242985 -0.97003 -0
    outer loop
      vertex -0.682816 -3.43275 8
      vertex -1.016 -3.34929 2
      vertex -0.682816 -3.43275 2
    endloop
  endfacet
  facet normal -0.857732 -0.514098 0
    outer loop
      vertex -2.91014 -1.9445 2
      vertex -3.08672 -1.64989 8
      vertex -3.08672 -1.64989 2
    endloop
  endfacet
  facet normal -0.857732 -0.514098 0
    outer loop
      vertex -3.08672 -1.64989 8
      vertex -2.91014 -1.9445 2
      vertex -2.91014 -1.9445 8
    endloop
  endfacet
  facet normal -0.903984 0.427566 0
    outer loop
      vertex -3.23358 1.33939 2
      vertex -3.08672 1.64989 8
      vertex -3.08672 1.64989 2
    endloop
  endfacet
  facet normal -0.903984 0.427566 0
    outer loop
      vertex -3.08672 1.64989 8
      vertex -3.23358 1.33939 2
      vertex -3.23358 1.33939 8
    endloop
  endfacet
  facet normal 0.671581 -0.740931 0
    outer loop
      vertex 2.22038 -2.70554 2
      vertex 2.47487 -2.47487 8
      vertex 2.22038 -2.70554 8
    endloop
  endfacet
  facet normal 0.671581 -0.740931 0
    outer loop
      vertex 2.47487 -2.47487 8
      vertex 2.22038 -2.70554 2
      vertex 2.47487 -2.47487 2
    endloop
  endfacet
  facet normal -0 0 1
    outer loop
      vertex -1.33939 3.23358 8
      vertex -1.2 0.897002 8
      vertex -1.2 3.28345 8
    endloop
  endfacet
  facet normal -0 0 1
    outer loop
      vertex -1.64989 3.08672 8
      vertex -1.2 0.897002 8
      vertex -1.33939 3.23358 8
    endloop
  endfacet
  facet normal -0 0 1
    outer loop
      vertex -1.9445 2.91014 8
      vertex -1.2 0.897002 8
      vertex -1.64989 3.08672 8
    endloop
  endfacet
  facet normal -0 0 1
    outer loop
      vertex -2.22038 2.70554 8
      vertex -1.2 0.897002 8
      vertex -1.9445 2.91014 8
    endloop
  endfacet
  facet normal -0 0 1
    outer loop
      vertex -2.47487 2.47487 8
      vertex -1.2 0.897002 8
      vertex -2.22038 2.70554 8
    endloop
  endfacet
  facet normal -0 0 1
    outer loop
      vertex -2.70554 2.22038 8
      vertex -1.2 0.897002 8
      vertex -2.47487 2.47487 8
    endloop
  endfacet
  facet normal -0 0 1
    outer loop
      vertex -2.91014 1.9445 8
      vertex -1.2 0.897002 8
      vertex -2.70554 2.22038 8
    endloop
  endfacet
  facet normal 0 0 1
    outer loop
      vertex -1.2472 0.833355 8
      vertex -2.91014 1.9445 8
      vertex -1.32288 0.707094 8
    endloop
  endfacet
  facet normal 0 0 1
    outer loop
      vertex -1.2 0.897002 8
      vertex -2.91014 1.9445 8
      vertex -1.2472 0.833355 8
    endloop
  endfacet
  facet normal 0 0 1
    outer loop
      vertex 1.5 0 8
      vertex 3.5 0 8
      vertex 3.48315 0.34306 8
    endloop
  endfacet
  facet normal 0 0 1
    outer loop
      vertex 1.49278 0.147025 8
      vertex 3.48315 0.34306 8
      vertex 3.43275 0.682816 8
    endloop
  endfacet
  facet normal 0 0 1
    outer loop
      vertex 3.5 0 8
      vertex 1.5 0 8
      vertex 3.48315 -0.34306 8
    endloop
  endfacet
  facet normal 0 0 1
    outer loop
      vertex 1.47118 0.292635 8
      vertex 3.43275 0.682816 8
      vertex 3.34929 1.016 8
    endloop
  endfacet
  facet normal -0 0 1
    outer loop
      vertex 1.49278 -0.147025 8
      vertex 3.48315 -0.34306 8
      vertex 1.5 0 8
    endloop
  endfacet
  facet normal 0 0 1
    outer loop
      vertex 1.43541 0.435427 8
      vertex 3.34929 1.016 8
      vertex 3.23358 1.33939 8
    endloop
  endfacet
  facet normal 0 0 1
    outer loop
      vertex 3.48315 -0.34306 8
      vertex 1.49278 -0.147025 8
      vertex 3.43275 -0.682816 8
    endloop
  endfacet
  facet normal 0 0 1
    outer loop
      vertex 1.38582 0.574024 8
      vertex 3.23358 1.33939 8
      vertex 3.08672 1.64989 8
    endloop
  endfacet
  facet normal -0 0 1
    outer loop
      vertex 1.47118 -0.292635 8
      vertex 3.43275 -0.682816 8
      vertex 1.49278 -0.147025 8
    endloop
  endfacet
  facet normal 0 0 1
    outer loop
      vertex 1.32288 0.707094 8
      vertex 3.08672 1.64989 8
      vertex 2.91014 1.9445 8
    endloop
  endfacet
  facet normal 0 0 1
    outer loop
      vertex 3.43275 -0.682816 8
      vertex 1.47118 -0.292635 8
      vertex 3.34929 -1.016 8
    endloop
  endfacet
  facet normal 0 0 1
    outer loop
      vertex 1.2 0.897002 8
      vertex 2.91014 1.9445 8
      vertex 2.70554 2.22038 8
    endloop
  endfacet
  facet normal -0 0 1
    outer loop
      vertex 1.43541 -0.435427 8
      vertex 3.34929 -1.016 8
      vertex 1.47118 -0.292635 8
    endloop
  endfacet
  facet normal 0 0 1
    outer loop
      vertex 1.2 0.897002 8
      vertex 2.70554 2.22038 8
      vertex 2.47487 2.47487 8
    endloop
  endfacet
  facet normal 0 0 1
    outer loop
      vertex 3.34929 -1.016 8
      vertex 1.43541 -0.435427 8
      vertex 3.23358 -1.33939 8
    endloop
  endfacet
  facet normal 0 0 1
    outer loop
      vertex 1.2 0.897002 8
      vertex 2.47487 2.47487 8
      vertex 2.22038 2.70554 8
    endloop
  endfacet
  facet normal -0 0 1
    outer loop
      vertex 1.38582 -0.574024 8
      vertex 3.23358 -1.33939 8
      vertex 1.43541 -0.435427 8
    endloop
  endfacet
  facet normal 0 0 1
    outer loop
      vertex 1.2 0.897002 8
      vertex 2.22038 2.70554 8
      vertex 1.9445 2.91014 8
    endloop
  endfacet
  facet normal 0 0 1
    outer loop
      vertex 3.23358 -1.33939 8
      vertex 1.38582 -0.574024 8
      vertex 3.08672 -1.64989 8
    endloop
  endfacet
  facet normal 0 0 1
    outer loop
      vertex 1.2 0.897002 8
      vertex 1.9445 2.91014 8
      vertex 1.64989 3.08672 8
    endloop
  endfacet
  facet normal -0 0 1
    outer loop
      vertex 1.32288 -0.707094 8
      vertex 3.08672 -1.64989 8
      vertex 1.38582 -0.574024 8
    endloop
  endfacet
  facet normal 0 0 1
    outer loop
      vertex 3.08672 -1.64989 8
      vertex 1.32288 -0.707094 8
      vertex 2.91014 -1.9445 8
    endloop
  endfacet
  facet normal 0 0 1
    outer loop
      vertex 3.48315 0.34306 8
      vertex 1.49278 0.147025 8
      vertex 1.5 0 8
    endloop
  endfacet
  facet normal 0 0 1
    outer loop
      vertex 3.43275 0.682816 8
      vertex 1.47118 0.292635 8
      vertex 1.49278 0.147025 8
    endloop
  endfacet
  facet normal 0 0 1
    outer loop
      vertex 3.34929 1.016 8
      vertex 1.43541 0.435427 8
      vertex 1.47118 0.292635 8
    endloop
  endfacet
  facet normal 0 0 1
    outer loop
      vertex 3.23358 1.33939 8
      vertex 1.38582 0.574024 8
      vertex 1.43541 0.435427 8
    endloop
  endfacet
  facet normal 0 0 1
    outer loop
      vertex 1.2 0.897002 8
      vertex 1.64989 3.08672 8
      vertex 1.33939 3.23358 8
    endloop
  endfacet
  facet normal 0 0 1
    outer loop
      vertex 3.08672 1.64989 8
      vertex 1.32288 0.707094 8
      vertex 1.38582 0.574024 8
    endloop
  endfacet
  facet normal 0 0 1
    outer loop
      vertex 2.91014 1.9445 8
      vertex 1.2472 0.833355 8
      vertex 1.32288 0.707094 8
    endloop
  endfacet
  facet normal 0 0 1
    outer loop
      vertex 1.2 0.897002 8
      vertex 1.33939 3.23358 8
      vertex 1.2 3.28345 8
    endloop
  endfacet
  facet normal 0 0 1
    outer loop
      vertex 2.91014 1.9445 8
      vertex 1.2 0.897002 8
      vertex 1.2472 0.833355 8
    endloop
  endfacet
  facet normal -0 0 1
    outer loop
      vertex 1.2472 -0.833355 8
      vertex 2.91014 -1.9445 8
      vertex 1.32288 -0.707094 8
    endloop
  endfacet
  facet normal 0 0 1
    outer loop
      vertex 2.91014 -1.9445 8
      vertex 1.2472 -0.833355 8
      vertex 2.70554 -2.22038 8
    endloop
  endfacet
  facet normal -0 0 1
    outer loop
      vertex 1.15952 -0.95159 8
      vertex 2.70554 -2.22038 8
      vertex 1.2472 -0.833355 8
    endloop
  endfacet
  facet normal 0 0 1
    outer loop
      vertex 2.70554 -2.22038 8
      vertex 1.15952 -0.95159 8
      vertex 2.47487 -2.47487 8
    endloop
  endfacet
  facet normal -0 0 1
    outer loop
      vertex 1.06066 -1.06066 8
      vertex 2.47487 -2.47487 8
      vertex 1.15952 -0.95159 8
    endloop
  endfacet
  facet normal 0 0 1
    outer loop
      vertex 2.47487 -2.47487 8
      vertex 1.06066 -1.06066 8
      vertex 2.22038 -2.70554 8
    endloop
  endfacet
  facet normal -0 0 1
    outer loop
      vertex 0.95159 -1.15952 8
      vertex 2.22038 -2.70554 8
      vertex 1.06066 -1.06066 8
    endloop
  endfacet
  facet normal 0 0 1
    outer loop
      vertex 2.22038 -2.70554 8
      vertex 0.95159 -1.15952 8
      vertex 1.9445 -2.91014 8
    endloop
  endfacet
  facet normal -0 0 1
    outer loop
      vertex 0.833355 -1.2472 8
      vertex 1.9445 -2.91014 8
      vertex 0.95159 -1.15952 8
    endloop
  endfacet
  facet normal 0 0 1
    outer loop
      vertex 1.9445 -2.91014 8
      vertex 0.833355 -1.2472 8
      vertex 1.64989 -3.08672 8
    endloop
  endfacet
  facet normal -0 0 1
    outer loop
      vertex 0.707094 -1.32288 8
      vertex 1.64989 -3.08672 8
      vertex 0.833355 -1.2472 8
    endloop
  endfacet
  facet normal 0 0 1
    outer loop
      vertex 1.64989 -3.08672 8
      vertex 0.707094 -1.32288 8
      vertex 1.33939 -3.23358 8
    endloop
  endfacet
  facet normal -0 0 1
    outer loop
      vertex 0.574024 -1.38582 8
      vertex 1.33939 -3.23358 8
      vertex 0.707094 -1.32288 8
    endloop
  endfacet
  facet normal 0 0 1
    outer loop
      vertex 1.33939 -3.23358 8
      vertex 0.574024 -1.38582 8
      vertex 1.016 -3.34929 8
    endloop
  endfacet
  facet normal -0 0 1
    outer loop
      vertex 0.435427 -1.43541 8
      vertex 1.016 -3.34929 8
      vertex 0.574024 -1.38582 8
    endloop
  endfacet
  facet normal 0 0 1
    outer loop
      vertex 1.016 -3.34929 8
      vertex 0.435427 -1.43541 8
      vertex 0.682816 -3.43275 8
    endloop
  endfacet
  facet normal -0 0 1
    outer loop
      vertex 0.292635 -1.47118 8
      vertex 0.682816 -3.43275 8
      vertex 0.435427 -1.43541 8
    endloop
  endfacet
  facet normal 0 0 1
    outer loop
      vertex 0.682816 -3.43275 8
      vertex 0.292635 -1.47118 8
      vertex 0.34306 -3.48315 8
    endloop
  endfacet
  facet normal -0 0 1
    outer loop
      vertex 0.147025 -1.49278 8
      vertex 0.34306 -3.48315 8
      vertex 0.292635 -1.47118 8
    endloop
  endfacet
  facet normal -0 0 1
    outer loop
      vertex 0 -1.5 8
      vertex 0.34306 -3.48315 8
      vertex 0.147025 -1.49278 8
    endloop
  endfacet
  facet normal 0 0 1
    outer loop
      vertex 0 -1.5 8
      vertex 0 -3.5 8
      vertex 0.34306 -3.48315 8
    endloop
  endfacet
  facet normal 0 0 1
    outer loop
      vertex -0.147025 -1.49278 8
      vertex 0 -3.5 8
      vertex 0 -1.5 8
    endloop
  endfacet
  facet normal 0 0 1
    outer loop
      vertex -0.34306 -3.48315 8
      vertex -0.147025 -1.49278 8
      vertex -0.292635 -1.47118 8
    endloop
  endfacet
  facet normal 0 0 1
    outer loop
      vertex -0.147025 -1.49278 8
      vertex -0.34306 -3.48315 8
      vertex 0 -3.5 8
    endloop
  endfacet
  facet normal 0 0 1
    outer loop
      vertex -0.682816 -3.43275 8
      vertex -0.292635 -1.47118 8
      vertex -0.435427 -1.43541 8
    endloop
  endfacet
  facet normal 0 0 1
    outer loop
      vertex -1.016 -3.34929 8
      vertex -0.435427 -1.43541 8
      vertex -0.574024 -1.38582 8
    endloop
  endfacet
  facet normal 0 0 1
    outer loop
      vertex -0.292635 -1.47118 8
      vertex -0.682816 -3.43275 8
      vertex -0.34306 -3.48315 8
    endloop
  endfacet
  facet normal 0 0 1
    outer loop
      vertex -1.33939 -3.23358 8
      vertex -0.574024 -1.38582 8
      vertex -0.707094 -1.32288 8
    endloop
  endfacet
  facet normal 0 0 1
    outer loop
      vertex -1.64989 -3.08672 8
      vertex -0.707094 -1.32288 8
      vertex -0.833355 -1.2472 8
    endloop
  endfacet
  facet normal 0 0 1
    outer loop
      vertex -1.9445 -2.91014 8
      vertex -0.833355 -1.2472 8
      vertex -0.95159 -1.15952 8
    endloop
  endfacet
  facet normal 0 0 1
    outer loop
      vertex -0.435427 -1.43541 8
      vertex -1.016 -3.34929 8
      vertex -0.682816 -3.43275 8
    endloop
  endfacet
  facet normal 0 0 1
    outer loop
      vertex -2.22038 -2.70554 8
      vertex -0.95159 -1.15952 8
      vertex -1.06066 -1.06066 8
    endloop
  endfacet
  facet normal 0 0 1
    outer loop
      vertex -2.47487 -2.47487 8
      vertex -1.06066 -1.06066 8
      vertex -1.15952 -0.95159 8
    endloop
  endfacet
  facet normal 0 0 1
    outer loop
      vertex -2.70554 -2.22038 8
      vertex -1.15952 -0.95159 8
      vertex -1.2472 -0.833355 8
    endloop
  endfacet
  facet normal 0 0 1
    outer loop
      vertex -2.91014 -1.9445 8
      vertex -1.2472 -0.833355 8
      vertex -1.32288 -0.707094 8
    endloop
  endfacet
  facet normal 0 0 1
    outer loop
      vertex -0.574024 -1.38582 8
      vertex -1.33939 -3.23358 8
      vertex -1.016 -3.34929 8
    endloop
  endfacet
  facet normal 0 0 1
    outer loop
      vertex -3.08672 -1.64989 8
      vertex -1.32288 -0.707094 8
      vertex -1.38582 -0.574024 8
    endloop
  endfacet
  facet normal 0 0 1
    outer loop
      vertex -3.23358 -1.33939 8
      vertex -1.38582 -0.574024 8
      vertex -1.43541 -0.435427 8
    endloop
  endfacet
  facet normal 0 0 1
    outer loop
      vertex -3.34929 -1.016 8
      vertex -1.43541 -0.435427 8
      vertex -1.47118 -0.292635 8
    endloop
  endfacet
  facet normal 0 0 1
    outer loop
      vertex -3.43275 -0.682816 8
      vertex -1.47118 -0.292635 8
      vertex -1.49278 -0.147025 8
    endloop
  endfacet
  facet normal 0 0 1
    outer loop
      vertex -0.707094 -1.32288 8
      vertex -1.64989 -3.08672 8
      vertex -1.33939 -3.23358 8
    endloop
  endfacet
  facet normal 0 0 1
    outer loop
      vertex -3.48315 -0.34306 8
      vertex -1.49278 -0.147025 8
      vertex -1.5 0 8
    endloop
  endfacet
  facet normal -0 0 1
    outer loop
      vertex -3.08672 1.64989 8
      vertex -1.32288 0.707094 8
      vertex -2.91014 1.9445 8
    endloop
  endfacet
  facet normal 0 0 1
    outer loop
      vertex -1.32288 0.707094 8
      vertex -3.08672 1.64989 8
      vertex -1.38582 0.574024 8
    endloop
  endfacet
  facet normal 0 0 1
    outer loop
      vertex -0.833355 -1.2472 8
      vertex -1.9445 -2.91014 8
      vertex -1.64989 -3.08672 8
    endloop
  endfacet
  facet normal -0 0 1
    outer loop
      vertex -3.23358 1.33939 8
      vertex -1.38582 0.574024 8
      vertex -3.08672 1.64989 8
    endloop
  endfacet
  facet normal 0 0 1
    outer loop
      vertex -0.95159 -1.15952 8
      vertex -2.22038 -2.70554 8
      vertex -1.9445 -2.91014 8
    endloop
  endfacet
  facet normal 0 0 1
    outer loop
      vertex -1.38582 0.574024 8
      vertex -3.23358 1.33939 8
      vertex -1.43541 0.435427 8
    endloop
  endfacet
  facet normal 0 0 1
    outer loop
      vertex -1.06066 -1.06066 8
      vertex -2.47487 -2.47487 8
      vertex -2.22038 -2.70554 8
    endloop
  endfacet
  facet normal -0 0 1
    outer loop
      vertex -3.34929 1.016 8
      vertex -1.43541 0.435427 8
      vertex -3.23358 1.33939 8
    endloop
  endfacet
  facet normal 0 0 1
    outer loop
      vertex -1.15952 -0.95159 8
      vertex -2.70554 -2.22038 8
      vertex -2.47487 -2.47487 8
    endloop
  endfacet
  facet normal 0 0 1
    outer loop
      vertex -1.43541 0.435427 8
      vertex -3.34929 1.016 8
      vertex -1.47118 0.292635 8
    endloop
  endfacet
  facet normal 0 0 1
    outer loop
      vertex -1.2472 -0.833355 8
      vertex -2.91014 -1.9445 8
      vertex -2.70554 -2.22038 8
    endloop
  endfacet
  facet normal -0 0 1
    outer loop
      vertex -3.43275 0.682816 8
      vertex -1.47118 0.292635 8
      vertex -3.34929 1.016 8
    endloop
  endfacet
  facet normal 0 0 1
    outer loop
      vertex -1.32288 -0.707094 8
      vertex -3.08672 -1.64989 8
      vertex -2.91014 -1.9445 8
    endloop
  endfacet
  facet normal 0 0 1
    outer loop
      vertex -1.47118 0.292635 8
      vertex -3.43275 0.682816 8
      vertex -1.49278 0.147025 8
    endloop
  endfacet
  facet normal 0 0 1
    outer loop
      vertex -1.38582 -0.574024 8
      vertex -3.23358 -1.33939 8
      vertex -3.08672 -1.64989 8
    endloop
  endfacet
  facet normal -0 0 1
    outer loop
      vertex -3.48315 0.34306 8
      vertex -1.49278 0.147025 8
      vertex -3.43275 0.682816 8
    endloop
  endfacet
  facet normal 0 0 1
    outer loop
      vertex -1.43541 -0.435427 8
      vertex -3.34929 -1.016 8
      vertex -3.23358 -1.33939 8
    endloop
  endfacet
  facet normal 0 0 1
    outer loop
      vertex -1.49278 0.147025 8
      vertex -3.48315 0.34306 8
      vertex -1.5 0 8
    endloop
  endfacet
  facet normal 0 0 1
    outer loop
      vertex -1.47118 -0.292635 8
      vertex -3.43275 -0.682816 8
      vertex -3.34929 -1.016 8
    endloop
  endfacet
  facet normal 0 0 1
    outer loop
      vertex -3.5 0 8
      vertex -1.5 0 8
      vertex -3.48315 0.34306 8
    endloop
  endfacet
  facet normal 0 0 1
    outer loop
      vertex -1.49278 -0.147025 8
      vertex -3.48315 -0.34306 8
      vertex -3.43275 -0.682816 8
    endloop
  endfacet
  facet normal 0 0 1
    outer loop
      vertex -1.5 0 8
      vertex -3.5 0 8
      vertex -3.48315 -0.34306 8
    endloop
  endfacet
  facet normal 0.0490482 0.998796 -0
    outer loop
      vertex 0 -1.5 2
      vertex -0.147025 -1.49278 8
      vertex 0 -1.5 8
    endloop
  endfacet
  facet normal 0.0490482 0.998796 0
    outer loop
      vertex -0.147025 -1.49278 8
      vertex 0 -1.5 2
      vertex -0.147025 -1.49278 2
    endloop
  endfacet
  facet normal -0.989176 -0.146736 0
    outer loop
      vertex 1.49278 0.147025 2
      vertex 1.47118 0.292635 8
      vertex 1.47118 0.292635 2
    endloop
  endfacet
  facet normal -0.989176 -0.146736 0
    outer loop
      vertex 1.47118 0.292635 8
      vertex 1.49278 0.147025 2
      vertex 1.49278 0.147025 8
    endloop
  endfacet
  facet normal -0.740935 0.671577 0
    outer loop
      vertex 1.06066 -1.06066 2
      vertex 1.15952 -0.95159 8
      vertex 1.15952 -0.95159 2
    endloop
  endfacet
  facet normal -0.740935 0.671577 0
    outer loop
      vertex 1.15952 -0.95159 8
      vertex 1.06066 -1.06066 2
      vertex 1.06066 -1.06066 8
    endloop
  endfacet
  facet normal -0.803237 0.59566 0
    outer loop
      vertex 1.15952 -0.95159 2
      vertex 1.2472 -0.833355 8
      vertex 1.2472 -0.833355 2
    endloop
  endfacet
  facet normal -0.803237 0.59566 0
    outer loop
      vertex 1.2472 -0.833355 8
      vertex 1.15952 -0.95159 2
      vertex 1.15952 -0.95159 8
    endloop
  endfacet
  facet normal -0.59566 0.803237 0
    outer loop
      vertex 0.95159 -1.15952 2
      vertex 0.833355 -1.2472 8
      vertex 0.95159 -1.15952 8
    endloop
  endfacet
  facet normal -0.59566 0.803237 0
    outer loop
      vertex 0.833355 -1.2472 8
      vertex 0.95159 -1.15952 2
      vertex 0.833355 -1.2472 2
    endloop
  endfacet
  facet normal -0.336885 0.941546 0
    outer loop
      vertex 0.574024 -1.38582 2
      vertex 0.435427 -1.43541 8
      vertex 0.574024 -1.38582 8
    endloop
  endfacet
  facet normal -0.336885 0.941546 0
    outer loop
      vertex 0.435427 -1.43541 8
      vertex 0.574024 -1.38582 2
      vertex 0.435427 -1.43541 2
    endloop
  endfacet
  facet normal 0.941546 -0.336885 0
    outer loop
      vertex -1.43541 0.435427 8
      vertex -1.38582 0.574024 2
      vertex -1.38582 0.574024 8
    endloop
  endfacet
  facet normal 0.941546 -0.336885 0
    outer loop
      vertex -1.38582 0.574024 2
      vertex -1.43541 0.435427 8
      vertex -1.43541 0.435427 2
    endloop
  endfacet
  facet normal 0.59566 0.803237 -0
    outer loop
      vertex -0.833355 -1.2472 2
      vertex -0.95159 -1.15952 8
      vertex -0.833355 -1.2472 8
    endloop
  endfacet
  facet normal 0.59566 0.803237 0
    outer loop
      vertex -0.95159 -1.15952 8
      vertex -0.833355 -1.2472 2
      vertex -0.95159 -1.15952 2
    endloop
  endfacet
  facet normal -0.941546 -0.336885 0
    outer loop
      vertex 1.43541 0.435427 2
      vertex 1.38582 0.574024 8
      vertex 1.38582 0.574024 2
    endloop
  endfacet
  facet normal -0.941546 -0.336885 0
    outer loop
      vertex 1.38582 0.574024 8
      vertex 1.43541 0.435427 2
      vertex 1.43541 0.435427 8
    endloop
  endfacet
  facet normal -0.989176 0.146736 0
    outer loop
      vertex 1.47118 -0.292635 2
      vertex 1.49278 -0.147025 8
      vertex 1.49278 -0.147025 2
    endloop
  endfacet
  facet normal -0.989176 0.146736 0
    outer loop
      vertex 1.49278 -0.147025 8
      vertex 1.47118 -0.292635 2
      vertex 1.47118 -0.292635 8
    endloop
  endfacet
  facet normal -0.903983 0.427569 0
    outer loop
      vertex 1.32288 -0.707094 2
      vertex 1.38582 -0.574024 8
      vertex 1.38582 -0.574024 2
    endloop
  endfacet
  facet normal -0.903983 0.427569 0
    outer loop
      vertex 1.38582 -0.574024 8
      vertex 1.32288 -0.707094 2
      vertex 1.32288 -0.707094 8
    endloop
  endfacet
  facet normal 0.146736 0.989176 -0
    outer loop
      vertex -0.147025 -1.49278 2
      vertex -0.292635 -1.47118 8
      vertex -0.147025 -1.49278 8
    endloop
  endfacet
  facet normal 0.146736 0.989176 0
    outer loop
      vertex -0.292635 -1.47118 8
      vertex -0.147025 -1.49278 2
      vertex -0.292635 -1.47118 2
    endloop
  endfacet
  facet normal -0.998796 -0.0490482 0
    outer loop
      vertex 1.5 0 2
      vertex 1.49278 0.147025 8
      vertex 1.49278 0.147025 2
    endloop
  endfacet
  facet normal -0.998796 -0.0490482 0
    outer loop
      vertex 1.49278 0.147025 8
      vertex 1.5 0 2
      vertex 1.5 0 8
    endloop
  endfacet
  facet normal 0.941546 0.336885 0
    outer loop
      vertex -1.38582 -0.574024 8
      vertex -1.43541 -0.435427 2
      vertex -1.43541 -0.435427 8
    endloop
  endfacet
  facet normal 0.941546 0.336885 0
    outer loop
      vertex -1.43541 -0.435427 2
      vertex -1.38582 -0.574024 8
      vertex -1.38582 -0.574024 2
    endloop
  endfacet
  facet normal -0.970027 -0.242996 0
    outer loop
      vertex 1.47118 0.292635 2
      vertex 1.43541 0.435427 8
      vertex 1.43541 0.435427 2
    endloop
  endfacet
  facet normal -0.970027 -0.242996 0
    outer loop
      vertex 1.43541 0.435427 8
      vertex 1.47118 0.292635 2
      vertex 1.47118 0.292635 8
    endloop
  endfacet
  facet normal 0.242996 0.970027 -0
    outer loop
      vertex -0.292635 -1.47118 2
      vertex -0.435427 -1.43541 8
      vertex -0.292635 -1.47118 8
    endloop
  endfacet
  facet normal 0.242996 0.970027 0
    outer loop
      vertex -0.435427 -1.43541 8
      vertex -0.292635 -1.47118 2
      vertex -0.435427 -1.43541 2
    endloop
  endfacet
  facet normal -0.242996 0.970027 0
    outer loop
      vertex 0.435427 -1.43541 2
      vertex 0.292635 -1.47118 8
      vertex 0.435427 -1.43541 8
    endloop
  endfacet
  facet normal -0.242996 0.970027 0
    outer loop
      vertex 0.292635 -1.47118 8
      vertex 0.435427 -1.43541 2
      vertex 0.292635 -1.47118 2
    endloop
  endfacet
  facet normal -0.903983 -0.427569 0
    outer loop
      vertex 1.38582 0.574024 2
      vertex 1.32288 0.707094 8
      vertex 1.32288 0.707094 2
    endloop
  endfacet
  facet normal -0.903983 -0.427569 0
    outer loop
      vertex 1.32288 0.707094 8
      vertex 1.38582 0.574024 2
      vertex 1.38582 0.574024 8
    endloop
  endfacet
  facet normal 0.740935 0.671577 0
    outer loop
      vertex -1.06066 -1.06066 8
      vertex -1.15952 -0.95159 2
      vertex -1.15952 -0.95159 8
    endloop
  endfacet
  facet normal 0.740935 0.671577 0
    outer loop
      vertex -1.15952 -0.95159 2
      vertex -1.06066 -1.06066 8
      vertex -1.06066 -1.06066 2
    endloop
  endfacet
  facet normal 0.903983 0.427569 0
    outer loop
      vertex -1.32288 -0.707094 8
      vertex -1.38582 -0.574024 2
      vertex -1.38582 -0.574024 8
    endloop
  endfacet
  facet normal 0.903983 0.427569 0
    outer loop
      vertex -1.38582 -0.574024 2
      vertex -1.32288 -0.707094 8
      vertex -1.32288 -0.707094 2
    endloop
  endfacet
  facet normal -0.146736 0.989176 0
    outer loop
      vertex 0.292635 -1.47118 2
      vertex 0.147025 -1.49278 8
      vertex 0.292635 -1.47118 8
    endloop
  endfacet
  facet normal -0.146736 0.989176 0
    outer loop
      vertex 0.147025 -1.49278 8
      vertex 0.292635 -1.47118 2
      vertex 0.147025 -1.49278 2
    endloop
  endfacet
  facet normal -0.998796 0.0490482 0
    outer loop
      vertex 1.49278 -0.147025 2
      vertex 1.5 0 8
      vertex 1.5 0 2
    endloop
  endfacet
  facet normal -0.998796 0.0490482 0
    outer loop
      vertex 1.5 0 8
      vertex 1.49278 -0.147025 2
      vertex 1.49278 -0.147025 8
    endloop
  endfacet
  facet normal -0.857722 0.514113 0
    outer loop
      vertex 1.2472 -0.833355 2
      vertex 1.32288 -0.707094 8
      vertex 1.32288 -0.707094 2
    endloop
  endfacet
  facet normal -0.857722 0.514113 0
    outer loop
      vertex 1.32288 -0.707094 8
      vertex 1.2472 -0.833355 2
      vertex 1.2472 -0.833355 8
    endloop
  endfacet
  facet normal 0.998796 0.0490482 0
    outer loop
      vertex -1.49278 -0.147025 8
      vertex -1.5 0 2
      vertex -1.5 0 8
    endloop
  endfacet
  facet normal 0.998796 0.0490482 0
    outer loop
      vertex -1.5 0 2
      vertex -1.49278 -0.147025 8
      vertex -1.49278 -0.147025 2
    endloop
  endfacet
  facet normal -0.0490482 0.998796 0
    outer loop
      vertex 0.147025 -1.49278 2
      vertex 0 -1.5 8
      vertex 0.147025 -1.49278 8
    endloop
  endfacet
  facet normal -0.0490482 0.998796 0
    outer loop
      vertex 0 -1.5 8
      vertex 0.147025 -1.49278 2
      vertex 0 -1.5 2
    endloop
  endfacet
  facet normal -0.803231 -0.595668 0
    outer loop
      vertex 1.2472 0.833355 2
      vertex 1.2 0.897002 8
      vertex 1.2 0.897002 2
    endloop
  endfacet
  facet normal -0.803231 -0.595668 0
    outer loop
      vertex 1.2 0.897002 8
      vertex 1.2472 0.833355 2
      vertex 1.2472 0.833355 8
    endloop
  endfacet
  facet normal 0.857722 0.514113 0
    outer loop
      vertex -1.2472 -0.833355 8
      vertex -1.32288 -0.707094 2
      vertex -1.32288 -0.707094 8
    endloop
  endfacet
  facet normal 0.857722 0.514113 0
    outer loop
      vertex -1.32288 -0.707094 2
      vertex -1.2472 -0.833355 8
      vertex -1.2472 -0.833355 2
    endloop
  endfacet
  facet normal 0.427569 0.903983 -0
    outer loop
      vertex -0.574024 -1.38582 2
      vertex -0.707094 -1.32288 8
      vertex -0.574024 -1.38582 8
    endloop
  endfacet
  facet normal 0.427569 0.903983 0
    outer loop
      vertex -0.707094 -1.32288 8
      vertex -0.574024 -1.38582 2
      vertex -0.707094 -1.32288 2
    endloop
  endfacet
  facet normal -0.970027 0.242996 0
    outer loop
      vertex 1.43541 -0.435427 2
      vertex 1.47118 -0.292635 8
      vertex 1.47118 -0.292635 2
    endloop
  endfacet
  facet normal -0.970027 0.242996 0
    outer loop
      vertex 1.47118 -0.292635 8
      vertex 1.43541 -0.435427 2
      vertex 1.43541 -0.435427 8
    endloop
  endfacet
  facet normal -0.941546 0.336885 0
    outer loop
      vertex 1.38582 -0.574024 2
      vertex 1.43541 -0.435427 8
      vertex 1.43541 -0.435427 2
    endloop
  endfacet
  facet normal -0.941546 0.336885 0
    outer loop
      vertex 1.43541 -0.435427 8
      vertex 1.38582 -0.574024 2
      vertex 1.38582 -0.574024 8
    endloop
  endfacet
  facet normal 0.803237 0.59566 0
    outer loop
      vertex -1.15952 -0.95159 8
      vertex -1.2472 -0.833355 2
      vertex -1.2472 -0.833355 8
    endloop
  endfacet
  facet normal 0.803237 0.59566 0
    outer loop
      vertex -1.2472 -0.833355 2
      vertex -1.15952 -0.95159 8
      vertex -1.15952 -0.95159 2
    endloop
  endfacet
  facet normal -0.857722 -0.514113 0
    outer loop
      vertex 1.32288 0.707094 2
      vertex 1.2472 0.833355 8
      vertex 1.2472 0.833355 2
    endloop
  endfacet
  facet normal -0.857722 -0.514113 0
    outer loop
      vertex 1.2472 0.833355 8
      vertex 1.32288 0.707094 2
      vertex 1.32288 0.707094 8
    endloop
  endfacet
  facet normal 0.989176 -0.146736 0
    outer loop
      vertex -1.49278 0.147025 8
      vertex -1.47118 0.292635 2
      vertex -1.47118 0.292635 8
    endloop
  endfacet
  facet normal 0.989176 -0.146736 0
    outer loop
      vertex -1.47118 0.292635 2
      vertex -1.49278 0.147025 8
      vertex -1.49278 0.147025 2
    endloop
  endfacet
  facet normal -0.671577 0.740935 0
    outer loop
      vertex 1.06066 -1.06066 2
      vertex 0.95159 -1.15952 8
      vertex 1.06066 -1.06066 8
    endloop
  endfacet
  facet normal -0.671577 0.740935 0
    outer loop
      vertex 0.95159 -1.15952 8
      vertex 1.06066 -1.06066 2
      vertex 0.95159 -1.15952 2
    endloop
  endfacet
  facet normal 0.857722 -0.514113 0
    outer loop
      vertex -1.32288 0.707094 8
      vertex -1.2472 0.833355 2
      vertex -1.2472 0.833355 8
    endloop
  endfacet
  facet normal 0.857722 -0.514113 0
    outer loop
      vertex -1.2472 0.833355 2
      vertex -1.32288 0.707094 8
      vertex -1.32288 0.707094 2
    endloop
  endfacet
  facet normal 0.514113 0.857722 -0
    outer loop
      vertex -0.707094 -1.32288 2
      vertex -0.833355 -1.2472 8
      vertex -0.707094 -1.32288 8
    endloop
  endfacet
  facet normal 0.514113 0.857722 0
    outer loop
      vertex -0.833355 -1.2472 8
      vertex -0.707094 -1.32288 2
      vertex -0.833355 -1.2472 2
    endloop
  endfacet
  facet normal 0.336885 0.941546 -0
    outer loop
      vertex -0.435427 -1.43541 2
      vertex -0.574024 -1.38582 8
      vertex -0.435427 -1.43541 8
    endloop
  endfacet
  facet normal 0.336885 0.941546 0
    outer loop
      vertex -0.574024 -1.38582 8
      vertex -0.435427 -1.43541 2
      vertex -0.574024 -1.38582 2
    endloop
  endfacet
  facet normal 0.970027 0.242996 0
    outer loop
      vertex -1.43541 -0.435427 8
      vertex -1.47118 -0.292635 2
      vertex -1.47118 -0.292635 8
    endloop
  endfacet
  facet normal 0.970027 0.242996 0
    outer loop
      vertex -1.47118 -0.292635 2
      vertex -1.43541 -0.435427 8
      vertex -1.43541 -0.435427 2
    endloop
  endfacet
  facet normal 0.998796 -0.0490482 0
    outer loop
      vertex -1.5 0 8
      vertex -1.49278 0.147025 2
      vertex -1.49278 0.147025 8
    endloop
  endfacet
  facet normal 0.998796 -0.0490482 0
    outer loop
      vertex -1.49278 0.147025 2
      vertex -1.5 0 8
      vertex -1.5 0 2
    endloop
  endfacet
  facet normal 0.970027 -0.242996 0
    outer loop
      vertex -1.47118 0.292635 8
      vertex -1.43541 0.435427 2
      vertex -1.43541 0.435427 8
    endloop
  endfacet
  facet normal 0.970027 -0.242996 0
    outer loop
      vertex -1.43541 0.435427 2
      vertex -1.47118 0.292635 8
      vertex -1.47118 0.292635 2
    endloop
  endfacet
  facet normal 0.989176 0.146736 0
    outer loop
      vertex -1.47118 -0.292635 8
      vertex -1.49278 -0.147025 2
      vertex -1.49278 -0.147025 8
    endloop
  endfacet
  facet normal 0.989176 0.146736 0
    outer loop
      vertex -1.49278 -0.147025 2
      vertex -1.47118 -0.292635 8
      vertex -1.47118 -0.292635 2
    endloop
  endfacet
  facet normal -0.427569 0.903983 0
    outer loop
      vertex 0.707094 -1.32288 2
      vertex 0.574024 -1.38582 8
      vertex 0.707094 -1.32288 8
    endloop
  endfacet
  facet normal -0.427569 0.903983 0
    outer loop
      vertex 0.574024 -1.38582 8
      vertex 0.707094 -1.32288 2
      vertex 0.574024 -1.38582 2
    endloop
  endfacet
  facet normal -0.514113 0.857722 0
    outer loop
      vertex 0.833355 -1.2472 2
      vertex 0.707094 -1.32288 8
      vertex 0.833355 -1.2472 8
    endloop
  endfacet
  facet normal -0.514113 0.857722 0
    outer loop
      vertex 0.707094 -1.32288 8
      vertex 0.833355 -1.2472 2
      vertex 0.707094 -1.32288 2
    endloop
  endfacet
  facet normal 0.803231 -0.595668 0
    outer loop
      vertex -1.2472 0.833355 8
      vertex -1.2 0.897002 2
      vertex -1.2 0.897002 8
    endloop
  endfacet
  facet normal 0.803231 -0.595668 0
    outer loop
      vertex -1.2 0.897002 2
      vertex -1.2472 0.833355 8
      vertex -1.2472 0.833355 2
    endloop
  endfacet
  facet normal 0.671577 0.740935 -0
    outer loop
      vertex -0.95159 -1.15952 2
      vertex -1.06066 -1.06066 8
      vertex -0.95159 -1.15952 8
    endloop
  endfacet
  facet normal 0.671577 0.740935 0
    outer loop
      vertex -1.06066 -1.06066 8
      vertex -0.95159 -1.15952 2
      vertex -1.06066 -1.06066 2
    endloop
  endfacet
  facet normal 0.903983 -0.427569 0
    outer loop
      vertex -1.38582 0.574024 8
      vertex -1.32288 0.707094 2
      vertex -1.32288 0.707094 8
    endloop
  endfacet
  facet normal 0.903983 -0.427569 0
    outer loop
      vertex -1.32288 0.707094 2
      vertex -1.38582 0.574024 8
      vertex -1.38582 0.574024 2
    endloop
  endfacet
  facet normal -1 0 0
    outer loop
      vertex 1.2 0.897002 2
      vertex 1.2 3.28345 8
      vertex 1.2 3.28345 2
    endloop
  endfacet
  facet normal -1 -0 0
    outer loop
      vertex 1.2 3.28345 8
      vertex 1.2 0.897002 2
      vertex 1.2 0.897002 8
    endloop
  endfacet
  facet normal 1 -0 0
    outer loop
      vertex -1.2 0.897002 8
      vertex -1.2 3.28345 2
      vertex -1.2 3.28345 8
    endloop
  endfacet
  facet normal 1 0 0
    outer loop
      vertex -1.2 3.28345 2
      vertex -1.2 0.897002 8
      vertex -1.2 0.897002 2
    endloop
  endfacet
  facet normal 1 -0 0
    outer loop
      vertex 28.5 -4.5 2
      vertex 28.5 6.5 0
      vertex 28.5 6.5 2
    endloop
  endfacet
  facet normal 1 0 0
    outer loop
      vertex 28.5 6.5 0
      vertex 28.5 -4.5 2
      vertex 28.5 -4.5 0
    endloop
  endfacet
  facet normal 0 0 1
    outer loop
      vertex 18 6.5 2
      vertex 17.8787 3.96865 2
      vertex 18 4.02601 2
    endloop
  endfacet
  facet normal 0 0 1
    outer loop
      vertex 18 6.5 2
      vertex 17.4999 3.74161 2
      vertex 17.8787 3.96865 2
    endloop
  endfacet
  facet normal 0 0 1
    outer loop
      vertex 18 6.5 2
      vertex 17.1452 3.47855 2
      vertex 17.4999 3.74161 2
    endloop
  endfacet
  facet normal 0 0 1
    outer loop
      vertex 18 6.5 2
      vertex 16.818 3.18198 2
      vertex 17.1452 3.47855 2
    endloop
  endfacet
  facet normal -0 0 1
    outer loop
      vertex 11.5 6.5 2
      vertex 16.818 3.18198 2
      vertex 18 6.5 2
    endloop
  endfacet
  facet normal 0 0 1
    outer loop
      vertex 16.818 3.18198 2
      vertex 11.5 6.5 2
      vertex 16.5215 2.85477 2
    endloop
  endfacet
  facet normal 0 0 1
    outer loop
      vertex 16.5215 2.85477 2
      vertex 11.5 6.5 2
      vertex 16.2584 2.50007 2
    endloop
  endfacet
  facet normal 0 0 1
    outer loop
      vertex 16.2584 2.50007 2
      vertex 11.5 6.5 2
      vertex 16.0314 2.12128 2
    endloop
  endfacet
  facet normal 0 0 1
    outer loop
      vertex 11.5 -4.5 2
      vertex 15.5217 0.441076 2
      vertex 11.5 6.5 2
    endloop
  endfacet
  facet normal 0 0 1
    outer loop
      vertex 15.5865 0.877906 2
      vertex 11.5 6.5 2
      vertex 15.5217 0.441076 2
    endloop
  endfacet
  facet normal 0 0 1
    outer loop
      vertex 15.6938 1.30628 2
      vertex 11.5 6.5 2
      vertex 15.5865 0.877906 2
    endloop
  endfacet
  facet normal 0 0 1
    outer loop
      vertex 15.8425 1.72207 2
      vertex 11.5 6.5 2
      vertex 15.6938 1.30628 2
    endloop
  endfacet
  facet normal 0 0 1
    outer loop
      vertex 16.0314 2.12128 2
      vertex 11.5 6.5 2
      vertex 15.8425 1.72207 2
    endloop
  endfacet
  facet normal 0 0 1
    outer loop
      vertex 15.5217 0.441076 2
      vertex 11.5 -4.5 2
      vertex 15.5 0 2
    endloop
  endfacet
  facet normal 0 0 1
    outer loop
      vertex 15.5 0 2
      vertex 11.5 -4.5 2
      vertex 15.5217 -0.441076 2
    endloop
  endfacet
  facet normal 0 0 1
    outer loop
      vertex 15.5217 -0.441076 2
      vertex 11.5 -4.5 2
      vertex 15.5865 -0.877906 2
    endloop
  endfacet
  facet normal 0 0 1
    outer loop
      vertex 15.5865 -0.877906 2
      vertex 11.5 -4.5 2
      vertex 15.6938 -1.30628 2
    endloop
  endfacet
  facet normal 0 0 1
    outer loop
      vertex 15.6938 -1.30628 2
      vertex 11.5 -4.5 2
      vertex 15.8425 -1.72207 2
    endloop
  endfacet
  facet normal 0 0 1
    outer loop
      vertex 19.5589 -4.47833 2
      vertex 11.5 -4.5 2
      vertex 20 -4.5 2
    endloop
  endfacet
  facet normal 0 0 1
    outer loop
      vertex 19.1221 -4.41353 2
      vertex 11.5 -4.5 2
      vertex 19.5589 -4.47833 2
    endloop
  endfacet
  facet normal 0 0 1
    outer loop
      vertex 18.6937 -4.30623 2
      vertex 11.5 -4.5 2
      vertex 19.1221 -4.41353 2
    endloop
  endfacet
  facet normal 0 0 1
    outer loop
      vertex 18.2779 -4.15746 2
      vertex 11.5 -4.5 2
      vertex 18.6937 -4.30623 2
    endloop
  endfacet
  facet normal 0 0 1
    outer loop
      vertex 17.8787 -3.96865 2
      vertex 11.5 -4.5 2
      vertex 18.2779 -4.15746 2
    endloop
  endfacet
  facet normal 0 0 1
    outer loop
      vertex 17.4999 -3.74161 2
      vertex 11.5 -4.5 2
      vertex 17.8787 -3.96865 2
    endloop
  endfacet
  facet normal 0 0 1
    outer loop
      vertex 17.1452 -3.47855 2
      vertex 11.5 -4.5 2
      vertex 17.4999 -3.74161 2
    endloop
  endfacet
  facet normal 0 0 1
    outer loop
      vertex 16.818 -3.18198 2
      vertex 11.5 -4.5 2
      vertex 17.1452 -3.47855 2
    endloop
  endfacet
  facet normal 0 0 1
    outer loop
      vertex 16.5215 -2.85477 2
      vertex 11.5 -4.5 2
      vertex 16.818 -3.18198 2
    endloop
  endfacet
  facet normal 0 0 1
    outer loop
      vertex 16.2584 -2.50007 2
      vertex 11.5 -4.5 2
      vertex 16.5215 -2.85477 2
    endloop
  endfacet
  facet normal 0 0 1
    outer loop
      vertex 16.0314 -2.12128 2
      vertex 11.5 -4.5 2
      vertex 16.2584 -2.50007 2
    endloop
  endfacet
  facet normal 0 0 1
    outer loop
      vertex 15.8425 -1.72207 2
      vertex 11.5 -4.5 2
      vertex 16.0314 -2.12128 2
    endloop
  endfacet
  facet normal -0 0 1
    outer loop
      vertex 24.4783 0.441076 2
      vertex 28.5 -4.5 2
      vertex 28.5 6.5 2
    endloop
  endfacet
  facet normal 0 0 1
    outer loop
      vertex 28.5 -4.5 2
      vertex 24.4783 0.441076 2
      vertex 24.5 0 2
    endloop
  endfacet
  facet normal 0 0 1
    outer loop
      vertex 28.5 6.5 2
      vertex 24.4135 0.877906 2
      vertex 24.4783 0.441076 2
    endloop
  endfacet
  facet normal 0 0 1
    outer loop
      vertex 28.5 6.5 2
      vertex 24.3062 1.30628 2
      vertex 24.4135 0.877906 2
    endloop
  endfacet
  facet normal 0 0 1
    outer loop
      vertex 28.5 6.5 2
      vertex 24.1575 1.72207 2
      vertex 24.3062 1.30628 2
    endloop
  endfacet
  facet normal 0 0 1
    outer loop
      vertex 28.5 6.5 2
      vertex 23.9686 2.12128 2
      vertex 24.1575 1.72207 2
    endloop
  endfacet
  facet normal 0 0 1
    outer loop
      vertex 28.5 6.5 2
      vertex 23.7416 2.50007 2
      vertex 23.9686 2.12128 2
    endloop
  endfacet
  facet normal 0 0 1
    outer loop
      vertex 28.5 6.5 2
      vertex 23.4785 2.85477 2
      vertex 23.7416 2.50007 2
    endloop
  endfacet
  facet normal 0 0 1
    outer loop
      vertex 28.5 6.5 2
      vertex 23.182 3.18198 2
      vertex 23.4785 2.85477 2
    endloop
  endfacet
  facet normal 0 0 1
    outer loop
      vertex 28.5 6.5 2
      vertex 22.8548 3.47855 2
      vertex 23.182 3.18198 2
    endloop
  endfacet
  facet normal -0 0 1
    outer loop
      vertex 22 6.5 2
      vertex 22.8548 3.47855 2
      vertex 28.5 6.5 2
    endloop
  endfacet
  facet normal 0 0 1
    outer loop
      vertex 22.8548 3.47855 2
      vertex 22 6.5 2
      vertex 22.5001 3.74161 2
    endloop
  endfacet
  facet normal 0 0 1
    outer loop
      vertex 22.5001 3.74161 2
      vertex 22 6.5 2
      vertex 22.1213 3.96865 2
    endloop
  endfacet
  facet normal 0 0 1
    outer loop
      vertex 22.1213 3.96865 2
      vertex 22 6.5 2
      vertex 22 4.02601 2
    endloop
  endfacet
  facet normal -0 0 1
    outer loop
      vertex 24.4783 -0.441076 2
      vertex 28.5 -4.5 2
      vertex 24.5 0 2
    endloop
  endfacet
  facet normal -0 0 1
    outer loop
      vertex 24.4135 -0.877906 2
      vertex 28.5 -4.5 2
      vertex 24.4783 -0.441076 2
    endloop
  endfacet
  facet normal -0 0 1
    outer loop
      vertex 24.3062 -1.30628 2
      vertex 28.5 -4.5 2
      vertex 24.4135 -0.877906 2
    endloop
  endfacet
  facet normal -0 0 1
    outer loop
      vertex 24.1575 -1.72207 2
      vertex 28.5 -4.5 2
      vertex 24.3062 -1.30628 2
    endloop
  endfacet
  facet normal -0 0 1
    outer loop
      vertex 23.9686 -2.12128 2
      vertex 28.5 -4.5 2
      vertex 24.1575 -1.72207 2
    endloop
  endfacet
  facet normal -0 0 1
    outer loop
      vertex 23.7416 -2.50007 2
      vertex 28.5 -4.5 2
      vertex 23.9686 -2.12128 2
    endloop
  endfacet
  facet normal -0 0 1
    outer loop
      vertex 23.4785 -2.85477 2
      vertex 28.5 -4.5 2
      vertex 23.7416 -2.50007 2
    endloop
  endfacet
  facet normal -0 0 1
    outer loop
      vertex 23.182 -3.18198 2
      vertex 28.5 -4.5 2
      vertex 23.4785 -2.85477 2
    endloop
  endfacet
  facet normal -0 0 1
    outer loop
      vertex 22.8548 -3.47855 2
      vertex 28.5 -4.5 2
      vertex 23.182 -3.18198 2
    endloop
  endfacet
  facet normal -0 0 1
    outer loop
      vertex 22.5001 -3.74161 2
      vertex 28.5 -4.5 2
      vertex 22.8548 -3.47855 2
    endloop
  endfacet
  facet normal -0 0 1
    outer loop
      vertex 22.1213 -3.96865 2
      vertex 28.5 -4.5 2
      vertex 22.5001 -3.74161 2
    endloop
  endfacet
  facet normal -0 0 1
    outer loop
      vertex 21.7221 -4.15746 2
      vertex 28.5 -4.5 2
      vertex 22.1213 -3.96865 2
    endloop
  endfacet
  facet normal -0 0 1
    outer loop
      vertex 21.3063 -4.30623 2
      vertex 28.5 -4.5 2
      vertex 21.7221 -4.15746 2
    endloop
  endfacet
  facet normal -0 0 1
    outer loop
      vertex 20.8779 -4.41353 2
      vertex 28.5 -4.5 2
      vertex 21.3063 -4.30623 2
    endloop
  endfacet
  facet normal -0 0 1
    outer loop
      vertex 20.4411 -4.47833 2
      vertex 28.5 -4.5 2
      vertex 20.8779 -4.41353 2
    endloop
  endfacet
  facet normal 0 0 1
    outer loop
      vertex 28.5 -4.5 2
      vertex 20.4411 -4.47833 2
      vertex 20 -4.5 2
    endloop
  endfacet
  facet normal 0 0 1
    outer loop
      vertex 18 4.02601 2
      vertex 22 4.02601 2
      vertex 22 6.5 2
    endloop
  endfacet
  facet normal 0 0 1
    outer loop
      vertex 22 4.02601 2
      vertex 18 4.02601 2
      vertex 22 1.495 2
    endloop
  endfacet
  facet normal 0 0 1
    outer loop
      vertex 22 1.495 2
      vertex 18 1.495 2
      vertex 21.9325 -1.58598 2
    endloop
  endfacet
  facet normal 0 0 1
    outer loop
      vertex 21.9325 -1.58598 2
      vertex 18 1.495 2
      vertex 21.7678 -1.76777 2
    endloop
  endfacet
  facet normal 0 0 1
    outer loop
      vertex 21.7678 -1.76777 2
      vertex 18 1.495 2
      vertex 21.586 -1.93253 2
    endloop
  endfacet
  facet normal 0 0 1
    outer loop
      vertex 21.586 -1.93253 2
      vertex 18 1.495 2
      vertex 21.3889 -2.07867 2
    endloop
  endfacet
  facet normal 0 0 1
    outer loop
      vertex 21.3889 -2.07867 2
      vertex 18 1.495 2
      vertex 21.1785 -2.2048 2
    endloop
  endfacet
  facet normal 0 0 1
    outer loop
      vertex 21.1785 -2.2048 2
      vertex 18 1.495 2
      vertex 20.9567 -2.3097 2
    endloop
  endfacet
  facet normal 0 0 1
    outer loop
      vertex 20.9567 -2.3097 2
      vertex 18 1.495 2
      vertex 20.7257 -2.39235 2
    endloop
  endfacet
  facet normal 0 0 1
    outer loop
      vertex 20.7257 -2.39235 2
      vertex 18 1.495 2
      vertex 20.4877 -2.45196 2
    endloop
  endfacet
  facet normal 0 0 1
    outer loop
      vertex 20.4877 -2.45196 2
      vertex 18 1.495 2
      vertex 20.245 -2.48796 2
    endloop
  endfacet
  facet normal 0 0 1
    outer loop
      vertex 20.245 -2.48796 2
      vertex 18 1.495 2
      vertex 20 -2.5 2
    endloop
  endfacet
  facet normal 0 0 1
    outer loop
      vertex 20 -2.5 2
      vertex 18 1.495 2
      vertex 19.755 -2.48796 2
    endloop
  endfacet
  facet normal 0 0 1
    outer loop
      vertex 19.755 -2.48796 2
      vertex 18 1.495 2
      vertex 19.5123 -2.45196 2
    endloop
  endfacet
  facet normal 0 0 1
    outer loop
      vertex 19.5123 -2.45196 2
      vertex 18 1.495 2
      vertex 19.2743 -2.39235 2
    endloop
  endfacet
  facet normal 0 0 1
    outer loop
      vertex 19.2743 -2.39235 2
      vertex 18 1.495 2
      vertex 19.0433 -2.3097 2
    endloop
  endfacet
  facet normal 0 0 1
    outer loop
      vertex 19.0433 -2.3097 2
      vertex 18 1.495 2
      vertex 18.8215 -2.2048 2
    endloop
  endfacet
  facet normal 0 0 1
    outer loop
      vertex 18.8215 -2.2048 2
      vertex 18 1.495 2
      vertex 18.6111 -2.07867 2
    endloop
  endfacet
  facet normal 0 0 1
    outer loop
      vertex 18.6111 -2.07867 2
      vertex 18 1.495 2
      vertex 18.414 -1.93253 2
    endloop
  endfacet
  facet normal 0 0 1
    outer loop
      vertex 18.414 -1.93253 2
      vertex 18 1.495 2
      vertex 18.2322 -1.76777 2
    endloop
  endfacet
  facet normal 0 0 1
    outer loop
      vertex 18 4.02601 2
      vertex 22 6.5 2
      vertex 18 6.5 2
    endloop
  endfacet
  facet normal 0 0 1
    outer loop
      vertex 22 1.495 2
      vertex 18 4.02601 2
      vertex 18 1.495 2
    endloop
  endfacet
  facet normal 0 0 1
    outer loop
      vertex 18.2322 -1.76777 2
      vertex 18 1.495 2
      vertex 18.0675 -1.58598 2
    endloop
  endfacet
  facet normal 0 0 1
    outer loop
      vertex 17.7952 1.17849 2
      vertex 18 1.495 2
      vertex 17.9213 1.38893 2
    endloop
  endfacet
  facet normal 0 0 1
    outer loop
      vertex 18 1.495 2
      vertex 17.9213 -1.38893 2
      vertex 18.0675 -1.58598 2
    endloop
  endfacet
  facet normal 0 0 1
    outer loop
      vertex 18 1.495 2
      vertex 17.7952 1.17849 2
      vertex 17.9213 -1.38893 2
    endloop
  endfacet
  facet normal 0 0 1
    outer loop
      vertex 17.7952 1.17849 2
      vertex 17.7952 -1.17849 2
      vertex 17.9213 -1.38893 2
    endloop
  endfacet
  facet normal -0 0 1
    outer loop
      vertex 17.6903 0.956708 2
      vertex 17.7952 -1.17849 2
      vertex 17.7952 1.17849 2
    endloop
  endfacet
  facet normal 0 0 1
    outer loop
      vertex 17.6903 0.956708 2
      vertex 17.6903 -0.956708 2
      vertex 17.7952 -1.17849 2
    endloop
  endfacet
  facet normal -0 0 1
    outer loop
      vertex 17.6077 0.725711 2
      vertex 17.6903 -0.956708 2
      vertex 17.6903 0.956708 2
    endloop
  endfacet
  facet normal 0 0 1
    outer loop
      vertex 17.6077 0.725711 2
      vertex 17.6077 -0.725711 2
      vertex 17.6903 -0.956708 2
    endloop
  endfacet
  facet normal -0 0 1
    outer loop
      vertex 17.548 0.487725 2
      vertex 17.6077 -0.725711 2
      vertex 17.6077 0.725711 2
    endloop
  endfacet
  facet normal 0 0 1
    outer loop
      vertex 17.548 0.487725 2
      vertex 17.548 -0.487725 2
      vertex 17.6077 -0.725711 2
    endloop
  endfacet
  facet normal -0 0 1
    outer loop
      vertex 17.512 0.245043 2
      vertex 17.548 -0.487725 2
      vertex 17.548 0.487725 2
    endloop
  endfacet
  facet normal 0 0 1
    outer loop
      vertex 17.512 0.245043 2
      vertex 17.512 -0.245043 2
      vertex 17.548 -0.487725 2
    endloop
  endfacet
  facet normal 0 -0 1
    outer loop
      vertex 17.512 -0.245043 2
      vertex 17.512 0.245043 2
      vertex 17.5 0 2
    endloop
  endfacet
  facet normal 0 0 1
    outer loop
      vertex 22.488 0.245043 2
      vertex 22.488 -0.245043 2
      vertex 22.5 0 2
    endloop
  endfacet
  facet normal 0 0 1
    outer loop
      vertex 22.452 0.487725 2
      vertex 22.488 -0.245043 2
      vertex 22.488 0.245043 2
    endloop
  endfacet
  facet normal 0 0 1
    outer loop
      vertex 22.452 0.487725 2
      vertex 22.452 -0.487725 2
      vertex 22.488 -0.245043 2
    endloop
  endfacet
  facet normal 0 0 1
    outer loop
      vertex 22.3923 0.725711 2
      vertex 22.452 -0.487725 2
      vertex 22.452 0.487725 2
    endloop
  endfacet
  facet normal 0 0 1
    outer loop
      vertex 22.3923 0.725711 2
      vertex 22.3923 -0.725711 2
      vertex 22.452 -0.487725 2
    endloop
  endfacet
  facet normal 0 0 1
    outer loop
      vertex 22.3097 0.956708 2
      vertex 22.3923 -0.725711 2
      vertex 22.3923 0.725711 2
    endloop
  endfacet
  facet normal 0 0 1
    outer loop
      vertex 22.3097 0.956708 2
      vertex 22.3097 -0.956708 2
      vertex 22.3923 -0.725711 2
    endloop
  endfacet
  facet normal 0 0 1
    outer loop
      vertex 22.2048 1.17849 2
      vertex 22.3097 -0.956708 2
      vertex 22.3097 0.956708 2
    endloop
  endfacet
  facet normal 0 0 1
    outer loop
      vertex 22.2048 1.17849 2
      vertex 22.2048 -1.17849 2
      vertex 22.3097 -0.956708 2
    endloop
  endfacet
  facet normal 0 0 1
    outer loop
      vertex 22 1.495 2
      vertex 22.2048 1.17849 2
      vertex 22.0787 1.38893 2
    endloop
  endfacet
  facet normal 0 0 1
    outer loop
      vertex 22.2048 1.17849 2
      vertex 22 1.495 2
      vertex 22.2048 -1.17849 2
    endloop
  endfacet
  facet normal 0 0 1
    outer loop
      vertex 22.2048 -1.17849 2
      vertex 22 1.495 2
      vertex 22.0787 -1.38893 2
    endloop
  endfacet
  facet normal 0 0 1
    outer loop
      vertex 22.0787 -1.38893 2
      vertex 22 1.495 2
      vertex 21.9325 -1.58598 2
    endloop
  endfacet
  facet normal 0 0 -1
    outer loop
      vertex 11.5 -4.5 0
      vertex 28.5 6.5 0
      vertex 28.5 -4.5 0
    endloop
  endfacet
  facet normal -0 0 -1
    outer loop
      vertex 28.5 6.5 0
      vertex 11.5 -4.5 0
      vertex 11.5 6.5 0
    endloop
  endfacet
  facet normal -1 0 0
    outer loop
      vertex 11.5 -4.5 0
      vertex 11.5 6.5 2
      vertex 11.5 6.5 0
    endloop
  endfacet
  facet normal -1 -0 0
    outer loop
      vertex 11.5 6.5 2
      vertex 11.5 -4.5 0
      vertex 11.5 -4.5 2
    endloop
  endfacet
  facet normal 0 1 -0
    outer loop
      vertex 28.5 6.5 0
      vertex 22 6.5 2
      vertex 28.5 6.5 2
    endloop
  endfacet
  facet normal 0 1 0
    outer loop
      vertex 22 6.5 2
      vertex 28.5 6.5 0
      vertex 18 6.5 2
    endloop
  endfacet
  facet normal 0 1 0
    outer loop
      vertex 11.5 6.5 0
      vertex 18 6.5 2
      vertex 28.5 6.5 0
    endloop
  endfacet
  facet normal 0 1 0
    outer loop
      vertex 18 6.5 2
      vertex 11.5 6.5 0
      vertex 11.5 6.5 2
    endloop
  endfacet
  facet normal 0 -1 0
    outer loop
      vertex 11.5 -4.5 0
      vertex 20 -4.5 2
      vertex 11.5 -4.5 2
    endloop
  endfacet
  facet normal 0 -1 0
    outer loop
      vertex 28.5 -4.5 0
      vertex 20 -4.5 2
      vertex 11.5 -4.5 0
    endloop
  endfacet
  facet normal 0 -1 0
    outer loop
      vertex 20 -4.5 2
      vertex 28.5 -4.5 0
      vertex 28.5 -4.5 2
    endloop
  endfacet
  facet normal 0.741025 0.671477 0
    outer loop
      vertex 23.4785 2.85477 8
      vertex 23.182 3.18198 2
      vertex 23.182 3.18198 8
    endloop
  endfacet
  facet normal 0.741025 0.671477 0
    outer loop
      vertex 23.182 3.18198 2
      vertex 23.4785 2.85477 8
      vertex 23.4785 2.85477 2
    endloop
  endfacet
  facet normal 0.989176 0.146736 0
    outer loop
      vertex 24.4783 0.441076 8
      vertex 24.4135 0.877906 2
      vertex 24.4135 0.877906 8
    endloop
  endfacet
  facet normal 0.989176 0.146736 0
    outer loop
      vertex 24.4135 0.877906 2
      vertex 24.4783 0.441076 8
      vertex 24.4783 0.441076 2
    endloop
  endfacet
  facet normal 0.998792 0.0491384 0
    outer loop
      vertex 24.5 0 8
      vertex 24.4783 0.441076 2
      vertex 24.4783 0.441076 8
    endloop
  endfacet
  facet normal 0.998792 0.0491384 0
    outer loop
      vertex 24.4783 0.441076 2
      vertex 24.5 0 8
      vertex 24.5 0 2
    endloop
  endfacet
  facet normal 0.970032 0.242976 0
    outer loop
      vertex 24.4135 0.877906 8
      vertex 24.3062 1.30628 2
      vertex 24.3062 1.30628 8
    endloop
  endfacet
  facet normal 0.970032 0.242976 0
    outer loop
      vertex 24.3062 1.30628 2
      vertex 24.4135 0.877906 8
      vertex 24.4135 0.877906 2
    endloop
  endfacet
  facet normal 0.336879 -0.941548 0
    outer loop
      vertex 21.3063 -4.30623 2
      vertex 21.7221 -4.15746 8
      vertex 21.3063 -4.30623 8
    endloop
  endfacet
  facet normal 0.336879 -0.941548 0
    outer loop
      vertex 21.7221 -4.15746 8
      vertex 21.3063 -4.30623 2
      vertex 21.7221 -4.15746 2
    endloop
  endfacet
  facet normal 0.671575 0.740936 -0
    outer loop
      vertex 23.182 3.18198 2
      vertex 22.8548 3.47855 8
      vertex 23.182 3.18198 8
    endloop
  endfacet
  facet normal 0.671575 0.740936 0
    outer loop
      vertex 22.8548 3.47855 8
      vertex 23.182 3.18198 2
      vertex 22.8548 3.47855 2
    endloop
  endfacet
  facet normal 0.941596 0.336745 0
    outer loop
      vertex 24.3062 1.30628 8
      vertex 24.1575 1.72207 2
      vertex 24.1575 1.72207 8
    endloop
  endfacet
  facet normal 0.941596 0.336745 0
    outer loop
      vertex 24.1575 1.72207 2
      vertex 24.3062 1.30628 8
      vertex 24.3062 1.30628 2
    endloop
  endfacet
  facet normal 0.049068 -0.998795 0
    outer loop
      vertex 20 -4.5 2
      vertex 20.4411 -4.47833 8
      vertex 20 -4.5 8
    endloop
  endfacet
  facet normal 0.049068 -0.998795 0
    outer loop
      vertex 20.4411 -4.47833 8
      vertex 20 -4.5 2
      vertex 20.4411 -4.47833 2
    endloop
  endfacet
  facet normal -0.595694 -0.803211 0
    outer loop
      vertex 17.1452 -3.47855 2
      vertex 17.4999 -3.74161 8
      vertex 17.1452 -3.47855 8
    endloop
  endfacet
  facet normal -0.595694 -0.803211 -0
    outer loop
      vertex 17.4999 -3.74161 8
      vertex 17.1452 -3.47855 2
      vertex 17.4999 -3.74161 2
    endloop
  endfacet
  facet normal 0.514096 -0.857733 0
    outer loop
      vertex 22.1213 -3.96865 2
      vertex 22.5001 -3.74161 8
      vertex 22.1213 -3.96865 8
    endloop
  endfacet
  facet normal 0.514096 -0.857733 0
    outer loop
      vertex 22.5001 -3.74161 8
      vertex 22.1213 -3.96865 2
      vertex 22.5001 -3.74161 2
    endloop
  endfacet
  facet normal -0.242962 -0.970036 0
    outer loop
      vertex 18.6937 -4.30623 2
      vertex 19.1221 -4.41353 8
      vertex 18.6937 -4.30623 8
    endloop
  endfacet
  facet normal -0.242962 -0.970036 -0
    outer loop
      vertex 19.1221 -4.41353 8
      vertex 18.6937 -4.30623 2
      vertex 19.1221 -4.41353 2
    endloop
  endfacet
  facet normal 0.857767 0.514039 0
    outer loop
      vertex 23.9686 2.12128 8
      vertex 23.7416 2.50007 2
      vertex 23.7416 2.50007 8
    endloop
  endfacet
  facet normal 0.857767 0.514039 0
    outer loop
      vertex 23.7416 2.50007 2
      vertex 23.9686 2.12128 8
      vertex 23.9686 2.12128 2
    endloop
  endfacet
  facet normal -0.998792 -0.0491384 0
    outer loop
      vertex 15.5217 -0.441076 2
      vertex 15.5 0 8
      vertex 15.5 0 2
    endloop
  endfacet
  facet normal -0.998792 -0.0491384 0
    outer loop
      vertex 15.5 0 8
      vertex 15.5217 -0.441076 2
      vertex 15.5217 -0.441076 8
    endloop
  endfacet
  facet normal -0.903913 -0.427717 0
    outer loop
      vertex 16.0314 -2.12128 2
      vertex 15.8425 -1.72207 8
      vertex 15.8425 -1.72207 2
    endloop
  endfacet
  facet normal -0.903913 -0.427717 0
    outer loop
      vertex 15.8425 -1.72207 8
      vertex 16.0314 -2.12128 2
      vertex 16.0314 -2.12128 8
    endloop
  endfacet
  facet normal 0.903913 0.427717 0
    outer loop
      vertex 24.1575 1.72207 8
      vertex 23.9686 2.12128 2
      vertex 23.9686 2.12128 8
    endloop
  endfacet
  facet normal 0.903913 0.427717 0
    outer loop
      vertex 23.9686 2.12128 2
      vertex 24.1575 1.72207 8
      vertex 24.1575 1.72207 2
    endloop
  endfacet
  facet normal 0.970032 -0.242976 0
    outer loop
      vertex 24.3062 -1.30628 8
      vertex 24.4135 -0.877906 2
      vertex 24.4135 -0.877906 8
    endloop
  endfacet
  facet normal 0.970032 -0.242976 0
    outer loop
      vertex 24.4135 -0.877906 2
      vertex 24.3062 -1.30628 8
      vertex 24.3062 -1.30628 2
    endloop
  endfacet
  facet normal -0.514096 0.857733 0
    outer loop
      vertex 17.8787 3.96865 2
      vertex 17.4999 3.74161 8
      vertex 17.8787 3.96865 8
    endloop
  endfacet
  facet normal -0.514096 0.857733 0
    outer loop
      vertex 17.4999 3.74161 8
      vertex 17.8787 3.96865 2
      vertex 17.4999 3.74161 2
    endloop
  endfacet
  facet normal -0.970032 -0.242976 0
    outer loop
      vertex 15.6938 -1.30628 2
      vertex 15.5865 -0.877906 8
      vertex 15.5865 -0.877906 2
    endloop
  endfacet
  facet normal -0.970032 -0.242976 0
    outer loop
      vertex 15.5865 -0.877906 8
      vertex 15.6938 -1.30628 2
      vertex 15.6938 -1.30628 8
    endloop
  endfacet
  facet normal 0.941596 -0.336745 0
    outer loop
      vertex 24.1575 -1.72207 8
      vertex 24.3062 -1.30628 2
      vertex 24.3062 -1.30628 8
    endloop
  endfacet
  facet normal 0.941596 -0.336745 0
    outer loop
      vertex 24.3062 -1.30628 2
      vertex 24.1575 -1.72207 8
      vertex 24.1575 -1.72207 2
    endloop
  endfacet
  facet normal 0.989176 -0.146736 0
    outer loop
      vertex 24.4135 -0.877906 8
      vertex 24.4783 -0.441076 2
      vertex 24.4783 -0.441076 8
    endloop
  endfacet
  facet normal 0.989176 -0.146736 0
    outer loop
      vertex 24.4783 -0.441076 2
      vertex 24.4135 -0.877906 8
      vertex 24.4135 -0.877906 2
    endloop
  endfacet
  facet normal -0.42749 0.90402 0
    outer loop
      vertex 18 4.02601 2
      vertex 17.8787 3.96865 8
      vertex 18 4.02601 8
    endloop
  endfacet
  facet normal -0.42749 0.90402 0
    outer loop
      vertex 17.8787 3.96865 8
      vertex 18 4.02601 2
      vertex 17.8787 3.96865 2
    endloop
  endfacet
  facet normal 0.42756 -0.903987 0
    outer loop
      vertex 21.7221 -4.15746 2
      vertex 22.1213 -3.96865 8
      vertex 21.7221 -4.15746 8
    endloop
  endfacet
  facet normal 0.42756 -0.903987 0
    outer loop
      vertex 22.1213 -3.96865 8
      vertex 21.7221 -4.15746 2
      vertex 22.1213 -3.96865 2
    endloop
  endfacet
  facet normal -0.671575 0.740936 0
    outer loop
      vertex 17.1452 3.47855 2
      vertex 16.818 3.18198 8
      vertex 17.1452 3.47855 8
    endloop
  endfacet
  facet normal -0.671575 0.740936 0
    outer loop
      vertex 16.818 3.18198 8
      vertex 17.1452 3.47855 2
      vertex 16.818 3.18198 2
    endloop
  endfacet
  facet normal 0.857767 -0.514039 0
    outer loop
      vertex 23.7416 -2.50007 8
      vertex 23.9686 -2.12128 2
      vertex 23.9686 -2.12128 8
    endloop
  endfacet
  facet normal 0.857767 -0.514039 0
    outer loop
      vertex 23.9686 -2.12128 2
      vertex 23.7416 -2.50007 8
      vertex 23.7416 -2.50007 2
    endloop
  endfacet
  facet normal -0.595694 0.803211 0
    outer loop
      vertex 17.4999 3.74161 2
      vertex 17.1452 3.47855 8
      vertex 17.4999 3.74161 8
    endloop
  endfacet
  facet normal -0.595694 0.803211 0
    outer loop
      vertex 17.1452 3.47855 8
      vertex 17.4999 3.74161 2
      vertex 17.1452 3.47855 2
    endloop
  endfacet
  facet normal 0.903913 -0.427717 0
    outer loop
      vertex 23.9686 -2.12128 8
      vertex 24.1575 -1.72207 2
      vertex 24.1575 -1.72207 8
    endloop
  endfacet
  facet normal 0.903913 -0.427717 0
    outer loop
      vertex 24.1575 -1.72207 2
      vertex 23.9686 -2.12128 8
      vertex 23.9686 -2.12128 2
    endloop
  endfacet
  facet normal 0.998792 -0.0491384 0
    outer loop
      vertex 24.4783 -0.441076 8
      vertex 24.5 0 2
      vertex 24.5 0 8
    endloop
  endfacet
  facet normal 0.998792 -0.0491384 0
    outer loop
      vertex 24.5 0 2
      vertex 24.4783 -0.441076 8
      vertex 24.4783 -0.441076 2
    endloop
  endfacet
  facet normal -0.741025 0.671477 0
    outer loop
      vertex 16.5215 2.85477 2
      vertex 16.818 3.18198 8
      vertex 16.818 3.18198 2
    endloop
  endfacet
  facet normal -0.741025 0.671477 0
    outer loop
      vertex 16.818 3.18198 8
      vertex 16.5215 2.85477 2
      vertex 16.5215 2.85477 8
    endloop
  endfacet
  facet normal -0.941596 -0.336745 0
    outer loop
      vertex 15.8425 -1.72207 2
      vertex 15.6938 -1.30628 8
      vertex 15.6938 -1.30628 2
    endloop
  endfacet
  facet normal -0.941596 -0.336745 0
    outer loop
      vertex 15.6938 -1.30628 8
      vertex 15.8425 -1.72207 2
      vertex 15.8425 -1.72207 8
    endloop
  endfacet
  facet normal 0.514096 0.857733 -0
    outer loop
      vertex 22.5001 3.74161 2
      vertex 22.1213 3.96865 8
      vertex 22.5001 3.74161 8
    endloop
  endfacet
  facet normal 0.514096 0.857733 0
    outer loop
      vertex 22.1213 3.96865 8
      vertex 22.5001 3.74161 2
      vertex 22.1213 3.96865 2
    endloop
  endfacet
  facet normal 0.595694 0.803211 -0
    outer loop
      vertex 22.8548 3.47855 2
      vertex 22.5001 3.74161 8
      vertex 22.8548 3.47855 8
    endloop
  endfacet
  facet normal 0.595694 0.803211 0
    outer loop
      vertex 22.5001 3.74161 8
      vertex 22.8548 3.47855 2
      vertex 22.5001 3.74161 2
    endloop
  endfacet
  facet normal 0.146746 -0.989174 0
    outer loop
      vertex 20.4411 -4.47833 2
      vertex 20.8779 -4.41353 8
      vertex 20.4411 -4.47833 8
    endloop
  endfacet
  facet normal 0.146746 -0.989174 0
    outer loop
      vertex 20.8779 -4.41353 8
      vertex 20.4411 -4.47833 2
      vertex 20.8779 -4.41353 2
    endloop
  endfacet
  facet normal 0.741025 -0.671477 0
    outer loop
      vertex 23.182 -3.18198 8
      vertex 23.4785 -2.85477 2
      vertex 23.4785 -2.85477 8
    endloop
  endfacet
  facet normal 0.741025 -0.671477 0
    outer loop
      vertex 23.4785 -2.85477 2
      vertex 23.182 -3.18198 8
      vertex 23.182 -3.18198 2
    endloop
  endfacet
  facet normal 0.803168 -0.595753 0
    outer loop
      vertex 23.4785 -2.85477 8
      vertex 23.7416 -2.50007 2
      vertex 23.7416 -2.50007 8
    endloop
  endfacet
  facet normal 0.803168 -0.595753 0
    outer loop
      vertex 23.7416 -2.50007 2
      vertex 23.4785 -2.85477 8
      vertex 23.4785 -2.85477 2
    endloop
  endfacet
  facet normal 0.242962 -0.970036 0
    outer loop
      vertex 20.8779 -4.41353 2
      vertex 21.3063 -4.30623 8
      vertex 20.8779 -4.41353 8
    endloop
  endfacet
  facet normal 0.242962 -0.970036 0
    outer loop
      vertex 21.3063 -4.30623 8
      vertex 20.8779 -4.41353 2
      vertex 21.3063 -4.30623 2
    endloop
  endfacet
  facet normal 0.803168 0.595753 0
    outer loop
      vertex 23.7416 2.50007 8
      vertex 23.4785 2.85477 2
      vertex 23.4785 2.85477 8
    endloop
  endfacet
  facet normal 0.803168 0.595753 0
    outer loop
      vertex 23.4785 2.85477 2
      vertex 23.7416 2.50007 8
      vertex 23.7416 2.50007 2
    endloop
  endfacet
  facet normal -0.857767 0.514039 0
    outer loop
      vertex 16.0314 2.12128 2
      vertex 16.2584 2.50007 8
      vertex 16.2584 2.50007 2
    endloop
  endfacet
  facet normal -0.857767 0.514039 0
    outer loop
      vertex 16.2584 2.50007 8
      vertex 16.0314 2.12128 2
      vertex 16.0314 2.12128 8
    endloop
  endfacet
  facet normal 0.42749 0.90402 -0
    outer loop
      vertex 22.1213 3.96865 2
      vertex 22 4.02601 8
      vertex 22.1213 3.96865 8
    endloop
  endfacet
  facet normal 0.42749 0.90402 0
    outer loop
      vertex 22 4.02601 8
      vertex 22.1213 3.96865 2
      vertex 22 4.02601 2
    endloop
  endfacet
  facet normal -0.857767 -0.514039 0
    outer loop
      vertex 16.2584 -2.50007 2
      vertex 16.0314 -2.12128 8
      vertex 16.0314 -2.12128 2
    endloop
  endfacet
  facet normal -0.857767 -0.514039 0
    outer loop
      vertex 16.0314 -2.12128 8
      vertex 16.2584 -2.50007 2
      vertex 16.2584 -2.50007 8
    endloop
  endfacet
  facet normal -0.42756 -0.903987 0
    outer loop
      vertex 17.8787 -3.96865 2
      vertex 18.2779 -4.15746 8
      vertex 17.8787 -3.96865 8
    endloop
  endfacet
  facet normal -0.42756 -0.903987 -0
    outer loop
      vertex 18.2779 -4.15746 8
      vertex 17.8787 -3.96865 2
      vertex 18.2779 -4.15746 2
    endloop
  endfacet
  facet normal -0.741025 -0.671477 0
    outer loop
      vertex 16.818 -3.18198 2
      vertex 16.5215 -2.85477 8
      vertex 16.5215 -2.85477 2
    endloop
  endfacet
  facet normal -0.741025 -0.671477 0
    outer loop
      vertex 16.5215 -2.85477 8
      vertex 16.818 -3.18198 2
      vertex 16.818 -3.18198 8
    endloop
  endfacet
  facet normal -0.514096 -0.857733 0
    outer loop
      vertex 17.4999 -3.74161 2
      vertex 17.8787 -3.96865 8
      vertex 17.4999 -3.74161 8
    endloop
  endfacet
  facet normal -0.514096 -0.857733 -0
    outer loop
      vertex 17.8787 -3.96865 8
      vertex 17.4999 -3.74161 2
      vertex 17.8787 -3.96865 2
    endloop
  endfacet
  facet normal 0.595694 -0.803211 0
    outer loop
      vertex 22.5001 -3.74161 2
      vertex 22.8548 -3.47855 8
      vertex 22.5001 -3.74161 8
    endloop
  endfacet
  facet normal 0.595694 -0.803211 0
    outer loop
      vertex 22.8548 -3.47855 8
      vertex 22.5001 -3.74161 2
      vertex 22.8548 -3.47855 2
    endloop
  endfacet
  facet normal -0.970032 0.242976 0
    outer loop
      vertex 15.5865 0.877906 2
      vertex 15.6938 1.30628 8
      vertex 15.6938 1.30628 2
    endloop
  endfacet
  facet normal -0.970032 0.242976 0
    outer loop
      vertex 15.6938 1.30628 8
      vertex 15.5865 0.877906 2
      vertex 15.5865 0.877906 8
    endloop
  endfacet
  facet normal -0.941596 0.336745 0
    outer loop
      vertex 15.6938 1.30628 2
      vertex 15.8425 1.72207 8
      vertex 15.8425 1.72207 2
    endloop
  endfacet
  facet normal -0.941596 0.336745 0
    outer loop
      vertex 15.8425 1.72207 8
      vertex 15.6938 1.30628 2
      vertex 15.6938 1.30628 8
    endloop
  endfacet
  facet normal -0.989176 -0.146736 0
    outer loop
      vertex 15.5865 -0.877906 2
      vertex 15.5217 -0.441076 8
      vertex 15.5217 -0.441076 2
    endloop
  endfacet
  facet normal -0.989176 -0.146736 0
    outer loop
      vertex 15.5217 -0.441076 8
      vertex 15.5865 -0.877906 2
      vertex 15.5865 -0.877906 8
    endloop
  endfacet
  facet normal -0.803168 -0.595753 0
    outer loop
      vertex 16.5215 -2.85477 2
      vertex 16.2584 -2.50007 8
      vertex 16.2584 -2.50007 2
    endloop
  endfacet
  facet normal -0.803168 -0.595753 0
    outer loop
      vertex 16.2584 -2.50007 8
      vertex 16.5215 -2.85477 2
      vertex 16.5215 -2.85477 8
    endloop
  endfacet
  facet normal -0.903913 0.427717 0
    outer loop
      vertex 15.8425 1.72207 2
      vertex 16.0314 2.12128 8
      vertex 16.0314 2.12128 2
    endloop
  endfacet
  facet normal -0.903913 0.427717 0
    outer loop
      vertex 16.0314 2.12128 8
      vertex 15.8425 1.72207 2
      vertex 15.8425 1.72207 8
    endloop
  endfacet
  facet normal -0.671575 -0.740936 0
    outer loop
      vertex 16.818 -3.18198 2
      vertex 17.1452 -3.47855 8
      vertex 16.818 -3.18198 8
    endloop
  endfacet
  facet normal -0.671575 -0.740936 -0
    outer loop
      vertex 17.1452 -3.47855 8
      vertex 16.818 -3.18198 2
      vertex 17.1452 -3.47855 2
    endloop
  endfacet
  facet normal -0.803168 0.595753 0
    outer loop
      vertex 16.2584 2.50007 2
      vertex 16.5215 2.85477 8
      vertex 16.5215 2.85477 2
    endloop
  endfacet
  facet normal -0.803168 0.595753 0
    outer loop
      vertex 16.5215 2.85477 8
      vertex 16.2584 2.50007 2
      vertex 16.2584 2.50007 8
    endloop
  endfacet
  facet normal -0.049068 -0.998795 0
    outer loop
      vertex 19.5589 -4.47833 2
      vertex 20 -4.5 8
      vertex 19.5589 -4.47833 8
    endloop
  endfacet
  facet normal -0.049068 -0.998795 -0
    outer loop
      vertex 20 -4.5 8
      vertex 19.5589 -4.47833 2
      vertex 20 -4.5 2
    endloop
  endfacet
  facet normal -0.146746 -0.989174 0
    outer loop
      vertex 19.1221 -4.41353 2
      vertex 19.5589 -4.47833 8
      vertex 19.1221 -4.41353 8
    endloop
  endfacet
  facet normal -0.146746 -0.989174 -0
    outer loop
      vertex 19.5589 -4.47833 8
      vertex 19.1221 -4.41353 2
      vertex 19.5589 -4.47833 2
    endloop
  endfacet
  facet normal -0.989176 0.146736 0
    outer loop
      vertex 15.5217 0.441076 2
      vertex 15.5865 0.877906 8
      vertex 15.5865 0.877906 2
    endloop
  endfacet
  facet normal -0.989176 0.146736 0
    outer loop
      vertex 15.5865 0.877906 8
      vertex 15.5217 0.441076 2
      vertex 15.5217 0.441076 8
    endloop
  endfacet
  facet normal -0.998792 0.0491384 0
    outer loop
      vertex 15.5 0 2
      vertex 15.5217 0.441076 8
      vertex 15.5217 0.441076 2
    endloop
  endfacet
  facet normal -0.998792 0.0491384 0
    outer loop
      vertex 15.5217 0.441076 8
      vertex 15.5 0 2
      vertex 15.5 0 8
    endloop
  endfacet
  facet normal -0.336879 -0.941548 0
    outer loop
      vertex 18.2779 -4.15746 2
      vertex 18.6937 -4.30623 8
      vertex 18.2779 -4.15746 8
    endloop
  endfacet
  facet normal -0.336879 -0.941548 -0
    outer loop
      vertex 18.6937 -4.30623 8
      vertex 18.2779 -4.15746 2
      vertex 18.6937 -4.30623 2
    endloop
  endfacet
  facet normal 0.671575 -0.740936 0
    outer loop
      vertex 22.8548 -3.47855 2
      vertex 23.182 -3.18198 8
      vertex 22.8548 -3.47855 8
    endloop
  endfacet
  facet normal 0.671575 -0.740936 0
    outer loop
      vertex 23.182 -3.18198 8
      vertex 22.8548 -3.47855 2
      vertex 23.182 -3.18198 2
    endloop
  endfacet
  facet normal -0 0 1
    outer loop
      vertex 17.8787 3.96865 8
      vertex 18 1.495 8
      vertex 18 4.02601 8
    endloop
  endfacet
  facet normal -0 0 1
    outer loop
      vertex 17.4999 3.74161 8
      vertex 18 1.495 8
      vertex 17.8787 3.96865 8
    endloop
  endfacet
  facet normal -0 0 1
    outer loop
      vertex 17.1452 3.47855 8
      vertex 18 1.495 8
      vertex 17.4999 3.74161 8
    endloop
  endfacet
  facet normal -0 0 1
    outer loop
      vertex 16.818 3.18198 8
      vertex 18 1.495 8
      vertex 17.1452 3.47855 8
    endloop
  endfacet
  facet normal -0 0 1
    outer loop
      vertex 16.5215 2.85477 8
      vertex 18 1.495 8
      vertex 16.818 3.18198 8
    endloop
  endfacet
  facet normal -0 0 1
    outer loop
      vertex 16.2584 2.50007 8
      vertex 18 1.495 8
      vertex 16.5215 2.85477 8
    endloop
  endfacet
  facet normal 0 0 1
    outer loop
      vertex 18 1.495 8
      vertex 16.2584 2.50007 8
      vertex 17.9213 1.38893 8
    endloop
  endfacet
  facet normal -0 0 1
    outer loop
      vertex 16.0314 2.12128 8
      vertex 17.7952 1.17849 8
      vertex 16.2584 2.50007 8
    endloop
  endfacet
  facet normal 0 0 1
    outer loop
      vertex 17.9213 1.38893 8
      vertex 16.2584 2.50007 8
      vertex 17.7952 1.17849 8
    endloop
  endfacet
  facet normal 0 0 1
    outer loop
      vertex 22.5 0 8
      vertex 24.5 0 8
      vertex 24.4783 0.441076 8
    endloop
  endfacet
  facet normal 0 0 1
    outer loop
      vertex 22.488 0.245043 8
      vertex 24.4783 0.441076 8
      vertex 24.4135 0.877906 8
    endloop
  endfacet
  facet normal 0 0 1
    outer loop
      vertex 24.5 0 8
      vertex 22.5 0 8
      vertex 24.4783 -0.441076 8
    endloop
  endfacet
  facet normal 0 0 1
    outer loop
      vertex 22.452 0.487725 8
      vertex 24.4135 0.877906 8
      vertex 24.3062 1.30628 8
    endloop
  endfacet
  facet normal -0 0 1
    outer loop
      vertex 22.488 -0.245043 8
      vertex 24.4783 -0.441076 8
      vertex 22.5 0 8
    endloop
  endfacet
  facet normal 0 0 1
    outer loop
      vertex 22.3923 0.725711 8
      vertex 24.3062 1.30628 8
      vertex 24.1575 1.72207 8
    endloop
  endfacet
  facet normal 0 0 1
    outer loop
      vertex 24.4783 -0.441076 8
      vertex 22.488 -0.245043 8
      vertex 24.4135 -0.877906 8
    endloop
  endfacet
  facet normal 0 0 1
    outer loop
      vertex 22.3097 0.956708 8
      vertex 24.1575 1.72207 8
      vertex 23.9686 2.12128 8
    endloop
  endfacet
  facet normal -0 0 1
    outer loop
      vertex 22.452 -0.487725 8
      vertex 24.4135 -0.877906 8
      vertex 22.488 -0.245043 8
    endloop
  endfacet
  facet normal 0 0 1
    outer loop
      vertex 22.2048 1.17849 8
      vertex 23.9686 2.12128 8
      vertex 23.7416 2.50007 8
    endloop
  endfacet
  facet normal 0 0 1
    outer loop
      vertex 24.4135 -0.877906 8
      vertex 22.452 -0.487725 8
      vertex 24.3062 -1.30628 8
    endloop
  endfacet
  facet normal 0 0 1
    outer loop
      vertex 22 1.495 8
      vertex 23.7416 2.50007 8
      vertex 23.4785 2.85477 8
    endloop
  endfacet
  facet normal -0 0 1
    outer loop
      vertex 22.3923 -0.725711 8
      vertex 24.3062 -1.30628 8
      vertex 22.452 -0.487725 8
    endloop
  endfacet
  facet normal 0 0 1
    outer loop
      vertex 22 1.495 8
      vertex 23.4785 2.85477 8
      vertex 23.182 3.18198 8
    endloop
  endfacet
  facet normal 0 0 1
    outer loop
      vertex 24.3062 -1.30628 8
      vertex 22.3923 -0.725711 8
      vertex 24.1575 -1.72207 8
    endloop
  endfacet
  facet normal 0 0 1
    outer loop
      vertex 22 1.495 8
      vertex 23.182 3.18198 8
      vertex 22.8548 3.47855 8
    endloop
  endfacet
  facet normal -0 0 1
    outer loop
      vertex 22.3097 -0.956708 8
      vertex 24.1575 -1.72207 8
      vertex 22.3923 -0.725711 8
    endloop
  endfacet
  facet normal 0 0 1
    outer loop
      vertex 22 1.495 8
      vertex 22.8548 3.47855 8
      vertex 22.5001 3.74161 8
    endloop
  endfacet
  facet normal 0 0 1
    outer loop
      vertex 24.1575 -1.72207 8
      vertex 22.3097 -0.956708 8
      vertex 23.9686 -2.12128 8
    endloop
  endfacet
  facet normal -0 0 1
    outer loop
      vertex 22.2048 -1.17849 8
      vertex 23.9686 -2.12128 8
      vertex 22.3097 -0.956708 8
    endloop
  endfacet
  facet normal 0 0 1
    outer loop
      vertex 24.4783 0.441076 8
      vertex 22.488 0.245043 8
      vertex 22.5 0 8
    endloop
  endfacet
  facet normal 0 0 1
    outer loop
      vertex 24.4135 0.877906 8
      vertex 22.452 0.487725 8
      vertex 22.488 0.245043 8
    endloop
  endfacet
  facet normal 0 0 1
    outer loop
      vertex 24.3062 1.30628 8
      vertex 22.3923 0.725711 8
      vertex 22.452 0.487725 8
    endloop
  endfacet
  facet normal 0 0 1
    outer loop
      vertex 24.1575 1.72207 8
      vertex 22.3097 0.956708 8
      vertex 22.3923 0.725711 8
    endloop
  endfacet
  facet normal 0 0 1
    outer loop
      vertex 23.9686 2.12128 8
      vertex 22.2048 1.17849 8
      vertex 22.3097 0.956708 8
    endloop
  endfacet
  facet normal 0 0 1
    outer loop
      vertex 22 1.495 8
      vertex 22.5001 3.74161 8
      vertex 22.1213 3.96865 8
    endloop
  endfacet
  facet normal 0 0 1
    outer loop
      vertex 23.7416 2.50007 8
      vertex 22.0787 1.38893 8
      vertex 22.2048 1.17849 8
    endloop
  endfacet
  facet normal 0 0 1
    outer loop
      vertex 22 1.495 8
      vertex 22.1213 3.96865 8
      vertex 22 4.02601 8
    endloop
  endfacet
  facet normal 0 0 1
    outer loop
      vertex 23.7416 2.50007 8
      vertex 22 1.495 8
      vertex 22.0787 1.38893 8
    endloop
  endfacet
  facet normal 0 0 1
    outer loop
      vertex 23.9686 -2.12128 8
      vertex 22.2048 -1.17849 8
      vertex 23.7416 -2.50007 8
    endloop
  endfacet
  facet normal -0 0 1
    outer loop
      vertex 22.0787 -1.38893 8
      vertex 23.7416 -2.50007 8
      vertex 22.2048 -1.17849 8
    endloop
  endfacet
  facet normal 0 0 1
    outer loop
      vertex 23.7416 -2.50007 8
      vertex 22.0787 -1.38893 8
      vertex 23.4785 -2.85477 8
    endloop
  endfacet
  facet normal -0 0 1
    outer loop
      vertex 21.9325 -1.58598 8
      vertex 23.4785 -2.85477 8
      vertex 22.0787 -1.38893 8
    endloop
  endfacet
  facet normal 0 0 1
    outer loop
      vertex 23.4785 -2.85477 8
      vertex 21.9325 -1.58598 8
      vertex 23.182 -3.18198 8
    endloop
  endfacet
  facet normal -0 0 1
    outer loop
      vertex 21.7678 -1.76777 8
      vertex 23.182 -3.18198 8
      vertex 21.9325 -1.58598 8
    endloop
  endfacet
  facet normal 0 0 1
    outer loop
      vertex 23.182 -3.18198 8
      vertex 21.7678 -1.76777 8
      vertex 22.8548 -3.47855 8
    endloop
  endfacet
  facet normal -0 0 1
    outer loop
      vertex 21.586 -1.93253 8
      vertex 22.8548 -3.47855 8
      vertex 21.7678 -1.76777 8
    endloop
  endfacet
  facet normal 0 0 1
    outer loop
      vertex 22.8548 -3.47855 8
      vertex 21.586 -1.93253 8
      vertex 22.5001 -3.74161 8
    endloop
  endfacet
  facet normal -0 0 1
    outer loop
      vertex 21.3889 -2.07867 8
      vertex 22.5001 -3.74161 8
      vertex 21.586 -1.93253 8
    endloop
  endfacet
  facet normal 0 0 1
    outer loop
      vertex 22.5001 -3.74161 8
      vertex 21.3889 -2.07867 8
      vertex 22.1213 -3.96865 8
    endloop
  endfacet
  facet normal -0 0 1
    outer loop
      vertex 21.1785 -2.2048 8
      vertex 22.1213 -3.96865 8
      vertex 21.3889 -2.07867 8
    endloop
  endfacet
  facet normal 0 0 1
    outer loop
      vertex 22.1213 -3.96865 8
      vertex 21.1785 -2.2048 8
      vertex 21.7221 -4.15746 8
    endloop
  endfacet
  facet normal -0 0 1
    outer loop
      vertex 20.9567 -2.3097 8
      vertex 21.7221 -4.15746 8
      vertex 21.1785 -2.2048 8
    endloop
  endfacet
  facet normal 0 0 1
    outer loop
      vertex 21.7221 -4.15746 8
      vertex 20.9567 -2.3097 8
      vertex 21.3063 -4.30623 8
    endloop
  endfacet
  facet normal -0 0 1
    outer loop
      vertex 20.7257 -2.39235 8
      vertex 21.3063 -4.30623 8
      vertex 20.9567 -2.3097 8
    endloop
  endfacet
  facet normal 0 0 1
    outer loop
      vertex 21.3063 -4.30623 8
      vertex 20.7257 -2.39235 8
      vertex 20.8779 -4.41353 8
    endloop
  endfacet
  facet normal -0 0 1
    outer loop
      vertex 20.4877 -2.45196 8
      vertex 20.8779 -4.41353 8
      vertex 20.7257 -2.39235 8
    endloop
  endfacet
  facet normal 0 0 1
    outer loop
      vertex 20.4877 -2.45196 8
      vertex 20.4411 -4.47833 8
      vertex 20.8779 -4.41353 8
    endloop
  endfacet
  facet normal -0 0 1
    outer loop
      vertex 20.245 -2.48796 8
      vertex 20.4411 -4.47833 8
      vertex 20.4877 -2.45196 8
    endloop
  endfacet
  facet normal -0 0 1
    outer loop
      vertex 20 -2.5 8
      vertex 20.4411 -4.47833 8
      vertex 20.245 -2.48796 8
    endloop
  endfacet
  facet normal 0 0 1
    outer loop
      vertex 20 -2.5 8
      vertex 20 -4.5 8
      vertex 20.4411 -4.47833 8
    endloop
  endfacet
  facet normal 0 0 1
    outer loop
      vertex 19.755 -2.48796 8
      vertex 20 -4.5 8
      vertex 20 -2.5 8
    endloop
  endfacet
  facet normal 0 0 1
    outer loop
      vertex 19.755 -2.48796 8
      vertex 19.5589 -4.47833 8
      vertex 20 -4.5 8
    endloop
  endfacet
  facet normal 0 0 1
    outer loop
      vertex 19.5123 -2.45196 8
      vertex 19.5589 -4.47833 8
      vertex 19.755 -2.48796 8
    endloop
  endfacet
  facet normal 0 0 1
    outer loop
      vertex 19.1221 -4.41353 8
      vertex 19.5123 -2.45196 8
      vertex 19.2743 -2.39235 8
    endloop
  endfacet
  facet normal 0 0 1
    outer loop
      vertex 19.5123 -2.45196 8
      vertex 19.1221 -4.41353 8
      vertex 19.5589 -4.47833 8
    endloop
  endfacet
  facet normal 0 0 1
    outer loop
      vertex 18.6937 -4.30623 8
      vertex 19.2743 -2.39235 8
      vertex 19.0433 -2.3097 8
    endloop
  endfacet
  facet normal 0 0 1
    outer loop
      vertex 18.2779 -4.15746 8
      vertex 19.0433 -2.3097 8
      vertex 18.8215 -2.2048 8
    endloop
  endfacet
  facet normal 0 0 1
    outer loop
      vertex 19.2743 -2.39235 8
      vertex 18.6937 -4.30623 8
      vertex 19.1221 -4.41353 8
    endloop
  endfacet
  facet normal 0 0 1
    outer loop
      vertex 17.8787 -3.96865 8
      vertex 18.8215 -2.2048 8
      vertex 18.6111 -2.07867 8
    endloop
  endfacet
  facet normal 0 0 1
    outer loop
      vertex 17.4999 -3.74161 8
      vertex 18.6111 -2.07867 8
      vertex 18.414 -1.93253 8
    endloop
  endfacet
  facet normal 0 0 1
    outer loop
      vertex 19.0433 -2.3097 8
      vertex 18.2779 -4.15746 8
      vertex 18.6937 -4.30623 8
    endloop
  endfacet
  facet normal 0 0 1
    outer loop
      vertex 17.1452 -3.47855 8
      vertex 18.414 -1.93253 8
      vertex 18.2322 -1.76777 8
    endloop
  endfacet
  facet normal 0 0 1
    outer loop
      vertex 16.818 -3.18198 8
      vertex 18.2322 -1.76777 8
      vertex 18.0675 -1.58598 8
    endloop
  endfacet
  facet normal 0 0 1
    outer loop
      vertex 16.5215 -2.85477 8
      vertex 18.0675 -1.58598 8
      vertex 17.9213 -1.38893 8
    endloop
  endfacet
  facet normal 0 0 1
    outer loop
      vertex 18.8215 -2.2048 8
      vertex 17.8787 -3.96865 8
      vertex 18.2779 -4.15746 8
    endloop
  endfacet
  facet normal 0 0 1
    outer loop
      vertex 16.2584 -2.50007 8
      vertex 17.9213 -1.38893 8
      vertex 17.7952 -1.17849 8
    endloop
  endfacet
  facet normal 0 0 1
    outer loop
      vertex 16.0314 -2.12128 8
      vertex 17.7952 -1.17849 8
      vertex 17.6903 -0.956708 8
    endloop
  endfacet
  facet normal 0 0 1
    outer loop
      vertex 15.8425 -1.72207 8
      vertex 17.6903 -0.956708 8
      vertex 17.6077 -0.725711 8
    endloop
  endfacet
  facet normal 0 0 1
    outer loop
      vertex 15.6938 -1.30628 8
      vertex 17.6077 -0.725711 8
      vertex 17.548 -0.487725 8
    endloop
  endfacet
  facet normal 0 0 1
    outer loop
      vertex 15.5865 -0.877906 8
      vertex 17.548 -0.487725 8
      vertex 17.512 -0.245043 8
    endloop
  endfacet
  facet normal 0 0 1
    outer loop
      vertex 18.6111 -2.07867 8
      vertex 17.4999 -3.74161 8
      vertex 17.8787 -3.96865 8
    endloop
  endfacet
  facet normal 0 0 1
    outer loop
      vertex 15.5217 -0.441076 8
      vertex 17.512 -0.245043 8
      vertex 17.5 0 8
    endloop
  endfacet
  facet normal 0 0 1
    outer loop
      vertex 17.7952 1.17849 8
      vertex 16.0314 2.12128 8
      vertex 17.6903 0.956708 8
    endloop
  endfacet
  facet normal -0 0 1
    outer loop
      vertex 15.8425 1.72207 8
      vertex 17.6903 0.956708 8
      vertex 16.0314 2.12128 8
    endloop
  endfacet
  facet normal 0 0 1
    outer loop
      vertex 18.414 -1.93253 8
      vertex 17.1452 -3.47855 8
      vertex 17.4999 -3.74161 8
    endloop
  endfacet
  facet normal 0 0 1
    outer loop
      vertex 17.6903 0.956708 8
      vertex 15.8425 1.72207 8
      vertex 17.6077 0.725711 8
    endloop
  endfacet
  facet normal 0 0 1
    outer loop
      vertex 18.2322 -1.76777 8
      vertex 16.818 -3.18198 8
      vertex 17.1452 -3.47855 8
    endloop
  endfacet
  facet normal -0 0 1
    outer loop
      vertex 15.6938 1.30628 8
      vertex 17.6077 0.725711 8
      vertex 15.8425 1.72207 8
    endloop
  endfacet
  facet normal 0 0 1
    outer loop
      vertex 18.0675 -1.58598 8
      vertex 16.5215 -2.85477 8
      vertex 16.818 -3.18198 8
    endloop
  endfacet
  facet normal 0 0 1
    outer loop
      vertex 17.6077 0.725711 8
      vertex 15.6938 1.30628 8
      vertex 17.548 0.487725 8
    endloop
  endfacet
  facet normal 0 0 1
    outer loop
      vertex 17.9213 -1.38893 8
      vertex 16.2584 -2.50007 8
      vertex 16.5215 -2.85477 8
    endloop
  endfacet
  facet normal -0 0 1
    outer loop
      vertex 15.5865 0.877906 8
      vertex 17.548 0.487725 8
      vertex 15.6938 1.30628 8
    endloop
  endfacet
  facet normal 0 0 1
    outer loop
      vertex 17.7952 -1.17849 8
      vertex 16.0314 -2.12128 8
      vertex 16.2584 -2.50007 8
    endloop
  endfacet
  facet normal 0 0 1
    outer loop
      vertex 17.548 0.487725 8
      vertex 15.5865 0.877906 8
      vertex 17.512 0.245043 8
    endloop
  endfacet
  facet normal 0 0 1
    outer loop
      vertex 17.6903 -0.956708 8
      vertex 15.8425 -1.72207 8
      vertex 16.0314 -2.12128 8
    endloop
  endfacet
  facet normal -0 0 1
    outer loop
      vertex 15.5217 0.441076 8
      vertex 17.512 0.245043 8
      vertex 15.5865 0.877906 8
    endloop
  endfacet
  facet normal 0 0 1
    outer loop
      vertex 17.6077 -0.725711 8
      vertex 15.6938 -1.30628 8
      vertex 15.8425 -1.72207 8
    endloop
  endfacet
  facet normal 0 0 1
    outer loop
      vertex 17.512 0.245043 8
      vertex 15.5217 0.441076 8
      vertex 17.5 0 8
    endloop
  endfacet
  facet normal 0 0 1
    outer loop
      vertex 17.548 -0.487725 8
      vertex 15.5865 -0.877906 8
      vertex 15.6938 -1.30628 8
    endloop
  endfacet
  facet normal 0 0 1
    outer loop
      vertex 15.5 0 8
      vertex 17.5 0 8
      vertex 15.5217 0.441076 8
    endloop
  endfacet
  facet normal 0 0 1
    outer loop
      vertex 17.512 -0.245043 8
      vertex 15.5217 -0.441076 8
      vertex 15.5865 -0.877906 8
    endloop
  endfacet
  facet normal 0 0 1
    outer loop
      vertex 17.5 0 8
      vertex 15.5 0 8
      vertex 15.5217 -0.441076 8
    endloop
  endfacet
  facet normal -0.857788 0.514004 0
    outer loop
      vertex 22.0787 -1.38893 2
      vertex 22.2048 -1.17849 8
      vertex 22.2048 -1.17849 2
    endloop
  endfacet
  facet normal -0.857788 0.514004 0
    outer loop
      vertex 22.2048 -1.17849 8
      vertex 22.0787 -1.38893 2
      vertex 22.0787 -1.38893 8
    endloop
  endfacet
  facet normal -0.989176 -0.146737 0
    outer loop
      vertex 22.488 0.245043 2
      vertex 22.452 0.487725 8
      vertex 22.452 0.487725 2
    endloop
  endfacet
  facet normal -0.989176 -0.146737 0
    outer loop
      vertex 22.452 0.487725 8
      vertex 22.488 0.245043 2
      vertex 22.488 0.245043 8
    endloop
  endfacet
  facet normal -0.998803 -0.0489124 0
    outer loop
      vertex 22.5 0 2
      vertex 22.488 0.245043 8
      vertex 22.488 0.245043 2
    endloop
  endfacet
  facet normal -0.998803 -0.0489124 0
    outer loop
      vertex 22.488 0.245043 8
      vertex 22.5 0 2
      vertex 22.5 0 8
    endloop
  endfacet
  facet normal -0.969947 -0.243316 0
    outer loop
      vertex 22.452 0.487725 2
      vertex 22.3923 0.725711 8
      vertex 22.3923 0.725711 2
    endloop
  endfacet
  facet normal -0.969947 -0.243316 0
    outer loop
      vertex 22.3923 0.725711 8
      vertex 22.452 0.487725 2
      vertex 22.452 0.487725 8
    endloop
  endfacet
  facet normal -0.857788 -0.514004 0
    outer loop
      vertex 22.2048 1.17849 2
      vertex 22.0787 1.38893 8
      vertex 22.0787 1.38893 2
    endloop
  endfacet
  facet normal -0.857788 -0.514004 0
    outer loop
      vertex 22.0787 1.38893 8
      vertex 22.2048 1.17849 2
      vertex 22.2048 1.17849 8
    endloop
  endfacet
  facet normal 0.969947 0.243316 0
    outer loop
      vertex 17.6077 -0.725711 8
      vertex 17.548 -0.487725 2
      vertex 17.548 -0.487725 8
    endloop
  endfacet
  facet normal 0.969947 0.243316 0
    outer loop
      vertex 17.548 -0.487725 2
      vertex 17.6077 -0.725711 8
      vertex 17.6077 -0.725711 2
    endloop
  endfacet
  facet normal -0.941611 0.336702 0
    outer loop
      vertex 22.3097 -0.956708 2
      vertex 22.3923 -0.725711 8
      vertex 22.3923 -0.725711 2
    endloop
  endfacet
  facet normal -0.941611 0.336702 0
    outer loop
      vertex 22.3923 -0.725711 8
      vertex 22.3097 -0.956708 2
      vertex 22.3097 -0.956708 8
    endloop
  endfacet
  facet normal -0.803095 0.595851 0
    outer loop
      vertex 21.9325 -1.58598 2
      vertex 22.0787 -1.38893 8
      vertex 22.0787 -1.38893 2
    endloop
  endfacet
  facet normal -0.803095 0.595851 0
    outer loop
      vertex 22.0787 -1.38893 8
      vertex 21.9325 -1.58598 2
      vertex 21.9325 -1.58598 8
    endloop
  endfacet
  facet normal 0.941611 -0.336702 0
    outer loop
      vertex 17.6077 0.725711 8
      vertex 17.6903 0.956708 2
      vertex 17.6903 0.956708 8
    endloop
  endfacet
  facet normal 0.941611 -0.336702 0
    outer loop
      vertex 17.6903 0.956708 2
      vertex 17.6077 0.725711 8
      vertex 17.6077 0.725711 2
    endloop
  endfacet
  facet normal 0.146726 0.989177 -0
    outer loop
      vertex 19.755 -2.48796 2
      vertex 19.5123 -2.45196 8
      vertex 19.755 -2.48796 8
    endloop
  endfacet
  facet normal 0.146726 0.989177 0
    outer loop
      vertex 19.5123 -2.45196 8
      vertex 19.755 -2.48796 2
      vertex 19.5123 -2.45196 2
    endloop
  endfacet
  facet normal 0.857788 -0.514004 0
    outer loop
      vertex 17.7952 1.17849 8
      vertex 17.9213 1.38893 2
      vertex 17.9213 1.38893 8
    endloop
  endfacet
  facet normal 0.857788 -0.514004 0
    outer loop
      vertex 17.9213 1.38893 2
      vertex 17.7952 1.17849 8
      vertex 17.7952 1.17849 2
    endloop
  endfacet
  facet normal 0.0490836 0.998795 -0
    outer loop
      vertex 20 -2.5 2
      vertex 19.755 -2.48796 8
      vertex 20 -2.5 8
    endloop
  endfacet
  facet normal 0.0490836 0.998795 0
    outer loop
      vertex 19.755 -2.48796 8
      vertex 20 -2.5 2
      vertex 19.755 -2.48796 2
    endloop
  endfacet
  facet normal 0.989176 -0.146737 0
    outer loop
      vertex 17.512 0.245043 8
      vertex 17.548 0.487725 2
      vertex 17.548 0.487725 8
    endloop
  endfacet
  facet normal 0.989176 -0.146737 0
    outer loop
      vertex 17.548 0.487725 2
      vertex 17.512 0.245043 8
      vertex 17.512 0.245043 2
    endloop
  endfacet
  facet normal -0.998803 0.0489124 0
    outer loop
      vertex 22.488 -0.245043 2
      vertex 22.5 0 8
      vertex 22.5 0 2
    endloop
  endfacet
  facet normal -0.998803 0.0489124 0
    outer loop
      vertex 22.5 0 8
      vertex 22.488 -0.245043 2
      vertex 22.488 -0.245043 8
    endloop
  endfacet
  facet normal 0.903982 0.427572 0
    outer loop
      vertex 17.7952 -1.17849 8
      vertex 17.6903 -0.956708 2
      vertex 17.6903 -0.956708 8
    endloop
  endfacet
  facet normal 0.903982 0.427572 0
    outer loop
      vertex 17.6903 -0.956708 2
      vertex 17.7952 -1.17849 8
      vertex 17.7952 -1.17849 2
    endloop
  endfacet
  facet normal 0.998803 0.0489124 0
    outer loop
      vertex 17.512 -0.245043 8
      vertex 17.5 0 2
      vertex 17.5 0 8
    endloop
  endfacet
  facet normal 0.998803 0.0489124 0
    outer loop
      vertex 17.5 0 2
      vertex 17.512 -0.245043 8
      vertex 17.512 -0.245043 2
    endloop
  endfacet
  facet normal -0.514166 0.857691 0
    outer loop
      vertex 21.3889 -2.07867 2
      vertex 21.1785 -2.2048 8
      vertex 21.3889 -2.07867 8
    endloop
  endfacet
  facet normal -0.514166 0.857691 0
    outer loop
      vertex 21.1785 -2.2048 8
      vertex 21.3889 -2.07867 2
      vertex 21.1785 -2.2048 2
    endloop
  endfacet
  facet normal 0.427543 0.903995 -0
    outer loop
      vertex 19.0433 -2.3097 2
      vertex 18.8215 -2.2048 8
      vertex 19.0433 -2.3097 8
    endloop
  endfacet
  facet normal 0.427543 0.903995 0
    outer loop
      vertex 18.8215 -2.2048 8
      vertex 19.0433 -2.3097 2
      vertex 18.8215 -2.2048 2
    endloop
  endfacet
  facet normal -0.903982 -0.427572 0
    outer loop
      vertex 22.3097 0.956708 2
      vertex 22.2048 1.17849 8
      vertex 22.2048 1.17849 2
    endloop
  endfacet
  facet normal -0.903982 -0.427572 0
    outer loop
      vertex 22.2048 1.17849 8
      vertex 22.3097 0.956708 2
      vertex 22.3097 0.956708 8
    endloop
  endfacet
  facet normal -0.146726 0.989177 0
    outer loop
      vertex 20.4877 -2.45196 2
      vertex 20.245 -2.48796 8
      vertex 20.4877 -2.45196 8
    endloop
  endfacet
  facet normal -0.146726 0.989177 0
    outer loop
      vertex 20.245 -2.48796 8
      vertex 20.4877 -2.45196 2
      vertex 20.245 -2.48796 2
    endloop
  endfacet
  facet normal 0.941611 0.336702 0
    outer loop
      vertex 17.6903 -0.956708 8
      vertex 17.6077 -0.725711 2
      vertex 17.6077 -0.725711 8
    endloop
  endfacet
  facet normal 0.941611 0.336702 0
    outer loop
      vertex 17.6077 -0.725711 2
      vertex 17.6903 -0.956708 8
      vertex 17.6903 -0.956708 2
    endloop
  endfacet
  facet normal -0.741083 0.671414 0
    outer loop
      vertex 21.7678 -1.76777 2
      vertex 21.9325 -1.58598 8
      vertex 21.9325 -1.58598 2
    endloop
  endfacet
  facet normal -0.741083 0.671414 0
    outer loop
      vertex 21.9325 -1.58598 8
      vertex 21.7678 -1.76777 2
      vertex 21.7678 -1.76777 8
    endloop
  endfacet
  facet normal -0.989176 0.146737 0
    outer loop
      vertex 22.452 -0.487725 2
      vertex 22.488 -0.245043 8
      vertex 22.488 -0.245043 2
    endloop
  endfacet
  facet normal -0.989176 0.146737 0
    outer loop
      vertex 22.488 -0.245043 8
      vertex 22.452 -0.487725 2
      vertex 22.452 -0.487725 8
    endloop
  endfacet
  facet normal -0.427543 0.903995 0
    outer loop
      vertex 21.1785 -2.2048 2
      vertex 20.9567 -2.3097 8
      vertex 21.1785 -2.2048 8
    endloop
  endfacet
  facet normal -0.427543 0.903995 0
    outer loop
      vertex 20.9567 -2.3097 8
      vertex 21.1785 -2.2048 2
      vertex 20.9567 -2.3097 2
    endloop
  endfacet
  facet normal 0.336879 0.941548 -0
    outer loop
      vertex 19.2743 -2.39235 2
      vertex 19.0433 -2.3097 8
      vertex 19.2743 -2.39235 8
    endloop
  endfacet
  facet normal 0.336879 0.941548 0
    outer loop
      vertex 19.0433 -2.3097 8
      vertex 19.2743 -2.39235 2
      vertex 19.0433 -2.3097 2
    endloop
  endfacet
  facet normal -0.803088 -0.595861 0
    outer loop
      vertex 22.0787 1.38893 2
      vertex 22 1.495 8
      vertex 22 1.495 2
    endloop
  endfacet
  facet normal -0.803088 -0.595861 0
    outer loop
      vertex 22 1.495 8
      vertex 22.0787 1.38893 2
      vertex 22.0787 1.38893 8
    endloop
  endfacet
  facet normal 0.595596 0.803284 -0
    outer loop
      vertex 18.6111 -2.07867 2
      vertex 18.414 -1.93253 8
      vertex 18.6111 -2.07867 8
    endloop
  endfacet
  facet normal 0.595596 0.803284 0
    outer loop
      vertex 18.414 -1.93253 8
      vertex 18.6111 -2.07867 2
      vertex 18.414 -1.93253 2
    endloop
  endfacet
  facet normal 0.969947 -0.243316 0
    outer loop
      vertex 17.548 0.487725 8
      vertex 17.6077 0.725711 2
      vertex 17.6077 0.725711 8
    endloop
  endfacet
  facet normal 0.969947 -0.243316 0
    outer loop
      vertex 17.6077 0.725711 2
      vertex 17.548 0.487725 8
      vertex 17.548 0.487725 2
    endloop
  endfacet
  facet normal 0.514166 0.857691 -0
    outer loop
      vertex 18.8215 -2.2048 2
      vertex 18.6111 -2.07867 8
      vertex 18.8215 -2.2048 8
    endloop
  endfacet
  facet normal 0.514166 0.857691 0
    outer loop
      vertex 18.6111 -2.07867 8
      vertex 18.8215 -2.2048 2
      vertex 18.6111 -2.07867 2
    endloop
  endfacet
  facet normal -0.0490836 0.998795 0
    outer loop
      vertex 20.245 -2.48796 2
      vertex 20 -2.5 8
      vertex 20.245 -2.48796 8
    endloop
  endfacet
  facet normal -0.0490836 0.998795 0
    outer loop
      vertex 20 -2.5 8
      vertex 20.245 -2.48796 2
      vertex 20 -2.5 2
    endloop
  endfacet
  facet normal 0.803088 -0.595861 0
    outer loop
      vertex 17.9213 1.38893 8
      vertex 18 1.495 2
      vertex 18 1.495 8
    endloop
  endfacet
  facet normal 0.803088 -0.595861 0
    outer loop
      vertex 18 1.495 2
      vertex 17.9213 1.38893 8
      vertex 17.9213 1.38893 2
    endloop
  endfacet
  facet normal -0.903982 0.427572 0
    outer loop
      vertex 22.2048 -1.17849 2
      vertex 22.3097 -0.956708 8
      vertex 22.3097 -0.956708 2
    endloop
  endfacet
  facet normal -0.903982 0.427572 0
    outer loop
      vertex 22.3097 -0.956708 8
      vertex 22.2048 -1.17849 2
      vertex 22.2048 -1.17849 8
    endloop
  endfacet
  facet normal -0.941611 -0.336702 0
    outer loop
      vertex 22.3923 0.725711 2
      vertex 22.3097 0.956708 8
      vertex 22.3097 0.956708 2
    endloop
  endfacet
  facet normal -0.941611 -0.336702 0
    outer loop
      vertex 22.3097 0.956708 8
      vertex 22.3923 0.725711 2
      vertex 22.3923 0.725711 8
    endloop
  endfacet
  facet normal 0.803095 0.595851 0
    outer loop
      vertex 18.0675 -1.58598 8
      vertex 17.9213 -1.38893 2
      vertex 17.9213 -1.38893 8
    endloop
  endfacet
  facet normal 0.803095 0.595851 0
    outer loop
      vertex 17.9213 -1.38893 2
      vertex 18.0675 -1.58598 8
      vertex 18.0675 -1.58598 2
    endloop
  endfacet
  facet normal -0.595596 0.803284 0
    outer loop
      vertex 21.586 -1.93253 2
      vertex 21.3889 -2.07867 8
      vertex 21.586 -1.93253 8
    endloop
  endfacet
  facet normal -0.595596 0.803284 0
    outer loop
      vertex 21.3889 -2.07867 8
      vertex 21.586 -1.93253 2
      vertex 21.3889 -2.07867 2
    endloop
  endfacet
  facet normal 0.998803 -0.0489124 0
    outer loop
      vertex 17.5 0 8
      vertex 17.512 0.245043 2
      vertex 17.512 0.245043 8
    endloop
  endfacet
  facet normal 0.998803 -0.0489124 0
    outer loop
      vertex 17.512 0.245043 2
      vertex 17.5 0 8
      vertex 17.5 0 2
    endloop
  endfacet
  facet normal 0.989176 0.146737 0
    outer loop
      vertex 17.548 -0.487725 8
      vertex 17.512 -0.245043 2
      vertex 17.512 -0.245043 8
    endloop
  endfacet
  facet normal 0.989176 0.146737 0
    outer loop
      vertex 17.512 -0.245043 2
      vertex 17.548 -0.487725 8
      vertex 17.548 -0.487725 2
    endloop
  endfacet
  facet normal 0.903982 -0.427572 0
    outer loop
      vertex 17.6903 0.956708 8
      vertex 17.7952 1.17849 2
      vertex 17.7952 1.17849 8
    endloop
  endfacet
  facet normal 0.903982 -0.427572 0
    outer loop
      vertex 17.7952 1.17849 2
      vertex 17.6903 0.956708 8
      vertex 17.6903 0.956708 2
    endloop
  endfacet
  facet normal -0.336879 0.941548 0
    outer loop
      vertex 20.9567 -2.3097 2
      vertex 20.7257 -2.39235 8
      vertex 20.9567 -2.3097 8
    endloop
  endfacet
  facet normal -0.336879 0.941548 0
    outer loop
      vertex 20.7257 -2.39235 8
      vertex 20.9567 -2.3097 2
      vertex 20.7257 -2.39235 2
    endloop
  endfacet
  facet normal -0.242958 0.970037 0
    outer loop
      vertex 20.7257 -2.39235 2
      vertex 20.4877 -2.45196 8
      vertex 20.7257 -2.39235 8
    endloop
  endfacet
  facet normal -0.242958 0.970037 0
    outer loop
      vertex 20.4877 -2.45196 8
      vertex 20.7257 -2.39235 2
      vertex 20.4877 -2.45196 2
    endloop
  endfacet
  facet normal 0.741083 0.671414 0
    outer loop
      vertex 18.2322 -1.76777 8
      vertex 18.0675 -1.58598 2
      vertex 18.0675 -1.58598 8
    endloop
  endfacet
  facet normal 0.741083 0.671414 0
    outer loop
      vertex 18.0675 -1.58598 2
      vertex 18.2322 -1.76777 8
      vertex 18.2322 -1.76777 2
    endloop
  endfacet
  facet normal -0.969947 0.243316 0
    outer loop
      vertex 22.3923 -0.725711 2
      vertex 22.452 -0.487725 8
      vertex 22.452 -0.487725 2
    endloop
  endfacet
  facet normal -0.969947 0.243316 0
    outer loop
      vertex 22.452 -0.487725 8
      vertex 22.3923 -0.725711 2
      vertex 22.3923 -0.725711 8
    endloop
  endfacet
  facet normal 0.671528 0.740979 -0
    outer loop
      vertex 18.414 -1.93253 2
      vertex 18.2322 -1.76777 8
      vertex 18.414 -1.93253 8
    endloop
  endfacet
  facet normal 0.671528 0.740979 0
    outer loop
      vertex 18.2322 -1.76777 8
      vertex 18.414 -1.93253 2
      vertex 18.2322 -1.76777 2
    endloop
  endfacet
  facet normal 0.242958 0.970037 -0
    outer loop
      vertex 19.5123 -2.45196 2
      vertex 19.2743 -2.39235 8
      vertex 19.5123 -2.45196 8
    endloop
  endfacet
  facet normal 0.242958 0.970037 0
    outer loop
      vertex 19.2743 -2.39235 8
      vertex 19.5123 -2.45196 2
      vertex 19.2743 -2.39235 2
    endloop
  endfacet
  facet normal 0.857788 0.514004 0
    outer loop
      vertex 17.9213 -1.38893 8
      vertex 17.7952 -1.17849 2
      vertex 17.7952 -1.17849 8
    endloop
  endfacet
  facet normal 0.857788 0.514004 0
    outer loop
      vertex 17.7952 -1.17849 2
      vertex 17.9213 -1.38893 8
      vertex 17.9213 -1.38893 2
    endloop
  endfacet
  facet normal -0.671528 0.740979 0
    outer loop
      vertex 21.7678 -1.76777 2
      vertex 21.586 -1.93253 8
      vertex 21.7678 -1.76777 8
    endloop
  endfacet
  facet normal -0.671528 0.740979 0
    outer loop
      vertex 21.586 -1.93253 8
      vertex 21.7678 -1.76777 2
      vertex 21.586 -1.93253 2
    endloop
  endfacet
  facet normal -1 0 0
    outer loop
      vertex 22 1.495 2
      vertex 22 4.02601 8
      vertex 22 4.02601 2
    endloop
  endfacet
  facet normal -1 -0 0
    outer loop
      vertex 22 4.02601 8
      vertex 22 1.495 2
      vertex 22 1.495 8
    endloop
  endfacet
  facet normal 1 -0 0
    outer loop
      vertex 18 1.495 8
      vertex 18 4.02601 2
      vertex 18 4.02601 8
    endloop
  endfacet
  facet normal 1 0 0
    outer loop
      vertex 18 4.02601 2
      vertex 18 1.495 8
      vertex 18 1.495 2
    endloop
  endfacet
  facet normal 1 -0 0
    outer loop
      vertex 51.5 -5.5 2
      vertex 51.5 7.5 0
      vertex 51.5 7.5 2
    endloop
  endfacet
  facet normal 1 0 0
    outer loop
      vertex 51.5 7.5 0
      vertex 51.5 -5.5 2
      vertex 51.5 -5.5 0
    endloop
  endfacet
  facet normal 0 0 1
    outer loop
      vertex 39.2 7.5 2
      vertex 38.9444 4.57308 2
      vertex 39.2 4.72631 2
    endloop
  endfacet
  facet normal 0 0 1
    outer loop
      vertex 39.2 7.5 2
      vertex 38.5108 4.25156 2
      vertex 38.9444 4.57308 2
    endloop
  endfacet
  facet normal 0 0 1
    outer loop
      vertex 39.2 7.5 2
      vertex 38.1109 3.88909 2
      vertex 38.5108 4.25156 2
    endloop
  endfacet
  facet normal -0 0 1
    outer loop
      vertex 32.5 7.5 2
      vertex 38.1109 3.88909 2
      vertex 39.2 7.5 2
    endloop
  endfacet
  facet normal 0 0 1
    outer loop
      vertex 38.1109 3.88909 2
      vertex 32.5 7.5 2
      vertex 37.7484 3.48916 2
    endloop
  endfacet
  facet normal 0 0 1
    outer loop
      vertex 37.7484 3.48916 2
      vertex 32.5 7.5 2
      vertex 37.4269 3.05564 2
    endloop
  endfacet
  facet normal 0 0 1
    outer loop
      vertex 37.4269 3.05564 2
      vertex 32.5 7.5 2
      vertex 37.1494 2.59268 2
    endloop
  endfacet
  facet normal 0 0 1
    outer loop
      vertex 32.5 -5.5 2
      vertex 36.5265 0.539094 2
      vertex 32.5 7.5 2
    endloop
  endfacet
  facet normal 0 0 1
    outer loop
      vertex 36.6057 1.073 2
      vertex 32.5 7.5 2
      vertex 36.5265 0.539094 2
    endloop
  endfacet
  facet normal 0 0 1
    outer loop
      vertex 36.7368 1.59657 2
      vertex 32.5 7.5 2
      vertex 36.6057 1.073 2
    endloop
  endfacet
  facet normal 0 0 1
    outer loop
      vertex 36.9187 2.10476 2
      vertex 32.5 7.5 2
      vertex 36.7368 1.59657 2
    endloop
  endfacet
  facet normal 0 0 1
    outer loop
      vertex 37.1494 2.59268 2
      vertex 32.5 7.5 2
      vertex 36.9187 2.10476 2
    endloop
  endfacet
  facet normal 0 0 1
    outer loop
      vertex 36.5265 0.539094 2
      vertex 32.5 -5.5 2
      vertex 36.5 0 2
    endloop
  endfacet
  facet normal 0 0 1
    outer loop
      vertex 36.5 0 2
      vertex 32.5 -5.5 2
      vertex 36.5265 -0.539094 2
    endloop
  endfacet
  facet normal 0 0 1
    outer loop
      vertex 36.5265 -0.539094 2
      vertex 32.5 -5.5 2
      vertex 36.6057 -1.073 2
    endloop
  endfacet
  facet normal 0 0 1
    outer loop
      vertex 36.6057 -1.073 2
      vertex 32.5 -5.5 2
      vertex 36.7368 -1.59657 2
    endloop
  endfacet
  facet normal 0 0 1
    outer loop
      vertex 41.4609 -5.47352 2
      vertex 32.5 -5.5 2
      vertex 42 -5.5 2
    endloop
  endfacet
  facet normal 0 0 1
    outer loop
      vertex 40.927 -5.39432 2
      vertex 32.5 -5.5 2
      vertex 41.4609 -5.47352 2
    endloop
  endfacet
  facet normal 0 0 1
    outer loop
      vertex 40.4034 -5.26317 2
      vertex 32.5 -5.5 2
      vertex 40.927 -5.39432 2
    endloop
  endfacet
  facet normal 0 0 1
    outer loop
      vertex 39.8952 -5.08134 2
      vertex 32.5 -5.5 2
      vertex 40.4034 -5.26317 2
    endloop
  endfacet
  facet normal 0 0 1
    outer loop
      vertex 39.4073 -4.85057 2
      vertex 32.5 -5.5 2
      vertex 39.8952 -5.08134 2
    endloop
  endfacet
  facet normal 0 0 1
    outer loop
      vertex 38.9444 -4.57308 2
      vertex 32.5 -5.5 2
      vertex 39.4073 -4.85057 2
    endloop
  endfacet
  facet normal 0 0 1
    outer loop
      vertex 38.5108 -4.25156 2
      vertex 32.5 -5.5 2
      vertex 38.9444 -4.57308 2
    endloop
  endfacet
  facet normal 0 0 1
    outer loop
      vertex 38.1109 -3.88909 2
      vertex 32.5 -5.5 2
      vertex 38.5108 -4.25156 2
    endloop
  endfacet
  facet normal 0 0 1
    outer loop
      vertex 37.7484 -3.48916 2
      vertex 32.5 -5.5 2
      vertex 38.1109 -3.88909 2
    endloop
  endfacet
  facet normal 0 0 1
    outer loop
      vertex 37.4269 -3.05564 2
      vertex 32.5 -5.5 2
      vertex 37.7484 -3.48916 2
    endloop
  endfacet
  facet normal 0 0 1
    outer loop
      vertex 37.1494 -2.59268 2
      vertex 32.5 -5.5 2
      vertex 37.4269 -3.05564 2
    endloop
  endfacet
  facet normal 0 0 1
    outer loop
      vertex 36.9187 -2.10476 2
      vertex 32.5 -5.5 2
      vertex 37.1494 -2.59268 2
    endloop
  endfacet
  facet normal 0 0 1
    outer loop
      vertex 36.7368 -1.59657 2
      vertex 32.5 -5.5 2
      vertex 36.9187 -2.10476 2
    endloop
  endfacet
  facet normal -0 0 1
    outer loop
      vertex 47.4735 0.539094 2
      vertex 51.5 -5.5 2
      vertex 51.5 7.5 2
    endloop
  endfacet
  facet normal 0 0 1
    outer loop
      vertex 51.5 -5.5 2
      vertex 47.4735 0.539094 2
      vertex 47.5 0 2
    endloop
  endfacet
  facet normal 0 0 1
    outer loop
      vertex 51.5 7.5 2
      vertex 47.3943 1.073 2
      vertex 47.4735 0.539094 2
    endloop
  endfacet
  facet normal 0 0 1
    outer loop
      vertex 51.5 7.5 2
      vertex 47.2632 1.59657 2
      vertex 47.3943 1.073 2
    endloop
  endfacet
  facet normal 0 0 1
    outer loop
      vertex 51.5 7.5 2
      vertex 47.0813 2.10476 2
      vertex 47.2632 1.59657 2
    endloop
  endfacet
  facet normal 0 0 1
    outer loop
      vertex 51.5 7.5 2
      vertex 46.8506 2.59268 2
      vertex 47.0813 2.10476 2
    endloop
  endfacet
  facet normal 0 0 1
    outer loop
      vertex 51.5 7.5 2
      vertex 46.5731 3.05564 2
      vertex 46.8506 2.59268 2
    endloop
  endfacet
  facet normal 0 0 1
    outer loop
      vertex 51.5 7.5 2
      vertex 46.2516 3.48916 2
      vertex 46.5731 3.05564 2
    endloop
  endfacet
  facet normal 0 0 1
    outer loop
      vertex 51.5 7.5 2
      vertex 45.8891 3.88909 2
      vertex 46.2516 3.48916 2
    endloop
  endfacet
  facet normal -0 0 1
    outer loop
      vertex 44.8 7.5 2
      vertex 45.8891 3.88909 2
      vertex 51.5 7.5 2
    endloop
  endfacet
  facet normal 0 0 1
    outer loop
      vertex 45.8891 3.88909 2
      vertex 44.8 7.5 2
      vertex 45.4892 4.25156 2
    endloop
  endfacet
  facet normal 0 0 1
    outer loop
      vertex 45.4892 4.25156 2
      vertex 44.8 7.5 2
      vertex 45.0556 4.57308 2
    endloop
  endfacet
  facet normal 0 0 1
    outer loop
      vertex 45.0556 4.57308 2
      vertex 44.8 7.5 2
      vertex 44.8 4.72631 2
    endloop
  endfacet
  facet normal -0 0 1
    outer loop
      vertex 47.4735 -0.539094 2
      vertex 51.5 -5.5 2
      vertex 47.5 0 2
    endloop
  endfacet
  facet normal -0 0 1
    outer loop
      vertex 47.3943 -1.073 2
      vertex 51.5 -5.5 2
      vertex 47.4735 -0.539094 2
    endloop
  endfacet
  facet normal -0 0 1
    outer loop
      vertex 47.2632 -1.59657 2
      vertex 51.5 -5.5 2
      vertex 47.3943 -1.073 2
    endloop
  endfacet
  facet normal -0 0 1
    outer loop
      vertex 47.0813 -2.10476 2
      vertex 51.5 -5.5 2
      vertex 47.2632 -1.59657 2
    endloop
  endfacet
  facet normal -0 0 1
    outer loop
      vertex 46.8506 -2.59268 2
      vertex 51.5 -5.5 2
      vertex 47.0813 -2.10476 2
    endloop
  endfacet
  facet normal -0 0 1
    outer loop
      vertex 46.5731 -3.05564 2
      vertex 51.5 -5.5 2
      vertex 46.8506 -2.59268 2
    endloop
  endfacet
  facet normal -0 0 1
    outer loop
      vertex 46.2516 -3.48916 2
      vertex 51.5 -5.5 2
      vertex 46.5731 -3.05564 2
    endloop
  endfacet
  facet normal -0 0 1
    outer loop
      vertex 45.8891 -3.88909 2
      vertex 51.5 -5.5 2
      vertex 46.2516 -3.48916 2
    endloop
  endfacet
  facet normal -0 0 1
    outer loop
      vertex 45.4892 -4.25156 2
      vertex 51.5 -5.5 2
      vertex 45.8891 -3.88909 2
    endloop
  endfacet
  facet normal -0 0 1
    outer loop
      vertex 45.0556 -4.57308 2
      vertex 51.5 -5.5 2
      vertex 45.4892 -4.25156 2
    endloop
  endfacet
  facet normal -0 0 1
    outer loop
      vertex 44.5927 -4.85057 2
      vertex 51.5 -5.5 2
      vertex 45.0556 -4.57308 2
    endloop
  endfacet
  facet normal -0 0 1
    outer loop
      vertex 44.1048 -5.08134 2
      vertex 51.5 -5.5 2
      vertex 44.5927 -4.85057 2
    endloop
  endfacet
  facet normal -0 0 1
    outer loop
      vertex 43.5966 -5.26317 2
      vertex 51.5 -5.5 2
      vertex 44.1048 -5.08134 2
    endloop
  endfacet
  facet normal -0 0 1
    outer loop
      vertex 43.073 -5.39432 2
      vertex 51.5 -5.5 2
      vertex 43.5966 -5.26317 2
    endloop
  endfacet
  facet normal -0 0 1
    outer loop
      vertex 42.5391 -5.47352 2
      vertex 51.5 -5.5 2
      vertex 43.073 -5.39432 2
    endloop
  endfacet
  facet normal 0 0 1
    outer loop
      vertex 51.5 -5.5 2
      vertex 42.5391 -5.47352 2
      vertex 42 -5.5 2
    endloop
  endfacet
  facet normal 0 0 1
    outer loop
      vertex 39.2 4.72631 2
      vertex 44.8 4.72631 2
      vertex 44.8 7.5 2
    endloop
  endfacet
  facet normal 0 0 1
    outer loop
      vertex 44.8 4.72631 2
      vertex 39.2 4.72631 2
      vertex 44.8 2.09301 2
    endloop
  endfacet
  facet normal 0 0 1
    outer loop
      vertex 44.8 2.09301 2
      vertex 39.2 2.09301 2
      vertex 44.7055 -2.22038 2
    endloop
  endfacet
  facet normal 0 0 1
    outer loop
      vertex 44.7055 -2.22038 2
      vertex 39.2 2.09301 2
      vertex 44.4749 -2.47487 2
    endloop
  endfacet
  facet normal 0 0 1
    outer loop
      vertex 44.4749 -2.47487 2
      vertex 39.2 2.09301 2
      vertex 44.2204 -2.70554 2
    endloop
  endfacet
  facet normal 0 0 1
    outer loop
      vertex 44.2204 -2.70554 2
      vertex 39.2 2.09301 2
      vertex 43.9445 -2.91014 2
    endloop
  endfacet
  facet normal 0 0 1
    outer loop
      vertex 43.9445 -2.91014 2
      vertex 39.2 2.09301 2
      vertex 43.6499 -3.08672 2
    endloop
  endfacet
  facet normal 0 0 1
    outer loop
      vertex 43.6499 -3.08672 2
      vertex 39.2 2.09301 2
      vertex 43.3394 -3.23358 2
    endloop
  endfacet
  facet normal 0 0 1
    outer loop
      vertex 43.3394 -3.23358 2
      vertex 39.2 2.09301 2
      vertex 43.016 -3.34929 2
    endloop
  endfacet
  facet normal 0 0 1
    outer loop
      vertex 43.016 -3.34929 2
      vertex 39.2 2.09301 2
      vertex 42.6828 -3.43275 2
    endloop
  endfacet
  facet normal 0 0 1
    outer loop
      vertex 42.6828 -3.43275 2
      vertex 39.2 2.09301 2
      vertex 42.3431 -3.48315 2
    endloop
  endfacet
  facet normal 0 0 1
    outer loop
      vertex 42.3431 -3.48315 2
      vertex 39.2 2.09301 2
      vertex 42 -3.5 2
    endloop
  endfacet
  facet normal 0 0 1
    outer loop
      vertex 42 -3.5 2
      vertex 39.2 2.09301 2
      vertex 41.6569 -3.48315 2
    endloop
  endfacet
  facet normal 0 0 1
    outer loop
      vertex 41.6569 -3.48315 2
      vertex 39.2 2.09301 2
      vertex 41.3172 -3.43275 2
    endloop
  endfacet
  facet normal 0 0 1
    outer loop
      vertex 41.3172 -3.43275 2
      vertex 39.2 2.09301 2
      vertex 40.984 -3.34929 2
    endloop
  endfacet
  facet normal 0 0 1
    outer loop
      vertex 40.984 -3.34929 2
      vertex 39.2 2.09301 2
      vertex 40.6606 -3.23358 2
    endloop
  endfacet
  facet normal 0 0 1
    outer loop
      vertex 40.6606 -3.23358 2
      vertex 39.2 2.09301 2
      vertex 40.3501 -3.08672 2
    endloop
  endfacet
  facet normal 0 0 1
    outer loop
      vertex 40.3501 -3.08672 2
      vertex 39.2 2.09301 2
      vertex 40.0555 -2.91014 2
    endloop
  endfacet
  facet normal 0 0 1
    outer loop
      vertex 40.0555 -2.91014 2
      vertex 39.2 2.09301 2
      vertex 39.7796 -2.70554 2
    endloop
  endfacet
  facet normal 0 0 1
    outer loop
      vertex 39.7796 -2.70554 2
      vertex 39.2 2.09301 2
      vertex 39.5251 -2.47487 2
    endloop
  endfacet
  facet normal 0 0 1
    outer loop
      vertex 39.2 4.72631 2
      vertex 44.8 7.5 2
      vertex 39.2 7.5 2
    endloop
  endfacet
  facet normal 0 0 1
    outer loop
      vertex 44.8 2.09301 2
      vertex 39.2 4.72631 2
      vertex 39.2 2.09301 2
    endloop
  endfacet
  facet normal 0 0 1
    outer loop
      vertex 39.5251 -2.47487 2
      vertex 39.2 2.09301 2
      vertex 39.2945 -2.22038 2
    endloop
  endfacet
  facet normal 0 0 1
    outer loop
      vertex 38.9133 1.64989 2
      vertex 39.2 2.09301 2
      vertex 39.0899 1.9445 2
    endloop
  endfacet
  facet normal 0 0 1
    outer loop
      vertex 39.2 2.09301 2
      vertex 39.0899 -1.9445 2
      vertex 39.2945 -2.22038 2
    endloop
  endfacet
  facet normal 0 0 1
    outer loop
      vertex 39.2 2.09301 2
      vertex 38.9133 1.64989 2
      vertex 39.0899 -1.9445 2
    endloop
  endfacet
  facet normal 0 0 1
    outer loop
      vertex 38.9133 1.64989 2
      vertex 38.9133 -1.64989 2
      vertex 39.0899 -1.9445 2
    endloop
  endfacet
  facet normal -0 0 1
    outer loop
      vertex 38.7664 1.33939 2
      vertex 38.9133 -1.64989 2
      vertex 38.9133 1.64989 2
    endloop
  endfacet
  facet normal 0 0 1
    outer loop
      vertex 38.7664 1.33939 2
      vertex 38.7664 -1.33939 2
      vertex 38.9133 -1.64989 2
    endloop
  endfacet
  facet normal -0 0 1
    outer loop
      vertex 38.6507 1.016 2
      vertex 38.7664 -1.33939 2
      vertex 38.7664 1.33939 2
    endloop
  endfacet
  facet normal 0 0 1
    outer loop
      vertex 38.6507 1.016 2
      vertex 38.6507 -1.016 2
      vertex 38.7664 -1.33939 2
    endloop
  endfacet
  facet normal -0 0 1
    outer loop
      vertex 38.5673 0.682816 2
      vertex 38.6507 -1.016 2
      vertex 38.6507 1.016 2
    endloop
  endfacet
  facet normal 0 0 1
    outer loop
      vertex 38.5673 0.682816 2
      vertex 38.5673 -0.682816 2
      vertex 38.6507 -1.016 2
    endloop
  endfacet
  facet normal -0 0 1
    outer loop
      vertex 38.5169 0.34306 2
      vertex 38.5673 -0.682816 2
      vertex 38.5673 0.682816 2
    endloop
  endfacet
  facet normal 0 0 1
    outer loop
      vertex 38.5169 0.34306 2
      vertex 38.5169 -0.34306 2
      vertex 38.5673 -0.682816 2
    endloop
  endfacet
  facet normal 0 -0 1
    outer loop
      vertex 38.5169 -0.34306 2
      vertex 38.5169 0.34306 2
      vertex 38.5 0 2
    endloop
  endfacet
  facet normal 0 0 1
    outer loop
      vertex 45.4831 0.34306 2
      vertex 45.4831 -0.34306 2
      vertex 45.5 0 2
    endloop
  endfacet
  facet normal 0 0 1
    outer loop
      vertex 45.4327 0.682816 2
      vertex 45.4831 -0.34306 2
      vertex 45.4831 0.34306 2
    endloop
  endfacet
  facet normal 0 0 1
    outer loop
      vertex 45.4327 0.682816 2
      vertex 45.4327 -0.682816 2
      vertex 45.4831 -0.34306 2
    endloop
  endfacet
  facet normal 0 0 1
    outer loop
      vertex 45.3493 1.016 2
      vertex 45.4327 -0.682816 2
      vertex 45.4327 0.682816 2
    endloop
  endfacet
  facet normal 0 0 1
    outer loop
      vertex 45.3493 1.016 2
      vertex 45.3493 -1.016 2
      vertex 45.4327 -0.682816 2
    endloop
  endfacet
  facet normal 0 0 1
    outer loop
      vertex 45.2336 1.33939 2
      vertex 45.3493 -1.016 2
      vertex 45.3493 1.016 2
    endloop
  endfacet
  facet normal 0 0 1
    outer loop
      vertex 45.2336 1.33939 2
      vertex 45.2336 -1.33939 2
      vertex 45.3493 -1.016 2
    endloop
  endfacet
  facet normal 0 0 1
    outer loop
      vertex 45.0867 1.64989 2
      vertex 45.2336 -1.33939 2
      vertex 45.2336 1.33939 2
    endloop
  endfacet
  facet normal 0 0 1
    outer loop
      vertex 45.0867 1.64989 2
      vertex 45.0867 -1.64989 2
      vertex 45.2336 -1.33939 2
    endloop
  endfacet
  facet normal 0 0 1
    outer loop
      vertex 44.8 2.09301 2
      vertex 45.0867 1.64989 2
      vertex 44.9101 1.9445 2
    endloop
  endfacet
  facet normal 0 0 1
    outer loop
      vertex 45.0867 1.64989 2
      vertex 44.8 2.09301 2
      vertex 45.0867 -1.64989 2
    endloop
  endfacet
  facet normal 0 0 1
    outer loop
      vertex 45.0867 -1.64989 2
      vertex 44.8 2.09301 2
      vertex 44.9101 -1.9445 2
    endloop
  endfacet
  facet normal 0 0 1
    outer loop
      vertex 44.9101 -1.9445 2
      vertex 44.8 2.09301 2
      vertex 44.7055 -2.22038 2
    endloop
  endfacet
  facet normal 0 0 -1
    outer loop
      vertex 32.5 -5.5 0
      vertex 51.5 7.5 0
      vertex 51.5 -5.5 0
    endloop
  endfacet
  facet normal -0 0 -1
    outer loop
      vertex 51.5 7.5 0
      vertex 32.5 -5.5 0
      vertex 32.5 7.5 0
    endloop
  endfacet
  facet normal -1 0 0
    outer loop
      vertex 32.5 -5.5 0
      vertex 32.5 7.5 2
      vertex 32.5 7.5 0
    endloop
  endfacet
  facet normal -1 -0 0
    outer loop
      vertex 32.5 7.5 2
      vertex 32.5 -5.5 0
      vertex 32.5 -5.5 2
    endloop
  endfacet
  facet normal 0 1 -0
    outer loop
      vertex 51.5 7.5 0
      vertex 44.8 7.5 2
      vertex 51.5 7.5 2
    endloop
  endfacet
  facet normal 0 1 0
    outer loop
      vertex 44.8 7.5 2
      vertex 51.5 7.5 0
      vertex 39.2 7.5 2
    endloop
  endfacet
  facet normal 0 1 0
    outer loop
      vertex 32.5 7.5 0
      vertex 39.2 7.5 2
      vertex 51.5 7.5 0
    endloop
  endfacet
  facet normal 0 1 0
    outer loop
      vertex 39.2 7.5 2
      vertex 32.5 7.5 0
      vertex 32.5 7.5 2
    endloop
  endfacet
  facet normal 0 -1 0
    outer loop
      vertex 32.5 -5.5 0
      vertex 42 -5.5 2
      vertex 32.5 -5.5 2
    endloop
  endfacet
  facet normal 0 -1 0
    outer loop
      vertex 51.5 -5.5 0
      vertex 42 -5.5 2
      vertex 32.5 -5.5 0
    endloop
  endfacet
  facet normal 0 -1 0
    outer loop
      vertex 42 -5.5 2
      vertex 51.5 -5.5 0
      vertex 51.5 -5.5 2
    endloop
  endfacet
  facet normal 0.989176 0.146735 0
    outer loop
      vertex 47.4735 0.539094 8
      vertex 47.3943 1.073 2
      vertex 47.3943 1.073 8
    endloop
  endfacet
  facet normal 0.989176 0.146735 0
    outer loop
      vertex 47.3943 1.073 2
      vertex 47.4735 0.539094 8
      vertex 47.4735 0.539094 2
    endloop
  endfacet
  facet normal 0.998794 0.0490973 0
    outer loop
      vertex 47.5 0 8
      vertex 47.4735 0.539094 2
      vertex 47.4735 0.539094 8
    endloop
  endfacet
  facet normal 0.998794 0.0490973 0
    outer loop
      vertex 47.4735 0.539094 2
      vertex 47.5 0 8
      vertex 47.5 0 2
    endloop
  endfacet
  facet normal 0.970052 0.242897 0
    outer loop
      vertex 47.3943 1.073 8
      vertex 47.2632 1.59657 2
      vertex 47.2632 1.59657 8
    endloop
  endfacet
  facet normal 0.970052 0.242897 0
    outer loop
      vertex 47.2632 1.59657 2
      vertex 47.3943 1.073 8
      vertex 47.3943 1.073 2
    endloop
  endfacet
  facet normal 0.427571 -0.903982 0
    outer loop
      vertex 44.1048 -5.08134 2
      vertex 44.5927 -4.85057 8
      vertex 44.1048 -5.08134 8
    endloop
  endfacet
  facet normal 0.427571 -0.903982 0
    outer loop
      vertex 44.5927 -4.85057 8
      vertex 44.1048 -5.08134 2
      vertex 44.5927 -4.85057 2
    endloop
  endfacet
  facet normal -0.970052 0.242897 0
    outer loop
      vertex 36.6057 1.073 2
      vertex 36.7368 1.59657 8
      vertex 36.7368 1.59657 2
    endloop
  endfacet
  facet normal -0.970052 0.242897 0
    outer loop
      vertex 36.7368 1.59657 8
      vertex 36.6057 1.073 2
      vertex 36.6057 1.073 8
    endloop
  endfacet
  facet normal 0.336879 -0.941548 0
    outer loop
      vertex 43.5966 -5.26317 2
      vertex 44.1048 -5.08134 8
      vertex 43.5966 -5.26317 8
    endloop
  endfacet
  facet normal 0.336879 -0.941548 0
    outer loop
      vertex 44.1048 -5.08134 8
      vertex 43.5966 -5.26317 2
      vertex 44.1048 -5.08134 2
    endloop
  endfacet
  facet normal -0.595628 0.80326 0
    outer loop
      vertex 38.9444 4.57308 2
      vertex 38.5108 4.25156 8
      vertex 38.9444 4.57308 8
    endloop
  endfacet
  facet normal -0.595628 0.80326 0
    outer loop
      vertex 38.5108 4.25156 8
      vertex 38.9444 4.57308 2
      vertex 38.5108 4.25156 2
    endloop
  endfacet
  facet normal -0.514175 0.857685 0
    outer loop
      vertex 39.2 4.72631 2
      vertex 38.9444 4.57308 8
      vertex 39.2 4.72631 8
    endloop
  endfacet
  facet normal -0.514175 0.857685 0
    outer loop
      vertex 38.9444 4.57308 8
      vertex 39.2 4.72631 2
      vertex 38.9444 4.57308 2
    endloop
  endfacet
  facet normal -0 0 1
    outer loop
      vertex 38.9444 4.57308 8
      vertex 39.2 2.09301 8
      vertex 39.2 4.72631 8
    endloop
  endfacet
  facet normal -0 0 1
    outer loop
      vertex 38.5108 4.25156 8
      vertex 39.2 2.09301 8
      vertex 38.9444 4.57308 8
    endloop
  endfacet
  facet normal -0 0 1
    outer loop
      vertex 38.1109 3.88909 8
      vertex 39.2 2.09301 8
      vertex 38.5108 4.25156 8
    endloop
  endfacet
  facet normal -0 0 1
    outer loop
      vertex 37.7484 3.48916 8
      vertex 39.2 2.09301 8
      vertex 38.1109 3.88909 8
    endloop
  endfacet
  facet normal -0 0 1
    outer loop
      vertex 37.4269 3.05564 8
      vertex 39.2 2.09301 8
      vertex 37.7484 3.48916 8
    endloop
  endfacet
  facet normal 0 0 1
    outer loop
      vertex 39.2 2.09301 8
      vertex 37.4269 3.05564 8
      vertex 39.0899 1.9445 8
    endloop
  endfacet
  facet normal 0 0 1
    outer loop
      vertex 39.0899 1.9445 8
      vertex 37.4269 3.05564 8
      vertex 38.9133 1.64989 8
    endloop
  endfacet
  facet normal -0 0 1
    outer loop
      vertex 37.1494 2.59268 8
      vertex 38.9133 1.64989 8
      vertex 37.4269 3.05564 8
    endloop
  endfacet
  facet normal 0 0 1
    outer loop
      vertex 38.9133 1.64989 8
      vertex 37.1494 2.59268 8
      vertex 38.7664 1.33939 8
    endloop
  endfacet
  facet normal -0 0 1
    outer loop
      vertex 36.9187 2.10476 8
      vertex 38.7664 1.33939 8
      vertex 37.1494 2.59268 8
    endloop
  endfacet
  facet normal 0 0 1
    outer loop
      vertex 45.5 0 8
      vertex 47.5 0 8
      vertex 47.4735 0.539094 8
    endloop
  endfacet
  facet normal 0 0 1
    outer loop
      vertex 45.4831 0.34306 8
      vertex 47.4735 0.539094 8
      vertex 47.3943 1.073 8
    endloop
  endfacet
  facet normal 0 0 1
    outer loop
      vertex 47.5 0 8
      vertex 45.5 0 8
      vertex 47.4735 -0.539094 8
    endloop
  endfacet
  facet normal 0 0 1
    outer loop
      vertex 45.4327 0.682816 8
      vertex 47.3943 1.073 8
      vertex 47.2632 1.59657 8
    endloop
  endfacet
  facet normal -0 0 1
    outer loop
      vertex 45.4831 -0.34306 8
      vertex 47.4735 -0.539094 8
      vertex 45.5 0 8
    endloop
  endfacet
  facet normal 0 0 1
    outer loop
      vertex 45.3493 1.016 8
      vertex 47.2632 1.59657 8
      vertex 47.0813 2.10476 8
    endloop
  endfacet
  facet normal 0 0 1
    outer loop
      vertex 47.4735 -0.539094 8
      vertex 45.4831 -0.34306 8
      vertex 47.3943 -1.073 8
    endloop
  endfacet
  facet normal 0 0 1
    outer loop
      vertex 45.2336 1.33939 8
      vertex 47.0813 2.10476 8
      vertex 46.8506 2.59268 8
    endloop
  endfacet
  facet normal -0 0 1
    outer loop
      vertex 45.4327 -0.682816 8
      vertex 47.3943 -1.073 8
      vertex 45.4831 -0.34306 8
    endloop
  endfacet
  facet normal 0 0 1
    outer loop
      vertex 45.0867 1.64989 8
      vertex 46.8506 2.59268 8
      vertex 46.5731 3.05564 8
    endloop
  endfacet
  facet normal 0 0 1
    outer loop
      vertex 47.3943 -1.073 8
      vertex 45.4327 -0.682816 8
      vertex 47.2632 -1.59657 8
    endloop
  endfacet
  facet normal 0 0 1
    outer loop
      vertex 44.8 2.09301 8
      vertex 46.5731 3.05564 8
      vertex 46.2516 3.48916 8
    endloop
  endfacet
  facet normal -0 0 1
    outer loop
      vertex 45.3493 -1.016 8
      vertex 47.2632 -1.59657 8
      vertex 45.4327 -0.682816 8
    endloop
  endfacet
  facet normal 0 0 1
    outer loop
      vertex 44.8 2.09301 8
      vertex 46.2516 3.48916 8
      vertex 45.8891 3.88909 8
    endloop
  endfacet
  facet normal 0 0 1
    outer loop
      vertex 47.2632 -1.59657 8
      vertex 45.3493 -1.016 8
      vertex 47.0813 -2.10476 8
    endloop
  endfacet
  facet normal -0 0 1
    outer loop
      vertex 45.2336 -1.33939 8
      vertex 47.0813 -2.10476 8
      vertex 45.3493 -1.016 8
    endloop
  endfacet
  facet normal 0 0 1
    outer loop
      vertex 44.8 2.09301 8
      vertex 45.8891 3.88909 8
      vertex 45.4892 4.25156 8
    endloop
  endfacet
  facet normal 0 0 1
    outer loop
      vertex 47.4735 0.539094 8
      vertex 45.4831 0.34306 8
      vertex 45.5 0 8
    endloop
  endfacet
  facet normal 0 0 1
    outer loop
      vertex 47.3943 1.073 8
      vertex 45.4327 0.682816 8
      vertex 45.4831 0.34306 8
    endloop
  endfacet
  facet normal 0 0 1
    outer loop
      vertex 47.2632 1.59657 8
      vertex 45.3493 1.016 8
      vertex 45.4327 0.682816 8
    endloop
  endfacet
  facet normal 0 0 1
    outer loop
      vertex 47.0813 2.10476 8
      vertex 45.2336 1.33939 8
      vertex 45.3493 1.016 8
    endloop
  endfacet
  facet normal 0 0 1
    outer loop
      vertex 46.8506 2.59268 8
      vertex 45.0867 1.64989 8
      vertex 45.2336 1.33939 8
    endloop
  endfacet
  facet normal 0 0 1
    outer loop
      vertex 44.8 2.09301 8
      vertex 45.4892 4.25156 8
      vertex 45.0556 4.57308 8
    endloop
  endfacet
  facet normal 0 0 1
    outer loop
      vertex 46.5731 3.05564 8
      vertex 44.9101 1.9445 8
      vertex 45.0867 1.64989 8
    endloop
  endfacet
  facet normal 0 0 1
    outer loop
      vertex 44.8 2.09301 8
      vertex 45.0556 4.57308 8
      vertex 44.8 4.72631 8
    endloop
  endfacet
  facet normal 0 0 1
    outer loop
      vertex 46.5731 3.05564 8
      vertex 44.8 2.09301 8
      vertex 44.9101 1.9445 8
    endloop
  endfacet
  facet normal 0 0 1
    outer loop
      vertex 47.0813 -2.10476 8
      vertex 45.2336 -1.33939 8
      vertex 46.8506 -2.59268 8
    endloop
  endfacet
  facet normal -0 0 1
    outer loop
      vertex 45.0867 -1.64989 8
      vertex 46.8506 -2.59268 8
      vertex 45.2336 -1.33939 8
    endloop
  endfacet
  facet normal 0 0 1
    outer loop
      vertex 46.8506 -2.59268 8
      vertex 45.0867 -1.64989 8
      vertex 46.5731 -3.05564 8
    endloop
  endfacet
  facet normal -0 0 1
    outer loop
      vertex 44.9101 -1.9445 8
      vertex 46.5731 -3.05564 8
      vertex 45.0867 -1.64989 8
    endloop
  endfacet
  facet normal 0 0 1
    outer loop
      vertex 46.5731 -3.05564 8
      vertex 44.9101 -1.9445 8
      vertex 46.2516 -3.48916 8
    endloop
  endfacet
  facet normal -0 0 1
    outer loop
      vertex 44.7055 -2.22038 8
      vertex 46.2516 -3.48916 8
      vertex 44.9101 -1.9445 8
    endloop
  endfacet
  facet normal 0 0 1
    outer loop
      vertex 46.2516 -3.48916 8
      vertex 44.7055 -2.22038 8
      vertex 45.8891 -3.88909 8
    endloop
  endfacet
  facet normal -0 0 1
    outer loop
      vertex 44.4749 -2.47487 8
      vertex 45.8891 -3.88909 8
      vertex 44.7055 -2.22038 8
    endloop
  endfacet
  facet normal 0 0 1
    outer loop
      vertex 45.8891 -3.88909 8
      vertex 44.4749 -2.47487 8
      vertex 45.4892 -4.25156 8
    endloop
  endfacet
  facet normal -0 0 1
    outer loop
      vertex 44.2204 -2.70554 8
      vertex 45.4892 -4.25156 8
      vertex 44.4749 -2.47487 8
    endloop
  endfacet
  facet normal 0 0 1
    outer loop
      vertex 45.4892 -4.25156 8
      vertex 44.2204 -2.70554 8
      vertex 45.0556 -4.57308 8
    endloop
  endfacet
  facet normal -0 0 1
    outer loop
      vertex 43.9445 -2.91014 8
      vertex 45.0556 -4.57308 8
      vertex 44.2204 -2.70554 8
    endloop
  endfacet
  facet normal 0 0 1
    outer loop
      vertex 45.0556 -4.57308 8
      vertex 43.9445 -2.91014 8
      vertex 44.5927 -4.85057 8
    endloop
  endfacet
  facet normal -0 0 1
    outer loop
      vertex 43.6499 -3.08672 8
      vertex 44.5927 -4.85057 8
      vertex 43.9445 -2.91014 8
    endloop
  endfacet
  facet normal 0 0 1
    outer loop
      vertex 44.5927 -4.85057 8
      vertex 43.6499 -3.08672 8
      vertex 44.1048 -5.08134 8
    endloop
  endfacet
  facet normal -0 0 1
    outer loop
      vertex 43.3394 -3.23358 8
      vertex 44.1048 -5.08134 8
      vertex 43.6499 -3.08672 8
    endloop
  endfacet
  facet normal 0 0 1
    outer loop
      vertex 44.1048 -5.08134 8
      vertex 43.3394 -3.23358 8
      vertex 43.5966 -5.26317 8
    endloop
  endfacet
  facet normal -0 0 1
    outer loop
      vertex 43.016 -3.34929 8
      vertex 43.5966 -5.26317 8
      vertex 43.3394 -3.23358 8
    endloop
  endfacet
  facet normal 0 0 1
    outer loop
      vertex 43.5966 -5.26317 8
      vertex 43.016 -3.34929 8
      vertex 43.073 -5.39432 8
    endloop
  endfacet
  facet normal -0 0 1
    outer loop
      vertex 42.6828 -3.43275 8
      vertex 43.073 -5.39432 8
      vertex 43.016 -3.34929 8
    endloop
  endfacet
  facet normal 0 0 1
    outer loop
      vertex 42.6828 -3.43275 8
      vertex 42.5391 -5.47352 8
      vertex 43.073 -5.39432 8
    endloop
  endfacet
  facet normal -0 0 1
    outer loop
      vertex 42.3431 -3.48315 8
      vertex 42.5391 -5.47352 8
      vertex 42.6828 -3.43275 8
    endloop
  endfacet
  facet normal -0 0 1
    outer loop
      vertex 42 -3.5 8
      vertex 42.5391 -5.47352 8
      vertex 42.3431 -3.48315 8
    endloop
  endfacet
  facet normal 0 0 1
    outer loop
      vertex 42 -3.5 8
      vertex 42 -5.5 8
      vertex 42.5391 -5.47352 8
    endloop
  endfacet
  facet normal 0 0 1
    outer loop
      vertex 41.6569 -3.48315 8
      vertex 42 -5.5 8
      vertex 42 -3.5 8
    endloop
  endfacet
  facet normal 0 0 1
    outer loop
      vertex 41.6569 -3.48315 8
      vertex 41.4609 -5.47352 8
      vertex 42 -5.5 8
    endloop
  endfacet
  facet normal 0 0 1
    outer loop
      vertex 41.3172 -3.43275 8
      vertex 41.4609 -5.47352 8
      vertex 41.6569 -3.48315 8
    endloop
  endfacet
  facet normal 0 0 1
    outer loop
      vertex 40.927 -5.39432 8
      vertex 41.3172 -3.43275 8
      vertex 40.984 -3.34929 8
    endloop
  endfacet
  facet normal 0 0 1
    outer loop
      vertex 41.3172 -3.43275 8
      vertex 40.927 -5.39432 8
      vertex 41.4609 -5.47352 8
    endloop
  endfacet
  facet normal 0 0 1
    outer loop
      vertex 40.4034 -5.26317 8
      vertex 40.984 -3.34929 8
      vertex 40.6606 -3.23358 8
    endloop
  endfacet
  facet normal 0 0 1
    outer loop
      vertex 40.984 -3.34929 8
      vertex 40.4034 -5.26317 8
      vertex 40.927 -5.39432 8
    endloop
  endfacet
  facet normal 0 0 1
    outer loop
      vertex 39.8952 -5.08134 8
      vertex 40.6606 -3.23358 8
      vertex 40.3501 -3.08672 8
    endloop
  endfacet
  facet normal 0 0 1
    outer loop
      vertex 39.4073 -4.85057 8
      vertex 40.3501 -3.08672 8
      vertex 40.0555 -2.91014 8
    endloop
  endfacet
  facet normal 0 0 1
    outer loop
      vertex 40.6606 -3.23358 8
      vertex 39.8952 -5.08134 8
      vertex 40.4034 -5.26317 8
    endloop
  endfacet
  facet normal 0 0 1
    outer loop
      vertex 38.9444 -4.57308 8
      vertex 40.0555 -2.91014 8
      vertex 39.7796 -2.70554 8
    endloop
  endfacet
  facet normal 0 0 1
    outer loop
      vertex 38.5108 -4.25156 8
      vertex 39.7796 -2.70554 8
      vertex 39.5251 -2.47487 8
    endloop
  endfacet
  facet normal 0 0 1
    outer loop
      vertex 40.3501 -3.08672 8
      vertex 39.4073 -4.85057 8
      vertex 39.8952 -5.08134 8
    endloop
  endfacet
  facet normal 0 0 1
    outer loop
      vertex 38.1109 -3.88909 8
      vertex 39.5251 -2.47487 8
      vertex 39.2945 -2.22038 8
    endloop
  endfacet
  facet normal 0 0 1
    outer loop
      vertex 37.7484 -3.48916 8
      vertex 39.2945 -2.22038 8
      vertex 39.0899 -1.9445 8
    endloop
  endfacet
  facet normal 0 0 1
    outer loop
      vertex 40.0555 -2.91014 8
      vertex 38.9444 -4.57308 8
      vertex 39.4073 -4.85057 8
    endloop
  endfacet
  facet normal 0 0 1
    outer loop
      vertex 37.4269 -3.05564 8
      vertex 39.0899 -1.9445 8
      vertex 38.9133 -1.64989 8
    endloop
  endfacet
  facet normal 0 0 1
    outer loop
      vertex 37.1494 -2.59268 8
      vertex 38.9133 -1.64989 8
      vertex 38.7664 -1.33939 8
    endloop
  endfacet
  facet normal 0 0 1
    outer loop
      vertex 36.9187 -2.10476 8
      vertex 38.7664 -1.33939 8
      vertex 38.6507 -1.016 8
    endloop
  endfacet
  facet normal 0 0 1
    outer loop
      vertex 36.7368 -1.59657 8
      vertex 38.6507 -1.016 8
      vertex 38.5673 -0.682816 8
    endloop
  endfacet
  facet normal 0 0 1
    outer loop
      vertex 36.6057 -1.073 8
      vertex 38.5673 -0.682816 8
      vertex 38.5169 -0.34306 8
    endloop
  endfacet
  facet normal 0 0 1
    outer loop
      vertex 39.7796 -2.70554 8
      vertex 38.5108 -4.25156 8
      vertex 38.9444 -4.57308 8
    endloop
  endfacet
  facet normal 0 0 1
    outer loop
      vertex 36.5265 -0.539094 8
      vertex 38.5169 -0.34306 8
      vertex 38.5 0 8
    endloop
  endfacet
  facet normal 0 0 1
    outer loop
      vertex 38.7664 1.33939 8
      vertex 36.9187 2.10476 8
      vertex 38.6507 1.016 8
    endloop
  endfacet
  facet normal 0 0 1
    outer loop
      vertex 39.5251 -2.47487 8
      vertex 38.1109 -3.88909 8
      vertex 38.5108 -4.25156 8
    endloop
  endfacet
  facet normal -0 0 1
    outer loop
      vertex 36.7368 1.59657 8
      vertex 38.6507 1.016 8
      vertex 36.9187 2.10476 8
    endloop
  endfacet
  facet normal 0 0 1
    outer loop
      vertex 39.2945 -2.22038 8
      vertex 37.7484 -3.48916 8
      vertex 38.1109 -3.88909 8
    endloop
  endfacet
  facet normal 0 0 1
    outer loop
      vertex 38.6507 1.016 8
      vertex 36.7368 1.59657 8
      vertex 38.5673 0.682816 8
    endloop
  endfacet
  facet normal 0 0 1
    outer loop
      vertex 39.0899 -1.9445 8
      vertex 37.4269 -3.05564 8
      vertex 37.7484 -3.48916 8
    endloop
  endfacet
  facet normal -0 0 1
    outer loop
      vertex 36.6057 1.073 8
      vertex 38.5673 0.682816 8
      vertex 36.7368 1.59657 8
    endloop
  endfacet
  facet normal 0 0 1
    outer loop
      vertex 38.9133 -1.64989 8
      vertex 37.1494 -2.59268 8
      vertex 37.4269 -3.05564 8
    endloop
  endfacet
  facet normal 0 0 1
    outer loop
      vertex 38.5673 0.682816 8
      vertex 36.6057 1.073 8
      vertex 38.5169 0.34306 8
    endloop
  endfacet
  facet normal 0 0 1
    outer loop
      vertex 38.7664 -1.33939 8
      vertex 36.9187 -2.10476 8
      vertex 37.1494 -2.59268 8
    endloop
  endfacet
  facet normal -0 0 1
    outer loop
      vertex 36.5265 0.539094 8
      vertex 38.5169 0.34306 8
      vertex 36.6057 1.073 8
    endloop
  endfacet
  facet normal 0 0 1
    outer loop
      vertex 38.6507 -1.016 8
      vertex 36.7368 -1.59657 8
      vertex 36.9187 -2.10476 8
    endloop
  endfacet
  facet normal 0 0 1
    outer loop
      vertex 38.5169 0.34306 8
      vertex 36.5265 0.539094 8
      vertex 38.5 0 8
    endloop
  endfacet
  facet normal 0 0 1
    outer loop
      vertex 38.5673 -0.682816 8
      vertex 36.6057 -1.073 8
      vertex 36.7368 -1.59657 8
    endloop
  endfacet
  facet normal 0 0 1
    outer loop
      vertex 36.5 0 8
      vertex 38.5 0 8
      vertex 36.5265 0.539094 8
    endloop
  endfacet
  facet normal 0 0 1
    outer loop
      vertex 38.5169 -0.34306 8
      vertex 36.5265 -0.539094 8
      vertex 36.6057 -1.073 8
    endloop
  endfacet
  facet normal 0 0 1
    outer loop
      vertex 38.5 0 8
      vertex 36.5 0 8
      vertex 36.5265 -0.539094 8
    endloop
  endfacet
  facet normal 0.671581 0.740931 -0
    outer loop
      vertex 45.8891 3.88909 2
      vertex 45.4892 4.25156 8
      vertex 45.8891 3.88909 8
    endloop
  endfacet
  facet normal 0.671581 0.740931 0
    outer loop
      vertex 45.4892 4.25156 8
      vertex 45.8891 3.88909 2
      vertex 45.4892 4.25156 2
    endloop
  endfacet
  facet normal -0.595628 -0.80326 0
    outer loop
      vertex 38.5108 -4.25156 2
      vertex 38.9444 -4.57308 8
      vertex 38.5108 -4.25156 8
    endloop
  endfacet
  facet normal -0.595628 -0.80326 -0
    outer loop
      vertex 38.9444 -4.57308 8
      vertex 38.5108 -4.25156 2
      vertex 38.9444 -4.57308 2
    endloop
  endfacet
  facet normal 0.514175 0.857685 -0
    outer loop
      vertex 45.0556 4.57308 2
      vertex 44.8 4.72631 8
      vertex 45.0556 4.57308 8
    endloop
  endfacet
  facet normal 0.514175 0.857685 0
    outer loop
      vertex 44.8 4.72631 8
      vertex 45.0556 4.57308 2
      vertex 44.8 4.72631 2
    endloop
  endfacet
  facet normal -0.427571 -0.903982 0
    outer loop
      vertex 39.4073 -4.85057 2
      vertex 39.8952 -5.08134 8
      vertex 39.4073 -4.85057 8
    endloop
  endfacet
  facet normal -0.427571 -0.903982 -0
    outer loop
      vertex 39.8952 -5.08134 8
      vertex 39.4073 -4.85057 2
      vertex 39.8952 -5.08134 2
    endloop
  endfacet
  facet normal -0.242972 -0.970033 0
    outer loop
      vertex 40.4034 -5.26317 2
      vertex 40.927 -5.39432 8
      vertex 40.4034 -5.26317 8
    endloop
  endfacet
  facet normal -0.242972 -0.970033 -0
    outer loop
      vertex 40.927 -5.39432 8
      vertex 40.4034 -5.26317 2
      vertex 40.927 -5.39432 2
    endloop
  endfacet
  facet normal -0.998794 -0.0490973 0
    outer loop
      vertex 36.5265 -0.539094 2
      vertex 36.5 0 8
      vertex 36.5 0 2
    endloop
  endfacet
  facet normal -0.998794 -0.0490973 0
    outer loop
      vertex 36.5 0 8
      vertex 36.5265 -0.539094 2
      vertex 36.5265 -0.539094 8
    endloop
  endfacet
  facet normal 0.595628 0.80326 -0
    outer loop
      vertex 45.4892 4.25156 2
      vertex 45.0556 4.57308 8
      vertex 45.4892 4.25156 8
    endloop
  endfacet
  facet normal 0.595628 0.80326 0
    outer loop
      vertex 45.0556 4.57308 8
      vertex 45.4892 4.25156 2
      vertex 45.0556 4.57308 2
    endloop
  endfacet
  facet normal 0.970052 -0.242897 0
    outer loop
      vertex 47.2632 -1.59657 8
      vertex 47.3943 -1.073 2
      vertex 47.3943 -1.073 8
    endloop
  endfacet
  facet normal 0.970052 -0.242897 0
    outer loop
      vertex 47.3943 -1.073 2
      vertex 47.2632 -1.59657 8
      vertex 47.2632 -1.59657 2
    endloop
  endfacet
  facet normal -0.336879 -0.941548 0
    outer loop
      vertex 39.8952 -5.08134 2
      vertex 40.4034 -5.26317 8
      vertex 39.8952 -5.08134 8
    endloop
  endfacet
  facet normal -0.336879 -0.941548 -0
    outer loop
      vertex 40.4034 -5.26317 8
      vertex 39.8952 -5.08134 2
      vertex 40.4034 -5.26317 2
    endloop
  endfacet
  facet normal -0.740928 0.671584 0
    outer loop
      vertex 37.7484 3.48916 2
      vertex 38.1109 3.88909 8
      vertex 38.1109 3.88909 2
    endloop
  endfacet
  facet normal -0.740928 0.671584 0
    outer loop
      vertex 38.1109 3.88909 8
      vertex 37.7484 3.48916 2
      vertex 37.7484 3.48916 8
    endloop
  endfacet
  facet normal 0.0490598 -0.998796 0
    outer loop
      vertex 42 -5.5 2
      vertex 42.5391 -5.47352 8
      vertex 42 -5.5 8
    endloop
  endfacet
  facet normal 0.0490598 -0.998796 0
    outer loop
      vertex 42.5391 -5.47352 8
      vertex 42 -5.5 2
      vertex 42.5391 -5.47352 2
    endloop
  endfacet
  facet normal 0.803226 0.595675 0
    outer loop
      vertex 46.5731 3.05564 8
      vertex 46.2516 3.48916 2
      vertex 46.2516 3.48916 8
    endloop
  endfacet
  facet normal 0.803226 0.595675 0
    outer loop
      vertex 46.2516 3.48916 2
      vertex 46.5731 3.05564 8
      vertex 46.5731 3.05564 2
    endloop
  endfacet
  facet normal -0.970052 -0.242897 0
    outer loop
      vertex 36.7368 -1.59657 2
      vertex 36.6057 -1.073 8
      vertex 36.6057 -1.073 2
    endloop
  endfacet
  facet normal -0.970052 -0.242897 0
    outer loop
      vertex 36.6057 -1.073 8
      vertex 36.7368 -1.59657 2
      vertex 36.7368 -1.59657 8
    endloop
  endfacet
  facet normal -0.904039 -0.427451 0
    outer loop
      vertex 37.1494 -2.59268 2
      vertex 36.9187 -2.10476 8
      vertex 36.9187 -2.10476 2
    endloop
  endfacet
  facet normal -0.904039 -0.427451 0
    outer loop
      vertex 36.9187 -2.10476 8
      vertex 37.1494 -2.59268 2
      vertex 37.1494 -2.59268 8
    endloop
  endfacet
  facet normal 0.989176 -0.146735 0
    outer loop
      vertex 47.3943 -1.073 8
      vertex 47.4735 -0.539094 2
      vertex 47.4735 -0.539094 8
    endloop
  endfacet
  facet normal 0.989176 -0.146735 0
    outer loop
      vertex 47.4735 -0.539094 2
      vertex 47.3943 -1.073 8
      vertex 47.3943 -1.073 2
    endloop
  endfacet
  facet normal 0.514155 -0.857697 0
    outer loop
      vertex 44.5927 -4.85057 2
      vertex 45.0556 -4.57308 8
      vertex 44.5927 -4.85057 8
    endloop
  endfacet
  facet normal 0.514155 -0.857697 0
    outer loop
      vertex 45.0556 -4.57308 8
      vertex 44.5927 -4.85057 2
      vertex 45.0556 -4.57308 2
    endloop
  endfacet
  facet normal 0.904039 -0.427451 0
    outer loop
      vertex 46.8506 -2.59268 8
      vertex 47.0813 -2.10476 2
      vertex 47.0813 -2.10476 8
    endloop
  endfacet
  facet normal 0.904039 -0.427451 0
    outer loop
      vertex 47.0813 -2.10476 2
      vertex 46.8506 -2.59268 8
      vertex 46.8506 -2.59268 2
    endloop
  endfacet
  facet normal 0.740928 0.671584 0
    outer loop
      vertex 46.2516 3.48916 8
      vertex 45.8891 3.88909 2
      vertex 45.8891 3.88909 8
    endloop
  endfacet
  facet normal 0.740928 0.671584 0
    outer loop
      vertex 45.8891 3.88909 2
      vertex 46.2516 3.48916 8
      vertex 46.2516 3.48916 2
    endloop
  endfacet
  facet normal 0.998794 -0.0490973 0
    outer loop
      vertex 47.4735 -0.539094 8
      vertex 47.5 0 2
      vertex 47.5 0 8
    endloop
  endfacet
  facet normal 0.998794 -0.0490973 0
    outer loop
      vertex 47.5 0 2
      vertex 47.4735 -0.539094 8
      vertex 47.4735 -0.539094 2
    endloop
  endfacet
  facet normal -0.941505 -0.336999 0
    outer loop
      vertex 36.9187 -2.10476 2
      vertex 36.7368 -1.59657 8
      vertex 36.7368 -1.59657 2
    endloop
  endfacet
  facet normal -0.941505 -0.336999 0
    outer loop
      vertex 36.7368 -1.59657 8
      vertex 36.9187 -2.10476 2
      vertex 36.9187 -2.10476 8
    endloop
  endfacet
  facet normal -0.941505 0.336999 0
    outer loop
      vertex 36.7368 1.59657 2
      vertex 36.9187 2.10476 8
      vertex 36.9187 2.10476 2
    endloop
  endfacet
  facet normal -0.941505 0.336999 0
    outer loop
      vertex 36.9187 2.10476 8
      vertex 36.7368 1.59657 2
      vertex 36.7368 1.59657 8
    endloop
  endfacet
  facet normal -0.857718 -0.51412 0
    outer loop
      vertex 37.4269 -3.05564 2
      vertex 37.1494 -2.59268 8
      vertex 37.1494 -2.59268 2
    endloop
  endfacet
  facet normal -0.857718 -0.51412 0
    outer loop
      vertex 37.1494 -2.59268 8
      vertex 37.4269 -3.05564 2
      vertex 37.4269 -3.05564 8
    endloop
  endfacet
  facet normal 0.242972 -0.970033 0
    outer loop
      vertex 43.073 -5.39432 2
      vertex 43.5966 -5.26317 8
      vertex 43.073 -5.39432 8
    endloop
  endfacet
  facet normal 0.242972 -0.970033 0
    outer loop
      vertex 43.5966 -5.26317 8
      vertex 43.073 -5.39432 2
      vertex 43.5966 -5.26317 2
    endloop
  endfacet
  facet normal 0.146737 -0.989176 0
    outer loop
      vertex 42.5391 -5.47352 2
      vertex 43.073 -5.39432 8
      vertex 42.5391 -5.47352 8
    endloop
  endfacet
  facet normal 0.146737 -0.989176 0
    outer loop
      vertex 43.073 -5.39432 8
      vertex 42.5391 -5.47352 2
      vertex 43.073 -5.39432 2
    endloop
  endfacet
  facet normal 0.941505 0.336999 0
    outer loop
      vertex 47.2632 1.59657 8
      vertex 47.0813 2.10476 2
      vertex 47.0813 2.10476 8
    endloop
  endfacet
  facet normal 0.941505 0.336999 0
    outer loop
      vertex 47.0813 2.10476 2
      vertex 47.2632 1.59657 8
      vertex 47.2632 1.59657 2
    endloop
  endfacet
  facet normal -0.998794 0.0490973 0
    outer loop
      vertex 36.5 0 2
      vertex 36.5265 0.539094 8
      vertex 36.5265 0.539094 2
    endloop
  endfacet
  facet normal -0.998794 0.0490973 0
    outer loop
      vertex 36.5265 0.539094 8
      vertex 36.5 0 2
      vertex 36.5 0 8
    endloop
  endfacet
  facet normal 0.803226 -0.595675 0
    outer loop
      vertex 46.2516 -3.48916 8
      vertex 46.5731 -3.05564 2
      vertex 46.5731 -3.05564 8
    endloop
  endfacet
  facet normal 0.803226 -0.595675 0
    outer loop
      vertex 46.5731 -3.05564 2
      vertex 46.2516 -3.48916 8
      vertex 46.2516 -3.48916 2
    endloop
  endfacet
  facet normal 0.857718 -0.51412 0
    outer loop
      vertex 46.5731 -3.05564 8
      vertex 46.8506 -2.59268 2
      vertex 46.8506 -2.59268 8
    endloop
  endfacet
  facet normal 0.857718 -0.51412 0
    outer loop
      vertex 46.8506 -2.59268 2
      vertex 46.5731 -3.05564 8
      vertex 46.5731 -3.05564 2
    endloop
  endfacet
  facet normal 0.941505 -0.336999 0
    outer loop
      vertex 47.0813 -2.10476 8
      vertex 47.2632 -1.59657 2
      vertex 47.2632 -1.59657 8
    endloop
  endfacet
  facet normal 0.941505 -0.336999 0
    outer loop
      vertex 47.2632 -1.59657 2
      vertex 47.0813 -2.10476 8
      vertex 47.0813 -2.10476 2
    endloop
  endfacet
  facet normal 0.904039 0.427451 0
    outer loop
      vertex 47.0813 2.10476 8
      vertex 46.8506 2.59268 2
      vertex 46.8506 2.59268 8
    endloop
  endfacet
  facet normal 0.904039 0.427451 0
    outer loop
      vertex 46.8506 2.59268 2
      vertex 47.0813 2.10476 8
      vertex 47.0813 2.10476 2
    endloop
  endfacet
  facet normal -0.146737 -0.989176 0
    outer loop
      vertex 40.927 -5.39432 2
      vertex 41.4609 -5.47352 8
      vertex 40.927 -5.39432 8
    endloop
  endfacet
  facet normal -0.146737 -0.989176 -0
    outer loop
      vertex 41.4609 -5.47352 8
      vertex 40.927 -5.39432 2
      vertex 41.4609 -5.47352 2
    endloop
  endfacet
  facet normal 0.857718 0.51412 0
    outer loop
      vertex 46.8506 2.59268 8
      vertex 46.5731 3.05564 2
      vertex 46.5731 3.05564 8
    endloop
  endfacet
  facet normal 0.857718 0.51412 0
    outer loop
      vertex 46.5731 3.05564 2
      vertex 46.8506 2.59268 8
      vertex 46.8506 2.59268 2
    endloop
  endfacet
  facet normal -0.740928 -0.671584 0
    outer loop
      vertex 38.1109 -3.88909 2
      vertex 37.7484 -3.48916 8
      vertex 37.7484 -3.48916 2
    endloop
  endfacet
  facet normal -0.740928 -0.671584 0
    outer loop
      vertex 37.7484 -3.48916 8
      vertex 38.1109 -3.88909 2
      vertex 38.1109 -3.88909 8
    endloop
  endfacet
  facet normal -0.671581 0.740931 0
    outer loop
      vertex 38.5108 4.25156 2
      vertex 38.1109 3.88909 8
      vertex 38.5108 4.25156 8
    endloop
  endfacet
  facet normal -0.671581 0.740931 0
    outer loop
      vertex 38.1109 3.88909 8
      vertex 38.5108 4.25156 2
      vertex 38.1109 3.88909 2
    endloop
  endfacet
  facet normal -0.904039 0.427451 0
    outer loop
      vertex 36.9187 2.10476 2
      vertex 37.1494 2.59268 8
      vertex 37.1494 2.59268 2
    endloop
  endfacet
  facet normal -0.904039 0.427451 0
    outer loop
      vertex 37.1494 2.59268 8
      vertex 36.9187 2.10476 2
      vertex 36.9187 2.10476 8
    endloop
  endfacet
  facet normal -0.514155 -0.857697 0
    outer loop
      vertex 38.9444 -4.57308 2
      vertex 39.4073 -4.85057 8
      vertex 38.9444 -4.57308 8
    endloop
  endfacet
  facet normal -0.514155 -0.857697 -0
    outer loop
      vertex 39.4073 -4.85057 8
      vertex 38.9444 -4.57308 2
      vertex 39.4073 -4.85057 2
    endloop
  endfacet
  facet normal 0.671581 -0.740931 0
    outer loop
      vertex 45.4892 -4.25156 2
      vertex 45.8891 -3.88909 8
      vertex 45.4892 -4.25156 8
    endloop
  endfacet
  facet normal 0.671581 -0.740931 0
    outer loop
      vertex 45.8891 -3.88909 8
      vertex 45.4892 -4.25156 2
      vertex 45.8891 -3.88909 2
    endloop
  endfacet
  facet normal -0.803226 -0.595675 0
    outer loop
      vertex 37.7484 -3.48916 2
      vertex 37.4269 -3.05564 8
      vertex 37.4269 -3.05564 2
    endloop
  endfacet
  facet normal -0.803226 -0.595675 0
    outer loop
      vertex 37.4269 -3.05564 8
      vertex 37.7484 -3.48916 2
      vertex 37.7484 -3.48916 8
    endloop
  endfacet
  facet normal -0.989176 -0.146735 0
    outer loop
      vertex 36.6057 -1.073 2
      vertex 36.5265 -0.539094 8
      vertex 36.5265 -0.539094 2
    endloop
  endfacet
  facet normal -0.989176 -0.146735 0
    outer loop
      vertex 36.5265 -0.539094 8
      vertex 36.6057 -1.073 2
      vertex 36.6057 -1.073 8
    endloop
  endfacet
  facet normal 0.595628 -0.80326 0
    outer loop
      vertex 45.0556 -4.57308 2
      vertex 45.4892 -4.25156 8
      vertex 45.0556 -4.57308 8
    endloop
  endfacet
  facet normal 0.595628 -0.80326 0
    outer loop
      vertex 45.4892 -4.25156 8
      vertex 45.0556 -4.57308 2
      vertex 45.4892 -4.25156 2
    endloop
  endfacet
  facet normal -0.671581 -0.740931 0
    outer loop
      vertex 38.1109 -3.88909 2
      vertex 38.5108 -4.25156 8
      vertex 38.1109 -3.88909 8
    endloop
  endfacet
  facet normal -0.671581 -0.740931 -0
    outer loop
      vertex 38.5108 -4.25156 8
      vertex 38.1109 -3.88909 2
      vertex 38.5108 -4.25156 2
    endloop
  endfacet
  facet normal -0.803226 0.595675 0
    outer loop
      vertex 37.4269 3.05564 2
      vertex 37.7484 3.48916 8
      vertex 37.7484 3.48916 2
    endloop
  endfacet
  facet normal -0.803226 0.595675 0
    outer loop
      vertex 37.7484 3.48916 8
      vertex 37.4269 3.05564 2
      vertex 37.4269 3.05564 8
    endloop
  endfacet
  facet normal -0.0490598 -0.998796 0
    outer loop
      vertex 41.4609 -5.47352 2
      vertex 42 -5.5 8
      vertex 41.4609 -5.47352 8
    endloop
  endfacet
  facet normal -0.0490598 -0.998796 -0
    outer loop
      vertex 42 -5.5 8
      vertex 41.4609 -5.47352 2
      vertex 42 -5.5 2
    endloop
  endfacet
  facet normal -0.989176 0.146735 0
    outer loop
      vertex 36.5265 0.539094 2
      vertex 36.6057 1.073 8
      vertex 36.6057 1.073 2
    endloop
  endfacet
  facet normal -0.989176 0.146735 0
    outer loop
      vertex 36.6057 1.073 8
      vertex 36.5265 0.539094 2
      vertex 36.5265 0.539094 8
    endloop
  endfacet
  facet normal 0.740928 -0.671584 0
    outer loop
      vertex 45.8891 -3.88909 8
      vertex 46.2516 -3.48916 2
      vertex 46.2516 -3.48916 8
    endloop
  endfacet
  facet normal 0.740928 -0.671584 0
    outer loop
      vertex 46.2516 -3.48916 2
      vertex 45.8891 -3.88909 8
      vertex 45.8891 -3.88909 2
    endloop
  endfacet
  facet normal -0.857718 0.51412 0
    outer loop
      vertex 37.1494 2.59268 2
      vertex 37.4269 3.05564 8
      vertex 37.4269 3.05564 2
    endloop
  endfacet
  facet normal -0.857718 0.51412 0
    outer loop
      vertex 37.4269 3.05564 8
      vertex 37.1494 2.59268 2
      vertex 37.1494 2.59268 8
    endloop
  endfacet
  facet normal -0.989176 -0.146736 0
    outer loop
      vertex 45.4831 0.34306 2
      vertex 45.4327 0.682816 8
      vertex 45.4327 0.682816 2
    endloop
  endfacet
  facet normal -0.989176 -0.146736 0
    outer loop
      vertex 45.4327 0.682816 8
      vertex 45.4831 0.34306 2
      vertex 45.4831 0.34306 8
    endloop
  endfacet
  facet normal -0.998789 -0.0492029 0
    outer loop
      vertex 45.5 0 2
      vertex 45.4831 0.34306 8
      vertex 45.4831 0.34306 2
    endloop
  endfacet
  facet normal -0.998789 -0.0492029 0
    outer loop
      vertex 45.4831 0.34306 8
      vertex 45.5 0 2
      vertex 45.5 0 8
    endloop
  endfacet
  facet normal -0.970071 -0.242821 0
    outer loop
      vertex 45.4327 0.682816 2
      vertex 45.3493 1.016 8
      vertex 45.3493 1.016 2
    endloop
  endfacet
  facet normal -0.970071 -0.242821 0
    outer loop
      vertex 45.3493 1.016 8
      vertex 45.4327 0.682816 2
      vertex 45.4327 0.682816 8
    endloop
  endfacet
  facet normal -0.595659 0.803237 0
    outer loop
      vertex 44.2204 -2.70554 2
      vertex 43.9445 -2.91014 8
      vertex 44.2204 -2.70554 8
    endloop
  endfacet
  facet normal -0.595659 0.803237 0
    outer loop
      vertex 43.9445 -2.91014 8
      vertex 44.2204 -2.70554 2
      vertex 43.9445 -2.91014 2
    endloop
  endfacet
  facet normal -0.427566 0.903984 0
    outer loop
      vertex 43.6499 -3.08672 2
      vertex 43.3394 -3.23358 8
      vertex 43.6499 -3.08672 8
    endloop
  endfacet
  facet normal -0.427566 0.903984 0
    outer loop
      vertex 43.3394 -3.23358 8
      vertex 43.6499 -3.08672 2
      vertex 43.3394 -3.23358 2
    endloop
  endfacet
  facet normal 0.671566 0.740944 -0
    outer loop
      vertex 39.7796 -2.70554 2
      vertex 39.5251 -2.47487 8
      vertex 39.7796 -2.70554 8
    endloop
  endfacet
  facet normal 0.671566 0.740944 0
    outer loop
      vertex 39.5251 -2.47487 8
      vertex 39.7796 -2.70554 2
      vertex 39.5251 -2.47487 2
    endloop
  endfacet
  facet normal 0.14676 0.989172 -0
    outer loop
      vertex 41.6569 -3.48315 2
      vertex 41.3172 -3.43275 8
      vertex 41.6569 -3.48315 8
    endloop
  endfacet
  facet normal 0.14676 0.989172 0
    outer loop
      vertex 41.3172 -3.43275 8
      vertex 41.6569 -3.48315 2
      vertex 41.3172 -3.43275 2
    endloop
  endfacet
  facet normal 0.970071 0.242821 0
    outer loop
      vertex 38.6507 -1.016 8
      vertex 38.5673 -0.682816 2
      vertex 38.5673 -0.682816 8
    endloop
  endfacet
  facet normal 0.970071 0.242821 0
    outer loop
      vertex 38.5673 -0.682816 2
      vertex 38.6507 -1.016 8
      vertex 38.6507 -1.016 2
    endloop
  endfacet
  facet normal -0.857706 -0.51414 0
    outer loop
      vertex 45.0867 1.64989 2
      vertex 44.9101 1.9445 8
      vertex 44.9101 1.9445 2
    endloop
  endfacet
  facet normal -0.857706 -0.51414 0
    outer loop
      vertex 44.9101 1.9445 8
      vertex 45.0867 1.64989 2
      vertex 45.0867 1.64989 8
    endloop
  endfacet
  facet normal 0.941554 0.336862 0
    outer loop
      vertex 38.7664 -1.33939 8
      vertex 38.6507 -1.016 2
      vertex 38.6507 -1.016 8
    endloop
  endfacet
  facet normal 0.941554 0.336862 0
    outer loop
      vertex 38.6507 -1.016 2
      vertex 38.7664 -1.33939 8
      vertex 38.7664 -1.33939 2
    endloop
  endfacet
  facet normal -0.336879 0.941548 0
    outer loop
      vertex 43.3394 -3.23358 2
      vertex 43.016 -3.34929 8
      vertex 43.3394 -3.23358 8
    endloop
  endfacet
  facet normal -0.336879 0.941548 0
    outer loop
      vertex 43.016 -3.34929 8
      vertex 43.3394 -3.23358 2
      vertex 43.016 -3.34929 2
    endloop
  endfacet
  facet normal -0.941554 -0.336862 0
    outer loop
      vertex 45.3493 1.016 2
      vertex 45.2336 1.33939 8
      vertex 45.2336 1.33939 2
    endloop
  endfacet
  facet normal -0.941554 -0.336862 0
    outer loop
      vertex 45.2336 1.33939 8
      vertex 45.3493 1.016 2
      vertex 45.3493 1.016 8
    endloop
  endfacet
  facet normal 0.998789 0.0492029 0
    outer loop
      vertex 38.5169 -0.34306 8
      vertex 38.5 0 2
      vertex 38.5 0 8
    endloop
  endfacet
  facet normal 0.998789 0.0492029 0
    outer loop
      vertex 38.5 0 2
      vertex 38.5169 -0.34306 8
      vertex 38.5169 -0.34306 2
    endloop
  endfacet
  facet normal -0.903939 0.427661 0
    outer loop
      vertex 45.0867 -1.64989 2
      vertex 45.2336 -1.33939 8
      vertex 45.2336 -1.33939 2
    endloop
  endfacet
  facet normal -0.903939 0.427661 0
    outer loop
      vertex 45.2336 -1.33939 8
      vertex 45.0867 -1.64989 2
      vertex 45.0867 -1.64989 8
    endloop
  endfacet
  facet normal -0.998789 0.0492029 0
    outer loop
      vertex 45.4831 -0.34306 2
      vertex 45.5 0 8
      vertex 45.5 0 2
    endloop
  endfacet
  facet normal -0.998789 0.0492029 0
    outer loop
      vertex 45.5 0 8
      vertex 45.4831 -0.34306 2
      vertex 45.4831 -0.34306 8
    endloop
  endfacet
  facet normal 0.336879 0.941548 -0
    outer loop
      vertex 40.984 -3.34929 2
      vertex 40.6606 -3.23358 8
      vertex 40.984 -3.34929 8
    endloop
  endfacet
  facet normal 0.336879 0.941548 0
    outer loop
      vertex 40.6606 -3.23358 8
      vertex 40.984 -3.34929 2
      vertex 40.6606 -3.23358 2
    endloop
  endfacet
  facet normal 0.0490519 0.998796 -0
    outer loop
      vertex 42 -3.5 2
      vertex 41.6569 -3.48315 8
      vertex 42 -3.5 8
    endloop
  endfacet
  facet normal 0.0490519 0.998796 0
    outer loop
      vertex 41.6569 -3.48315 8
      vertex 42 -3.5 2
      vertex 41.6569 -3.48315 2
    endloop
  endfacet
  facet normal -0.0490519 0.998796 0
    outer loop
      vertex 42.3431 -3.48315 2
      vertex 42 -3.5 8
      vertex 42.3431 -3.48315 8
    endloop
  endfacet
  facet normal -0.0490519 0.998796 0
    outer loop
      vertex 42 -3.5 8
      vertex 42.3431 -3.48315 2
      vertex 42 -3.5 2
    endloop
  endfacet
  facet normal -0.803318 -0.595551 0
    outer loop
      vertex 44.9101 1.9445 2
      vertex 44.8 2.09301 8
      vertex 44.8 2.09301 2
    endloop
  endfacet
  facet normal -0.803318 -0.595551 0
    outer loop
      vertex 44.8 2.09301 8
      vertex 44.9101 1.9445 2
      vertex 44.9101 1.9445 8
    endloop
  endfacet
  facet normal -0.14676 0.989172 0
    outer loop
      vertex 42.6828 -3.43275 2
      vertex 42.3431 -3.48315 8
      vertex 42.6828 -3.43275 8
    endloop
  endfacet
  facet normal -0.14676 0.989172 0
    outer loop
      vertex 42.3431 -3.48315 8
      vertex 42.6828 -3.43275 2
      vertex 42.3431 -3.48315 2
    endloop
  endfacet
  facet normal -0.941554 0.336862 0
    outer loop
      vertex 45.2336 -1.33939 2
      vertex 45.3493 -1.016 8
      vertex 45.3493 -1.016 2
    endloop
  endfacet
  facet normal -0.941554 0.336862 0
    outer loop
      vertex 45.3493 -1.016 8
      vertex 45.2336 -1.33939 2
      vertex 45.2336 -1.33939 8
    endloop
  endfacet
  facet normal -0.741033 0.671469 0
    outer loop
      vertex 44.4749 -2.47487 2
      vertex 44.7055 -2.22038 8
      vertex 44.7055 -2.22038 2
    endloop
  endfacet
  facet normal -0.741033 0.671469 0
    outer loop
      vertex 44.7055 -2.22038 8
      vertex 44.4749 -2.47487 2
      vertex 44.4749 -2.47487 8
    endloop
  endfacet
  facet normal 0.857706 -0.51414 0
    outer loop
      vertex 38.9133 1.64989 8
      vertex 39.0899 1.9445 2
      vertex 39.0899 1.9445 8
    endloop
  endfacet
  facet normal 0.857706 -0.51414 0
    outer loop
      vertex 39.0899 1.9445 2
      vertex 38.9133 1.64989 8
      vertex 38.9133 1.64989 2
    endloop
  endfacet
  facet normal -0.903939 -0.427661 0
    outer loop
      vertex 45.2336 1.33939 2
      vertex 45.0867 1.64989 8
      vertex 45.0867 1.64989 2
    endloop
  endfacet
  facet normal -0.903939 -0.427661 0
    outer loop
      vertex 45.0867 1.64989 8
      vertex 45.2336 1.33939 2
      vertex 45.2336 1.33939 8
    endloop
  endfacet
  facet normal -0.989176 0.146736 0
    outer loop
      vertex 45.4327 -0.682816 2
      vertex 45.4831 -0.34306 8
      vertex 45.4831 -0.34306 2
    endloop
  endfacet
  facet normal -0.989176 0.146736 0
    outer loop
      vertex 45.4831 -0.34306 8
      vertex 45.4327 -0.682816 2
      vertex 45.4327 -0.682816 8
    endloop
  endfacet
  facet normal -0.51411 0.857724 0
    outer loop
      vertex 43.9445 -2.91014 2
      vertex 43.6499 -3.08672 8
      vertex 43.9445 -2.91014 8
    endloop
  endfacet
  facet normal -0.51411 0.857724 0
    outer loop
      vertex 43.6499 -3.08672 8
      vertex 43.9445 -2.91014 2
      vertex 43.6499 -3.08672 2
    endloop
  endfacet
  facet normal 0.941554 -0.336862 0
    outer loop
      vertex 38.6507 1.016 8
      vertex 38.7664 1.33939 2
      vertex 38.7664 1.33939 8
    endloop
  endfacet
  facet normal 0.941554 -0.336862 0
    outer loop
      vertex 38.7664 1.33939 2
      vertex 38.6507 1.016 8
      vertex 38.6507 1.016 2
    endloop
  endfacet
  facet normal -0.242974 0.970033 0
    outer loop
      vertex 43.016 -3.34929 2
      vertex 42.6828 -3.43275 8
      vertex 43.016 -3.34929 8
    endloop
  endfacet
  facet normal -0.242974 0.970033 0
    outer loop
      vertex 42.6828 -3.43275 8
      vertex 43.016 -3.34929 2
      vertex 42.6828 -3.43275 2
    endloop
  endfacet
  facet normal 0.903939 0.427661 0
    outer loop
      vertex 38.9133 -1.64989 8
      vertex 38.7664 -1.33939 2
      vertex 38.7664 -1.33939 8
    endloop
  endfacet
  facet normal 0.903939 0.427661 0
    outer loop
      vertex 38.7664 -1.33939 2
      vertex 38.9133 -1.64989 8
      vertex 38.9133 -1.64989 2
    endloop
  endfacet
  facet normal 0.970071 -0.242821 0
    outer loop
      vertex 38.5673 0.682816 8
      vertex 38.6507 1.016 2
      vertex 38.6507 1.016 8
    endloop
  endfacet
  facet normal 0.970071 -0.242821 0
    outer loop
      vertex 38.6507 1.016 2
      vertex 38.5673 0.682816 8
      vertex 38.5673 0.682816 2
    endloop
  endfacet
  facet normal 0.741033 0.671469 0
    outer loop
      vertex 39.5251 -2.47487 8
      vertex 39.2945 -2.22038 2
      vertex 39.2945 -2.22038 8
    endloop
  endfacet
  facet normal 0.741033 0.671469 0
    outer loop
      vertex 39.2945 -2.22038 2
      vertex 39.5251 -2.47487 8
      vertex 39.5251 -2.47487 2
    endloop
  endfacet
  facet normal 0.989176 -0.146736 0
    outer loop
      vertex 38.5169 0.34306 8
      vertex 38.5673 0.682816 2
      vertex 38.5673 0.682816 8
    endloop
  endfacet
  facet normal 0.989176 -0.146736 0
    outer loop
      vertex 38.5673 0.682816 2
      vertex 38.5169 0.34306 8
      vertex 38.5169 0.34306 2
    endloop
  endfacet
  facet normal 0.998789 -0.0492029 0
    outer loop
      vertex 38.5 0 8
      vertex 38.5169 0.34306 2
      vertex 38.5169 0.34306 8
    endloop
  endfacet
  facet normal 0.998789 -0.0492029 0
    outer loop
      vertex 38.5169 0.34306 2
      vertex 38.5 0 8
      vertex 38.5 0 2
    endloop
  endfacet
  facet normal 0.989176 0.146736 0
    outer loop
      vertex 38.5673 -0.682816 8
      vertex 38.5169 -0.34306 2
      vertex 38.5169 -0.34306 8
    endloop
  endfacet
  facet normal 0.989176 0.146736 0
    outer loop
      vertex 38.5169 -0.34306 2
      vertex 38.5673 -0.682816 8
      vertex 38.5673 -0.682816 2
    endloop
  endfacet
  facet normal 0.803318 -0.595551 0
    outer loop
      vertex 39.0899 1.9445 8
      vertex 39.2 2.09301 2
      vertex 39.2 2.09301 8
    endloop
  endfacet
  facet normal 0.803318 -0.595551 0
    outer loop
      vertex 39.2 2.09301 2
      vertex 39.0899 1.9445 8
      vertex 39.0899 1.9445 2
    endloop
  endfacet
  facet normal -0.970071 0.242821 0
    outer loop
      vertex 45.3493 -1.016 2
      vertex 45.4327 -0.682816 8
      vertex 45.4327 -0.682816 2
    endloop
  endfacet
  facet normal -0.970071 0.242821 0
    outer loop
      vertex 45.4327 -0.682816 8
      vertex 45.3493 -1.016 2
      vertex 45.3493 -1.016 8
    endloop
  endfacet
  facet normal 0.803217 0.595687 0
    outer loop
      vertex 39.2945 -2.22038 8
      vertex 39.0899 -1.9445 2
      vertex 39.0899 -1.9445 8
    endloop
  endfacet
  facet normal 0.803217 0.595687 0
    outer loop
      vertex 39.0899 -1.9445 2
      vertex 39.2945 -2.22038 8
      vertex 39.2945 -2.22038 2
    endloop
  endfacet
  facet normal 0.51411 0.857724 -0
    outer loop
      vertex 40.3501 -3.08672 2
      vertex 40.0555 -2.91014 8
      vertex 40.3501 -3.08672 8
    endloop
  endfacet
  facet normal 0.51411 0.857724 0
    outer loop
      vertex 40.0555 -2.91014 8
      vertex 40.3501 -3.08672 2
      vertex 40.0555 -2.91014 2
    endloop
  endfacet
  facet normal 0.595659 0.803237 -0
    outer loop
      vertex 40.0555 -2.91014 2
      vertex 39.7796 -2.70554 8
      vertex 40.0555 -2.91014 8
    endloop
  endfacet
  facet normal 0.595659 0.803237 0
    outer loop
      vertex 39.7796 -2.70554 8
      vertex 40.0555 -2.91014 2
      vertex 39.7796 -2.70554 2
    endloop
  endfacet
  facet normal -0.857706 0.51414 0
    outer loop
      vertex 44.9101 -1.9445 2
      vertex 45.0867 -1.64989 8
      vertex 45.0867 -1.64989 2
    endloop
  endfacet
  facet normal -0.857706 0.51414 0
    outer loop
      vertex 45.0867 -1.64989 8
      vertex 44.9101 -1.9445 2
      vertex 44.9101 -1.9445 8
    endloop
  endfacet
  facet normal 0.427566 0.903984 -0
    outer loop
      vertex 40.6606 -3.23358 2
      vertex 40.3501 -3.08672 8
      vertex 40.6606 -3.23358 8
    endloop
  endfacet
  facet normal 0.427566 0.903984 0
    outer loop
      vertex 40.3501 -3.08672 8
      vertex 40.6606 -3.23358 2
      vertex 40.3501 -3.08672 2
    endloop
  endfacet
  facet normal -0.803217 0.595687 0
    outer loop
      vertex 44.7055 -2.22038 2
      vertex 44.9101 -1.9445 8
      vertex 44.9101 -1.9445 2
    endloop
  endfacet
  facet normal -0.803217 0.595687 0
    outer loop
      vertex 44.9101 -1.9445 8
      vertex 44.7055 -2.22038 2
      vertex 44.7055 -2.22038 8
    endloop
  endfacet
  facet normal 0.242974 0.970033 -0
    outer loop
      vertex 41.3172 -3.43275 2
      vertex 40.984 -3.34929 8
      vertex 41.3172 -3.43275 8
    endloop
  endfacet
  facet normal 0.242974 0.970033 0
    outer loop
      vertex 40.984 -3.34929 8
      vertex 41.3172 -3.43275 2
      vertex 40.984 -3.34929 2
    endloop
  endfacet
  facet normal 0.857706 0.51414 0
    outer loop
      vertex 39.0899 -1.9445 8
      vertex 38.9133 -1.64989 2
      vertex 38.9133 -1.64989 8
    endloop
  endfacet
  facet normal 0.857706 0.51414 0
    outer loop
      vertex 38.9133 -1.64989 2
      vertex 39.0899 -1.9445 8
      vertex 39.0899 -1.9445 2
    endloop
  endfacet
  facet normal 0.903939 -0.427661 0
    outer loop
      vertex 38.7664 1.33939 8
      vertex 38.9133 1.64989 2
      vertex 38.9133 1.64989 8
    endloop
  endfacet
  facet normal 0.903939 -0.427661 0
    outer loop
      vertex 38.9133 1.64989 2
      vertex 38.7664 1.33939 8
      vertex 38.7664 1.33939 2
    endloop
  endfacet
  facet normal -0.671566 0.740944 0
    outer loop
      vertex 44.4749 -2.47487 2
      vertex 44.2204 -2.70554 8
      vertex 44.4749 -2.47487 8
    endloop
  endfacet
  facet normal -0.671566 0.740944 0
    outer loop
      vertex 44.2204 -2.70554 8
      vertex 44.4749 -2.47487 2
      vertex 44.2204 -2.70554 2
    endloop
  endfacet
  facet normal -1 0 0
    outer loop
      vertex 44.8 2.09301 2
      vertex 44.8 4.72631 8
      vertex 44.8 4.72631 2
    endloop
  endfacet
  facet normal -1 -0 0
    outer loop
      vertex 44.8 4.72631 8
      vertex 44.8 2.09301 2
      vertex 44.8 2.09301 8
    endloop
  endfacet
  facet normal 1 -0 0
    outer loop
      vertex 39.2 2.09301 8
      vertex 39.2 4.72631 2
      vertex 39.2 4.72631 8
    endloop
  endfacet
  facet normal 1 0 0
    outer loop
      vertex 39.2 4.72631 2
      vertex 39.2 2.09301 8
      vertex 39.2 2.09301 2
    endloop
  endfacet
  facet normal 0.336788 0.94158 -0
    outer loop
      vertex -4.58057 33.0861 8
      vertex -4.76537 33.1522 16
      vertex -4.58057 33.0861 16
    endloop
  endfacet
  facet normal 0.336788 0.94158 0
    outer loop
      vertex -4.76537 33.1522 16
      vertex -4.58057 33.0861 8
      vertex -4.76537 33.1522 8
    endloop
  endfacet
  facet normal -0.989182 -0.146696 0
    outer loop
      vertex -2.00963 35.196 8
      vertex -2.03843 35.3902 16
      vertex -2.03843 35.3902 8
    endloop
  endfacet
  facet normal -0.989182 -0.146696 0
    outer loop
      vertex -2.03843 35.3902 16
      vertex -2.00963 35.196 8
      vertex -2.00963 35.196 16
    endloop
  endfacet
  facet normal -0.998795 -0.0490735 0
    outer loop
      vertex -2 35 8
      vertex -2.00963 35.196 16
      vertex -2.00963 35.196 8
    endloop
  endfacet
  facet normal -0.998795 -0.0490735 0
    outer loop
      vertex -2.00963 35.196 16
      vertex -2 35 8
      vertex -2 35 16
    endloop
  endfacet
  facet normal -0.970035 -0.242967 0
    outer loop
      vertex -2.03843 35.3902 8
      vertex -2.08612 35.5806 16
      vertex -2.08612 35.5806 8
    endloop
  endfacet
  facet normal -0.970035 -0.242967 0
    outer loop
      vertex -2.08612 35.5806 16
      vertex -2.03843 35.3902 8
      vertex -2.03843 35.3902 16
    endloop
  endfacet
  facet normal 0.989182 -0.146696 0
    outer loop
      vertex -5.99037 35.196 16
      vertex -5.96157 35.3902 8
      vertex -5.96157 35.3902 16
    endloop
  endfacet
  facet normal 0.989182 -0.146696 0
    outer loop
      vertex -5.96157 35.3902 8
      vertex -5.99037 35.196 16
      vertex -5.99037 35.196 8
    endloop
  endfacet
  facet normal 0.243027 0.970019 -0
    outer loop
      vertex -4.39018 33.0384 8
      vertex -4.58057 33.0861 16
      vertex -4.39018 33.0384 16
    endloop
  endfacet
  facet normal 0.243027 0.970019 0
    outer loop
      vertex -4.58057 33.0861 16
      vertex -4.39018 33.0384 8
      vertex -4.58057 33.0861 8
    endloop
  endfacet
  facet normal 0.903958 0.427622 0
    outer loop
      vertex -5.76384 34.0572 16
      vertex -5.84776 34.2346 8
      vertex -5.84776 34.2346 16
    endloop
  endfacet
  facet normal 0.903958 0.427622 0
    outer loop
      vertex -5.84776 34.2346 8
      vertex -5.76384 34.0572 16
      vertex -5.76384 34.0572 8
    endloop
  endfacet
  facet normal 0.857673 0.514196 0
    outer loop
      vertex -5.66294 33.8889 16
      vertex -5.76384 34.0572 8
      vertex -5.76384 34.0572 16
    endloop
  endfacet
  facet normal 0.857673 0.514196 0
    outer loop
      vertex -5.76384 34.0572 8
      vertex -5.66294 33.8889 16
      vertex -5.66294 33.8889 8
    endloop
  endfacet
  facet normal -0.243027 0.970019 0
    outer loop
      vertex -3.41943 33.0861 8
      vertex -3.60982 33.0384 16
      vertex -3.41943 33.0861 16
    endloop
  endfacet
  facet normal -0.243027 0.970019 0
    outer loop
      vertex -3.60982 33.0384 16
      vertex -3.41943 33.0861 8
      vertex -3.60982 33.0384 8
    endloop
  endfacet
  facet normal 0.59563 0.803259 -0
    outer loop
      vertex -5.11114 33.3371 8
      vertex -5.26879 33.454 16
      vertex -5.11114 33.3371 16
    endloop
  endfacet
  facet normal 0.59563 0.803259 0
    outer loop
      vertex -5.26879 33.454 16
      vertex -5.11114 33.3371 8
      vertex -5.26879 33.454 8
    endloop
  endfacet
  facet normal -0.514084 0.85774 0
    outer loop
      vertex -2.88886 33.3371 8
      vertex -3.05721 33.2362 16
      vertex -2.88886 33.3371 16
    endloop
  endfacet
  facet normal -0.514084 0.85774 0
    outer loop
      vertex -3.05721 33.2362 16
      vertex -2.88886 33.3371 8
      vertex -3.05721 33.2362 8
    endloop
  endfacet
  facet normal -0.803301 0.595573 0
    outer loop
      vertex -2.45398 33.7312 8
      vertex -2.33706 33.8889 16
      vertex -2.33706 33.8889 8
    endloop
  endfacet
  facet normal -0.803301 0.595573 0
    outer loop
      vertex -2.33706 33.8889 16
      vertex -2.45398 33.7312 8
      vertex -2.45398 33.7312 16
    endloop
  endfacet
  facet normal 0.803326 -0.59554 0
    outer loop
      vertex -5.66294 36.1111 16
      vertex -5.6 36.196 8
      vertex -5.6 36.196 16
    endloop
  endfacet
  facet normal 0.803326 -0.59554 0
    outer loop
      vertex -5.6 36.196 8
      vertex -5.66294 36.1111 16
      vertex -5.66294 36.1111 8
    endloop
  endfacet
  facet normal -0.989182 0.146696 0
    outer loop
      vertex -2.03843 34.6098 8
      vertex -2.00963 34.804 16
      vertex -2.00963 34.804 8
    endloop
  endfacet
  facet normal -0.989182 0.146696 0
    outer loop
      vertex -2.00963 34.804 16
      vertex -2.03843 34.6098 8
      vertex -2.03843 34.6098 16
    endloop
  endfacet
  facet normal 0.941548 -0.336879 0
    outer loop
      vertex -5.91388 35.5806 16
      vertex -5.84776 35.7654 8
      vertex -5.84776 35.7654 16
    endloop
  endfacet
  facet normal 0.941548 -0.336879 0
    outer loop
      vertex -5.84776 35.7654 8
      vertex -5.91388 35.5806 16
      vertex -5.91388 35.5806 8
    endloop
  endfacet
  facet normal 0.941548 0.336879 0
    outer loop
      vertex -5.84776 34.2346 16
      vertex -5.91388 34.4194 8
      vertex -5.91388 34.4194 16
    endloop
  endfacet
  facet normal 0.941548 0.336879 0
    outer loop
      vertex -5.91388 34.4194 8
      vertex -5.84776 34.2346 16
      vertex -5.84776 34.2346 8
    endloop
  endfacet
  facet normal -0.970035 0.242967 0
    outer loop
      vertex -2.08612 34.4194 8
      vertex -2.03843 34.6098 16
      vertex -2.03843 34.6098 8
    endloop
  endfacet
  facet normal -0.970035 0.242967 0
    outer loop
      vertex -2.03843 34.6098 16
      vertex -2.08612 34.4194 8
      vertex -2.08612 34.4194 16
    endloop
  endfacet
  facet normal -0.336788 0.94158 0
    outer loop
      vertex -3.23463 33.1522 8
      vertex -3.41943 33.0861 16
      vertex -3.23463 33.1522 16
    endloop
  endfacet
  facet normal -0.336788 0.94158 0
    outer loop
      vertex -3.41943 33.0861 16
      vertex -3.23463 33.1522 8
      vertex -3.41943 33.0861 8
    endloop
  endfacet
  facet normal -0.803326 -0.59554 0
    outer loop
      vertex -2.33706 36.1111 8
      vertex -2.4 36.196 16
      vertex -2.4 36.196 8
    endloop
  endfacet
  facet normal -0.803326 -0.59554 0
    outer loop
      vertex -2.4 36.196 16
      vertex -2.33706 36.1111 8
      vertex -2.33706 36.1111 16
    endloop
  endfacet
  facet normal 0.857673 -0.514196 0
    outer loop
      vertex -5.76384 35.9428 16
      vertex -5.66294 36.1111 8
      vertex -5.66294 36.1111 16
    endloop
  endfacet
  facet normal 0.857673 -0.514196 0
    outer loop
      vertex -5.66294 36.1111 8
      vertex -5.76384 35.9428 16
      vertex -5.76384 35.9428 8
    endloop
  endfacet
  facet normal -0.998795 0.0490735 0
    outer loop
      vertex -2.00963 34.804 8
      vertex -2 35 16
      vertex -2 35 8
    endloop
  endfacet
  facet normal -0.998795 0.0490735 0
    outer loop
      vertex -2 35 16
      vertex -2.00963 34.804 8
      vertex -2.00963 34.804 16
    endloop
  endfacet
  facet normal -0.903958 0.427622 0
    outer loop
      vertex -2.23616 34.0572 8
      vertex -2.15224 34.2346 16
      vertex -2.15224 34.2346 8
    endloop
  endfacet
  facet normal -0.903958 0.427622 0
    outer loop
      vertex -2.15224 34.2346 16
      vertex -2.23616 34.0572 8
      vertex -2.23616 34.0572 16
    endloop
  endfacet
  facet normal -0.857673 -0.514196 0
    outer loop
      vertex -2.23616 35.9428 8
      vertex -2.33706 36.1111 16
      vertex -2.33706 36.1111 8
    endloop
  endfacet
  facet normal -0.857673 -0.514196 0
    outer loop
      vertex -2.33706 36.1111 16
      vertex -2.23616 35.9428 8
      vertex -2.23616 35.9428 16
    endloop
  endfacet
  facet normal 0.671556 0.740954 -0
    outer loop
      vertex -5.26879 33.454 8
      vertex -5.41421 33.5858 16
      vertex -5.26879 33.454 16
    endloop
  endfacet
  facet normal 0.671556 0.740954 0
    outer loop
      vertex -5.41421 33.5858 16
      vertex -5.26879 33.454 8
      vertex -5.41421 33.5858 8
    endloop
  endfacet
  facet normal 0.514084 0.85774 -0
    outer loop
      vertex -4.94279 33.2362 8
      vertex -5.11114 33.3371 16
      vertex -4.94279 33.2362 16
    endloop
  endfacet
  facet normal 0.514084 0.85774 0
    outer loop
      vertex -5.11114 33.3371 16
      vertex -4.94279 33.2362 8
      vertex -5.11114 33.3371 8
    endloop
  endfacet
  facet normal -0.146733 0.989176 0
    outer loop
      vertex -3.60982 33.0384 8
      vertex -3.80397 33.0096 16
      vertex -3.60982 33.0384 16
    endloop
  endfacet
  facet normal -0.146733 0.989176 0
    outer loop
      vertex -3.80397 33.0096 16
      vertex -3.60982 33.0384 8
      vertex -3.80397 33.0096 8
    endloop
  endfacet
  facet normal -0.941548 -0.336879 0
    outer loop
      vertex -2.08612 35.5806 8
      vertex -2.15224 35.7654 16
      vertex -2.15224 35.7654 8
    endloop
  endfacet
  facet normal -0.941548 -0.336879 0
    outer loop
      vertex -2.15224 35.7654 16
      vertex -2.08612 35.5806 8
      vertex -2.08612 35.5806 16
    endloop
  endfacet
  facet normal -0.857673 0.514196 0
    outer loop
      vertex -2.33706 33.8889 8
      vertex -2.23616 34.0572 16
      vertex -2.23616 34.0572 8
    endloop
  endfacet
  facet normal -0.857673 0.514196 0
    outer loop
      vertex -2.23616 34.0572 16
      vertex -2.33706 33.8889 8
      vertex -2.33706 33.8889 16
    endloop
  endfacet
  facet normal 0.998795 0.0490735 0
    outer loop
      vertex -5.99037 34.804 16
      vertex -6 35 8
      vertex -6 35 16
    endloop
  endfacet
  facet normal 0.998795 0.0490735 0
    outer loop
      vertex -6 35 8
      vertex -5.99037 34.804 16
      vertex -5.99037 34.804 8
    endloop
  endfacet
  facet normal -0.941548 0.336879 0
    outer loop
      vertex -2.15224 34.2346 8
      vertex -2.08612 34.4194 16
      vertex -2.08612 34.4194 8
    endloop
  endfacet
  facet normal -0.941548 0.336879 0
    outer loop
      vertex -2.08612 34.4194 16
      vertex -2.15224 34.2346 8
      vertex -2.15224 34.2346 16
    endloop
  endfacet
  facet normal -0.903958 -0.427622 0
    outer loop
      vertex -2.15224 35.7654 8
      vertex -2.23616 35.9428 16
      vertex -2.23616 35.9428 8
    endloop
  endfacet
  facet normal -0.903958 -0.427622 0
    outer loop
      vertex -2.23616 35.9428 16
      vertex -2.15224 35.7654 8
      vertex -2.15224 35.7654 16
    endloop
  endfacet
  facet normal 0.146733 0.989176 -0
    outer loop
      vertex -4.19603 33.0096 8
      vertex -4.39018 33.0384 16
      vertex -4.19603 33.0096 16
    endloop
  endfacet
  facet normal 0.146733 0.989176 0
    outer loop
      vertex -4.39018 33.0384 16
      vertex -4.19603 33.0096 8
      vertex -4.39018 33.0384 8
    endloop
  endfacet
  facet normal -0.671556 0.740954 0
    outer loop
      vertex -2.58579 33.5858 8
      vertex -2.73121 33.454 16
      vertex -2.58579 33.5858 16
    endloop
  endfacet
  facet normal -0.671556 0.740954 0
    outer loop
      vertex -2.73121 33.454 16
      vertex -2.58579 33.5858 8
      vertex -2.73121 33.454 8
    endloop
  endfacet
  facet normal 0.0489135 0.998803 -0
    outer loop
      vertex -4 33 8
      vertex -4.19603 33.0096 16
      vertex -4 33 16
    endloop
  endfacet
  facet normal 0.0489135 0.998803 0
    outer loop
      vertex -4.19603 33.0096 16
      vertex -4 33 8
      vertex -4.19603 33.0096 8
    endloop
  endfacet
  facet normal 0.903958 -0.427622 0
    outer loop
      vertex -5.84776 35.7654 16
      vertex -5.76384 35.9428 8
      vertex -5.76384 35.9428 16
    endloop
  endfacet
  facet normal 0.903958 -0.427622 0
    outer loop
      vertex -5.76384 35.9428 8
      vertex -5.84776 35.7654 16
      vertex -5.84776 35.7654 8
    endloop
  endfacet
  facet normal 0.970035 -0.242967 0
    outer loop
      vertex -5.96157 35.3902 16
      vertex -5.91388 35.5806 8
      vertex -5.91388 35.5806 16
    endloop
  endfacet
  facet normal 0.970035 -0.242967 0
    outer loop
      vertex -5.91388 35.5806 8
      vertex -5.96157 35.3902 16
      vertex -5.96157 35.3902 8
    endloop
  endfacet
  facet normal 0.970035 0.242967 0
    outer loop
      vertex -5.91388 34.4194 16
      vertex -5.96157 34.6098 8
      vertex -5.96157 34.6098 16
    endloop
  endfacet
  facet normal 0.970035 0.242967 0
    outer loop
      vertex -5.96157 34.6098 8
      vertex -5.91388 34.4194 16
      vertex -5.91388 34.4194 8
    endloop
  endfacet
  facet normal 0.427916 0.903819 -0
    outer loop
      vertex -4.76537 33.1522 8
      vertex -4.94279 33.2362 16
      vertex -4.76537 33.1522 16
    endloop
  endfacet
  facet normal 0.427916 0.903819 0
    outer loop
      vertex -4.94279 33.2362 16
      vertex -4.76537 33.1522 8
      vertex -4.94279 33.2362 8
    endloop
  endfacet
  facet normal 0.740882 0.671635 0
    outer loop
      vertex -5.41421 33.5858 16
      vertex -5.54602 33.7312 8
      vertex -5.54602 33.7312 16
    endloop
  endfacet
  facet normal 0.740882 0.671635 0
    outer loop
      vertex -5.54602 33.7312 8
      vertex -5.41421 33.5858 16
      vertex -5.41421 33.5858 8
    endloop
  endfacet
  facet normal -0.427916 0.903819 0
    outer loop
      vertex -3.05721 33.2362 8
      vertex -3.23463 33.1522 16
      vertex -3.05721 33.2362 16
    endloop
  endfacet
  facet normal -0.427916 0.903819 0
    outer loop
      vertex -3.23463 33.1522 16
      vertex -3.05721 33.2362 8
      vertex -3.23463 33.1522 8
    endloop
  endfacet
  facet normal -0.0489135 0.998803 0
    outer loop
      vertex -3.80397 33.0096 8
      vertex -4 33 16
      vertex -3.80397 33.0096 16
    endloop
  endfacet
  facet normal -0.0489135 0.998803 0
    outer loop
      vertex -4 33 16
      vertex -3.80397 33.0096 8
      vertex -4 33 8
    endloop
  endfacet
  facet normal 0.989182 0.146696 0
    outer loop
      vertex -5.96157 34.6098 16
      vertex -5.99037 34.804 8
      vertex -5.99037 34.804 16
    endloop
  endfacet
  facet normal 0.989182 0.146696 0
    outer loop
      vertex -5.99037 34.804 8
      vertex -5.96157 34.6098 16
      vertex -5.96157 34.6098 8
    endloop
  endfacet
  facet normal -0.59563 0.803259 0
    outer loop
      vertex -2.73121 33.454 8
      vertex -2.88886 33.3371 16
      vertex -2.73121 33.454 16
    endloop
  endfacet
  facet normal -0.59563 0.803259 0
    outer loop
      vertex -2.88886 33.3371 16
      vertex -2.73121 33.454 8
      vertex -2.88886 33.3371 8
    endloop
  endfacet
  facet normal 0 0 1
    outer loop
      vertex -5.6 36.196 8
      vertex -2.4 36.196 8
      vertex -2.4 46 8
    endloop
  endfacet
  facet normal 0 0 1
    outer loop
      vertex -2.4 36.196 8
      vertex -5.6 36.196 8
      vertex -2.45398 33.7312 8
    endloop
  endfacet
  facet normal 0 0 1
    outer loop
      vertex -2.45398 33.7312 8
      vertex -5.6 36.196 8
      vertex -2.58579 33.5858 8
    endloop
  endfacet
  facet normal 0 0 1
    outer loop
      vertex -2.58579 33.5858 8
      vertex -5.6 36.196 8
      vertex -2.73121 33.454 8
    endloop
  endfacet
  facet normal 0 0 1
    outer loop
      vertex -2.73121 33.454 8
      vertex -5.6 36.196 8
      vertex -2.88886 33.3371 8
    endloop
  endfacet
  facet normal 0 0 1
    outer loop
      vertex -2.88886 33.3371 8
      vertex -5.6 36.196 8
      vertex -3.05721 33.2362 8
    endloop
  endfacet
  facet normal 0 0 1
    outer loop
      vertex -3.05721 33.2362 8
      vertex -5.6 36.196 8
      vertex -3.23463 33.1522 8
    endloop
  endfacet
  facet normal 0 0 1
    outer loop
      vertex -3.23463 33.1522 8
      vertex -5.6 36.196 8
      vertex -3.41943 33.0861 8
    endloop
  endfacet
  facet normal 0 0 1
    outer loop
      vertex -3.41943 33.0861 8
      vertex -5.6 36.196 8
      vertex -3.60982 33.0384 8
    endloop
  endfacet
  facet normal 0 0 1
    outer loop
      vertex -3.60982 33.0384 8
      vertex -5.6 36.196 8
      vertex -3.80397 33.0096 8
    endloop
  endfacet
  facet normal 0 0 1
    outer loop
      vertex -3.80397 33.0096 8
      vertex -5.6 36.196 8
      vertex -4 33 8
    endloop
  endfacet
  facet normal 0 0 1
    outer loop
      vertex -4 33 8
      vertex -5.6 36.196 8
      vertex -4.19603 33.0096 8
    endloop
  endfacet
  facet normal 0 0 1
    outer loop
      vertex -4.19603 33.0096 8
      vertex -5.6 36.196 8
      vertex -4.39018 33.0384 8
    endloop
  endfacet
  facet normal 0 0 1
    outer loop
      vertex -4.39018 33.0384 8
      vertex -5.6 36.196 8
      vertex -4.58057 33.0861 8
    endloop
  endfacet
  facet normal 0 0 1
    outer loop
      vertex -4.58057 33.0861 8
      vertex -5.6 36.196 8
      vertex -4.76537 33.1522 8
    endloop
  endfacet
  facet normal 0 0 1
    outer loop
      vertex -4.76537 33.1522 8
      vertex -5.6 36.196 8
      vertex -4.94279 33.2362 8
    endloop
  endfacet
  facet normal 0 0 1
    outer loop
      vertex -4.94279 33.2362 8
      vertex -5.6 36.196 8
      vertex -5.11114 33.3371 8
    endloop
  endfacet
  facet normal 0 0 1
    outer loop
      vertex -5.11114 33.3371 8
      vertex -5.6 36.196 8
      vertex -5.26879 33.454 8
    endloop
  endfacet
  facet normal 0 0 1
    outer loop
      vertex -5.26879 33.454 8
      vertex -5.6 36.196 8
      vertex -5.41421 33.5858 8
    endloop
  endfacet
  facet normal 0 0 1
    outer loop
      vertex -5.6 36.196 8
      vertex -2.4 46 8
      vertex -5.6 46 8
    endloop
  endfacet
  facet normal 0 0 1
    outer loop
      vertex -5.41421 33.5858 8
      vertex -5.6 36.196 8
      vertex -5.54602 33.7312 8
    endloop
  endfacet
  facet normal 0 0 1
    outer loop
      vertex -5.76384 35.9428 8
      vertex -5.6 36.196 8
      vertex -5.66294 36.1111 8
    endloop
  endfacet
  facet normal 0 0 1
    outer loop
      vertex -5.6 36.196 8
      vertex -5.66294 33.8889 8
      vertex -5.54602 33.7312 8
    endloop
  endfacet
  facet normal 0 0 1
    outer loop
      vertex -5.6 36.196 8
      vertex -5.76384 35.9428 8
      vertex -5.66294 33.8889 8
    endloop
  endfacet
  facet normal 0 0 1
    outer loop
      vertex -5.76384 35.9428 8
      vertex -5.76384 34.0572 8
      vertex -5.66294 33.8889 8
    endloop
  endfacet
  facet normal -0 0 1
    outer loop
      vertex -5.84776 35.7654 8
      vertex -5.76384 34.0572 8
      vertex -5.76384 35.9428 8
    endloop
  endfacet
  facet normal 0 0 1
    outer loop
      vertex -5.84776 35.7654 8
      vertex -5.84776 34.2346 8
      vertex -5.76384 34.0572 8
    endloop
  endfacet
  facet normal -0 0 1
    outer loop
      vertex -5.91388 35.5806 8
      vertex -5.84776 34.2346 8
      vertex -5.84776 35.7654 8
    endloop
  endfacet
  facet normal 0 0 1
    outer loop
      vertex -5.91388 35.5806 8
      vertex -5.91388 34.4194 8
      vertex -5.84776 34.2346 8
    endloop
  endfacet
  facet normal -0 0 1
    outer loop
      vertex -5.96157 35.3902 8
      vertex -5.91388 34.4194 8
      vertex -5.91388 35.5806 8
    endloop
  endfacet
  facet normal 0 0 1
    outer loop
      vertex -5.96157 35.3902 8
      vertex -5.96157 34.6098 8
      vertex -5.91388 34.4194 8
    endloop
  endfacet
  facet normal -0 0 1
    outer loop
      vertex -5.99037 35.196 8
      vertex -5.96157 34.6098 8
      vertex -5.96157 35.3902 8
    endloop
  endfacet
  facet normal 0 0 1
    outer loop
      vertex -5.99037 35.196 8
      vertex -5.99037 34.804 8
      vertex -5.96157 34.6098 8
    endloop
  endfacet
  facet normal 0 -0 1
    outer loop
      vertex -5.99037 34.804 8
      vertex -5.99037 35.196 8
      vertex -6 35 8
    endloop
  endfacet
  facet normal 0 0 1
    outer loop
      vertex -2.00963 35.196 8
      vertex -2.00963 34.804 8
      vertex -2 35 8
    endloop
  endfacet
  facet normal 0 0 1
    outer loop
      vertex -2.03843 35.3902 8
      vertex -2.00963 34.804 8
      vertex -2.00963 35.196 8
    endloop
  endfacet
  facet normal 0 0 1
    outer loop
      vertex -2.03843 35.3902 8
      vertex -2.03843 34.6098 8
      vertex -2.00963 34.804 8
    endloop
  endfacet
  facet normal 0 0 1
    outer loop
      vertex -2.08612 35.5806 8
      vertex -2.03843 34.6098 8
      vertex -2.03843 35.3902 8
    endloop
  endfacet
  facet normal 0 0 1
    outer loop
      vertex -2.08612 35.5806 8
      vertex -2.08612 34.4194 8
      vertex -2.03843 34.6098 8
    endloop
  endfacet
  facet normal 0 0 1
    outer loop
      vertex -2.15224 35.7654 8
      vertex -2.08612 34.4194 8
      vertex -2.08612 35.5806 8
    endloop
  endfacet
  facet normal 0 0 1
    outer loop
      vertex -2.15224 35.7654 8
      vertex -2.15224 34.2346 8
      vertex -2.08612 34.4194 8
    endloop
  endfacet
  facet normal 0 0 1
    outer loop
      vertex -2.23616 35.9428 8
      vertex -2.15224 34.2346 8
      vertex -2.15224 35.7654 8
    endloop
  endfacet
  facet normal 0 0 1
    outer loop
      vertex -2.23616 35.9428 8
      vertex -2.23616 34.0572 8
      vertex -2.15224 34.2346 8
    endloop
  endfacet
  facet normal 0 0 1
    outer loop
      vertex -2.4 36.196 8
      vertex -2.23616 35.9428 8
      vertex -2.33706 36.1111 8
    endloop
  endfacet
  facet normal 0 0 1
    outer loop
      vertex -2.23616 35.9428 8
      vertex -2.4 36.196 8
      vertex -2.23616 34.0572 8
    endloop
  endfacet
  facet normal 0 0 1
    outer loop
      vertex -2.23616 34.0572 8
      vertex -2.4 36.196 8
      vertex -2.33706 33.8889 8
    endloop
  endfacet
  facet normal 0 0 1
    outer loop
      vertex -2.33706 33.8889 8
      vertex -2.4 36.196 8
      vertex -2.45398 33.7312 8
    endloop
  endfacet
  facet normal 0.803301 0.595573 0
    outer loop
      vertex -5.54602 33.7312 16
      vertex -5.66294 33.8889 8
      vertex -5.66294 33.8889 16
    endloop
  endfacet
  facet normal 0.803301 0.595573 0
    outer loop
      vertex -5.66294 33.8889 8
      vertex -5.54602 33.7312 16
      vertex -5.54602 33.7312 8
    endloop
  endfacet
  facet normal 0.998795 -0.0490735 0
    outer loop
      vertex -6 35 16
      vertex -5.99037 35.196 8
      vertex -5.99037 35.196 16
    endloop
  endfacet
  facet normal 0.998795 -0.0490735 0
    outer loop
      vertex -5.99037 35.196 8
      vertex -6 35 16
      vertex -6 35 8
    endloop
  endfacet
  facet normal -0.740882 0.671635 0
    outer loop
      vertex -2.58579 33.5858 8
      vertex -2.45398 33.7312 16
      vertex -2.45398 33.7312 8
    endloop
  endfacet
  facet normal -0.740882 0.671635 0
    outer loop
      vertex -2.45398 33.7312 16
      vertex -2.58579 33.5858 8
      vertex -2.58579 33.5858 16
    endloop
  endfacet
  facet normal -1 0 0
    outer loop
      vertex -2.4 36.196 8
      vertex -2.4 46 16
      vertex -2.4 46 8
    endloop
  endfacet
  facet normal -1 -0 0
    outer loop
      vertex -2.4 46 16
      vertex -2.4 36.196 8
      vertex -2.4 36.196 16
    endloop
  endfacet
  facet normal 1 -0 0
    outer loop
      vertex -5.6 36.196 16
      vertex -5.6 46 8
      vertex -5.6 46 16
    endloop
  endfacet
  facet normal 1 0 0
    outer loop
      vertex -5.6 46 8
      vertex -5.6 36.196 16
      vertex -5.6 36.196 8
    endloop
  endfacet
  facet normal 0.336939 0.941527 -0
    outer loop
      vertex 2.12915 32.1292 9
      vertex 1.85195 32.2284 16
      vertex 2.12915 32.1292 16
    endloop
  endfacet
  facet normal 0.336939 0.941527 0
    outer loop
      vertex 1.85195 32.2284 16
      vertex 2.12915 32.1292 9
      vertex 1.85195 32.2284 9
    endloop
  endfacet
  facet normal -0.989179 -0.146712 0
    outer loop
      vertex 5.98555 35.2941 9
      vertex 5.94236 35.5853 16
      vertex 5.94236 35.5853 9
    endloop
  endfacet
  facet normal -0.989179 -0.146712 0
    outer loop
      vertex 5.94236 35.5853 16
      vertex 5.98555 35.2941 9
      vertex 5.98555 35.2941 16
    endloop
  endfacet
  facet normal -0.998795 -0.0490738 0
    outer loop
      vertex 6 35 9
      vertex 5.98555 35.2941 16
      vertex 5.98555 35.2941 9
    endloop
  endfacet
  facet normal -0.998795 -0.0490738 0
    outer loop
      vertex 5.98555 35.2941 16
      vertex 6 35 9
      vertex 6 35 16
    endloop
  endfacet
  facet normal -0.970031 -0.242983 0
    outer loop
      vertex 5.94236 35.5853 9
      vertex 5.87082 35.8709 16
      vertex 5.87082 35.8709 9
    endloop
  endfacet
  facet normal -0.970031 -0.242983 0
    outer loop
      vertex 5.87082 35.8709 16
      vertex 5.94236 35.5853 9
      vertex 5.94236 35.5853 16
    endloop
  endfacet
  facet normal 0.989175 -0.146741 0
    outer loop
      vertex 0.0144453 35.2941 16
      vertex 0.0576439 35.5853 9
      vertex 0.0576439 35.5853 16
    endloop
  endfacet
  facet normal 0.989175 -0.146741 0
    outer loop
      vertex 0.0576439 35.5853 9
      vertex 0.0144453 35.2941 16
      vertex 0.0144453 35.2941 9
    endloop
  endfacet
  facet normal 0.243191 0.969978 -0
    outer loop
      vertex 2.41473 32.0576 9
      vertex 2.12915 32.1292 16
      vertex 2.41473 32.0576 16
    endloop
  endfacet
  facet normal 0.243191 0.969978 0
    outer loop
      vertex 2.12915 32.1292 16
      vertex 2.41473 32.0576 9
      vertex 2.12915 32.1292 9
    endloop
  endfacet
  facet normal 0.904026 0.427477 0
    outer loop
      vertex 0.354236 33.5858 16
      vertex 0.228361 33.852 9
      vertex 0.228361 33.852 16
    endloop
  endfacet
  facet normal 0.904026 0.427477 0
    outer loop
      vertex 0.228361 33.852 9
      vertex 0.354236 33.5858 16
      vertex 0.354236 33.5858 9
    endloop
  endfacet
  facet normal 0.857712 0.514131 0
    outer loop
      vertex 0.50559 33.3333 16
      vertex 0.354236 33.5858 9
      vertex 0.354236 33.5858 16
    endloop
  endfacet
  facet normal 0.857712 0.514131 0
    outer loop
      vertex 0.354236 33.5858 9
      vertex 0.50559 33.3333 16
      vertex 0.50559 33.3333 9
    endloop
  endfacet
  facet normal -0.243191 0.969978 0
    outer loop
      vertex 3.87085 32.1292 9
      vertex 3.58527 32.0576 16
      vertex 3.87085 32.1292 16
    endloop
  endfacet
  facet normal -0.243191 0.969978 0
    outer loop
      vertex 3.58527 32.0576 16
      vertex 3.87085 32.1292 9
      vertex 3.58527 32.0576 9
    endloop
  endfacet
  facet normal 0.595747 0.803172 -0
    outer loop
      vertex 1.33329 32.5056 9
      vertex 1.09682 32.681 16
      vertex 1.33329 32.5056 16
    endloop
  endfacet
  facet normal 0.595747 0.803172 0
    outer loop
      vertex 1.09682 32.681 16
      vertex 1.33329 32.5056 9
      vertex 1.09682 32.681 9
    endloop
  endfacet
  facet normal -0.514216 0.857661 0
    outer loop
      vertex 4.66671 32.5056 9
      vertex 4.41419 32.3542 16
      vertex 4.66671 32.5056 16
    endloop
  endfacet
  facet normal -0.514216 0.857661 0
    outer loop
      vertex 4.41419 32.3542 16
      vertex 4.66671 32.5056 9
      vertex 4.41419 32.3542 9
    endloop
  endfacet
  facet normal -0.803241 0.595655 0
    outer loop
      vertex 5.31903 33.0968 9
      vertex 5.49441 33.3333 16
      vertex 5.49441 33.3333 9
    endloop
  endfacet
  facet normal -0.803241 0.595655 0
    outer loop
      vertex 5.49441 33.3333 16
      vertex 5.31903 33.0968 9
      vertex 5.31903 33.0968 16
    endloop
  endfacet
  facet normal 0.803217 -0.595687 0
    outer loop
      vertex 0.50559 36.6667 16
      vertex 0.599999 36.794 9
      vertex 0.599999 36.794 16
    endloop
  endfacet
  facet normal 0.803217 -0.595687 0
    outer loop
      vertex 0.599999 36.794 9
      vertex 0.50559 36.6667 16
      vertex 0.50559 36.6667 9
    endloop
  endfacet
  facet normal -0.989179 0.146712 0
    outer loop
      vertex 5.94236 34.4147 9
      vertex 5.98555 34.7059 16
      vertex 5.98555 34.7059 9
    endloop
  endfacet
  facet normal -0.989179 0.146712 0
    outer loop
      vertex 5.98555 34.7059 16
      vertex 5.94236 34.4147 9
      vertex 5.94236 34.4147 16
    endloop
  endfacet
  facet normal 0.941506 -0.336995 0
    outer loop
      vertex 0.129178 35.8709 16
      vertex 0.228361 36.148 9
      vertex 0.228361 36.148 16
    endloop
  endfacet
  facet normal 0.941506 -0.336995 0
    outer loop
      vertex 0.228361 36.148 9
      vertex 0.129178 35.8709 16
      vertex 0.129178 35.8709 9
    endloop
  endfacet
  facet normal 0.941506 0.336995 0
    outer loop
      vertex 0.228361 33.852 16
      vertex 0.129178 34.1291 9
      vertex 0.129178 34.1291 16
    endloop
  endfacet
  facet normal 0.941506 0.336995 0
    outer loop
      vertex 0.129178 34.1291 9
      vertex 0.228361 33.852 16
      vertex 0.228361 33.852 9
    endloop
  endfacet
  facet normal -0.970031 0.242983 0
    outer loop
      vertex 5.87082 34.1291 9
      vertex 5.94236 34.4147 16
      vertex 5.94236 34.4147 9
    endloop
  endfacet
  facet normal -0.970031 0.242983 0
    outer loop
      vertex 5.94236 34.4147 16
      vertex 5.87082 34.1291 9
      vertex 5.87082 34.1291 16
    endloop
  endfacet
  facet normal -0.336939 0.941527 0
    outer loop
      vertex 4.14805 32.2284 9
      vertex 3.87085 32.1292 16
      vertex 4.14805 32.2284 16
    endloop
  endfacet
  facet normal -0.336939 0.941527 0
    outer loop
      vertex 3.87085 32.1292 16
      vertex 4.14805 32.2284 9
      vertex 3.87085 32.1292 9
    endloop
  endfacet
  facet normal -0.803214 -0.595691 0
    outer loop
      vertex 5.49441 36.6667 9
      vertex 5.4 36.794 16
      vertex 5.4 36.794 9
    endloop
  endfacet
  facet normal -0.803214 -0.595691 0
    outer loop
      vertex 5.4 36.794 16
      vertex 5.49441 36.6667 9
      vertex 5.49441 36.6667 16
    endloop
  endfacet
  facet normal 0.857712 -0.514131 0
    outer loop
      vertex 0.354236 36.4142 16
      vertex 0.50559 36.6667 9
      vertex 0.50559 36.6667 16
    endloop
  endfacet
  facet normal 0.857712 -0.514131 0
    outer loop
      vertex 0.50559 36.6667 9
      vertex 0.354236 36.4142 16
      vertex 0.354236 36.4142 9
    endloop
  endfacet
  facet normal -0.998795 0.0490738 0
    outer loop
      vertex 5.98555 34.7059 9
      vertex 6 35 16
      vertex 6 35 9
    endloop
  endfacet
  facet normal -0.998795 0.0490738 0
    outer loop
      vertex 6 35 16
      vertex 5.98555 34.7059 9
      vertex 5.98555 34.7059 16
    endloop
  endfacet
  facet normal -0.90402 0.427491 0
    outer loop
      vertex 5.64576 33.5858 9
      vertex 5.77164 33.852 16
      vertex 5.77164 33.852 9
    endloop
  endfacet
  facet normal -0.90402 0.427491 0
    outer loop
      vertex 5.77164 33.852 16
      vertex 5.64576 33.5858 9
      vertex 5.64576 33.5858 16
    endloop
  endfacet
  facet normal -0.857718 -0.514121 0
    outer loop
      vertex 5.64576 36.4142 9
      vertex 5.49441 36.6667 16
      vertex 5.49441 36.6667 9
    endloop
  endfacet
  facet normal -0.857718 -0.514121 0
    outer loop
      vertex 5.49441 36.6667 16
      vertex 5.64576 36.4142 9
      vertex 5.64576 36.4142 16
    endloop
  endfacet
  facet normal 0.671538 0.740971 -0
    outer loop
      vertex 1.09682 32.681 9
      vertex 0.878679 32.8787 16
      vertex 1.09682 32.681 16
    endloop
  endfacet
  facet normal 0.671538 0.740971 0
    outer loop
      vertex 0.878679 32.8787 16
      vertex 1.09682 32.681 9
      vertex 0.878679 32.8787 9
    endloop
  endfacet
  facet normal 0.514216 0.857661 -0
    outer loop
      vertex 1.58581 32.3542 9
      vertex 1.33329 32.5056 16
      vertex 1.58581 32.3542 16
    endloop
  endfacet
  facet normal 0.514216 0.857661 0
    outer loop
      vertex 1.33329 32.5056 16
      vertex 1.58581 32.3542 9
      vertex 1.33329 32.5056 9
    endloop
  endfacet
  facet normal -0.146736 0.989176 0
    outer loop
      vertex 3.58527 32.0576 9
      vertex 3.29405 32.0144 16
      vertex 3.58527 32.0576 16
    endloop
  endfacet
  facet normal -0.146736 0.989176 0
    outer loop
      vertex 3.29405 32.0144 16
      vertex 3.58527 32.0576 9
      vertex 3.29405 32.0144 9
    endloop
  endfacet
  facet normal -0.94151 -0.336986 0
    outer loop
      vertex 5.87082 35.8709 9
      vertex 5.77164 36.148 16
      vertex 5.77164 36.148 9
    endloop
  endfacet
  facet normal -0.94151 -0.336986 0
    outer loop
      vertex 5.77164 36.148 16
      vertex 5.87082 35.8709 9
      vertex 5.87082 35.8709 16
    endloop
  endfacet
  facet normal -0.857718 0.514121 0
    outer loop
      vertex 5.49441 33.3333 9
      vertex 5.64576 33.5858 16
      vertex 5.64576 33.5858 9
    endloop
  endfacet
  facet normal -0.857718 0.514121 0
    outer loop
      vertex 5.64576 33.5858 16
      vertex 5.49441 33.3333 9
      vertex 5.49441 33.3333 16
    endloop
  endfacet
  facet normal 0.998796 0.0490578 0
    outer loop
      vertex 0.0144453 34.7059 16
      vertex 0 35 9
      vertex 0 35 16
    endloop
  endfacet
  facet normal 0.998796 0.0490578 0
    outer loop
      vertex 0 35 9
      vertex 0.0144453 34.7059 16
      vertex 0.0144453 34.7059 9
    endloop
  endfacet
  facet normal -0.94151 0.336986 0
    outer loop
      vertex 5.77164 33.852 9
      vertex 5.87082 34.1291 16
      vertex 5.87082 34.1291 9
    endloop
  endfacet
  facet normal -0.94151 0.336986 0
    outer loop
      vertex 5.87082 34.1291 16
      vertex 5.77164 33.852 9
      vertex 5.77164 33.852 16
    endloop
  endfacet
  facet normal -0.90402 -0.427491 0
    outer loop
      vertex 5.77164 36.148 9
      vertex 5.64576 36.4142 16
      vertex 5.64576 36.4142 9
    endloop
  endfacet
  facet normal -0.90402 -0.427491 0
    outer loop
      vertex 5.64576 36.4142 16
      vertex 5.77164 36.148 9
      vertex 5.77164 36.148 16
    endloop
  endfacet
  facet normal 0.146736 0.989176 -0
    outer loop
      vertex 2.70595 32.0144 9
      vertex 2.41473 32.0576 16
      vertex 2.70595 32.0144 16
    endloop
  endfacet
  facet normal 0.146736 0.989176 0
    outer loop
      vertex 2.41473 32.0576 16
      vertex 2.70595 32.0144 9
      vertex 2.41473 32.0576 9
    endloop
  endfacet
  facet normal -0.671539 0.740969 0
    outer loop
      vertex 5.12132 32.8787 9
      vertex 4.90318 32.681 16
      vertex 5.12132 32.8787 16
    endloop
  endfacet
  facet normal -0.671539 0.740969 0
    outer loop
      vertex 4.90318 32.681 16
      vertex 5.12132 32.8787 9
      vertex 4.90318 32.681 9
    endloop
  endfacet
  facet normal 0.0489126 0.998803 -0
    outer loop
      vertex 3 32 9
      vertex 2.70595 32.0144 16
      vertex 3 32 16
    endloop
  endfacet
  facet normal 0.0489126 0.998803 0
    outer loop
      vertex 2.70595 32.0144 16
      vertex 3 32 9
      vertex 2.70595 32.0144 9
    endloop
  endfacet
  facet normal 0.904026 -0.427477 0
    outer loop
      vertex 0.228361 36.148 16
      vertex 0.354236 36.4142 9
      vertex 0.354236 36.4142 16
    endloop
  endfacet
  facet normal 0.904026 -0.427477 0
    outer loop
      vertex 0.354236 36.4142 9
      vertex 0.228361 36.148 16
      vertex 0.228361 36.148 9
    endloop
  endfacet
  facet normal 0.970035 -0.242964 0
    outer loop
      vertex 0.0576439 35.5853 16
      vertex 0.129178 35.8709 9
      vertex 0.129178 35.8709 16
    endloop
  endfacet
  facet normal 0.970035 -0.242964 0
    outer loop
      vertex 0.129178 35.8709 9
      vertex 0.0576439 35.5853 16
      vertex 0.0576439 35.5853 9
    endloop
  endfacet
  facet normal 0.970035 0.242964 0
    outer loop
      vertex 0.129178 34.1291 16
      vertex 0.0576439 34.4147 9
      vertex 0.0576439 34.4147 16
    endloop
  endfacet
  facet normal 0.970035 0.242964 0
    outer loop
      vertex 0.0576439 34.4147 9
      vertex 0.129178 34.1291 16
      vertex 0.129178 34.1291 9
    endloop
  endfacet
  facet normal 0.427347 0.904088 -0
    outer loop
      vertex 1.85195 32.2284 9
      vertex 1.58581 32.3542 16
      vertex 1.85195 32.2284 16
    endloop
  endfacet
  facet normal 0.427347 0.904088 0
    outer loop
      vertex 1.58581 32.3542 16
      vertex 1.85195 32.2284 9
      vertex 1.58581 32.3542 9
    endloop
  endfacet
  facet normal 0.740889 0.671627 0
    outer loop
      vertex 0.878679 32.8787 16
      vertex 0.680968 33.0968 9
      vertex 0.680968 33.0968 16
    endloop
  endfacet
  facet normal 0.740889 0.671627 0
    outer loop
      vertex 0.680968 33.0968 9
      vertex 0.878679 32.8787 16
      vertex 0.878679 32.8787 9
    endloop
  endfacet
  facet normal -0.427347 0.904088 0
    outer loop
      vertex 4.41419 32.3542 9
      vertex 4.14805 32.2284 16
      vertex 4.41419 32.3542 16
    endloop
  endfacet
  facet normal -0.427347 0.904088 0
    outer loop
      vertex 4.14805 32.2284 16
      vertex 4.41419 32.3542 9
      vertex 4.14805 32.2284 9
    endloop
  endfacet
  facet normal -0.0489126 0.998803 0
    outer loop
      vertex 3.29405 32.0144 9
      vertex 3 32 16
      vertex 3.29405 32.0144 16
    endloop
  endfacet
  facet normal -0.0489126 0.998803 0
    outer loop
      vertex 3 32 16
      vertex 3.29405 32.0144 9
      vertex 3 32 9
    endloop
  endfacet
  facet normal 0.989175 0.146741 0
    outer loop
      vertex 0.0576439 34.4147 16
      vertex 0.0144453 34.7059 9
      vertex 0.0144453 34.7059 16
    endloop
  endfacet
  facet normal 0.989175 0.146741 0
    outer loop
      vertex 0.0144453 34.7059 9
      vertex 0.0576439 34.4147 16
      vertex 0.0576439 34.4147 9
    endloop
  endfacet
  facet normal -0.595747 0.803172 0
    outer loop
      vertex 4.90318 32.681 9
      vertex 4.66671 32.5056 16
      vertex 4.90318 32.681 16
    endloop
  endfacet
  facet normal -0.595747 0.803172 0
    outer loop
      vertex 4.66671 32.5056 16
      vertex 4.90318 32.681 9
      vertex 4.66671 32.5056 9
    endloop
  endfacet
  facet normal 0 0 1
    outer loop
      vertex 0.599999 36.794 9
      vertex 5.4 36.794 9
      vertex 5.4 46 9
    endloop
  endfacet
  facet normal 0 0 1
    outer loop
      vertex 5.4 36.794 9
      vertex 0.599999 36.794 9
      vertex 5.31903 33.0968 9
    endloop
  endfacet
  facet normal 0 0 1
    outer loop
      vertex 5.31903 33.0968 9
      vertex 0.599999 36.794 9
      vertex 5.12132 32.8787 9
    endloop
  endfacet
  facet normal 0 0 1
    outer loop
      vertex 5.12132 32.8787 9
      vertex 0.599999 36.794 9
      vertex 4.90318 32.681 9
    endloop
  endfacet
  facet normal 0 0 1
    outer loop
      vertex 4.90318 32.681 9
      vertex 0.599999 36.794 9
      vertex 4.66671 32.5056 9
    endloop
  endfacet
  facet normal 0 0 1
    outer loop
      vertex 4.66671 32.5056 9
      vertex 0.599999 36.794 9
      vertex 4.41419 32.3542 9
    endloop
  endfacet
  facet normal 0 0 1
    outer loop
      vertex 4.41419 32.3542 9
      vertex 0.599999 36.794 9
      vertex 4.14805 32.2284 9
    endloop
  endfacet
  facet normal 0 0 1
    outer loop
      vertex 4.14805 32.2284 9
      vertex 0.599999 36.794 9
      vertex 3.87085 32.1292 9
    endloop
  endfacet
  facet normal 0 0 1
    outer loop
      vertex 3.87085 32.1292 9
      vertex 0.599999 36.794 9
      vertex 3.58527 32.0576 9
    endloop
  endfacet
  facet normal 0 0 1
    outer loop
      vertex 3.58527 32.0576 9
      vertex 0.599999 36.794 9
      vertex 3.29405 32.0144 9
    endloop
  endfacet
  facet normal 0 0 1
    outer loop
      vertex 3.29405 32.0144 9
      vertex 0.599999 36.794 9
      vertex 3 32 9
    endloop
  endfacet
  facet normal 0 0 1
    outer loop
      vertex 3 32 9
      vertex 0.599999 36.794 9
      vertex 2.70595 32.0144 9
    endloop
  endfacet
  facet normal 0 0 1
    outer loop
      vertex 2.70595 32.0144 9
      vertex 0.599999 36.794 9
      vertex 2.41473 32.0576 9
    endloop
  endfacet
  facet normal 0 0 1
    outer loop
      vertex 2.41473 32.0576 9
      vertex 0.599999 36.794 9
      vertex 2.12915 32.1292 9
    endloop
  endfacet
  facet normal 0 0 1
    outer loop
      vertex 2.12915 32.1292 9
      vertex 0.599999 36.794 9
      vertex 1.85195 32.2284 9
    endloop
  endfacet
  facet normal 0 0 1
    outer loop
      vertex 1.85195 32.2284 9
      vertex 0.599999 36.794 9
      vertex 1.58581 32.3542 9
    endloop
  endfacet
  facet normal 0 0 1
    outer loop
      vertex 1.58581 32.3542 9
      vertex 0.599999 36.794 9
      vertex 1.33329 32.5056 9
    endloop
  endfacet
  facet normal 0 0 1
    outer loop
      vertex 1.33329 32.5056 9
      vertex 0.599999 36.794 9
      vertex 1.09682 32.681 9
    endloop
  endfacet
  facet normal 0 0 1
    outer loop
      vertex 1.09682 32.681 9
      vertex 0.599999 36.794 9
      vertex 0.878679 32.8787 9
    endloop
  endfacet
  facet normal 0 0 1
    outer loop
      vertex 0.599999 36.794 9
      vertex 5.4 46 9
      vertex 0.599999 46 9
    endloop
  endfacet
  facet normal 0 0 1
    outer loop
      vertex 0.878679 32.8787 9
      vertex 0.599999 36.794 9
      vertex 0.680968 33.0968 9
    endloop
  endfacet
  facet normal 0 0 1
    outer loop
      vertex 0.354236 36.4142 9
      vertex 0.599999 36.794 9
      vertex 0.50559 36.6667 9
    endloop
  endfacet
  facet normal 0 0 1
    outer loop
      vertex 0.599999 36.794 9
      vertex 0.50559 33.3333 9
      vertex 0.680968 33.0968 9
    endloop
  endfacet
  facet normal 0 0 1
    outer loop
      vertex 0.599999 36.794 9
      vertex 0.354236 36.4142 9
      vertex 0.50559 33.3333 9
    endloop
  endfacet
  facet normal 0 0 1
    outer loop
      vertex 0.354236 36.4142 9
      vertex 0.354236 33.5858 9
      vertex 0.50559 33.3333 9
    endloop
  endfacet
  facet normal -0 0 1
    outer loop
      vertex 0.228361 36.148 9
      vertex 0.354236 33.5858 9
      vertex 0.354236 36.4142 9
    endloop
  endfacet
  facet normal 0 0 1
    outer loop
      vertex 0.228361 36.148 9
      vertex 0.228361 33.852 9
      vertex 0.354236 33.5858 9
    endloop
  endfacet
  facet normal -0 0 1
    outer loop
      vertex 0.129178 35.8709 9
      vertex 0.228361 33.852 9
      vertex 0.228361 36.148 9
    endloop
  endfacet
  facet normal 0 0 1
    outer loop
      vertex 0.129178 35.8709 9
      vertex 0.129178 34.1291 9
      vertex 0.228361 33.852 9
    endloop
  endfacet
  facet normal -0 0 1
    outer loop
      vertex 0.0576439 35.5853 9
      vertex 0.129178 34.1291 9
      vertex 0.129178 35.8709 9
    endloop
  endfacet
  facet normal 0 0 1
    outer loop
      vertex 0.0576439 35.5853 9
      vertex 0.0576439 34.4147 9
      vertex 0.129178 34.1291 9
    endloop
  endfacet
  facet normal -0 0 1
    outer loop
      vertex 0.0144453 35.2941 9
      vertex 0.0576439 34.4147 9
      vertex 0.0576439 35.5853 9
    endloop
  endfacet
  facet normal 0 0 1
    outer loop
      vertex 0.0144453 35.2941 9
      vertex 0.0144453 34.7059 9
      vertex 0.0576439 34.4147 9
    endloop
  endfacet
  facet normal 0 -0 1
    outer loop
      vertex 0.0144453 34.7059 9
      vertex 0.0144453 35.2941 9
      vertex 0 35 9
    endloop
  endfacet
  facet normal 0 0 1
    outer loop
      vertex 5.98555 35.2941 9
      vertex 5.98555 34.7059 9
      vertex 6 35 9
    endloop
  endfacet
  facet normal 0 0 1
    outer loop
      vertex 5.94236 35.5853 9
      vertex 5.98555 34.7059 9
      vertex 5.98555 35.2941 9
    endloop
  endfacet
  facet normal 0 0 1
    outer loop
      vertex 5.94236 35.5853 9
      vertex 5.94236 34.4147 9
      vertex 5.98555 34.7059 9
    endloop
  endfacet
  facet normal 0 0 1
    outer loop
      vertex 5.87082 35.8709 9
      vertex 5.94236 34.4147 9
      vertex 5.94236 35.5853 9
    endloop
  endfacet
  facet normal 0 0 1
    outer loop
      vertex 5.87082 35.8709 9
      vertex 5.87082 34.1291 9
      vertex 5.94236 34.4147 9
    endloop
  endfacet
  facet normal 0 0 1
    outer loop
      vertex 5.77164 36.148 9
      vertex 5.87082 34.1291 9
      vertex 5.87082 35.8709 9
    endloop
  endfacet
  facet normal 0 0 1
    outer loop
      vertex 5.77164 36.148 9
      vertex 5.77164 33.852 9
      vertex 5.87082 34.1291 9
    endloop
  endfacet
  facet normal 0 0 1
    outer loop
      vertex 5.64576 36.4142 9
      vertex 5.77164 33.852 9
      vertex 5.77164 36.148 9
    endloop
  endfacet
  facet normal 0 0 1
    outer loop
      vertex 5.64576 36.4142 9
      vertex 5.64576 33.5858 9
      vertex 5.77164 33.852 9
    endloop
  endfacet
  facet normal 0 0 1
    outer loop
      vertex 5.4 36.794 9
      vertex 5.64576 36.4142 9
      vertex 5.49441 36.6667 9
    endloop
  endfacet
  facet normal 0 0 1
    outer loop
      vertex 5.64576 36.4142 9
      vertex 5.4 36.794 9
      vertex 5.64576 33.5858 9
    endloop
  endfacet
  facet normal 0 0 1
    outer loop
      vertex 5.64576 33.5858 9
      vertex 5.4 36.794 9
      vertex 5.49441 33.3333 9
    endloop
  endfacet
  facet normal 0 0 1
    outer loop
      vertex 5.49441 33.3333 9
      vertex 5.4 36.794 9
      vertex 5.31903 33.0968 9
    endloop
  endfacet
  facet normal 0.803244 0.59565 0
    outer loop
      vertex 0.680968 33.0968 16
      vertex 0.50559 33.3333 9
      vertex 0.50559 33.3333 16
    endloop
  endfacet
  facet normal 0.803244 0.59565 0
    outer loop
      vertex 0.50559 33.3333 9
      vertex 0.680968 33.0968 16
      vertex 0.680968 33.0968 9
    endloop
  endfacet
  facet normal 0.998796 -0.0490578 0
    outer loop
      vertex 0 35 16
      vertex 0.0144453 35.2941 9
      vertex 0.0144453 35.2941 16
    endloop
  endfacet
  facet normal 0.998796 -0.0490578 0
    outer loop
      vertex 0.0144453 35.2941 9
      vertex 0 35 16
      vertex 0 35 9
    endloop
  endfacet
  facet normal -0.740891 0.671625 0
    outer loop
      vertex 5.12132 32.8787 9
      vertex 5.31903 33.0968 16
      vertex 5.31903 33.0968 9
    endloop
  endfacet
  facet normal -0.740891 0.671625 0
    outer loop
      vertex 5.31903 33.0968 16
      vertex 5.12132 32.8787 9
      vertex 5.12132 32.8787 16
    endloop
  endfacet
  facet normal -1 0 0
    outer loop
      vertex 5.4 36.794 9
      vertex 5.4 46 16
      vertex 5.4 46 9
    endloop
  endfacet
  facet normal -1 -0 0
    outer loop
      vertex 5.4 46 16
      vertex 5.4 36.794 9
      vertex 5.4 36.794 16
    endloop
  endfacet
  facet normal 1 -0 0
    outer loop
      vertex 0.599999 36.794 16
      vertex 0.599999 46 9
      vertex 0.599999 46 16
    endloop
  endfacet
  facet normal 1 0 0
    outer loop
      vertex 0.599999 46 9
      vertex 0.599999 36.794 16
      vertex 0.599999 36.794 9
    endloop
  endfacet
  facet normal 0.337014 0.9415 -0
    outer loop
      vertex 10.8389 31.1722 10
      vertex 10.4693 31.3045 16
      vertex 10.8389 31.1722 16
    endloop
  endfacet
  facet normal 0.337014 0.9415 0
    outer loop
      vertex 10.4693 31.3045 16
      vertex 10.8389 31.1722 10
      vertex 10.4693 31.3045 10
    endloop
  endfacet
  facet normal -0.989176 -0.146733 0
    outer loop
      vertex 15.9807 35.3921 10
      vertex 15.9231 35.7804 16
      vertex 15.9231 35.7804 10
    endloop
  endfacet
  facet normal -0.989176 -0.146733 0
    outer loop
      vertex 15.9231 35.7804 16
      vertex 15.9807 35.3921 10
      vertex 15.9807 35.3921 16
    endloop
  endfacet
  facet normal -0.998791 -0.0491626 0
    outer loop
      vertex 16 35 10
      vertex 15.9807 35.3921 16
      vertex 15.9807 35.3921 10
    endloop
  endfacet
  facet normal -0.998791 -0.0491626 0
    outer loop
      vertex 15.9807 35.3921 16
      vertex 16 35 10
      vertex 16 35 16
    endloop
  endfacet
  facet normal -0.970068 -0.242835 0
    outer loop
      vertex 15.9231 35.7804 10
      vertex 15.8278 36.1611 16
      vertex 15.8278 36.1611 10
    endloop
  endfacet
  facet normal -0.970068 -0.242835 0
    outer loop
      vertex 15.8278 36.1611 16
      vertex 15.9231 35.7804 10
      vertex 15.9231 35.7804 16
    endloop
  endfacet
  facet normal 0.989176 -0.146733 0
    outer loop
      vertex 8.01926 35.3921 16
      vertex 8.07686 35.7804 10
      vertex 8.07686 35.7804 16
    endloop
  endfacet
  facet normal 0.989176 -0.146733 0
    outer loop
      vertex 8.07686 35.7804 10
      vertex 8.01926 35.3921 16
      vertex 8.01926 35.3921 10
    endloop
  endfacet
  facet normal 0.242835 0.970068 -0
    outer loop
      vertex 11.2196 31.0769 10
      vertex 10.8389 31.1722 16
      vertex 11.2196 31.0769 16
    endloop
  endfacet
  facet normal 0.242835 0.970068 0
    outer loop
      vertex 10.8389 31.1722 16
      vertex 11.2196 31.0769 10
      vertex 10.8389 31.1722 10
    endloop
  endfacet
  facet normal 0.904014 0.427503 0
    outer loop
      vertex 8.47231 33.1144 16
      vertex 8.30448 33.4693 10
      vertex 8.30448 33.4693 16
    endloop
  endfacet
  facet normal 0.904014 0.427503 0
    outer loop
      vertex 8.30448 33.4693 10
      vertex 8.47231 33.1144 16
      vertex 8.47231 33.1144 10
    endloop
  endfacet
  facet normal 0.857729 0.514102 0
    outer loop
      vertex 8.67412 32.7777 16
      vertex 8.47231 33.1144 10
      vertex 8.47231 33.1144 16
    endloop
  endfacet
  facet normal 0.857729 0.514102 0
    outer loop
      vertex 8.47231 33.1144 10
      vertex 8.67412 32.7777 16
      vertex 8.67412 32.7777 10
    endloop
  endfacet
  facet normal -0.242835 0.970068 0
    outer loop
      vertex 13.1611 31.1722 10
      vertex 12.7804 31.0769 16
      vertex 13.1611 31.1722 16
    endloop
  endfacet
  facet normal -0.242835 0.970068 0
    outer loop
      vertex 12.7804 31.0769 16
      vertex 13.1611 31.1722 10
      vertex 12.7804 31.0769 10
    endloop
  endfacet
  facet normal 0.595806 0.803128 -0
    outer loop
      vertex 9.77772 31.6741 10
      vertex 9.46243 31.908 16
      vertex 9.77772 31.6741 16
    endloop
  endfacet
  facet normal 0.595806 0.803128 0
    outer loop
      vertex 9.46243 31.908 16
      vertex 9.77772 31.6741 10
      vertex 9.46243 31.908 10
    endloop
  endfacet
  facet normal -0.514084 0.85774 0
    outer loop
      vertex 14.2223 31.6741 10
      vertex 13.8856 31.4723 16
      vertex 14.2223 31.6741 16
    endloop
  endfacet
  facet normal -0.514084 0.85774 0
    outer loop
      vertex 13.8856 31.4723 16
      vertex 14.2223 31.6741 10
      vertex 13.8856 31.4723 10
    endloop
  endfacet
  facet normal -0.803137 0.595794 0
    outer loop
      vertex 15.092 32.4624 10
      vertex 15.3259 32.7777 16
      vertex 15.3259 32.7777 10
    endloop
  endfacet
  facet normal -0.803137 0.595794 0
    outer loop
      vertex 15.3259 32.7777 16
      vertex 15.092 32.4624 10
      vertex 15.092 32.4624 16
    endloop
  endfacet
  facet normal 0.803158 -0.595766 0
    outer loop
      vertex 8.67412 37.2223 16
      vertex 8.8 37.392 10
      vertex 8.8 37.392 16
    endloop
  endfacet
  facet normal 0.803158 -0.595766 0
    outer loop
      vertex 8.8 37.392 10
      vertex 8.67412 37.2223 16
      vertex 8.67412 37.2223 10
    endloop
  endfacet
  facet normal -0.989176 0.146733 0
    outer loop
      vertex 15.9231 34.2196 10
      vertex 15.9807 34.6079 16
      vertex 15.9807 34.6079 10
    endloop
  endfacet
  facet normal -0.989176 0.146733 0
    outer loop
      vertex 15.9807 34.6079 16
      vertex 15.9231 34.2196 10
      vertex 15.9231 34.2196 16
    endloop
  endfacet
  facet normal 0.941548 -0.336879 0
    outer loop
      vertex 8.17224 36.1611 16
      vertex 8.30448 36.5307 10
      vertex 8.30448 36.5307 16
    endloop
  endfacet
  facet normal 0.941548 -0.336879 0
    outer loop
      vertex 8.30448 36.5307 10
      vertex 8.17224 36.1611 16
      vertex 8.17224 36.1611 10
    endloop
  endfacet
  facet normal 0.941548 0.336879 0
    outer loop
      vertex 8.30448 33.4693 16
      vertex 8.17224 33.8389 10
      vertex 8.17224 33.8389 16
    endloop
  endfacet
  facet normal 0.941548 0.336879 0
    outer loop
      vertex 8.17224 33.8389 10
      vertex 8.30448 33.4693 16
      vertex 8.30448 33.4693 10
    endloop
  endfacet
  facet normal -0.970068 0.242835 0
    outer loop
      vertex 15.8278 33.8389 10
      vertex 15.9231 34.2196 16
      vertex 15.9231 34.2196 10
    endloop
  endfacet
  facet normal -0.970068 0.242835 0
    outer loop
      vertex 15.9231 34.2196 16
      vertex 15.8278 33.8389 10
      vertex 15.8278 33.8389 16
    endloop
  endfacet
  facet normal -0.337014 0.9415 0
    outer loop
      vertex 13.5307 31.3045 10
      vertex 13.1611 31.1722 16
      vertex 13.5307 31.3045 16
    endloop
  endfacet
  facet normal -0.337014 0.9415 0
    outer loop
      vertex 13.1611 31.1722 16
      vertex 13.5307 31.3045 10
      vertex 13.1611 31.1722 10
    endloop
  endfacet
  facet normal -0.803113 -0.595827 0
    outer loop
      vertex 15.3259 37.2223 10
      vertex 15.2 37.392 16
      vertex 15.2 37.392 10
    endloop
  endfacet
  facet normal -0.803113 -0.595827 0
    outer loop
      vertex 15.2 37.392 16
      vertex 15.3259 37.2223 10
      vertex 15.3259 37.2223 16
    endloop
  endfacet
  facet normal 0.857729 -0.514102 0
    outer loop
      vertex 8.47231 36.8856 16
      vertex 8.67412 37.2223 10
      vertex 8.67412 37.2223 16
    endloop
  endfacet
  facet normal 0.857729 -0.514102 0
    outer loop
      vertex 8.67412 37.2223 10
      vertex 8.47231 36.8856 16
      vertex 8.47231 36.8856 10
    endloop
  endfacet
  facet normal -0.998791 0.0491626 0
    outer loop
      vertex 15.9807 34.6079 10
      vertex 16 35 16
      vertex 16 35 10
    endloop
  endfacet
  facet normal -0.998791 0.0491626 0
    outer loop
      vertex 16 35 16
      vertex 15.9807 34.6079 10
      vertex 15.9807 34.6079 16
    endloop
  endfacet
  facet normal -0.904044 0.42744 0
    outer loop
      vertex 15.5277 33.1144 10
      vertex 15.6955 33.4693 16
      vertex 15.6955 33.4693 10
    endloop
  endfacet
  facet normal -0.904044 0.42744 0
    outer loop
      vertex 15.6955 33.4693 16
      vertex 15.5277 33.1144 10
      vertex 15.5277 33.1144 16
    endloop
  endfacet
  facet normal -0.85774 -0.514084 0
    outer loop
      vertex 15.5277 36.8856 10
      vertex 15.3259 37.2223 16
      vertex 15.3259 37.2223 10
    endloop
  endfacet
  facet normal -0.85774 -0.514084 0
    outer loop
      vertex 15.3259 37.2223 16
      vertex 15.5277 36.8856 10
      vertex 15.5277 36.8856 16
    endloop
  endfacet
  facet normal 0.671531 0.740977 -0
    outer loop
      vertex 9.46243 31.908 10
      vertex 9.17157 32.1716 16
      vertex 9.46243 31.908 16
    endloop
  endfacet
  facet normal 0.671531 0.740977 0
    outer loop
      vertex 9.17157 32.1716 16
      vertex 9.46243 31.908 10
      vertex 9.17157 32.1716 10
    endloop
  endfacet
  facet normal 0.514106 0.857727 -0
    outer loop
      vertex 10.1144 31.4723 10
      vertex 9.77772 31.6741 16
      vertex 10.1144 31.4723 16
    endloop
  endfacet
  facet normal 0.514106 0.857727 0
    outer loop
      vertex 9.77772 31.6741 16
      vertex 10.1144 31.4723 10
      vertex 9.77772 31.6741 10
    endloop
  endfacet
  facet normal -0.146733 0.989176 0
    outer loop
      vertex 12.7804 31.0769 10
      vertex 12.3921 31.0193 16
      vertex 12.7804 31.0769 16
    endloop
  endfacet
  facet normal -0.146733 0.989176 0
    outer loop
      vertex 12.3921 31.0193 16
      vertex 12.7804 31.0769 10
      vertex 12.3921 31.0193 10
    endloop
  endfacet
  facet normal -0.9415 -0.337014 0
    outer loop
      vertex 15.8278 36.1611 10
      vertex 15.6955 36.5307 16
      vertex 15.6955 36.5307 10
    endloop
  endfacet
  facet normal -0.9415 -0.337014 0
    outer loop
      vertex 15.6955 36.5307 16
      vertex 15.8278 36.1611 10
      vertex 15.8278 36.1611 16
    endloop
  endfacet
  facet normal -0.85774 0.514084 0
    outer loop
      vertex 15.3259 32.7777 10
      vertex 15.5277 33.1144 16
      vertex 15.5277 33.1144 10
    endloop
  endfacet
  facet normal -0.85774 0.514084 0
    outer loop
      vertex 15.5277 33.1144 16
      vertex 15.3259 32.7777 10
      vertex 15.3259 32.7777 16
    endloop
  endfacet
  facet normal 0.998796 0.049061 0
    outer loop
      vertex 8.01926 34.6079 16
      vertex 8 35 10
      vertex 8 35 16
    endloop
  endfacet
  facet normal 0.998796 0.049061 0
    outer loop
      vertex 8 35 10
      vertex 8.01926 34.6079 16
      vertex 8.01926 34.6079 10
    endloop
  endfacet
  facet normal -0.9415 0.337014 0
    outer loop
      vertex 15.6955 33.4693 10
      vertex 15.8278 33.8389 16
      vertex 15.8278 33.8389 10
    endloop
  endfacet
  facet normal -0.9415 0.337014 0
    outer loop
      vertex 15.8278 33.8389 16
      vertex 15.6955 33.4693 10
      vertex 15.6955 33.4693 16
    endloop
  endfacet
  facet normal -0.904044 -0.42744 0
    outer loop
      vertex 15.6955 36.5307 10
      vertex 15.5277 36.8856 16
      vertex 15.5277 36.8856 10
    endloop
  endfacet
  facet normal -0.904044 -0.42744 0
    outer loop
      vertex 15.5277 36.8856 16
      vertex 15.6955 36.5307 10
      vertex 15.6955 36.5307 16
    endloop
  endfacet
  facet normal 0.146733 0.989176 -0
    outer loop
      vertex 11.6079 31.0193 10
      vertex 11.2196 31.0769 16
      vertex 11.6079 31.0193 16
    endloop
  endfacet
  facet normal 0.146733 0.989176 0
    outer loop
      vertex 11.2196 31.0769 16
      vertex 11.6079 31.0193 10
      vertex 11.2196 31.0769 10
    endloop
  endfacet
  facet normal -0.671607 0.740908 0
    outer loop
      vertex 14.8284 32.1716 10
      vertex 14.5376 31.908 16
      vertex 14.8284 32.1716 16
    endloop
  endfacet
  facet normal -0.671607 0.740908 0
    outer loop
      vertex 14.5376 31.908 16
      vertex 14.8284 32.1716 10
      vertex 14.5376 31.908 10
    endloop
  endfacet
  facet normal 0.0491626 0.998791 -0
    outer loop
      vertex 12 31 10
      vertex 11.6079 31.0193 16
      vertex 12 31 16
    endloop
  endfacet
  facet normal 0.0491626 0.998791 0
    outer loop
      vertex 11.6079 31.0193 16
      vertex 12 31 10
      vertex 11.6079 31.0193 10
    endloop
  endfacet
  facet normal 0.904014 -0.427503 0
    outer loop
      vertex 8.30448 36.5307 16
      vertex 8.47231 36.8856 10
      vertex 8.47231 36.8856 16
    endloop
  endfacet
  facet normal 0.904014 -0.427503 0
    outer loop
      vertex 8.47231 36.8856 10
      vertex 8.30448 36.5307 16
      vertex 8.30448 36.5307 10
    endloop
  endfacet
  facet normal 0.970019 -0.243027 0
    outer loop
      vertex 8.07686 35.7804 16
      vertex 8.17224 36.1611 10
      vertex 8.17224 36.1611 16
    endloop
  endfacet
  facet normal 0.970019 -0.243027 0
    outer loop
      vertex 8.17224 36.1611 10
      vertex 8.07686 35.7804 16
      vertex 8.07686 35.7804 10
    endloop
  endfacet
  facet normal 0.970019 0.243027 0
    outer loop
      vertex 8.17224 33.8389 16
      vertex 8.07686 34.2196 10
      vertex 8.07686 34.2196 16
    endloop
  endfacet
  facet normal 0.970019 0.243027 0
    outer loop
      vertex 8.07686 34.2196 10
      vertex 8.17224 33.8389 16
      vertex 8.17224 33.8389 10
    endloop
  endfacet
  facet normal 0.42744 0.904044 -0
    outer loop
      vertex 10.4693 31.3045 10
      vertex 10.1144 31.4723 16
      vertex 10.4693 31.3045 16
    endloop
  endfacet
  facet normal 0.42744 0.904044 0
    outer loop
      vertex 10.1144 31.4723 16
      vertex 10.4693 31.3045 10
      vertex 10.1144 31.4723 10
    endloop
  endfacet
  facet normal 0.740895 0.671621 0
    outer loop
      vertex 9.17157 32.1716 16
      vertex 8.90796 32.4624 10
      vertex 8.90796 32.4624 16
    endloop
  endfacet
  facet normal 0.740895 0.671621 0
    outer loop
      vertex 8.90796 32.4624 10
      vertex 9.17157 32.1716 16
      vertex 9.17157 32.1716 10
    endloop
  endfacet
  facet normal -0.42744 0.904044 0
    outer loop
      vertex 13.8856 31.4723 10
      vertex 13.5307 31.3045 16
      vertex 13.8856 31.4723 16
    endloop
  endfacet
  facet normal -0.42744 0.904044 0
    outer loop
      vertex 13.5307 31.3045 16
      vertex 13.8856 31.4723 10
      vertex 13.5307 31.3045 10
    endloop
  endfacet
  facet normal -0.0491626 0.998791 0
    outer loop
      vertex 12.3921 31.0193 10
      vertex 12 31 16
      vertex 12.3921 31.0193 16
    endloop
  endfacet
  facet normal -0.0491626 0.998791 0
    outer loop
      vertex 12 31 16
      vertex 12.3921 31.0193 10
      vertex 12 31 10
    endloop
  endfacet
  facet normal 0.989176 0.146733 0
    outer loop
      vertex 8.07686 34.2196 16
      vertex 8.01926 34.6079 10
      vertex 8.01926 34.6079 16
    endloop
  endfacet
  facet normal 0.989176 0.146733 0
    outer loop
      vertex 8.01926 34.6079 10
      vertex 8.07686 34.2196 16
      vertex 8.07686 34.2196 10
    endloop
  endfacet
  facet normal -0.595794 0.803137 0
    outer loop
      vertex 14.5376 31.908 10
      vertex 14.2223 31.6741 16
      vertex 14.5376 31.908 16
    endloop
  endfacet
  facet normal -0.595794 0.803137 0
    outer loop
      vertex 14.2223 31.6741 16
      vertex 14.5376 31.908 10
      vertex 14.2223 31.6741 10
    endloop
  endfacet
  facet normal 0 0 1
    outer loop
      vertex 8.8 37.392 10
      vertex 15.2 37.392 10
      vertex 15.2 46 10
    endloop
  endfacet
  facet normal 0 0 1
    outer loop
      vertex 15.2 37.392 10
      vertex 8.8 37.392 10
      vertex 15.092 32.4624 10
    endloop
  endfacet
  facet normal 0 0 1
    outer loop
      vertex 15.092 32.4624 10
      vertex 8.8 37.392 10
      vertex 14.8284 32.1716 10
    endloop
  endfacet
  facet normal 0 0 1
    outer loop
      vertex 14.8284 32.1716 10
      vertex 8.8 37.392 10
      vertex 14.5376 31.908 10
    endloop
  endfacet
  facet normal 0 0 1
    outer loop
      vertex 14.5376 31.908 10
      vertex 8.8 37.392 10
      vertex 14.2223 31.6741 10
    endloop
  endfacet
  facet normal 0 0 1
    outer loop
      vertex 14.2223 31.6741 10
      vertex 8.8 37.392 10
      vertex 13.8856 31.4723 10
    endloop
  endfacet
  facet normal 0 0 1
    outer loop
      vertex 13.8856 31.4723 10
      vertex 8.8 37.392 10
      vertex 13.5307 31.3045 10
    endloop
  endfacet
  facet normal 0 0 1
    outer loop
      vertex 13.5307 31.3045 10
      vertex 8.8 37.392 10
      vertex 13.1611 31.1722 10
    endloop
  endfacet
  facet normal 0 0 1
    outer loop
      vertex 13.1611 31.1722 10
      vertex 8.8 37.392 10
      vertex 12.7804 31.0769 10
    endloop
  endfacet
  facet normal 0 0 1
    outer loop
      vertex 12.7804 31.0769 10
      vertex 8.8 37.392 10
      vertex 12.3921 31.0193 10
    endloop
  endfacet
  facet normal 0 0 1
    outer loop
      vertex 12.3921 31.0193 10
      vertex 8.8 37.392 10
      vertex 12 31 10
    endloop
  endfacet
  facet normal 0 0 1
    outer loop
      vertex 12 31 10
      vertex 8.8 37.392 10
      vertex 11.6079 31.0193 10
    endloop
  endfacet
  facet normal 0 0 1
    outer loop
      vertex 11.6079 31.0193 10
      vertex 8.8 37.392 10
      vertex 11.2196 31.0769 10
    endloop
  endfacet
  facet normal 0 0 1
    outer loop
      vertex 11.2196 31.0769 10
      vertex 8.8 37.392 10
      vertex 10.8389 31.1722 10
    endloop
  endfacet
  facet normal 0 0 1
    outer loop
      vertex 10.8389 31.1722 10
      vertex 8.8 37.392 10
      vertex 10.4693 31.3045 10
    endloop
  endfacet
  facet normal 0 0 1
    outer loop
      vertex 10.4693 31.3045 10
      vertex 8.8 37.392 10
      vertex 10.1144 31.4723 10
    endloop
  endfacet
  facet normal 0 0 1
    outer loop
      vertex 10.1144 31.4723 10
      vertex 8.8 37.392 10
      vertex 9.77772 31.6741 10
    endloop
  endfacet
  facet normal 0 0 1
    outer loop
      vertex 9.77772 31.6741 10
      vertex 8.8 37.392 10
      vertex 9.46243 31.908 10
    endloop
  endfacet
  facet normal 0 0 1
    outer loop
      vertex 9.46243 31.908 10
      vertex 8.8 37.392 10
      vertex 9.17157 32.1716 10
    endloop
  endfacet
  facet normal 0 0 1
    outer loop
      vertex 8.8 37.392 10
      vertex 15.2 46 10
      vertex 8.8 46 10
    endloop
  endfacet
  facet normal 0 0 1
    outer loop
      vertex 9.17157 32.1716 10
      vertex 8.8 37.392 10
      vertex 8.90796 32.4624 10
    endloop
  endfacet
  facet normal 0 0 1
    outer loop
      vertex 8.47231 36.8856 10
      vertex 8.8 37.392 10
      vertex 8.67412 37.2223 10
    endloop
  endfacet
  facet normal 0 0 1
    outer loop
      vertex 8.8 37.392 10
      vertex 8.67412 32.7777 10
      vertex 8.90796 32.4624 10
    endloop
  endfacet
  facet normal 0 0 1
    outer loop
      vertex 8.8 37.392 10
      vertex 8.47231 36.8856 10
      vertex 8.67412 32.7777 10
    endloop
  endfacet
  facet normal 0 0 1
    outer loop
      vertex 8.47231 36.8856 10
      vertex 8.47231 33.1144 10
      vertex 8.67412 32.7777 10
    endloop
  endfacet
  facet normal -0 0 1
    outer loop
      vertex 8.30448 36.5307 10
      vertex 8.47231 33.1144 10
      vertex 8.47231 36.8856 10
    endloop
  endfacet
  facet normal 0 0 1
    outer loop
      vertex 8.30448 36.5307 10
      vertex 8.30448 33.4693 10
      vertex 8.47231 33.1144 10
    endloop
  endfacet
  facet normal -0 0 1
    outer loop
      vertex 8.17224 36.1611 10
      vertex 8.30448 33.4693 10
      vertex 8.30448 36.5307 10
    endloop
  endfacet
  facet normal 0 0 1
    outer loop
      vertex 8.17224 36.1611 10
      vertex 8.17224 33.8389 10
      vertex 8.30448 33.4693 10
    endloop
  endfacet
  facet normal -0 0 1
    outer loop
      vertex 8.07686 35.7804 10
      vertex 8.17224 33.8389 10
      vertex 8.17224 36.1611 10
    endloop
  endfacet
  facet normal 0 0 1
    outer loop
      vertex 8.07686 35.7804 10
      vertex 8.07686 34.2196 10
      vertex 8.17224 33.8389 10
    endloop
  endfacet
  facet normal -0 0 1
    outer loop
      vertex 8.01926 35.3921 10
      vertex 8.07686 34.2196 10
      vertex 8.07686 35.7804 10
    endloop
  endfacet
  facet normal 0 0 1
    outer loop
      vertex 8.01926 35.3921 10
      vertex 8.01926 34.6079 10
      vertex 8.07686 34.2196 10
    endloop
  endfacet
  facet normal 0 -0 1
    outer loop
      vertex 8.01926 34.6079 10
      vertex 8.01926 35.3921 10
      vertex 8 35 10
    endloop
  endfacet
  facet normal 0 0 1
    outer loop
      vertex 15.9807 35.3921 10
      vertex 15.9807 34.6079 10
      vertex 16 35 10
    endloop
  endfacet
  facet normal 0 0 1
    outer loop
      vertex 15.9231 35.7804 10
      vertex 15.9807 34.6079 10
      vertex 15.9807 35.3921 10
    endloop
  endfacet
  facet normal 0 0 1
    outer loop
      vertex 15.9231 35.7804 10
      vertex 15.9231 34.2196 10
      vertex 15.9807 34.6079 10
    endloop
  endfacet
  facet normal 0 0 1
    outer loop
      vertex 15.8278 36.1611 10
      vertex 15.9231 34.2196 10
      vertex 15.9231 35.7804 10
    endloop
  endfacet
  facet normal 0 0 1
    outer loop
      vertex 15.8278 36.1611 10
      vertex 15.8278 33.8389 10
      vertex 15.9231 34.2196 10
    endloop
  endfacet
  facet normal 0 0 1
    outer loop
      vertex 15.6955 36.5307 10
      vertex 15.8278 33.8389 10
      vertex 15.8278 36.1611 10
    endloop
  endfacet
  facet normal 0 0 1
    outer loop
      vertex 15.6955 36.5307 10
      vertex 15.6955 33.4693 10
      vertex 15.8278 33.8389 10
    endloop
  endfacet
  facet normal 0 0 1
    outer loop
      vertex 15.5277 36.8856 10
      vertex 15.6955 33.4693 10
      vertex 15.6955 36.5307 10
    endloop
  endfacet
  facet normal 0 0 1
    outer loop
      vertex 15.5277 36.8856 10
      vertex 15.5277 33.1144 10
      vertex 15.6955 33.4693 10
    endloop
  endfacet
  facet normal 0 0 1
    outer loop
      vertex 15.2 37.392 10
      vertex 15.5277 36.8856 10
      vertex 15.3259 37.2223 10
    endloop
  endfacet
  facet normal 0 0 1
    outer loop
      vertex 15.5277 36.8856 10
      vertex 15.2 37.392 10
      vertex 15.5277 33.1144 10
    endloop
  endfacet
  facet normal 0 0 1
    outer loop
      vertex 15.5277 33.1144 10
      vertex 15.2 37.392 10
      vertex 15.3259 32.7777 10
    endloop
  endfacet
  facet normal 0 0 1
    outer loop
      vertex 15.3259 32.7777 10
      vertex 15.2 37.392 10
      vertex 15.092 32.4624 10
    endloop
  endfacet
  facet normal 0.80321 0.595695 0
    outer loop
      vertex 8.90796 32.4624 16
      vertex 8.67412 32.7777 10
      vertex 8.67412 32.7777 16
    endloop
  endfacet
  facet normal 0.80321 0.595695 0
    outer loop
      vertex 8.67412 32.7777 10
      vertex 8.90796 32.4624 16
      vertex 8.90796 32.4624 10
    endloop
  endfacet
  facet normal 0.998796 -0.049061 0
    outer loop
      vertex 8 35 16
      vertex 8.01926 35.3921 10
      vertex 8.01926 35.3921 16
    endloop
  endfacet
  facet normal 0.998796 -0.049061 0
    outer loop
      vertex 8.01926 35.3921 10
      vertex 8 35 16
      vertex 8 35 10
    endloop
  endfacet
  facet normal -0.740908 0.671607 0
    outer loop
      vertex 14.8284 32.1716 10
      vertex 15.092 32.4624 16
      vertex 15.092 32.4624 10
    endloop
  endfacet
  facet normal -0.740908 0.671607 0
    outer loop
      vertex 15.092 32.4624 16
      vertex 14.8284 32.1716 10
      vertex 14.8284 32.1716 16
    endloop
  endfacet
  facet normal -1 0 0
    outer loop
      vertex 15.2 37.392 10
      vertex 15.2 46 16
      vertex 15.2 46 10
    endloop
  endfacet
  facet normal -1 -0 0
    outer loop
      vertex 15.2 46 16
      vertex 15.2 37.392 10
      vertex 15.2 37.392 16
    endloop
  endfacet
  facet normal 1 -0 0
    outer loop
      vertex 8.8 37.392 16
      vertex 8.8 46 10
      vertex 8.8 46 16
    endloop
  endfacet
  facet normal 1 0 0
    outer loop
      vertex 8.8 46 10
      vertex 8.8 37.392 16
      vertex 8.8 37.392 10
    endloop
  endfacet
  facet normal 1 -0 0
    outer loop
      vertex 18 24 16
      vertex 18 46 0
      vertex 18 46 16
    endloop
  endfacet
  facet normal 1 0 0
    outer loop
      vertex 18 46 0
      vertex 18 24 16
      vertex 18 24 0
    endloop
  endfacet
  facet normal -0 0 1
    outer loop
      vertex -8 46 16
      vertex -5.6 36.196 16
      vertex -5.6 46 16
    endloop
  endfacet
  facet normal 0 0 1
    outer loop
      vertex -5.6 36.196 16
      vertex -8 46 16
      vertex -5.66294 36.1111 16
    endloop
  endfacet
  facet normal 0 0 1
    outer loop
      vertex -5.66294 36.1111 16
      vertex -8 46 16
      vertex -5.76384 35.9428 16
    endloop
  endfacet
  facet normal 0 0 1
    outer loop
      vertex -5.76384 35.9428 16
      vertex -8 46 16
      vertex -5.84776 35.7654 16
    endloop
  endfacet
  facet normal 0 0 1
    outer loop
      vertex -5.84776 35.7654 16
      vertex -8 46 16
      vertex -5.91388 35.5806 16
    endloop
  endfacet
  facet normal 0 0 1
    outer loop
      vertex -5.91388 35.5806 16
      vertex -8 46 16
      vertex -5.96157 35.3902 16
    endloop
  endfacet
  facet normal 0 0 1
    outer loop
      vertex -5.96157 35.3902 16
      vertex -8 46 16
      vertex -5.99037 35.196 16
    endloop
  endfacet
  facet normal 0 0 1
    outer loop
      vertex -5.99037 35.196 16
      vertex -8 46 16
      vertex -6 35 16
    endloop
  endfacet
  facet normal -0 0 1
    outer loop
      vertex -2.4 46 16
      vertex 0.599999 36.794 16
      vertex 0.599999 46 16
    endloop
  endfacet
  facet normal 0 0 1
    outer loop
      vertex -2.4 36.196 16
      vertex 0.599999 36.794 16
      vertex -2.4 46 16
    endloop
  endfacet
  facet normal 0 0 1
    outer loop
      vertex 0.599999 36.794 16
      vertex -2.4 36.196 16
      vertex 0.50559 36.6667 16
    endloop
  endfacet
  facet normal 0 0 1
    outer loop
      vertex 0.50559 36.6667 16
      vertex -2.4 36.196 16
      vertex 0.354236 36.4142 16
    endloop
  endfacet
  facet normal 0 0 1
    outer loop
      vertex 0.354236 36.4142 16
      vertex -2.33706 36.1111 16
      vertex 0.228361 36.148 16
    endloop
  endfacet
  facet normal 0 -0 1
    outer loop
      vertex -2.23616 35.9428 16
      vertex 0.228361 36.148 16
      vertex -2.33706 36.1111 16
    endloop
  endfacet
  facet normal -0 0 1
    outer loop
      vertex -2.00963 35.196 16
      vertex 0 35 16
      vertex 0.0144453 35.2941 16
    endloop
  endfacet
  facet normal 0 0 1
    outer loop
      vertex 0.228361 36.148 16
      vertex -2.23616 35.9428 16
      vertex 0.129178 35.8709 16
    endloop
  endfacet
  facet normal 0 0 1
    outer loop
      vertex 0 35 16
      vertex -2.00963 35.196 16
      vertex -2 35 16
    endloop
  endfacet
  facet normal 0 0 1
    outer loop
      vertex 0.0144453 35.2941 16
      vertex -2.03843 35.3902 16
      vertex -2.00963 35.196 16
    endloop
  endfacet
  facet normal 0 0 1
    outer loop
      vertex 0.0576439 35.5853 16
      vertex -2.03843 35.3902 16
      vertex 0.0144453 35.2941 16
    endloop
  endfacet
  facet normal 0 -0 1
    outer loop
      vertex -2.03843 35.3902 16
      vertex 0.0576439 35.5853 16
      vertex -2.08612 35.5806 16
    endloop
  endfacet
  facet normal 0 0 1
    outer loop
      vertex 0.129178 35.8709 16
      vertex -2.08612 35.5806 16
      vertex 0.0576439 35.5853 16
    endloop
  endfacet
  facet normal 0 -0 1
    outer loop
      vertex -2.08612 35.5806 16
      vertex 0.129178 35.8709 16
      vertex -2.15224 35.7654 16
    endloop
  endfacet
  facet normal 0 -0 1
    outer loop
      vertex -2.33706 36.1111 16
      vertex 0.354236 36.4142 16
      vertex -2.4 36.196 16
    endloop
  endfacet
  facet normal 0 -0 1
    outer loop
      vertex -2.15224 35.7654 16
      vertex 0.129178 35.8709 16
      vertex -2.23616 35.9428 16
    endloop
  endfacet
  facet normal -0 0 1
    outer loop
      vertex 5.4 46 16
      vertex 8.8 37.392 16
      vertex 8.8 46 16
    endloop
  endfacet
  facet normal 0 0 1
    outer loop
      vertex 5.4 36.794 16
      vertex 8.8 37.392 16
      vertex 5.4 46 16
    endloop
  endfacet
  facet normal 0 0 1
    outer loop
      vertex 8.8 37.392 16
      vertex 5.4 36.794 16
      vertex 8.67412 37.2223 16
    endloop
  endfacet
  facet normal 0 -0 1
    outer loop
      vertex 5.49441 36.6667 16
      vertex 8.47231 36.8856 16
      vertex 5.4 36.794 16
    endloop
  endfacet
  facet normal 0 0 1
    outer loop
      vertex 8.47231 36.8856 16
      vertex 5.49441 36.6667 16
      vertex 8.30448 36.5307 16
    endloop
  endfacet
  facet normal 0 -0 1
    outer loop
      vertex 5.64576 36.4142 16
      vertex 8.30448 36.5307 16
      vertex 5.49441 36.6667 16
    endloop
  endfacet
  facet normal -0 0 1
    outer loop
      vertex 5.98555 35.2941 16
      vertex 8 35 16
      vertex 8.01926 35.3921 16
    endloop
  endfacet
  facet normal 0 -0 1
    outer loop
      vertex 5.77164 36.148 16
      vertex 8.30448 36.5307 16
      vertex 5.64576 36.4142 16
    endloop
  endfacet
  facet normal 0 0 1
    outer loop
      vertex 8 35 16
      vertex 5.98555 35.2941 16
      vertex 6 35 16
    endloop
  endfacet
  facet normal 0 0 1
    outer loop
      vertex 8.01926 35.3921 16
      vertex 5.94236 35.5853 16
      vertex 5.98555 35.2941 16
    endloop
  endfacet
  facet normal 0 0 1
    outer loop
      vertex 8.07686 35.7804 16
      vertex 5.94236 35.5853 16
      vertex 8.01926 35.3921 16
    endloop
  endfacet
  facet normal 0 -0 1
    outer loop
      vertex 5.94236 35.5853 16
      vertex 8.07686 35.7804 16
      vertex 5.87082 35.8709 16
    endloop
  endfacet
  facet normal 0 0 1
    outer loop
      vertex 8.17224 36.1611 16
      vertex 5.87082 35.8709 16
      vertex 8.07686 35.7804 16
    endloop
  endfacet
  facet normal 0 -0 1
    outer loop
      vertex 5.87082 35.8709 16
      vertex 8.17224 36.1611 16
      vertex 5.77164 36.148 16
    endloop
  endfacet
  facet normal 0 0 1
    outer loop
      vertex 8.67412 37.2223 16
      vertex 5.4 36.794 16
      vertex 8.47231 36.8856 16
    endloop
  endfacet
  facet normal 0 0 1
    outer loop
      vertex 8.30448 36.5307 16
      vertex 5.77164 36.148 16
      vertex 8.17224 36.1611 16
    endloop
  endfacet
  facet normal 0 0 1
    outer loop
      vertex 18 46 16
      vertex 16 35 16
      vertex 18 24 16
    endloop
  endfacet
  facet normal 0 0 1
    outer loop
      vertex 18 46 16
      vertex 15.9807 35.3921 16
      vertex 16 35 16
    endloop
  endfacet
  facet normal 0 0 1
    outer loop
      vertex 18 46 16
      vertex 15.9231 35.7804 16
      vertex 15.9807 35.3921 16
    endloop
  endfacet
  facet normal 0 0 1
    outer loop
      vertex 18 46 16
      vertex 15.8278 36.1611 16
      vertex 15.9231 35.7804 16
    endloop
  endfacet
  facet normal 0 0 1
    outer loop
      vertex 18 46 16
      vertex 15.6955 36.5307 16
      vertex 15.8278 36.1611 16
    endloop
  endfacet
  facet normal 0 0 1
    outer loop
      vertex 18 46 16
      vertex 15.5277 36.8856 16
      vertex 15.6955 36.5307 16
    endloop
  endfacet
  facet normal 0 0 1
    outer loop
      vertex 18 46 16
      vertex 15.3259 37.2223 16
      vertex 15.5277 36.8856 16
    endloop
  endfacet
  facet normal 0 0 1
    outer loop
      vertex 15.2 37.392 16
      vertex 18 46 16
      vertex 15.2 46 16
    endloop
  endfacet
  facet normal 0 0 1
    outer loop
      vertex 18 46 16
      vertex 15.2 37.392 16
      vertex 15.3259 37.2223 16
    endloop
  endfacet
  facet normal -0 0 1
    outer loop
      vertex 15.9807 34.6079 16
      vertex 18 24 16
      vertex 16 35 16
    endloop
  endfacet
  facet normal -0 0 1
    outer loop
      vertex 15.9231 34.2196 16
      vertex 18 24 16
      vertex 15.9807 34.6079 16
    endloop
  endfacet
  facet normal -0 0 1
    outer loop
      vertex 15.8278 33.8389 16
      vertex 18 24 16
      vertex 15.9231 34.2196 16
    endloop
  endfacet
  facet normal -0 0 1
    outer loop
      vertex 15.6955 33.4693 16
      vertex 18 24 16
      vertex 15.8278 33.8389 16
    endloop
  endfacet
  facet normal -0 0 1
    outer loop
      vertex 15.5277 33.1144 16
      vertex 18 24 16
      vertex 15.6955 33.4693 16
    endloop
  endfacet
  facet normal -0 0 1
    outer loop
      vertex 15.3259 32.7777 16
      vertex 18 24 16
      vertex 15.5277 33.1144 16
    endloop
  endfacet
  facet normal -0 0 1
    outer loop
      vertex 15.092 32.4624 16
      vertex 18 24 16
      vertex 15.3259 32.7777 16
    endloop
  endfacet
  facet normal -0 0 1
    outer loop
      vertex 14.8284 32.1716 16
      vertex 18 24 16
      vertex 15.092 32.4624 16
    endloop
  endfacet
  facet normal -0 0 1
    outer loop
      vertex 14.5376 31.908 16
      vertex 18 24 16
      vertex 14.8284 32.1716 16
    endloop
  endfacet
  facet normal -0 0 1
    outer loop
      vertex 14.2223 31.6741 16
      vertex 18 24 16
      vertex 14.5376 31.908 16
    endloop
  endfacet
  facet normal -0 0 1
    outer loop
      vertex 13.8856 31.4723 16
      vertex 18 24 16
      vertex 14.2223 31.6741 16
    endloop
  endfacet
  facet normal -0 0 1
    outer loop
      vertex 13.5307 31.3045 16
      vertex 18 24 16
      vertex 13.8856 31.4723 16
    endloop
  endfacet
  facet normal -0 0 1
    outer loop
      vertex 13.1611 31.1722 16
      vertex 18 24 16
      vertex 13.5307 31.3045 16
    endloop
  endfacet
  facet normal -0 0 1
    outer loop
      vertex 12.7804 31.0769 16
      vertex 18 24 16
      vertex 13.1611 31.1722 16
    endloop
  endfacet
  facet normal -0 0 1
    outer loop
      vertex 12.3921 31.0193 16
      vertex 18 24 16
      vertex 12.7804 31.0769 16
    endloop
  endfacet
  facet normal -0 0 1
    outer loop
      vertex 12 31 16
      vertex 18 24 16
      vertex 12.3921 31.0193 16
    endloop
  endfacet
  facet normal 0 0 1
    outer loop
      vertex 11.6079 31.0193 16
      vertex 18 24 16
      vertex 12 31 16
    endloop
  endfacet
  facet normal 0 0 1
    outer loop
      vertex 11.2196 31.0769 16
      vertex 18 24 16
      vertex 11.6079 31.0193 16
    endloop
  endfacet
  facet normal 0 0 1
    outer loop
      vertex 10.8389 31.1722 16
      vertex 18 24 16
      vertex 11.2196 31.0769 16
    endloop
  endfacet
  facet normal 0 0 1
    outer loop
      vertex 10.4693 31.3045 16
      vertex 18 24 16
      vertex 10.8389 31.1722 16
    endloop
  endfacet
  facet normal 0 0 1
    outer loop
      vertex 3.58527 32.0576 16
      vertex 10.4693 31.3045 16
      vertex 10.1144 31.4723 16
    endloop
  endfacet
  facet normal 0 0 1
    outer loop
      vertex 3.87085 32.1292 16
      vertex 10.1144 31.4723 16
      vertex 9.77772 31.6741 16
    endloop
  endfacet
  facet normal 0 0 1
    outer loop
      vertex 4.41419 32.3542 16
      vertex 9.77772 31.6741 16
      vertex 9.46243 31.908 16
    endloop
  endfacet
  facet normal 0 0 1
    outer loop
      vertex 4.66671 32.5056 16
      vertex 9.46243 31.908 16
      vertex 9.17157 32.1716 16
    endloop
  endfacet
  facet normal 0 0 1
    outer loop
      vertex 5.98555 34.7059 16
      vertex 8 35 16
      vertex 6 35 16
    endloop
  endfacet
  facet normal 0 0 1
    outer loop
      vertex 8 35 16
      vertex 5.98555 34.7059 16
      vertex 8.01926 34.6079 16
    endloop
  endfacet
  facet normal 0 0 1
    outer loop
      vertex 5.94236 34.4147 16
      vertex 8.01926 34.6079 16
      vertex 5.98555 34.7059 16
    endloop
  endfacet
  facet normal 0 0 1
    outer loop
      vertex 8.01926 34.6079 16
      vertex 5.94236 34.4147 16
      vertex 8.07686 34.2196 16
    endloop
  endfacet
  facet normal 0 0 1
    outer loop
      vertex 5.87082 34.1291 16
      vertex 8.07686 34.2196 16
      vertex 5.94236 34.4147 16
    endloop
  endfacet
  facet normal 0 0 1
    outer loop
      vertex 8.07686 34.2196 16
      vertex 5.87082 34.1291 16
      vertex 8.17224 33.8389 16
    endloop
  endfacet
  facet normal -0 0 1
    outer loop
      vertex 5.77164 33.852 16
      vertex 8.17224 33.8389 16
      vertex 5.87082 34.1291 16
    endloop
  endfacet
  facet normal 0 0 1
    outer loop
      vertex 8.17224 33.8389 16
      vertex 5.77164 33.852 16
      vertex 8.30448 33.4693 16
    endloop
  endfacet
  facet normal -0 0 1
    outer loop
      vertex 5.64576 33.5858 16
      vertex 8.30448 33.4693 16
      vertex 5.77164 33.852 16
    endloop
  endfacet
  facet normal 0 0 1
    outer loop
      vertex 5.49441 33.3333 16
      vertex 8.30448 33.4693 16
      vertex 5.64576 33.5858 16
    endloop
  endfacet
  facet normal 0 0 1
    outer loop
      vertex 8.30448 33.4693 16
      vertex 5.49441 33.3333 16
      vertex 8.47231 33.1144 16
    endloop
  endfacet
  facet normal 0 0 1
    outer loop
      vertex 5.31903 33.0968 16
      vertex 8.47231 33.1144 16
      vertex 5.49441 33.3333 16
    endloop
  endfacet
  facet normal 0 0 1
    outer loop
      vertex 8.47231 33.1144 16
      vertex 5.31903 33.0968 16
      vertex 8.67412 32.7777 16
    endloop
  endfacet
  facet normal -0 0 1
    outer loop
      vertex 5.12132 32.8787 16
      vertex 8.67412 32.7777 16
      vertex 5.31903 33.0968 16
    endloop
  endfacet
  facet normal 0 0 1
    outer loop
      vertex 8.67412 32.7777 16
      vertex 5.12132 32.8787 16
      vertex 8.90796 32.4624 16
    endloop
  endfacet
  facet normal -0 0 1
    outer loop
      vertex 4.90318 32.681 16
      vertex 8.90796 32.4624 16
      vertex 5.12132 32.8787 16
    endloop
  endfacet
  facet normal 0 0 1
    outer loop
      vertex 8.90796 32.4624 16
      vertex 4.90318 32.681 16
      vertex 9.17157 32.1716 16
    endloop
  endfacet
  facet normal -0 0 1
    outer loop
      vertex 4.66671 32.5056 16
      vertex 9.17157 32.1716 16
      vertex 4.90318 32.681 16
    endloop
  endfacet
  facet normal 0 0 1
    outer loop
      vertex 9.46243 31.908 16
      vertex 4.66671 32.5056 16
      vertex 4.41419 32.3542 16
    endloop
  endfacet
  facet normal 0 0 1
    outer loop
      vertex 9.77772 31.6741 16
      vertex 4.41419 32.3542 16
      vertex 4.14805 32.2284 16
    endloop
  endfacet
  facet normal 0 0 1
    outer loop
      vertex 9.77772 31.6741 16
      vertex 4.14805 32.2284 16
      vertex 3.87085 32.1292 16
    endloop
  endfacet
  facet normal 0 0 1
    outer loop
      vertex 10.1144 31.4723 16
      vertex 3.87085 32.1292 16
      vertex 3.58527 32.0576 16
    endloop
  endfacet
  facet normal 0 0 1
    outer loop
      vertex 10.4693 31.3045 16
      vertex 3.58527 32.0576 16
      vertex 18 24 16
    endloop
  endfacet
  facet normal -0 0 1
    outer loop
      vertex 3.29405 32.0144 16
      vertex 18 24 16
      vertex 3.58527 32.0576 16
    endloop
  endfacet
  facet normal 0 0 1
    outer loop
      vertex -8 24 16
      vertex 3.29405 32.0144 16
      vertex 3 32 16
    endloop
  endfacet
  facet normal 0 0 1
    outer loop
      vertex -8 24 16
      vertex 3 32 16
      vertex 2.70595 32.0144 16
    endloop
  endfacet
  facet normal 0 0 1
    outer loop
      vertex -8 24 16
      vertex 2.70595 32.0144 16
      vertex 2.41473 32.0576 16
    endloop
  endfacet
  facet normal 0 0 1
    outer loop
      vertex -8 24 16
      vertex 2.41473 32.0576 16
      vertex 2.12915 32.1292 16
    endloop
  endfacet
  facet normal 0 0 1
    outer loop
      vertex -8 24 16
      vertex 2.12915 32.1292 16
      vertex 1.85195 32.2284 16
    endloop
  endfacet
  facet normal 0 0 1
    outer loop
      vertex -8 24 16
      vertex 1.85195 32.2284 16
      vertex 1.58581 32.3542 16
    endloop
  endfacet
  facet normal 0 0 1
    outer loop
      vertex -2.00963 34.804 16
      vertex 0 35 16
      vertex -2 35 16
    endloop
  endfacet
  facet normal 0 0 1
    outer loop
      vertex 0 35 16
      vertex -2.00963 34.804 16
      vertex 0.0144453 34.7059 16
    endloop
  endfacet
  facet normal 0 0 1
    outer loop
      vertex -2.03843 34.6098 16
      vertex 0.0144453 34.7059 16
      vertex -2.00963 34.804 16
    endloop
  endfacet
  facet normal 0 0 1
    outer loop
      vertex 0.0144453 34.7059 16
      vertex -2.03843 34.6098 16
      vertex 0.0576439 34.4147 16
    endloop
  endfacet
  facet normal -0 0 1
    outer loop
      vertex -2.08612 34.4194 16
      vertex 0.0576439 34.4147 16
      vertex -2.03843 34.6098 16
    endloop
  endfacet
  facet normal 0 0 1
    outer loop
      vertex 0.0576439 34.4147 16
      vertex -2.08612 34.4194 16
      vertex 0.129178 34.1291 16
    endloop
  endfacet
  facet normal -0 0 1
    outer loop
      vertex -2.15224 34.2346 16
      vertex 0.129178 34.1291 16
      vertex -2.08612 34.4194 16
    endloop
  endfacet
  facet normal 0 0 1
    outer loop
      vertex -2.23616 34.0572 16
      vertex 0.129178 34.1291 16
      vertex -2.15224 34.2346 16
    endloop
  endfacet
  facet normal 0 0 1
    outer loop
      vertex 0.129178 34.1291 16
      vertex -2.23616 34.0572 16
      vertex 0.228361 33.852 16
    endloop
  endfacet
  facet normal -0 0 1
    outer loop
      vertex -2.33706 33.8889 16
      vertex 0.228361 33.852 16
      vertex -2.23616 34.0572 16
    endloop
  endfacet
  facet normal 0 0 1
    outer loop
      vertex 0.228361 33.852 16
      vertex -2.33706 33.8889 16
      vertex 0.354236 33.5858 16
    endloop
  endfacet
  facet normal -0 0 1
    outer loop
      vertex -2.45398 33.7312 16
      vertex 0.354236 33.5858 16
      vertex -2.33706 33.8889 16
    endloop
  endfacet
  facet normal 0 0 1
    outer loop
      vertex 0.354236 33.5858 16
      vertex -2.45398 33.7312 16
      vertex 0.50559 33.3333 16
    endloop
  endfacet
  facet normal -0 0 1
    outer loop
      vertex -2.58579 33.5858 16
      vertex 0.50559 33.3333 16
      vertex -2.45398 33.7312 16
    endloop
  endfacet
  facet normal 0 0 1
    outer loop
      vertex 0.50559 33.3333 16
      vertex -2.58579 33.5858 16
      vertex 0.680968 33.0968 16
    endloop
  endfacet
  facet normal -0 0 1
    outer loop
      vertex -2.73121 33.454 16
      vertex 0.680968 33.0968 16
      vertex -2.58579 33.5858 16
    endloop
  endfacet
  facet normal -0 0 1
    outer loop
      vertex -2.88886 33.3371 16
      vertex 0.680968 33.0968 16
      vertex -2.73121 33.454 16
    endloop
  endfacet
  facet normal 0 0 1
    outer loop
      vertex 0.680968 33.0968 16
      vertex -2.88886 33.3371 16
      vertex 0.878679 32.8787 16
    endloop
  endfacet
  facet normal -0 0 1
    outer loop
      vertex -3.05721 33.2362 16
      vertex 0.878679 32.8787 16
      vertex -2.88886 33.3371 16
    endloop
  endfacet
  facet normal 0 0 1
    outer loop
      vertex 0.878679 32.8787 16
      vertex -3.05721 33.2362 16
      vertex 1.09682 32.681 16
    endloop
  endfacet
  facet normal -0 0 1
    outer loop
      vertex -3.23463 33.1522 16
      vertex 1.09682 32.681 16
      vertex -3.05721 33.2362 16
    endloop
  endfacet
  facet normal 0 0 1
    outer loop
      vertex 1.09682 32.681 16
      vertex -3.23463 33.1522 16
      vertex 1.33329 32.5056 16
    endloop
  endfacet
  facet normal -0 0 1
    outer loop
      vertex -3.41943 33.0861 16
      vertex 1.33329 32.5056 16
      vertex -3.23463 33.1522 16
    endloop
  endfacet
  facet normal 0 0 1
    outer loop
      vertex 1.33329 32.5056 16
      vertex -3.41943 33.0861 16
      vertex 1.58581 32.3542 16
    endloop
  endfacet
  facet normal 0 0 1
    outer loop
      vertex 1.58581 32.3542 16
      vertex -3.41943 33.0861 16
      vertex -8 24 16
    endloop
  endfacet
  facet normal 0 0 1
    outer loop
      vertex -8 24 16
      vertex -3.41943 33.0861 16
      vertex -3.60982 33.0384 16
    endloop
  endfacet
  facet normal 0 0 1
    outer loop
      vertex -8 24 16
      vertex -3.60982 33.0384 16
      vertex -3.80397 33.0096 16
    endloop
  endfacet
  facet normal 0 0 1
    outer loop
      vertex -8 24 16
      vertex -3.80397 33.0096 16
      vertex -4 33 16
    endloop
  endfacet
  facet normal 0 0 1
    outer loop
      vertex -8 24 16
      vertex -4 33 16
      vertex -4.19603 33.0096 16
    endloop
  endfacet
  facet normal 0 0 1
    outer loop
      vertex -8 24 16
      vertex -4.19603 33.0096 16
      vertex -4.39018 33.0384 16
    endloop
  endfacet
  facet normal 0 0 1
    outer loop
      vertex -8 24 16
      vertex -4.39018 33.0384 16
      vertex -4.58057 33.0861 16
    endloop
  endfacet
  facet normal 0 0 1
    outer loop
      vertex -8 24 16
      vertex -4.58057 33.0861 16
      vertex -4.76537 33.1522 16
    endloop
  endfacet
  facet normal 0 0 1
    outer loop
      vertex -8 24 16
      vertex -6 35 16
      vertex -8 46 16
    endloop
  endfacet
  facet normal 0 0 1
    outer loop
      vertex -6 35 16
      vertex -8 24 16
      vertex -5.99037 34.804 16
    endloop
  endfacet
  facet normal 0 0 1
    outer loop
      vertex 3.29405 32.0144 16
      vertex -8 24 16
      vertex 18 24 16
    endloop
  endfacet
  facet normal 0 0 1
    outer loop
      vertex -4.94279 33.2362 16
      vertex -8 24 16
      vertex -4.76537 33.1522 16
    endloop
  endfacet
  facet normal 0 0 1
    outer loop
      vertex -5.11114 33.3371 16
      vertex -8 24 16
      vertex -4.94279 33.2362 16
    endloop
  endfacet
  facet normal 0 0 1
    outer loop
      vertex -5.26879 33.454 16
      vertex -8 24 16
      vertex -5.11114 33.3371 16
    endloop
  endfacet
  facet normal 0 0 1
    outer loop
      vertex -5.41421 33.5858 16
      vertex -8 24 16
      vertex -5.26879 33.454 16
    endloop
  endfacet
  facet normal 0 0 1
    outer loop
      vertex -5.54602 33.7312 16
      vertex -8 24 16
      vertex -5.41421 33.5858 16
    endloop
  endfacet
  facet normal 0 0 1
    outer loop
      vertex -5.66294 33.8889 16
      vertex -8 24 16
      vertex -5.54602 33.7312 16
    endloop
  endfacet
  facet normal 0 0 1
    outer loop
      vertex -5.76384 34.0572 16
      vertex -8 24 16
      vertex -5.66294 33.8889 16
    endloop
  endfacet
  facet normal 0 0 1
    outer loop
      vertex -5.84776 34.2346 16
      vertex -8 24 16
      vertex -5.76384 34.0572 16
    endloop
  endfacet
  facet normal 0 0 1
    outer loop
      vertex -5.91388 34.4194 16
      vertex -8 24 16
      vertex -5.84776 34.2346 16
    endloop
  endfacet
  facet normal 0 0 1
    outer loop
      vertex -5.96157 34.6098 16
      vertex -8 24 16
      vertex -5.91388 34.4194 16
    endloop
  endfacet
  facet normal 0 0 1
    outer loop
      vertex -5.99037 34.804 16
      vertex -8 24 16
      vertex -5.96157 34.6098 16
    endloop
  endfacet
  facet normal 0 0 -1
    outer loop
      vertex -8 24 0
      vertex 18 46 0
      vertex 18 24 0
    endloop
  endfacet
  facet normal -0 0 -1
    outer loop
      vertex 18 46 0
      vertex -8 24 0
      vertex -8 46 0
    endloop
  endfacet
  facet normal -1 0 0
    outer loop
      vertex -8 24 0
      vertex -8 46 16
      vertex -8 46 0
    endloop
  endfacet
  facet normal -1 -0 0
    outer loop
      vertex -8 46 16
      vertex -8 24 0
      vertex -8 24 16
    endloop
  endfacet
  facet normal 0 1 0
    outer loop
      vertex 18 46 16
      vertex 15.2 46 10
      vertex 15.2 46 16
    endloop
  endfacet
  facet normal 0 1 0
    outer loop
      vertex 18 46 0
      vertex 8.8 46 10
      vertex 15.2 46 10
    endloop
  endfacet
  facet normal 0 1 0
    outer loop
      vertex -8 46 0
      vertex 0.599999 46 9
      vertex 5.4 46 9
    endloop
  endfacet
  facet normal 0 1 0
    outer loop
      vertex 8.8 46 10
      vertex 18 46 0
      vertex 5.4 46 9
    endloop
  endfacet
  facet normal 0 1 0
    outer loop
      vertex 0.599999 46 9
      vertex -8 46 0
      vertex -2.4 46 8
    endloop
  endfacet
  facet normal 0 1 0
    outer loop
      vertex -8 46 0
      vertex 5.4 46 9
      vertex 18 46 0
    endloop
  endfacet
  facet normal 0 1 -0
    outer loop
      vertex 18 46 0
      vertex 15.2 46 10
      vertex 18 46 16
    endloop
  endfacet
  facet normal 0 1 -0
    outer loop
      vertex 8.8 46 10
      vertex 5.4 46 16
      vertex 8.8 46 16
    endloop
  endfacet
  facet normal 0 1 0
    outer loop
      vertex 5.4 46 16
      vertex 8.8 46 10
      vertex 5.4 46 9
    endloop
  endfacet
  facet normal 0 1 -0
    outer loop
      vertex 0.599999 46 9
      vertex -2.4 46 16
      vertex 0.599999 46 16
    endloop
  endfacet
  facet normal 0 1 0
    outer loop
      vertex -2.4 46 16
      vertex 0.599999 46 9
      vertex -2.4 46 8
    endloop
  endfacet
  facet normal 0 1 -0
    outer loop
      vertex -5.6 46 8
      vertex -8 46 16
      vertex -5.6 46 16
    endloop
  endfacet
  facet normal 0 1 0
    outer loop
      vertex -5.6 46 8
      vertex -8 46 0
      vertex -8 46 16
    endloop
  endfacet
  facet normal 0 1 0
    outer loop
      vertex -2.4 46 8
      vertex -8 46 0
      vertex -5.6 46 8
    endloop
  endfacet
  facet normal 0 -1 0
    outer loop
      vertex -8 24 0
      vertex 18 24 16
      vertex -8 24 16
    endloop
  endfacet
  facet normal 0 -1 -0
    outer loop
      vertex 18 24 16
      vertex -8 24 0
      vertex 18 24 0
    endloop
  endfacet
endsolid OpenSCAD_Model
