solid OpenSCAD_Model
  facet normal 0 0 -1
    outer loop
      vertex 15.5176 0.0681458 0
      vertex 15.261 0.0171051 0
      vertex 15 0 0
    endloop
  endfacet
  facet normal 0 0 -1
    outer loop
      vertex 15.7654 0.152237 0
      vertex 16.2175 0.4133 0
      vertex 16 0.267944 0
    endloop
  endfacet
  facet normal 0 0 -1
    outer loop
      vertex 15.5176 0.0681458 0
      vertex 16.2175 0.4133 0
      vertex 15.7654 0.152237 0
    endloop
  endfacet
  facet normal -0 0 -1
    outer loop
      vertex 15.5176 0.0681458 0
      vertex 15 0 0
      vertex 16.2175 0.4133 0
    endloop
  endfacet
  facet normal 0 0 -1
    outer loop
      vertex 16.2175 0.4133 0
      vertex 16.5867 0.782471 0
      vertex 16.4142 0.585785 0
    endloop
  endfacet
  facet normal -0 0 -1
    outer loop
      vertex 16.2175 0.4133 0
      vertex 15 0 0
      vertex 16.5867 0.782471 0
    endloop
  endfacet
  facet normal 0 0 -1
    outer loop
      vertex 16.5867 0.782471 0
      vertex 16.8478 1.23463 0
      vertex 16.7321 1 0
    endloop
  endfacet
  facet normal 0 0 -1
    outer loop
      vertex 16.5867 0.782471 0
      vertex 16.9319 1.48236 0
      vertex 16.8478 1.23463 0
    endloop
  endfacet
  facet normal 0 0 -1
    outer loop
      vertex 17 2 0
      vertex 16.9829 1.73895 0
      vertex 16.9319 1.48236 0
    endloop
  endfacet
  facet normal 0 0 -1
    outer loop
      vertex 16.5867 0.782471 0
      vertex 17 2 0
      vertex 16.9319 1.48236 0
    endloop
  endfacet
  facet normal -0 0 -1
    outer loop
      vertex 16.5867 0.782471 0
      vertex 15 0 0
      vertex 17 2 0
    endloop
  endfacet
  facet normal 0 0 -1
    outer loop
      vertex 17 2 0
      vertex 15 4.89999 0
      vertex 17 2.89999 0
    endloop
  endfacet
  facet normal 0 0 -1
    outer loop
      vertex 17 2.89999 0
      vertex 16.9319 3.41763 0
      vertex 16.9829 3.16104 0
    endloop
  endfacet
  facet normal 0 0 -1
    outer loop
      vertex 16.5867 4.11752 0
      vertex 16.8478 3.66536 0
      vertex 16.9319 3.41763 0
    endloop
  endfacet
  facet normal 0 0 -1
    outer loop
      vertex 16.5867 4.11752 0
      vertex 16.7321 3.89999 0
      vertex 16.8478 3.66536 0
    endloop
  endfacet
  facet normal 0 0 -1
    outer loop
      vertex 17 2.89999 0
      vertex 16.5867 4.11752 0
      vertex 16.9319 3.41763 0
    endloop
  endfacet
  facet normal 0 0 -1
    outer loop
      vertex 16.2175 4.48669 0
      vertex 16.4142 4.31421 0
      vertex 16.5867 4.11752 0
    endloop
  endfacet
  facet normal 0 0 -1
    outer loop
      vertex 15 4.89999 0
      vertex 16.2175 4.48669 0
      vertex 16.5867 4.11752 0
    endloop
  endfacet
  facet normal 0 0 -1
    outer loop
      vertex 15.7654 4.74776 0
      vertex 16 4.63205 0
      vertex 16.2175 4.48669 0
    endloop
  endfacet
  facet normal 0 0 -1
    outer loop
      vertex 15.5176 4.83185 0
      vertex 15.7654 4.74776 0
      vertex 16.2175 4.48669 0
    endloop
  endfacet
  facet normal -0 -0 -1
    outer loop
      vertex 15.261 4.88289 0
      vertex 15.5176 4.83185 0
      vertex 15 4.89999 0
    endloop
  endfacet
  facet normal 0 0 -1
    outer loop
      vertex 15 4.89999 0
      vertex 15.5176 4.83185 0
      vertex 16.2175 4.48669 0
    endloop
  endfacet
  facet normal 0 0 -1
    outer loop
      vertex 17 2.89999 0
      vertex 15 4.89999 0
      vertex 16.5867 4.11752 0
    endloop
  endfacet
  facet normal -0 0 -1
    outer loop
      vertex 17 2 0
      vertex 15 0 0
      vertex 15 4.89999 0
    endloop
  endfacet
  facet normal -0 -0 -1
    outer loop
      vertex 15 4.89999 0
      vertex 15 0 0
      vertex 11.495 4.89999 0
    endloop
  endfacet
  facet normal 0 0 -1
    outer loop
      vertex 10.3015 4.49341 0
      vertex 10.9773 4.83185 0
      vertex 11.2339 4.88289 0
    endloop
  endfacet
  facet normal 0 0 -1
    outer loop
      vertex 10.3015 4.49341 0
      vertex 10.7296 4.74776 0
      vertex 10.9773 4.83185 0
    endloop
  endfacet
  facet normal 0 0 -1
    outer loop
      vertex 10.3015 4.49341 0
      vertex 10.495 4.63205 0
      vertex 10.7296 4.74776 0
    endloop
  endfacet
  facet normal 0 0 -1
    outer loop
      vertex 11.495 4.89999 0
      vertex 10.3015 4.49341 0
      vertex 11.2339 4.88289 0
    endloop
  endfacet
  facet normal 0 0 -1
    outer loop
      vertex 11.495 4.89999 0
      vertex 9.98999 4.28526 0
      vertex 10.3015 4.49341 0
    endloop
  endfacet
  facet normal 0 -0 -1
    outer loop
      vertex 11.495 4.89999 0
      vertex 15 0 0
      vertex 9.98999 4.28526 0
    endloop
  endfacet
  facet normal 0 -0 -1
    outer loop
      vertex 9.98999 4.28526 0
      vertex 15 0 0
      vertex 9.75769 4.1707 0
    endloop
  endfacet
  facet normal 0 -0 -1
    outer loop
      vertex 9.75769 4.1707 0
      vertex 15 0 0
      vertex 9.51245 4.08746 0
    endloop
  endfacet
  facet normal 0 -0 -1
    outer loop
      vertex 9.51245 4.08746 0
      vertex 15 0 0
      vertex 9.25842 4.03693 0
    endloop
  endfacet
  facet normal 0 -0 -1
    outer loop
      vertex 9.25842 4.03693 0
      vertex 15 0 0
      vertex 8.99998 4.01999 0
    endloop
  endfacet
  facet normal -0 -0 -1
    outer loop
      vertex 8.99998 4.01999 0
      vertex 15 0 0
      vertex 8.74158 4.03693 0
    endloop
  endfacet
  facet normal -0 -0 -1
    outer loop
      vertex 8.74158 4.03693 0
      vertex 15 0 0
      vertex 8.48753 4.08746 0
    endloop
  endfacet
  facet normal -0 -0 -1
    outer loop
      vertex 8.48753 4.08746 0
      vertex 15 0 0
      vertex 8.24229 4.1707 0
    endloop
  endfacet
  facet normal 0 0 -1
    outer loop
      vertex -16.2175 0.4133 0
      vertex -15.7654 0.152237 0
      vertex -16 0.267944 0
    endloop
  endfacet
  facet normal 0 -0 -1
    outer loop
      vertex -15.261 11.9829 0
      vertex -15 12 0
      vertex -15.5176 11.9319 0
    endloop
  endfacet
  facet normal 0 0 -1
    outer loop
      vertex -15.5176 11.9319 0
      vertex -16.2175 11.5867 0
      vertex -15.7654 11.8478 0
    endloop
  endfacet
  facet normal 0 0 -1
    outer loop
      vertex -15.7654 11.8478 0
      vertex -16.2175 11.5867 0
      vertex -16 11.7321 0
    endloop
  endfacet
  facet normal 0 0 -1
    outer loop
      vertex -17 10 0
      vertex -15 12 0
      vertex -8 12 0
    endloop
  endfacet
  facet normal 0 0 -1
    outer loop
      vertex -16.5867 0.782471 0
      vertex -16.8478 1.23463 0
      vertex -16.9319 1.48236 0
    endloop
  endfacet
  facet normal 0 0 -1
    outer loop
      vertex -16.9829 1.73895 0
      vertex -17 2 0
      vertex -16.9319 1.48236 0
    endloop
  endfacet
  facet normal 0 0 -1
    outer loop
      vertex 10.2374 7.54938 0
      vertex 10.6105 7.3062 0
      vertex 10.3839 7.437 0
    endloop
  endfacet
  facet normal 0 -0 -1
    outer loop
      vertex -16.7321 69 0
      vertex -16.5867 69.2175 0
      vertex -16.8478 68.7654 0
    endloop
  endfacet
  facet normal 0 0 -1
    outer loop
      vertex -17 68 0
      vertex -16.5867 69.2175 0
      vertex -16.2175 69.5867 0
    endloop
  endfacet
  facet normal 0 0 -1
    outer loop
      vertex -16.2175 69.5867 0
      vertex -16.5867 69.2175 0
      vertex -16.4142 69.4142 0
    endloop
  endfacet
  facet normal 0 -0 -1
    outer loop
      vertex -16 69.7321 0
      vertex -15.7654 69.8478 0
      vertex -16.2175 69.5867 0
    endloop
  endfacet
  facet normal 0 0 -1
    outer loop
      vertex -16.2175 69.5867 0
      vertex -15.7654 69.8478 0
      vertex -15.5176 69.9319 0
    endloop
  endfacet
  facet normal 0 0 -1
    outer loop
      vertex 7.1707 6.75769 0
      vertex -8 12 0
      vertex 7.28526 6.98999 0
    endloop
  endfacet
  facet normal 0 0 -1
    outer loop
      vertex 7.28526 6.98999 0
      vertex -8 12 0
      vertex 8 12 0
    endloop
  endfacet
  facet normal -0 0 -1
    outer loop
      vertex 7.42912 7.20529 0
      vertex 7.28526 6.98999 0
      vertex 8 12 0
    endloop
  endfacet
  facet normal -0 0 -1
    outer loop
      vertex 7.59991 7.40007 0
      vertex 7.42912 7.20529 0
      vertex 8 12 0
    endloop
  endfacet
  facet normal 0 0 -1
    outer loop
      vertex 10.2374 7.54938 0
      vertex 11.1049 7.1384 0
      vertex 10.8522 7.2061 0
    endloop
  endfacet
  facet normal -0 0 -1
    outer loop
      vertex 7.79469 7.57086 0
      vertex 7.59991 7.40007 0
      vertex 8 12 0
    endloop
  endfacet
  facet normal -0 0 -1
    outer loop
      vertex 8.00999 7.71472 0
      vertex 7.79469 7.57086 0
      vertex 8 12 0
    endloop
  endfacet
  facet normal 0 0 -1
    outer loop
      vertex 8 12 0
      vertex 9.51245 7.91252 0
      vertex 9.25842 7.96306 0
    endloop
  endfacet
  facet normal -0 0 -1
    outer loop
      vertex 17 9.09999 0
      vertex 15 7.09999 0
      vertex 15 12 0
    endloop
  endfacet
  facet normal 0 0 -1
    outer loop
      vertex 16.2175 11.5867 0
      vertex 15.5176 11.9319 0
      vertex 15.7654 11.8478 0
    endloop
  endfacet
  facet normal 0 0 -1
    outer loop
      vertex 16.5867 11.2175 0
      vertex 16.9319 10.5176 0
      vertex 17 10 0
    endloop
  endfacet
  facet normal 0 0 -1
    outer loop
      vertex 16.5867 7.88246 0
      vertex 17 9.09999 0
      vertex 16.9319 8.58235 0
    endloop
  endfacet
  facet normal 0 0 -1
    outer loop
      vertex 15.5176 7.16814 0
      vertex 16.2175 7.51329 0
      vertex 15.7654 7.25223 0
    endloop
  endfacet
  facet normal 0 0 -1
    outer loop
      vertex 15.5176 7.16814 0
      vertex 15.261 7.1171 0
      vertex 15 7.09999 0
    endloop
  endfacet
  facet normal 0 0 -1
    outer loop
      vertex 10.2374 7.54938 0
      vertex 9.98999 7.71472 0
      vertex 11.495 7.09999 0
    endloop
  endfacet
  facet normal -0 0 -1
    outer loop
      vertex 16.2175 7.51329 0
      vertex 15 7.09999 0
      vertex 16.5867 7.88246 0
    endloop
  endfacet
  facet normal 0 0 -1
    outer loop
      vertex 10.2374 7.54938 0
      vertex 10.8522 7.2061 0
      vertex 10.6105 7.3062 0
    endloop
  endfacet
  facet normal 0 0 -1
    outer loop
      vertex 11.495 7.09999 0
      vertex 11.1049 7.1384 0
      vertex 10.2374 7.54938 0
    endloop
  endfacet
  facet normal -0 0 -1
    outer loop
      vertex 16.4142 7.68578 0
      vertex 16.2175 7.51329 0
      vertex 16.5867 7.88246 0
    endloop
  endfacet
  facet normal 0 0 -1
    outer loop
      vertex 15.7654 7.25223 0
      vertex 16.2175 7.51329 0
      vertex 16 7.36794 0
    endloop
  endfacet
  facet normal -0 0 -1
    outer loop
      vertex 15.5176 7.16814 0
      vertex 15 7.09999 0
      vertex 16.2175 7.51329 0
    endloop
  endfacet
  facet normal -0 0 -1
    outer loop
      vertex 16.7321 8.09999 0
      vertex 16.5867 7.88246 0
      vertex 16.8478 8.33463 0
    endloop
  endfacet
  facet normal -0 0 -1
    outer loop
      vertex 16.8478 8.33463 0
      vertex 16.5867 7.88246 0
      vertex 16.9319 8.58235 0
    endloop
  endfacet
  facet normal 0 0 -1
    outer loop
      vertex 16.9319 8.58235 0
      vertex 17 9.09999 0
      vertex 16.9829 8.83894 0
    endloop
  endfacet
  facet normal -0 0 -1
    outer loop
      vertex 16.5867 7.88246 0
      vertex 15 7.09999 0
      vertex 17 9.09999 0
    endloop
  endfacet
  facet normal 0 0 -1
    outer loop
      vertex 17 9.09999 0
      vertex 15 12 0
      vertex 17 10 0
    endloop
  endfacet
  facet normal 0 0 -1
    outer loop
      vertex 17 10 0
      vertex 16.9319 10.5176 0
      vertex 16.9829 10.261 0
    endloop
  endfacet
  facet normal 0 0 -1
    outer loop
      vertex 16.5867 11.2175 0
      vertex 16.8478 10.7654 0
      vertex 16.9319 10.5176 0
    endloop
  endfacet
  facet normal 0 0 -1
    outer loop
      vertex 16.5867 11.2175 0
      vertex 16.7321 11 0
      vertex 16.8478 10.7654 0
    endloop
  endfacet
  facet normal -0 -0 -1
    outer loop
      vertex 16.4142 11.4142 0
      vertex 16.5867 11.2175 0
      vertex 16.2175 11.5867 0
    endloop
  endfacet
  facet normal -0 -0 -1
    outer loop
      vertex 16.2175 11.5867 0
      vertex 16.5867 11.2175 0
      vertex 15 12 0
    endloop
  endfacet
  facet normal -0 -0 -1
    outer loop
      vertex 16 11.7321 0
      vertex 16.2175 11.5867 0
      vertex 15.7654 11.8478 0
    endloop
  endfacet
  facet normal 0 0 -1
    outer loop
      vertex 15 12 0
      vertex 15.261 11.9829 0
      vertex 15.5176 11.9319 0
    endloop
  endfacet
  facet normal 0 0 -1
    outer loop
      vertex 16.2175 11.5867 0
      vertex 15 12 0
      vertex 15.5176 11.9319 0
    endloop
  endfacet
  facet normal -0 -0 -1
    outer loop
      vertex 16.5867 11.2175 0
      vertex 17 10 0
      vertex 15 12 0
    endloop
  endfacet
  facet normal 0 -0 -1
    outer loop
      vertex 15 12 0
      vertex 15 7.09999 0
      vertex 11.495 7.09999 0
    endloop
  endfacet
  facet normal 0 0 -1
    outer loop
      vertex 9.98999 7.71472 0
      vertex 15 12 0
      vertex 11.495 7.09999 0
    endloop
  endfacet
  facet normal 0 0 -1
    outer loop
      vertex 9.98999 7.71472 0
      vertex 8 12 0
      vertex 15 12 0
    endloop
  endfacet
  facet normal 0 0 -1
    outer loop
      vertex 9.98999 7.71472 0
      vertex 9.75769 7.82928 0
      vertex 8 12 0
    endloop
  endfacet
  facet normal 0 0 -1
    outer loop
      vertex 8 12 0
      vertex 9.75769 7.82928 0
      vertex 9.51245 7.91252 0
    endloop
  endfacet
  facet normal 0 0 -1
    outer loop
      vertex 8.99998 7.98 0
      vertex 8 12 0
      vertex 9.25842 7.96306 0
    endloop
  endfacet
  facet normal -0 0 -1
    outer loop
      vertex 8.99998 7.98 0
      vertex 8.74158 7.96306 0
      vertex 8 12 0
    endloop
  endfacet
  facet normal 0 0 -1
    outer loop
      vertex 8 12 0
      vertex 8.74158 7.96306 0
      vertex 8.48753 7.91252 0
    endloop
  endfacet
  facet normal 0 0 -1
    outer loop
      vertex 8.24229 7.82928 0
      vertex 8 12 0
      vertex 8.48753 7.91252 0
    endloop
  endfacet
  facet normal -0 0 -1
    outer loop
      vertex 8.24229 7.82928 0
      vertex 8.00999 7.71472 0
      vertex 8 12 0
    endloop
  endfacet
  facet normal 0 -0 -1
    outer loop
      vertex -15.261 69.9829 0
      vertex -15 70 0
      vertex -15.5176 69.9319 0
    endloop
  endfacet
  facet normal 0 0 -1
    outer loop
      vertex -16.2175 69.5867 0
      vertex -15.5176 69.9319 0
      vertex -15 70 0
    endloop
  endfacet
  facet normal 0 0 -1
    outer loop
      vertex 15 58 0
      vertex 15.5176 58.0681 0
      vertex 15.261 58.0171 0
    endloop
  endfacet
  facet normal 0 0 -1
    outer loop
      vertex 16.2175 58.4133 0
      vertex 15.7654 58.1522 0
      vertex 15.5176 58.0681 0
    endloop
  endfacet
  facet normal 0 0 -1
    outer loop
      vertex 16.2175 58.4133 0
      vertex 16 58.2679 0
      vertex 15.7654 58.1522 0
    endloop
  endfacet
  facet normal 0 0 -1
    outer loop
      vertex 15 58 0
      vertex 16.2175 58.4133 0
      vertex 15.5176 58.0681 0
    endloop
  endfacet
  facet normal 0 0 -1
    outer loop
      vertex 16.5867 58.7825 0
      vertex 16.4142 58.5858 0
      vertex 16.2175 58.4133 0
    endloop
  endfacet
  facet normal 0 0 -1
    outer loop
      vertex 15 58 0
      vertex 16.5867 58.7825 0
      vertex 16.2175 58.4133 0
    endloop
  endfacet
  facet normal 0 0 -1
    outer loop
      vertex 16.8478 59.2346 0
      vertex 16.7321 59 0
      vertex 16.5867 58.7825 0
    endloop
  endfacet
  facet normal 0 0 -1
    outer loop
      vertex 16.9319 59.4824 0
      vertex 16.8478 59.2346 0
      vertex 16.5867 58.7825 0
    endloop
  endfacet
  facet normal -0 0 -1
    outer loop
      vertex 16.9829 59.739 0
      vertex 16.9319 59.4824 0
      vertex 17 60 0
    endloop
  endfacet
  facet normal 0 0 -1
    outer loop
      vertex 17 60 0
      vertex 16.9319 59.4824 0
      vertex 16.5867 58.7825 0
    endloop
  endfacet
  facet normal 0 0 -1
    outer loop
      vertex 15 58 0
      vertex 17 60 0
      vertex 16.5867 58.7825 0
    endloop
  endfacet
  facet normal 0 0 -1
    outer loop
      vertex 15 58 0
      vertex 8 58 0
      vertex 17 60 0
    endloop
  endfacet
  facet normal -0 0 -1
    outer loop
      vertex 17 60 0
      vertex 8 58 0
      vertex 17 68 0
    endloop
  endfacet
  facet normal 0 0 -1
    outer loop
      vertex 17 68 0
      vertex 16.9319 68.5176 0
      vertex 16.9829 68.261 0
    endloop
  endfacet
  facet normal 0 0 -1
    outer loop
      vertex 16.5867 69.2175 0
      vertex 16.8478 68.7654 0
      vertex 16.9319 68.5176 0
    endloop
  endfacet
  facet normal 0 0 -1
    outer loop
      vertex 16.5867 69.2175 0
      vertex 16.7321 69 0
      vertex 16.8478 68.7654 0
    endloop
  endfacet
  facet normal 0 0 -1
    outer loop
      vertex 17 68 0
      vertex 16.5867 69.2175 0
      vertex 16.9319 68.5176 0
    endloop
  endfacet
  facet normal 0 0 -1
    outer loop
      vertex 16.2175 69.5867 0
      vertex 16.4142 69.4142 0
      vertex 16.5867 69.2175 0
    endloop
  endfacet
  facet normal 0 0 -1
    outer loop
      vertex 15 70 0
      vertex 16.2175 69.5867 0
      vertex 16.5867 69.2175 0
    endloop
  endfacet
  facet normal 0 0 -1
    outer loop
      vertex 15.7654 69.8478 0
      vertex 16 69.7321 0
      vertex 16.2175 69.5867 0
    endloop
  endfacet
  facet normal 0 0 -1
    outer loop
      vertex 15.5176 69.9319 0
      vertex 15.7654 69.8478 0
      vertex 16.2175 69.5867 0
    endloop
  endfacet
  facet normal -0 -0 -1
    outer loop
      vertex 15.261 69.9829 0
      vertex 15.5176 69.9319 0
      vertex 15 70 0
    endloop
  endfacet
  facet normal 0 0 -1
    outer loop
      vertex 15 70 0
      vertex 15.5176 69.9319 0
      vertex 16.2175 69.5867 0
    endloop
  endfacet
  facet normal 0 0 -1
    outer loop
      vertex 17 68 0
      vertex 15 70 0
      vertex 16.5867 69.2175 0
    endloop
  endfacet
  facet normal -0 0 -1
    outer loop
      vertex 17 68 0
      vertex 8 58 0
      vertex 15 70 0
    endloop
  endfacet
  facet normal -0 0 -1
    outer loop
      vertex 15 70 0
      vertex 8 58 0
      vertex -15 70 0
    endloop
  endfacet
  facet normal 0 -0 -1
    outer loop
      vertex -16.8478 68.7654 0
      vertex -16.5867 69.2175 0
      vertex -16.9319 68.5176 0
    endloop
  endfacet
  facet normal 0 0 -1
    outer loop
      vertex -16.9319 68.5176 0
      vertex -17 68 0
      vertex -16.9829 68.261 0
    endloop
  endfacet
  facet normal 0 -0 -1
    outer loop
      vertex -16.9319 68.5176 0
      vertex -16.5867 69.2175 0
      vertex -17 68 0
    endloop
  endfacet
  facet normal 0 0 -1
    outer loop
      vertex -17 68 0
      vertex -16.2175 69.5867 0
      vertex -15 70 0
    endloop
  endfacet
  facet normal 0 0 -1
    outer loop
      vertex -17 60 0
      vertex -8 58 0
      vertex -15 58 0
    endloop
  endfacet
  facet normal 0 0 -1
    outer loop
      vertex -16.9319 59.4824 0
      vertex -17 60 0
      vertex -16.5867 58.7825 0
    endloop
  endfacet
  facet normal 0 0 -1
    outer loop
      vertex -16.9319 59.4824 0
      vertex -16.9829 59.739 0
      vertex -17 60 0
    endloop
  endfacet
  facet normal 0 0 -1
    outer loop
      vertex -16.8478 59.2346 0
      vertex -16.9319 59.4824 0
      vertex -16.5867 58.7825 0
    endloop
  endfacet
  facet normal 0 0 -1
    outer loop
      vertex -16.7321 59 0
      vertex -16.8478 59.2346 0
      vertex -16.5867 58.7825 0
    endloop
  endfacet
  facet normal 0 0 -1
    outer loop
      vertex -16.5867 58.7825 0
      vertex -16.2175 58.4133 0
      vertex -16.4142 58.5858 0
    endloop
  endfacet
  facet normal -0 -0 -1
    outer loop
      vertex 8 58 0
      vertex 8 12 0
      vertex -8 58 0
    endloop
  endfacet
  facet normal 0 0 -1
    outer loop
      vertex -8 12 0
      vertex 7.1707 6.75769 0
      vertex 7.08746 6.51245 0
    endloop
  endfacet
  facet normal 0 0 -1
    outer loop
      vertex 7.03693 6.25842 0
      vertex -8 12 0
      vertex 7.08746 6.51245 0
    endloop
  endfacet
  facet normal -0 0 -1
    outer loop
      vertex 7.03693 6.25842 0
      vertex 7.01999 5.99998 0
      vertex -8 12 0
    endloop
  endfacet
  facet normal 0 0 -1
    outer loop
      vertex -8 12 0
      vertex 7.01999 5.99998 0
      vertex 7.03693 5.74158 0
    endloop
  endfacet
  facet normal 0 0 -1
    outer loop
      vertex 7.08746 5.48753 0
      vertex -8 12 0
      vertex 7.03693 5.74158 0
    endloop
  endfacet
  facet normal -0 -0 -1
    outer loop
      vertex 7.08746 5.48753 0
      vertex 7.1707 5.24229 0
      vertex -8 12 0
    endloop
  endfacet
  facet normal 0 0 -1
    outer loop
      vertex -8 58 0
      vertex 8 12 0
      vertex -8 12 0
    endloop
  endfacet
  facet normal 0 0 -1
    outer loop
      vertex -16.5867 58.7825 0
      vertex -17 60 0
      vertex -16.2175 58.4133 0
    endloop
  endfacet
  facet normal 0 0 -1
    outer loop
      vertex -16.2175 58.4133 0
      vertex -15.7654 58.1522 0
      vertex -16 58.2679 0
    endloop
  endfacet
  facet normal 0 0 -1
    outer loop
      vertex -16.2175 58.4133 0
      vertex -15.5176 58.0681 0
      vertex -15.7654 58.1522 0
    endloop
  endfacet
  facet normal 0 0 -1
    outer loop
      vertex -15 58 0
      vertex -15.261 58.0171 0
      vertex -15.5176 58.0681 0
    endloop
  endfacet
  facet normal 0 0 -1
    outer loop
      vertex -16.2175 58.4133 0
      vertex -15 58 0
      vertex -15.5176 58.0681 0
    endloop
  endfacet
  facet normal 0 0 -1
    outer loop
      vertex -16.2175 58.4133 0
      vertex -17 60 0
      vertex -15 58 0
    endloop
  endfacet
  facet normal 0 0 -1
    outer loop
      vertex -17 60 0
      vertex -17 68 0
      vertex -8 58 0
    endloop
  endfacet
  facet normal 0 0 -1
    outer loop
      vertex 8 58 0
      vertex -8 58 0
      vertex -15 70 0
    endloop
  endfacet
  facet normal 0 0 -1
    outer loop
      vertex -8 58 0
      vertex -17 68 0
      vertex -15 70 0
    endloop
  endfacet
  facet normal 0 0 -1
    outer loop
      vertex -16.2175 11.5867 0
      vertex -15.5176 11.9319 0
      vertex -15 12 0
    endloop
  endfacet
  facet normal 0 -0 -1
    outer loop
      vertex -16.4142 11.4142 0
      vertex -16.2175 11.5867 0
      vertex -16.5867 11.2175 0
    endloop
  endfacet
  facet normal 0 -0 -1
    outer loop
      vertex -16.5867 11.2175 0
      vertex -16.2175 11.5867 0
      vertex -17 10 0
    endloop
  endfacet
  facet normal 0 -0 -1
    outer loop
      vertex -16.7321 11 0
      vertex -16.5867 11.2175 0
      vertex -16.8478 10.7654 0
    endloop
  endfacet
  facet normal 0 -0 -1
    outer loop
      vertex -16.8478 10.7654 0
      vertex -16.5867 11.2175 0
      vertex -16.9319 10.5176 0
    endloop
  endfacet
  facet normal 0 0 -1
    outer loop
      vertex -16.9319 10.5176 0
      vertex -17 10 0
      vertex -16.9829 10.261 0
    endloop
  endfacet
  facet normal 0 -0 -1
    outer loop
      vertex -16.9319 10.5176 0
      vertex -16.5867 11.2175 0
      vertex -17 10 0
    endloop
  endfacet
  facet normal 0 0 -1
    outer loop
      vertex -17 10 0
      vertex -16.2175 11.5867 0
      vertex -15 12 0
    endloop
  endfacet
  facet normal 0 0 -1
    outer loop
      vertex -17 2 0
      vertex -17 10 0
      vertex -8 12 0
    endloop
  endfacet
  facet normal 0 0 -1
    outer loop
      vertex -16.7321 1 0
      vertex -16.8478 1.23463 0
      vertex -16.5867 0.782471 0
    endloop
  endfacet
  facet normal 0 0 -1
    outer loop
      vertex -16.5867 0.782471 0
      vertex -16.9319 1.48236 0
      vertex -17 2 0
    endloop
  endfacet
  facet normal 0 0 -1
    outer loop
      vertex -16.4142 0.585785 0
      vertex -16.5867 0.782471 0
      vertex -16.2175 0.4133 0
    endloop
  endfacet
  facet normal 0 0 -1
    outer loop
      vertex -16.2175 0.4133 0
      vertex -16.5867 0.782471 0
      vertex -17 2 0
    endloop
  endfacet
  facet normal 0 0 -1
    outer loop
      vertex -16.2175 0.4133 0
      vertex -15.5176 0.0681458 0
      vertex -15.7654 0.152237 0
    endloop
  endfacet
  facet normal 0 0 -1
    outer loop
      vertex -15 0 0
      vertex -15.261 0.0171051 0
      vertex -15.5176 0.0681458 0
    endloop
  endfacet
  facet normal 0 0 -1
    outer loop
      vertex -16.2175 0.4133 0
      vertex -15 0 0
      vertex -15.5176 0.0681458 0
    endloop
  endfacet
  facet normal 0 0 -1
    outer loop
      vertex -16.2175 0.4133 0
      vertex -17 2 0
      vertex -15 0 0
    endloop
  endfacet
  facet normal 0 0 -1
    outer loop
      vertex -15 0 0
      vertex -17 2 0
      vertex -8 12 0
    endloop
  endfacet
  facet normal -0 0 -1
    outer loop
      vertex 7.1707 5.24229 0
      vertex -15 0 0
      vertex -8 12 0
    endloop
  endfacet
  facet normal 0 -0 -1
    outer loop
      vertex 7.1707 5.24229 0
      vertex 7.28526 5.00999 0
      vertex -15 0 0
    endloop
  endfacet
  facet normal 0 0 -1
    outer loop
      vertex -15 0 0
      vertex 7.28526 5.00999 0
      vertex 7.42912 4.79469 0
    endloop
  endfacet
  facet normal -0 0 -1
    outer loop
      vertex 7.59991 4.59991 0
      vertex -15 0 0
      vertex 7.42912 4.79469 0
    endloop
  endfacet
  facet normal 0 -0 -1
    outer loop
      vertex 7.59991 4.59991 0
      vertex 7.79469 4.42912 0
      vertex -15 0 0
    endloop
  endfacet
  facet normal 0 0 -1
    outer loop
      vertex -15 0 0
      vertex 7.79469 4.42912 0
      vertex 8.00999 4.28526 0
    endloop
  endfacet
  facet normal -0 0 -1
    outer loop
      vertex 8.24229 4.1707 0
      vertex -15 0 0
      vertex 8.00999 4.28526 0
    endloop
  endfacet
  facet normal 0 -0 -1
    outer loop
      vertex 8.24229 4.1707 0
      vertex 15 0 0
      vertex -15 0 0
    endloop
  endfacet
  facet normal 0 0 1
    outer loop
      vertex 15 0 3
      vertex 15.261 0.0171051 3
      vertex 15.5176 0.0681458 3
    endloop
  endfacet
  facet normal 0 -0 1
    outer loop
      vertex 16 0.267944 3
      vertex 16.2175 0.4133 3
      vertex 15.7654 0.152237 3
    endloop
  endfacet
  facet normal 0 -0 1
    outer loop
      vertex 15.7654 0.152237 3
      vertex 16.2175 0.4133 3
      vertex 15.5176 0.0681458 3
    endloop
  endfacet
  facet normal 0 0 1
    outer loop
      vertex 16.2175 0.4133 3
      vertex 15 0 3
      vertex 15.5176 0.0681458 3
    endloop
  endfacet
  facet normal 0 -0 1
    outer loop
      vertex 16.4142 0.585785 3
      vertex 16.5867 0.782471 3
      vertex 16.2175 0.4133 3
    endloop
  endfacet
  facet normal 0 0 1
    outer loop
      vertex 16.5867 0.782471 3
      vertex 15 0 3
      vertex 16.2175 0.4133 3
    endloop
  endfacet
  facet normal 0 -0 1
    outer loop
      vertex 16.7321 1 3
      vertex 16.8478 1.23463 3
      vertex 16.5867 0.782471 3
    endloop
  endfacet
  facet normal 0 -0 1
    outer loop
      vertex 16.8478 1.23463 3
      vertex 16.9319 1.48236 3
      vertex 16.5867 0.782471 3
    endloop
  endfacet
  facet normal 0 0 1
    outer loop
      vertex 16.9319 1.48236 3
      vertex 16.9829 1.73895 3
      vertex 17 2 3
    endloop
  endfacet
  facet normal 0 -0 1
    outer loop
      vertex 16.9319 1.48236 3
      vertex 17 2 3
      vertex 16.5867 0.782471 3
    endloop
  endfacet
  facet normal 0 0 1
    outer loop
      vertex 17 2 3
      vertex 15 0 3
      vertex 16.5867 0.782471 3
    endloop
  endfacet
  facet normal 0 0 1
    outer loop
      vertex 17 2.89999 3
      vertex 15 4.89999 3
      vertex 17 2 3
    endloop
  endfacet
  facet normal 0 0 1
    outer loop
      vertex 16.9829 3.16104 3
      vertex 16.9319 3.41763 3
      vertex 17 2.89999 3
    endloop
  endfacet
  facet normal 0 0 1
    outer loop
      vertex 16.9319 3.41763 3
      vertex 16.8478 3.66536 3
      vertex 16.5867 4.11752 3
    endloop
  endfacet
  facet normal 0 0 1
    outer loop
      vertex 16.8478 3.66536 3
      vertex 16.7321 3.89999 3
      vertex 16.5867 4.11752 3
    endloop
  endfacet
  facet normal 0 0 1
    outer loop
      vertex 16.9319 3.41763 3
      vertex 16.5867 4.11752 3
      vertex 17 2.89999 3
    endloop
  endfacet
  facet normal 0 0 1
    outer loop
      vertex 16.5867 4.11752 3
      vertex 16.4142 4.31421 3
      vertex 16.2175 4.48669 3
    endloop
  endfacet
  facet normal 0 0 1
    outer loop
      vertex 16.5867 4.11752 3
      vertex 16.2175 4.48669 3
      vertex 15 4.89999 3
    endloop
  endfacet
  facet normal 0 0 1
    outer loop
      vertex 16.2175 4.48669 3
      vertex 16 4.63205 3
      vertex 15.7654 4.74776 3
    endloop
  endfacet
  facet normal 0 0 1
    outer loop
      vertex 16.2175 4.48669 3
      vertex 15.7654 4.74776 3
      vertex 15.5176 4.83185 3
    endloop
  endfacet
  facet normal 0 0 1
    outer loop
      vertex 15 4.89999 3
      vertex 15.5176 4.83185 3
      vertex 15.261 4.88289 3
    endloop
  endfacet
  facet normal 0 0 1
    outer loop
      vertex 16.2175 4.48669 3
      vertex 15.5176 4.83185 3
      vertex 15 4.89999 3
    endloop
  endfacet
  facet normal 0 0 1
    outer loop
      vertex 16.5867 4.11752 3
      vertex 15 4.89999 3
      vertex 17 2.89999 3
    endloop
  endfacet
  facet normal 0 0 1
    outer loop
      vertex 15 4.89999 3
      vertex 15 0 3
      vertex 17 2 3
    endloop
  endfacet
  facet normal -0 0 1
    outer loop
      vertex 11.495 4.89999 3
      vertex 15 0 3
      vertex 15 4.89999 3
    endloop
  endfacet
  facet normal 0 0 1
    outer loop
      vertex 11.2339 4.88289 3
      vertex 10.9773 4.83185 3
      vertex 10.3015 4.49341 3
    endloop
  endfacet
  facet normal 0 0 1
    outer loop
      vertex 10.9773 4.83185 3
      vertex 10.7296 4.74776 3
      vertex 10.3015 4.49341 3
    endloop
  endfacet
  facet normal 0 0 1
    outer loop
      vertex 10.7296 4.74776 3
      vertex 10.495 4.63205 3
      vertex 10.3015 4.49341 3
    endloop
  endfacet
  facet normal -0 0 1
    outer loop
      vertex 11.2339 4.88289 3
      vertex 10.3015 4.49341 3
      vertex 11.495 4.89999 3
    endloop
  endfacet
  facet normal -0 0 1
    outer loop
      vertex 10.3015 4.49341 3
      vertex 9.98999 4.28526 3
      vertex 11.495 4.89999 3
    endloop
  endfacet
  facet normal -0 0 1
    outer loop
      vertex 9.98999 4.28526 3
      vertex 15 0 3
      vertex 11.495 4.89999 3
    endloop
  endfacet
  facet normal -0 0 1
    outer loop
      vertex 9.75769 4.1707 3
      vertex 15 0 3
      vertex 9.98999 4.28526 3
    endloop
  endfacet
  facet normal -0 0 1
    outer loop
      vertex 9.51245 4.08746 3
      vertex 15 0 3
      vertex 9.75769 4.1707 3
    endloop
  endfacet
  facet normal -0 0 1
    outer loop
      vertex 9.25842 4.03693 3
      vertex 15 0 3
      vertex 9.51245 4.08746 3
    endloop
  endfacet
  facet normal -0 0 1
    outer loop
      vertex 8.99998 4.01999 3
      vertex 15 0 3
      vertex 9.25842 4.03693 3
    endloop
  endfacet
  facet normal 0 0 1
    outer loop
      vertex 8.74158 4.03693 3
      vertex 15 0 3
      vertex 8.99998 4.01999 3
    endloop
  endfacet
  facet normal 0 0 1
    outer loop
      vertex 8.48753 4.08746 3
      vertex 15 0 3
      vertex 8.74158 4.03693 3
    endloop
  endfacet
  facet normal 0 0 1
    outer loop
      vertex 8.24229 4.1707 3
      vertex 15 0 3
      vertex 8.48753 4.08746 3
    endloop
  endfacet
  facet normal -0 -0 1
    outer loop
      vertex -16 0.267944 3
      vertex -15.7654 0.152237 3
      vertex -16.2175 0.4133 3
    endloop
  endfacet
  facet normal 0 0 1
    outer loop
      vertex -15.5176 11.9319 3
      vertex -15 12 3
      vertex -15.261 11.9829 3
    endloop
  endfacet
  facet normal -0 0 1
    outer loop
      vertex -15.7654 11.8478 3
      vertex -16.2175 11.5867 3
      vertex -15.5176 11.9319 3
    endloop
  endfacet
  facet normal -0 0 1
    outer loop
      vertex -16 11.7321 3
      vertex -16.2175 11.5867 3
      vertex -15.7654 11.8478 3
    endloop
  endfacet
  facet normal 0 0 1
    outer loop
      vertex -8 12 3
      vertex -15 12 3
      vertex -17 10 3
    endloop
  endfacet
  facet normal 0 0 1
    outer loop
      vertex -16.9319 1.48236 3
      vertex -16.8478 1.23463 3
      vertex -16.5867 0.782471 3
    endloop
  endfacet
  facet normal 0 0 1
    outer loop
      vertex -16.9319 1.48236 3
      vertex -17 2 3
      vertex -16.9829 1.73895 3
    endloop
  endfacet
  facet normal -0 -0 1
    outer loop
      vertex 10.3839 7.437 3
      vertex 10.6105 7.3062 3
      vertex 10.2374 7.54938 3
    endloop
  endfacet
  facet normal 0 0 1
    outer loop
      vertex -16.8478 68.7654 3
      vertex -16.5867 69.2175 3
      vertex -16.7321 69 3
    endloop
  endfacet
  facet normal 0 0 1
    outer loop
      vertex -16.2175 69.5867 3
      vertex -16.5867 69.2175 3
      vertex -17 68 3
    endloop
  endfacet
  facet normal -0 0 1
    outer loop
      vertex -16.4142 69.4142 3
      vertex -16.5867 69.2175 3
      vertex -16.2175 69.5867 3
    endloop
  endfacet
  facet normal 0 0 1
    outer loop
      vertex -16.2175 69.5867 3
      vertex -15.7654 69.8478 3
      vertex -16 69.7321 3
    endloop
  endfacet
  facet normal 0 0 1
    outer loop
      vertex -15.5176 69.9319 3
      vertex -15.7654 69.8478 3
      vertex -16.2175 69.5867 3
    endloop
  endfacet
  facet normal 0 0 1
    outer loop
      vertex 7.28526 6.98999 3
      vertex -8 12 3
      vertex 7.1707 6.75769 3
    endloop
  endfacet
  facet normal 0 0 1
    outer loop
      vertex 8 12 3
      vertex -8 12 3
      vertex 7.28526 6.98999 3
    endloop
  endfacet
  facet normal 0 0 1
    outer loop
      vertex 8 12 3
      vertex 7.28526 6.98999 3
      vertex 7.42912 7.20529 3
    endloop
  endfacet
  facet normal 0 0 1
    outer loop
      vertex 8 12 3
      vertex 7.42912 7.20529 3
      vertex 7.59991 7.40007 3
    endloop
  endfacet
  facet normal -0 -0 1
    outer loop
      vertex 10.8522 7.2061 3
      vertex 11.1049 7.1384 3
      vertex 10.2374 7.54938 3
    endloop
  endfacet
  facet normal 0 0 1
    outer loop
      vertex 8 12 3
      vertex 7.59991 7.40007 3
      vertex 7.79469 7.57086 3
    endloop
  endfacet
  facet normal 0 0 1
    outer loop
      vertex 8 12 3
      vertex 7.79469 7.57086 3
      vertex 8.00999 7.71472 3
    endloop
  endfacet
  facet normal -0 -0 1
    outer loop
      vertex 9.25842 7.96306 3
      vertex 9.51245 7.91252 3
      vertex 8 12 3
    endloop
  endfacet
  facet normal 0 0 1
    outer loop
      vertex 15 12 3
      vertex 15 7.09999 3
      vertex 17 9.09999 3
    endloop
  endfacet
  facet normal 0 0 1
    outer loop
      vertex 15.7654 11.8478 3
      vertex 15.5176 11.9319 3
      vertex 16.2175 11.5867 3
    endloop
  endfacet
  facet normal 0 0 1
    outer loop
      vertex 17 10 3
      vertex 16.9319 10.5176 3
      vertex 16.5867 11.2175 3
    endloop
  endfacet
  facet normal 0 -0 1
    outer loop
      vertex 16.9319 8.58235 3
      vertex 17 9.09999 3
      vertex 16.5867 7.88246 3
    endloop
  endfacet
  facet normal 0 -0 1
    outer loop
      vertex 15.7654 7.25223 3
      vertex 16.2175 7.51329 3
      vertex 15.5176 7.16814 3
    endloop
  endfacet
  facet normal 0 0 1
    outer loop
      vertex 15 7.09999 3
      vertex 15.261 7.1171 3
      vertex 15.5176 7.16814 3
    endloop
  endfacet
  facet normal 0 0 1
    outer loop
      vertex 11.495 7.09999 3
      vertex 9.98999 7.71472 3
      vertex 10.2374 7.54938 3
    endloop
  endfacet
  facet normal 0 0 1
    outer loop
      vertex 16.5867 7.88246 3
      vertex 15 7.09999 3
      vertex 16.2175 7.51329 3
    endloop
  endfacet
  facet normal -0 -0 1
    outer loop
      vertex 10.6105 7.3062 3
      vertex 10.8522 7.2061 3
      vertex 10.2374 7.54938 3
    endloop
  endfacet
  facet normal 0 0 1
    outer loop
      vertex 10.2374 7.54938 3
      vertex 11.1049 7.1384 3
      vertex 11.495 7.09999 3
    endloop
  endfacet
  facet normal 0 0 1
    outer loop
      vertex 16.5867 7.88246 3
      vertex 16.2175 7.51329 3
      vertex 16.4142 7.68578 3
    endloop
  endfacet
  facet normal 0 -0 1
    outer loop
      vertex 16 7.36794 3
      vertex 16.2175 7.51329 3
      vertex 15.7654 7.25223 3
    endloop
  endfacet
  facet normal 0 0 1
    outer loop
      vertex 16.2175 7.51329 3
      vertex 15 7.09999 3
      vertex 15.5176 7.16814 3
    endloop
  endfacet
  facet normal 0 0 1
    outer loop
      vertex 16.8478 8.33463 3
      vertex 16.5867 7.88246 3
      vertex 16.7321 8.09999 3
    endloop
  endfacet
  facet normal 0 0 1
    outer loop
      vertex 16.9319 8.58235 3
      vertex 16.5867 7.88246 3
      vertex 16.8478 8.33463 3
    endloop
  endfacet
  facet normal 0 -0 1
    outer loop
      vertex 16.9829 8.83894 3
      vertex 17 9.09999 3
      vertex 16.9319 8.58235 3
    endloop
  endfacet
  facet normal 0 0 1
    outer loop
      vertex 17 9.09999 3
      vertex 15 7.09999 3
      vertex 16.5867 7.88246 3
    endloop
  endfacet
  facet normal 0 0 1
    outer loop
      vertex 17 10 3
      vertex 15 12 3
      vertex 17 9.09999 3
    endloop
  endfacet
  facet normal 0 0 1
    outer loop
      vertex 16.9829 10.261 3
      vertex 16.9319 10.5176 3
      vertex 17 10 3
    endloop
  endfacet
  facet normal 0 0 1
    outer loop
      vertex 16.9319 10.5176 3
      vertex 16.8478 10.7654 3
      vertex 16.5867 11.2175 3
    endloop
  endfacet
  facet normal 0 0 1
    outer loop
      vertex 16.8478 10.7654 3
      vertex 16.7321 11 3
      vertex 16.5867 11.2175 3
    endloop
  endfacet
  facet normal 0 0 1
    outer loop
      vertex 16.2175 11.5867 3
      vertex 16.5867 11.2175 3
      vertex 16.4142 11.4142 3
    endloop
  endfacet
  facet normal 0 0 1
    outer loop
      vertex 15 12 3
      vertex 16.5867 11.2175 3
      vertex 16.2175 11.5867 3
    endloop
  endfacet
  facet normal 0 0 1
    outer loop
      vertex 15.7654 11.8478 3
      vertex 16.2175 11.5867 3
      vertex 16 11.7321 3
    endloop
  endfacet
  facet normal 0 0 1
    outer loop
      vertex 15.5176 11.9319 3
      vertex 15.261 11.9829 3
      vertex 15 12 3
    endloop
  endfacet
  facet normal 0 0 1
    outer loop
      vertex 15.5176 11.9319 3
      vertex 15 12 3
      vertex 16.2175 11.5867 3
    endloop
  endfacet
  facet normal 0 0 1
    outer loop
      vertex 15 12 3
      vertex 17 10 3
      vertex 16.5867 11.2175 3
    endloop
  endfacet
  facet normal 0 0 1
    outer loop
      vertex 11.495 7.09999 3
      vertex 15 7.09999 3
      vertex 15 12 3
    endloop
  endfacet
  facet normal 0 -0 1
    outer loop
      vertex 11.495 7.09999 3
      vertex 15 12 3
      vertex 9.98999 7.71472 3
    endloop
  endfacet
  facet normal 0 0 1
    outer loop
      vertex 15 12 3
      vertex 8 12 3
      vertex 9.98999 7.71472 3
    endloop
  endfacet
  facet normal 0 0 1
    outer loop
      vertex 8 12 3
      vertex 9.75769 7.82928 3
      vertex 9.98999 7.71472 3
    endloop
  endfacet
  facet normal -0 -0 1
    outer loop
      vertex 9.51245 7.91252 3
      vertex 9.75769 7.82928 3
      vertex 8 12 3
    endloop
  endfacet
  facet normal 0 0 1
    outer loop
      vertex 9.25842 7.96306 3
      vertex 8 12 3
      vertex 8.99998 7.98 3
    endloop
  endfacet
  facet normal 0 0 1
    outer loop
      vertex 8 12 3
      vertex 8.74158 7.96306 3
      vertex 8.99998 7.98 3
    endloop
  endfacet
  facet normal 0 -0 1
    outer loop
      vertex 8.48753 7.91252 3
      vertex 8.74158 7.96306 3
      vertex 8 12 3
    endloop
  endfacet
  facet normal 0 0 1
    outer loop
      vertex 8.48753 7.91252 3
      vertex 8 12 3
      vertex 8.24229 7.82928 3
    endloop
  endfacet
  facet normal 0 0 1
    outer loop
      vertex 8 12 3
      vertex 8.00999 7.71472 3
      vertex 8.24229 7.82928 3
    endloop
  endfacet
  facet normal 0 0 1
    outer loop
      vertex -15.5176 69.9319 3
      vertex -15 70 3
      vertex -15.261 69.9829 3
    endloop
  endfacet
  facet normal 0 0 1
    outer loop
      vertex -15 70 3
      vertex -15.5176 69.9319 3
      vertex -16.2175 69.5867 3
    endloop
  endfacet
  facet normal 0 -0 1
    outer loop
      vertex 15.261 58.0171 3
      vertex 15.5176 58.0681 3
      vertex 15 58 3
    endloop
  endfacet
  facet normal 0 0 1
    outer loop
      vertex 15.5176 58.0681 3
      vertex 15.7654 58.1522 3
      vertex 16.2175 58.4133 3
    endloop
  endfacet
  facet normal 0 0 1
    outer loop
      vertex 15.7654 58.1522 3
      vertex 16 58.2679 3
      vertex 16.2175 58.4133 3
    endloop
  endfacet
  facet normal 0 -0 1
    outer loop
      vertex 15.5176 58.0681 3
      vertex 16.2175 58.4133 3
      vertex 15 58 3
    endloop
  endfacet
  facet normal 0 0 1
    outer loop
      vertex 16.2175 58.4133 3
      vertex 16.4142 58.5858 3
      vertex 16.5867 58.7825 3
    endloop
  endfacet
  facet normal 0 -0 1
    outer loop
      vertex 16.2175 58.4133 3
      vertex 16.5867 58.7825 3
      vertex 15 58 3
    endloop
  endfacet
  facet normal 0 0 1
    outer loop
      vertex 16.5867 58.7825 3
      vertex 16.7321 59 3
      vertex 16.8478 59.2346 3
    endloop
  endfacet
  facet normal 0 0 1
    outer loop
      vertex 16.5867 58.7825 3
      vertex 16.8478 59.2346 3
      vertex 16.9319 59.4824 3
    endloop
  endfacet
  facet normal 0 0 1
    outer loop
      vertex 17 60 3
      vertex 16.9319 59.4824 3
      vertex 16.9829 59.739 3
    endloop
  endfacet
  facet normal 0 0 1
    outer loop
      vertex 16.5867 58.7825 3
      vertex 16.9319 59.4824 3
      vertex 17 60 3
    endloop
  endfacet
  facet normal 0 -0 1
    outer loop
      vertex 16.5867 58.7825 3
      vertex 17 60 3
      vertex 15 58 3
    endloop
  endfacet
  facet normal 0 0 1
    outer loop
      vertex 17 60 3
      vertex 8 58 3
      vertex 15 58 3
    endloop
  endfacet
  facet normal 0 0 1
    outer loop
      vertex 17 68 3
      vertex 8 58 3
      vertex 17 60 3
    endloop
  endfacet
  facet normal 0 0 1
    outer loop
      vertex 16.9829 68.261 3
      vertex 16.9319 68.5176 3
      vertex 17 68 3
    endloop
  endfacet
  facet normal 0 0 1
    outer loop
      vertex 16.9319 68.5176 3
      vertex 16.8478 68.7654 3
      vertex 16.5867 69.2175 3
    endloop
  endfacet
  facet normal 0 0 1
    outer loop
      vertex 16.8478 68.7654 3
      vertex 16.7321 69 3
      vertex 16.5867 69.2175 3
    endloop
  endfacet
  facet normal 0 0 1
    outer loop
      vertex 16.9319 68.5176 3
      vertex 16.5867 69.2175 3
      vertex 17 68 3
    endloop
  endfacet
  facet normal 0 0 1
    outer loop
      vertex 16.5867 69.2175 3
      vertex 16.4142 69.4142 3
      vertex 16.2175 69.5867 3
    endloop
  endfacet
  facet normal 0 0 1
    outer loop
      vertex 16.5867 69.2175 3
      vertex 16.2175 69.5867 3
      vertex 15 70 3
    endloop
  endfacet
  facet normal 0 0 1
    outer loop
      vertex 16.2175 69.5867 3
      vertex 16 69.7321 3
      vertex 15.7654 69.8478 3
    endloop
  endfacet
  facet normal 0 0 1
    outer loop
      vertex 16.2175 69.5867 3
      vertex 15.7654 69.8478 3
      vertex 15.5176 69.9319 3
    endloop
  endfacet
  facet normal 0 0 1
    outer loop
      vertex 15 70 3
      vertex 15.5176 69.9319 3
      vertex 15.261 69.9829 3
    endloop
  endfacet
  facet normal 0 0 1
    outer loop
      vertex 16.2175 69.5867 3
      vertex 15.5176 69.9319 3
      vertex 15 70 3
    endloop
  endfacet
  facet normal 0 0 1
    outer loop
      vertex 16.5867 69.2175 3
      vertex 15 70 3
      vertex 17 68 3
    endloop
  endfacet
  facet normal 0 0 1
    outer loop
      vertex 15 70 3
      vertex 8 58 3
      vertex 17 68 3
    endloop
  endfacet
  facet normal -0 0 1
    outer loop
      vertex -15 70 3
      vertex 8 58 3
      vertex 15 70 3
    endloop
  endfacet
  facet normal 0 0 1
    outer loop
      vertex -16.9319 68.5176 3
      vertex -16.5867 69.2175 3
      vertex -16.8478 68.7654 3
    endloop
  endfacet
  facet normal -0 0 1
    outer loop
      vertex -16.9829 68.261 3
      vertex -17 68 3
      vertex -16.9319 68.5176 3
    endloop
  endfacet
  facet normal 0 0 1
    outer loop
      vertex -17 68 3
      vertex -16.5867 69.2175 3
      vertex -16.9319 68.5176 3
    endloop
  endfacet
  facet normal 0 0 1
    outer loop
      vertex -15 70 3
      vertex -16.2175 69.5867 3
      vertex -17 68 3
    endloop
  endfacet
  facet normal 0 -0 1
    outer loop
      vertex -15 58 3
      vertex -8 58 3
      vertex -17 60 3
    endloop
  endfacet
  facet normal 0 0 1
    outer loop
      vertex -16.5867 58.7825 3
      vertex -17 60 3
      vertex -16.9319 59.4824 3
    endloop
  endfacet
  facet normal 0 0 1
    outer loop
      vertex -17 60 3
      vertex -16.9829 59.739 3
      vertex -16.9319 59.4824 3
    endloop
  endfacet
  facet normal 0 0 1
    outer loop
      vertex -16.5867 58.7825 3
      vertex -16.9319 59.4824 3
      vertex -16.8478 59.2346 3
    endloop
  endfacet
  facet normal 0 0 1
    outer loop
      vertex -16.5867 58.7825 3
      vertex -16.8478 59.2346 3
      vertex -16.7321 59 3
    endloop
  endfacet
  facet normal -0 -0 1
    outer loop
      vertex -16.4142 58.5858 3
      vertex -16.2175 58.4133 3
      vertex -16.5867 58.7825 3
    endloop
  endfacet
  facet normal -0 0 1
    outer loop
      vertex -8 58 3
      vertex 8 12 3
      vertex 8 58 3
    endloop
  endfacet
  facet normal 0 -0 1
    outer loop
      vertex 7.08746 6.51245 3
      vertex 7.1707 6.75769 3
      vertex -8 12 3
    endloop
  endfacet
  facet normal 0 0 1
    outer loop
      vertex 7.08746 6.51245 3
      vertex -8 12 3
      vertex 7.03693 6.25842 3
    endloop
  endfacet
  facet normal 0 0 1
    outer loop
      vertex -8 12 3
      vertex 7.01999 5.99998 3
      vertex 7.03693 6.25842 3
    endloop
  endfacet
  facet normal 0 0 1
    outer loop
      vertex 7.03693 5.74158 3
      vertex 7.01999 5.99998 3
      vertex -8 12 3
    endloop
  endfacet
  facet normal 0 0 1
    outer loop
      vertex 7.03693 5.74158 3
      vertex -8 12 3
      vertex 7.08746 5.48753 3
    endloop
  endfacet
  facet normal 0 0 1
    outer loop
      vertex -8 12 3
      vertex 7.1707 5.24229 3
      vertex 7.08746 5.48753 3
    endloop
  endfacet
  facet normal 0 0 1
    outer loop
      vertex -8 12 3
      vertex 8 12 3
      vertex -8 58 3
    endloop
  endfacet
  facet normal 0 0 1
    outer loop
      vertex -16.2175 58.4133 3
      vertex -17 60 3
      vertex -16.5867 58.7825 3
    endloop
  endfacet
  facet normal -0 -0 1
    outer loop
      vertex -16 58.2679 3
      vertex -15.7654 58.1522 3
      vertex -16.2175 58.4133 3
    endloop
  endfacet
  facet normal -0 -0 1
    outer loop
      vertex -15.7654 58.1522 3
      vertex -15.5176 58.0681 3
      vertex -16.2175 58.4133 3
    endloop
  endfacet
  facet normal 0 0 1
    outer loop
      vertex -15.5176 58.0681 3
      vertex -15.261 58.0171 3
      vertex -15 58 3
    endloop
  endfacet
  facet normal -0 -0 1
    outer loop
      vertex -15.5176 58.0681 3
      vertex -15 58 3
      vertex -16.2175 58.4133 3
    endloop
  endfacet
  facet normal 0 0 1
    outer loop
      vertex -15 58 3
      vertex -17 60 3
      vertex -16.2175 58.4133 3
    endloop
  endfacet
  facet normal 0 0 1
    outer loop
      vertex -8 58 3
      vertex -17 68 3
      vertex -17 60 3
    endloop
  endfacet
  facet normal 0 0 1
    outer loop
      vertex -15 70 3
      vertex -8 58 3
      vertex 8 58 3
    endloop
  endfacet
  facet normal 0 0 1
    outer loop
      vertex -15 70 3
      vertex -17 68 3
      vertex -8 58 3
    endloop
  endfacet
  facet normal 0 0 1
    outer loop
      vertex -15 12 3
      vertex -15.5176 11.9319 3
      vertex -16.2175 11.5867 3
    endloop
  endfacet
  facet normal 0 0 1
    outer loop
      vertex -16.5867 11.2175 3
      vertex -16.2175 11.5867 3
      vertex -16.4142 11.4142 3
    endloop
  endfacet
  facet normal 0 0 1
    outer loop
      vertex -17 10 3
      vertex -16.2175 11.5867 3
      vertex -16.5867 11.2175 3
    endloop
  endfacet
  facet normal 0 0 1
    outer loop
      vertex -16.8478 10.7654 3
      vertex -16.5867 11.2175 3
      vertex -16.7321 11 3
    endloop
  endfacet
  facet normal 0 0 1
    outer loop
      vertex -16.9319 10.5176 3
      vertex -16.5867 11.2175 3
      vertex -16.8478 10.7654 3
    endloop
  endfacet
  facet normal -0 0 1
    outer loop
      vertex -16.9829 10.261 3
      vertex -17 10 3
      vertex -16.9319 10.5176 3
    endloop
  endfacet
  facet normal 0 0 1
    outer loop
      vertex -17 10 3
      vertex -16.5867 11.2175 3
      vertex -16.9319 10.5176 3
    endloop
  endfacet
  facet normal 0 0 1
    outer loop
      vertex -15 12 3
      vertex -16.2175 11.5867 3
      vertex -17 10 3
    endloop
  endfacet
  facet normal 0 0 1
    outer loop
      vertex -8 12 3
      vertex -17 10 3
      vertex -17 2 3
    endloop
  endfacet
  facet normal 0 0 1
    outer loop
      vertex -16.5867 0.782471 3
      vertex -16.8478 1.23463 3
      vertex -16.7321 1 3
    endloop
  endfacet
  facet normal 0 0 1
    outer loop
      vertex -17 2 3
      vertex -16.9319 1.48236 3
      vertex -16.5867 0.782471 3
    endloop
  endfacet
  facet normal 0 0 1
    outer loop
      vertex -16.2175 0.4133 3
      vertex -16.5867 0.782471 3
      vertex -16.4142 0.585785 3
    endloop
  endfacet
  facet normal 0 0 1
    outer loop
      vertex -17 2 3
      vertex -16.5867 0.782471 3
      vertex -16.2175 0.4133 3
    endloop
  endfacet
  facet normal -0 -0 1
    outer loop
      vertex -15.7654 0.152237 3
      vertex -15.5176 0.0681458 3
      vertex -16.2175 0.4133 3
    endloop
  endfacet
  facet normal 0 0 1
    outer loop
      vertex -15.5176 0.0681458 3
      vertex -15.261 0.0171051 3
      vertex -15 0 3
    endloop
  endfacet
  facet normal -0 -0 1
    outer loop
      vertex -15.5176 0.0681458 3
      vertex -15 0 3
      vertex -16.2175 0.4133 3
    endloop
  endfacet
  facet normal 0 0 1
    outer loop
      vertex -15 0 3
      vertex -17 2 3
      vertex -16.2175 0.4133 3
    endloop
  endfacet
  facet normal 0 0 1
    outer loop
      vertex -8 12 3
      vertex -17 2 3
      vertex -15 0 3
    endloop
  endfacet
  facet normal 0 0 1
    outer loop
      vertex -8 12 3
      vertex -15 0 3
      vertex 7.1707 5.24229 3
    endloop
  endfacet
  facet normal 0 0 1
    outer loop
      vertex -15 0 3
      vertex 7.28526 5.00999 3
      vertex 7.1707 5.24229 3
    endloop
  endfacet
  facet normal 0 0 1
    outer loop
      vertex 7.42912 4.79469 3
      vertex 7.28526 5.00999 3
      vertex -15 0 3
    endloop
  endfacet
  facet normal 0 0 1
    outer loop
      vertex 7.42912 4.79469 3
      vertex -15 0 3
      vertex 7.59991 4.59991 3
    endloop
  endfacet
  facet normal 0 0 1
    outer loop
      vertex -15 0 3
      vertex 7.79469 4.42912 3
      vertex 7.59991 4.59991 3
    endloop
  endfacet
  facet normal 0 0 1
    outer loop
      vertex 8.00999 4.28526 3
      vertex 7.79469 4.42912 3
      vertex -15 0 3
    endloop
  endfacet
  facet normal 0 0 1
    outer loop
      vertex 8.00999 4.28526 3
      vertex -15 0 3
      vertex 8.24229 4.1707 3
    endloop
  endfacet
  facet normal 0 0 1
    outer loop
      vertex -15 0 3
      vertex 15 0 3
      vertex 8.24229 4.1707 3
    endloop
  endfacet
  facet normal 0.19509 -0.980785 0
    outer loop
      vertex 15.5176 0.0681458 0
      vertex 15.261 0.0171051 3
      vertex 15.261 0.0171051 0
    endloop
  endfacet
  facet normal 0.19509 -0.980785 0
    outer loop
      vertex 15.5176 0.0681458 0
      vertex 15.5176 0.0681458 3
      vertex 15.261 0.0171051 3
    endloop
  endfacet
  facet normal 0.321352 -0.94696 0
    outer loop
      vertex 15.7654 0.152237 0
      vertex 15.5176 0.0681458 3
      vertex 15.5176 0.0681458 0
    endloop
  endfacet
  facet normal 0.321352 -0.94696 0
    outer loop
      vertex 15.7654 0.152237 0
      vertex 15.7654 0.152237 3
      vertex 15.5176 0.0681458 3
    endloop
  endfacet
  facet normal 0.442335 -0.89685 0
    outer loop
      vertex 16 0.267944 0
      vertex 15.7654 0.152237 3
      vertex 15.7654 0.152237 0
    endloop
  endfacet
  facet normal 0.442335 -0.89685 0
    outer loop
      vertex 16 0.267944 0
      vertex 16 0.267944 3
      vertex 15.7654 0.152237 3
    endloop
  endfacet
  facet normal 0.555642 -0.831422 0
    outer loop
      vertex 16.2175 0.4133 0
      vertex 16 0.267944 3
      vertex 16 0.267944 0
    endloop
  endfacet
  facet normal 0.555642 -0.831422 0
    outer loop
      vertex 16.2175 0.4133 0
      vertex 16.2175 0.4133 3
      vertex 16 0.267944 3
    endloop
  endfacet
  facet normal 0.659311 -0.751871 0
    outer loop
      vertex 16.4142 0.585785 0
      vertex 16.2175 0.4133 3
      vertex 16.2175 0.4133 0
    endloop
  endfacet
  facet normal 0.659311 -0.751871 0
    outer loop
      vertex 16.4142 0.585785 0
      vertex 16.4142 0.585785 3
      vertex 16.2175 0.4133 3
    endloop
  endfacet
  facet normal 0.751819 -0.65937 0
    outer loop
      vertex 16.5867 0.782471 0
      vertex 16.4142 0.585785 3
      vertex 16.4142 0.585785 0
    endloop
  endfacet
  facet normal 0.751819 -0.65937 0
    outer loop
      vertex 16.5867 0.782471 0
      vertex 16.5867 0.782471 3
      vertex 16.4142 0.585785 3
    endloop
  endfacet
  facet normal 0.831378 -0.555707 0
    outer loop
      vertex 16.7321 1 0
      vertex 16.5867 0.782471 3
      vertex 16.5867 0.782471 0
    endloop
  endfacet
  facet normal 0.831378 -0.555707 0
    outer loop
      vertex 16.7321 1 0
      vertex 16.7321 1 3
      vertex 16.5867 0.782471 3
    endloop
  endfacet
  facet normal 0.896883 -0.442268 0
    outer loop
      vertex 16.8478 1.23463 0
      vertex 16.7321 1 3
      vertex 16.7321 1 0
    endloop
  endfacet
  facet normal 0.896883 -0.442268 0
    outer loop
      vertex 16.8478 1.23463 0
      vertex 16.8478 1.23463 3
      vertex 16.7321 1 3
    endloop
  endfacet
  facet normal 0.946922 -0.321463 0
    outer loop
      vertex 16.9319 1.48236 0
      vertex 16.8478 1.23463 3
      vertex 16.8478 1.23463 0
    endloop
  endfacet
  facet normal 0.946922 -0.321463 0
    outer loop
      vertex 16.9319 1.48236 0
      vertex 16.9319 1.48236 3
      vertex 16.8478 1.23463 3
    endloop
  endfacet
  facet normal 0.980814 -0.194947 0
    outer loop
      vertex 16.9829 1.73895 0
      vertex 16.9319 1.48236 3
      vertex 16.9319 1.48236 0
    endloop
  endfacet
  facet normal 0.980814 -0.194947 0
    outer loop
      vertex 16.9829 1.73895 0
      vertex 16.9829 1.73895 3
      vertex 16.9319 1.48236 3
    endloop
  endfacet
  facet normal 0.997861 -0.0653646 0
    outer loop
      vertex 17 2 0
      vertex 16.9829 1.73895 3
      vertex 16.9829 1.73895 0
    endloop
  endfacet
  facet normal 0.997861 -0.0653646 0
    outer loop
      vertex 17 2 0
      vertex 17 2 3
      vertex 16.9829 1.73895 3
    endloop
  endfacet
  facet normal 1 0 0
    outer loop
      vertex 17 2.89999 0
      vertex 17 2 3
      vertex 17 2 0
    endloop
  endfacet
  facet normal 1 0 -0
    outer loop
      vertex 17 2.89999 0
      vertex 17 2.89999 3
      vertex 17 2 3
    endloop
  endfacet
  facet normal 0.997861 0.0653646 0
    outer loop
      vertex 16.9829 3.16104 0
      vertex 17 2.89999 3
      vertex 17 2.89999 0
    endloop
  endfacet
  facet normal 0.997861 0.0653646 -0
    outer loop
      vertex 16.9829 3.16104 0
      vertex 16.9829 3.16104 3
      vertex 17 2.89999 3
    endloop
  endfacet
  facet normal 0.980814 0.194947 0
    outer loop
      vertex 16.9319 3.41763 0
      vertex 16.9829 3.16104 3
      vertex 16.9829 3.16104 0
    endloop
  endfacet
  facet normal 0.980814 0.194947 -0
    outer loop
      vertex 16.9319 3.41763 0
      vertex 16.9319 3.41763 3
      vertex 16.9829 3.16104 3
    endloop
  endfacet
  facet normal 0.946922 0.321463 0
    outer loop
      vertex 16.8478 3.66536 0
      vertex 16.9319 3.41763 3
      vertex 16.9319 3.41763 0
    endloop
  endfacet
  facet normal 0.946922 0.321463 -0
    outer loop
      vertex 16.8478 3.66536 0
      vertex 16.8478 3.66536 3
      vertex 16.9319 3.41763 3
    endloop
  endfacet
  facet normal 0.896883 0.442268 0
    outer loop
      vertex 16.7321 3.89999 0
      vertex 16.8478 3.66536 3
      vertex 16.8478 3.66536 0
    endloop
  endfacet
  facet normal 0.896883 0.442268 -0
    outer loop
      vertex 16.7321 3.89999 0
      vertex 16.7321 3.89999 3
      vertex 16.8478 3.66536 3
    endloop
  endfacet
  facet normal 0.831379 0.555705 0
    outer loop
      vertex 16.5867 4.11752 0
      vertex 16.7321 3.89999 3
      vertex 16.7321 3.89999 0
    endloop
  endfacet
  facet normal 0.831379 0.555705 -0
    outer loop
      vertex 16.5867 4.11752 0
      vertex 16.5867 4.11752 3
      vertex 16.7321 3.89999 3
    endloop
  endfacet
  facet normal 0.751826 0.659362 0
    outer loop
      vertex 16.4142 4.31421 0
      vertex 16.5867 4.11752 3
      vertex 16.5867 4.11752 0
    endloop
  endfacet
  facet normal 0.751826 0.659362 -0
    outer loop
      vertex 16.4142 4.31421 0
      vertex 16.4142 4.31421 3
      vertex 16.5867 4.11752 3
    endloop
  endfacet
  facet normal 0.6593 0.75188 0
    outer loop
      vertex 16.2175 4.48669 0
      vertex 16.4142 4.31421 3
      vertex 16.4142 4.31421 0
    endloop
  endfacet
  facet normal 0.6593 0.75188 -0
    outer loop
      vertex 16.2175 4.48669 0
      vertex 16.2175 4.48669 3
      vertex 16.4142 4.31421 3
    endloop
  endfacet
  facet normal 0.555653 0.831415 0
    outer loop
      vertex 16 4.63205 0
      vertex 16.2175 4.48669 3
      vertex 16.2175 4.48669 0
    endloop
  endfacet
  facet normal 0.555653 0.831415 -0
    outer loop
      vertex 16 4.63205 0
      vertex 16 4.63205 3
      vertex 16.2175 4.48669 3
    endloop
  endfacet
  facet normal 0.442344 0.896845 0
    outer loop
      vertex 15.7654 4.74776 0
      vertex 16 4.63205 3
      vertex 16 4.63205 0
    endloop
  endfacet
  facet normal 0.442344 0.896845 -0
    outer loop
      vertex 15.7654 4.74776 0
      vertex 15.7654 4.74776 3
      vertex 16 4.63205 3
    endloop
  endfacet
  facet normal 0.321348 0.946961 0
    outer loop
      vertex 15.5176 4.83185 0
      vertex 15.7654 4.74776 3
      vertex 15.7654 4.74776 0
    endloop
  endfacet
  facet normal 0.321348 0.946961 -0
    outer loop
      vertex 15.5176 4.83185 0
      vertex 15.5176 4.83185 3
      vertex 15.7654 4.74776 3
    endloop
  endfacet
  facet normal 0.195087 0.980786 0
    outer loop
      vertex 15.261 4.88289 0
      vertex 15.5176 4.83185 3
      vertex 15.5176 4.83185 0
    endloop
  endfacet
  facet normal 0.195087 0.980786 -0
    outer loop
      vertex 15.261 4.88289 0
      vertex 15.261 4.88289 3
      vertex 15.5176 4.83185 3
    endloop
  endfacet
  facet normal 0.0653771 0.997861 0
    outer loop
      vertex 15 4.89999 0
      vertex 15.261 4.88289 3
      vertex 15.261 4.88289 0
    endloop
  endfacet
  facet normal 0.0653771 0.997861 -0
    outer loop
      vertex 15 4.89999 0
      vertex 15 4.89999 3
      vertex 15.261 4.88289 3
    endloop
  endfacet
  facet normal 0 1 0
    outer loop
      vertex 11.495 4.89999 0
      vertex 15 4.89999 3
      vertex 15 4.89999 0
    endloop
  endfacet
  facet normal 0 1 0
    outer loop
      vertex 11.495 4.89999 0
      vertex 11.495 4.89999 3
      vertex 15 4.89999 3
    endloop
  endfacet
  facet normal -0.0653521 0.997862 0
    outer loop
      vertex 11.2339 4.88289 0
      vertex 11.495 4.89999 3
      vertex 11.495 4.89999 0
    endloop
  endfacet
  facet normal -0.0653521 0.997862 0
    outer loop
      vertex 11.2339 4.88289 0
      vertex 11.2339 4.88289 3
      vertex 11.495 4.89999 3
    endloop
  endfacet
  facet normal -0.195087 0.980786 0
    outer loop
      vertex 10.9773 4.83185 0
      vertex 11.2339 4.88289 3
      vertex 11.2339 4.88289 0
    endloop
  endfacet
  facet normal -0.195087 0.980786 0
    outer loop
      vertex 10.9773 4.83185 0
      vertex 10.9773 4.83185 3
      vertex 11.2339 4.88289 3
    endloop
  endfacet
  facet normal -0.321464 0.946922 0
    outer loop
      vertex 10.7296 4.74776 0
      vertex 10.9773 4.83185 3
      vertex 10.9773 4.83185 0
    endloop
  endfacet
  facet normal -0.321464 0.946922 0
    outer loop
      vertex 10.7296 4.74776 0
      vertex 10.7296 4.74776 3
      vertex 10.9773 4.83185 3
    endloop
  endfacet
  facet normal -0.442344 0.896845 0
    outer loop
      vertex 10.495 4.63205 0
      vertex 10.7296 4.74776 3
      vertex 10.7296 4.74776 0
    endloop
  endfacet
  facet normal -0.442344 0.896845 0
    outer loop
      vertex 10.495 4.63205 0
      vertex 10.495 4.63205 3
      vertex 10.7296 4.74776 3
    endloop
  endfacet
  facet normal -0.582422 0.812887 0
    outer loop
      vertex 10.3015 4.49341 0
      vertex 10.495 4.63205 3
      vertex 10.495 4.63205 0
    endloop
  endfacet
  facet normal -0.582422 0.812887 0
    outer loop
      vertex 10.3015 4.49341 0
      vertex 10.3015 4.49341 3
      vertex 10.495 4.63205 3
    endloop
  endfacet
  facet normal -0.555581 0.831463 0
    outer loop
      vertex 9.98999 4.28526 0
      vertex 10.3015 4.49341 3
      vertex 10.3015 4.49341 0
    endloop
  endfacet
  facet normal -0.555581 0.831463 0
    outer loop
      vertex 9.98999 4.28526 0
      vertex 9.98999 4.28526 3
      vertex 10.3015 4.49341 3
    endloop
  endfacet
  facet normal -0.442296 0.896869 0
    outer loop
      vertex 9.75769 4.1707 0
      vertex 9.98999 4.28526 3
      vertex 9.98999 4.28526 0
    endloop
  endfacet
  facet normal -0.442296 0.896869 0
    outer loop
      vertex 9.75769 4.1707 0
      vertex 9.75769 4.1707 3
      vertex 9.98999 4.28526 3
    endloop
  endfacet
  facet normal -0.321413 0.946939 0
    outer loop
      vertex 9.51245 4.08746 0
      vertex 9.75769 4.1707 3
      vertex 9.75769 4.1707 0
    endloop
  endfacet
  facet normal -0.321413 0.946939 0
    outer loop
      vertex 9.51245 4.08746 0
      vertex 9.51245 4.08746 3
      vertex 9.75769 4.1707 3
    endloop
  endfacet
  facet normal -0.195091 0.980785 0
    outer loop
      vertex 9.25842 4.03693 0
      vertex 9.51245 4.08746 3
      vertex 9.51245 4.08746 0
    endloop
  endfacet
  facet normal -0.195091 0.980785 0
    outer loop
      vertex 9.25842 4.03693 0
      vertex 9.25842 4.03693 3
      vertex 9.51245 4.08746 3
    endloop
  endfacet
  facet normal -0.0654068 0.997859 0
    outer loop
      vertex 8.99998 4.01999 0
      vertex 9.25842 4.03693 3
      vertex 9.25842 4.03693 0
    endloop
  endfacet
  facet normal -0.0654068 0.997859 0
    outer loop
      vertex 8.99998 4.01999 0
      vertex 8.99998 4.01999 3
      vertex 9.25842 4.03693 3
    endloop
  endfacet
  facet normal 0.0654169 0.997858 0
    outer loop
      vertex 8.74158 4.03693 0
      vertex 8.99998 4.01999 3
      vertex 8.99998 4.01999 0
    endloop
  endfacet
  facet normal 0.0654169 0.997858 -0
    outer loop
      vertex 8.74158 4.03693 0
      vertex 8.74158 4.03693 3
      vertex 8.99998 4.01999 3
    endloop
  endfacet
  facet normal 0.195077 0.980788 0
    outer loop
      vertex 8.48753 4.08746 0
      vertex 8.74158 4.03693 3
      vertex 8.74158 4.03693 0
    endloop
  endfacet
  facet normal 0.195077 0.980788 -0
    outer loop
      vertex 8.48753 4.08746 0
      vertex 8.48753 4.08746 3
      vertex 8.74158 4.03693 3
    endloop
  endfacet
  facet normal 0.321413 0.946939 0
    outer loop
      vertex 8.24229 4.1707 0
      vertex 8.48753 4.08746 3
      vertex 8.48753 4.08746 0
    endloop
  endfacet
  facet normal 0.321413 0.946939 -0
    outer loop
      vertex 8.24229 4.1707 0
      vertex 8.24229 4.1707 3
      vertex 8.48753 4.08746 3
    endloop
  endfacet
  facet normal 0.442296 0.896869 0
    outer loop
      vertex 8.00999 4.28526 0
      vertex 8.24229 4.1707 3
      vertex 8.24229 4.1707 0
    endloop
  endfacet
  facet normal 0.442296 0.896869 -0
    outer loop
      vertex 8.00999 4.28526 0
      vertex 8.00999 4.28526 3
      vertex 8.24229 4.1707 3
    endloop
  endfacet
  facet normal 0.555573 0.831468 0
    outer loop
      vertex 7.79469 4.42912 0
      vertex 8.00999 4.28526 3
      vertex 8.00999 4.28526 0
    endloop
  endfacet
  facet normal 0.555573 0.831468 -0
    outer loop
      vertex 7.79469 4.42912 0
      vertex 7.79469 4.42912 3
      vertex 8.00999 4.28526 3
    endloop
  endfacet
  facet normal 0.659286 0.751892 0
    outer loop
      vertex 7.59991 4.59991 0
      vertex 7.79469 4.42912 3
      vertex 7.79469 4.42912 0
    endloop
  endfacet
  facet normal 0.659286 0.751892 -0
    outer loop
      vertex 7.59991 4.59991 0
      vertex 7.59991 4.59991 3
      vertex 7.79469 4.42912 3
    endloop
  endfacet
  facet normal 0.751892 0.659286 0
    outer loop
      vertex 7.42912 4.79469 0
      vertex 7.59991 4.59991 3
      vertex 7.59991 4.59991 0
    endloop
  endfacet
  facet normal 0.751892 0.659286 -0
    outer loop
      vertex 7.42912 4.79469 0
      vertex 7.42912 4.79469 3
      vertex 7.59991 4.59991 3
    endloop
  endfacet
  facet normal 0.831468 0.555573 0
    outer loop
      vertex 7.28526 5.00999 0
      vertex 7.42912 4.79469 3
      vertex 7.42912 4.79469 0
    endloop
  endfacet
  facet normal 0.831468 0.555573 -0
    outer loop
      vertex 7.28526 5.00999 0
      vertex 7.28526 5.00999 3
      vertex 7.42912 4.79469 3
    endloop
  endfacet
  facet normal 0.896869 0.442296 0
    outer loop
      vertex 7.1707 5.24229 0
      vertex 7.28526 5.00999 3
      vertex 7.28526 5.00999 0
    endloop
  endfacet
  facet normal 0.896869 0.442296 -0
    outer loop
      vertex 7.1707 5.24229 0
      vertex 7.1707 5.24229 3
      vertex 7.28526 5.00999 3
    endloop
  endfacet
  facet normal 0.946939 0.321413 0
    outer loop
      vertex 7.08746 5.48753 0
      vertex 7.1707 5.24229 3
      vertex 7.1707 5.24229 0
    endloop
  endfacet
  facet normal 0.946939 0.321413 -0
    outer loop
      vertex 7.08746 5.48753 0
      vertex 7.08746 5.48753 3
      vertex 7.1707 5.24229 3
    endloop
  endfacet
  facet normal 0.980788 0.195077 0
    outer loop
      vertex 7.03693 5.74158 0
      vertex 7.08746 5.48753 3
      vertex 7.08746 5.48753 0
    endloop
  endfacet
  facet normal 0.980788 0.195077 -0
    outer loop
      vertex 7.03693 5.74158 0
      vertex 7.03693 5.74158 3
      vertex 7.08746 5.48753 3
    endloop
  endfacet
  facet normal 0.997858 0.0654169 0
    outer loop
      vertex 7.01999 5.99998 0
      vertex 7.03693 5.74158 3
      vertex 7.03693 5.74158 0
    endloop
  endfacet
  facet normal 0.997858 0.0654169 -0
    outer loop
      vertex 7.01999 5.99998 0
      vertex 7.01999 5.99998 3
      vertex 7.03693 5.74158 3
    endloop
  endfacet
  facet normal 0.997859 -0.0654068 0
    outer loop
      vertex 7.03693 6.25842 0
      vertex 7.01999 5.99998 3
      vertex 7.01999 5.99998 0
    endloop
  endfacet
  facet normal 0.997859 -0.0654068 0
    outer loop
      vertex 7.03693 6.25842 0
      vertex 7.03693 6.25842 3
      vertex 7.01999 5.99998 3
    endloop
  endfacet
  facet normal 0.980785 -0.195091 0
    outer loop
      vertex 7.08746 6.51245 0
      vertex 7.03693 6.25842 3
      vertex 7.03693 6.25842 0
    endloop
  endfacet
  facet normal 0.980785 -0.195091 0
    outer loop
      vertex 7.08746 6.51245 0
      vertex 7.08746 6.51245 3
      vertex 7.03693 6.25842 3
    endloop
  endfacet
  facet normal 0.946939 -0.321413 0
    outer loop
      vertex 7.1707 6.75769 0
      vertex 7.08746 6.51245 3
      vertex 7.08746 6.51245 0
    endloop
  endfacet
  facet normal 0.946939 -0.321413 0
    outer loop
      vertex 7.1707 6.75769 0
      vertex 7.1707 6.75769 3
      vertex 7.08746 6.51245 3
    endloop
  endfacet
  facet normal 0.896869 -0.442296 0
    outer loop
      vertex 7.28526 6.98999 0
      vertex 7.1707 6.75769 3
      vertex 7.1707 6.75769 0
    endloop
  endfacet
  facet normal 0.896869 -0.442296 0
    outer loop
      vertex 7.28526 6.98999 0
      vertex 7.28526 6.98999 3
      vertex 7.1707 6.75769 3
    endloop
  endfacet
  facet normal 0.831468 -0.555573 0
    outer loop
      vertex 7.42912 7.20529 0
      vertex 7.28526 6.98999 3
      vertex 7.28526 6.98999 0
    endloop
  endfacet
  facet normal 0.831468 -0.555573 0
    outer loop
      vertex 7.42912 7.20529 0
      vertex 7.42912 7.20529 3
      vertex 7.28526 6.98999 3
    endloop
  endfacet
  facet normal 0.751892 -0.659286 0
    outer loop
      vertex 7.59991 7.40007 0
      vertex 7.42912 7.20529 3
      vertex 7.42912 7.20529 0
    endloop
  endfacet
  facet normal 0.751892 -0.659286 0
    outer loop
      vertex 7.59991 7.40007 0
      vertex 7.59991 7.40007 3
      vertex 7.42912 7.20529 3
    endloop
  endfacet
  facet normal 0.659286 -0.751892 0
    outer loop
      vertex 7.79469 7.57086 0
      vertex 7.59991 7.40007 3
      vertex 7.59991 7.40007 0
    endloop
  endfacet
  facet normal 0.659286 -0.751892 0
    outer loop
      vertex 7.79469 7.57086 0
      vertex 7.79469 7.57086 3
      vertex 7.59991 7.40007 3
    endloop
  endfacet
  facet normal 0.555573 -0.831468 0
    outer loop
      vertex 8.00999 7.71472 0
      vertex 7.79469 7.57086 3
      vertex 7.79469 7.57086 0
    endloop
  endfacet
  facet normal 0.555573 -0.831468 0
    outer loop
      vertex 8.00999 7.71472 0
      vertex 8.00999 7.71472 3
      vertex 7.79469 7.57086 3
    endloop
  endfacet
  facet normal 0.442296 -0.896869 0
    outer loop
      vertex 8.24229 7.82928 0
      vertex 8.00999 7.71472 3
      vertex 8.00999 7.71472 0
    endloop
  endfacet
  facet normal 0.442296 -0.896869 0
    outer loop
      vertex 8.24229 7.82928 0
      vertex 8.24229 7.82928 3
      vertex 8.00999 7.71472 3
    endloop
  endfacet
  facet normal 0.321413 -0.946939 0
    outer loop
      vertex 8.48753 7.91252 0
      vertex 8.24229 7.82928 3
      vertex 8.24229 7.82928 0
    endloop
  endfacet
  facet normal 0.321413 -0.946939 0
    outer loop
      vertex 8.48753 7.91252 0
      vertex 8.48753 7.91252 3
      vertex 8.24229 7.82928 3
    endloop
  endfacet
  facet normal 0.195114 -0.980781 0
    outer loop
      vertex 8.74158 7.96306 0
      vertex 8.48753 7.91252 3
      vertex 8.48753 7.91252 0
    endloop
  endfacet
  facet normal 0.195114 -0.980781 0
    outer loop
      vertex 8.74158 7.96306 0
      vertex 8.74158 7.96306 3
      vertex 8.48753 7.91252 3
    endloop
  endfacet
  facet normal 0.0654169 -0.997858 0
    outer loop
      vertex 8.99998 7.98 0
      vertex 8.74158 7.96306 3
      vertex 8.74158 7.96306 0
    endloop
  endfacet
  facet normal 0.0654169 -0.997858 0
    outer loop
      vertex 8.99998 7.98 0
      vertex 8.99998 7.98 3
      vertex 8.74158 7.96306 3
    endloop
  endfacet
  facet normal -0.0654068 -0.997859 0
    outer loop
      vertex 9.25842 7.96306 0
      vertex 8.99998 7.98 3
      vertex 8.99998 7.98 0
    endloop
  endfacet
  facet normal -0.0654068 -0.997859 0
    outer loop
      vertex 9.25842 7.96306 0
      vertex 9.25842 7.96306 3
      vertex 8.99998 7.98 3
    endloop
  endfacet
  facet normal -0.195129 -0.980778 0
    outer loop
      vertex 9.51245 7.91252 0
      vertex 9.25842 7.96306 3
      vertex 9.25842 7.96306 0
    endloop
  endfacet
  facet normal -0.195129 -0.980778 0
    outer loop
      vertex 9.51245 7.91252 0
      vertex 9.51245 7.91252 3
      vertex 9.25842 7.96306 3
    endloop
  endfacet
  facet normal -0.321413 -0.946939 0
    outer loop
      vertex 9.75769 7.82928 0
      vertex 9.51245 7.91252 3
      vertex 9.51245 7.91252 0
    endloop
  endfacet
  facet normal -0.321413 -0.946939 0
    outer loop
      vertex 9.75769 7.82928 0
      vertex 9.75769 7.82928 3
      vertex 9.51245 7.91252 3
    endloop
  endfacet
  facet normal -0.442296 -0.896869 0
    outer loop
      vertex 9.98999 7.71472 0
      vertex 9.75769 7.82928 3
      vertex 9.75769 7.82928 0
    endloop
  endfacet
  facet normal -0.442296 -0.896869 0
    outer loop
      vertex 9.98999 7.71472 0
      vertex 9.98999 7.71472 3
      vertex 9.75769 7.82928 3
    endloop
  endfacet
  facet normal -0.55563 -0.831429 0
    outer loop
      vertex 10.2374 7.54938 0
      vertex 9.98999 7.71472 3
      vertex 9.98999 7.71472 0
    endloop
  endfacet
  facet normal -0.55563 -0.831429 0
    outer loop
      vertex 10.2374 7.54938 0
      vertex 10.2374 7.54938 3
      vertex 9.98999 7.71472 3
    endloop
  endfacet
  facet normal -0.608648 -0.793441 0
    outer loop
      vertex 10.3839 7.437 0
      vertex 10.2374 7.54938 3
      vertex 10.2374 7.54938 0
    endloop
  endfacet
  facet normal -0.608648 -0.793441 0
    outer loop
      vertex 10.3839 7.437 0
      vertex 10.3839 7.437 3
      vertex 10.2374 7.54938 3
    endloop
  endfacet
  facet normal -0.499921 -0.866071 0
    outer loop
      vertex 10.6105 7.3062 0
      vertex 10.3839 7.437 3
      vertex 10.3839 7.437 0
    endloop
  endfacet
  facet normal -0.499921 -0.866071 0
    outer loop
      vertex 10.6105 7.3062 0
      vertex 10.6105 7.3062 3
      vertex 10.3839 7.437 3
    endloop
  endfacet
  facet normal -0.382633 -0.9239 0
    outer loop
      vertex 10.8522 7.2061 0
      vertex 10.6105 7.3062 3
      vertex 10.6105 7.3062 0
    endloop
  endfacet
  facet normal -0.382633 -0.9239 0
    outer loop
      vertex 10.8522 7.2061 0
      vertex 10.8522 7.2061 3
      vertex 10.6105 7.3062 3
    endloop
  endfacet
  facet normal -0.258781 -0.965936 0
    outer loop
      vertex 11.1049 7.1384 0
      vertex 10.8522 7.2061 3
      vertex 10.8522 7.2061 0
    endloop
  endfacet
  facet normal -0.258781 -0.965936 0
    outer loop
      vertex 11.1049 7.1384 0
      vertex 11.1049 7.1384 3
      vertex 10.8522 7.2061 3
    endloop
  endfacet
  facet normal -0.0979881 -0.995188 0
    outer loop
      vertex 11.495 7.09999 0
      vertex 11.1049 7.1384 3
      vertex 11.1049 7.1384 0
    endloop
  endfacet
  facet normal -0.0979881 -0.995188 0
    outer loop
      vertex 11.495 7.09999 0
      vertex 11.495 7.09999 3
      vertex 11.1049 7.1384 3
    endloop
  endfacet
  facet normal 0 -1 0
    outer loop
      vertex 15 7.09999 0
      vertex 11.495 7.09999 3
      vertex 11.495 7.09999 0
    endloop
  endfacet
  facet normal 0 -1 0
    outer loop
      vertex 15 7.09999 0
      vertex 15 7.09999 3
      vertex 11.495 7.09999 3
    endloop
  endfacet
  facet normal 0.0654151 -0.997858 0
    outer loop
      vertex 15.261 7.1171 0
      vertex 15 7.09999 3
      vertex 15 7.09999 0
    endloop
  endfacet
  facet normal 0.0654151 -0.997858 0
    outer loop
      vertex 15.261 7.1171 0
      vertex 15.261 7.1171 3
      vertex 15 7.09999 3
    endloop
  endfacet
  facet normal 0.195087 -0.980786 0
    outer loop
      vertex 15.5176 7.16814 0
      vertex 15.261 7.1171 3
      vertex 15.261 7.1171 0
    endloop
  endfacet
  facet normal 0.195087 -0.980786 0
    outer loop
      vertex 15.5176 7.16814 0
      vertex 15.5176 7.16814 3
      vertex 15.261 7.1171 3
    endloop
  endfacet
  facet normal 0.321348 -0.946961 0
    outer loop
      vertex 15.7654 7.25223 0
      vertex 15.5176 7.16814 3
      vertex 15.5176 7.16814 0
    endloop
  endfacet
  facet normal 0.321348 -0.946961 0
    outer loop
      vertex 15.7654 7.25223 0
      vertex 15.7654 7.25223 3
      vertex 15.5176 7.16814 3
    endloop
  endfacet
  facet normal 0.442344 -0.896845 0
    outer loop
      vertex 16 7.36794 0
      vertex 15.7654 7.25223 3
      vertex 15.7654 7.25223 0
    endloop
  endfacet
  facet normal 0.442344 -0.896845 0
    outer loop
      vertex 16 7.36794 0
      vertex 16 7.36794 3
      vertex 15.7654 7.25223 3
    endloop
  endfacet
  facet normal 0.555626 -0.831432 0
    outer loop
      vertex 16.2175 7.51329 0
      vertex 16 7.36794 3
      vertex 16 7.36794 0
    endloop
  endfacet
  facet normal 0.555626 -0.831432 0
    outer loop
      vertex 16.2175 7.51329 0
      vertex 16.2175 7.51329 3
      vertex 16 7.36794 3
    endloop
  endfacet
  facet normal 0.659321 -0.751861 0
    outer loop
      vertex 16.4142 7.68578 0
      vertex 16.2175 7.51329 3
      vertex 16.2175 7.51329 0
    endloop
  endfacet
  facet normal 0.659321 -0.751861 0
    outer loop
      vertex 16.4142 7.68578 0
      vertex 16.4142 7.68578 3
      vertex 16.2175 7.51329 3
    endloop
  endfacet
  facet normal 0.751809 -0.659381 0
    outer loop
      vertex 16.5867 7.88246 0
      vertex 16.4142 7.68578 3
      vertex 16.4142 7.68578 0
    endloop
  endfacet
  facet normal 0.751809 -0.659381 0
    outer loop
      vertex 16.5867 7.88246 0
      vertex 16.5867 7.88246 3
      vertex 16.4142 7.68578 3
    endloop
  endfacet
  facet normal 0.831379 -0.555705 0
    outer loop
      vertex 16.7321 8.09999 0
      vertex 16.5867 7.88246 3
      vertex 16.5867 7.88246 0
    endloop
  endfacet
  facet normal 0.831379 -0.555705 0
    outer loop
      vertex 16.7321 8.09999 0
      vertex 16.7321 8.09999 3
      vertex 16.5867 7.88246 3
    endloop
  endfacet
  facet normal 0.89689 -0.442253 0
    outer loop
      vertex 16.8478 8.33463 0
      vertex 16.7321 8.09999 3
      vertex 16.7321 8.09999 0
    endloop
  endfacet
  facet normal 0.89689 -0.442253 0
    outer loop
      vertex 16.8478 8.33463 0
      vertex 16.8478 8.33463 3
      vertex 16.7321 8.09999 3
    endloop
  endfacet
  facet normal 0.946918 -0.321475 0
    outer loop
      vertex 16.9319 8.58235 0
      vertex 16.8478 8.33463 3
      vertex 16.8478 8.33463 0
    endloop
  endfacet
  facet normal 0.946918 -0.321475 0
    outer loop
      vertex 16.9319 8.58235 0
      vertex 16.9319 8.58235 3
      vertex 16.8478 8.33463 3
    endloop
  endfacet
  facet normal 0.980814 -0.194947 0
    outer loop
      vertex 16.9829 8.83894 0
      vertex 16.9319 8.58235 3
      vertex 16.9319 8.58235 0
    endloop
  endfacet
  facet normal 0.980814 -0.194947 0
    outer loop
      vertex 16.9829 8.83894 0
      vertex 16.9829 8.83894 3
      vertex 16.9319 8.58235 3
    endloop
  endfacet
  facet normal 0.997861 -0.0653646 0
    outer loop
      vertex 17 9.09999 0
      vertex 16.9829 8.83894 3
      vertex 16.9829 8.83894 0
    endloop
  endfacet
  facet normal 0.997861 -0.0653646 0
    outer loop
      vertex 17 9.09999 0
      vertex 17 9.09999 3
      vertex 16.9829 8.83894 3
    endloop
  endfacet
  facet normal 1 0 0
    outer loop
      vertex 17 10 0
      vertex 17 9.09999 3
      vertex 17 9.09999 0
    endloop
  endfacet
  facet normal 1 0 -0
    outer loop
      vertex 17 10 0
      vertex 17 10 3
      vertex 17 9.09999 3
    endloop
  endfacet
  facet normal 0.997861 0.0653771 0
    outer loop
      vertex 16.9829 10.261 0
      vertex 17 10 3
      vertex 17 10 0
    endloop
  endfacet
  facet normal 0.997861 0.0653771 -0
    outer loop
      vertex 16.9829 10.261 0
      vertex 16.9829 10.261 3
      vertex 17 10 3
    endloop
  endfacet
  facet normal 0.980815 0.19494 0
    outer loop
      vertex 16.9319 10.5176 0
      vertex 16.9829 10.261 3
      vertex 16.9829 10.261 0
    endloop
  endfacet
  facet normal 0.980815 0.19494 -0
    outer loop
      vertex 16.9319 10.5176 0
      vertex 16.9319 10.5176 3
      vertex 16.9829 10.261 3
    endloop
  endfacet
  facet normal 0.94695 0.321382 0
    outer loop
      vertex 16.8478 10.7654 0
      vertex 16.9319 10.5176 3
      vertex 16.9319 10.5176 0
    endloop
  endfacet
  facet normal 0.94695 0.321382 -0
    outer loop
      vertex 16.8478 10.7654 0
      vertex 16.8478 10.7654 3
      vertex 16.9319 10.5176 3
    endloop
  endfacet
  facet normal 0.89686 0.442314 0
    outer loop
      vertex 16.7321 11 0
      vertex 16.8478 10.7654 3
      vertex 16.8478 10.7654 0
    endloop
  endfacet
  facet normal 0.89686 0.442314 -0
    outer loop
      vertex 16.7321 11 0
      vertex 16.7321 11 3
      vertex 16.8478 10.7654 3
    endloop
  endfacet
  facet normal 0.831344 0.555758 0
    outer loop
      vertex 16.5867 11.2175 0
      vertex 16.7321 11 3
      vertex 16.7321 11 0
    endloop
  endfacet
  facet normal 0.831344 0.555758 -0
    outer loop
      vertex 16.5867 11.2175 0
      vertex 16.5867 11.2175 3
      vertex 16.7321 11 3
    endloop
  endfacet
  facet normal 0.751842 0.659343 0
    outer loop
      vertex 16.4142 11.4142 0
      vertex 16.5867 11.2175 3
      vertex 16.5867 11.2175 0
    endloop
  endfacet
  facet normal 0.751842 0.659343 -0
    outer loop
      vertex 16.4142 11.4142 0
      vertex 16.4142 11.4142 3
      vertex 16.5867 11.2175 3
    endloop
  endfacet
  facet normal 0.659343 0.751842 0
    outer loop
      vertex 16.2175 11.5867 0
      vertex 16.4142 11.4142 3
      vertex 16.4142 11.4142 0
    endloop
  endfacet
  facet normal 0.659343 0.751842 -0
    outer loop
      vertex 16.2175 11.5867 0
      vertex 16.2175 11.5867 3
      vertex 16.4142 11.4142 3
    endloop
  endfacet
  facet normal 0.555758 0.831344 0
    outer loop
      vertex 16 11.7321 0
      vertex 16.2175 11.5867 3
      vertex 16.2175 11.5867 0
    endloop
  endfacet
  facet normal 0.555758 0.831344 -0
    outer loop
      vertex 16 11.7321 0
      vertex 16 11.7321 3
      vertex 16.2175 11.5867 3
    endloop
  endfacet
  facet normal 0.442314 0.89686 0
    outer loop
      vertex 15.7654 11.8478 0
      vertex 16 11.7321 3
      vertex 16 11.7321 0
    endloop
  endfacet
  facet normal 0.442314 0.89686 -0
    outer loop
      vertex 15.7654 11.8478 0
      vertex 15.7654 11.8478 3
      vertex 16 11.7321 3
    endloop
  endfacet
  facet normal 0.321382 0.94695 0
    outer loop
      vertex 15.5176 11.9319 0
      vertex 15.7654 11.8478 3
      vertex 15.7654 11.8478 0
    endloop
  endfacet
  facet normal 0.321382 0.94695 -0
    outer loop
      vertex 15.5176 11.9319 0
      vertex 15.5176 11.9319 3
      vertex 15.7654 11.8478 3
    endloop
  endfacet
  facet normal 0.19494 0.980815 0
    outer loop
      vertex 15.261 11.9829 0
      vertex 15.5176 11.9319 3
      vertex 15.5176 11.9319 0
    endloop
  endfacet
  facet normal 0.19494 0.980815 -0
    outer loop
      vertex 15.261 11.9829 0
      vertex 15.261 11.9829 3
      vertex 15.5176 11.9319 3
    endloop
  endfacet
  facet normal 0.0653771 0.997861 0
    outer loop
      vertex 15 12 0
      vertex 15.261 11.9829 3
      vertex 15.261 11.9829 0
    endloop
  endfacet
  facet normal 0.0653771 0.997861 -0
    outer loop
      vertex 15 12 0
      vertex 15 12 3
      vertex 15.261 11.9829 3
    endloop
  endfacet
  facet normal 0 1 0
    outer loop
      vertex 8 12 0
      vertex 15 12 3
      vertex 15 12 0
    endloop
  endfacet
  facet normal 0 1 0
    outer loop
      vertex 8 12 0
      vertex 8 12 3
      vertex 15 12 3
    endloop
  endfacet
  facet normal 1 0 0
    outer loop
      vertex 8 58 0
      vertex 8 12 3
      vertex 8 12 0
    endloop
  endfacet
  facet normal 1 0 -0
    outer loop
      vertex 8 58 0
      vertex 8 58 3
      vertex 8 12 3
    endloop
  endfacet
  facet normal 0 -1 0
    outer loop
      vertex 15 58 0
      vertex 8 58 3
      vertex 8 58 0
    endloop
  endfacet
  facet normal 0 -1 0
    outer loop
      vertex 15 58 0
      vertex 15 58 3
      vertex 8 58 3
    endloop
  endfacet
  facet normal 0.0653771 -0.997861 0
    outer loop
      vertex 15.261 58.0171 0
      vertex 15 58 3
      vertex 15 58 0
    endloop
  endfacet
  facet normal 0.0653771 -0.997861 0
    outer loop
      vertex 15.261 58.0171 0
      vertex 15.261 58.0171 3
      vertex 15 58 3
    endloop
  endfacet
  facet normal 0.19494 -0.980815 0
    outer loop
      vertex 15.5176 58.0681 0
      vertex 15.261 58.0171 3
      vertex 15.261 58.0171 0
    endloop
  endfacet
  facet normal 0.19494 -0.980815 0
    outer loop
      vertex 15.5176 58.0681 0
      vertex 15.5176 58.0681 3
      vertex 15.261 58.0171 3
    endloop
  endfacet
  facet normal 0.321382 -0.94695 0
    outer loop
      vertex 15.7654 58.1522 0
      vertex 15.5176 58.0681 3
      vertex 15.5176 58.0681 0
    endloop
  endfacet
  facet normal 0.321382 -0.94695 0
    outer loop
      vertex 15.7654 58.1522 0
      vertex 15.7654 58.1522 3
      vertex 15.5176 58.0681 3
    endloop
  endfacet
  facet normal 0.442314 -0.89686 0
    outer loop
      vertex 16 58.2679 0
      vertex 15.7654 58.1522 3
      vertex 15.7654 58.1522 0
    endloop
  endfacet
  facet normal 0.442314 -0.89686 0
    outer loop
      vertex 16 58.2679 0
      vertex 16 58.2679 3
      vertex 15.7654 58.1522 3
    endloop
  endfacet
  facet normal 0.555758 -0.831344 0
    outer loop
      vertex 16.2175 58.4133 0
      vertex 16 58.2679 3
      vertex 16 58.2679 0
    endloop
  endfacet
  facet normal 0.555758 -0.831344 0
    outer loop
      vertex 16.2175 58.4133 0
      vertex 16.2175 58.4133 3
      vertex 16 58.2679 3
    endloop
  endfacet
  facet normal 0.659343 -0.751842 0
    outer loop
      vertex 16.4142 58.5858 0
      vertex 16.2175 58.4133 3
      vertex 16.2175 58.4133 0
    endloop
  endfacet
  facet normal 0.659343 -0.751842 0
    outer loop
      vertex 16.4142 58.5858 0
      vertex 16.4142 58.5858 3
      vertex 16.2175 58.4133 3
    endloop
  endfacet
  facet normal 0.751842 -0.659343 0
    outer loop
      vertex 16.5867 58.7825 0
      vertex 16.4142 58.5858 3
      vertex 16.4142 58.5858 0
    endloop
  endfacet
  facet normal 0.751842 -0.659343 0
    outer loop
      vertex 16.5867 58.7825 0
      vertex 16.5867 58.7825 3
      vertex 16.4142 58.5858 3
    endloop
  endfacet
  facet normal 0.831344 -0.555758 0
    outer loop
      vertex 16.7321 59 0
      vertex 16.5867 58.7825 3
      vertex 16.5867 58.7825 0
    endloop
  endfacet
  facet normal 0.831344 -0.555758 0
    outer loop
      vertex 16.7321 59 0
      vertex 16.7321 59 3
      vertex 16.5867 58.7825 3
    endloop
  endfacet
  facet normal 0.89686 -0.442314 0
    outer loop
      vertex 16.8478 59.2346 0
      vertex 16.7321 59 3
      vertex 16.7321 59 0
    endloop
  endfacet
  facet normal 0.89686 -0.442314 0
    outer loop
      vertex 16.8478 59.2346 0
      vertex 16.8478 59.2346 3
      vertex 16.7321 59 3
    endloop
  endfacet
  facet normal 0.94695 -0.321382 0
    outer loop
      vertex 16.9319 59.4824 0
      vertex 16.8478 59.2346 3
      vertex 16.8478 59.2346 0
    endloop
  endfacet
  facet normal 0.94695 -0.321382 0
    outer loop
      vertex 16.9319 59.4824 0
      vertex 16.9319 59.4824 3
      vertex 16.8478 59.2346 3
    endloop
  endfacet
  facet normal 0.980815 -0.19494 0
    outer loop
      vertex 16.9829 59.739 0
      vertex 16.9319 59.4824 3
      vertex 16.9319 59.4824 0
    endloop
  endfacet
  facet normal 0.980815 -0.19494 0
    outer loop
      vertex 16.9829 59.739 0
      vertex 16.9829 59.739 3
      vertex 16.9319 59.4824 3
    endloop
  endfacet
  facet normal 0.997861 -0.0653771 0
    outer loop
      vertex 17 60 0
      vertex 16.9829 59.739 3
      vertex 16.9829 59.739 0
    endloop
  endfacet
  facet normal 0.997861 -0.0653771 0
    outer loop
      vertex 17 60 0
      vertex 17 60 3
      vertex 16.9829 59.739 3
    endloop
  endfacet
  facet normal 1 0 0
    outer loop
      vertex 17 68 0
      vertex 17 60 3
      vertex 17 60 0
    endloop
  endfacet
  facet normal 1 0 -0
    outer loop
      vertex 17 68 0
      vertex 17 68 3
      vertex 17 60 3
    endloop
  endfacet
  facet normal 0.997861 0.0653771 0
    outer loop
      vertex 16.9829 68.261 0
      vertex 17 68 3
      vertex 17 68 0
    endloop
  endfacet
  facet normal 0.997861 0.0653771 -0
    outer loop
      vertex 16.9829 68.261 0
      vertex 16.9829 68.261 3
      vertex 17 68 3
    endloop
  endfacet
  facet normal 0.980815 0.19494 0
    outer loop
      vertex 16.9319 68.5176 0
      vertex 16.9829 68.261 3
      vertex 16.9829 68.261 0
    endloop
  endfacet
  facet normal 0.980815 0.19494 -0
    outer loop
      vertex 16.9319 68.5176 0
      vertex 16.9319 68.5176 3
      vertex 16.9829 68.261 3
    endloop
  endfacet
  facet normal 0.94695 0.321382 0
    outer loop
      vertex 16.8478 68.7654 0
      vertex 16.9319 68.5176 3
      vertex 16.9319 68.5176 0
    endloop
  endfacet
  facet normal 0.94695 0.321382 -0
    outer loop
      vertex 16.8478 68.7654 0
      vertex 16.8478 68.7654 3
      vertex 16.9319 68.5176 3
    endloop
  endfacet
  facet normal 0.89686 0.442314 0
    outer loop
      vertex 16.7321 69 0
      vertex 16.8478 68.7654 3
      vertex 16.8478 68.7654 0
    endloop
  endfacet
  facet normal 0.89686 0.442314 -0
    outer loop
      vertex 16.7321 69 0
      vertex 16.7321 69 3
      vertex 16.8478 68.7654 3
    endloop
  endfacet
  facet normal 0.831344 0.555758 0
    outer loop
      vertex 16.5867 69.2175 0
      vertex 16.7321 69 3
      vertex 16.7321 69 0
    endloop
  endfacet
  facet normal 0.831344 0.555758 -0
    outer loop
      vertex 16.5867 69.2175 0
      vertex 16.5867 69.2175 3
      vertex 16.7321 69 3
    endloop
  endfacet
  facet normal 0.751842 0.659343 0
    outer loop
      vertex 16.4142 69.4142 0
      vertex 16.5867 69.2175 3
      vertex 16.5867 69.2175 0
    endloop
  endfacet
  facet normal 0.751842 0.659343 -0
    outer loop
      vertex 16.4142 69.4142 0
      vertex 16.4142 69.4142 3
      vertex 16.5867 69.2175 3
    endloop
  endfacet
  facet normal 0.659343 0.751842 0
    outer loop
      vertex 16.2175 69.5867 0
      vertex 16.4142 69.4142 3
      vertex 16.4142 69.4142 0
    endloop
  endfacet
  facet normal 0.659343 0.751842 -0
    outer loop
      vertex 16.2175 69.5867 0
      vertex 16.2175 69.5867 3
      vertex 16.4142 69.4142 3
    endloop
  endfacet
  facet normal 0.555758 0.831344 0
    outer loop
      vertex 16 69.7321 0
      vertex 16.2175 69.5867 3
      vertex 16.2175 69.5867 0
    endloop
  endfacet
  facet normal 0.555758 0.831344 -0
    outer loop
      vertex 16 69.7321 0
      vertex 16 69.7321 3
      vertex 16.2175 69.5867 3
    endloop
  endfacet
  facet normal 0.442314 0.89686 0
    outer loop
      vertex 15.7654 69.8478 0
      vertex 16 69.7321 3
      vertex 16 69.7321 0
    endloop
  endfacet
  facet normal 0.442314 0.89686 -0
    outer loop
      vertex 15.7654 69.8478 0
      vertex 15.7654 69.8478 3
      vertex 16 69.7321 3
    endloop
  endfacet
  facet normal 0.321382 0.94695 0
    outer loop
      vertex 15.5176 69.9319 0
      vertex 15.7654 69.8478 3
      vertex 15.7654 69.8478 0
    endloop
  endfacet
  facet normal 0.321382 0.94695 -0
    outer loop
      vertex 15.5176 69.9319 0
      vertex 15.5176 69.9319 3
      vertex 15.7654 69.8478 3
    endloop
  endfacet
  facet normal 0.19494 0.980815 0
    outer loop
      vertex 15.261 69.9829 0
      vertex 15.5176 69.9319 3
      vertex 15.5176 69.9319 0
    endloop
  endfacet
  facet normal 0.19494 0.980815 -0
    outer loop
      vertex 15.261 69.9829 0
      vertex 15.261 69.9829 3
      vertex 15.5176 69.9319 3
    endloop
  endfacet
  facet normal 0.0653771 0.997861 0
    outer loop
      vertex 15 70 0
      vertex 15.261 69.9829 3
      vertex 15.261 69.9829 0
    endloop
  endfacet
  facet normal 0.0653771 0.997861 -0
    outer loop
      vertex 15 70 0
      vertex 15 70 3
      vertex 15.261 69.9829 3
    endloop
  endfacet
  facet normal 0 1 0
    outer loop
      vertex -15 70 0
      vertex 15 70 3
      vertex 15 70 0
    endloop
  endfacet
  facet normal 0 1 0
    outer loop
      vertex -15 70 0
      vertex -15 70 3
      vertex 15 70 3
    endloop
  endfacet
  facet normal -0.0653771 0.997861 0
    outer loop
      vertex -15.261 69.9829 0
      vertex -15 70 3
      vertex -15 70 0
    endloop
  endfacet
  facet normal -0.0653771 0.997861 0
    outer loop
      vertex -15.261 69.9829 0
      vertex -15.261 69.9829 3
      vertex -15 70 3
    endloop
  endfacet
  facet normal -0.19494 0.980815 0
    outer loop
      vertex -15.5176 69.9319 0
      vertex -15.261 69.9829 3
      vertex -15.261 69.9829 0
    endloop
  endfacet
  facet normal -0.19494 0.980815 0
    outer loop
      vertex -15.5176 69.9319 0
      vertex -15.5176 69.9319 3
      vertex -15.261 69.9829 3
    endloop
  endfacet
  facet normal -0.321382 0.94695 0
    outer loop
      vertex -15.7654 69.8478 0
      vertex -15.5176 69.9319 3
      vertex -15.5176 69.9319 0
    endloop
  endfacet
  facet normal -0.321382 0.94695 0
    outer loop
      vertex -15.7654 69.8478 0
      vertex -15.7654 69.8478 3
      vertex -15.5176 69.9319 3
    endloop
  endfacet
  facet normal -0.442314 0.89686 0
    outer loop
      vertex -16 69.7321 0
      vertex -15.7654 69.8478 3
      vertex -15.7654 69.8478 0
    endloop
  endfacet
  facet normal -0.442314 0.89686 0
    outer loop
      vertex -16 69.7321 0
      vertex -16 69.7321 3
      vertex -15.7654 69.8478 3
    endloop
  endfacet
  facet normal -0.555758 0.831344 0
    outer loop
      vertex -16.2175 69.5867 0
      vertex -16 69.7321 3
      vertex -16 69.7321 0
    endloop
  endfacet
  facet normal -0.555758 0.831344 0
    outer loop
      vertex -16.2175 69.5867 0
      vertex -16.2175 69.5867 3
      vertex -16 69.7321 3
    endloop
  endfacet
  facet normal -0.659343 0.751842 0
    outer loop
      vertex -16.4142 69.4142 0
      vertex -16.2175 69.5867 3
      vertex -16.2175 69.5867 0
    endloop
  endfacet
  facet normal -0.659343 0.751842 0
    outer loop
      vertex -16.4142 69.4142 0
      vertex -16.4142 69.4142 3
      vertex -16.2175 69.5867 3
    endloop
  endfacet
  facet normal -0.751842 0.659343 0
    outer loop
      vertex -16.5867 69.2175 0
      vertex -16.4142 69.4142 3
      vertex -16.4142 69.4142 0
    endloop
  endfacet
  facet normal -0.751842 0.659343 0
    outer loop
      vertex -16.5867 69.2175 0
      vertex -16.5867 69.2175 3
      vertex -16.4142 69.4142 3
    endloop
  endfacet
  facet normal -0.831344 0.555758 0
    outer loop
      vertex -16.7321 69 0
      vertex -16.5867 69.2175 3
      vertex -16.5867 69.2175 0
    endloop
  endfacet
  facet normal -0.831344 0.555758 0
    outer loop
      vertex -16.7321 69 0
      vertex -16.7321 69 3
      vertex -16.5867 69.2175 3
    endloop
  endfacet
  facet normal -0.89686 0.442314 0
    outer loop
      vertex -16.8478 68.7654 0
      vertex -16.7321 69 3
      vertex -16.7321 69 0
    endloop
  endfacet
  facet normal -0.89686 0.442314 0
    outer loop
      vertex -16.8478 68.7654 0
      vertex -16.8478 68.7654 3
      vertex -16.7321 69 3
    endloop
  endfacet
  facet normal -0.94695 0.321382 0
    outer loop
      vertex -16.9319 68.5176 0
      vertex -16.8478 68.7654 3
      vertex -16.8478 68.7654 0
    endloop
  endfacet
  facet normal -0.94695 0.321382 0
    outer loop
      vertex -16.9319 68.5176 0
      vertex -16.9319 68.5176 3
      vertex -16.8478 68.7654 3
    endloop
  endfacet
  facet normal -0.980815 0.19494 0
    outer loop
      vertex -16.9829 68.261 0
      vertex -16.9319 68.5176 3
      vertex -16.9319 68.5176 0
    endloop
  endfacet
  facet normal -0.980815 0.19494 0
    outer loop
      vertex -16.9829 68.261 0
      vertex -16.9829 68.261 3
      vertex -16.9319 68.5176 3
    endloop
  endfacet
  facet normal -0.997861 0.0653771 0
    outer loop
      vertex -17 68 0
      vertex -16.9829 68.261 3
      vertex -16.9829 68.261 0
    endloop
  endfacet
  facet normal -0.997861 0.0653771 0
    outer loop
      vertex -17 68 0
      vertex -17 68 3
      vertex -16.9829 68.261 3
    endloop
  endfacet
  facet normal -1 0 0
    outer loop
      vertex -17 60 0
      vertex -17 68 3
      vertex -17 68 0
    endloop
  endfacet
  facet normal -1 0 0
    outer loop
      vertex -17 60 0
      vertex -17 60 3
      vertex -17 68 3
    endloop
  endfacet
  facet normal -0.997861 -0.0653771 0
    outer loop
      vertex -16.9829 59.739 0
      vertex -17 60 3
      vertex -17 60 0
    endloop
  endfacet
  facet normal -0.997861 -0.0653771 0
    outer loop
      vertex -16.9829 59.739 0
      vertex -16.9829 59.739 3
      vertex -17 60 3
    endloop
  endfacet
  facet normal -0.980815 -0.19494 0
    outer loop
      vertex -16.9319 59.4824 0
      vertex -16.9829 59.739 3
      vertex -16.9829 59.739 0
    endloop
  endfacet
  facet normal -0.980815 -0.19494 0
    outer loop
      vertex -16.9319 59.4824 0
      vertex -16.9319 59.4824 3
      vertex -16.9829 59.739 3
    endloop
  endfacet
  facet normal -0.94695 -0.321382 0
    outer loop
      vertex -16.8478 59.2346 0
      vertex -16.9319 59.4824 3
      vertex -16.9319 59.4824 0
    endloop
  endfacet
  facet normal -0.94695 -0.321382 0
    outer loop
      vertex -16.8478 59.2346 0
      vertex -16.8478 59.2346 3
      vertex -16.9319 59.4824 3
    endloop
  endfacet
  facet normal -0.89686 -0.442314 0
    outer loop
      vertex -16.7321 59 0
      vertex -16.8478 59.2346 3
      vertex -16.8478 59.2346 0
    endloop
  endfacet
  facet normal -0.89686 -0.442314 0
    outer loop
      vertex -16.7321 59 0
      vertex -16.7321 59 3
      vertex -16.8478 59.2346 3
    endloop
  endfacet
  facet normal -0.831344 -0.555758 0
    outer loop
      vertex -16.5867 58.7825 0
      vertex -16.7321 59 3
      vertex -16.7321 59 0
    endloop
  endfacet
  facet normal -0.831344 -0.555758 0
    outer loop
      vertex -16.5867 58.7825 0
      vertex -16.5867 58.7825 3
      vertex -16.7321 59 3
    endloop
  endfacet
  facet normal -0.751842 -0.659343 0
    outer loop
      vertex -16.4142 58.5858 0
      vertex -16.5867 58.7825 3
      vertex -16.5867 58.7825 0
    endloop
  endfacet
  facet normal -0.751842 -0.659343 0
    outer loop
      vertex -16.4142 58.5858 0
      vertex -16.4142 58.5858 3
      vertex -16.5867 58.7825 3
    endloop
  endfacet
  facet normal -0.659343 -0.751842 0
    outer loop
      vertex -16.2175 58.4133 0
      vertex -16.4142 58.5858 3
      vertex -16.4142 58.5858 0
    endloop
  endfacet
  facet normal -0.659343 -0.751842 0
    outer loop
      vertex -16.2175 58.4133 0
      vertex -16.2175 58.4133 3
      vertex -16.4142 58.5858 3
    endloop
  endfacet
  facet normal -0.555758 -0.831344 0
    outer loop
      vertex -16 58.2679 0
      vertex -16.2175 58.4133 3
      vertex -16.2175 58.4133 0
    endloop
  endfacet
  facet normal -0.555758 -0.831344 0
    outer loop
      vertex -16 58.2679 0
      vertex -16 58.2679 3
      vertex -16.2175 58.4133 3
    endloop
  endfacet
  facet normal -0.442314 -0.89686 0
    outer loop
      vertex -15.7654 58.1522 0
      vertex -16 58.2679 3
      vertex -16 58.2679 0
    endloop
  endfacet
  facet normal -0.442314 -0.89686 0
    outer loop
      vertex -15.7654 58.1522 0
      vertex -15.7654 58.1522 3
      vertex -16 58.2679 3
    endloop
  endfacet
  facet normal -0.321382 -0.94695 0
    outer loop
      vertex -15.5176 58.0681 0
      vertex -15.7654 58.1522 3
      vertex -15.7654 58.1522 0
    endloop
  endfacet
  facet normal -0.321382 -0.94695 0
    outer loop
      vertex -15.5176 58.0681 0
      vertex -15.5176 58.0681 3
      vertex -15.7654 58.1522 3
    endloop
  endfacet
  facet normal -0.19494 -0.980815 0
    outer loop
      vertex -15.261 58.0171 0
      vertex -15.5176 58.0681 3
      vertex -15.5176 58.0681 0
    endloop
  endfacet
  facet normal -0.19494 -0.980815 0
    outer loop
      vertex -15.261 58.0171 0
      vertex -15.261 58.0171 3
      vertex -15.5176 58.0681 3
    endloop
  endfacet
  facet normal -0.0653771 -0.997861 0
    outer loop
      vertex -15 58 0
      vertex -15.261 58.0171 3
      vertex -15.261 58.0171 0
    endloop
  endfacet
  facet normal -0.0653771 -0.997861 0
    outer loop
      vertex -15 58 0
      vertex -15 58 3
      vertex -15.261 58.0171 3
    endloop
  endfacet
  facet normal 0 -1 0
    outer loop
      vertex -8 58 0
      vertex -15 58 3
      vertex -15 58 0
    endloop
  endfacet
  facet normal 0 -1 0
    outer loop
      vertex -8 58 0
      vertex -8 58 3
      vertex -15 58 3
    endloop
  endfacet
  facet normal -1 0 0
    outer loop
      vertex -8 12 0
      vertex -8 58 3
      vertex -8 58 0
    endloop
  endfacet
  facet normal -1 0 0
    outer loop
      vertex -8 12 0
      vertex -8 12 3
      vertex -8 58 3
    endloop
  endfacet
  facet normal 0 1 0
    outer loop
      vertex -15 12 0
      vertex -8 12 3
      vertex -8 12 0
    endloop
  endfacet
  facet normal 0 1 0
    outer loop
      vertex -15 12 0
      vertex -15 12 3
      vertex -8 12 3
    endloop
  endfacet
  facet normal -0.0653771 0.997861 0
    outer loop
      vertex -15.261 11.9829 0
      vertex -15 12 3
      vertex -15 12 0
    endloop
  endfacet
  facet normal -0.0653771 0.997861 0
    outer loop
      vertex -15.261 11.9829 0
      vertex -15.261 11.9829 3
      vertex -15 12 3
    endloop
  endfacet
  facet normal -0.19494 0.980815 0
    outer loop
      vertex -15.5176 11.9319 0
      vertex -15.261 11.9829 3
      vertex -15.261 11.9829 0
    endloop
  endfacet
  facet normal -0.19494 0.980815 0
    outer loop
      vertex -15.5176 11.9319 0
      vertex -15.5176 11.9319 3
      vertex -15.261 11.9829 3
    endloop
  endfacet
  facet normal -0.321382 0.94695 0
    outer loop
      vertex -15.7654 11.8478 0
      vertex -15.5176 11.9319 3
      vertex -15.5176 11.9319 0
    endloop
  endfacet
  facet normal -0.321382 0.94695 0
    outer loop
      vertex -15.7654 11.8478 0
      vertex -15.7654 11.8478 3
      vertex -15.5176 11.9319 3
    endloop
  endfacet
  facet normal -0.442314 0.89686 0
    outer loop
      vertex -16 11.7321 0
      vertex -15.7654 11.8478 3
      vertex -15.7654 11.8478 0
    endloop
  endfacet
  facet normal -0.442314 0.89686 0
    outer loop
      vertex -16 11.7321 0
      vertex -16 11.7321 3
      vertex -15.7654 11.8478 3
    endloop
  endfacet
  facet normal -0.555758 0.831344 0
    outer loop
      vertex -16.2175 11.5867 0
      vertex -16 11.7321 3
      vertex -16 11.7321 0
    endloop
  endfacet
  facet normal -0.555758 0.831344 0
    outer loop
      vertex -16.2175 11.5867 0
      vertex -16.2175 11.5867 3
      vertex -16 11.7321 3
    endloop
  endfacet
  facet normal -0.659343 0.751842 0
    outer loop
      vertex -16.4142 11.4142 0
      vertex -16.2175 11.5867 3
      vertex -16.2175 11.5867 0
    endloop
  endfacet
  facet normal -0.659343 0.751842 0
    outer loop
      vertex -16.4142 11.4142 0
      vertex -16.4142 11.4142 3
      vertex -16.2175 11.5867 3
    endloop
  endfacet
  facet normal -0.751842 0.659343 0
    outer loop
      vertex -16.5867 11.2175 0
      vertex -16.4142 11.4142 3
      vertex -16.4142 11.4142 0
    endloop
  endfacet
  facet normal -0.751842 0.659343 0
    outer loop
      vertex -16.5867 11.2175 0
      vertex -16.5867 11.2175 3
      vertex -16.4142 11.4142 3
    endloop
  endfacet
  facet normal -0.831344 0.555758 0
    outer loop
      vertex -16.7321 11 0
      vertex -16.5867 11.2175 3
      vertex -16.5867 11.2175 0
    endloop
  endfacet
  facet normal -0.831344 0.555758 0
    outer loop
      vertex -16.7321 11 0
      vertex -16.7321 11 3
      vertex -16.5867 11.2175 3
    endloop
  endfacet
  facet normal -0.89686 0.442314 0
    outer loop
      vertex -16.8478 10.7654 0
      vertex -16.7321 11 3
      vertex -16.7321 11 0
    endloop
  endfacet
  facet normal -0.89686 0.442314 0
    outer loop
      vertex -16.8478 10.7654 0
      vertex -16.8478 10.7654 3
      vertex -16.7321 11 3
    endloop
  endfacet
  facet normal -0.94695 0.321382 0
    outer loop
      vertex -16.9319 10.5176 0
      vertex -16.8478 10.7654 3
      vertex -16.8478 10.7654 0
    endloop
  endfacet
  facet normal -0.94695 0.321382 0
    outer loop
      vertex -16.9319 10.5176 0
      vertex -16.9319 10.5176 3
      vertex -16.8478 10.7654 3
    endloop
  endfacet
  facet normal -0.980815 0.19494 0
    outer loop
      vertex -16.9829 10.261 0
      vertex -16.9319 10.5176 3
      vertex -16.9319 10.5176 0
    endloop
  endfacet
  facet normal -0.980815 0.19494 0
    outer loop
      vertex -16.9829 10.261 0
      vertex -16.9829 10.261 3
      vertex -16.9319 10.5176 3
    endloop
  endfacet
  facet normal -0.997861 0.0653771 0
    outer loop
      vertex -17 10 0
      vertex -16.9829 10.261 3
      vertex -16.9829 10.261 0
    endloop
  endfacet
  facet normal -0.997861 0.0653771 0
    outer loop
      vertex -17 10 0
      vertex -17 10 3
      vertex -16.9829 10.261 3
    endloop
  endfacet
  facet normal -1 0 0
    outer loop
      vertex -17 2 0
      vertex -17 10 3
      vertex -17 10 0
    endloop
  endfacet
  facet normal -1 0 0
    outer loop
      vertex -17 2 0
      vertex -17 2 3
      vertex -17 10 3
    endloop
  endfacet
  facet normal -0.997861 -0.0653646 0
    outer loop
      vertex -16.9829 1.73895 0
      vertex -17 2 3
      vertex -17 2 0
    endloop
  endfacet
  facet normal -0.997861 -0.0653646 0
    outer loop
      vertex -16.9829 1.73895 0
      vertex -16.9829 1.73895 3
      vertex -17 2 3
    endloop
  endfacet
  facet normal -0.980814 -0.194947 0
    outer loop
      vertex -16.9319 1.48236 0
      vertex -16.9829 1.73895 3
      vertex -16.9829 1.73895 0
    endloop
  endfacet
  facet normal -0.980814 -0.194947 0
    outer loop
      vertex -16.9319 1.48236 0
      vertex -16.9319 1.48236 3
      vertex -16.9829 1.73895 3
    endloop
  endfacet
  facet normal -0.946922 -0.321463 0
    outer loop
      vertex -16.8478 1.23463 0
      vertex -16.9319 1.48236 3
      vertex -16.9319 1.48236 0
    endloop
  endfacet
  facet normal -0.946922 -0.321463 0
    outer loop
      vertex -16.8478 1.23463 0
      vertex -16.8478 1.23463 3
      vertex -16.9319 1.48236 3
    endloop
  endfacet
  facet normal -0.896883 -0.442268 0
    outer loop
      vertex -16.7321 1 0
      vertex -16.8478 1.23463 3
      vertex -16.8478 1.23463 0
    endloop
  endfacet
  facet normal -0.896883 -0.442268 0
    outer loop
      vertex -16.7321 1 0
      vertex -16.7321 1 3
      vertex -16.8478 1.23463 3
    endloop
  endfacet
  facet normal -0.831378 -0.555707 0
    outer loop
      vertex -16.5867 0.782471 0
      vertex -16.7321 1 3
      vertex -16.7321 1 0
    endloop
  endfacet
  facet normal -0.831378 -0.555707 0
    outer loop
      vertex -16.5867 0.782471 0
      vertex -16.5867 0.782471 3
      vertex -16.7321 1 3
    endloop
  endfacet
  facet normal -0.751819 -0.65937 0
    outer loop
      vertex -16.4142 0.585785 0
      vertex -16.5867 0.782471 3
      vertex -16.5867 0.782471 0
    endloop
  endfacet
  facet normal -0.751819 -0.65937 0
    outer loop
      vertex -16.4142 0.585785 0
      vertex -16.4142 0.585785 3
      vertex -16.5867 0.782471 3
    endloop
  endfacet
  facet normal -0.659311 -0.751871 0
    outer loop
      vertex -16.2175 0.4133 0
      vertex -16.4142 0.585785 3
      vertex -16.4142 0.585785 0
    endloop
  endfacet
  facet normal -0.659311 -0.751871 0
    outer loop
      vertex -16.2175 0.4133 0
      vertex -16.2175 0.4133 3
      vertex -16.4142 0.585785 3
    endloop
  endfacet
  facet normal -0.555642 -0.831422 0
    outer loop
      vertex -16 0.267944 0
      vertex -16.2175 0.4133 3
      vertex -16.2175 0.4133 0
    endloop
  endfacet
  facet normal -0.555642 -0.831422 0
    outer loop
      vertex -16 0.267944 0
      vertex -16 0.267944 3
      vertex -16.2175 0.4133 3
    endloop
  endfacet
  facet normal -0.442335 -0.89685 0
    outer loop
      vertex -15.7654 0.152237 0
      vertex -16 0.267944 3
      vertex -16 0.267944 0
    endloop
  endfacet
  facet normal -0.442335 -0.89685 0
    outer loop
      vertex -15.7654 0.152237 0
      vertex -15.7654 0.152237 3
      vertex -16 0.267944 3
    endloop
  endfacet
  facet normal -0.321352 -0.94696 0
    outer loop
      vertex -15.5176 0.0681458 0
      vertex -15.7654 0.152237 3
      vertex -15.7654 0.152237 0
    endloop
  endfacet
  facet normal -0.321352 -0.94696 0
    outer loop
      vertex -15.5176 0.0681458 0
      vertex -15.5176 0.0681458 3
      vertex -15.7654 0.152237 3
    endloop
  endfacet
  facet normal -0.19509 -0.980785 0
    outer loop
      vertex -15.261 0.0171051 0
      vertex -15.5176 0.0681458 3
      vertex -15.5176 0.0681458 0
    endloop
  endfacet
  facet normal -0.19509 -0.980785 0
    outer loop
      vertex -15.261 0.0171051 0
      vertex -15.261 0.0171051 3
      vertex -15.5176 0.0681458 3
    endloop
  endfacet
  facet normal -0.0653965 -0.997859 0
    outer loop
      vertex -15 0 0
      vertex -15.261 0.0171051 3
      vertex -15.261 0.0171051 0
    endloop
  endfacet
  facet normal -0.0653965 -0.997859 0
    outer loop
      vertex -15 0 0
      vertex -15 0 3
      vertex -15.261 0.0171051 3
    endloop
  endfacet
  facet normal 0 -1 0
    outer loop
      vertex 15 0 0
      vertex -15 0 3
      vertex -15 0 0
    endloop
  endfacet
  facet normal 0 -1 0
    outer loop
      vertex 15 0 0
      vertex 15 0 3
      vertex -15 0 3
    endloop
  endfacet
  facet normal 0.0653965 -0.997859 0
    outer loop
      vertex 15.261 0.0171051 0
      vertex 15 0 3
      vertex 15 0 0
    endloop
  endfacet
  facet normal 0.0653965 -0.997859 0
    outer loop
      vertex 15.261 0.0171051 0
      vertex 15.261 0.0171051 3
      vertex 15 0 3
    endloop
  endfacet
endsolid OpenSCAD_Model
