solid OpenSCAD_Model
  facet normal -0.405304 -0.894477 0.188785
    outer loop
      vertex -11.7206 -23.7671 52
      vertex -13.9679 -33.7216 0.00999928
      vertex -10.1411 -24.4828 52
    endloop
  endfacet
  facet normal 0.159937 0.968907 0.188784
    outer loop
      vertex 4.76421 36.1877 0.00999928
      vertex 3.45894 26.2733 52
      vertex 7.1208 35.7987 0.00999928
    endloop
  endfacet
  facet normal 0.582461 -0.812858 0
    outer loop
      vertex 20.2783 -30.3486 0
      vertex 22.2198 -28.9574 0.00999928
      vertex 20.2783 -30.3486 0.00999928
    endloop
  endfacet
  facet normal 0.582461 -0.812858 0
    outer loop
      vertex 22.2198 -28.9574 0.00999928
      vertex 20.2783 -30.3486 0
      vertex 22.2198 -28.9574 0
    endloop
  endfacet
  facet normal -0.977286 -0.0962896 0.188784
    outer loop
      vertex -26.2733 -3.45894 52
      vertex -36.4219 -2.38721 0.00999928
      vertex -36.1877 -4.76421 0.00999928
    endloop
  endfacet
  facet normal 0.35227 0.935898 -0
    outer loop
      vertex 13.9679 33.7216 0
      vertex 11.7325 34.563 0.00999928
      vertex 13.9679 33.7216 0.00999928
    endloop
  endfacet
  facet normal 0.35227 0.935898 0
    outer loop
      vertex 11.7325 34.563 0.00999928
      vertex 13.9679 33.7216 0
      vertex 11.7325 34.563 0
    endloop
  endfacet
  facet normal 0.285053 0.939736 0.188786
    outer loop
      vertex 9.44689 35.2563 0.00999928
      vertex 8.51815 25.0936 52
      vertex 11.7325 34.563 0.00999928
    endloop
  endfacet
  facet normal -0.634388 -0.773014 0
    outer loop
      vertex -24.0661 -27.4422 0
      vertex -22.2198 -28.9574 0.00999928
      vertex -24.0661 -27.4422 0.00999928
    endloop
  endfacet
  facet normal -0.634388 -0.773014 -0
    outer loop
      vertex -22.2198 -28.9574 0.00999928
      vertex -24.0661 -27.4422 0
      vertex -22.2198 -28.9574 0
    endloop
  endfacet
  facet normal 0.919084 -0.345899 0.188785
    outer loop
      vertex 25.0936 -8.51815 52
      vertex 24.4828 -10.1411 52
      vertex 33.7216 -13.9679 0.00999928
    endloop
  endfacet
  facet normal 0.881912 0.471414 0
    outer loop
      vertex 32.7359 16.1435 0.00999928
      vertex 31.6099 18.25 0
      vertex 31.6099 18.25 0.00999928
    endloop
  endfacet
  facet normal 0.881912 0.471414 0
    outer loop
      vertex 31.6099 18.25 0
      vertex 32.7359 16.1435 0.00999928
      vertex 32.7359 16.1435 0
    endloop
  endfacet
  facet normal -0.683597 -0.72986 0
    outer loop
      vertex -25.8094 -25.8094 0
      vertex -24.0661 -27.4422 0.00999928
      vertex -25.8094 -25.8094 0.00999928
    endloop
  endfacet
  facet normal -0.683597 -0.72986 -0
    outer loop
      vertex -24.0661 -27.4422 0.00999928
      vertex -25.8094 -25.8094 0
      vertex -24.0661 -27.4422 0
    endloop
  endfacet
  facet normal -0.0321106 -0.981493 0.188785
    outer loop
      vertex -1.73318 -26.4433 52
      vertex -2.38721 -36.4219 0.00999928
      vertex 0 -36.5 0.00999928
    endloop
  endfacet
  facet normal 0.671305 -0.716736 0.188784
    outer loop
      vertex 25.8094 -25.8094 0.00999928
      vertex 17.4727 -19.9238 52
      vertex 24.0661 -27.4422 0.00999928
    endloop
  endfacet
  facet normal 0.866082 -0.462885 0.188784
    outer loop
      vertex 23.7671 -11.7206 52
      vertex 22.9497 -13.25 52
      vertex 31.6099 -18.25 0.00999928
    endloop
  endfacet
  facet normal 0.759115 0.622981 0.188784
    outer loop
      vertex 27.4422 24.0661 0.00999928
      vertex 19.9238 17.4727 52
      vertex 28.9574 22.2198 0.00999928
    endloop
  endfacet
  facet normal -0.0326985 0.999465 0
    outer loop
      vertex 0 36.5 0
      vertex -2.38721 36.4219 0.00999928
      vertex 0 36.5 0.00999928
    endloop
  endfacet
  facet normal -0.0326985 0.999465 0
    outer loop
      vertex -2.38721 36.4219 0.00999928
      vertex 0 36.5 0
      vertex -2.38721 36.4219 0
    endloop
  endfacet
  facet normal 0.405304 -0.894477 0.188785
    outer loop
      vertex 11.7206 -23.7671 52
      vertex 10.1411 -24.4828 52
      vertex 13.9679 -33.7216 0.00999928
    endloop
  endfacet
  facet normal 0.528074 0.849198 -0
    outer loop
      vertex 20.2783 30.3486 0
      vertex 18.25 31.6099 0.00999928
      vertex 20.2783 30.3486 0.00999928
    endloop
  endfacet
  facet normal 0.528074 0.849198 0
    outer loop
      vertex 18.25 31.6099 0.00999928
      vertex 20.2783 30.3486 0
      vertex 18.25 31.6099 0
    endloop
  endfacet
  facet normal -0.223006 0.956362 0.188786
    outer loop
      vertex -5.16989 25.9908 52
      vertex -9.44689 35.2563 0.00999928
      vertex -6.8587 25.597 52
    endloop
  endfacet
  facet normal -0.285071 0.939731 0.188786
    outer loop
      vertex -6.8587 25.597 52
      vertex -9.44689 35.2563 0.00999928
      vertex -8.51815 25.0936 52
    endloop
  endfacet
  facet normal 0.910872 -0.412689 0
    outer loop
      vertex 32.7359 -16.1435 0.00999928
      vertex 33.7216 -13.9679 0
      vertex 33.7216 -13.9679 0.00999928
    endloop
  endfacet
  facet normal 0.910872 -0.412689 0
    outer loop
      vertex 33.7216 -13.9679 0
      vertex 32.7359 -16.1435 0.00999928
      vertex 32.7359 -16.1435 0
    endloop
  endfacet
  facet normal -0.759115 -0.622981 0.188784
    outer loop
      vertex -19.9238 -17.4727 52
      vertex -28.9574 -22.2198 0.00999928
      vertex -27.4422 -24.0661 0.00999928
    endloop
  endfacet
  facet normal 0.849198 0.528074 0
    outer loop
      vertex 31.6099 18.25 0.00999928
      vertex 30.3486 20.2783 0
      vertex 30.3486 20.2783 0.00999928
    endloop
  endfacet
  facet normal 0.849198 0.528074 0
    outer loop
      vertex 30.3486 20.2783 0
      vertex 31.6099 18.25 0.00999928
      vertex 31.6099 18.25 0
    endloop
  endfacet
  facet normal -0.622979 0.759116 0.188784
    outer loop
      vertex -16.1322 21.0239 52
      vertex -22.2198 28.9574 0.00999928
      vertex -17.4727 19.9238 52
    endloop
  endfacet
  facet normal -0.290272 -0.956944 0
    outer loop
      vertex -11.7325 -34.563 0
      vertex -9.44689 -35.2563 0.00999928
      vertex -11.7325 -34.563 0.00999928
    endloop
  endfacet
  facet normal -0.290272 -0.956944 -0
    outer loop
      vertex -9.44689 -35.2563 0.00999928
      vertex -11.7325 -34.563 0
      vertex -9.44689 -35.2563 0
    endloop
  endfacet
  facet normal -0.518579 -0.833928 0.188785
    outer loop
      vertex -14.7226 -22.0339 52
      vertex -20.2783 -30.3486 0.00999928
      vertex -18.25 -31.6099 0.00999928
    endloop
  endfacet
  facet normal -0.159937 -0.968907 0.188784
    outer loop
      vertex -3.45894 -26.2733 52
      vertex -7.1208 -35.7987 0.00999928
      vertex -4.76421 -36.1877 0.00999928
    endloop
  endfacet
  facet normal 0.956944 0.290272 0
    outer loop
      vertex 35.2563 9.44689 0.00999928
      vertex 34.563 11.7325 0
      vertex 34.563 11.7325 0.00999928
    endloop
  endfacet
  facet normal 0.956944 0.290272 0
    outer loop
      vertex 34.563 11.7325 0
      vertex 35.2563 9.44689 0.00999928
      vertex 35.2563 9.44689 0
    endloop
  endfacet
  facet normal 0.935898 -0.35227 0
    outer loop
      vertex 33.7216 -13.9679 0.00999928
      vertex 34.563 -11.7325 0
      vertex 34.563 -11.7325 0.00999928
    endloop
  endfacet
  facet normal 0.935898 -0.35227 0
    outer loop
      vertex 34.563 -11.7325 0
      vertex 33.7216 -13.9679 0.00999928
      vertex 33.7216 -13.9679 0
    endloop
  endfacet
  facet normal -0.159978 0.9689 0.188786
    outer loop
      vertex -3.45894 26.2733 52
      vertex -7.1208 35.7987 0.00999928
      vertex -5.16989 25.9908 52
    endloop
  endfacet
  facet normal -0.671305 -0.716736 0.188784
    outer loop
      vertex -17.4727 -19.9238 52
      vertex -25.8094 -25.8094 0.00999928
      vertex -24.0661 -27.4422 0.00999928
    endloop
  endfacet
  facet normal 0.798242 -0.571988 0.188784
    outer loop
      vertex 30.3486 -20.2783 0.00999928
      vertex 21.0239 -16.1322 52
      vertex 28.9574 -22.2198 0.00999928
    endloop
  endfacet
  facet normal 0.683597 0.72986 -0
    outer loop
      vertex 25.8094 25.8094 0
      vertex 24.0661 27.4422 0.00999928
      vertex 25.8094 25.8094 0.00999928
    endloop
  endfacet
  facet normal 0.683597 0.72986 0
    outer loop
      vertex 24.0661 27.4422 0.00999928
      vertex 25.8094 25.8094 0
      vertex 24.0661 27.4422 0
    endloop
  endfacet
  facet normal 0.759116 -0.622979 0.188784
    outer loop
      vertex 21.0239 -16.1322 52
      vertex 19.9238 -17.4727 52
      vertex 28.9574 -22.2198 0.00999928
    endloop
  endfacet
  facet normal -0.894493 0.405268 0.188786
    outer loop
      vertex -32.7359 16.1435 0.00999928
      vertex -33.7216 13.9679 0.00999928
      vertex -23.7671 11.7206 52
    endloop
  endfacet
  facet normal -0.518605 0.833912 0.188784
    outer loop
      vertex -13.25 22.9497 52
      vertex -18.25 31.6099 0.00999928
      vertex -14.7226 22.0339 52
    endloop
  endfacet
  facet normal 0.981493 0.032109 0.188785
    outer loop
      vertex 36.5 0 0.00999928
      vertex 26.4433 1.73318 52
      vertex 26.5 0 52
    endloop
  endfacet
  facet normal -0.995181 0.0980528 0
    outer loop
      vertex -36.4219 2.38721 0
      vertex -36.1877 4.76421 0.00999928
      vertex -36.1877 4.76421 0
    endloop
  endfacet
  facet normal -0.995181 0.0980528 0
    outer loop
      vertex -36.1877 4.76421 0.00999928
      vertex -36.4219 2.38721 0
      vertex -36.4219 2.38721 0.00999928
    endloop
  endfacet
  facet normal 0.939731 0.285071 0.188786
    outer loop
      vertex 35.2563 9.44689 0.00999928
      vertex 25.0936 8.51815 52
      vertex 25.597 6.8587 52
    endloop
  endfacet
  facet normal 0.798242 0.571988 0.188784
    outer loop
      vertex 28.9574 22.2198 0.00999928
      vertex 21.0239 16.1322 52
      vertex 30.3486 20.2783 0.00999928
    endloop
  endfacet
  facet normal -0.759116 -0.622979 0.188784
    outer loop
      vertex -21.0239 -16.1322 52
      vertex -28.9574 -22.2198 0.00999928
      vertex -19.9238 -17.4727 52
    endloop
  endfacet
  facet normal 0.977286 0.0962896 0.188784
    outer loop
      vertex 36.1877 4.76421 0.00999928
      vertex 26.2733 3.45894 52
      vertex 36.4219 2.38721 0.00999928
    endloop
  endfacet
  facet normal 0.995181 -0.0980528 0
    outer loop
      vertex 36.1877 -4.76421 0.00999928
      vertex 36.4219 -2.38721 0
      vertex 36.4219 -2.38721 0.00999928
    endloop
  endfacet
  facet normal 0.995181 -0.0980528 0
    outer loop
      vertex 36.4219 -2.38721 0
      vertex 36.1877 -4.76421 0.00999928
      vertex 36.1877 -4.76421 0
    endloop
  endfacet
  facet normal -0.683597 0.72986 0
    outer loop
      vertex -24.0661 27.4422 0
      vertex -25.8094 25.8094 0.00999928
      vertex -24.0661 27.4422 0.00999928
    endloop
  endfacet
  facet normal -0.683597 0.72986 0
    outer loop
      vertex -25.8094 25.8094 0.00999928
      vertex -24.0661 27.4422 0
      vertex -25.8094 25.8094 0
    endloop
  endfacet
  facet normal 0.35227 -0.935898 0
    outer loop
      vertex 11.7325 -34.563 0
      vertex 13.9679 -33.7216 0.00999928
      vertex 11.7325 -34.563 0.00999928
    endloop
  endfacet
  facet normal 0.35227 -0.935898 0
    outer loop
      vertex 13.9679 -33.7216 0.00999928
      vertex 11.7325 -34.563 0
      vertex 13.9679 -33.7216 0
    endloop
  endfacet
  facet normal -0.9689 -0.159978 0.188786
    outer loop
      vertex -26.2733 -3.45894 52
      vertex -35.7987 -7.1208 0.00999928
      vertex -25.9908 -5.16989 52
    endloop
  endfacet
  facet normal 0.956362 -0.223005 0.188786
    outer loop
      vertex 35.7987 -7.1208 0.00999928
      vertex 25.9908 -5.16989 52
      vertex 35.2563 -9.44689 0.00999928
    endloop
  endfacet
  facet normal 0.72986 0.683597 0
    outer loop
      vertex 27.4422 24.0661 0.00999928
      vertex 25.8094 25.8094 0
      vertex 25.8094 25.8094 0.00999928
    endloop
  endfacet
  facet normal 0.72986 0.683597 0
    outer loop
      vertex 25.8094 25.8094 0
      vertex 27.4422 24.0661 0.00999928
      vertex 27.4422 24.0661 0
    endloop
  endfacet
  facet normal 0.773014 -0.634388 0
    outer loop
      vertex 27.4422 -24.0661 0.00999928
      vertex 28.9574 -22.2198 0
      vertex 28.9574 -22.2198 0.00999928
    endloop
  endfacet
  facet normal 0.773014 -0.634388 0
    outer loop
      vertex 28.9574 -22.2198 0
      vertex 27.4422 -24.0661 0.00999928
      vertex 27.4422 -24.0661 0
    endloop
  endfacet
  facet normal 0.968907 -0.159937 0.188784
    outer loop
      vertex 36.1877 -4.76421 0.00999928
      vertex 26.2733 -3.45894 52
      vertex 35.7987 -7.1208 0.00999928
    endloop
  endfacet
  facet normal -0.285053 0.939736 0.188786
    outer loop
      vertex -9.44689 35.2563 0.00999928
      vertex -11.7325 34.563 0.00999928
      vertex -8.51815 25.0936 52
    endloop
  endfacet
  facet normal 0.9689 -0.159978 0.188786
    outer loop
      vertex 26.2733 -3.45894 52
      vertex 25.9908 -5.16989 52
      vertex 35.7987 -7.1208 0.00999928
    endloop
  endfacet
  facet normal -0.833928 -0.518579 0.188785
    outer loop
      vertex -22.0339 -14.7226 52
      vertex -31.6099 -18.25 0.00999928
      vertex -30.3486 -20.2783 0.00999928
    endloop
  endfacet
  facet normal 0.634388 0.773014 -0
    outer loop
      vertex 24.0661 27.4422 0
      vertex 22.2198 28.9574 0.00999928
      vertex 24.0661 27.4422 0.00999928
    endloop
  endfacet
  facet normal 0.634388 0.773014 0
    outer loop
      vertex 22.2198 28.9574 0.00999928
      vertex 24.0661 27.4422 0
      vertex 22.2198 28.9574 0
    endloop
  endfacet
  facet normal 0.528074 -0.849198 0
    outer loop
      vertex 18.25 -31.6099 0
      vertex 20.2783 -30.3486 0.00999928
      vertex 18.25 -31.6099 0.00999928
    endloop
  endfacet
  facet normal 0.528074 -0.849198 0
    outer loop
      vertex 20.2783 -30.3486 0.00999928
      vertex 18.25 -31.6099 0
      vertex 20.2783 -30.3486 0
    endloop
  endfacet
  facet normal 0.159937 -0.968907 0.188784
    outer loop
      vertex 7.1208 -35.7987 0.00999928
      vertex 3.45894 -26.2733 52
      vertex 4.76421 -36.1877 0.00999928
    endloop
  endfacet
  facet normal 0.290272 0.956944 -0
    outer loop
      vertex 11.7325 34.563 0
      vertex 9.44689 35.2563 0.00999928
      vertex 11.7325 34.563 0.00999928
    endloop
  endfacet
  facet normal 0.290272 0.956944 0
    outer loop
      vertex 9.44689 35.2563 0.00999928
      vertex 11.7325 34.563 0
      vertex 9.44689 35.2563 0
    endloop
  endfacet
  facet normal 0.995181 0.0980528 0
    outer loop
      vertex 36.4219 2.38721 0.00999928
      vertex 36.1877 4.76421 0
      vertex 36.1877 4.76421 0.00999928
    endloop
  endfacet
  facet normal 0.995181 0.0980528 0
    outer loop
      vertex 36.1877 4.76421 0
      vertex 36.4219 2.38721 0.00999928
      vertex 36.4219 2.38721 0
    endloop
  endfacet
  facet normal 0.671341 -0.716701 0.188786
    outer loop
      vertex 18.7383 -18.7383 52
      vertex 17.4727 -19.9238 52
      vertex 25.8094 -25.8094 0.00999928
    endloop
  endfacet
  facet normal -0.405268 0.894493 0.188786
    outer loop
      vertex -13.9679 33.7216 0.00999928
      vertex -16.1435 32.7359 0.00999928
      vertex -11.7206 23.7671 52
    endloop
  endfacet
  facet normal -0.345899 0.919084 0.188785
    outer loop
      vertex -8.51815 25.0936 52
      vertex -13.9679 33.7216 0.00999928
      vertex -10.1411 24.4828 52
    endloop
  endfacet
  facet normal 0.223006 0.956362 0.188786
    outer loop
      vertex 9.44689 35.2563 0.00999928
      vertex 5.16989 25.9908 52
      vertex 6.8587 25.597 52
    endloop
  endfacet
  facet normal -0.956944 0.290272 0
    outer loop
      vertex -35.2563 9.44689 0
      vertex -34.563 11.7325 0.00999928
      vertex -34.563 11.7325 0
    endloop
  endfacet
  facet normal -0.956944 0.290272 0
    outer loop
      vertex -34.563 11.7325 0.00999928
      vertex -35.2563 9.44689 0
      vertex -35.2563 9.44689 0.00999928
    endloop
  endfacet
  facet normal 0.345899 0.919084 0.188785
    outer loop
      vertex 13.9679 33.7216 0.00999928
      vertex 8.51815 25.0936 52
      vertex 10.1411 24.4828 52
    endloop
  endfacet
  facet normal -0.518579 0.833928 0.188785
    outer loop
      vertex -18.25 31.6099 0.00999928
      vertex -20.2783 30.3486 0.00999928
      vertex -14.7226 22.0339 52
    endloop
  endfacet
  facet normal -0.0980528 0.995181 0
    outer loop
      vertex -2.38721 36.4219 0
      vertex -4.76421 36.1877 0.00999928
      vertex -2.38721 36.4219 0.00999928
    endloop
  endfacet
  facet normal -0.0980528 0.995181 0
    outer loop
      vertex -4.76421 36.1877 0.00999928
      vertex -2.38721 36.4219 0
      vertex -4.76421 36.1877 0
    endloop
  endfacet
  facet normal 0.881912 -0.471414 0
    outer loop
      vertex 31.6099 -18.25 0.00999928
      vertex 32.7359 -16.1435 0
      vertex 32.7359 -16.1435 0.00999928
    endloop
  endfacet
  facet normal 0.881912 -0.471414 0
    outer loop
      vertex 32.7359 -16.1435 0
      vertex 31.6099 -18.25 0.00999928
      vertex 31.6099 -18.25 0
    endloop
  endfacet
  facet normal -0.716701 0.671341 0.188786
    outer loop
      vertex -18.7383 18.7383 52
      vertex -25.8094 25.8094 0.00999928
      vertex -19.9238 17.4727 52
    endloop
  endfacet
  facet normal -0.716736 -0.671305 0.188784
    outer loop
      vertex -19.9238 -17.4727 52
      vertex -27.4422 -24.0661 0.00999928
      vertex -25.8094 -25.8094 0.00999928
    endloop
  endfacet
  facet normal -0.159978 -0.9689 0.188786
    outer loop
      vertex -5.16989 -25.9908 52
      vertex -7.1208 -35.7987 0.00999928
      vertex -3.45894 -26.2733 52
    endloop
  endfacet
  facet normal 0.518579 -0.833928 0.188785
    outer loop
      vertex 20.2783 -30.3486 0.00999928
      vertex 14.7226 -22.0339 52
      vertex 18.25 -31.6099 0.00999928
    endloop
  endfacet
  facet normal 0.981493 0.0321106 0.188785
    outer loop
      vertex 36.4219 2.38721 0.00999928
      vertex 26.4433 1.73318 52
      vertex 36.5 0 0.00999928
    endloop
  endfacet
  facet normal -0.956362 0.223005 0.188786
    outer loop
      vertex -35.2563 9.44689 0.00999928
      vertex -35.7987 7.1208 0.00999928
      vertex -25.9908 5.16989 52
    endloop
  endfacet
  facet normal 0.973874 0.227089 0
    outer loop
      vertex 35.7987 7.1208 0.00999928
      vertex 35.2563 9.44689 0
      vertex 35.2563 9.44689 0.00999928
    endloop
  endfacet
  facet normal 0.973874 0.227089 0
    outer loop
      vertex 35.2563 9.44689 0
      vertex 35.7987 7.1208 0.00999928
      vertex 35.7987 7.1208 0
    endloop
  endfacet
  facet normal 0.956944 -0.290272 0
    outer loop
      vertex 34.563 -11.7325 0.00999928
      vertex 35.2563 -9.44689 0
      vertex 35.2563 -9.44689 0.00999928
    endloop
  endfacet
  facet normal 0.956944 -0.290272 0
    outer loop
      vertex 35.2563 -9.44689 0
      vertex 34.563 -11.7325 0.00999928
      vertex 34.563 -11.7325 0
    endloop
  endfacet
  facet normal 0.999465 -0.0326985 0
    outer loop
      vertex 36.4219 -2.38721 0.00999928
      vertex 36.5 0 0
      vertex 36.5 0 0.00999928
    endloop
  endfacet
  facet normal 0.999465 -0.0326985 0
    outer loop
      vertex 36.5 0 0
      vertex 36.4219 -2.38721 0.00999928
      vertex 36.4219 -2.38721 0
    endloop
  endfacet
  facet normal -0.716736 0.671305 0.188784
    outer loop
      vertex -25.8094 25.8094 0.00999928
      vertex -27.4422 24.0661 0.00999928
      vertex -19.9238 17.4727 52
    endloop
  endfacet
  facet normal 0.471414 0.881912 -0
    outer loop
      vertex 18.25 31.6099 0
      vertex 16.1435 32.7359 0.00999928
      vertex 18.25 31.6099 0.00999928
    endloop
  endfacet
  facet normal 0.471414 0.881912 0
    outer loop
      vertex 16.1435 32.7359 0.00999928
      vertex 18.25 31.6099 0
      vertex 16.1435 32.7359 0
    endloop
  endfacet
  facet normal -0.939736 0.285053 0.188786
    outer loop
      vertex -34.563 11.7325 0.00999928
      vertex -35.2563 9.44689 0.00999928
      vertex -25.0936 8.51815 52
    endloop
  endfacet
  facet normal 0.518605 0.833912 0.188784
    outer loop
      vertex 18.25 31.6099 0.00999928
      vertex 13.25 22.9497 52
      vertex 14.7226 22.0339 52
    endloop
  endfacet
  facet normal 0.223006 -0.956362 0.188786
    outer loop
      vertex 6.8587 -25.597 52
      vertex 5.16989 -25.9908 52
      vertex 9.44689 -35.2563 0.00999928
    endloop
  endfacet
  facet normal -0.956362 -0.223006 0.188786
    outer loop
      vertex -25.9908 -5.16989 52
      vertex -35.2563 -9.44689 0.00999928
      vertex -25.597 -6.8587 52
    endloop
  endfacet
  facet normal -0.471414 0.881912 0
    outer loop
      vertex -16.1435 32.7359 0
      vertex -18.25 31.6099 0.00999928
      vertex -16.1435 32.7359 0.00999928
    endloop
  endfacet
  facet normal -0.471414 0.881912 0
    outer loop
      vertex -18.25 31.6099 0.00999928
      vertex -16.1435 32.7359 0
      vertex -18.25 31.6099 0
    endloop
  endfacet
  facet normal 0.09627 0.977288 0.188785
    outer loop
      vertex 2.38721 36.4219 0.00999928
      vertex 1.73318 26.4433 52
      vertex 3.45894 26.2733 52
    endloop
  endfacet
  facet normal -0.285053 -0.939736 0.188786
    outer loop
      vertex -8.51815 -25.0936 52
      vertex -11.7325 -34.563 0.00999928
      vertex -9.44689 -35.2563 0.00999928
    endloop
  endfacet
  facet normal -0.72986 0.683597 0
    outer loop
      vertex -27.4422 24.0661 0
      vertex -25.8094 25.8094 0.00999928
      vertex -25.8094 25.8094 0
    endloop
  endfacet
  facet normal -0.72986 0.683597 0
    outer loop
      vertex -25.8094 25.8094 0.00999928
      vertex -27.4422 24.0661 0
      vertex -27.4422 24.0661 0.00999928
    endloop
  endfacet
  facet normal 0.345936 -0.919069 0.188786
    outer loop
      vertex 13.9679 -33.7216 0.00999928
      vertex 8.51815 -25.0936 52
      vertex 11.7325 -34.563 0.00999928
    endloop
  endfacet
  facet normal 0.412689 0.910872 -0
    outer loop
      vertex 16.1435 32.7359 0
      vertex 13.9679 33.7216 0.00999928
      vertex 16.1435 32.7359 0.00999928
    endloop
  endfacet
  facet normal 0.412689 0.910872 0
    outer loop
      vertex 13.9679 33.7216 0.00999928
      vertex 16.1435 32.7359 0
      vertex 13.9679 33.7216 0
    endloop
  endfacet
  facet normal 0.968907 0.159937 0.188784
    outer loop
      vertex 35.7987 7.1208 0.00999928
      vertex 26.2733 3.45894 52
      vertex 36.1877 4.76421 0.00999928
    endloop
  endfacet
  facet normal -0.9689 0.159978 0.188786
    outer loop
      vertex -25.9908 5.16989 52
      vertex -35.7987 7.1208 0.00999928
      vertex -26.2733 3.45894 52
    endloop
  endfacet
  facet normal 0.919069 -0.345936 0.188786
    outer loop
      vertex 34.563 -11.7325 0.00999928
      vertex 25.0936 -8.51815 52
      vertex 33.7216 -13.9679 0.00999928
    endloop
  endfacet
  facet normal 0.973874 -0.227089 0
    outer loop
      vertex 35.2563 -9.44689 0.00999928
      vertex 35.7987 -7.1208 0
      vertex 35.7987 -7.1208 0.00999928
    endloop
  endfacet
  facet normal 0.973874 -0.227089 0
    outer loop
      vertex 35.7987 -7.1208 0
      vertex 35.2563 -9.44689 0.00999928
      vertex 35.2563 -9.44689 0
    endloop
  endfacet
  facet normal 0.939736 -0.285053 0.188786
    outer loop
      vertex 35.2563 -9.44689 0.00999928
      vertex 25.0936 -8.51815 52
      vertex 34.563 -11.7325 0.00999928
    endloop
  endfacet
  facet normal 0.518605 -0.833912 0.188784
    outer loop
      vertex 14.7226 -22.0339 52
      vertex 13.25 -22.9497 52
      vertex 18.25 -31.6099 0.00999928
    endloop
  endfacet
  facet normal -0.910872 0.412689 0
    outer loop
      vertex -33.7216 13.9679 0
      vertex -32.7359 16.1435 0.00999928
      vertex -32.7359 16.1435 0
    endloop
  endfacet
  facet normal -0.910872 0.412689 0
    outer loop
      vertex -32.7359 16.1435 0.00999928
      vertex -33.7216 13.9679 0
      vertex -33.7216 13.9679 0.00999928
    endloop
  endfacet
  facet normal -0.866054 0.462937 0.188786
    outer loop
      vertex -31.6099 18.25 0.00999928
      vertex -32.7359 16.1435 0.00999928
      vertex -23.7671 11.7206 52
    endloop
  endfacet
  facet normal -0.995181 -0.0980528 0
    outer loop
      vertex -36.1877 -4.76421 0
      vertex -36.4219 -2.38721 0.00999928
      vertex -36.4219 -2.38721 0
    endloop
  endfacet
  facet normal -0.995181 -0.0980528 0
    outer loop
      vertex -36.4219 -2.38721 0.00999928
      vertex -36.1877 -4.76421 0
      vertex -36.1877 -4.76421 0.00999928
    endloop
  endfacet
  facet normal 0.405268 -0.894493 0.188786
    outer loop
      vertex 16.1435 -32.7359 0.00999928
      vertex 11.7206 -23.7671 52
      vertex 13.9679 -33.7216 0.00999928
    endloop
  endfacet
  facet normal 0.999465 0.0326985 0
    outer loop
      vertex 36.5 0 0.00999928
      vertex 36.4219 2.38721 0
      vertex 36.4219 2.38721 0.00999928
    endloop
  endfacet
  facet normal 0.999465 0.0326985 0
    outer loop
      vertex 36.4219 2.38721 0
      vertex 36.5 0 0.00999928
      vertex 36.5 0 0
    endloop
  endfacet
  facet normal 0.0321106 -0.981493 0.188785
    outer loop
      vertex 1.73318 -26.4433 52
      vertex 0 -36.5 0.00999928
      vertex 2.38721 -36.4219 0.00999928
    endloop
  endfacet
  facet normal -0.773014 -0.634388 0
    outer loop
      vertex -27.4422 -24.0661 0
      vertex -28.9574 -22.2198 0.00999928
      vertex -28.9574 -22.2198 0
    endloop
  endfacet
  facet normal -0.773014 -0.634388 0
    outer loop
      vertex -28.9574 -22.2198 0.00999928
      vertex -27.4422 -24.0661 0
      vertex -27.4422 -24.0661 0.00999928
    endloop
  endfacet
  facet normal -0.939731 -0.285071 0.188786
    outer loop
      vertex -25.597 -6.8587 52
      vertex -35.2563 -9.44689 0.00999928
      vertex -25.0936 -8.51815 52
    endloop
  endfacet
  facet normal 0.716736 -0.671305 0.188784
    outer loop
      vertex 27.4422 -24.0661 0.00999928
      vertex 19.9238 -17.4727 52
      vertex 25.8094 -25.8094 0.00999928
    endloop
  endfacet
  facet normal 0.462937 -0.866054 0.188786
    outer loop
      vertex 18.25 -31.6099 0.00999928
      vertex 11.7206 -23.7671 52
      vertex 16.1435 -32.7359 0.00999928
    endloop
  endfacet
  facet normal 0.716701 -0.671341 0.188786
    outer loop
      vertex 19.9238 -17.4727 52
      vertex 18.7383 -18.7383 52
      vertex 25.8094 -25.8094 0.00999928
    endloop
  endfacet
  facet normal -0.935898 0.35227 0
    outer loop
      vertex -34.563 11.7325 0
      vertex -33.7216 13.9679 0.00999928
      vertex -33.7216 13.9679 0
    endloop
  endfacet
  facet normal -0.935898 0.35227 0
    outer loop
      vertex -33.7216 13.9679 0.00999928
      vertex -34.563 11.7325 0
      vertex -34.563 11.7325 0.00999928
    endloop
  endfacet
  facet normal -0.462937 0.866054 0.188786
    outer loop
      vertex -16.1435 32.7359 0.00999928
      vertex -18.25 31.6099 0.00999928
      vertex -11.7206 23.7671 52
    endloop
  endfacet
  facet normal -0.35227 -0.935898 0
    outer loop
      vertex -13.9679 -33.7216 0
      vertex -11.7325 -34.563 0.00999928
      vertex -13.9679 -33.7216 0.00999928
    endloop
  endfacet
  facet normal -0.35227 -0.935898 -0
    outer loop
      vertex -11.7325 -34.563 0.00999928
      vertex -13.9679 -33.7216 0
      vertex -11.7325 -34.563 0
    endloop
  endfacet
  facet normal -0.032109 -0.981493 0.188785
    outer loop
      vertex 0 -26.5 52
      vertex -1.73318 -26.4433 52
      vertex 0 -36.5 0.00999928
    endloop
  endfacet
  facet normal -0.0980528 -0.995181 0
    outer loop
      vertex -4.76421 -36.1877 0
      vertex -2.38721 -36.4219 0.00999928
      vertex -4.76421 -36.1877 0.00999928
    endloop
  endfacet
  facet normal -0.0980528 -0.995181 -0
    outer loop
      vertex -2.38721 -36.4219 0.00999928
      vertex -4.76421 -36.1877 0
      vertex -2.38721 -36.4219 0
    endloop
  endfacet
  facet normal 0.866054 -0.462937 0.188786
    outer loop
      vertex 32.7359 -16.1435 0.00999928
      vertex 23.7671 -11.7206 52
      vertex 31.6099 -18.25 0.00999928
    endloop
  endfacet
  facet normal -0.956944 -0.290272 0
    outer loop
      vertex -34.563 -11.7325 0
      vertex -35.2563 -9.44689 0.00999928
      vertex -35.2563 -9.44689 0
    endloop
  endfacet
  facet normal -0.956944 -0.290272 0
    outer loop
      vertex -35.2563 -9.44689 0.00999928
      vertex -34.563 -11.7325 0
      vertex -34.563 -11.7325 0.00999928
    endloop
  endfacet
  facet normal 0.471414 -0.881912 0
    outer loop
      vertex 16.1435 -32.7359 0
      vertex 18.25 -31.6099 0.00999928
      vertex 16.1435 -32.7359 0.00999928
    endloop
  endfacet
  facet normal 0.471414 -0.881912 0
    outer loop
      vertex 18.25 -31.6099 0.00999928
      vertex 16.1435 -32.7359 0
      vertex 18.25 -31.6099 0
    endloop
  endfacet
  facet normal 0.981493 -0.032109 0.188785
    outer loop
      vertex 26.5 0 52
      vertex 26.4433 -1.73318 52
      vertex 36.5 0 0.00999928
    endloop
  endfacet
  facet normal -0.716701 -0.671341 0.188786
    outer loop
      vertex -19.9238 -17.4727 52
      vertex -25.8094 -25.8094 0.00999928
      vertex -18.7383 -18.7383 52
    endloop
  endfacet
  facet normal -0.919069 0.345936 0.188786
    outer loop
      vertex -33.7216 13.9679 0.00999928
      vertex -34.563 11.7325 0.00999928
      vertex -25.0936 8.51815 52
    endloop
  endfacet
  facet normal -0.849198 0.528074 0
    outer loop
      vertex -31.6099 18.25 0
      vertex -30.3486 20.2783 0.00999928
      vertex -30.3486 20.2783 0
    endloop
  endfacet
  facet normal -0.849198 0.528074 0
    outer loop
      vertex -30.3486 20.2783 0.00999928
      vertex -31.6099 18.25 0
      vertex -31.6099 18.25 0.00999928
    endloop
  endfacet
  facet normal -0.881912 -0.471414 0
    outer loop
      vertex -31.6099 -18.25 0
      vertex -32.7359 -16.1435 0.00999928
      vertex -32.7359 -16.1435 0
    endloop
  endfacet
  facet normal -0.881912 -0.471414 0
    outer loop
      vertex -32.7359 -16.1435 0.00999928
      vertex -31.6099 -18.25 0
      vertex -31.6099 -18.25 0.00999928
    endloop
  endfacet
  facet normal 0.032109 0.981493 0.188785
    outer loop
      vertex 0 36.5 0.00999928
      vertex 0 26.5 52
      vertex 1.73318 26.4433 52
    endloop
  endfacet
  facet normal 0.571988 -0.798242 0.188784
    outer loop
      vertex 22.2198 -28.9574 0.00999928
      vertex 16.1322 -21.0239 52
      vertex 20.2783 -30.3486 0.00999928
    endloop
  endfacet
  facet normal -0.812858 -0.582461 0
    outer loop
      vertex -28.9574 -22.2198 0
      vertex -30.3486 -20.2783 0.00999928
      vertex -30.3486 -20.2783 0
    endloop
  endfacet
  facet normal -0.812858 -0.582461 0
    outer loop
      vertex -30.3486 -20.2783 0.00999928
      vertex -28.9574 -22.2198 0
      vertex -28.9574 -22.2198 0.00999928
    endloop
  endfacet
  facet normal -0.518605 -0.833912 0.188784
    outer loop
      vertex -14.7226 -22.0339 52
      vertex -18.25 -31.6099 0.00999928
      vertex -13.25 -22.9497 52
    endloop
  endfacet
  facet normal -0.634388 0.773014 0
    outer loop
      vertex -22.2198 28.9574 0
      vertex -24.0661 27.4422 0.00999928
      vertex -22.2198 28.9574 0.00999928
    endloop
  endfacet
  facet normal -0.634388 0.773014 0
    outer loop
      vertex -24.0661 27.4422 0.00999928
      vertex -22.2198 28.9574 0
      vertex -24.0661 27.4422 0
    endloop
  endfacet
  facet normal 0.290272 -0.956944 0
    outer loop
      vertex 9.44689 -35.2563 0
      vertex 11.7325 -34.563 0.00999928
      vertex 9.44689 -35.2563 0.00999928
    endloop
  endfacet
  facet normal 0.290272 -0.956944 0
    outer loop
      vertex 11.7325 -34.563 0.00999928
      vertex 9.44689 -35.2563 0
      vertex 11.7325 -34.563 0
    endloop
  endfacet
  facet normal 0.894493 -0.405268 0.188786
    outer loop
      vertex 33.7216 -13.9679 0.00999928
      vertex 23.7671 -11.7206 52
      vertex 32.7359 -16.1435 0.00999928
    endloop
  endfacet
  facet normal -0.227089 -0.973874 0
    outer loop
      vertex -9.44689 -35.2563 0
      vertex -7.1208 -35.7987 0.00999928
      vertex -9.44689 -35.2563 0.00999928
    endloop
  endfacet
  facet normal -0.227089 -0.973874 -0
    outer loop
      vertex -7.1208 -35.7987 0.00999928
      vertex -9.44689 -35.2563 0
      vertex -7.1208 -35.7987 0
    endloop
  endfacet
  facet normal -0.285071 -0.939731 0.188786
    outer loop
      vertex -8.51815 -25.0936 52
      vertex -9.44689 -35.2563 0.00999928
      vertex -6.8587 -25.597 52
    endloop
  endfacet
  facet normal -0.345899 -0.919084 0.188785
    outer loop
      vertex -10.1411 -24.4828 52
      vertex -13.9679 -33.7216 0.00999928
      vertex -8.51815 -25.0936 52
    endloop
  endfacet
  facet normal -0.345936 -0.919069 0.188786
    outer loop
      vertex -8.51815 -25.0936 52
      vertex -13.9679 -33.7216 0.00999928
      vertex -11.7325 -34.563 0.00999928
    endloop
  endfacet
  facet normal 0.227089 -0.973874 0
    outer loop
      vertex 7.1208 -35.7987 0
      vertex 9.44689 -35.2563 0.00999928
      vertex 7.1208 -35.7987 0.00999928
    endloop
  endfacet
  facet normal 0.227089 -0.973874 0
    outer loop
      vertex 9.44689 -35.2563 0.00999928
      vertex 7.1208 -35.7987 0
      vertex 9.44689 -35.2563 0
    endloop
  endfacet
  facet normal 0.977288 -0.09627 0.188785
    outer loop
      vertex 26.4433 -1.73318 52
      vertex 26.2733 -3.45894 52
      vertex 36.4219 -2.38721 0.00999928
    endloop
  endfacet
  facet normal 0.935898 0.35227 0
    outer loop
      vertex 34.563 11.7325 0.00999928
      vertex 33.7216 13.9679 0
      vertex 33.7216 13.9679 0.00999928
    endloop
  endfacet
  facet normal 0.935898 0.35227 0
    outer loop
      vertex 33.7216 13.9679 0
      vertex 34.563 11.7325 0.00999928
      vertex 34.563 11.7325 0
    endloop
  endfacet
  facet normal -0.528074 -0.849198 0
    outer loop
      vertex -20.2783 -30.3486 0
      vertex -18.25 -31.6099 0.00999928
      vertex -20.2783 -30.3486 0.00999928
    endloop
  endfacet
  facet normal -0.528074 -0.849198 -0
    outer loop
      vertex -18.25 -31.6099 0.00999928
      vertex -20.2783 -30.3486 0
      vertex -18.25 -31.6099 0
    endloop
  endfacet
  facet normal 0.812858 -0.582461 0
    outer loop
      vertex 28.9574 -22.2198 0.00999928
      vertex 30.3486 -20.2783 0
      vertex 30.3486 -20.2783 0.00999928
    endloop
  endfacet
  facet normal 0.812858 -0.582461 0
    outer loop
      vertex 30.3486 -20.2783 0
      vertex 28.9574 -22.2198 0.00999928
      vertex 28.9574 -22.2198 0
    endloop
  endfacet
  facet normal 0.162865 0.986648 -0
    outer loop
      vertex 7.1208 35.7987 0
      vertex 4.76421 36.1877 0.00999928
      vertex 7.1208 35.7987 0.00999928
    endloop
  endfacet
  facet normal 0.162865 0.986648 0
    outer loop
      vertex 4.76421 36.1877 0.00999928
      vertex 7.1208 35.7987 0
      vertex 4.76421 36.1877 0
    endloop
  endfacet
  facet normal -0.773014 0.634388 0
    outer loop
      vertex -28.9574 22.2198 0
      vertex -27.4422 24.0661 0.00999928
      vertex -27.4422 24.0661 0
    endloop
  endfacet
  facet normal -0.773014 0.634388 0
    outer loop
      vertex -27.4422 24.0661 0.00999928
      vertex -28.9574 22.2198 0
      vertex -28.9574 22.2198 0.00999928
    endloop
  endfacet
  facet normal 0 0 -1
    outer loop
      vertex 28.5 0 0
      vertex 36.5 0 0
      vertex 36.4219 -2.38721 0
    endloop
  endfacet
  facet normal 0 0 -1
    outer loop
      vertex 28.439 -1.86399 0
      vertex 36.4219 -2.38721 0
      vertex 36.1877 -4.76421 0
    endloop
  endfacet
  facet normal 0 0 -1
    outer loop
      vertex 36.5 0 0
      vertex 28.5 0 0
      vertex 36.4219 2.38721 0
    endloop
  endfacet
  facet normal 0 0 -1
    outer loop
      vertex 28.2562 -3.72 0
      vertex 36.1877 -4.76421 0
      vertex 35.7987 -7.1208 0
    endloop
  endfacet
  facet normal 0 0 -1
    outer loop
      vertex 28.439 1.86399 0
      vertex 36.4219 2.38721 0
      vertex 28.5 0 0
    endloop
  endfacet
  facet normal 0 0 -1
    outer loop
      vertex 27.9524 -5.56007 0
      vertex 35.7987 -7.1208 0
      vertex 35.2563 -9.44689 0
    endloop
  endfacet
  facet normal -0 0 -1
    outer loop
      vertex 36.4219 2.38721 0
      vertex 28.439 1.86399 0
      vertex 36.1877 4.76421 0
    endloop
  endfacet
  facet normal 0 0 -1
    outer loop
      vertex 27.5289 -7.37634 0
      vertex 35.2563 -9.44689 0
      vertex 34.563 -11.7325 0
    endloop
  endfacet
  facet normal 0 0 -1
    outer loop
      vertex 28.2562 3.72 0
      vertex 36.1877 4.76421 0
      vertex 28.439 1.86399 0
    endloop
  endfacet
  facet normal 0 0 -1
    outer loop
      vertex 26.9875 -9.16102 0
      vertex 34.563 -11.7325 0
      vertex 33.7216 -13.9679 0
    endloop
  endfacet
  facet normal -0 0 -1
    outer loop
      vertex 36.1877 4.76421 0
      vertex 28.2562 3.72 0
      vertex 35.7987 7.1208 0
    endloop
  endfacet
  facet normal 0 0 -1
    outer loop
      vertex 26.3306 -10.9065 0
      vertex 33.7216 -13.9679 0
      vertex 32.7359 -16.1435 0
    endloop
  endfacet
  facet normal 0 0 -1
    outer loop
      vertex 27.9524 5.56007 0
      vertex 35.7987 7.1208 0
      vertex 28.2562 3.72 0
    endloop
  endfacet
  facet normal 0 0 -1
    outer loop
      vertex 25.5609 -12.6052 0
      vertex 32.7359 -16.1435 0
      vertex 31.6099 -18.25 0
    endloop
  endfacet
  facet normal -0 0 -1
    outer loop
      vertex 35.7987 7.1208 0
      vertex 27.9524 5.56007 0
      vertex 35.2563 9.44689 0
    endloop
  endfacet
  facet normal 0 0 -1
    outer loop
      vertex 24.6817 -14.25 0
      vertex 31.6099 -18.25 0
      vertex 30.3486 -20.2783 0
    endloop
  endfacet
  facet normal 0 0 -1
    outer loop
      vertex 27.5289 7.37634 0
      vertex 35.2563 9.44689 0
      vertex 27.9524 5.56007 0
    endloop
  endfacet
  facet normal 0 0 -1
    outer loop
      vertex 23.6969 -15.8338 0
      vertex 30.3486 -20.2783 0
      vertex 28.9574 -22.2198 0
    endloop
  endfacet
  facet normal -0 0 -1
    outer loop
      vertex 35.2563 9.44689 0
      vertex 27.5289 7.37634 0
      vertex 34.563 11.7325 0
    endloop
  endfacet
  facet normal 0 0 -1
    outer loop
      vertex 26.9875 9.16102 0
      vertex 34.563 11.7325 0
      vertex 27.5289 7.37634 0
    endloop
  endfacet
  facet normal 0 0 -1
    outer loop
      vertex 36.4219 -2.38721 0
      vertex 28.439 -1.86399 0
      vertex 28.5 0 0
    endloop
  endfacet
  facet normal 0 0 -1
    outer loop
      vertex 36.1877 -4.76421 0
      vertex 28.2562 -3.72 0
      vertex 28.439 -1.86399 0
    endloop
  endfacet
  facet normal 0 0 -1
    outer loop
      vertex 35.7987 -7.1208 0
      vertex 27.9524 -5.56007 0
      vertex 28.2562 -3.72 0
    endloop
  endfacet
  facet normal 0 0 -1
    outer loop
      vertex 35.2563 -9.44689 0
      vertex 27.5289 -7.37634 0
      vertex 27.9524 -5.56007 0
    endloop
  endfacet
  facet normal 0 0 -1
    outer loop
      vertex 22.6106 -17.3497 0
      vertex 28.9574 -22.2198 0
      vertex 27.4422 -24.0661 0
    endloop
  endfacet
  facet normal 0 0 -1
    outer loop
      vertex 34.563 -11.7325 0
      vertex 26.9875 -9.16102 0
      vertex 27.5289 -7.37634 0
    endloop
  endfacet
  facet normal 0 0 -1
    outer loop
      vertex 33.7216 -13.9679 0
      vertex 26.3306 -10.9065 0
      vertex 26.9875 -9.16102 0
    endloop
  endfacet
  facet normal 0 0 -1
    outer loop
      vertex 21.4274 -18.7914 0
      vertex 27.4422 -24.0661 0
      vertex 25.8094 -25.8094 0
    endloop
  endfacet
  facet normal 0 0 -1
    outer loop
      vertex 32.7359 -16.1435 0
      vertex 25.5609 -12.6052 0
      vertex 26.3306 -10.9065 0
    endloop
  endfacet
  facet normal 0 0 -1
    outer loop
      vertex 31.6099 -18.25 0
      vertex 24.6817 -14.25 0
      vertex 25.5609 -12.6052 0
    endloop
  endfacet
  facet normal 0 0 -1
    outer loop
      vertex 20.1525 -20.1525 0
      vertex 25.8094 -25.8094 0
      vertex 24.0661 -27.4422 0
    endloop
  endfacet
  facet normal 0 0 -1
    outer loop
      vertex 30.3486 -20.2783 0
      vertex 23.6969 -15.8338 0
      vertex 24.6817 -14.25 0
    endloop
  endfacet
  facet normal 0 0 -1
    outer loop
      vertex 28.9574 -22.2198 0
      vertex 22.6106 -17.3497 0
      vertex 23.6969 -15.8338 0
    endloop
  endfacet
  facet normal 0 0 -1
    outer loop
      vertex 18.7914 -21.4274 0
      vertex 24.0661 -27.4422 0
      vertex 22.2198 -28.9574 0
    endloop
  endfacet
  facet normal 0 0 -1
    outer loop
      vertex 27.4422 -24.0661 0
      vertex 21.4274 -18.7914 0
      vertex 22.6106 -17.3497 0
    endloop
  endfacet
  facet normal 0 0 -1
    outer loop
      vertex 17.3497 -22.6106 0
      vertex 22.2198 -28.9574 0
      vertex 20.2783 -30.3486 0
    endloop
  endfacet
  facet normal 0 0 -1
    outer loop
      vertex 25.8094 -25.8094 0
      vertex 20.1525 -20.1525 0
      vertex 21.4274 -18.7914 0
    endloop
  endfacet
  facet normal 0 0 -1
    outer loop
      vertex 24.0661 -27.4422 0
      vertex 18.7914 -21.4274 0
      vertex 20.1525 -20.1525 0
    endloop
  endfacet
  facet normal 0 0 -1
    outer loop
      vertex 15.8338 -23.6969 0
      vertex 20.2783 -30.3486 0
      vertex 18.25 -31.6099 0
    endloop
  endfacet
  facet normal 0 0 -1
    outer loop
      vertex 22.2198 -28.9574 0
      vertex 17.3497 -22.6106 0
      vertex 18.7914 -21.4274 0
    endloop
  endfacet
  facet normal 0 0 -1
    outer loop
      vertex 14.25 -24.6817 0
      vertex 18.25 -31.6099 0
      vertex 16.1435 -32.7359 0
    endloop
  endfacet
  facet normal 0 0 -1
    outer loop
      vertex 20.2783 -30.3486 0
      vertex 15.8338 -23.6969 0
      vertex 17.3497 -22.6106 0
    endloop
  endfacet
  facet normal 0 0 -1
    outer loop
      vertex 18.25 -31.6099 0
      vertex 14.25 -24.6817 0
      vertex 15.8338 -23.6969 0
    endloop
  endfacet
  facet normal 0 0 -1
    outer loop
      vertex 12.6052 -25.5609 0
      vertex 16.1435 -32.7359 0
      vertex 13.9679 -33.7216 0
    endloop
  endfacet
  facet normal 0 0 -1
    outer loop
      vertex 16.1435 -32.7359 0
      vertex 12.6052 -25.5609 0
      vertex 14.25 -24.6817 0
    endloop
  endfacet
  facet normal 0 0 -1
    outer loop
      vertex 10.9065 -26.3306 0
      vertex 13.9679 -33.7216 0
      vertex 11.7325 -34.563 0
    endloop
  endfacet
  facet normal 0 0 -1
    outer loop
      vertex 13.9679 -33.7216 0
      vertex 10.9065 -26.3306 0
      vertex 12.6052 -25.5609 0
    endloop
  endfacet
  facet normal 0 0 -1
    outer loop
      vertex 9.16102 -26.9875 0
      vertex 11.7325 -34.563 0
      vertex 9.44689 -35.2563 0
    endloop
  endfacet
  facet normal 0 0 -1
    outer loop
      vertex 11.7325 -34.563 0
      vertex 9.16102 -26.9875 0
      vertex 10.9065 -26.3306 0
    endloop
  endfacet
  facet normal 0 0 -1
    outer loop
      vertex 9.44689 -35.2563 0
      vertex 7.37634 -27.5289 0
      vertex 9.16102 -26.9875 0
    endloop
  endfacet
  facet normal 0 0 -1
    outer loop
      vertex 7.1208 -35.7987 0
      vertex 7.37634 -27.5289 0
      vertex 9.44689 -35.2563 0
    endloop
  endfacet
  facet normal 0 0 -1
    outer loop
      vertex 7.1208 -35.7987 0
      vertex 5.56007 -27.9524 0
      vertex 7.37634 -27.5289 0
    endloop
  endfacet
  facet normal 0 0 -1
    outer loop
      vertex 4.76421 -36.1877 0
      vertex 5.56007 -27.9524 0
      vertex 7.1208 -35.7987 0
    endloop
  endfacet
  facet normal 0 0 -1
    outer loop
      vertex 4.76421 -36.1877 0
      vertex 3.72 -28.2562 0
      vertex 5.56007 -27.9524 0
    endloop
  endfacet
  facet normal 0 0 -1
    outer loop
      vertex 2.38721 -36.4219 0
      vertex 3.72 -28.2562 0
      vertex 4.76421 -36.1877 0
    endloop
  endfacet
  facet normal 0 0 -1
    outer loop
      vertex 2.38721 -36.4219 0
      vertex 1.86399 -28.439 0
      vertex 3.72 -28.2562 0
    endloop
  endfacet
  facet normal 0 0 -1
    outer loop
      vertex 0 -36.5 0
      vertex 1.86399 -28.439 0
      vertex 2.38721 -36.4219 0
    endloop
  endfacet
  facet normal 0 0 -1
    outer loop
      vertex 0 -36.5 0
      vertex 0 -28.5 0
      vertex 1.86399 -28.439 0
    endloop
  endfacet
  facet normal 0 0 -1
    outer loop
      vertex 0 -36.5 0
      vertex -1.86399 -28.439 0
      vertex 0 -28.5 0
    endloop
  endfacet
  facet normal 0 0 -1
    outer loop
      vertex -2.38721 -36.4219 0
      vertex -1.86399 -28.439 0
      vertex 0 -36.5 0
    endloop
  endfacet
  facet normal 0 0 -1
    outer loop
      vertex -2.38721 -36.4219 0
      vertex -3.72 -28.2562 0
      vertex -1.86399 -28.439 0
    endloop
  endfacet
  facet normal 0 0 -1
    outer loop
      vertex -4.76421 -36.1877 0
      vertex -3.72 -28.2562 0
      vertex -2.38721 -36.4219 0
    endloop
  endfacet
  facet normal 0 0 -1
    outer loop
      vertex -4.76421 -36.1877 0
      vertex -5.56007 -27.9524 0
      vertex -3.72 -28.2562 0
    endloop
  endfacet
  facet normal 0 0 -1
    outer loop
      vertex -7.1208 -35.7987 0
      vertex -5.56007 -27.9524 0
      vertex -4.76421 -36.1877 0
    endloop
  endfacet
  facet normal 0 0 -1
    outer loop
      vertex -7.1208 -35.7987 0
      vertex -7.37634 -27.5289 0
      vertex -5.56007 -27.9524 0
    endloop
  endfacet
  facet normal 0 0 -1
    outer loop
      vertex -9.44689 -35.2563 0
      vertex -7.37634 -27.5289 0
      vertex -7.1208 -35.7987 0
    endloop
  endfacet
  facet normal -0 0 -1
    outer loop
      vertex -7.37634 -27.5289 0
      vertex -9.44689 -35.2563 0
      vertex -9.16102 -26.9875 0
    endloop
  endfacet
  facet normal 0 0 -1
    outer loop
      vertex -11.7325 -34.563 0
      vertex -9.16102 -26.9875 0
      vertex -9.44689 -35.2563 0
    endloop
  endfacet
  facet normal -0 0 -1
    outer loop
      vertex -9.16102 -26.9875 0
      vertex -11.7325 -34.563 0
      vertex -10.9065 -26.3306 0
    endloop
  endfacet
  facet normal 0 0 -1
    outer loop
      vertex -13.9679 -33.7216 0
      vertex -10.9065 -26.3306 0
      vertex -11.7325 -34.563 0
    endloop
  endfacet
  facet normal -0 0 -1
    outer loop
      vertex -10.9065 -26.3306 0
      vertex -13.9679 -33.7216 0
      vertex -12.6052 -25.5609 0
    endloop
  endfacet
  facet normal 0 0 -1
    outer loop
      vertex -16.1435 -32.7359 0
      vertex -12.6052 -25.5609 0
      vertex -13.9679 -33.7216 0
    endloop
  endfacet
  facet normal -0 0 -1
    outer loop
      vertex -12.6052 -25.5609 0
      vertex -16.1435 -32.7359 0
      vertex -14.25 -24.6817 0
    endloop
  endfacet
  facet normal 0 0 -1
    outer loop
      vertex -18.25 -31.6099 0
      vertex -14.25 -24.6817 0
      vertex -16.1435 -32.7359 0
    endloop
  endfacet
  facet normal -0 0 -1
    outer loop
      vertex -14.25 -24.6817 0
      vertex -18.25 -31.6099 0
      vertex -15.8338 -23.6969 0
    endloop
  endfacet
  facet normal 0 0 -1
    outer loop
      vertex -20.2783 -30.3486 0
      vertex -15.8338 -23.6969 0
      vertex -18.25 -31.6099 0
    endloop
  endfacet
  facet normal -0 0 -1
    outer loop
      vertex -15.8338 -23.6969 0
      vertex -20.2783 -30.3486 0
      vertex -17.3497 -22.6106 0
    endloop
  endfacet
  facet normal 0 0 -1
    outer loop
      vertex -22.2198 -28.9574 0
      vertex -17.3497 -22.6106 0
      vertex -20.2783 -30.3486 0
    endloop
  endfacet
  facet normal -0 0 -1
    outer loop
      vertex -17.3497 -22.6106 0
      vertex -22.2198 -28.9574 0
      vertex -18.7914 -21.4274 0
    endloop
  endfacet
  facet normal 0 0 -1
    outer loop
      vertex -24.0661 -27.4422 0
      vertex -18.7914 -21.4274 0
      vertex -22.2198 -28.9574 0
    endloop
  endfacet
  facet normal -0 0 -1
    outer loop
      vertex -18.7914 -21.4274 0
      vertex -24.0661 -27.4422 0
      vertex -20.1525 -20.1525 0
    endloop
  endfacet
  facet normal 0 0 -1
    outer loop
      vertex -25.8094 -25.8094 0
      vertex -20.1525 -20.1525 0
      vertex -24.0661 -27.4422 0
    endloop
  endfacet
  facet normal -0 0 -1
    outer loop
      vertex -20.1525 -20.1525 0
      vertex -25.8094 -25.8094 0
      vertex -21.4274 -18.7914 0
    endloop
  endfacet
  facet normal 0 0 -1
    outer loop
      vertex -27.4422 -24.0661 0
      vertex -21.4274 -18.7914 0
      vertex -25.8094 -25.8094 0
    endloop
  endfacet
  facet normal -0 0 -1
    outer loop
      vertex -21.4274 -18.7914 0
      vertex -27.4422 -24.0661 0
      vertex -22.6106 -17.3497 0
    endloop
  endfacet
  facet normal 0 0 -1
    outer loop
      vertex -28.9574 -22.2198 0
      vertex -22.6106 -17.3497 0
      vertex -27.4422 -24.0661 0
    endloop
  endfacet
  facet normal -0 0 -1
    outer loop
      vertex -22.6106 -17.3497 0
      vertex -28.9574 -22.2198 0
      vertex -23.6969 -15.8338 0
    endloop
  endfacet
  facet normal 0 0 -1
    outer loop
      vertex -30.3486 -20.2783 0
      vertex -23.6969 -15.8338 0
      vertex -28.9574 -22.2198 0
    endloop
  endfacet
  facet normal -0 0 -1
    outer loop
      vertex -23.6969 -15.8338 0
      vertex -30.3486 -20.2783 0
      vertex -24.6817 -14.25 0
    endloop
  endfacet
  facet normal 0 0 -1
    outer loop
      vertex -31.6099 -18.25 0
      vertex -24.6817 -14.25 0
      vertex -30.3486 -20.2783 0
    endloop
  endfacet
  facet normal -0 0 -1
    outer loop
      vertex -24.6817 -14.25 0
      vertex -31.6099 -18.25 0
      vertex -25.5609 -12.6052 0
    endloop
  endfacet
  facet normal 0 0 -1
    outer loop
      vertex -32.7359 -16.1435 0
      vertex -25.5609 -12.6052 0
      vertex -31.6099 -18.25 0
    endloop
  endfacet
  facet normal -0 0 -1
    outer loop
      vertex -25.5609 -12.6052 0
      vertex -32.7359 -16.1435 0
      vertex -26.3306 -10.9065 0
    endloop
  endfacet
  facet normal 0 0 -1
    outer loop
      vertex -33.7216 -13.9679 0
      vertex -26.3306 -10.9065 0
      vertex -32.7359 -16.1435 0
    endloop
  endfacet
  facet normal 0 0 -1
    outer loop
      vertex -34.563 -11.7325 0
      vertex -26.9875 -9.16102 0
      vertex -33.7216 -13.9679 0
    endloop
  endfacet
  facet normal -0 0 -1
    outer loop
      vertex -26.3306 -10.9065 0
      vertex -33.7216 -13.9679 0
      vertex -26.9875 -9.16102 0
    endloop
  endfacet
  facet normal -0 0 -1
    outer loop
      vertex 34.563 11.7325 0
      vertex 26.9875 9.16102 0
      vertex 33.7216 13.9679 0
    endloop
  endfacet
  facet normal 0 0 -1
    outer loop
      vertex 26.3306 10.9065 0
      vertex 33.7216 13.9679 0
      vertex 26.9875 9.16102 0
    endloop
  endfacet
  facet normal -0 0 -1
    outer loop
      vertex 33.7216 13.9679 0
      vertex 26.3306 10.9065 0
      vertex 32.7359 16.1435 0
    endloop
  endfacet
  facet normal 0 0 -1
    outer loop
      vertex 25.5609 12.6052 0
      vertex 32.7359 16.1435 0
      vertex 26.3306 10.9065 0
    endloop
  endfacet
  facet normal -0 0 -1
    outer loop
      vertex 32.7359 16.1435 0
      vertex 25.5609 12.6052 0
      vertex 31.6099 18.25 0
    endloop
  endfacet
  facet normal 0 0 -1
    outer loop
      vertex 24.6817 14.25 0
      vertex 31.6099 18.25 0
      vertex 25.5609 12.6052 0
    endloop
  endfacet
  facet normal -0 0 -1
    outer loop
      vertex 31.6099 18.25 0
      vertex 24.6817 14.25 0
      vertex 30.3486 20.2783 0
    endloop
  endfacet
  facet normal 0 0 -1
    outer loop
      vertex 23.6969 15.8338 0
      vertex 30.3486 20.2783 0
      vertex 24.6817 14.25 0
    endloop
  endfacet
  facet normal -0 0 -1
    outer loop
      vertex 30.3486 20.2783 0
      vertex 23.6969 15.8338 0
      vertex 28.9574 22.2198 0
    endloop
  endfacet
  facet normal 0 0 -1
    outer loop
      vertex 22.6106 17.3497 0
      vertex 28.9574 22.2198 0
      vertex 23.6969 15.8338 0
    endloop
  endfacet
  facet normal -0 0 -1
    outer loop
      vertex 28.9574 22.2198 0
      vertex 22.6106 17.3497 0
      vertex 27.4422 24.0661 0
    endloop
  endfacet
  facet normal 0 0 -1
    outer loop
      vertex 21.4274 18.7914 0
      vertex 27.4422 24.0661 0
      vertex 22.6106 17.3497 0
    endloop
  endfacet
  facet normal -0 0 -1
    outer loop
      vertex 27.4422 24.0661 0
      vertex 21.4274 18.7914 0
      vertex 25.8094 25.8094 0
    endloop
  endfacet
  facet normal 0 0 -1
    outer loop
      vertex 20.1525 20.1525 0
      vertex 25.8094 25.8094 0
      vertex 21.4274 18.7914 0
    endloop
  endfacet
  facet normal -0 0 -1
    outer loop
      vertex 25.8094 25.8094 0
      vertex 20.1525 20.1525 0
      vertex 24.0661 27.4422 0
    endloop
  endfacet
  facet normal 0 0 -1
    outer loop
      vertex 18.7914 21.4274 0
      vertex 24.0661 27.4422 0
      vertex 20.1525 20.1525 0
    endloop
  endfacet
  facet normal -0 0 -1
    outer loop
      vertex 24.0661 27.4422 0
      vertex 18.7914 21.4274 0
      vertex 22.2198 28.9574 0
    endloop
  endfacet
  facet normal 0 0 -1
    outer loop
      vertex 17.3497 22.6106 0
      vertex 22.2198 28.9574 0
      vertex 18.7914 21.4274 0
    endloop
  endfacet
  facet normal -0 0 -1
    outer loop
      vertex 22.2198 28.9574 0
      vertex 17.3497 22.6106 0
      vertex 20.2783 30.3486 0
    endloop
  endfacet
  facet normal 0 0 -1
    outer loop
      vertex 15.8338 23.6969 0
      vertex 20.2783 30.3486 0
      vertex 17.3497 22.6106 0
    endloop
  endfacet
  facet normal -0 0 -1
    outer loop
      vertex 20.2783 30.3486 0
      vertex 15.8338 23.6969 0
      vertex 18.25 31.6099 0
    endloop
  endfacet
  facet normal 0 0 -1
    outer loop
      vertex 14.25 24.6817 0
      vertex 18.25 31.6099 0
      vertex 15.8338 23.6969 0
    endloop
  endfacet
  facet normal -0 0 -1
    outer loop
      vertex 18.25 31.6099 0
      vertex 14.25 24.6817 0
      vertex 16.1435 32.7359 0
    endloop
  endfacet
  facet normal 0 0 -1
    outer loop
      vertex 12.6052 25.5609 0
      vertex 16.1435 32.7359 0
      vertex 14.25 24.6817 0
    endloop
  endfacet
  facet normal -0 0 -1
    outer loop
      vertex 16.1435 32.7359 0
      vertex 12.6052 25.5609 0
      vertex 13.9679 33.7216 0
    endloop
  endfacet
  facet normal 0 0 -1
    outer loop
      vertex 10.9065 26.3306 0
      vertex 13.9679 33.7216 0
      vertex 12.6052 25.5609 0
    endloop
  endfacet
  facet normal -0 0 -1
    outer loop
      vertex 13.9679 33.7216 0
      vertex 10.9065 26.3306 0
      vertex 11.7325 34.563 0
    endloop
  endfacet
  facet normal 0 0 -1
    outer loop
      vertex 9.16102 26.9875 0
      vertex 11.7325 34.563 0
      vertex 10.9065 26.3306 0
    endloop
  endfacet
  facet normal -0 0 -1
    outer loop
      vertex 11.7325 34.563 0
      vertex 9.16102 26.9875 0
      vertex 9.44689 35.2563 0
    endloop
  endfacet
  facet normal 0 0 -1
    outer loop
      vertex 7.37634 27.5289 0
      vertex 9.44689 35.2563 0
      vertex 9.16102 26.9875 0
    endloop
  endfacet
  facet normal 0 0 -1
    outer loop
      vertex 7.37634 27.5289 0
      vertex 7.1208 35.7987 0
      vertex 9.44689 35.2563 0
    endloop
  endfacet
  facet normal 0 0 -1
    outer loop
      vertex 5.56007 27.9524 0
      vertex 7.1208 35.7987 0
      vertex 7.37634 27.5289 0
    endloop
  endfacet
  facet normal 0 0 -1
    outer loop
      vertex 5.56007 27.9524 0
      vertex 4.76421 36.1877 0
      vertex 7.1208 35.7987 0
    endloop
  endfacet
  facet normal 0 0 -1
    outer loop
      vertex 3.72 28.2562 0
      vertex 4.76421 36.1877 0
      vertex 5.56007 27.9524 0
    endloop
  endfacet
  facet normal 0 0 -1
    outer loop
      vertex 3.72 28.2562 0
      vertex 2.38721 36.4219 0
      vertex 4.76421 36.1877 0
    endloop
  endfacet
  facet normal 0 0 -1
    outer loop
      vertex 1.86399 28.439 0
      vertex 2.38721 36.4219 0
      vertex 3.72 28.2562 0
    endloop
  endfacet
  facet normal 0 0 -1
    outer loop
      vertex 0 28.5 0
      vertex 2.38721 36.4219 0
      vertex 1.86399 28.439 0
    endloop
  endfacet
  facet normal 0 0 -1
    outer loop
      vertex 0 28.5 0
      vertex 0 36.5 0
      vertex 2.38721 36.4219 0
    endloop
  endfacet
  facet normal 0 0 -1
    outer loop
      vertex -1.86399 28.439 0
      vertex 0 36.5 0
      vertex 0 28.5 0
    endloop
  endfacet
  facet normal 0 0 -1
    outer loop
      vertex -1.86399 28.439 0
      vertex -2.38721 36.4219 0
      vertex 0 36.5 0
    endloop
  endfacet
  facet normal 0 0 -1
    outer loop
      vertex -3.72 28.2562 0
      vertex -2.38721 36.4219 0
      vertex -1.86399 28.439 0
    endloop
  endfacet
  facet normal 0 0 -1
    outer loop
      vertex -3.72 28.2562 0
      vertex -4.76421 36.1877 0
      vertex -2.38721 36.4219 0
    endloop
  endfacet
  facet normal 0 0 -1
    outer loop
      vertex -5.56007 27.9524 0
      vertex -4.76421 36.1877 0
      vertex -3.72 28.2562 0
    endloop
  endfacet
  facet normal 0 0 -1
    outer loop
      vertex -5.56007 27.9524 0
      vertex -7.1208 35.7987 0
      vertex -4.76421 36.1877 0
    endloop
  endfacet
  facet normal 0 0 -1
    outer loop
      vertex -7.37634 27.5289 0
      vertex -7.1208 35.7987 0
      vertex -5.56007 27.9524 0
    endloop
  endfacet
  facet normal 0 0 -1
    outer loop
      vertex -9.44689 35.2563 0
      vertex -7.37634 27.5289 0
      vertex -9.16102 26.9875 0
    endloop
  endfacet
  facet normal 0 0 -1
    outer loop
      vertex -7.37634 27.5289 0
      vertex -9.44689 35.2563 0
      vertex -7.1208 35.7987 0
    endloop
  endfacet
  facet normal 0 0 -1
    outer loop
      vertex -11.7325 34.563 0
      vertex -9.16102 26.9875 0
      vertex -10.9065 26.3306 0
    endloop
  endfacet
  facet normal 0 0 -1
    outer loop
      vertex -9.16102 26.9875 0
      vertex -11.7325 34.563 0
      vertex -9.44689 35.2563 0
    endloop
  endfacet
  facet normal 0 0 -1
    outer loop
      vertex -13.9679 33.7216 0
      vertex -10.9065 26.3306 0
      vertex -12.6052 25.5609 0
    endloop
  endfacet
  facet normal 0 0 -1
    outer loop
      vertex -10.9065 26.3306 0
      vertex -13.9679 33.7216 0
      vertex -11.7325 34.563 0
    endloop
  endfacet
  facet normal 0 0 -1
    outer loop
      vertex -16.1435 32.7359 0
      vertex -12.6052 25.5609 0
      vertex -14.25 24.6817 0
    endloop
  endfacet
  facet normal 0 0 -1
    outer loop
      vertex -18.25 31.6099 0
      vertex -14.25 24.6817 0
      vertex -15.8338 23.6969 0
    endloop
  endfacet
  facet normal 0 0 -1
    outer loop
      vertex -12.6052 25.5609 0
      vertex -16.1435 32.7359 0
      vertex -13.9679 33.7216 0
    endloop
  endfacet
  facet normal 0 0 -1
    outer loop
      vertex -20.2783 30.3486 0
      vertex -15.8338 23.6969 0
      vertex -17.3497 22.6106 0
    endloop
  endfacet
  facet normal 0 0 -1
    outer loop
      vertex -14.25 24.6817 0
      vertex -18.25 31.6099 0
      vertex -16.1435 32.7359 0
    endloop
  endfacet
  facet normal 0 0 -1
    outer loop
      vertex -22.2198 28.9574 0
      vertex -17.3497 22.6106 0
      vertex -18.7914 21.4274 0
    endloop
  endfacet
  facet normal 0 0 -1
    outer loop
      vertex -24.0661 27.4422 0
      vertex -18.7914 21.4274 0
      vertex -20.1525 20.1525 0
    endloop
  endfacet
  facet normal 0 0 -1
    outer loop
      vertex -15.8338 23.6969 0
      vertex -20.2783 30.3486 0
      vertex -18.25 31.6099 0
    endloop
  endfacet
  facet normal 0 0 -1
    outer loop
      vertex -25.8094 25.8094 0
      vertex -20.1525 20.1525 0
      vertex -21.4274 18.7914 0
    endloop
  endfacet
  facet normal 0 0 -1
    outer loop
      vertex -17.3497 22.6106 0
      vertex -22.2198 28.9574 0
      vertex -20.2783 30.3486 0
    endloop
  endfacet
  facet normal 0 0 -1
    outer loop
      vertex -27.4422 24.0661 0
      vertex -21.4274 18.7914 0
      vertex -22.6106 17.3497 0
    endloop
  endfacet
  facet normal 0 0 -1
    outer loop
      vertex -28.9574 22.2198 0
      vertex -22.6106 17.3497 0
      vertex -23.6969 15.8338 0
    endloop
  endfacet
  facet normal 0 0 -1
    outer loop
      vertex -18.7914 21.4274 0
      vertex -24.0661 27.4422 0
      vertex -22.2198 28.9574 0
    endloop
  endfacet
  facet normal 0 0 -1
    outer loop
      vertex -30.3486 20.2783 0
      vertex -23.6969 15.8338 0
      vertex -24.6817 14.25 0
    endloop
  endfacet
  facet normal 0 0 -1
    outer loop
      vertex -31.6099 18.25 0
      vertex -24.6817 14.25 0
      vertex -25.5609 12.6052 0
    endloop
  endfacet
  facet normal 0 0 -1
    outer loop
      vertex -20.1525 20.1525 0
      vertex -25.8094 25.8094 0
      vertex -24.0661 27.4422 0
    endloop
  endfacet
  facet normal 0 0 -1
    outer loop
      vertex -32.7359 16.1435 0
      vertex -25.5609 12.6052 0
      vertex -26.3306 10.9065 0
    endloop
  endfacet
  facet normal 0 0 -1
    outer loop
      vertex -33.7216 13.9679 0
      vertex -26.3306 10.9065 0
      vertex -26.9875 9.16102 0
    endloop
  endfacet
  facet normal 0 0 -1
    outer loop
      vertex -21.4274 18.7914 0
      vertex -27.4422 24.0661 0
      vertex -25.8094 25.8094 0
    endloop
  endfacet
  facet normal 0 0 -1
    outer loop
      vertex -34.563 11.7325 0
      vertex -26.9875 9.16102 0
      vertex -27.5289 7.37634 0
    endloop
  endfacet
  facet normal 0 0 -1
    outer loop
      vertex -35.2563 9.44689 0
      vertex -27.5289 7.37634 0
      vertex -27.9524 5.56007 0
    endloop
  endfacet
  facet normal 0 0 -1
    outer loop
      vertex -35.7987 7.1208 0
      vertex -27.9524 5.56007 0
      vertex -28.2562 3.72 0
    endloop
  endfacet
  facet normal 0 0 -1
    outer loop
      vertex -36.1877 4.76421 0
      vertex -28.2562 3.72 0
      vertex -28.439 1.86399 0
    endloop
  endfacet
  facet normal 0 0 -1
    outer loop
      vertex -22.6106 17.3497 0
      vertex -28.9574 22.2198 0
      vertex -27.4422 24.0661 0
    endloop
  endfacet
  facet normal 0 0 -1
    outer loop
      vertex -36.4219 2.38721 0
      vertex -28.439 1.86399 0
      vertex -28.5 0 0
    endloop
  endfacet
  facet normal -0 0 -1
    outer loop
      vertex -26.9875 -9.16102 0
      vertex -34.563 -11.7325 0
      vertex -27.5289 -7.37634 0
    endloop
  endfacet
  facet normal 0 0 -1
    outer loop
      vertex -35.2563 -9.44689 0
      vertex -27.5289 -7.37634 0
      vertex -34.563 -11.7325 0
    endloop
  endfacet
  facet normal 0 0 -1
    outer loop
      vertex -23.6969 15.8338 0
      vertex -30.3486 20.2783 0
      vertex -28.9574 22.2198 0
    endloop
  endfacet
  facet normal -0 0 -1
    outer loop
      vertex -27.5289 -7.37634 0
      vertex -35.2563 -9.44689 0
      vertex -27.9524 -5.56007 0
    endloop
  endfacet
  facet normal 0 0 -1
    outer loop
      vertex -24.6817 14.25 0
      vertex -31.6099 18.25 0
      vertex -30.3486 20.2783 0
    endloop
  endfacet
  facet normal 0 0 -1
    outer loop
      vertex -35.7987 -7.1208 0
      vertex -27.9524 -5.56007 0
      vertex -35.2563 -9.44689 0
    endloop
  endfacet
  facet normal 0 0 -1
    outer loop
      vertex -25.5609 12.6052 0
      vertex -32.7359 16.1435 0
      vertex -31.6099 18.25 0
    endloop
  endfacet
  facet normal -0 0 -1
    outer loop
      vertex -27.9524 -5.56007 0
      vertex -35.7987 -7.1208 0
      vertex -28.2562 -3.72 0
    endloop
  endfacet
  facet normal 0 0 -1
    outer loop
      vertex -26.3306 10.9065 0
      vertex -33.7216 13.9679 0
      vertex -32.7359 16.1435 0
    endloop
  endfacet
  facet normal 0 0 -1
    outer loop
      vertex -36.1877 -4.76421 0
      vertex -28.2562 -3.72 0
      vertex -35.7987 -7.1208 0
    endloop
  endfacet
  facet normal 0 0 -1
    outer loop
      vertex -26.9875 9.16102 0
      vertex -34.563 11.7325 0
      vertex -33.7216 13.9679 0
    endloop
  endfacet
  facet normal -0 0 -1
    outer loop
      vertex -28.2562 -3.72 0
      vertex -36.1877 -4.76421 0
      vertex -28.439 -1.86399 0
    endloop
  endfacet
  facet normal 0 0 -1
    outer loop
      vertex -27.5289 7.37634 0
      vertex -35.2563 9.44689 0
      vertex -34.563 11.7325 0
    endloop
  endfacet
  facet normal 0 0 -1
    outer loop
      vertex -36.4219 -2.38721 0
      vertex -28.439 -1.86399 0
      vertex -36.1877 -4.76421 0
    endloop
  endfacet
  facet normal 0 0 -1
    outer loop
      vertex -27.9524 5.56007 0
      vertex -35.7987 7.1208 0
      vertex -35.2563 9.44689 0
    endloop
  endfacet
  facet normal -0 0 -1
    outer loop
      vertex -28.439 -1.86399 0
      vertex -36.4219 -2.38721 0
      vertex -28.5 0 0
    endloop
  endfacet
  facet normal 0 0 -1
    outer loop
      vertex -28.2562 3.72 0
      vertex -36.1877 4.76421 0
      vertex -35.7987 7.1208 0
    endloop
  endfacet
  facet normal 0 0 -1
    outer loop
      vertex -36.5 0 0
      vertex -28.5 0 0
      vertex -36.4219 -2.38721 0
    endloop
  endfacet
  facet normal 0 0 -1
    outer loop
      vertex -28.439 1.86399 0
      vertex -36.4219 2.38721 0
      vertex -36.1877 4.76421 0
    endloop
  endfacet
  facet normal 0 0 -1
    outer loop
      vertex -28.5 0 0
      vertex -36.5 0 0
      vertex -36.4219 2.38721 0
    endloop
  endfacet
  facet normal 0.622979 0.759116 0.188784
    outer loop
      vertex 22.2198 28.9574 0.00999928
      vertex 16.1322 21.0239 52
      vertex 17.4727 19.9238 52
    endloop
  endfacet
  facet normal -0.866082 0.462885 0.188784
    outer loop
      vertex -22.9497 13.25 52
      vertex -31.6099 18.25 0.00999928
      vertex -23.7671 11.7206 52
    endloop
  endfacet
  facet normal 0.956362 -0.223006 0.188786
    outer loop
      vertex 25.9908 -5.16989 52
      vertex 25.597 -6.8587 52
      vertex 35.2563 -9.44689 0.00999928
    endloop
  endfacet
  facet normal 0.939731 -0.285071 0.188786
    outer loop
      vertex 25.597 -6.8587 52
      vertex 25.0936 -8.51815 52
      vertex 35.2563 -9.44689 0.00999928
    endloop
  endfacet
  facet normal 0.798259 -0.571965 0.188785
    outer loop
      vertex 22.0339 -14.7226 52
      vertex 21.0239 -16.1322 52
      vertex 30.3486 -20.2783 0.00999928
    endloop
  endfacet
  facet normal -0.759115 0.622981 0.188784
    outer loop
      vertex -27.4422 24.0661 0.00999928
      vertex -28.9574 22.2198 0.00999928
      vertex -19.9238 17.4727 52
    endloop
  endfacet
  facet normal -0.412689 0.910872 0
    outer loop
      vertex -13.9679 33.7216 0
      vertex -16.1435 32.7359 0.00999928
      vertex -13.9679 33.7216 0.00999928
    endloop
  endfacet
  facet normal -0.412689 0.910872 0
    outer loop
      vertex -16.1435 32.7359 0.00999928
      vertex -13.9679 33.7216 0
      vertex -16.1435 32.7359 0
    endloop
  endfacet
  facet normal 0.939736 0.285053 0.188786
    outer loop
      vertex 34.563 11.7325 0.00999928
      vertex 25.0936 8.51815 52
      vertex 35.2563 9.44689 0.00999928
    endloop
  endfacet
  facet normal 0.0962896 0.977286 0.188784
    outer loop
      vertex 4.76421 36.1877 0.00999928
      vertex 2.38721 36.4219 0.00999928
      vertex 3.45894 26.2733 52
    endloop
  endfacet
  facet normal 0.977288 0.09627 0.188785
    outer loop
      vertex 36.4219 2.38721 0.00999928
      vertex 26.2733 3.45894 52
      vertex 26.4433 1.73318 52
    endloop
  endfacet
  facet normal 0.162865 -0.986648 0
    outer loop
      vertex 4.76421 -36.1877 0
      vertex 7.1208 -35.7987 0.00999928
      vertex 4.76421 -36.1877 0.00999928
    endloop
  endfacet
  facet normal 0.162865 -0.986648 0
    outer loop
      vertex 7.1208 -35.7987 0.00999928
      vertex 4.76421 -36.1877 0
      vertex 7.1208 -35.7987 0
    endloop
  endfacet
  facet normal 0.571988 0.798242 0.188784
    outer loop
      vertex 20.2783 30.3486 0.00999928
      vertex 16.1322 21.0239 52
      vertex 22.2198 28.9574 0.00999928
    endloop
  endfacet
  facet normal 0.622979 -0.759116 0.188784
    outer loop
      vertex 17.4727 -19.9238 52
      vertex 16.1322 -21.0239 52
      vertex 22.2198 -28.9574 0.00999928
    endloop
  endfacet
  facet normal 0.0321106 0.981493 0.188785
    outer loop
      vertex 2.38721 36.4219 0.00999928
      vertex 0 36.5 0.00999928
      vertex 1.73318 26.4433 52
    endloop
  endfacet
  facet normal -0.0321106 0.981493 0.188785
    outer loop
      vertex 0 36.5 0.00999928
      vertex -2.38721 36.4219 0.00999928
      vertex -1.73318 26.4433 52
    endloop
  endfacet
  facet normal -0.919084 -0.345899 0.188785
    outer loop
      vertex -25.0936 -8.51815 52
      vertex -33.7216 -13.9679 0.00999928
      vertex -24.4828 -10.1411 52
    endloop
  endfacet
  facet normal -0.973874 -0.227089 0
    outer loop
      vertex -35.2563 -9.44689 0
      vertex -35.7987 -7.1208 0.00999928
      vertex -35.7987 -7.1208 0
    endloop
  endfacet
  facet normal -0.973874 -0.227089 0
    outer loop
      vertex -35.7987 -7.1208 0.00999928
      vertex -35.2563 -9.44689 0
      vertex -35.2563 -9.44689 0.00999928
    endloop
  endfacet
  facet normal 0.032109 -0.981493 0.188785
    outer loop
      vertex 0 -26.5 52
      vertex 0 -36.5 0.00999928
      vertex 1.73318 -26.4433 52
    endloop
  endfacet
  facet normal 0.462885 -0.866082 0.188784
    outer loop
      vertex 13.25 -22.9497 52
      vertex 11.7206 -23.7671 52
      vertex 18.25 -31.6099 0.00999928
    endloop
  endfacet
  facet normal 0.0962896 -0.977286 0.188784
    outer loop
      vertex 3.45894 -26.2733 52
      vertex 2.38721 -36.4219 0.00999928
      vertex 4.76421 -36.1877 0.00999928
    endloop
  endfacet
  facet normal -0.0326985 -0.999465 0
    outer loop
      vertex -2.38721 -36.4219 0
      vertex 0 -36.5 0.00999928
      vertex -2.38721 -36.4219 0.00999928
    endloop
  endfacet
  facet normal -0.0326985 -0.999465 -0
    outer loop
      vertex 0 -36.5 0.00999928
      vertex -2.38721 -36.4219 0
      vertex 0 -36.5 0
    endloop
  endfacet
  facet normal 0.849198 -0.528074 0
    outer loop
      vertex 30.3486 -20.2783 0.00999928
      vertex 31.6099 -18.25 0
      vertex 31.6099 -18.25 0.00999928
    endloop
  endfacet
  facet normal 0.849198 -0.528074 0
    outer loop
      vertex 31.6099 -18.25 0
      vertex 30.3486 -20.2783 0.00999928
      vertex 30.3486 -20.2783 0
    endloop
  endfacet
  facet normal -0.999465 0.0326985 0
    outer loop
      vertex -36.5 0 0
      vertex -36.4219 2.38721 0.00999928
      vertex -36.4219 2.38721 0
    endloop
  endfacet
  facet normal -0.999465 0.0326985 0
    outer loop
      vertex -36.4219 2.38721 0.00999928
      vertex -36.5 0 0
      vertex -36.5 0 0.00999928
    endloop
  endfacet
  facet normal 0.159978 -0.9689 0.188786
    outer loop
      vertex 5.16989 -25.9908 52
      vertex 3.45894 -26.2733 52
      vertex 7.1208 -35.7987 0.00999928
    endloop
  endfacet
  facet normal -0.894477 0.405304 0.188785
    outer loop
      vertex -23.7671 11.7206 52
      vertex -33.7216 13.9679 0.00999928
      vertex -24.4828 10.1411 52
    endloop
  endfacet
  facet normal -0.471414 -0.881912 0
    outer loop
      vertex -18.25 -31.6099 0
      vertex -16.1435 -32.7359 0.00999928
      vertex -18.25 -31.6099 0.00999928
    endloop
  endfacet
  facet normal -0.471414 -0.881912 -0
    outer loop
      vertex -16.1435 -32.7359 0.00999928
      vertex -18.25 -31.6099 0
      vertex -16.1435 -32.7359 0
    endloop
  endfacet
  facet normal 0.986648 -0.162865 0
    outer loop
      vertex 35.7987 -7.1208 0.00999928
      vertex 36.1877 -4.76421 0
      vertex 36.1877 -4.76421 0.00999928
    endloop
  endfacet
  facet normal 0.986648 -0.162865 0
    outer loop
      vertex 36.1877 -4.76421 0
      vertex 35.7987 -7.1208 0.00999928
      vertex 35.7987 -7.1208 0
    endloop
  endfacet
  facet normal -0.412689 -0.910872 0
    outer loop
      vertex -16.1435 -32.7359 0
      vertex -13.9679 -33.7216 0.00999928
      vertex -16.1435 -32.7359 0.00999928
    endloop
  endfacet
  facet normal -0.412689 -0.910872 -0
    outer loop
      vertex -13.9679 -33.7216 0.00999928
      vertex -16.1435 -32.7359 0
      vertex -13.9679 -33.7216 0
    endloop
  endfacet
  facet normal 0.833928 -0.518579 0.188785
    outer loop
      vertex 31.6099 -18.25 0.00999928
      vertex 22.0339 -14.7226 52
      vertex 30.3486 -20.2783 0.00999928
    endloop
  endfacet
  facet normal 0.833912 -0.518605 0.188784
    outer loop
      vertex 22.9497 -13.25 52
      vertex 22.0339 -14.7226 52
      vertex 31.6099 -18.25 0.00999928
    endloop
  endfacet
  facet normal -0.35227 0.935898 0
    outer loop
      vertex -11.7325 34.563 0
      vertex -13.9679 33.7216 0.00999928
      vertex -11.7325 34.563 0.00999928
    endloop
  endfacet
  facet normal -0.35227 0.935898 0
    outer loop
      vertex -13.9679 33.7216 0.00999928
      vertex -11.7325 34.563 0
      vertex -13.9679 33.7216 0
    endloop
  endfacet
  facet normal -0.032109 0.981493 0.188785
    outer loop
      vertex 0 36.5 0.00999928
      vertex -1.73318 26.4433 52
      vertex 0 26.5 52
    endloop
  endfacet
  facet normal 0.72986 -0.683597 0
    outer loop
      vertex 25.8094 -25.8094 0.00999928
      vertex 27.4422 -24.0661 0
      vertex 27.4422 -24.0661 0.00999928
    endloop
  endfacet
  facet normal 0.72986 -0.683597 0
    outer loop
      vertex 27.4422 -24.0661 0
      vertex 25.8094 -25.8094 0.00999928
      vertex 25.8094 -25.8094 0
    endloop
  endfacet
  facet normal -0.571988 -0.798242 0.188784
    outer loop
      vertex -16.1322 -21.0239 52
      vertex -22.2198 -28.9574 0.00999928
      vertex -20.2783 -30.3486 0.00999928
    endloop
  endfacet
  facet normal -0.159937 0.968907 0.188784
    outer loop
      vertex -4.76421 36.1877 0.00999928
      vertex -7.1208 35.7987 0.00999928
      vertex -3.45894 26.2733 52
    endloop
  endfacet
  facet normal 0.759115 -0.622981 0.188784
    outer loop
      vertex 28.9574 -22.2198 0.00999928
      vertex 19.9238 -17.4727 52
      vertex 27.4422 -24.0661 0.00999928
    endloop
  endfacet
  facet normal 0.812858 0.582461 0
    outer loop
      vertex 30.3486 20.2783 0.00999928
      vertex 28.9574 22.2198 0
      vertex 28.9574 22.2198 0.00999928
    endloop
  endfacet
  facet normal 0.812858 0.582461 0
    outer loop
      vertex 28.9574 22.2198 0
      vertex 30.3486 20.2783 0.00999928
      vertex 30.3486 20.2783 0
    endloop
  endfacet
  facet normal -0.622979 -0.759116 0.188784
    outer loop
      vertex -17.4727 -19.9238 52
      vertex -22.2198 -28.9574 0.00999928
      vertex -16.1322 -21.0239 52
    endloop
  endfacet
  facet normal -0.622981 -0.759115 0.188784
    outer loop
      vertex -17.4727 -19.9238 52
      vertex -24.0661 -27.4422 0.00999928
      vertex -22.2198 -28.9574 0.00999928
    endloop
  endfacet
  facet normal 0.671341 0.716701 0.188786
    outer loop
      vertex 25.8094 25.8094 0.00999928
      vertex 17.4727 19.9238 52
      vertex 18.7383 18.7383 52
    endloop
  endfacet
  facet normal 0.405268 0.894493 0.188786
    outer loop
      vertex 13.9679 33.7216 0.00999928
      vertex 11.7206 23.7671 52
      vertex 16.1435 32.7359 0.00999928
    endloop
  endfacet
  facet normal -0.881912 0.471414 0
    outer loop
      vertex -32.7359 16.1435 0
      vertex -31.6099 18.25 0.00999928
      vertex -31.6099 18.25 0
    endloop
  endfacet
  facet normal -0.881912 0.471414 0
    outer loop
      vertex -31.6099 18.25 0.00999928
      vertex -32.7359 16.1435 0
      vertex -32.7359 16.1435 0.00999928
    endloop
  endfacet
  facet normal -0.162865 -0.986648 0
    outer loop
      vertex -7.1208 -35.7987 0
      vertex -4.76421 -36.1877 0.00999928
      vertex -7.1208 -35.7987 0.00999928
    endloop
  endfacet
  facet normal -0.162865 -0.986648 -0
    outer loop
      vertex -4.76421 -36.1877 0.00999928
      vertex -7.1208 -35.7987 0
      vertex -4.76421 -36.1877 0
    endloop
  endfacet
  facet normal -0.571965 -0.798259 0.188785
    outer loop
      vertex -16.1322 -21.0239 52
      vertex -20.2783 -30.3486 0.00999928
      vertex -14.7226 -22.0339 52
    endloop
  endfacet
  facet normal -0.0962896 0.977286 0.188784
    outer loop
      vertex -2.38721 36.4219 0.00999928
      vertex -4.76421 36.1877 0.00999928
      vertex -3.45894 26.2733 52
    endloop
  endfacet
  facet normal 0.0980528 -0.995181 0
    outer loop
      vertex 2.38721 -36.4219 0
      vertex 4.76421 -36.1877 0.00999928
      vertex 2.38721 -36.4219 0.00999928
    endloop
  endfacet
  facet normal 0.0980528 -0.995181 0
    outer loop
      vertex 4.76421 -36.1877 0.00999928
      vertex 2.38721 -36.4219 0
      vertex 4.76421 -36.1877 0
    endloop
  endfacet
  facet normal 0.977286 -0.0962896 0.188784
    outer loop
      vertex 36.4219 -2.38721 0.00999928
      vertex 26.2733 -3.45894 52
      vertex 36.1877 -4.76421 0.00999928
    endloop
  endfacet
  facet normal 0.09627 -0.977288 0.188785
    outer loop
      vertex 3.45894 -26.2733 52
      vertex 1.73318 -26.4433 52
      vertex 2.38721 -36.4219 0.00999928
    endloop
  endfacet
  facet normal -0.956362 0.223006 0.188786
    outer loop
      vertex -25.597 6.8587 52
      vertex -35.2563 9.44689 0.00999928
      vertex -25.9908 5.16989 52
    endloop
  endfacet
  facet normal 0.716736 0.671305 0.188784
    outer loop
      vertex 25.8094 25.8094 0.00999928
      vertex 19.9238 17.4727 52
      vertex 27.4422 24.0661 0.00999928
    endloop
  endfacet
  facet normal 0.894477 -0.405304 0.188785
    outer loop
      vertex 24.4828 -10.1411 52
      vertex 23.7671 -11.7206 52
      vertex 33.7216 -13.9679 0.00999928
    endloop
  endfacet
  facet normal 0.462937 0.866054 0.188786
    outer loop
      vertex 16.1435 32.7359 0.00999928
      vertex 11.7206 23.7671 52
      vertex 18.25 31.6099 0.00999928
    endloop
  endfacet
  facet normal -0.919084 0.345899 0.188785
    outer loop
      vertex -24.4828 10.1411 52
      vertex -33.7216 13.9679 0.00999928
      vertex -25.0936 8.51815 52
    endloop
  endfacet
  facet normal 0.0980528 0.995181 -0
    outer loop
      vertex 4.76421 36.1877 0
      vertex 2.38721 36.4219 0.00999928
      vertex 4.76421 36.1877 0.00999928
    endloop
  endfacet
  facet normal 0.0980528 0.995181 0
    outer loop
      vertex 2.38721 36.4219 0.00999928
      vertex 4.76421 36.1877 0
      vertex 2.38721 36.4219 0
    endloop
  endfacet
  facet normal 0.223005 0.956362 0.188786
    outer loop
      vertex 7.1208 35.7987 0.00999928
      vertex 5.16989 25.9908 52
      vertex 9.44689 35.2563 0.00999928
    endloop
  endfacet
  facet normal 0.956362 0.223005 0.188786
    outer loop
      vertex 35.2563 9.44689 0.00999928
      vertex 25.9908 5.16989 52
      vertex 35.7987 7.1208 0.00999928
    endloop
  endfacet
  facet normal 0.919084 0.345899 0.188785
    outer loop
      vertex 33.7216 13.9679 0.00999928
      vertex 24.4828 10.1411 52
      vertex 25.0936 8.51815 52
    endloop
  endfacet
  facet normal 0.227089 0.973874 -0
    outer loop
      vertex 9.44689 35.2563 0
      vertex 7.1208 35.7987 0.00999928
      vertex 9.44689 35.2563 0.00999928
    endloop
  endfacet
  facet normal 0.227089 0.973874 0
    outer loop
      vertex 7.1208 35.7987 0.00999928
      vertex 9.44689 35.2563 0
      vertex 7.1208 35.7987 0
    endloop
  endfacet
  facet normal -0.405268 -0.894493 0.188786
    outer loop
      vertex -11.7206 -23.7671 52
      vertex -16.1435 -32.7359 0.00999928
      vertex -13.9679 -33.7216 0.00999928
    endloop
  endfacet
  facet normal -0.290272 0.956944 0
    outer loop
      vertex -9.44689 35.2563 0
      vertex -11.7325 34.563 0.00999928
      vertex -9.44689 35.2563 0.00999928
    endloop
  endfacet
  facet normal -0.290272 0.956944 0
    outer loop
      vertex -11.7325 34.563 0.00999928
      vertex -9.44689 35.2563 0
      vertex -11.7325 34.563 0
    endloop
  endfacet
  facet normal -0.910872 -0.412689 0
    outer loop
      vertex -32.7359 -16.1435 0
      vertex -33.7216 -13.9679 0.00999928
      vertex -33.7216 -13.9679 0
    endloop
  endfacet
  facet normal -0.910872 -0.412689 0
    outer loop
      vertex -33.7216 -13.9679 0.00999928
      vertex -32.7359 -16.1435 0
      vertex -32.7359 -16.1435 0.00999928
    endloop
  endfacet
  facet normal 0.0326985 0.999465 -0
    outer loop
      vertex 2.38721 36.4219 0
      vertex 0 36.5 0.00999928
      vertex 2.38721 36.4219 0.00999928
    endloop
  endfacet
  facet normal 0.0326985 0.999465 0
    outer loop
      vertex 0 36.5 0.00999928
      vertex 2.38721 36.4219 0
      vertex 0 36.5 0
    endloop
  endfacet
  facet normal 0.956362 0.223006 0.188786
    outer loop
      vertex 35.2563 9.44689 0.00999928
      vertex 25.597 6.8587 52
      vertex 25.9908 5.16989 52
    endloop
  endfacet
  facet normal -0.223005 -0.956362 0.188786
    outer loop
      vertex -5.16989 -25.9908 52
      vertex -9.44689 -35.2563 0.00999928
      vertex -7.1208 -35.7987 0.00999928
    endloop
  endfacet
  facet normal -0.981493 0.0321106 0.188785
    outer loop
      vertex -36.4219 2.38721 0.00999928
      vertex -36.5 0 0.00999928
      vertex -26.4433 1.73318 52
    endloop
  endfacet
  facet normal -0.223005 0.956362 0.188786
    outer loop
      vertex -7.1208 35.7987 0.00999928
      vertex -9.44689 35.2563 0.00999928
      vertex -5.16989 25.9908 52
    endloop
  endfacet
  facet normal 0.773014 0.634388 0
    outer loop
      vertex 28.9574 22.2198 0.00999928
      vertex 27.4422 24.0661 0
      vertex 27.4422 24.0661 0.00999928
    endloop
  endfacet
  facet normal 0.773014 0.634388 0
    outer loop
      vertex 27.4422 24.0661 0
      vertex 28.9574 22.2198 0.00999928
      vertex 28.9574 22.2198 0
    endloop
  endfacet
  facet normal -0.812858 0.582461 0
    outer loop
      vertex -30.3486 20.2783 0
      vertex -28.9574 22.2198 0.00999928
      vertex -28.9574 22.2198 0
    endloop
  endfacet
  facet normal -0.812858 0.582461 0
    outer loop
      vertex -28.9574 22.2198 0.00999928
      vertex -30.3486 20.2783 0
      vertex -30.3486 20.2783 0.00999928
    endloop
  endfacet
  facet normal -0.999465 -0.0326985 0
    outer loop
      vertex -36.4219 -2.38721 0
      vertex -36.5 0 0.00999928
      vertex -36.5 0 0
    endloop
  endfacet
  facet normal -0.999465 -0.0326985 0
    outer loop
      vertex -36.5 0 0.00999928
      vertex -36.4219 -2.38721 0
      vertex -36.4219 -2.38721 0.00999928
    endloop
  endfacet
  facet normal -0.833912 0.518605 0.188784
    outer loop
      vertex -22.0339 14.7226 52
      vertex -31.6099 18.25 0.00999928
      vertex -22.9497 13.25 52
    endloop
  endfacet
  facet normal -0.833928 0.518579 0.188785
    outer loop
      vertex -30.3486 20.2783 0.00999928
      vertex -31.6099 18.25 0.00999928
      vertex -22.0339 14.7226 52
    endloop
  endfacet
  facet normal -0.981493 0.032109 0.188785
    outer loop
      vertex -26.4433 1.73318 52
      vertex -36.5 0 0.00999928
      vertex -26.5 0 52
    endloop
  endfacet
  facet normal 0.159978 0.9689 0.188786
    outer loop
      vertex 7.1208 35.7987 0.00999928
      vertex 3.45894 26.2733 52
      vertex 5.16989 25.9908 52
    endloop
  endfacet
  facet normal 0.683597 -0.72986 0
    outer loop
      vertex 24.0661 -27.4422 0
      vertex 25.8094 -25.8094 0.00999928
      vertex 24.0661 -27.4422 0.00999928
    endloop
  endfacet
  facet normal 0.683597 -0.72986 0
    outer loop
      vertex 25.8094 -25.8094 0.00999928
      vertex 24.0661 -27.4422 0
      vertex 25.8094 -25.8094 0
    endloop
  endfacet
  facet normal 0.345899 -0.919084 0.188785
    outer loop
      vertex 10.1411 -24.4828 52
      vertex 8.51815 -25.0936 52
      vertex 13.9679 -33.7216 0.00999928
    endloop
  endfacet
  facet normal -0.671341 -0.716701 0.188786
    outer loop
      vertex -18.7383 -18.7383 52
      vertex -25.8094 -25.8094 0.00999928
      vertex -17.4727 -19.9238 52
    endloop
  endfacet
  facet normal -0.798259 -0.571965 0.188785
    outer loop
      vertex -22.0339 -14.7226 52
      vertex -30.3486 -20.2783 0.00999928
      vertex -21.0239 -16.1322 52
    endloop
  endfacet
  facet normal -0.798242 -0.571988 0.188784
    outer loop
      vertex -21.0239 -16.1322 52
      vertex -30.3486 -20.2783 0.00999928
      vertex -28.9574 -22.2198 0.00999928
    endloop
  endfacet
  facet normal 0.285071 -0.939731 0.188786
    outer loop
      vertex 8.51815 -25.0936 52
      vertex 6.8587 -25.597 52
      vertex 9.44689 -35.2563 0.00999928
    endloop
  endfacet
  facet normal 0.285053 -0.939736 0.188786
    outer loop
      vertex 11.7325 -34.563 0.00999928
      vertex 8.51815 -25.0936 52
      vertex 9.44689 -35.2563 0.00999928
    endloop
  endfacet
  facet normal -0.72986 -0.683597 0
    outer loop
      vertex -25.8094 -25.8094 0
      vertex -27.4422 -24.0661 0.00999928
      vertex -27.4422 -24.0661 0
    endloop
  endfacet
  facet normal -0.72986 -0.683597 0
    outer loop
      vertex -27.4422 -24.0661 0.00999928
      vertex -25.8094 -25.8094 0
      vertex -25.8094 -25.8094 0.00999928
    endloop
  endfacet
  facet normal -0.894477 -0.405304 0.188785
    outer loop
      vertex -24.4828 -10.1411 52
      vertex -33.7216 -13.9679 0.00999928
      vertex -23.7671 -11.7206 52
    endloop
  endfacet
  facet normal -0.405304 0.894477 0.188785
    outer loop
      vertex -10.1411 24.4828 52
      vertex -13.9679 33.7216 0.00999928
      vertex -11.7206 23.7671 52
    endloop
  endfacet
  facet normal 0.981493 -0.0321106 0.188785
    outer loop
      vertex 36.5 0 0.00999928
      vertex 26.4433 -1.73318 52
      vertex 36.4219 -2.38721 0.00999928
    endloop
  endfacet
  facet normal 0.412689 -0.910872 0
    outer loop
      vertex 13.9679 -33.7216 0
      vertex 16.1435 -32.7359 0.00999928
      vertex 13.9679 -33.7216 0.00999928
    endloop
  endfacet
  facet normal 0.412689 -0.910872 0
    outer loop
      vertex 16.1435 -32.7359 0.00999928
      vertex 13.9679 -33.7216 0
      vertex 16.1435 -32.7359 0
    endloop
  endfacet
  facet normal -0.223006 -0.956362 0.188786
    outer loop
      vertex -6.8587 -25.597 52
      vertex -9.44689 -35.2563 0.00999928
      vertex -5.16989 -25.9908 52
    endloop
  endfacet
  facet normal -0.759116 0.622979 0.188784
    outer loop
      vertex -19.9238 17.4727 52
      vertex -28.9574 22.2198 0.00999928
      vertex -21.0239 16.1322 52
    endloop
  endfacet
  facet normal -0.919069 -0.345936 0.188786
    outer loop
      vertex -25.0936 -8.51815 52
      vertex -34.563 -11.7325 0.00999928
      vertex -33.7216 -13.9679 0.00999928
    endloop
  endfacet
  facet normal 0.910872 0.412689 0
    outer loop
      vertex 33.7216 13.9679 0.00999928
      vertex 32.7359 16.1435 0
      vertex 32.7359 16.1435 0.00999928
    endloop
  endfacet
  facet normal 0.910872 0.412689 0
    outer loop
      vertex 32.7359 16.1435 0
      vertex 33.7216 13.9679 0.00999928
      vertex 33.7216 13.9679 0
    endloop
  endfacet
  facet normal -0.981493 -0.032109 0.188785
    outer loop
      vertex -26.5 0 52
      vertex -36.5 0 0.00999928
      vertex -26.4433 -1.73318 52
    endloop
  endfacet
  facet normal -0.09627 -0.977288 0.188785
    outer loop
      vertex -1.73318 -26.4433 52
      vertex -3.45894 -26.2733 52
      vertex -2.38721 -36.4219 0.00999928
    endloop
  endfacet
  facet normal -0.0962896 -0.977286 0.188784
    outer loop
      vertex -3.45894 -26.2733 52
      vertex -4.76421 -36.1877 0.00999928
      vertex -2.38721 -36.4219 0.00999928
    endloop
  endfacet
  facet normal -0.227089 0.973874 0
    outer loop
      vertex -7.1208 35.7987 0
      vertex -9.44689 35.2563 0.00999928
      vertex -7.1208 35.7987 0.00999928
    endloop
  endfacet
  facet normal -0.227089 0.973874 0
    outer loop
      vertex -9.44689 35.2563 0.00999928
      vertex -7.1208 35.7987 0
      vertex -9.44689 35.2563 0
    endloop
  endfacet
  facet normal 0.0326985 -0.999465 0
    outer loop
      vertex 0 -36.5 0
      vertex 2.38721 -36.4219 0.00999928
      vertex 0 -36.5 0.00999928
    endloop
  endfacet
  facet normal 0.0326985 -0.999465 0
    outer loop
      vertex 2.38721 -36.4219 0.00999928
      vertex 0 -36.5 0
      vertex 2.38721 -36.4219 0
    endloop
  endfacet
  facet normal 0.223005 -0.956362 0.188786
    outer loop
      vertex 9.44689 -35.2563 0.00999928
      vertex 5.16989 -25.9908 52
      vertex 7.1208 -35.7987 0.00999928
    endloop
  endfacet
  facet normal -0.986648 0.162865 0
    outer loop
      vertex -36.1877 4.76421 0
      vertex -35.7987 7.1208 0.00999928
      vertex -35.7987 7.1208 0
    endloop
  endfacet
  facet normal -0.986648 0.162865 0
    outer loop
      vertex -35.7987 7.1208 0.00999928
      vertex -36.1877 4.76421 0
      vertex -36.1877 4.76421 0.00999928
    endloop
  endfacet
  facet normal -0.798242 0.571988 0.188784
    outer loop
      vertex -28.9574 22.2198 0.00999928
      vertex -30.3486 20.2783 0.00999928
      vertex -21.0239 16.1322 52
    endloop
  endfacet
  facet normal -0.798259 0.571965 0.188785
    outer loop
      vertex -21.0239 16.1322 52
      vertex -30.3486 20.2783 0.00999928
      vertex -22.0339 14.7226 52
    endloop
  endfacet
  facet normal 0.986648 0.162865 0
    outer loop
      vertex 36.1877 4.76421 0.00999928
      vertex 35.7987 7.1208 0
      vertex 35.7987 7.1208 0.00999928
    endloop
  endfacet
  facet normal 0.986648 0.162865 0
    outer loop
      vertex 35.7987 7.1208 0
      vertex 36.1877 4.76421 0.00999928
      vertex 36.1877 4.76421 0
    endloop
  endfacet
  facet normal 0.759116 0.622979 0.188784
    outer loop
      vertex 28.9574 22.2198 0.00999928
      vertex 19.9238 17.4727 52
      vertex 21.0239 16.1322 52
    endloop
  endfacet
  facet normal 0.919069 0.345936 0.188786
    outer loop
      vertex 33.7216 13.9679 0.00999928
      vertex 25.0936 8.51815 52
      vertex 34.563 11.7325 0.00999928
    endloop
  endfacet
  facet normal -0.849198 -0.528074 0
    outer loop
      vertex -30.3486 -20.2783 0
      vertex -31.6099 -18.25 0.00999928
      vertex -31.6099 -18.25 0
    endloop
  endfacet
  facet normal -0.849198 -0.528074 0
    outer loop
      vertex -31.6099 -18.25 0.00999928
      vertex -30.3486 -20.2783 0
      vertex -30.3486 -20.2783 0.00999928
    endloop
  endfacet
  facet normal -0.528074 0.849198 0
    outer loop
      vertex -18.25 31.6099 0
      vertex -20.2783 30.3486 0.00999928
      vertex -18.25 31.6099 0.00999928
    endloop
  endfacet
  facet normal -0.528074 0.849198 0
    outer loop
      vertex -20.2783 30.3486 0.00999928
      vertex -18.25 31.6099 0
      vertex -20.2783 30.3486 0
    endloop
  endfacet
  facet normal -0.345936 0.919069 0.188786
    outer loop
      vertex -11.7325 34.563 0.00999928
      vertex -13.9679 33.7216 0.00999928
      vertex -8.51815 25.0936 52
    endloop
  endfacet
  facet normal -0.09627 0.977288 0.188785
    outer loop
      vertex -2.38721 36.4219 0.00999928
      vertex -3.45894 26.2733 52
      vertex -1.73318 26.4433 52
    endloop
  endfacet
  facet normal -0.582461 0.812858 0
    outer loop
      vertex -20.2783 30.3486 0
      vertex -22.2198 28.9574 0.00999928
      vertex -20.2783 30.3486 0.00999928
    endloop
  endfacet
  facet normal -0.582461 0.812858 0
    outer loop
      vertex -22.2198 28.9574 0.00999928
      vertex -20.2783 30.3486 0
      vertex -22.2198 28.9574 0
    endloop
  endfacet
  facet normal -0.956362 -0.223005 0.188786
    outer loop
      vertex -25.9908 -5.16989 52
      vertex -35.7987 -7.1208 0.00999928
      vertex -35.2563 -9.44689 0.00999928
    endloop
  endfacet
  facet normal -0.671305 0.716736 0.188784
    outer loop
      vertex -24.0661 27.4422 0.00999928
      vertex -25.8094 25.8094 0.00999928
      vertex -17.4727 19.9238 52
    endloop
  endfacet
  facet normal 0.866082 0.462885 0.188784
    outer loop
      vertex 31.6099 18.25 0.00999928
      vertex 22.9497 13.25 52
      vertex 23.7671 11.7206 52
    endloop
  endfacet
  facet normal -0.462885 -0.866082 0.188784
    outer loop
      vertex -13.25 -22.9497 52
      vertex -18.25 -31.6099 0.00999928
      vertex -11.7206 -23.7671 52
    endloop
  endfacet
  facet normal -0.462937 -0.866054 0.188786
    outer loop
      vertex -11.7206 -23.7671 52
      vertex -18.25 -31.6099 0.00999928
      vertex -16.1435 -32.7359 0.00999928
    endloop
  endfacet
  facet normal -0.866082 -0.462885 0.188784
    outer loop
      vertex -23.7671 -11.7206 52
      vertex -31.6099 -18.25 0.00999928
      vertex -22.9497 -13.25 52
    endloop
  endfacet
  facet normal -0.833912 -0.518605 0.188784
    outer loop
      vertex -22.9497 -13.25 52
      vertex -31.6099 -18.25 0.00999928
      vertex -22.0339 -14.7226 52
    endloop
  endfacet
  facet normal -0.866054 -0.462937 0.188786
    outer loop
      vertex -23.7671 -11.7206 52
      vertex -32.7359 -16.1435 0.00999928
      vertex -31.6099 -18.25 0.00999928
    endloop
  endfacet
  facet normal -0.894493 -0.405268 0.188786
    outer loop
      vertex -23.7671 -11.7206 52
      vertex -33.7216 -13.9679 0.00999928
      vertex -32.7359 -16.1435 0.00999928
    endloop
  endfacet
  facet normal 0.571965 -0.798259 0.188785
    outer loop
      vertex 16.1322 -21.0239 52
      vertex 14.7226 -22.0339 52
      vertex 20.2783 -30.3486 0.00999928
    endloop
  endfacet
  facet normal 0.894477 0.405304 0.188785
    outer loop
      vertex 33.7216 13.9679 0.00999928
      vertex 23.7671 11.7206 52
      vertex 24.4828 10.1411 52
    endloop
  endfacet
  facet normal -0.582461 -0.812858 0
    outer loop
      vertex -22.2198 -28.9574 0
      vertex -20.2783 -30.3486 0.00999928
      vertex -22.2198 -28.9574 0.00999928
    endloop
  endfacet
  facet normal -0.582461 -0.812858 -0
    outer loop
      vertex -20.2783 -30.3486 0.00999928
      vertex -22.2198 -28.9574 0
      vertex -20.2783 -30.3486 0
    endloop
  endfacet
  facet normal -0.977288 0.09627 0.188785
    outer loop
      vertex -26.2733 3.45894 52
      vertex -36.4219 2.38721 0.00999928
      vertex -26.4433 1.73318 52
    endloop
  endfacet
  facet normal 0.622981 -0.759115 0.188784
    outer loop
      vertex 24.0661 -27.4422 0.00999928
      vertex 17.4727 -19.9238 52
      vertex 22.2198 -28.9574 0.00999928
    endloop
  endfacet
  facet normal 0.634388 -0.773014 0
    outer loop
      vertex 22.2198 -28.9574 0
      vertex 24.0661 -27.4422 0.00999928
      vertex 22.2198 -28.9574 0.00999928
    endloop
  endfacet
  facet normal 0.634388 -0.773014 0
    outer loop
      vertex 24.0661 -27.4422 0.00999928
      vertex 22.2198 -28.9574 0
      vertex 24.0661 -27.4422 0
    endloop
  endfacet
  facet normal 0.9689 0.159978 0.188786
    outer loop
      vertex 35.7987 7.1208 0.00999928
      vertex 25.9908 5.16989 52
      vertex 26.2733 3.45894 52
    endloop
  endfacet
  facet normal -0.462885 0.866082 0.188784
    outer loop
      vertex -11.7206 23.7671 52
      vertex -18.25 31.6099 0.00999928
      vertex -13.25 22.9497 52
    endloop
  endfacet
  facet normal -0.939731 0.285071 0.188786
    outer loop
      vertex -25.0936 8.51815 52
      vertex -35.2563 9.44689 0.00999928
      vertex -25.597 6.8587 52
    endloop
  endfacet
  facet normal 0.582461 0.812858 -0
    outer loop
      vertex 22.2198 28.9574 0
      vertex 20.2783 30.3486 0.00999928
      vertex 22.2198 28.9574 0.00999928
    endloop
  endfacet
  facet normal 0.582461 0.812858 0
    outer loop
      vertex 20.2783 30.3486 0.00999928
      vertex 22.2198 28.9574 0
      vertex 20.2783 30.3486 0
    endloop
  endfacet
  facet normal -0.162865 0.986648 0
    outer loop
      vertex -4.76421 36.1877 0
      vertex -7.1208 35.7987 0.00999928
      vertex -4.76421 36.1877 0.00999928
    endloop
  endfacet
  facet normal -0.162865 0.986648 0
    outer loop
      vertex -7.1208 35.7987 0.00999928
      vertex -4.76421 36.1877 0
      vertex -7.1208 35.7987 0
    endloop
  endfacet
  facet normal -0.981493 -0.0321106 0.188785
    outer loop
      vertex -26.4433 -1.73318 52
      vertex -36.5 0 0.00999928
      vertex -36.4219 -2.38721 0.00999928
    endloop
  endfacet
  facet normal -0.977288 -0.09627 0.188785
    outer loop
      vertex -26.4433 -1.73318 52
      vertex -36.4219 -2.38721 0.00999928
      vertex -26.2733 -3.45894 52
    endloop
  endfacet
  facet normal -0.935898 -0.35227 0
    outer loop
      vertex -33.7216 -13.9679 0
      vertex -34.563 -11.7325 0.00999928
      vertex -34.563 -11.7325 0
    endloop
  endfacet
  facet normal -0.935898 -0.35227 0
    outer loop
      vertex -34.563 -11.7325 0.00999928
      vertex -33.7216 -13.9679 0
      vertex -33.7216 -13.9679 0.00999928
    endloop
  endfacet
  facet normal -0.986648 -0.162865 0
    outer loop
      vertex -35.7987 -7.1208 0
      vertex -36.1877 -4.76421 0.00999928
      vertex -36.1877 -4.76421 0
    endloop
  endfacet
  facet normal -0.986648 -0.162865 0
    outer loop
      vertex -36.1877 -4.76421 0.00999928
      vertex -35.7987 -7.1208 0
      vertex -35.7987 -7.1208 0.00999928
    endloop
  endfacet
  facet normal -0.622981 0.759115 0.188784
    outer loop
      vertex -22.2198 28.9574 0.00999928
      vertex -24.0661 27.4422 0.00999928
      vertex -17.4727 19.9238 52
    endloop
  endfacet
  facet normal 0.671305 0.716736 0.188784
    outer loop
      vertex 24.0661 27.4422 0.00999928
      vertex 17.4727 19.9238 52
      vertex 25.8094 25.8094 0.00999928
    endloop
  endfacet
  facet normal -0.977286 0.0962896 0.188784
    outer loop
      vertex -36.1877 4.76421 0.00999928
      vertex -36.4219 2.38721 0.00999928
      vertex -26.2733 3.45894 52
    endloop
  endfacet
  facet normal -0.968907 0.159937 0.188784
    outer loop
      vertex -35.7987 7.1208 0.00999928
      vertex -36.1877 4.76421 0.00999928
      vertex -26.2733 3.45894 52
    endloop
  endfacet
  facet normal 0.833928 0.518579 0.188785
    outer loop
      vertex 30.3486 20.2783 0.00999928
      vertex 22.0339 14.7226 52
      vertex 31.6099 18.25 0.00999928
    endloop
  endfacet
  facet normal 0.833912 0.518605 0.188784
    outer loop
      vertex 31.6099 18.25 0.00999928
      vertex 22.0339 14.7226 52
      vertex 22.9497 13.25 52
    endloop
  endfacet
  facet normal -0.571965 0.798259 0.188785
    outer loop
      vertex -14.7226 22.0339 52
      vertex -20.2783 30.3486 0.00999928
      vertex -16.1322 21.0239 52
    endloop
  endfacet
  facet normal -0.571988 0.798242 0.188784
    outer loop
      vertex -20.2783 30.3486 0.00999928
      vertex -22.2198 28.9574 0.00999928
      vertex -16.1322 21.0239 52
    endloop
  endfacet
  facet normal 0.518579 0.833928 0.188785
    outer loop
      vertex 18.25 31.6099 0.00999928
      vertex 14.7226 22.0339 52
      vertex 20.2783 30.3486 0.00999928
    endloop
  endfacet
  facet normal -0.968907 -0.159937 0.188784
    outer loop
      vertex -26.2733 -3.45894 52
      vertex -36.1877 -4.76421 0.00999928
      vertex -35.7987 -7.1208 0.00999928
    endloop
  endfacet
  facet normal -0.973874 0.227089 0
    outer loop
      vertex -35.7987 7.1208 0
      vertex -35.2563 9.44689 0.00999928
      vertex -35.2563 9.44689 0
    endloop
  endfacet
  facet normal -0.973874 0.227089 0
    outer loop
      vertex -35.2563 9.44689 0.00999928
      vertex -35.7987 7.1208 0
      vertex -35.7987 7.1208 0.00999928
    endloop
  endfacet
  facet normal -0.671341 0.716701 0.188786
    outer loop
      vertex -17.4727 19.9238 52
      vertex -25.8094 25.8094 0.00999928
      vertex -18.7383 18.7383 52
    endloop
  endfacet
  facet normal 0.866054 0.462937 0.188786
    outer loop
      vertex 31.6099 18.25 0.00999928
      vertex 23.7671 11.7206 52
      vertex 32.7359 16.1435 0.00999928
    endloop
  endfacet
  facet normal 0.894493 0.405268 0.188786
    outer loop
      vertex 32.7359 16.1435 0.00999928
      vertex 23.7671 11.7206 52
      vertex 33.7216 13.9679 0.00999928
    endloop
  endfacet
  facet normal 0.571965 0.798259 0.188785
    outer loop
      vertex 20.2783 30.3486 0.00999928
      vertex 14.7226 22.0339 52
      vertex 16.1322 21.0239 52
    endloop
  endfacet
  facet normal 0.798259 0.571965 0.188785
    outer loop
      vertex 30.3486 20.2783 0.00999928
      vertex 21.0239 16.1322 52
      vertex 22.0339 14.7226 52
    endloop
  endfacet
  facet normal -0.939736 -0.285053 0.188786
    outer loop
      vertex -25.0936 -8.51815 52
      vertex -35.2563 -9.44689 0.00999928
      vertex -34.563 -11.7325 0.00999928
    endloop
  endfacet
  facet normal 0.622981 0.759115 0.188784
    outer loop
      vertex 22.2198 28.9574 0.00999928
      vertex 17.4727 19.9238 52
      vertex 24.0661 27.4422 0.00999928
    endloop
  endfacet
  facet normal 0.716701 0.671341 0.188786
    outer loop
      vertex 25.8094 25.8094 0.00999928
      vertex 18.7383 18.7383 52
      vertex 19.9238 17.4727 52
    endloop
  endfacet
  facet normal 0 0 1
    outer loop
      vertex 20.5 0 52
      vertex 26.5 0 52
      vertex 26.4433 1.73318 52
    endloop
  endfacet
  facet normal 0 0 1
    outer loop
      vertex 20.4561 1.34076 52
      vertex 26.4433 1.73318 52
      vertex 26.2733 3.45894 52
    endloop
  endfacet
  facet normal 0 0 1
    outer loop
      vertex 26.5 0 52
      vertex 20.5 0 52
      vertex 26.4433 -1.73318 52
    endloop
  endfacet
  facet normal 0 0 1
    outer loop
      vertex 20.3246 2.67579 52
      vertex 26.2733 3.45894 52
      vertex 25.9908 5.16989 52
    endloop
  endfacet
  facet normal -0 0 1
    outer loop
      vertex 20.4561 -1.34076 52
      vertex 26.4433 -1.73318 52
      vertex 20.5 0 52
    endloop
  endfacet
  facet normal 0 0 1
    outer loop
      vertex 20.1061 3.99935 52
      vertex 25.9908 5.16989 52
      vertex 25.597 6.8587 52
    endloop
  endfacet
  facet normal 0 0 1
    outer loop
      vertex 26.4433 -1.73318 52
      vertex 20.4561 -1.34076 52
      vertex 26.2733 -3.45894 52
    endloop
  endfacet
  facet normal 0 0 1
    outer loop
      vertex 19.8015 5.30579 52
      vertex 25.597 6.8587 52
      vertex 25.0936 8.51815 52
    endloop
  endfacet
  facet normal -0 0 1
    outer loop
      vertex 20.3246 -2.67579 52
      vertex 26.2733 -3.45894 52
      vertex 20.4561 -1.34076 52
    endloop
  endfacet
  facet normal 0 0 1
    outer loop
      vertex 19.4121 6.58951 52
      vertex 25.0936 8.51815 52
      vertex 24.4828 10.1411 52
    endloop
  endfacet
  facet normal 0 0 1
    outer loop
      vertex 26.2733 -3.45894 52
      vertex 20.3246 -2.67579 52
      vertex 25.9908 -5.16989 52
    endloop
  endfacet
  facet normal 0 0 1
    outer loop
      vertex 18.9395 7.84501 52
      vertex 24.4828 10.1411 52
      vertex 23.7671 11.7206 52
    endloop
  endfacet
  facet normal -0 0 1
    outer loop
      vertex 20.1061 -3.99935 52
      vertex 25.9908 -5.16989 52
      vertex 20.3246 -2.67579 52
    endloop
  endfacet
  facet normal 0 0 1
    outer loop
      vertex 18.3859 9.06692 52
      vertex 23.7671 11.7206 52
      vertex 22.9497 13.25 52
    endloop
  endfacet
  facet normal 0 0 1
    outer loop
      vertex 25.9908 -5.16989 52
      vertex 20.1061 -3.99935 52
      vertex 25.597 -6.8587 52
    endloop
  endfacet
  facet normal 0 0 1
    outer loop
      vertex 17.7535 10.25 52
      vertex 22.9497 13.25 52
      vertex 22.0339 14.7226 52
    endloop
  endfacet
  facet normal -0 0 1
    outer loop
      vertex 19.8015 -5.30579 52
      vertex 25.597 -6.8587 52
      vertex 20.1061 -3.99935 52
    endloop
  endfacet
  facet normal 0 0 1
    outer loop
      vertex 17.0451 11.3892 52
      vertex 22.0339 14.7226 52
      vertex 21.0239 16.1322 52
    endloop
  endfacet
  facet normal 0 0 1
    outer loop
      vertex 25.597 -6.8587 52
      vertex 19.8015 -5.30579 52
      vertex 25.0936 -8.51815 52
    endloop
  endfacet
  facet normal -0 0 1
    outer loop
      vertex 19.4121 -6.58951 52
      vertex 25.0936 -8.51815 52
      vertex 19.8015 -5.30579 52
    endloop
  endfacet
  facet normal 0 0 1
    outer loop
      vertex 26.4433 1.73318 52
      vertex 20.4561 1.34076 52
      vertex 20.5 0 52
    endloop
  endfacet
  facet normal 0 0 1
    outer loop
      vertex 26.2733 3.45894 52
      vertex 20.3246 2.67579 52
      vertex 20.4561 1.34076 52
    endloop
  endfacet
  facet normal 0 0 1
    outer loop
      vertex 25.9908 5.16989 52
      vertex 20.1061 3.99935 52
      vertex 20.3246 2.67579 52
    endloop
  endfacet
  facet normal 0 0 1
    outer loop
      vertex 16.2637 12.4796 52
      vertex 21.0239 16.1322 52
      vertex 19.9238 17.4727 52
    endloop
  endfacet
  facet normal 0 0 1
    outer loop
      vertex 25.597 6.8587 52
      vertex 19.8015 5.30579 52
      vertex 20.1061 3.99935 52
    endloop
  endfacet
  facet normal 0 0 1
    outer loop
      vertex 25.0936 8.51815 52
      vertex 19.4121 6.58951 52
      vertex 19.8015 5.30579 52
    endloop
  endfacet
  facet normal 0 0 1
    outer loop
      vertex 24.4828 10.1411 52
      vertex 18.9395 7.84501 52
      vertex 19.4121 6.58951 52
    endloop
  endfacet
  facet normal 0 0 1
    outer loop
      vertex 15.4127 13.5166 52
      vertex 19.9238 17.4727 52
      vertex 18.7383 18.7383 52
    endloop
  endfacet
  facet normal 0 0 1
    outer loop
      vertex 23.7671 11.7206 52
      vertex 18.3859 9.06692 52
      vertex 18.9395 7.84501 52
    endloop
  endfacet
  facet normal 0 0 1
    outer loop
      vertex 22.9497 13.25 52
      vertex 17.7535 10.25 52
      vertex 18.3859 9.06692 52
    endloop
  endfacet
  facet normal 0 0 1
    outer loop
      vertex 14.4957 14.4957 52
      vertex 18.7383 18.7383 52
      vertex 17.4727 19.9238 52
    endloop
  endfacet
  facet normal 0 0 1
    outer loop
      vertex 22.0339 14.7226 52
      vertex 17.0451 11.3892 52
      vertex 17.7535 10.25 52
    endloop
  endfacet
  facet normal 0 0 1
    outer loop
      vertex 21.0239 16.1322 52
      vertex 16.2637 12.4796 52
      vertex 17.0451 11.3892 52
    endloop
  endfacet
  facet normal 0 0 1
    outer loop
      vertex 13.5166 15.4127 52
      vertex 17.4727 19.9238 52
      vertex 16.1322 21.0239 52
    endloop
  endfacet
  facet normal 0 0 1
    outer loop
      vertex 19.9238 17.4727 52
      vertex 15.4127 13.5166 52
      vertex 16.2637 12.4796 52
    endloop
  endfacet
  facet normal 0 0 1
    outer loop
      vertex 12.4796 16.2637 52
      vertex 16.1322 21.0239 52
      vertex 14.7226 22.0339 52
    endloop
  endfacet
  facet normal 0 0 1
    outer loop
      vertex 18.7383 18.7383 52
      vertex 14.4957 14.4957 52
      vertex 15.4127 13.5166 52
    endloop
  endfacet
  facet normal 0 0 1
    outer loop
      vertex 17.4727 19.9238 52
      vertex 13.5166 15.4127 52
      vertex 14.4957 14.4957 52
    endloop
  endfacet
  facet normal 0 0 1
    outer loop
      vertex 11.3892 17.0451 52
      vertex 14.7226 22.0339 52
      vertex 13.25 22.9497 52
    endloop
  endfacet
  facet normal 0 0 1
    outer loop
      vertex 16.1322 21.0239 52
      vertex 12.4796 16.2637 52
      vertex 13.5166 15.4127 52
    endloop
  endfacet
  facet normal 0 0 1
    outer loop
      vertex 10.25 17.7535 52
      vertex 13.25 22.9497 52
      vertex 11.7206 23.7671 52
    endloop
  endfacet
  facet normal 0 0 1
    outer loop
      vertex 14.7226 22.0339 52
      vertex 11.3892 17.0451 52
      vertex 12.4796 16.2637 52
    endloop
  endfacet
  facet normal 0 0 1
    outer loop
      vertex 13.25 22.9497 52
      vertex 10.25 17.7535 52
      vertex 11.3892 17.0451 52
    endloop
  endfacet
  facet normal 0 0 1
    outer loop
      vertex 9.06692 18.3859 52
      vertex 11.7206 23.7671 52
      vertex 10.1411 24.4828 52
    endloop
  endfacet
  facet normal 0 0 1
    outer loop
      vertex 11.7206 23.7671 52
      vertex 9.06692 18.3859 52
      vertex 10.25 17.7535 52
    endloop
  endfacet
  facet normal 0 0 1
    outer loop
      vertex 7.84501 18.9395 52
      vertex 10.1411 24.4828 52
      vertex 8.51815 25.0936 52
    endloop
  endfacet
  facet normal 0 0 1
    outer loop
      vertex 10.1411 24.4828 52
      vertex 7.84501 18.9395 52
      vertex 9.06692 18.3859 52
    endloop
  endfacet
  facet normal 0 0 1
    outer loop
      vertex 6.58951 19.4121 52
      vertex 8.51815 25.0936 52
      vertex 6.8587 25.597 52
    endloop
  endfacet
  facet normal 0 0 1
    outer loop
      vertex 8.51815 25.0936 52
      vertex 6.58951 19.4121 52
      vertex 7.84501 18.9395 52
    endloop
  endfacet
  facet normal 0 0 1
    outer loop
      vertex 6.8587 25.597 52
      vertex 5.30579 19.8015 52
      vertex 6.58951 19.4121 52
    endloop
  endfacet
  facet normal 0 0 1
    outer loop
      vertex 5.16989 25.9908 52
      vertex 5.30579 19.8015 52
      vertex 6.8587 25.597 52
    endloop
  endfacet
  facet normal 0 0 1
    outer loop
      vertex 5.16989 25.9908 52
      vertex 3.99935 20.1061 52
      vertex 5.30579 19.8015 52
    endloop
  endfacet
  facet normal 0 0 1
    outer loop
      vertex 3.45894 26.2733 52
      vertex 3.99935 20.1061 52
      vertex 5.16989 25.9908 52
    endloop
  endfacet
  facet normal 0 0 1
    outer loop
      vertex 3.45894 26.2733 52
      vertex 2.67579 20.3246 52
      vertex 3.99935 20.1061 52
    endloop
  endfacet
  facet normal 0 0 1
    outer loop
      vertex 1.73318 26.4433 52
      vertex 2.67579 20.3246 52
      vertex 3.45894 26.2733 52
    endloop
  endfacet
  facet normal 0 0 1
    outer loop
      vertex 1.73318 26.4433 52
      vertex 1.34076 20.4561 52
      vertex 2.67579 20.3246 52
    endloop
  endfacet
  facet normal 0 0 1
    outer loop
      vertex 0 26.5 52
      vertex 1.34076 20.4561 52
      vertex 1.73318 26.4433 52
    endloop
  endfacet
  facet normal 0 0 1
    outer loop
      vertex 0 26.5 52
      vertex 0 20.5 52
      vertex 1.34076 20.4561 52
    endloop
  endfacet
  facet normal 0 0 1
    outer loop
      vertex 0 26.5 52
      vertex -1.34076 20.4561 52
      vertex 0 20.5 52
    endloop
  endfacet
  facet normal -0 0 1
    outer loop
      vertex -1.73318 26.4433 52
      vertex -1.34076 20.4561 52
      vertex 0 26.5 52
    endloop
  endfacet
  facet normal 0 0 1
    outer loop
      vertex -1.73318 26.4433 52
      vertex -2.67579 20.3246 52
      vertex -1.34076 20.4561 52
    endloop
  endfacet
  facet normal -0 0 1
    outer loop
      vertex -3.45894 26.2733 52
      vertex -2.67579 20.3246 52
      vertex -1.73318 26.4433 52
    endloop
  endfacet
  facet normal 0 0 1
    outer loop
      vertex -3.45894 26.2733 52
      vertex -3.99935 20.1061 52
      vertex -2.67579 20.3246 52
    endloop
  endfacet
  facet normal -0 0 1
    outer loop
      vertex -5.16989 25.9908 52
      vertex -3.99935 20.1061 52
      vertex -3.45894 26.2733 52
    endloop
  endfacet
  facet normal 0 0 1
    outer loop
      vertex -5.16989 25.9908 52
      vertex -5.30579 19.8015 52
      vertex -3.99935 20.1061 52
    endloop
  endfacet
  facet normal -0 0 1
    outer loop
      vertex -6.8587 25.597 52
      vertex -5.30579 19.8015 52
      vertex -5.16989 25.9908 52
    endloop
  endfacet
  facet normal 0 0 1
    outer loop
      vertex -5.30579 19.8015 52
      vertex -6.8587 25.597 52
      vertex -6.58951 19.4121 52
    endloop
  endfacet
  facet normal -0 0 1
    outer loop
      vertex -8.51815 25.0936 52
      vertex -6.58951 19.4121 52
      vertex -6.8587 25.597 52
    endloop
  endfacet
  facet normal 0 0 1
    outer loop
      vertex -6.58951 19.4121 52
      vertex -8.51815 25.0936 52
      vertex -7.84501 18.9395 52
    endloop
  endfacet
  facet normal -0 0 1
    outer loop
      vertex -10.1411 24.4828 52
      vertex -7.84501 18.9395 52
      vertex -8.51815 25.0936 52
    endloop
  endfacet
  facet normal 0 0 1
    outer loop
      vertex -7.84501 18.9395 52
      vertex -10.1411 24.4828 52
      vertex -9.06692 18.3859 52
    endloop
  endfacet
  facet normal -0 0 1
    outer loop
      vertex -11.7206 23.7671 52
      vertex -9.06692 18.3859 52
      vertex -10.1411 24.4828 52
    endloop
  endfacet
  facet normal 0 0 1
    outer loop
      vertex -9.06692 18.3859 52
      vertex -11.7206 23.7671 52
      vertex -10.25 17.7535 52
    endloop
  endfacet
  facet normal -0 0 1
    outer loop
      vertex -13.25 22.9497 52
      vertex -10.25 17.7535 52
      vertex -11.7206 23.7671 52
    endloop
  endfacet
  facet normal 0 0 1
    outer loop
      vertex -10.25 17.7535 52
      vertex -13.25 22.9497 52
      vertex -11.3892 17.0451 52
    endloop
  endfacet
  facet normal -0 0 1
    outer loop
      vertex -14.7226 22.0339 52
      vertex -11.3892 17.0451 52
      vertex -13.25 22.9497 52
    endloop
  endfacet
  facet normal 0 0 1
    outer loop
      vertex -11.3892 17.0451 52
      vertex -14.7226 22.0339 52
      vertex -12.4796 16.2637 52
    endloop
  endfacet
  facet normal -0 0 1
    outer loop
      vertex -16.1322 21.0239 52
      vertex -12.4796 16.2637 52
      vertex -14.7226 22.0339 52
    endloop
  endfacet
  facet normal 0 0 1
    outer loop
      vertex -12.4796 16.2637 52
      vertex -16.1322 21.0239 52
      vertex -13.5166 15.4127 52
    endloop
  endfacet
  facet normal -0 0 1
    outer loop
      vertex -17.4727 19.9238 52
      vertex -13.5166 15.4127 52
      vertex -16.1322 21.0239 52
    endloop
  endfacet
  facet normal 0 0 1
    outer loop
      vertex -13.5166 15.4127 52
      vertex -17.4727 19.9238 52
      vertex -14.4957 14.4957 52
    endloop
  endfacet
  facet normal -0 0 1
    outer loop
      vertex -18.7383 18.7383 52
      vertex -14.4957 14.4957 52
      vertex -17.4727 19.9238 52
    endloop
  endfacet
  facet normal 0 0 1
    outer loop
      vertex -14.4957 14.4957 52
      vertex -18.7383 18.7383 52
      vertex -15.4127 13.5166 52
    endloop
  endfacet
  facet normal -0 0 1
    outer loop
      vertex -19.9238 17.4727 52
      vertex -15.4127 13.5166 52
      vertex -18.7383 18.7383 52
    endloop
  endfacet
  facet normal 0 0 1
    outer loop
      vertex -15.4127 13.5166 52
      vertex -19.9238 17.4727 52
      vertex -16.2637 12.4796 52
    endloop
  endfacet
  facet normal -0 0 1
    outer loop
      vertex -21.0239 16.1322 52
      vertex -16.2637 12.4796 52
      vertex -19.9238 17.4727 52
    endloop
  endfacet
  facet normal 0 0 1
    outer loop
      vertex -16.2637 12.4796 52
      vertex -21.0239 16.1322 52
      vertex -17.0451 11.3892 52
    endloop
  endfacet
  facet normal -0 0 1
    outer loop
      vertex -22.0339 14.7226 52
      vertex -17.0451 11.3892 52
      vertex -21.0239 16.1322 52
    endloop
  endfacet
  facet normal 0 0 1
    outer loop
      vertex -17.0451 11.3892 52
      vertex -22.0339 14.7226 52
      vertex -17.7535 10.25 52
    endloop
  endfacet
  facet normal -0 0 1
    outer loop
      vertex -22.9497 13.25 52
      vertex -17.7535 10.25 52
      vertex -22.0339 14.7226 52
    endloop
  endfacet
  facet normal 0 0 1
    outer loop
      vertex -17.7535 10.25 52
      vertex -22.9497 13.25 52
      vertex -18.3859 9.06692 52
    endloop
  endfacet
  facet normal -0 0 1
    outer loop
      vertex -23.7671 11.7206 52
      vertex -18.3859 9.06692 52
      vertex -22.9497 13.25 52
    endloop
  endfacet
  facet normal 0 0 1
    outer loop
      vertex -18.3859 9.06692 52
      vertex -23.7671 11.7206 52
      vertex -18.9395 7.84501 52
    endloop
  endfacet
  facet normal -0 0 1
    outer loop
      vertex -24.4828 10.1411 52
      vertex -18.9395 7.84501 52
      vertex -23.7671 11.7206 52
    endloop
  endfacet
  facet normal -0 0 1
    outer loop
      vertex -25.0936 8.51815 52
      vertex -19.4121 6.58951 52
      vertex -24.4828 10.1411 52
    endloop
  endfacet
  facet normal 0 0 1
    outer loop
      vertex -18.9395 7.84501 52
      vertex -24.4828 10.1411 52
      vertex -19.4121 6.58951 52
    endloop
  endfacet
  facet normal 0 0 1
    outer loop
      vertex 25.0936 -8.51815 52
      vertex 19.4121 -6.58951 52
      vertex 24.4828 -10.1411 52
    endloop
  endfacet
  facet normal -0 0 1
    outer loop
      vertex 18.9395 -7.84501 52
      vertex 24.4828 -10.1411 52
      vertex 19.4121 -6.58951 52
    endloop
  endfacet
  facet normal 0 0 1
    outer loop
      vertex 24.4828 -10.1411 52
      vertex 18.9395 -7.84501 52
      vertex 23.7671 -11.7206 52
    endloop
  endfacet
  facet normal -0 0 1
    outer loop
      vertex 18.3859 -9.06692 52
      vertex 23.7671 -11.7206 52
      vertex 18.9395 -7.84501 52
    endloop
  endfacet
  facet normal 0 0 1
    outer loop
      vertex 23.7671 -11.7206 52
      vertex 18.3859 -9.06692 52
      vertex 22.9497 -13.25 52
    endloop
  endfacet
  facet normal -0 0 1
    outer loop
      vertex 17.7535 -10.25 52
      vertex 22.9497 -13.25 52
      vertex 18.3859 -9.06692 52
    endloop
  endfacet
  facet normal 0 0 1
    outer loop
      vertex 22.9497 -13.25 52
      vertex 17.7535 -10.25 52
      vertex 22.0339 -14.7226 52
    endloop
  endfacet
  facet normal -0 0 1
    outer loop
      vertex 17.0451 -11.3892 52
      vertex 22.0339 -14.7226 52
      vertex 17.7535 -10.25 52
    endloop
  endfacet
  facet normal 0 0 1
    outer loop
      vertex 22.0339 -14.7226 52
      vertex 17.0451 -11.3892 52
      vertex 21.0239 -16.1322 52
    endloop
  endfacet
  facet normal -0 0 1
    outer loop
      vertex 16.2637 -12.4796 52
      vertex 21.0239 -16.1322 52
      vertex 17.0451 -11.3892 52
    endloop
  endfacet
  facet normal 0 0 1
    outer loop
      vertex 21.0239 -16.1322 52
      vertex 16.2637 -12.4796 52
      vertex 19.9238 -17.4727 52
    endloop
  endfacet
  facet normal -0 0 1
    outer loop
      vertex 15.4127 -13.5166 52
      vertex 19.9238 -17.4727 52
      vertex 16.2637 -12.4796 52
    endloop
  endfacet
  facet normal 0 0 1
    outer loop
      vertex 19.9238 -17.4727 52
      vertex 15.4127 -13.5166 52
      vertex 18.7383 -18.7383 52
    endloop
  endfacet
  facet normal -0 0 1
    outer loop
      vertex 14.4957 -14.4957 52
      vertex 18.7383 -18.7383 52
      vertex 15.4127 -13.5166 52
    endloop
  endfacet
  facet normal 0 0 1
    outer loop
      vertex 18.7383 -18.7383 52
      vertex 14.4957 -14.4957 52
      vertex 17.4727 -19.9238 52
    endloop
  endfacet
  facet normal -0 0 1
    outer loop
      vertex 13.5166 -15.4127 52
      vertex 17.4727 -19.9238 52
      vertex 14.4957 -14.4957 52
    endloop
  endfacet
  facet normal 0 0 1
    outer loop
      vertex 17.4727 -19.9238 52
      vertex 13.5166 -15.4127 52
      vertex 16.1322 -21.0239 52
    endloop
  endfacet
  facet normal -0 0 1
    outer loop
      vertex 12.4796 -16.2637 52
      vertex 16.1322 -21.0239 52
      vertex 13.5166 -15.4127 52
    endloop
  endfacet
  facet normal 0 0 1
    outer loop
      vertex 16.1322 -21.0239 52
      vertex 12.4796 -16.2637 52
      vertex 14.7226 -22.0339 52
    endloop
  endfacet
  facet normal -0 0 1
    outer loop
      vertex 11.3892 -17.0451 52
      vertex 14.7226 -22.0339 52
      vertex 12.4796 -16.2637 52
    endloop
  endfacet
  facet normal 0 0 1
    outer loop
      vertex 14.7226 -22.0339 52
      vertex 11.3892 -17.0451 52
      vertex 13.25 -22.9497 52
    endloop
  endfacet
  facet normal -0 0 1
    outer loop
      vertex 10.25 -17.7535 52
      vertex 13.25 -22.9497 52
      vertex 11.3892 -17.0451 52
    endloop
  endfacet
  facet normal 0 0 1
    outer loop
      vertex 13.25 -22.9497 52
      vertex 10.25 -17.7535 52
      vertex 11.7206 -23.7671 52
    endloop
  endfacet
  facet normal -0 0 1
    outer loop
      vertex 9.06692 -18.3859 52
      vertex 11.7206 -23.7671 52
      vertex 10.25 -17.7535 52
    endloop
  endfacet
  facet normal 0 0 1
    outer loop
      vertex 11.7206 -23.7671 52
      vertex 9.06692 -18.3859 52
      vertex 10.1411 -24.4828 52
    endloop
  endfacet
  facet normal -0 0 1
    outer loop
      vertex 7.84501 -18.9395 52
      vertex 10.1411 -24.4828 52
      vertex 9.06692 -18.3859 52
    endloop
  endfacet
  facet normal 0 0 1
    outer loop
      vertex 10.1411 -24.4828 52
      vertex 7.84501 -18.9395 52
      vertex 8.51815 -25.0936 52
    endloop
  endfacet
  facet normal -0 0 1
    outer loop
      vertex 6.58951 -19.4121 52
      vertex 8.51815 -25.0936 52
      vertex 7.84501 -18.9395 52
    endloop
  endfacet
  facet normal 0 0 1
    outer loop
      vertex 8.51815 -25.0936 52
      vertex 6.58951 -19.4121 52
      vertex 6.8587 -25.597 52
    endloop
  endfacet
  facet normal -0 0 1
    outer loop
      vertex 5.30579 -19.8015 52
      vertex 6.8587 -25.597 52
      vertex 6.58951 -19.4121 52
    endloop
  endfacet
  facet normal 0 0 1
    outer loop
      vertex 5.30579 -19.8015 52
      vertex 5.16989 -25.9908 52
      vertex 6.8587 -25.597 52
    endloop
  endfacet
  facet normal -0 0 1
    outer loop
      vertex 3.99935 -20.1061 52
      vertex 5.16989 -25.9908 52
      vertex 5.30579 -19.8015 52
    endloop
  endfacet
  facet normal 0 0 1
    outer loop
      vertex 3.99935 -20.1061 52
      vertex 3.45894 -26.2733 52
      vertex 5.16989 -25.9908 52
    endloop
  endfacet
  facet normal -0 0 1
    outer loop
      vertex 2.67579 -20.3246 52
      vertex 3.45894 -26.2733 52
      vertex 3.99935 -20.1061 52
    endloop
  endfacet
  facet normal 0 0 1
    outer loop
      vertex 2.67579 -20.3246 52
      vertex 1.73318 -26.4433 52
      vertex 3.45894 -26.2733 52
    endloop
  endfacet
  facet normal -0 0 1
    outer loop
      vertex 1.34076 -20.4561 52
      vertex 1.73318 -26.4433 52
      vertex 2.67579 -20.3246 52
    endloop
  endfacet
  facet normal -0 0 1
    outer loop
      vertex 0 -20.5 52
      vertex 1.73318 -26.4433 52
      vertex 1.34076 -20.4561 52
    endloop
  endfacet
  facet normal 0 0 1
    outer loop
      vertex 0 -20.5 52
      vertex 0 -26.5 52
      vertex 1.73318 -26.4433 52
    endloop
  endfacet
  facet normal 0 0 1
    outer loop
      vertex -1.34076 -20.4561 52
      vertex 0 -26.5 52
      vertex 0 -20.5 52
    endloop
  endfacet
  facet normal 0 0 1
    outer loop
      vertex -1.34076 -20.4561 52
      vertex -1.73318 -26.4433 52
      vertex 0 -26.5 52
    endloop
  endfacet
  facet normal 0 0 1
    outer loop
      vertex -2.67579 -20.3246 52
      vertex -1.73318 -26.4433 52
      vertex -1.34076 -20.4561 52
    endloop
  endfacet
  facet normal 0 0 1
    outer loop
      vertex -2.67579 -20.3246 52
      vertex -3.45894 -26.2733 52
      vertex -1.73318 -26.4433 52
    endloop
  endfacet
  facet normal 0 0 1
    outer loop
      vertex -3.99935 -20.1061 52
      vertex -3.45894 -26.2733 52
      vertex -2.67579 -20.3246 52
    endloop
  endfacet
  facet normal 0 0 1
    outer loop
      vertex -3.99935 -20.1061 52
      vertex -5.16989 -25.9908 52
      vertex -3.45894 -26.2733 52
    endloop
  endfacet
  facet normal 0 0 1
    outer loop
      vertex -5.30579 -19.8015 52
      vertex -5.16989 -25.9908 52
      vertex -3.99935 -20.1061 52
    endloop
  endfacet
  facet normal 0 0 1
    outer loop
      vertex -6.8587 -25.597 52
      vertex -5.30579 -19.8015 52
      vertex -6.58951 -19.4121 52
    endloop
  endfacet
  facet normal 0 0 1
    outer loop
      vertex -5.30579 -19.8015 52
      vertex -6.8587 -25.597 52
      vertex -5.16989 -25.9908 52
    endloop
  endfacet
  facet normal 0 0 1
    outer loop
      vertex -8.51815 -25.0936 52
      vertex -6.58951 -19.4121 52
      vertex -7.84501 -18.9395 52
    endloop
  endfacet
  facet normal 0 0 1
    outer loop
      vertex -6.58951 -19.4121 52
      vertex -8.51815 -25.0936 52
      vertex -6.8587 -25.597 52
    endloop
  endfacet
  facet normal 0 0 1
    outer loop
      vertex -10.1411 -24.4828 52
      vertex -7.84501 -18.9395 52
      vertex -9.06692 -18.3859 52
    endloop
  endfacet
  facet normal 0 0 1
    outer loop
      vertex -7.84501 -18.9395 52
      vertex -10.1411 -24.4828 52
      vertex -8.51815 -25.0936 52
    endloop
  endfacet
  facet normal 0 0 1
    outer loop
      vertex -11.7206 -23.7671 52
      vertex -9.06692 -18.3859 52
      vertex -10.25 -17.7535 52
    endloop
  endfacet
  facet normal 0 0 1
    outer loop
      vertex -13.25 -22.9497 52
      vertex -10.25 -17.7535 52
      vertex -11.3892 -17.0451 52
    endloop
  endfacet
  facet normal 0 0 1
    outer loop
      vertex -9.06692 -18.3859 52
      vertex -11.7206 -23.7671 52
      vertex -10.1411 -24.4828 52
    endloop
  endfacet
  facet normal 0 0 1
    outer loop
      vertex -14.7226 -22.0339 52
      vertex -11.3892 -17.0451 52
      vertex -12.4796 -16.2637 52
    endloop
  endfacet
  facet normal 0 0 1
    outer loop
      vertex -10.25 -17.7535 52
      vertex -13.25 -22.9497 52
      vertex -11.7206 -23.7671 52
    endloop
  endfacet
  facet normal 0 0 1
    outer loop
      vertex -16.1322 -21.0239 52
      vertex -12.4796 -16.2637 52
      vertex -13.5166 -15.4127 52
    endloop
  endfacet
  facet normal 0 0 1
    outer loop
      vertex -17.4727 -19.9238 52
      vertex -13.5166 -15.4127 52
      vertex -14.4957 -14.4957 52
    endloop
  endfacet
  facet normal 0 0 1
    outer loop
      vertex -11.3892 -17.0451 52
      vertex -14.7226 -22.0339 52
      vertex -13.25 -22.9497 52
    endloop
  endfacet
  facet normal 0 0 1
    outer loop
      vertex -18.7383 -18.7383 52
      vertex -14.4957 -14.4957 52
      vertex -15.4127 -13.5166 52
    endloop
  endfacet
  facet normal 0 0 1
    outer loop
      vertex -12.4796 -16.2637 52
      vertex -16.1322 -21.0239 52
      vertex -14.7226 -22.0339 52
    endloop
  endfacet
  facet normal 0 0 1
    outer loop
      vertex -19.9238 -17.4727 52
      vertex -15.4127 -13.5166 52
      vertex -16.2637 -12.4796 52
    endloop
  endfacet
  facet normal 0 0 1
    outer loop
      vertex -21.0239 -16.1322 52
      vertex -16.2637 -12.4796 52
      vertex -17.0451 -11.3892 52
    endloop
  endfacet
  facet normal 0 0 1
    outer loop
      vertex -13.5166 -15.4127 52
      vertex -17.4727 -19.9238 52
      vertex -16.1322 -21.0239 52
    endloop
  endfacet
  facet normal 0 0 1
    outer loop
      vertex -22.0339 -14.7226 52
      vertex -17.0451 -11.3892 52
      vertex -17.7535 -10.25 52
    endloop
  endfacet
  facet normal 0 0 1
    outer loop
      vertex -22.9497 -13.25 52
      vertex -17.7535 -10.25 52
      vertex -18.3859 -9.06692 52
    endloop
  endfacet
  facet normal 0 0 1
    outer loop
      vertex -14.4957 -14.4957 52
      vertex -18.7383 -18.7383 52
      vertex -17.4727 -19.9238 52
    endloop
  endfacet
  facet normal 0 0 1
    outer loop
      vertex -23.7671 -11.7206 52
      vertex -18.3859 -9.06692 52
      vertex -18.9395 -7.84501 52
    endloop
  endfacet
  facet normal 0 0 1
    outer loop
      vertex -24.4828 -10.1411 52
      vertex -18.9395 -7.84501 52
      vertex -19.4121 -6.58951 52
    endloop
  endfacet
  facet normal 0 0 1
    outer loop
      vertex -25.0936 -8.51815 52
      vertex -19.4121 -6.58951 52
      vertex -19.8015 -5.30579 52
    endloop
  endfacet
  facet normal 0 0 1
    outer loop
      vertex -15.4127 -13.5166 52
      vertex -19.9238 -17.4727 52
      vertex -18.7383 -18.7383 52
    endloop
  endfacet
  facet normal 0 0 1
    outer loop
      vertex -25.597 -6.8587 52
      vertex -19.8015 -5.30579 52
      vertex -20.1061 -3.99935 52
    endloop
  endfacet
  facet normal 0 0 1
    outer loop
      vertex -25.9908 -5.16989 52
      vertex -20.1061 -3.99935 52
      vertex -20.3246 -2.67579 52
    endloop
  endfacet
  facet normal 0 0 1
    outer loop
      vertex -26.2733 -3.45894 52
      vertex -20.3246 -2.67579 52
      vertex -20.4561 -1.34076 52
    endloop
  endfacet
  facet normal 0 0 1
    outer loop
      vertex -16.2637 -12.4796 52
      vertex -21.0239 -16.1322 52
      vertex -19.9238 -17.4727 52
    endloop
  endfacet
  facet normal 0 0 1
    outer loop
      vertex -26.4433 -1.73318 52
      vertex -20.4561 -1.34076 52
      vertex -20.5 0 52
    endloop
  endfacet
  facet normal 0 0 1
    outer loop
      vertex -19.4121 6.58951 52
      vertex -25.0936 8.51815 52
      vertex -19.8015 5.30579 52
    endloop
  endfacet
  facet normal -0 0 1
    outer loop
      vertex -25.597 6.8587 52
      vertex -19.8015 5.30579 52
      vertex -25.0936 8.51815 52
    endloop
  endfacet
  facet normal 0 0 1
    outer loop
      vertex -17.0451 -11.3892 52
      vertex -22.0339 -14.7226 52
      vertex -21.0239 -16.1322 52
    endloop
  endfacet
  facet normal 0 0 1
    outer loop
      vertex -19.8015 5.30579 52
      vertex -25.597 6.8587 52
      vertex -20.1061 3.99935 52
    endloop
  endfacet
  facet normal 0 0 1
    outer loop
      vertex -17.7535 -10.25 52
      vertex -22.9497 -13.25 52
      vertex -22.0339 -14.7226 52
    endloop
  endfacet
  facet normal -0 0 1
    outer loop
      vertex -25.9908 5.16989 52
      vertex -20.1061 3.99935 52
      vertex -25.597 6.8587 52
    endloop
  endfacet
  facet normal 0 0 1
    outer loop
      vertex -18.3859 -9.06692 52
      vertex -23.7671 -11.7206 52
      vertex -22.9497 -13.25 52
    endloop
  endfacet
  facet normal 0 0 1
    outer loop
      vertex -20.1061 3.99935 52
      vertex -25.9908 5.16989 52
      vertex -20.3246 2.67579 52
    endloop
  endfacet
  facet normal 0 0 1
    outer loop
      vertex -18.9395 -7.84501 52
      vertex -24.4828 -10.1411 52
      vertex -23.7671 -11.7206 52
    endloop
  endfacet
  facet normal -0 0 1
    outer loop
      vertex -26.2733 3.45894 52
      vertex -20.3246 2.67579 52
      vertex -25.9908 5.16989 52
    endloop
  endfacet
  facet normal 0 0 1
    outer loop
      vertex -19.4121 -6.58951 52
      vertex -25.0936 -8.51815 52
      vertex -24.4828 -10.1411 52
    endloop
  endfacet
  facet normal 0 0 1
    outer loop
      vertex -20.3246 2.67579 52
      vertex -26.2733 3.45894 52
      vertex -20.4561 1.34076 52
    endloop
  endfacet
  facet normal 0 0 1
    outer loop
      vertex -19.8015 -5.30579 52
      vertex -25.597 -6.8587 52
      vertex -25.0936 -8.51815 52
    endloop
  endfacet
  facet normal -0 0 1
    outer loop
      vertex -26.4433 1.73318 52
      vertex -20.4561 1.34076 52
      vertex -26.2733 3.45894 52
    endloop
  endfacet
  facet normal 0 0 1
    outer loop
      vertex -20.1061 -3.99935 52
      vertex -25.9908 -5.16989 52
      vertex -25.597 -6.8587 52
    endloop
  endfacet
  facet normal 0 0 1
    outer loop
      vertex -20.4561 1.34076 52
      vertex -26.4433 1.73318 52
      vertex -20.5 0 52
    endloop
  endfacet
  facet normal 0 0 1
    outer loop
      vertex -20.3246 -2.67579 52
      vertex -26.2733 -3.45894 52
      vertex -25.9908 -5.16989 52
    endloop
  endfacet
  facet normal 0 0 1
    outer loop
      vertex -26.5 0 52
      vertex -20.5 0 52
      vertex -26.4433 1.73318 52
    endloop
  endfacet
  facet normal 0 0 1
    outer loop
      vertex -20.4561 -1.34076 52
      vertex -26.4433 -1.73318 52
      vertex -26.2733 -3.45894 52
    endloop
  endfacet
  facet normal 0 0 1
    outer loop
      vertex -20.5 0 52
      vertex -26.5 0 52
      vertex -26.4433 -1.73318 52
    endloop
  endfacet
  facet normal 0.285071 0.939731 0.188786
    outer loop
      vertex 9.44689 35.2563 0.00999928
      vertex 6.8587 25.597 52
      vertex 8.51815 25.0936 52
    endloop
  endfacet
  facet normal 0.462885 0.866082 0.188784
    outer loop
      vertex 18.25 31.6099 0.00999928
      vertex 11.7206 23.7671 52
      vertex 13.25 22.9497 52
    endloop
  endfacet
  facet normal 0.405304 0.894477 0.188785
    outer loop
      vertex 13.9679 33.7216 0.00999928
      vertex 10.1411 24.4828 52
      vertex 11.7206 23.7671 52
    endloop
  endfacet
  facet normal 0.345936 0.919069 0.188786
    outer loop
      vertex 11.7325 34.563 0.00999928
      vertex 8.51815 25.0936 52
      vertex 13.9679 33.7216 0.00999928
    endloop
  endfacet
  facet normal -0.995184 -0.0980253 0
    outer loop
      vertex 20.4561 1.34076 40
      vertex 20.3246 2.67579 52
      vertex 20.3246 2.67579 40
    endloop
  endfacet
  facet normal -0.995184 -0.0980253 0
    outer loop
      vertex 20.3246 2.67579 52
      vertex 20.4561 1.34076 40
      vertex 20.4561 1.34076 52
    endloop
  endfacet
  facet normal -0.97388 0.227063 0
    outer loop
      vertex 19.8015 -5.30579 40
      vertex 20.1061 -3.99935 52
      vertex 20.1061 -3.99935 40
    endloop
  endfacet
  facet normal -0.97388 0.227063 0
    outer loop
      vertex 20.1061 -3.99935 52
      vertex 19.8015 -5.30579 40
      vertex 19.8015 -5.30579 52
    endloop
  endfacet
  facet normal -0.999464 -0.0327251 0
    outer loop
      vertex 20.5 0 40
      vertex 20.4561 1.34076 52
      vertex 20.4561 1.34076 40
    endloop
  endfacet
  facet normal -0.999464 -0.0327251 0
    outer loop
      vertex 20.4561 1.34076 52
      vertex 20.5 0 40
      vertex 20.5 0 52
    endloop
  endfacet
  facet normal -0.729874 -0.683581 0
    outer loop
      vertex 15.4127 13.5166 40
      vertex 14.4957 14.4957 52
      vertex 14.4957 14.4957 40
    endloop
  endfacet
  facet normal -0.729874 -0.683581 0
    outer loop
      vertex 14.4957 14.4957 52
      vertex 15.4127 13.5166 40
      vertex 15.4127 13.5166 52
    endloop
  endfacet
  facet normal -0.0327251 0.999464 0
    outer loop
      vertex 1.34076 -20.4561 40
      vertex 0 -20.5 52
      vertex 1.34076 -20.4561 52
    endloop
  endfacet
  facet normal -0.0327251 0.999464 0
    outer loop
      vertex 0 -20.5 52
      vertex 1.34076 -20.4561 40
      vertex 0 -20.5 40
    endloop
  endfacet
  facet normal 0.881912 0.471414 0
    outer loop
      vertex -17.7535 -10.25 52
      vertex -18.3859 -9.06692 40
      vertex -18.3859 -9.06692 52
    endloop
  endfacet
  facet normal 0.881912 0.471414 0
    outer loop
      vertex -18.3859 -9.06692 40
      vertex -17.7535 -10.25 52
      vertex -17.7535 -10.25 40
    endloop
  endfacet
  facet normal 0.0327251 -0.999464 0
    outer loop
      vertex -1.34076 20.4561 40
      vertex 0 20.5 52
      vertex -1.34076 20.4561 52
    endloop
  endfacet
  facet normal 0.0327251 -0.999464 0
    outer loop
      vertex 0 20.5 52
      vertex -1.34076 20.4561 40
      vertex 0 20.5 40
    endloop
  endfacet
  facet normal -0.986646 0.16288 0
    outer loop
      vertex 20.1061 -3.99935 40
      vertex 20.3246 -2.67579 52
      vertex 20.3246 -2.67579 40
    endloop
  endfacet
  facet normal -0.986646 0.16288 0
    outer loop
      vertex 20.3246 -2.67579 52
      vertex 20.1061 -3.99935 40
      vertex 20.1061 -3.99935 52
    endloop
  endfacet
  facet normal -0.582493 -0.812836 0
    outer loop
      vertex 11.3892 17.0451 40
      vertex 12.4796 16.2637 52
      vertex 11.3892 17.0451 52
    endloop
  endfacet
  facet normal -0.582493 -0.812836 -0
    outer loop
      vertex 12.4796 16.2637 52
      vertex 11.3892 17.0451 40
      vertex 12.4796 16.2637 40
    endloop
  endfacet
  facet normal -0.881912 0.471414 0
    outer loop
      vertex 17.7535 -10.25 40
      vertex 18.3859 -9.06692 52
      vertex 18.3859 -9.06692 40
    endloop
  endfacet
  facet normal -0.881912 0.471414 0
    outer loop
      vertex 18.3859 -9.06692 52
      vertex 17.7535 -10.25 40
      vertex 17.7535 -10.25 52
    endloop
  endfacet
  facet normal 0.412682 -0.910875 0
    outer loop
      vertex -9.06692 18.3859 40
      vertex -7.84501 18.9395 52
      vertex -9.06692 18.3859 52
    endloop
  endfacet
  facet normal 0.412682 -0.910875 0
    outer loop
      vertex -7.84501 18.9395 52
      vertex -9.06692 18.3859 40
      vertex -7.84501 18.9395 40
    endloop
  endfacet
  facet normal 0.986646 -0.16288 0
    outer loop
      vertex -20.3246 2.67579 52
      vertex -20.1061 3.99935 40
      vertex -20.1061 3.99935 52
    endloop
  endfacet
  facet normal 0.986646 -0.16288 0
    outer loop
      vertex -20.1061 3.99935 40
      vertex -20.3246 2.67579 52
      vertex -20.3246 2.67579 40
    endloop
  endfacet
  facet normal 0.995184 0.0980253 0
    outer loop
      vertex -20.3246 -2.67579 52
      vertex -20.4561 -1.34076 40
      vertex -20.4561 -1.34076 52
    endloop
  endfacet
  facet normal 0.995184 0.0980253 0
    outer loop
      vertex -20.4561 -1.34076 40
      vertex -20.3246 -2.67579 52
      vertex -20.3246 -2.67579 40
    endloop
  endfacet
  facet normal -0.956943 -0.290276 0
    outer loop
      vertex 19.8015 5.30579 40
      vertex 19.4121 6.58951 52
      vertex 19.4121 6.58951 40
    endloop
  endfacet
  facet normal -0.956943 -0.290276 0
    outer loop
      vertex 19.4121 6.58951 52
      vertex 19.8015 5.30579 40
      vertex 19.8015 5.30579 52
    endloop
  endfacet
  facet normal 0.683581 0.729874 -0
    outer loop
      vertex -13.5166 -15.4127 40
      vertex -14.4957 -14.4957 52
      vertex -13.5166 -15.4127 52
    endloop
  endfacet
  facet normal 0.683581 0.729874 0
    outer loop
      vertex -14.4957 -14.4957 52
      vertex -13.5166 -15.4127 40
      vertex -14.4957 -14.4957 40
    endloop
  endfacet
  facet normal 0.995184 -0.0980253 0
    outer loop
      vertex -20.4561 1.34076 52
      vertex -20.3246 2.67579 40
      vertex -20.3246 2.67579 52
    endloop
  endfacet
  facet normal 0.995184 -0.0980253 0
    outer loop
      vertex -20.3246 2.67579 40
      vertex -20.4561 1.34076 52
      vertex -20.4561 1.34076 40
    endloop
  endfacet
  facet normal 0.97388 0.227063 0
    outer loop
      vertex -19.8015 -5.30579 52
      vertex -20.1061 -3.99935 40
      vertex -20.1061 -3.99935 52
    endloop
  endfacet
  facet normal 0.97388 0.227063 0
    outer loop
      vertex -20.1061 -3.99935 40
      vertex -19.8015 -5.30579 52
      vertex -19.8015 -5.30579 40
    endloop
  endfacet
  facet normal 0.471414 0.881912 -0
    outer loop
      vertex -9.06692 -18.3859 40
      vertex -10.25 -17.7535 52
      vertex -9.06692 -18.3859 52
    endloop
  endfacet
  facet normal 0.471414 0.881912 0
    outer loop
      vertex -10.25 -17.7535 52
      vertex -9.06692 -18.3859 40
      vertex -10.25 -17.7535 40
    endloop
  endfacet
  facet normal 0.986646 0.16288 0
    outer loop
      vertex -20.1061 -3.99935 52
      vertex -20.3246 -2.67579 40
      vertex -20.3246 -2.67579 52
    endloop
  endfacet
  facet normal 0.986646 0.16288 0
    outer loop
      vertex -20.3246 -2.67579 40
      vertex -20.1061 -3.99935 52
      vertex -20.1061 -3.99935 40
    endloop
  endfacet
  facet normal 0.227063 -0.97388 0
    outer loop
      vertex -5.30579 19.8015 40
      vertex -3.99935 20.1061 52
      vertex -5.30579 19.8015 52
    endloop
  endfacet
  facet normal 0.227063 -0.97388 0
    outer loop
      vertex -3.99935 20.1061 52
      vertex -5.30579 19.8015 40
      vertex -3.99935 20.1061 40
    endloop
  endfacet
  facet normal -0.634374 0.773027 0
    outer loop
      vertex 13.5166 -15.4127 40
      vertex 12.4796 -16.2637 52
      vertex 13.5166 -15.4127 52
    endloop
  endfacet
  facet normal -0.634374 0.773027 0
    outer loop
      vertex 12.4796 -16.2637 52
      vertex 13.5166 -15.4127 40
      vertex 12.4796 -16.2637 40
    endloop
  endfacet
  facet normal 0.849202 0.528068 0
    outer loop
      vertex -17.0451 -11.3892 52
      vertex -17.7535 -10.25 40
      vertex -17.7535 -10.25 52
    endloop
  endfacet
  facet normal 0.849202 0.528068 0
    outer loop
      vertex -17.7535 -10.25 40
      vertex -17.0451 -11.3892 52
      vertex -17.0451 -11.3892 40
    endloop
  endfacet
  facet normal 0.910875 0.412682 0
    outer loop
      vertex -18.3859 -9.06692 52
      vertex -18.9395 -7.84501 40
      vertex -18.9395 -7.84501 52
    endloop
  endfacet
  facet normal 0.910875 0.412682 0
    outer loop
      vertex -18.9395 -7.84501 40
      vertex -18.3859 -9.06692 52
      vertex -18.3859 -9.06692 40
    endloop
  endfacet
  facet normal -0.93589 -0.352291 0
    outer loop
      vertex 19.4121 6.58951 40
      vertex 18.9395 7.84501 52
      vertex 18.9395 7.84501 40
    endloop
  endfacet
  facet normal -0.93589 -0.352291 0
    outer loop
      vertex 18.9395 7.84501 52
      vertex 19.4121 6.58951 40
      vertex 19.4121 6.58951 52
    endloop
  endfacet
  facet normal -0.0980253 0.995184 0
    outer loop
      vertex 2.67579 -20.3246 40
      vertex 1.34076 -20.4561 52
      vertex 2.67579 -20.3246 52
    endloop
  endfacet
  facet normal -0.0980253 0.995184 0
    outer loop
      vertex 1.34076 -20.4561 52
      vertex 2.67579 -20.3246 40
      vertex 1.34076 -20.4561 40
    endloop
  endfacet
  facet normal 0.849202 -0.528068 0
    outer loop
      vertex -17.7535 10.25 52
      vertex -17.0451 11.3892 40
      vertex -17.0451 11.3892 52
    endloop
  endfacet
  facet normal 0.849202 -0.528068 0
    outer loop
      vertex -17.0451 11.3892 40
      vertex -17.7535 10.25 52
      vertex -17.7535 10.25 40
    endloop
  endfacet
  facet normal -0.812836 0.582493 0
    outer loop
      vertex 16.2637 -12.4796 40
      vertex 17.0451 -11.3892 52
      vertex 17.0451 -11.3892 40
    endloop
  endfacet
  facet normal -0.812836 0.582493 0
    outer loop
      vertex 17.0451 -11.3892 52
      vertex 16.2637 -12.4796 40
      vertex 16.2637 -12.4796 52
    endloop
  endfacet
  facet normal 0.812836 0.582493 0
    outer loop
      vertex -16.2637 -12.4796 52
      vertex -17.0451 -11.3892 40
      vertex -17.0451 -11.3892 52
    endloop
  endfacet
  facet normal 0.812836 0.582493 0
    outer loop
      vertex -17.0451 -11.3892 40
      vertex -16.2637 -12.4796 52
      vertex -16.2637 -12.4796 40
    endloop
  endfacet
  facet normal -0.910875 -0.412682 0
    outer loop
      vertex 18.9395 7.84501 40
      vertex 18.3859 9.06692 52
      vertex 18.3859 9.06692 40
    endloop
  endfacet
  facet normal -0.910875 -0.412682 0
    outer loop
      vertex 18.3859 9.06692 52
      vertex 18.9395 7.84501 40
      vertex 18.9395 7.84501 52
    endloop
  endfacet
  facet normal 0.16288 -0.986646 0
    outer loop
      vertex -3.99935 20.1061 40
      vertex -2.67579 20.3246 52
      vertex -3.99935 20.1061 52
    endloop
  endfacet
  facet normal 0.16288 -0.986646 0
    outer loop
      vertex -2.67579 20.3246 52
      vertex -3.99935 20.1061 40
      vertex -2.67579 20.3246 40
    endloop
  endfacet
  facet normal 0.773027 -0.634374 0
    outer loop
      vertex -16.2637 12.4796 52
      vertex -15.4127 13.5166 40
      vertex -15.4127 13.5166 52
    endloop
  endfacet
  facet normal 0.773027 -0.634374 0
    outer loop
      vertex -15.4127 13.5166 40
      vertex -16.2637 12.4796 52
      vertex -16.2637 12.4796 40
    endloop
  endfacet
  facet normal 0.582493 0.812836 -0
    outer loop
      vertex -11.3892 -17.0451 40
      vertex -12.4796 -16.2637 52
      vertex -11.3892 -17.0451 52
    endloop
  endfacet
  facet normal 0.582493 0.812836 0
    outer loop
      vertex -12.4796 -16.2637 52
      vertex -11.3892 -17.0451 40
      vertex -12.4796 -16.2637 40
    endloop
  endfacet
  facet normal 0.227063 0.97388 -0
    outer loop
      vertex -3.99935 -20.1061 40
      vertex -5.30579 -19.8015 52
      vertex -3.99935 -20.1061 52
    endloop
  endfacet
  facet normal 0.227063 0.97388 0
    outer loop
      vertex -5.30579 -19.8015 52
      vertex -3.99935 -20.1061 40
      vertex -5.30579 -19.8015 40
    endloop
  endfacet
  facet normal 0.290276 0.956943 -0
    outer loop
      vertex -5.30579 -19.8015 40
      vertex -6.58951 -19.4121 52
      vertex -5.30579 -19.8015 52
    endloop
  endfacet
  facet normal 0.290276 0.956943 0
    outer loop
      vertex -6.58951 -19.4121 52
      vertex -5.30579 -19.8015 40
      vertex -6.58951 -19.4121 40
    endloop
  endfacet
  facet normal -0.16288 0.986646 0
    outer loop
      vertex 3.99935 -20.1061 40
      vertex 2.67579 -20.3246 52
      vertex 3.99935 -20.1061 52
    endloop
  endfacet
  facet normal -0.16288 0.986646 0
    outer loop
      vertex 2.67579 -20.3246 52
      vertex 3.99935 -20.1061 40
      vertex 2.67579 -20.3246 40
    endloop
  endfacet
  facet normal -0.773027 0.634374 0
    outer loop
      vertex 15.4127 -13.5166 40
      vertex 16.2637 -12.4796 52
      vertex 16.2637 -12.4796 40
    endloop
  endfacet
  facet normal -0.773027 0.634374 0
    outer loop
      vertex 16.2637 -12.4796 52
      vertex 15.4127 -13.5166 40
      vertex 15.4127 -13.5166 52
    endloop
  endfacet
  facet normal 0.471414 -0.881912 0
    outer loop
      vertex -10.25 17.7535 40
      vertex -9.06692 18.3859 52
      vertex -10.25 17.7535 52
    endloop
  endfacet
  facet normal 0.471414 -0.881912 0
    outer loop
      vertex -9.06692 18.3859 52
      vertex -10.25 17.7535 40
      vertex -9.06692 18.3859 40
    endloop
  endfacet
  facet normal 0.910875 -0.412682 0
    outer loop
      vertex -18.9395 7.84501 52
      vertex -18.3859 9.06692 40
      vertex -18.3859 9.06692 52
    endloop
  endfacet
  facet normal 0.910875 -0.412682 0
    outer loop
      vertex -18.3859 9.06692 40
      vertex -18.9395 7.84501 52
      vertex -18.9395 7.84501 40
    endloop
  endfacet
  facet normal 0.0327251 0.999464 -0
    outer loop
      vertex 0 -20.5 40
      vertex -1.34076 -20.4561 52
      vertex 0 -20.5 52
    endloop
  endfacet
  facet normal 0.0327251 0.999464 0
    outer loop
      vertex -1.34076 -20.4561 52
      vertex 0 -20.5 40
      vertex -1.34076 -20.4561 40
    endloop
  endfacet
  facet normal 0.0980253 0.995184 -0
    outer loop
      vertex -1.34076 -20.4561 40
      vertex -2.67579 -20.3246 52
      vertex -1.34076 -20.4561 52
    endloop
  endfacet
  facet normal 0.0980253 0.995184 0
    outer loop
      vertex -2.67579 -20.3246 52
      vertex -1.34076 -20.4561 40
      vertex -2.67579 -20.3246 40
    endloop
  endfacet
  facet normal -0.412682 0.910875 0
    outer loop
      vertex 9.06692 -18.3859 40
      vertex 7.84501 -18.9395 52
      vertex 9.06692 -18.3859 52
    endloop
  endfacet
  facet normal -0.412682 0.910875 0
    outer loop
      vertex 7.84501 -18.9395 52
      vertex 9.06692 -18.3859 40
      vertex 7.84501 -18.9395 40
    endloop
  endfacet
  facet normal -0.729874 0.683581 0
    outer loop
      vertex 14.4957 -14.4957 40
      vertex 15.4127 -13.5166 52
      vertex 15.4127 -13.5166 40
    endloop
  endfacet
  facet normal -0.729874 0.683581 0
    outer loop
      vertex 15.4127 -13.5166 52
      vertex 14.4957 -14.4957 40
      vertex 14.4957 -14.4957 52
    endloop
  endfacet
  facet normal -0.0327251 -0.999464 0
    outer loop
      vertex 0 20.5 40
      vertex 1.34076 20.4561 52
      vertex 0 20.5 52
    endloop
  endfacet
  facet normal -0.0327251 -0.999464 -0
    outer loop
      vertex 1.34076 20.4561 52
      vertex 0 20.5 40
      vertex 1.34076 20.4561 40
    endloop
  endfacet
  facet normal -0.290276 0.956943 0
    outer loop
      vertex 6.58951 -19.4121 40
      vertex 5.30579 -19.8015 52
      vertex 6.58951 -19.4121 52
    endloop
  endfacet
  facet normal -0.290276 0.956943 0
    outer loop
      vertex 5.30579 -19.8015 52
      vertex 6.58951 -19.4121 40
      vertex 5.30579 -19.8015 40
    endloop
  endfacet
  facet normal 0.93589 -0.352291 0
    outer loop
      vertex -19.4121 6.58951 52
      vertex -18.9395 7.84501 40
      vertex -18.9395 7.84501 52
    endloop
  endfacet
  facet normal 0.93589 -0.352291 0
    outer loop
      vertex -18.9395 7.84501 40
      vertex -19.4121 6.58951 52
      vertex -19.4121 6.58951 40
    endloop
  endfacet
  facet normal 0.634374 0.773027 -0
    outer loop
      vertex -12.4796 -16.2637 40
      vertex -13.5166 -15.4127 52
      vertex -12.4796 -16.2637 52
    endloop
  endfacet
  facet normal 0.634374 0.773027 0
    outer loop
      vertex -13.5166 -15.4127 52
      vertex -12.4796 -16.2637 40
      vertex -13.5166 -15.4127 40
    endloop
  endfacet
  facet normal -0.93589 0.352291 0
    outer loop
      vertex 18.9395 -7.84501 40
      vertex 19.4121 -6.58951 52
      vertex 19.4121 -6.58951 40
    endloop
  endfacet
  facet normal -0.93589 0.352291 0
    outer loop
      vertex 19.4121 -6.58951 52
      vertex 18.9395 -7.84501 40
      vertex 18.9395 -7.84501 52
    endloop
  endfacet
  facet normal 0.528068 -0.849202 0
    outer loop
      vertex -11.3892 17.0451 40
      vertex -10.25 17.7535 52
      vertex -11.3892 17.0451 52
    endloop
  endfacet
  facet normal 0.528068 -0.849202 0
    outer loop
      vertex -10.25 17.7535 52
      vertex -11.3892 17.0451 40
      vertex -10.25 17.7535 40
    endloop
  endfacet
  facet normal -0.0980253 -0.995184 0
    outer loop
      vertex 1.34076 20.4561 40
      vertex 2.67579 20.3246 52
      vertex 1.34076 20.4561 52
    endloop
  endfacet
  facet normal -0.0980253 -0.995184 -0
    outer loop
      vertex 2.67579 20.3246 52
      vertex 1.34076 20.4561 40
      vertex 2.67579 20.3246 40
    endloop
  endfacet
  facet normal -0.471414 0.881912 0
    outer loop
      vertex 10.25 -17.7535 40
      vertex 9.06692 -18.3859 52
      vertex 10.25 -17.7535 52
    endloop
  endfacet
  facet normal -0.471414 0.881912 0
    outer loop
      vertex 9.06692 -18.3859 52
      vertex 10.25 -17.7535 40
      vertex 9.06692 -18.3859 40
    endloop
  endfacet
  facet normal 0.412682 0.910875 -0
    outer loop
      vertex -7.84501 -18.9395 40
      vertex -9.06692 -18.3859 52
      vertex -7.84501 -18.9395 52
    endloop
  endfacet
  facet normal 0.412682 0.910875 0
    outer loop
      vertex -9.06692 -18.3859 52
      vertex -7.84501 -18.9395 40
      vertex -9.06692 -18.3859 40
    endloop
  endfacet
  facet normal 0.956943 0.290276 0
    outer loop
      vertex -19.4121 -6.58951 52
      vertex -19.8015 -5.30579 40
      vertex -19.8015 -5.30579 52
    endloop
  endfacet
  facet normal 0.956943 0.290276 0
    outer loop
      vertex -19.8015 -5.30579 40
      vertex -19.4121 -6.58951 52
      vertex -19.4121 -6.58951 40
    endloop
  endfacet
  facet normal -0.352291 0.93589 0
    outer loop
      vertex 7.84501 -18.9395 40
      vertex 6.58951 -19.4121 52
      vertex 7.84501 -18.9395 52
    endloop
  endfacet
  facet normal -0.352291 0.93589 0
    outer loop
      vertex 6.58951 -19.4121 52
      vertex 7.84501 -18.9395 40
      vertex 6.58951 -19.4121 40
    endloop
  endfacet
  facet normal -0.956943 0.290276 0
    outer loop
      vertex 19.4121 -6.58951 40
      vertex 19.8015 -5.30579 52
      vertex 19.8015 -5.30579 40
    endloop
  endfacet
  facet normal -0.956943 0.290276 0
    outer loop
      vertex 19.8015 -5.30579 52
      vertex 19.4121 -6.58951 40
      vertex 19.4121 -6.58951 52
    endloop
  endfacet
  facet normal 0.97388 -0.227063 0
    outer loop
      vertex -20.1061 3.99935 52
      vertex -19.8015 5.30579 40
      vertex -19.8015 5.30579 52
    endloop
  endfacet
  facet normal 0.97388 -0.227063 0
    outer loop
      vertex -19.8015 5.30579 40
      vertex -20.1061 3.99935 52
      vertex -20.1061 3.99935 40
    endloop
  endfacet
  facet normal -0.683581 -0.729874 0
    outer loop
      vertex 13.5166 15.4127 40
      vertex 14.4957 14.4957 52
      vertex 13.5166 15.4127 52
    endloop
  endfacet
  facet normal -0.683581 -0.729874 -0
    outer loop
      vertex 14.4957 14.4957 52
      vertex 13.5166 15.4127 40
      vertex 14.4957 14.4957 40
    endloop
  endfacet
  facet normal 0.352291 0.93589 -0
    outer loop
      vertex -6.58951 -19.4121 40
      vertex -7.84501 -18.9395 52
      vertex -6.58951 -19.4121 52
    endloop
  endfacet
  facet normal 0.352291 0.93589 0
    outer loop
      vertex -7.84501 -18.9395 52
      vertex -6.58951 -19.4121 40
      vertex -7.84501 -18.9395 40
    endloop
  endfacet
  facet normal 0.729874 0.683581 0
    outer loop
      vertex -14.4957 -14.4957 52
      vertex -15.4127 -13.5166 40
      vertex -15.4127 -13.5166 52
    endloop
  endfacet
  facet normal 0.729874 0.683581 0
    outer loop
      vertex -15.4127 -13.5166 40
      vertex -14.4957 -14.4957 52
      vertex -14.4957 -14.4957 40
    endloop
  endfacet
  facet normal -0.849202 0.528068 0
    outer loop
      vertex 17.0451 -11.3892 40
      vertex 17.7535 -10.25 52
      vertex 17.7535 -10.25 40
    endloop
  endfacet
  facet normal -0.849202 0.528068 0
    outer loop
      vertex 17.7535 -10.25 52
      vertex 17.0451 -11.3892 40
      vertex 17.0451 -11.3892 52
    endloop
  endfacet
  facet normal 0.0980253 -0.995184 0
    outer loop
      vertex -2.67579 20.3246 40
      vertex -1.34076 20.4561 52
      vertex -2.67579 20.3246 52
    endloop
  endfacet
  facet normal 0.0980253 -0.995184 0
    outer loop
      vertex -1.34076 20.4561 52
      vertex -2.67579 20.3246 40
      vertex -1.34076 20.4561 40
    endloop
  endfacet
  facet normal -0.412682 -0.910875 0
    outer loop
      vertex 7.84501 18.9395 40
      vertex 9.06692 18.3859 52
      vertex 7.84501 18.9395 52
    endloop
  endfacet
  facet normal -0.412682 -0.910875 -0
    outer loop
      vertex 9.06692 18.3859 52
      vertex 7.84501 18.9395 40
      vertex 9.06692 18.3859 40
    endloop
  endfacet
  facet normal 0.729874 -0.683581 0
    outer loop
      vertex -15.4127 13.5166 52
      vertex -14.4957 14.4957 40
      vertex -14.4957 14.4957 52
    endloop
  endfacet
  facet normal 0.729874 -0.683581 0
    outer loop
      vertex -14.4957 14.4957 40
      vertex -15.4127 13.5166 52
      vertex -15.4127 13.5166 40
    endloop
  endfacet
  facet normal 0.93589 0.352291 0
    outer loop
      vertex -18.9395 -7.84501 52
      vertex -19.4121 -6.58951 40
      vertex -19.4121 -6.58951 52
    endloop
  endfacet
  facet normal 0.93589 0.352291 0
    outer loop
      vertex -19.4121 -6.58951 40
      vertex -18.9395 -7.84501 52
      vertex -18.9395 -7.84501 40
    endloop
  endfacet
  facet normal -0.582493 0.812836 0
    outer loop
      vertex 12.4796 -16.2637 40
      vertex 11.3892 -17.0451 52
      vertex 12.4796 -16.2637 52
    endloop
  endfacet
  facet normal -0.582493 0.812836 0
    outer loop
      vertex 11.3892 -17.0451 52
      vertex 12.4796 -16.2637 40
      vertex 11.3892 -17.0451 40
    endloop
  endfacet
  facet normal -0.995184 0.0980253 0
    outer loop
      vertex 20.3246 -2.67579 40
      vertex 20.4561 -1.34076 52
      vertex 20.4561 -1.34076 40
    endloop
  endfacet
  facet normal -0.995184 0.0980253 0
    outer loop
      vertex 20.4561 -1.34076 52
      vertex 20.3246 -2.67579 40
      vertex 20.3246 -2.67579 52
    endloop
  endfacet
  facet normal -0.910875 0.412682 0
    outer loop
      vertex 18.3859 -9.06692 40
      vertex 18.9395 -7.84501 52
      vertex 18.9395 -7.84501 40
    endloop
  endfacet
  facet normal -0.910875 0.412682 0
    outer loop
      vertex 18.9395 -7.84501 52
      vertex 18.3859 -9.06692 40
      vertex 18.3859 -9.06692 52
    endloop
  endfacet
  facet normal 0.999464 0.0327251 0
    outer loop
      vertex -20.4561 -1.34076 52
      vertex -20.5 0 40
      vertex -20.5 0 52
    endloop
  endfacet
  facet normal 0.999464 0.0327251 0
    outer loop
      vertex -20.5 0 40
      vertex -20.4561 -1.34076 52
      vertex -20.4561 -1.34076 40
    endloop
  endfacet
  facet normal -0.999464 0.0327251 0
    outer loop
      vertex 20.4561 -1.34076 40
      vertex 20.5 0 52
      vertex 20.5 0 40
    endloop
  endfacet
  facet normal -0.999464 0.0327251 0
    outer loop
      vertex 20.5 0 52
      vertex 20.4561 -1.34076 40
      vertex 20.4561 -1.34076 52
    endloop
  endfacet
  facet normal -0.227063 -0.97388 0
    outer loop
      vertex 3.99935 20.1061 40
      vertex 5.30579 19.8015 52
      vertex 3.99935 20.1061 52
    endloop
  endfacet
  facet normal -0.227063 -0.97388 -0
    outer loop
      vertex 5.30579 19.8015 52
      vertex 3.99935 20.1061 40
      vertex 5.30579 19.8015 40
    endloop
  endfacet
  facet normal 0.881912 -0.471414 0
    outer loop
      vertex -18.3859 9.06692 52
      vertex -17.7535 10.25 40
      vertex -17.7535 10.25 52
    endloop
  endfacet
  facet normal 0.881912 -0.471414 0
    outer loop
      vertex -17.7535 10.25 40
      vertex -18.3859 9.06692 52
      vertex -18.3859 9.06692 40
    endloop
  endfacet
  facet normal -0.227063 0.97388 0
    outer loop
      vertex 5.30579 -19.8015 40
      vertex 3.99935 -20.1061 52
      vertex 5.30579 -19.8015 52
    endloop
  endfacet
  facet normal -0.227063 0.97388 0
    outer loop
      vertex 3.99935 -20.1061 52
      vertex 5.30579 -19.8015 40
      vertex 3.99935 -20.1061 40
    endloop
  endfacet
  facet normal -0.528068 0.849202 0
    outer loop
      vertex 11.3892 -17.0451 40
      vertex 10.25 -17.7535 52
      vertex 11.3892 -17.0451 52
    endloop
  endfacet
  facet normal -0.528068 0.849202 0
    outer loop
      vertex 10.25 -17.7535 52
      vertex 11.3892 -17.0451 40
      vertex 10.25 -17.7535 40
    endloop
  endfacet
  facet normal 0.773027 0.634374 0
    outer loop
      vertex -15.4127 -13.5166 52
      vertex -16.2637 -12.4796 40
      vertex -16.2637 -12.4796 52
    endloop
  endfacet
  facet normal 0.773027 0.634374 0
    outer loop
      vertex -16.2637 -12.4796 40
      vertex -15.4127 -13.5166 52
      vertex -15.4127 -13.5166 40
    endloop
  endfacet
  facet normal 0.528068 0.849202 -0
    outer loop
      vertex -10.25 -17.7535 40
      vertex -11.3892 -17.0451 52
      vertex -10.25 -17.7535 52
    endloop
  endfacet
  facet normal 0.528068 0.849202 0
    outer loop
      vertex -11.3892 -17.0451 52
      vertex -10.25 -17.7535 40
      vertex -11.3892 -17.0451 40
    endloop
  endfacet
  facet normal 0.16288 0.986646 -0
    outer loop
      vertex -2.67579 -20.3246 40
      vertex -3.99935 -20.1061 52
      vertex -2.67579 -20.3246 52
    endloop
  endfacet
  facet normal 0.16288 0.986646 0
    outer loop
      vertex -3.99935 -20.1061 52
      vertex -2.67579 -20.3246 40
      vertex -3.99935 -20.1061 40
    endloop
  endfacet
  facet normal 0.956943 -0.290276 0
    outer loop
      vertex -19.8015 5.30579 52
      vertex -19.4121 6.58951 40
      vertex -19.4121 6.58951 52
    endloop
  endfacet
  facet normal 0.956943 -0.290276 0
    outer loop
      vertex -19.4121 6.58951 40
      vertex -19.8015 5.30579 52
      vertex -19.8015 5.30579 40
    endloop
  endfacet
  facet normal -0.683581 0.729874 0
    outer loop
      vertex 14.4957 -14.4957 40
      vertex 13.5166 -15.4127 52
      vertex 14.4957 -14.4957 52
    endloop
  endfacet
  facet normal -0.683581 0.729874 0
    outer loop
      vertex 13.5166 -15.4127 52
      vertex 14.4957 -14.4957 40
      vertex 13.5166 -15.4127 40
    endloop
  endfacet
  facet normal -0.290276 -0.956943 0
    outer loop
      vertex 5.30579 19.8015 40
      vertex 6.58951 19.4121 52
      vertex 5.30579 19.8015 52
    endloop
  endfacet
  facet normal -0.290276 -0.956943 -0
    outer loop
      vertex 6.58951 19.4121 52
      vertex 5.30579 19.8015 40
      vertex 6.58951 19.4121 40
    endloop
  endfacet
  facet normal -0.471414 -0.881912 0
    outer loop
      vertex 9.06692 18.3859 40
      vertex 10.25 17.7535 52
      vertex 9.06692 18.3859 52
    endloop
  endfacet
  facet normal -0.471414 -0.881912 -0
    outer loop
      vertex 10.25 17.7535 52
      vertex 9.06692 18.3859 40
      vertex 10.25 17.7535 40
    endloop
  endfacet
  facet normal 0.812836 -0.582493 0
    outer loop
      vertex -17.0451 11.3892 52
      vertex -16.2637 12.4796 40
      vertex -16.2637 12.4796 52
    endloop
  endfacet
  facet normal 0.812836 -0.582493 0
    outer loop
      vertex -16.2637 12.4796 40
      vertex -17.0451 11.3892 52
      vertex -17.0451 11.3892 40
    endloop
  endfacet
  facet normal 0.634374 -0.773027 0
    outer loop
      vertex -13.5166 15.4127 40
      vertex -12.4796 16.2637 52
      vertex -13.5166 15.4127 52
    endloop
  endfacet
  facet normal 0.634374 -0.773027 0
    outer loop
      vertex -12.4796 16.2637 52
      vertex -13.5166 15.4127 40
      vertex -12.4796 16.2637 40
    endloop
  endfacet
  facet normal 0.999464 -0.0327251 0
    outer loop
      vertex -20.5 0 52
      vertex -20.4561 1.34076 40
      vertex -20.4561 1.34076 52
    endloop
  endfacet
  facet normal 0.999464 -0.0327251 0
    outer loop
      vertex -20.4561 1.34076 40
      vertex -20.5 0 52
      vertex -20.5 0 40
    endloop
  endfacet
  facet normal -0.812836 -0.582493 0
    outer loop
      vertex 17.0451 11.3892 40
      vertex 16.2637 12.4796 52
      vertex 16.2637 12.4796 40
    endloop
  endfacet
  facet normal -0.812836 -0.582493 0
    outer loop
      vertex 16.2637 12.4796 52
      vertex 17.0451 11.3892 40
      vertex 17.0451 11.3892 52
    endloop
  endfacet
  facet normal -0.773027 -0.634374 0
    outer loop
      vertex 16.2637 12.4796 40
      vertex 15.4127 13.5166 52
      vertex 15.4127 13.5166 40
    endloop
  endfacet
  facet normal -0.773027 -0.634374 0
    outer loop
      vertex 15.4127 13.5166 52
      vertex 16.2637 12.4796 40
      vertex 16.2637 12.4796 52
    endloop
  endfacet
  facet normal 0.683581 -0.729874 0
    outer loop
      vertex -14.4957 14.4957 40
      vertex -13.5166 15.4127 52
      vertex -14.4957 14.4957 52
    endloop
  endfacet
  facet normal 0.683581 -0.729874 0
    outer loop
      vertex -13.5166 15.4127 52
      vertex -14.4957 14.4957 40
      vertex -13.5166 15.4127 40
    endloop
  endfacet
  facet normal 0.352291 -0.93589 0
    outer loop
      vertex -7.84501 18.9395 40
      vertex -6.58951 19.4121 52
      vertex -7.84501 18.9395 52
    endloop
  endfacet
  facet normal 0.352291 -0.93589 0
    outer loop
      vertex -6.58951 19.4121 52
      vertex -7.84501 18.9395 40
      vertex -6.58951 19.4121 40
    endloop
  endfacet
  facet normal -0.16288 -0.986646 0
    outer loop
      vertex 2.67579 20.3246 40
      vertex 3.99935 20.1061 52
      vertex 2.67579 20.3246 52
    endloop
  endfacet
  facet normal -0.16288 -0.986646 -0
    outer loop
      vertex 3.99935 20.1061 52
      vertex 2.67579 20.3246 40
      vertex 3.99935 20.1061 40
    endloop
  endfacet
  facet normal 0.290276 -0.956943 0
    outer loop
      vertex -6.58951 19.4121 40
      vertex -5.30579 19.8015 52
      vertex -6.58951 19.4121 52
    endloop
  endfacet
  facet normal 0.290276 -0.956943 0
    outer loop
      vertex -5.30579 19.8015 52
      vertex -6.58951 19.4121 40
      vertex -5.30579 19.8015 40
    endloop
  endfacet
  facet normal -0.881912 -0.471414 0
    outer loop
      vertex 18.3859 9.06692 40
      vertex 17.7535 10.25 52
      vertex 17.7535 10.25 40
    endloop
  endfacet
  facet normal -0.881912 -0.471414 0
    outer loop
      vertex 17.7535 10.25 52
      vertex 18.3859 9.06692 40
      vertex 18.3859 9.06692 52
    endloop
  endfacet
  facet normal -0.634374 -0.773027 0
    outer loop
      vertex 12.4796 16.2637 40
      vertex 13.5166 15.4127 52
      vertex 12.4796 16.2637 52
    endloop
  endfacet
  facet normal -0.634374 -0.773027 -0
    outer loop
      vertex 13.5166 15.4127 52
      vertex 12.4796 16.2637 40
      vertex 13.5166 15.4127 40
    endloop
  endfacet
  facet normal -0.849202 -0.528068 0
    outer loop
      vertex 17.7535 10.25 40
      vertex 17.0451 11.3892 52
      vertex 17.0451 11.3892 40
    endloop
  endfacet
  facet normal -0.849202 -0.528068 0
    outer loop
      vertex 17.0451 11.3892 52
      vertex 17.7535 10.25 40
      vertex 17.7535 10.25 52
    endloop
  endfacet
  facet normal -0.528068 -0.849202 0
    outer loop
      vertex 10.25 17.7535 40
      vertex 11.3892 17.0451 52
      vertex 10.25 17.7535 52
    endloop
  endfacet
  facet normal -0.528068 -0.849202 -0
    outer loop
      vertex 11.3892 17.0451 52
      vertex 10.25 17.7535 40
      vertex 11.3892 17.0451 40
    endloop
  endfacet
  facet normal 0 0 1
    outer loop
      vertex 20.4561 1.34076 40
      vertex 20.4561 -1.34076 40
      vertex 20.5 0 40
    endloop
  endfacet
  facet normal 0 0 1
    outer loop
      vertex 20.3246 2.67579 40
      vertex 20.4561 -1.34076 40
      vertex 20.4561 1.34076 40
    endloop
  endfacet
  facet normal 0 0 1
    outer loop
      vertex 20.3246 2.67579 40
      vertex 20.3246 -2.67579 40
      vertex 20.4561 -1.34076 40
    endloop
  endfacet
  facet normal 0 0 1
    outer loop
      vertex 20.1061 3.99935 40
      vertex 20.3246 -2.67579 40
      vertex 20.3246 2.67579 40
    endloop
  endfacet
  facet normal 0 0 1
    outer loop
      vertex 20.1061 3.99935 40
      vertex 20.1061 -3.99935 40
      vertex 20.3246 -2.67579 40
    endloop
  endfacet
  facet normal 0 0 1
    outer loop
      vertex 19.8015 5.30579 40
      vertex 20.1061 -3.99935 40
      vertex 20.1061 3.99935 40
    endloop
  endfacet
  facet normal 0 0 1
    outer loop
      vertex 19.8015 5.30579 40
      vertex 19.8015 -5.30579 40
      vertex 20.1061 -3.99935 40
    endloop
  endfacet
  facet normal 0 0 1
    outer loop
      vertex 19.4121 6.58951 40
      vertex 19.8015 -5.30579 40
      vertex 19.8015 5.30579 40
    endloop
  endfacet
  facet normal 0 0 1
    outer loop
      vertex 19.4121 6.58951 40
      vertex 19.4121 -6.58951 40
      vertex 19.8015 -5.30579 40
    endloop
  endfacet
  facet normal 0 0 1
    outer loop
      vertex 18.9395 7.84501 40
      vertex 19.4121 -6.58951 40
      vertex 19.4121 6.58951 40
    endloop
  endfacet
  facet normal 0 0 1
    outer loop
      vertex 18.9395 7.84501 40
      vertex 18.9395 -7.84501 40
      vertex 19.4121 -6.58951 40
    endloop
  endfacet
  facet normal 0 0 1
    outer loop
      vertex 18.3859 9.06692 40
      vertex 18.9395 -7.84501 40
      vertex 18.9395 7.84501 40
    endloop
  endfacet
  facet normal 0 0 1
    outer loop
      vertex 18.3859 9.06692 40
      vertex 18.3859 -9.06692 40
      vertex 18.9395 -7.84501 40
    endloop
  endfacet
  facet normal 0 0 1
    outer loop
      vertex 17.7535 10.25 40
      vertex 18.3859 -9.06692 40
      vertex 18.3859 9.06692 40
    endloop
  endfacet
  facet normal 0 0 1
    outer loop
      vertex 17.7535 10.25 40
      vertex 17.7535 -10.25 40
      vertex 18.3859 -9.06692 40
    endloop
  endfacet
  facet normal 0 0 1
    outer loop
      vertex 17.0451 11.3892 40
      vertex 17.7535 -10.25 40
      vertex 17.7535 10.25 40
    endloop
  endfacet
  facet normal 0 0 1
    outer loop
      vertex 17.0451 11.3892 40
      vertex 17.0451 -11.3892 40
      vertex 17.7535 -10.25 40
    endloop
  endfacet
  facet normal 0 0 1
    outer loop
      vertex 16.2637 12.4796 40
      vertex 17.0451 -11.3892 40
      vertex 17.0451 11.3892 40
    endloop
  endfacet
  facet normal 0 0 1
    outer loop
      vertex 16.2637 12.4796 40
      vertex 16.2637 -12.4796 40
      vertex 17.0451 -11.3892 40
    endloop
  endfacet
  facet normal 0 0 1
    outer loop
      vertex 15.4127 13.5166 40
      vertex 16.2637 -12.4796 40
      vertex 16.2637 12.4796 40
    endloop
  endfacet
  facet normal 0 0 1
    outer loop
      vertex 15.4127 13.5166 40
      vertex 15.4127 -13.5166 40
      vertex 16.2637 -12.4796 40
    endloop
  endfacet
  facet normal 0 0 1
    outer loop
      vertex 14.4957 14.4957 40
      vertex 15.4127 -13.5166 40
      vertex 15.4127 13.5166 40
    endloop
  endfacet
  facet normal 0 0 1
    outer loop
      vertex 14.4957 14.4957 40
      vertex 14.4957 -14.4957 40
      vertex 15.4127 -13.5166 40
    endloop
  endfacet
  facet normal 0 0 1
    outer loop
      vertex 13.5166 15.4127 40
      vertex 14.4957 -14.4957 40
      vertex 14.4957 14.4957 40
    endloop
  endfacet
  facet normal 0 0 1
    outer loop
      vertex 13.5166 15.4127 40
      vertex 13.5166 -15.4127 40
      vertex 14.4957 -14.4957 40
    endloop
  endfacet
  facet normal 0 0 1
    outer loop
      vertex 12.4796 16.2637 40
      vertex 13.5166 -15.4127 40
      vertex 13.5166 15.4127 40
    endloop
  endfacet
  facet normal 0 0 1
    outer loop
      vertex 12.4796 16.2637 40
      vertex 12.4796 -16.2637 40
      vertex 13.5166 -15.4127 40
    endloop
  endfacet
  facet normal 0 0 1
    outer loop
      vertex 11.3892 17.0451 40
      vertex 12.4796 -16.2637 40
      vertex 12.4796 16.2637 40
    endloop
  endfacet
  facet normal 0 0 1
    outer loop
      vertex 11.3892 17.0451 40
      vertex 11.3892 -17.0451 40
      vertex 12.4796 -16.2637 40
    endloop
  endfacet
  facet normal 0 0 1
    outer loop
      vertex 10.25 17.7535 40
      vertex 11.3892 -17.0451 40
      vertex 11.3892 17.0451 40
    endloop
  endfacet
  facet normal 0 0 1
    outer loop
      vertex 10.25 17.7535 40
      vertex 10.25 -17.7535 40
      vertex 11.3892 -17.0451 40
    endloop
  endfacet
  facet normal 0 0 1
    outer loop
      vertex 9.06692 18.3859 40
      vertex 10.25 -17.7535 40
      vertex 10.25 17.7535 40
    endloop
  endfacet
  facet normal 0 0 1
    outer loop
      vertex 9.06692 18.3859 40
      vertex 9.06692 -18.3859 40
      vertex 10.25 -17.7535 40
    endloop
  endfacet
  facet normal 0 0 1
    outer loop
      vertex 7.84501 18.9395 40
      vertex 9.06692 -18.3859 40
      vertex 9.06692 18.3859 40
    endloop
  endfacet
  facet normal 0 0 1
    outer loop
      vertex 7.84501 18.9395 40
      vertex 7.84501 -18.9395 40
      vertex 9.06692 -18.3859 40
    endloop
  endfacet
  facet normal 0 0 1
    outer loop
      vertex 6.58951 19.4121 40
      vertex 7.84501 -18.9395 40
      vertex 7.84501 18.9395 40
    endloop
  endfacet
  facet normal 0 0 1
    outer loop
      vertex 6.58951 19.4121 40
      vertex 6.58951 -19.4121 40
      vertex 7.84501 -18.9395 40
    endloop
  endfacet
  facet normal 0 0 1
    outer loop
      vertex 5.30579 19.8015 40
      vertex 6.58951 -19.4121 40
      vertex 6.58951 19.4121 40
    endloop
  endfacet
  facet normal 0 0 1
    outer loop
      vertex 5.30579 19.8015 40
      vertex 5.30579 -19.8015 40
      vertex 6.58951 -19.4121 40
    endloop
  endfacet
  facet normal 0 0 1
    outer loop
      vertex 3.99935 20.1061 40
      vertex 5.30579 -19.8015 40
      vertex 5.30579 19.8015 40
    endloop
  endfacet
  facet normal 0 0 1
    outer loop
      vertex 3.99935 20.1061 40
      vertex 3.99935 -20.1061 40
      vertex 5.30579 -19.8015 40
    endloop
  endfacet
  facet normal 0 0 1
    outer loop
      vertex 2.67579 20.3246 40
      vertex 3.99935 -20.1061 40
      vertex 3.99935 20.1061 40
    endloop
  endfacet
  facet normal 0 0 1
    outer loop
      vertex 2.67579 20.3246 40
      vertex 2.67579 -20.3246 40
      vertex 3.99935 -20.1061 40
    endloop
  endfacet
  facet normal 0 0 1
    outer loop
      vertex 1.34076 20.4561 40
      vertex 2.67579 -20.3246 40
      vertex 2.67579 20.3246 40
    endloop
  endfacet
  facet normal 0 0 1
    outer loop
      vertex 1.34076 20.4561 40
      vertex 1.34076 -20.4561 40
      vertex 2.67579 -20.3246 40
    endloop
  endfacet
  facet normal 0 0 1
    outer loop
      vertex 0 20.5 40
      vertex 1.34076 -20.4561 40
      vertex 1.34076 20.4561 40
    endloop
  endfacet
  facet normal 0 0 1
    outer loop
      vertex 0 20.5 40
      vertex 0 -20.5 40
      vertex 1.34076 -20.4561 40
    endloop
  endfacet
  facet normal -0 0 1
    outer loop
      vertex -1.34076 20.4561 40
      vertex 0 -20.5 40
      vertex 0 20.5 40
    endloop
  endfacet
  facet normal 0 0 1
    outer loop
      vertex -1.34076 20.4561 40
      vertex -1.34076 -20.4561 40
      vertex 0 -20.5 40
    endloop
  endfacet
  facet normal -0 0 1
    outer loop
      vertex -2.67579 20.3246 40
      vertex -1.34076 -20.4561 40
      vertex -1.34076 20.4561 40
    endloop
  endfacet
  facet normal 0 0 1
    outer loop
      vertex -2.67579 20.3246 40
      vertex -2.67579 -20.3246 40
      vertex -1.34076 -20.4561 40
    endloop
  endfacet
  facet normal -0 0 1
    outer loop
      vertex -3.99935 20.1061 40
      vertex -2.67579 -20.3246 40
      vertex -2.67579 20.3246 40
    endloop
  endfacet
  facet normal 0 0 1
    outer loop
      vertex -3.99935 20.1061 40
      vertex -3.99935 -20.1061 40
      vertex -2.67579 -20.3246 40
    endloop
  endfacet
  facet normal -0 0 1
    outer loop
      vertex -5.30579 19.8015 40
      vertex -3.99935 -20.1061 40
      vertex -3.99935 20.1061 40
    endloop
  endfacet
  facet normal 0 0 1
    outer loop
      vertex -5.30579 19.8015 40
      vertex -5.30579 -19.8015 40
      vertex -3.99935 -20.1061 40
    endloop
  endfacet
  facet normal -0 0 1
    outer loop
      vertex -6.58951 19.4121 40
      vertex -5.30579 -19.8015 40
      vertex -5.30579 19.8015 40
    endloop
  endfacet
  facet normal 0 0 1
    outer loop
      vertex -6.58951 19.4121 40
      vertex -6.58951 -19.4121 40
      vertex -5.30579 -19.8015 40
    endloop
  endfacet
  facet normal -0 0 1
    outer loop
      vertex -7.84501 18.9395 40
      vertex -6.58951 -19.4121 40
      vertex -6.58951 19.4121 40
    endloop
  endfacet
  facet normal 0 0 1
    outer loop
      vertex -7.84501 18.9395 40
      vertex -7.84501 -18.9395 40
      vertex -6.58951 -19.4121 40
    endloop
  endfacet
  facet normal -0 0 1
    outer loop
      vertex -9.06692 18.3859 40
      vertex -7.84501 -18.9395 40
      vertex -7.84501 18.9395 40
    endloop
  endfacet
  facet normal 0 0 1
    outer loop
      vertex -9.06692 18.3859 40
      vertex -9.06692 -18.3859 40
      vertex -7.84501 -18.9395 40
    endloop
  endfacet
  facet normal -0 0 1
    outer loop
      vertex -10.25 17.7535 40
      vertex -9.06692 -18.3859 40
      vertex -9.06692 18.3859 40
    endloop
  endfacet
  facet normal 0 0 1
    outer loop
      vertex -10.25 17.7535 40
      vertex -10.25 -17.7535 40
      vertex -9.06692 -18.3859 40
    endloop
  endfacet
  facet normal -0 0 1
    outer loop
      vertex -11.3892 17.0451 40
      vertex -10.25 -17.7535 40
      vertex -10.25 17.7535 40
    endloop
  endfacet
  facet normal 0 0 1
    outer loop
      vertex -11.3892 17.0451 40
      vertex -11.3892 -17.0451 40
      vertex -10.25 -17.7535 40
    endloop
  endfacet
  facet normal -0 0 1
    outer loop
      vertex -12.4796 16.2637 40
      vertex -11.3892 -17.0451 40
      vertex -11.3892 17.0451 40
    endloop
  endfacet
  facet normal 0 0 1
    outer loop
      vertex -12.4796 16.2637 40
      vertex -12.4796 -16.2637 40
      vertex -11.3892 -17.0451 40
    endloop
  endfacet
  facet normal -0 0 1
    outer loop
      vertex -13.5166 15.4127 40
      vertex -12.4796 -16.2637 40
      vertex -12.4796 16.2637 40
    endloop
  endfacet
  facet normal 0 0 1
    outer loop
      vertex -13.5166 15.4127 40
      vertex -13.5166 -15.4127 40
      vertex -12.4796 -16.2637 40
    endloop
  endfacet
  facet normal -0 0 1
    outer loop
      vertex -14.4957 14.4957 40
      vertex -13.5166 -15.4127 40
      vertex -13.5166 15.4127 40
    endloop
  endfacet
  facet normal 0 0 1
    outer loop
      vertex -14.4957 14.4957 40
      vertex -14.4957 -14.4957 40
      vertex -13.5166 -15.4127 40
    endloop
  endfacet
  facet normal -0 0 1
    outer loop
      vertex -15.4127 13.5166 40
      vertex -14.4957 -14.4957 40
      vertex -14.4957 14.4957 40
    endloop
  endfacet
  facet normal 0 0 1
    outer loop
      vertex -15.4127 13.5166 40
      vertex -15.4127 -13.5166 40
      vertex -14.4957 -14.4957 40
    endloop
  endfacet
  facet normal -0 0 1
    outer loop
      vertex -16.2637 12.4796 40
      vertex -15.4127 -13.5166 40
      vertex -15.4127 13.5166 40
    endloop
  endfacet
  facet normal 0 0 1
    outer loop
      vertex -16.2637 12.4796 40
      vertex -16.2637 -12.4796 40
      vertex -15.4127 -13.5166 40
    endloop
  endfacet
  facet normal -0 0 1
    outer loop
      vertex -17.0451 11.3892 40
      vertex -16.2637 -12.4796 40
      vertex -16.2637 12.4796 40
    endloop
  endfacet
  facet normal 0 0 1
    outer loop
      vertex -17.0451 11.3892 40
      vertex -17.0451 -11.3892 40
      vertex -16.2637 -12.4796 40
    endloop
  endfacet
  facet normal -0 0 1
    outer loop
      vertex -17.7535 10.25 40
      vertex -17.0451 -11.3892 40
      vertex -17.0451 11.3892 40
    endloop
  endfacet
  facet normal 0 0 1
    outer loop
      vertex -17.7535 10.25 40
      vertex -17.7535 -10.25 40
      vertex -17.0451 -11.3892 40
    endloop
  endfacet
  facet normal -0 0 1
    outer loop
      vertex -18.3859 9.06692 40
      vertex -17.7535 -10.25 40
      vertex -17.7535 10.25 40
    endloop
  endfacet
  facet normal 0 0 1
    outer loop
      vertex -18.3859 9.06692 40
      vertex -18.3859 -9.06692 40
      vertex -17.7535 -10.25 40
    endloop
  endfacet
  facet normal -0 0 1
    outer loop
      vertex -18.9395 7.84501 40
      vertex -18.3859 -9.06692 40
      vertex -18.3859 9.06692 40
    endloop
  endfacet
  facet normal 0 0 1
    outer loop
      vertex -18.9395 7.84501 40
      vertex -18.9395 -7.84501 40
      vertex -18.3859 -9.06692 40
    endloop
  endfacet
  facet normal -0 0 1
    outer loop
      vertex -19.4121 6.58951 40
      vertex -18.9395 -7.84501 40
      vertex -18.9395 7.84501 40
    endloop
  endfacet
  facet normal 0 0 1
    outer loop
      vertex -19.4121 6.58951 40
      vertex -19.4121 -6.58951 40
      vertex -18.9395 -7.84501 40
    endloop
  endfacet
  facet normal -0 0 1
    outer loop
      vertex -19.8015 5.30579 40
      vertex -19.4121 -6.58951 40
      vertex -19.4121 6.58951 40
    endloop
  endfacet
  facet normal 0 0 1
    outer loop
      vertex -19.8015 5.30579 40
      vertex -19.8015 -5.30579 40
      vertex -19.4121 -6.58951 40
    endloop
  endfacet
  facet normal -0 0 1
    outer loop
      vertex -20.1061 3.99935 40
      vertex -19.8015 -5.30579 40
      vertex -19.8015 5.30579 40
    endloop
  endfacet
  facet normal 0 0 1
    outer loop
      vertex -20.1061 3.99935 40
      vertex -20.1061 -3.99935 40
      vertex -19.8015 -5.30579 40
    endloop
  endfacet
  facet normal -0 0 1
    outer loop
      vertex -20.3246 2.67579 40
      vertex -20.1061 -3.99935 40
      vertex -20.1061 3.99935 40
    endloop
  endfacet
  facet normal 0 0 1
    outer loop
      vertex -20.3246 2.67579 40
      vertex -20.3246 -2.67579 40
      vertex -20.1061 -3.99935 40
    endloop
  endfacet
  facet normal -0 0 1
    outer loop
      vertex -20.4561 1.34076 40
      vertex -20.3246 -2.67579 40
      vertex -20.3246 2.67579 40
    endloop
  endfacet
  facet normal 0 0 1
    outer loop
      vertex -20.4561 1.34076 40
      vertex -20.4561 -1.34076 40
      vertex -20.3246 -2.67579 40
    endloop
  endfacet
  facet normal 0 -0 1
    outer loop
      vertex -20.4561 -1.34076 40
      vertex -20.4561 1.34076 40
      vertex -20.5 0 40
    endloop
  endfacet
  facet normal 0.582493 -0.812836 0
    outer loop
      vertex -12.4796 16.2637 40
      vertex -11.3892 17.0451 52
      vertex -12.4796 16.2637 52
    endloop
  endfacet
  facet normal 0.582493 -0.812836 0
    outer loop
      vertex -11.3892 17.0451 52
      vertex -12.4796 16.2637 40
      vertex -11.3892 17.0451 40
    endloop
  endfacet
  facet normal -0.97388 -0.227063 0
    outer loop
      vertex 20.1061 3.99935 40
      vertex 19.8015 5.30579 52
      vertex 19.8015 5.30579 40
    endloop
  endfacet
  facet normal -0.97388 -0.227063 0
    outer loop
      vertex 19.8015 5.30579 52
      vertex 20.1061 3.99935 40
      vertex 20.1061 3.99935 52
    endloop
  endfacet
  facet normal -0.352291 -0.93589 0
    outer loop
      vertex 6.58951 19.4121 40
      vertex 7.84501 18.9395 52
      vertex 6.58951 19.4121 52
    endloop
  endfacet
  facet normal -0.352291 -0.93589 -0
    outer loop
      vertex 7.84501 18.9395 52
      vertex 6.58951 19.4121 40
      vertex 7.84501 18.9395 40
    endloop
  endfacet
  facet normal -0.986646 -0.16288 0
    outer loop
      vertex 20.3246 2.67579 40
      vertex 20.1061 3.99935 52
      vertex 20.1061 3.99935 40
    endloop
  endfacet
  facet normal -0.986646 -0.16288 0
    outer loop
      vertex 20.1061 3.99935 52
      vertex 20.3246 2.67579 40
      vertex 20.3246 2.67579 52
    endloop
  endfacet
  facet normal -0.999465 0.032708 0
    outer loop
      vertex 28.439 -1.86399 0
      vertex 28.5 0 0.599999
      vertex 28.5 0 0
    endloop
  endfacet
  facet normal -0.999465 0.032708 0
    outer loop
      vertex 28.5 0 0.599999
      vertex 28.439 -1.86399 0
      vertex 28.439 -1.86399 0.599999
    endloop
  endfacet
  facet normal 0.910858 -0.41272 0
    outer loop
      vertex -26.3306 10.9065 0.599999
      vertex -25.5609 12.6052 0
      vertex -25.5609 12.6052 0.599999
    endloop
  endfacet
  facet normal 0.910858 -0.41272 0
    outer loop
      vertex -25.5609 12.6052 0
      vertex -26.3306 10.9065 0.599999
      vertex -26.3306 10.9065 0
    endloop
  endfacet
  facet normal -0.162897 -0.986643 0
    outer loop
      vertex 3.72 28.2562 0
      vertex 5.56007 27.9524 0.599999
      vertex 3.72 28.2562 0.599999
    endloop
  endfacet
  facet normal -0.162897 -0.986643 -0
    outer loop
      vertex 5.56007 27.9524 0.599999
      vertex 3.72 28.2562 0
      vertex 5.56007 27.9524 0
    endloop
  endfacet
  facet normal 0.935915 -0.352226 0
    outer loop
      vertex -26.9875 9.16102 0.599999
      vertex -26.3306 10.9065 0
      vertex -26.3306 10.9065 0.599999
    endloop
  endfacet
  facet normal 0.935915 -0.352226 0
    outer loop
      vertex -26.3306 10.9065 0
      vertex -26.9875 9.16102 0.599999
      vertex -26.9875 9.16102 0
    endloop
  endfacet
  facet normal 0.986643 0.162897 0
    outer loop
      vertex -27.9524 -5.56007 0.599999
      vertex -28.2562 -3.72 0
      vertex -28.2562 -3.72 0.599999
    endloop
  endfacet
  facet normal 0.986643 0.162897 0
    outer loop
      vertex -28.2562 -3.72 0
      vertex -27.9524 -5.56007 0.599999
      vertex -27.9524 -5.56007 0
    endloop
  endfacet
  facet normal 0.227079 0.973876 -0
    outer loop
      vertex -5.56007 -27.9524 0
      vertex -7.37634 -27.5289 0.599999
      vertex -5.56007 -27.9524 0.599999
    endloop
  endfacet
  facet normal 0.227079 0.973876 0
    outer loop
      vertex -7.37634 -27.5289 0.599999
      vertex -5.56007 -27.9524 0
      vertex -7.37634 -27.5289 0
    endloop
  endfacet
  facet normal 0.683618 0.72984 -0
    outer loop
      vertex -18.7914 -21.4274 0
      vertex -20.1525 -20.1525 0.599999
      vertex -18.7914 -21.4274 0.599999
    endloop
  endfacet
  facet normal 0.683618 0.72984 0
    outer loop
      vertex -20.1525 -20.1525 0.599999
      vertex -18.7914 -21.4274 0
      vertex -20.1525 -20.1525 0
    endloop
  endfacet
  facet normal 0.162897 0.986643 -0
    outer loop
      vertex -3.72 -28.2562 0
      vertex -5.56007 -27.9524 0.599999
      vertex -3.72 -28.2562 0.599999
    endloop
  endfacet
  facet normal 0.162897 0.986643 0
    outer loop
      vertex -5.56007 -27.9524 0.599999
      vertex -3.72 -28.2562 0
      vertex -5.56007 -27.9524 0
    endloop
  endfacet
  facet normal 0.849219 -0.528041 0
    outer loop
      vertex -24.6817 14.25 0.599999
      vertex -23.6969 15.8338 0
      vertex -23.6969 15.8338 0.599999
    endloop
  endfacet
  facet normal 0.849219 -0.528041 0
    outer loop
      vertex -23.6969 15.8338 0
      vertex -24.6817 14.25 0.599999
      vertex -24.6817 14.25 0
    endloop
  endfacet
  facet normal 0.352226 -0.935915 0
    outer loop
      vertex -10.9065 26.3306 0
      vertex -9.16102 26.9875 0.599999
      vertex -10.9065 26.3306 0.599999
    endloop
  endfacet
  facet normal 0.352226 -0.935915 0
    outer loop
      vertex -9.16102 26.9875 0.599999
      vertex -10.9065 26.3306 0
      vertex -9.16102 26.9875 0
    endloop
  endfacet
  facet normal 0.032708 -0.999465 0
    outer loop
      vertex -1.86399 28.439 0
      vertex 0 28.5 0.599999
      vertex -1.86399 28.439 0.599999
    endloop
  endfacet
  facet normal 0.032708 -0.999465 0
    outer loop
      vertex 0 28.5 0.599999
      vertex -1.86399 28.439 0
      vertex 0 28.5 0
    endloop
  endfacet
  facet normal -0.032708 0.999465 0
    outer loop
      vertex 1.86399 -28.439 0
      vertex 0 -28.5 0.599999
      vertex 1.86399 -28.439 0.599999
    endloop
  endfacet
  facet normal -0.032708 0.999465 0
    outer loop
      vertex 0 -28.5 0.599999
      vertex 1.86399 -28.439 0
      vertex 0 -28.5 0
    endloop
  endfacet
  facet normal 0.812841 -0.582485 0
    outer loop
      vertex -23.6969 15.8338 0.599999
      vertex -22.6106 17.3497 0
      vertex -22.6106 17.3497 0.599999
    endloop
  endfacet
  facet normal 0.812841 -0.582485 0
    outer loop
      vertex -22.6106 17.3497 0
      vertex -23.6969 15.8338 0.599999
      vertex -23.6969 15.8338 0
    endloop
  endfacet
  facet normal 0.683618 -0.72984 0
    outer loop
      vertex -20.1525 20.1525 0
      vertex -18.7914 21.4274 0.599999
      vertex -20.1525 20.1525 0.599999
    endloop
  endfacet
  facet normal 0.683618 -0.72984 0
    outer loop
      vertex -18.7914 21.4274 0.599999
      vertex -20.1525 20.1525 0
      vertex -18.7914 21.4274 0
    endloop
  endfacet
  facet normal -0.881913 0.471412 0
    outer loop
      vertex 24.6817 -14.25 0
      vertex 25.5609 -12.6052 0.599999
      vertex 25.5609 -12.6052 0
    endloop
  endfacet
  facet normal -0.881913 0.471412 0
    outer loop
      vertex 25.5609 -12.6052 0.599999
      vertex 24.6817 -14.25 0
      vertex 24.6817 -14.25 0.599999
    endloop
  endfacet
  facet normal 0.0980166 -0.995185 0
    outer loop
      vertex -3.72 28.2562 0
      vertex -1.86399 28.439 0.599999
      vertex -3.72 28.2562 0.599999
    endloop
  endfacet
  facet normal 0.0980166 -0.995185 0
    outer loop
      vertex -1.86399 28.439 0.599999
      vertex -3.72 28.2562 0
      vertex -1.86399 28.439 0
    endloop
  endfacet
  facet normal 0.812841 0.582485 0
    outer loop
      vertex -22.6106 -17.3497 0.599999
      vertex -23.6969 -15.8338 0
      vertex -23.6969 -15.8338 0.599999
    endloop
  endfacet
  facet normal 0.812841 0.582485 0
    outer loop
      vertex -23.6969 -15.8338 0
      vertex -22.6106 -17.3497 0.599999
      vertex -22.6106 -17.3497 0
    endloop
  endfacet
  facet normal -0.910858 0.41272 0
    outer loop
      vertex 25.5609 -12.6052 0
      vertex 26.3306 -10.9065 0.599999
      vertex 26.3306 -10.9065 0
    endloop
  endfacet
  facet normal -0.910858 0.41272 0
    outer loop
      vertex 26.3306 -10.9065 0.599999
      vertex 25.5609 -12.6052 0
      vertex 25.5609 -12.6052 0.599999
    endloop
  endfacet
  facet normal -0.72984 0.683618 0
    outer loop
      vertex 20.1525 -20.1525 0
      vertex 21.4274 -18.7914 0.599999
      vertex 21.4274 -18.7914 0
    endloop
  endfacet
  facet normal -0.72984 0.683618 0
    outer loop
      vertex 21.4274 -18.7914 0.599999
      vertex 20.1525 -20.1525 0
      vertex 20.1525 -20.1525 0.599999
    endloop
  endfacet
  facet normal 0.881913 0.471412 0
    outer loop
      vertex -24.6817 -14.25 0.599999
      vertex -25.5609 -12.6052 0
      vertex -25.5609 -12.6052 0.599999
    endloop
  endfacet
  facet normal 0.881913 0.471412 0
    outer loop
      vertex -25.5609 -12.6052 0
      vertex -24.6817 -14.25 0.599999
      vertex -24.6817 -14.25 0
    endloop
  endfacet
  facet normal -0.973876 -0.227079 0
    outer loop
      vertex 27.9524 5.56007 0
      vertex 27.5289 7.37634 0.599999
      vertex 27.5289 7.37634 0
    endloop
  endfacet
  facet normal -0.973876 -0.227079 0
    outer loop
      vertex 27.5289 7.37634 0.599999
      vertex 27.9524 5.56007 0
      vertex 27.9524 5.56007 0.599999
    endloop
  endfacet
  facet normal 0.995185 0.0980166 0
    outer loop
      vertex -28.2562 -3.72 0.599999
      vertex -28.439 -1.86399 0
      vertex -28.439 -1.86399 0.599999
    endloop
  endfacet
  facet normal 0.995185 0.0980166 0
    outer loop
      vertex -28.439 -1.86399 0
      vertex -28.2562 -3.72 0.599999
      vertex -28.2562 -3.72 0
    endloop
  endfacet
  facet normal -0.683618 0.72984 0
    outer loop
      vertex 20.1525 -20.1525 0
      vertex 18.7914 -21.4274 0.599999
      vertex 20.1525 -20.1525 0.599999
    endloop
  endfacet
  facet normal -0.683618 0.72984 0
    outer loop
      vertex 18.7914 -21.4274 0.599999
      vertex 20.1525 -20.1525 0
      vertex 18.7914 -21.4274 0
    endloop
  endfacet
  facet normal -0.471412 0.881913 0
    outer loop
      vertex 14.25 -24.6817 0
      vertex 12.6052 -25.5609 0.599999
      vertex 14.25 -24.6817 0.599999
    endloop
  endfacet
  facet normal -0.471412 0.881913 0
    outer loop
      vertex 12.6052 -25.5609 0.599999
      vertex 14.25 -24.6817 0
      vertex 12.6052 -25.5609 0
    endloop
  endfacet
  facet normal -0.528041 0.849219 0
    outer loop
      vertex 15.8338 -23.6969 0
      vertex 14.25 -24.6817 0.599999
      vertex 15.8338 -23.6969 0.599999
    endloop
  endfacet
  facet normal -0.528041 0.849219 0
    outer loop
      vertex 14.25 -24.6817 0.599999
      vertex 15.8338 -23.6969 0
      vertex 14.25 -24.6817 0
    endloop
  endfacet
  facet normal -0.812841 0.582485 0
    outer loop
      vertex 22.6106 -17.3497 0
      vertex 23.6969 -15.8338 0.599999
      vertex 23.6969 -15.8338 0
    endloop
  endfacet
  facet normal -0.812841 0.582485 0
    outer loop
      vertex 23.6969 -15.8338 0.599999
      vertex 22.6106 -17.3497 0
      vertex 22.6106 -17.3497 0.599999
    endloop
  endfacet
  facet normal 0.999465 0.032708 0
    outer loop
      vertex -28.439 -1.86399 0.599999
      vertex -28.5 0 0
      vertex -28.5 0 0.599999
    endloop
  endfacet
  facet normal 0.999465 0.032708 0
    outer loop
      vertex -28.5 0 0
      vertex -28.439 -1.86399 0.599999
      vertex -28.439 -1.86399 0
    endloop
  endfacet
  facet normal -0.032708 -0.999465 0
    outer loop
      vertex 0 28.5 0
      vertex 1.86399 28.439 0.599999
      vertex 0 28.5 0.599999
    endloop
  endfacet
  facet normal -0.032708 -0.999465 -0
    outer loop
      vertex 1.86399 28.439 0.599999
      vertex 0 28.5 0
      vertex 1.86399 28.439 0
    endloop
  endfacet
  facet normal 0.849219 0.528041 0
    outer loop
      vertex -23.6969 -15.8338 0.599999
      vertex -24.6817 -14.25 0
      vertex -24.6817 -14.25 0.599999
    endloop
  endfacet
  facet normal 0.849219 0.528041 0
    outer loop
      vertex -24.6817 -14.25 0
      vertex -23.6969 -15.8338 0.599999
      vertex -23.6969 -15.8338 0
    endloop
  endfacet
  facet normal -0.986643 0.162897 0
    outer loop
      vertex 27.9524 -5.56007 0
      vertex 28.2562 -3.72 0.599999
      vertex 28.2562 -3.72 0
    endloop
  endfacet
  facet normal -0.986643 0.162897 0
    outer loop
      vertex 28.2562 -3.72 0.599999
      vertex 27.9524 -5.56007 0
      vertex 27.9524 -5.56007 0.599999
    endloop
  endfacet
  facet normal 0.910858 0.41272 0
    outer loop
      vertex -25.5609 -12.6052 0.599999
      vertex -26.3306 -10.9065 0
      vertex -26.3306 -10.9065 0.599999
    endloop
  endfacet
  facet normal 0.910858 0.41272 0
    outer loop
      vertex -26.3306 -10.9065 0
      vertex -25.5609 -12.6052 0.599999
      vertex -25.5609 -12.6052 0
    endloop
  endfacet
  facet normal -0.956937 0.290296 0
    outer loop
      vertex 26.9875 -9.16102 0
      vertex 27.5289 -7.37634 0.599999
      vertex 27.5289 -7.37634 0
    endloop
  endfacet
  facet normal -0.956937 0.290296 0
    outer loop
      vertex 27.5289 -7.37634 0.599999
      vertex 26.9875 -9.16102 0
      vertex 26.9875 -9.16102 0.599999
    endloop
  endfacet
  facet normal 0.935915 0.352226 0
    outer loop
      vertex -26.3306 -10.9065 0.599999
      vertex -26.9875 -9.16102 0
      vertex -26.9875 -9.16102 0.599999
    endloop
  endfacet
  facet normal 0.935915 0.352226 0
    outer loop
      vertex -26.9875 -9.16102 0
      vertex -26.3306 -10.9065 0.599999
      vertex -26.3306 -10.9065 0
    endloop
  endfacet
  facet normal 0.0980166 0.995185 -0
    outer loop
      vertex -1.86399 -28.439 0
      vertex -3.72 -28.2562 0.599999
      vertex -1.86399 -28.439 0.599999
    endloop
  endfacet
  facet normal 0.0980166 0.995185 0
    outer loop
      vertex -3.72 -28.2562 0.599999
      vertex -1.86399 -28.439 0
      vertex -3.72 -28.2562 0
    endloop
  endfacet
  facet normal -0.0980166 -0.995185 0
    outer loop
      vertex 1.86399 28.439 0
      vertex 3.72 28.2562 0.599999
      vertex 1.86399 28.439 0.599999
    endloop
  endfacet
  facet normal -0.0980166 -0.995185 -0
    outer loop
      vertex 3.72 28.2562 0.599999
      vertex 1.86399 28.439 0
      vertex 3.72 28.2562 0
    endloop
  endfacet
  facet normal 0.634402 -0.773003 0
    outer loop
      vertex -18.7914 21.4274 0
      vertex -17.3497 22.6106 0.599999
      vertex -18.7914 21.4274 0.599999
    endloop
  endfacet
  facet normal 0.634402 -0.773003 0
    outer loop
      vertex -17.3497 22.6106 0.599999
      vertex -18.7914 21.4274 0
      vertex -17.3497 22.6106 0
    endloop
  endfacet
  facet normal 0.999465 -0.032708 0
    outer loop
      vertex -28.5 0 0.599999
      vertex -28.439 1.86399 0
      vertex -28.439 1.86399 0.599999
    endloop
  endfacet
  facet normal 0.999465 -0.032708 0
    outer loop
      vertex -28.439 1.86399 0
      vertex -28.5 0 0.599999
      vertex -28.5 0 0
    endloop
  endfacet
  facet normal 0.471412 -0.881913 0
    outer loop
      vertex -14.25 24.6817 0
      vertex -12.6052 25.5609 0.599999
      vertex -14.25 24.6817 0.599999
    endloop
  endfacet
  facet normal 0.471412 -0.881913 0
    outer loop
      vertex -12.6052 25.5609 0.599999
      vertex -14.25 24.6817 0
      vertex -12.6052 25.5609 0
    endloop
  endfacet
  facet normal -0.227079 0.973876 0
    outer loop
      vertex 7.37634 -27.5289 0
      vertex 5.56007 -27.9524 0.599999
      vertex 7.37634 -27.5289 0.599999
    endloop
  endfacet
  facet normal -0.227079 0.973876 0
    outer loop
      vertex 5.56007 -27.9524 0.599999
      vertex 7.37634 -27.5289 0
      vertex 5.56007 -27.9524 0
    endloop
  endfacet
  facet normal -0.935915 0.352226 0
    outer loop
      vertex 26.3306 -10.9065 0
      vertex 26.9875 -9.16102 0.599999
      vertex 26.9875 -9.16102 0
    endloop
  endfacet
  facet normal -0.935915 0.352226 0
    outer loop
      vertex 26.9875 -9.16102 0.599999
      vertex 26.3306 -10.9065 0
      vertex 26.3306 -10.9065 0.599999
    endloop
  endfacet
  facet normal -0.849219 0.528041 0
    outer loop
      vertex 23.6969 -15.8338 0
      vertex 24.6817 -14.25 0.599999
      vertex 24.6817 -14.25 0
    endloop
  endfacet
  facet normal -0.849219 0.528041 0
    outer loop
      vertex 24.6817 -14.25 0.599999
      vertex 23.6969 -15.8338 0
      vertex 23.6969 -15.8338 0.599999
    endloop
  endfacet
  facet normal 0.528041 -0.849219 0
    outer loop
      vertex -15.8338 23.6969 0
      vertex -14.25 24.6817 0.599999
      vertex -15.8338 23.6969 0.599999
    endloop
  endfacet
  facet normal 0.528041 -0.849219 0
    outer loop
      vertex -14.25 24.6817 0.599999
      vertex -15.8338 23.6969 0
      vertex -14.25 24.6817 0
    endloop
  endfacet
  facet normal -0.582485 0.812841 0
    outer loop
      vertex 17.3497 -22.6106 0
      vertex 15.8338 -23.6969 0.599999
      vertex 17.3497 -22.6106 0.599999
    endloop
  endfacet
  facet normal -0.582485 0.812841 0
    outer loop
      vertex 15.8338 -23.6969 0.599999
      vertex 17.3497 -22.6106 0
      vertex 15.8338 -23.6969 0
    endloop
  endfacet
  facet normal -0.773003 -0.634402 0
    outer loop
      vertex 22.6106 17.3497 0
      vertex 21.4274 18.7914 0.599999
      vertex 21.4274 18.7914 0
    endloop
  endfacet
  facet normal -0.773003 -0.634402 0
    outer loop
      vertex 21.4274 18.7914 0.599999
      vertex 22.6106 17.3497 0
      vertex 22.6106 17.3497 0.599999
    endloop
  endfacet
  facet normal -0.634402 0.773003 0
    outer loop
      vertex 18.7914 -21.4274 0
      vertex 17.3497 -22.6106 0.599999
      vertex 18.7914 -21.4274 0.599999
    endloop
  endfacet
  facet normal -0.634402 0.773003 0
    outer loop
      vertex 17.3497 -22.6106 0.599999
      vertex 18.7914 -21.4274 0
      vertex 17.3497 -22.6106 0
    endloop
  endfacet
  facet normal -0.582485 -0.812841 0
    outer loop
      vertex 15.8338 23.6969 0
      vertex 17.3497 22.6106 0.599999
      vertex 15.8338 23.6969 0.599999
    endloop
  endfacet
  facet normal -0.582485 -0.812841 -0
    outer loop
      vertex 17.3497 22.6106 0.599999
      vertex 15.8338 23.6969 0
      vertex 17.3497 22.6106 0
    endloop
  endfacet
  facet normal 0.956937 -0.290296 0
    outer loop
      vertex -27.5289 7.37634 0.599999
      vertex -26.9875 9.16102 0
      vertex -26.9875 9.16102 0.599999
    endloop
  endfacet
  facet normal 0.956937 -0.290296 0
    outer loop
      vertex -26.9875 9.16102 0
      vertex -27.5289 7.37634 0.599999
      vertex -27.5289 7.37634 0
    endloop
  endfacet
  facet normal -0.973876 0.227079 0
    outer loop
      vertex 27.5289 -7.37634 0
      vertex 27.9524 -5.56007 0.599999
      vertex 27.9524 -5.56007 0
    endloop
  endfacet
  facet normal -0.973876 0.227079 0
    outer loop
      vertex 27.9524 -5.56007 0.599999
      vertex 27.5289 -7.37634 0
      vertex 27.5289 -7.37634 0.599999
    endloop
  endfacet
  facet normal -0.995185 0.0980166 0
    outer loop
      vertex 28.2562 -3.72 0
      vertex 28.439 -1.86399 0.599999
      vertex 28.439 -1.86399 0
    endloop
  endfacet
  facet normal -0.995185 0.0980166 0
    outer loop
      vertex 28.439 -1.86399 0.599999
      vertex 28.2562 -3.72 0
      vertex 28.2562 -3.72 0.599999
    endloop
  endfacet
  facet normal 0.973876 -0.227079 0
    outer loop
      vertex -27.9524 5.56007 0.599999
      vertex -27.5289 7.37634 0
      vertex -27.5289 7.37634 0.599999
    endloop
  endfacet
  facet normal 0.973876 -0.227079 0
    outer loop
      vertex -27.5289 7.37634 0
      vertex -27.9524 5.56007 0.599999
      vertex -27.9524 5.56007 0
    endloop
  endfacet
  facet normal 0.290296 0.956937 -0
    outer loop
      vertex -7.37634 -27.5289 0
      vertex -9.16102 -26.9875 0.599999
      vertex -7.37634 -27.5289 0.599999
    endloop
  endfacet
  facet normal 0.290296 0.956937 0
    outer loop
      vertex -9.16102 -26.9875 0.599999
      vertex -7.37634 -27.5289 0
      vertex -9.16102 -26.9875 0
    endloop
  endfacet
  facet normal 0.956937 0.290296 0
    outer loop
      vertex -26.9875 -9.16102 0.599999
      vertex -27.5289 -7.37634 0
      vertex -27.5289 -7.37634 0.599999
    endloop
  endfacet
  facet normal 0.956937 0.290296 0
    outer loop
      vertex -27.5289 -7.37634 0
      vertex -26.9875 -9.16102 0.599999
      vertex -26.9875 -9.16102 0
    endloop
  endfacet
  facet normal -0.773003 0.634402 0
    outer loop
      vertex 21.4274 -18.7914 0
      vertex 22.6106 -17.3497 0.599999
      vertex 22.6106 -17.3497 0
    endloop
  endfacet
  facet normal -0.773003 0.634402 0
    outer loop
      vertex 22.6106 -17.3497 0.599999
      vertex 21.4274 -18.7914 0
      vertex 21.4274 -18.7914 0.599999
    endloop
  endfacet
  facet normal -0.72984 -0.683618 0
    outer loop
      vertex 21.4274 18.7914 0
      vertex 20.1525 20.1525 0.599999
      vertex 20.1525 20.1525 0
    endloop
  endfacet
  facet normal -0.72984 -0.683618 0
    outer loop
      vertex 20.1525 20.1525 0.599999
      vertex 21.4274 18.7914 0
      vertex 21.4274 18.7914 0.599999
    endloop
  endfacet
  facet normal -0.881913 -0.471412 0
    outer loop
      vertex 25.5609 12.6052 0
      vertex 24.6817 14.25 0.599999
      vertex 24.6817 14.25 0
    endloop
  endfacet
  facet normal -0.881913 -0.471412 0
    outer loop
      vertex 24.6817 14.25 0.599999
      vertex 25.5609 12.6052 0
      vertex 25.5609 12.6052 0.599999
    endloop
  endfacet
  facet normal 0.528041 0.849219 -0
    outer loop
      vertex -14.25 -24.6817 0
      vertex -15.8338 -23.6969 0.599999
      vertex -14.25 -24.6817 0.599999
    endloop
  endfacet
  facet normal 0.528041 0.849219 0
    outer loop
      vertex -15.8338 -23.6969 0.599999
      vertex -14.25 -24.6817 0
      vertex -15.8338 -23.6969 0
    endloop
  endfacet
  facet normal 0.227079 -0.973876 0
    outer loop
      vertex -7.37634 27.5289 0
      vertex -5.56007 27.9524 0.599999
      vertex -7.37634 27.5289 0.599999
    endloop
  endfacet
  facet normal 0.227079 -0.973876 0
    outer loop
      vertex -5.56007 27.9524 0.599999
      vertex -7.37634 27.5289 0
      vertex -5.56007 27.9524 0
    endloop
  endfacet
  facet normal 0.471412 0.881913 -0
    outer loop
      vertex -12.6052 -25.5609 0
      vertex -14.25 -24.6817 0.599999
      vertex -12.6052 -25.5609 0.599999
    endloop
  endfacet
  facet normal 0.471412 0.881913 0
    outer loop
      vertex -14.25 -24.6817 0.599999
      vertex -12.6052 -25.5609 0
      vertex -14.25 -24.6817 0
    endloop
  endfacet
  facet normal -0.999465 -0.032708 0
    outer loop
      vertex 28.5 0 0
      vertex 28.439 1.86399 0.599999
      vertex 28.439 1.86399 0
    endloop
  endfacet
  facet normal -0.999465 -0.032708 0
    outer loop
      vertex 28.439 1.86399 0.599999
      vertex 28.5 0 0
      vertex 28.5 0 0.599999
    endloop
  endfacet
  facet normal 0.773003 0.634402 0
    outer loop
      vertex -21.4274 -18.7914 0.599999
      vertex -22.6106 -17.3497 0
      vertex -22.6106 -17.3497 0.599999
    endloop
  endfacet
  facet normal 0.773003 0.634402 0
    outer loop
      vertex -22.6106 -17.3497 0
      vertex -21.4274 -18.7914 0.599999
      vertex -21.4274 -18.7914 0
    endloop
  endfacet
  facet normal -0.910858 -0.41272 0
    outer loop
      vertex 26.3306 10.9065 0
      vertex 25.5609 12.6052 0.599999
      vertex 25.5609 12.6052 0
    endloop
  endfacet
  facet normal -0.910858 -0.41272 0
    outer loop
      vertex 25.5609 12.6052 0.599999
      vertex 26.3306 10.9065 0
      vertex 26.3306 10.9065 0.599999
    endloop
  endfacet
  facet normal 0.973876 0.227079 0
    outer loop
      vertex -27.5289 -7.37634 0.599999
      vertex -27.9524 -5.56007 0
      vertex -27.9524 -5.56007 0.599999
    endloop
  endfacet
  facet normal 0.973876 0.227079 0
    outer loop
      vertex -27.9524 -5.56007 0
      vertex -27.5289 -7.37634 0.599999
      vertex -27.5289 -7.37634 0
    endloop
  endfacet
  facet normal 0.773003 -0.634402 0
    outer loop
      vertex -22.6106 17.3497 0.599999
      vertex -21.4274 18.7914 0
      vertex -21.4274 18.7914 0.599999
    endloop
  endfacet
  facet normal 0.773003 -0.634402 0
    outer loop
      vertex -21.4274 18.7914 0
      vertex -22.6106 17.3497 0.599999
      vertex -22.6106 17.3497 0
    endloop
  endfacet
  facet normal 0.032708 0.999465 -0
    outer loop
      vertex 0 -28.5 0
      vertex -1.86399 -28.439 0.599999
      vertex 0 -28.5 0.599999
    endloop
  endfacet
  facet normal 0.032708 0.999465 0
    outer loop
      vertex -1.86399 -28.439 0.599999
      vertex 0 -28.5 0
      vertex -1.86399 -28.439 0
    endloop
  endfacet
  facet normal 0.986643 -0.162897 0
    outer loop
      vertex -28.2562 3.72 0.599999
      vertex -27.9524 5.56007 0
      vertex -27.9524 5.56007 0.599999
    endloop
  endfacet
  facet normal 0.986643 -0.162897 0
    outer loop
      vertex -27.9524 5.56007 0
      vertex -28.2562 3.72 0.599999
      vertex -28.2562 3.72 0
    endloop
  endfacet
  facet normal 0.72984 0.683618 0
    outer loop
      vertex -20.1525 -20.1525 0.599999
      vertex -21.4274 -18.7914 0
      vertex -21.4274 -18.7914 0.599999
    endloop
  endfacet
  facet normal 0.72984 0.683618 0
    outer loop
      vertex -21.4274 -18.7914 0
      vertex -20.1525 -20.1525 0.599999
      vertex -20.1525 -20.1525 0
    endloop
  endfacet
  facet normal -0.162897 0.986643 0
    outer loop
      vertex 5.56007 -27.9524 0
      vertex 3.72 -28.2562 0.599999
      vertex 5.56007 -27.9524 0.599999
    endloop
  endfacet
  facet normal -0.162897 0.986643 0
    outer loop
      vertex 3.72 -28.2562 0.599999
      vertex 5.56007 -27.9524 0
      vertex 3.72 -28.2562 0
    endloop
  endfacet
  facet normal 0.41272 0.910858 -0
    outer loop
      vertex -10.9065 -26.3306 0
      vertex -12.6052 -25.5609 0.599999
      vertex -10.9065 -26.3306 0.599999
    endloop
  endfacet
  facet normal 0.41272 0.910858 0
    outer loop
      vertex -12.6052 -25.5609 0.599999
      vertex -10.9065 -26.3306 0
      vertex -12.6052 -25.5609 0
    endloop
  endfacet
  facet normal 0.352226 0.935915 -0
    outer loop
      vertex -9.16102 -26.9875 0
      vertex -10.9065 -26.3306 0.599999
      vertex -9.16102 -26.9875 0.599999
    endloop
  endfacet
  facet normal 0.352226 0.935915 0
    outer loop
      vertex -10.9065 -26.3306 0.599999
      vertex -9.16102 -26.9875 0
      vertex -10.9065 -26.3306 0
    endloop
  endfacet
  facet normal -0.0980166 0.995185 0
    outer loop
      vertex 3.72 -28.2562 0
      vertex 1.86399 -28.439 0.599999
      vertex 3.72 -28.2562 0.599999
    endloop
  endfacet
  facet normal -0.0980166 0.995185 0
    outer loop
      vertex 1.86399 -28.439 0.599999
      vertex 3.72 -28.2562 0
      vertex 1.86399 -28.439 0
    endloop
  endfacet
  facet normal 0.582485 0.812841 -0
    outer loop
      vertex -15.8338 -23.6969 0
      vertex -17.3497 -22.6106 0.599999
      vertex -15.8338 -23.6969 0.599999
    endloop
  endfacet
  facet normal 0.582485 0.812841 0
    outer loop
      vertex -17.3497 -22.6106 0.599999
      vertex -15.8338 -23.6969 0
      vertex -17.3497 -22.6106 0
    endloop
  endfacet
  facet normal 0.995185 -0.0980166 0
    outer loop
      vertex -28.439 1.86399 0.599999
      vertex -28.2562 3.72 0
      vertex -28.2562 3.72 0.599999
    endloop
  endfacet
  facet normal 0.995185 -0.0980166 0
    outer loop
      vertex -28.2562 3.72 0
      vertex -28.439 1.86399 0.599999
      vertex -28.439 1.86399 0
    endloop
  endfacet
  facet normal -0.41272 0.910858 0
    outer loop
      vertex 12.6052 -25.5609 0
      vertex 10.9065 -26.3306 0.599999
      vertex 12.6052 -25.5609 0.599999
    endloop
  endfacet
  facet normal -0.41272 0.910858 0
    outer loop
      vertex 10.9065 -26.3306 0.599999
      vertex 12.6052 -25.5609 0
      vertex 10.9065 -26.3306 0
    endloop
  endfacet
  facet normal 0.162897 -0.986643 0
    outer loop
      vertex -5.56007 27.9524 0
      vertex -3.72 28.2562 0.599999
      vertex -5.56007 27.9524 0.599999
    endloop
  endfacet
  facet normal 0.162897 -0.986643 0
    outer loop
      vertex -3.72 28.2562 0.599999
      vertex -5.56007 27.9524 0
      vertex -3.72 28.2562 0
    endloop
  endfacet
  facet normal -0.352226 0.935915 0
    outer loop
      vertex 10.9065 -26.3306 0
      vertex 9.16102 -26.9875 0.599999
      vertex 10.9065 -26.3306 0.599999
    endloop
  endfacet
  facet normal -0.352226 0.935915 0
    outer loop
      vertex 9.16102 -26.9875 0.599999
      vertex 10.9065 -26.3306 0
      vertex 9.16102 -26.9875 0
    endloop
  endfacet
  facet normal 0.41272 -0.910858 0
    outer loop
      vertex -12.6052 25.5609 0
      vertex -10.9065 26.3306 0.599999
      vertex -12.6052 25.5609 0.599999
    endloop
  endfacet
  facet normal 0.41272 -0.910858 0
    outer loop
      vertex -10.9065 26.3306 0.599999
      vertex -12.6052 25.5609 0
      vertex -10.9065 26.3306 0
    endloop
  endfacet
  facet normal 0.290296 -0.956937 0
    outer loop
      vertex -9.16102 26.9875 0
      vertex -7.37634 27.5289 0.599999
      vertex -9.16102 26.9875 0.599999
    endloop
  endfacet
  facet normal 0.290296 -0.956937 0
    outer loop
      vertex -7.37634 27.5289 0.599999
      vertex -9.16102 26.9875 0
      vertex -7.37634 27.5289 0
    endloop
  endfacet
  facet normal -0.935915 -0.352226 0
    outer loop
      vertex 26.9875 9.16102 0
      vertex 26.3306 10.9065 0.599999
      vertex 26.3306 10.9065 0
    endloop
  endfacet
  facet normal -0.935915 -0.352226 0
    outer loop
      vertex 26.3306 10.9065 0.599999
      vertex 26.9875 9.16102 0
      vertex 26.9875 9.16102 0.599999
    endloop
  endfacet
  facet normal -0.471412 -0.881913 0
    outer loop
      vertex 12.6052 25.5609 0
      vertex 14.25 24.6817 0.599999
      vertex 12.6052 25.5609 0.599999
    endloop
  endfacet
  facet normal -0.471412 -0.881913 -0
    outer loop
      vertex 14.25 24.6817 0.599999
      vertex 12.6052 25.5609 0
      vertex 14.25 24.6817 0
    endloop
  endfacet
  facet normal -0.290296 0.956937 0
    outer loop
      vertex 9.16102 -26.9875 0
      vertex 7.37634 -27.5289 0.599999
      vertex 9.16102 -26.9875 0.599999
    endloop
  endfacet
  facet normal -0.290296 0.956937 0
    outer loop
      vertex 7.37634 -27.5289 0.599999
      vertex 9.16102 -26.9875 0
      vertex 7.37634 -27.5289 0
    endloop
  endfacet
  facet normal 0.634402 0.773003 -0
    outer loop
      vertex -17.3497 -22.6106 0
      vertex -18.7914 -21.4274 0.599999
      vertex -17.3497 -22.6106 0.599999
    endloop
  endfacet
  facet normal 0.634402 0.773003 0
    outer loop
      vertex -18.7914 -21.4274 0.599999
      vertex -17.3497 -22.6106 0
      vertex -18.7914 -21.4274 0
    endloop
  endfacet
  facet normal -0.849219 -0.528041 0
    outer loop
      vertex 24.6817 14.25 0
      vertex 23.6969 15.8338 0.599999
      vertex 23.6969 15.8338 0
    endloop
  endfacet
  facet normal -0.849219 -0.528041 0
    outer loop
      vertex 23.6969 15.8338 0.599999
      vertex 24.6817 14.25 0
      vertex 24.6817 14.25 0.599999
    endloop
  endfacet
  facet normal 0.582485 -0.812841 0
    outer loop
      vertex -17.3497 22.6106 0
      vertex -15.8338 23.6969 0.599999
      vertex -17.3497 22.6106 0.599999
    endloop
  endfacet
  facet normal 0.582485 -0.812841 0
    outer loop
      vertex -15.8338 23.6969 0.599999
      vertex -17.3497 22.6106 0
      vertex -15.8338 23.6969 0
    endloop
  endfacet
  facet normal 0.72984 -0.683618 0
    outer loop
      vertex -21.4274 18.7914 0.599999
      vertex -20.1525 20.1525 0
      vertex -20.1525 20.1525 0.599999
    endloop
  endfacet
  facet normal 0.72984 -0.683618 0
    outer loop
      vertex -20.1525 20.1525 0
      vertex -21.4274 18.7914 0.599999
      vertex -21.4274 18.7914 0
    endloop
  endfacet
  facet normal 0.881913 -0.471412 0
    outer loop
      vertex -25.5609 12.6052 0.599999
      vertex -24.6817 14.25 0
      vertex -24.6817 14.25 0.599999
    endloop
  endfacet
  facet normal 0.881913 -0.471412 0
    outer loop
      vertex -24.6817 14.25 0
      vertex -25.5609 12.6052 0.599999
      vertex -25.5609 12.6052 0
    endloop
  endfacet
  facet normal -0.634402 -0.773003 0
    outer loop
      vertex 17.3497 22.6106 0
      vertex 18.7914 21.4274 0.599999
      vertex 17.3497 22.6106 0.599999
    endloop
  endfacet
  facet normal -0.634402 -0.773003 -0
    outer loop
      vertex 18.7914 21.4274 0.599999
      vertex 17.3497 22.6106 0
      vertex 18.7914 21.4274 0
    endloop
  endfacet
  facet normal -0.528041 -0.849219 0
    outer loop
      vertex 14.25 24.6817 0
      vertex 15.8338 23.6969 0.599999
      vertex 14.25 24.6817 0.599999
    endloop
  endfacet
  facet normal -0.528041 -0.849219 -0
    outer loop
      vertex 15.8338 23.6969 0.599999
      vertex 14.25 24.6817 0
      vertex 15.8338 23.6969 0
    endloop
  endfacet
  facet normal -0.227079 -0.973876 0
    outer loop
      vertex 5.56007 27.9524 0
      vertex 7.37634 27.5289 0.599999
      vertex 5.56007 27.9524 0.599999
    endloop
  endfacet
  facet normal -0.227079 -0.973876 -0
    outer loop
      vertex 7.37634 27.5289 0.599999
      vertex 5.56007 27.9524 0
      vertex 7.37634 27.5289 0
    endloop
  endfacet
  facet normal -0.956937 -0.290296 0
    outer loop
      vertex 27.5289 7.37634 0
      vertex 26.9875 9.16102 0.599999
      vertex 26.9875 9.16102 0
    endloop
  endfacet
  facet normal -0.956937 -0.290296 0
    outer loop
      vertex 26.9875 9.16102 0.599999
      vertex 27.5289 7.37634 0
      vertex 27.5289 7.37634 0.599999
    endloop
  endfacet
  facet normal -0.352226 -0.935915 0
    outer loop
      vertex 9.16102 26.9875 0
      vertex 10.9065 26.3306 0.599999
      vertex 9.16102 26.9875 0.599999
    endloop
  endfacet
  facet normal -0.352226 -0.935915 -0
    outer loop
      vertex 10.9065 26.3306 0.599999
      vertex 9.16102 26.9875 0
      vertex 10.9065 26.3306 0
    endloop
  endfacet
  facet normal -0.812841 -0.582485 0
    outer loop
      vertex 23.6969 15.8338 0
      vertex 22.6106 17.3497 0.599999
      vertex 22.6106 17.3497 0
    endloop
  endfacet
  facet normal -0.812841 -0.582485 0
    outer loop
      vertex 22.6106 17.3497 0.599999
      vertex 23.6969 15.8338 0
      vertex 23.6969 15.8338 0.599999
    endloop
  endfacet
  facet normal -0.41272 -0.910858 0
    outer loop
      vertex 10.9065 26.3306 0
      vertex 12.6052 25.5609 0.599999
      vertex 10.9065 26.3306 0.599999
    endloop
  endfacet
  facet normal -0.41272 -0.910858 -0
    outer loop
      vertex 12.6052 25.5609 0.599999
      vertex 10.9065 26.3306 0
      vertex 12.6052 25.5609 0
    endloop
  endfacet
  facet normal -0.995185 -0.0980166 0
    outer loop
      vertex 28.439 1.86399 0
      vertex 28.2562 3.72 0.599999
      vertex 28.2562 3.72 0
    endloop
  endfacet
  facet normal -0.995185 -0.0980166 0
    outer loop
      vertex 28.2562 3.72 0.599999
      vertex 28.439 1.86399 0
      vertex 28.439 1.86399 0.599999
    endloop
  endfacet
  facet normal -0.986643 -0.162897 0
    outer loop
      vertex 28.2562 3.72 0
      vertex 27.9524 5.56007 0.599999
      vertex 27.9524 5.56007 0
    endloop
  endfacet
  facet normal -0.986643 -0.162897 0
    outer loop
      vertex 27.9524 5.56007 0.599999
      vertex 28.2562 3.72 0
      vertex 28.2562 3.72 0.599999
    endloop
  endfacet
  facet normal 0 0 -1
    outer loop
      vertex 28.439 -1.86399 0.599999
      vertex 28.439 1.86399 0.599999
      vertex 28.5 0 0.599999
    endloop
  endfacet
  facet normal 0 0 -1
    outer loop
      vertex 28.2562 -3.72 0.599999
      vertex 28.439 1.86399 0.599999
      vertex 28.439 -1.86399 0.599999
    endloop
  endfacet
  facet normal 0 0 -1
    outer loop
      vertex 28.2562 -3.72 0.599999
      vertex 28.2562 3.72 0.599999
      vertex 28.439 1.86399 0.599999
    endloop
  endfacet
  facet normal 0 0 -1
    outer loop
      vertex 27.9524 -5.56007 0.599999
      vertex 28.2562 3.72 0.599999
      vertex 28.2562 -3.72 0.599999
    endloop
  endfacet
  facet normal 0 0 -1
    outer loop
      vertex 27.9524 -5.56007 0.599999
      vertex 27.9524 5.56007 0.599999
      vertex 28.2562 3.72 0.599999
    endloop
  endfacet
  facet normal 0 0 -1
    outer loop
      vertex 27.5289 -7.37634 0.599999
      vertex 27.9524 5.56007 0.599999
      vertex 27.9524 -5.56007 0.599999
    endloop
  endfacet
  facet normal 0 0 -1
    outer loop
      vertex 27.5289 -7.37634 0.599999
      vertex 27.5289 7.37634 0.599999
      vertex 27.9524 5.56007 0.599999
    endloop
  endfacet
  facet normal 0 0 -1
    outer loop
      vertex 26.9875 -9.16102 0.599999
      vertex 27.5289 7.37634 0.599999
      vertex 27.5289 -7.37634 0.599999
    endloop
  endfacet
  facet normal 0 0 -1
    outer loop
      vertex 26.9875 -9.16102 0.599999
      vertex 26.9875 9.16102 0.599999
      vertex 27.5289 7.37634 0.599999
    endloop
  endfacet
  facet normal 0 0 -1
    outer loop
      vertex 26.3306 -10.9065 0.599999
      vertex 26.9875 9.16102 0.599999
      vertex 26.9875 -9.16102 0.599999
    endloop
  endfacet
  facet normal 0 0 -1
    outer loop
      vertex 26.3306 -10.9065 0.599999
      vertex 26.3306 10.9065 0.599999
      vertex 26.9875 9.16102 0.599999
    endloop
  endfacet
  facet normal 0 0 -1
    outer loop
      vertex 25.5609 -12.6052 0.599999
      vertex 26.3306 10.9065 0.599999
      vertex 26.3306 -10.9065 0.599999
    endloop
  endfacet
  facet normal 0 0 -1
    outer loop
      vertex 25.5609 -12.6052 0.599999
      vertex 25.5609 12.6052 0.599999
      vertex 26.3306 10.9065 0.599999
    endloop
  endfacet
  facet normal 0 0 -1
    outer loop
      vertex 24.6817 -14.25 0.599999
      vertex 25.5609 12.6052 0.599999
      vertex 25.5609 -12.6052 0.599999
    endloop
  endfacet
  facet normal 0 0 -1
    outer loop
      vertex 24.6817 -14.25 0.599999
      vertex 24.6817 14.25 0.599999
      vertex 25.5609 12.6052 0.599999
    endloop
  endfacet
  facet normal 0 0 -1
    outer loop
      vertex 23.6969 -15.8338 0.599999
      vertex 24.6817 14.25 0.599999
      vertex 24.6817 -14.25 0.599999
    endloop
  endfacet
  facet normal 0 0 -1
    outer loop
      vertex 23.6969 -15.8338 0.599999
      vertex 23.6969 15.8338 0.599999
      vertex 24.6817 14.25 0.599999
    endloop
  endfacet
  facet normal 0 0 -1
    outer loop
      vertex 22.6106 -17.3497 0.599999
      vertex 23.6969 15.8338 0.599999
      vertex 23.6969 -15.8338 0.599999
    endloop
  endfacet
  facet normal 0 0 -1
    outer loop
      vertex 22.6106 -17.3497 0.599999
      vertex 22.6106 17.3497 0.599999
      vertex 23.6969 15.8338 0.599999
    endloop
  endfacet
  facet normal 0 0 -1
    outer loop
      vertex 21.4274 -18.7914 0.599999
      vertex 22.6106 17.3497 0.599999
      vertex 22.6106 -17.3497 0.599999
    endloop
  endfacet
  facet normal 0 0 -1
    outer loop
      vertex 21.4274 -18.7914 0.599999
      vertex 21.4274 18.7914 0.599999
      vertex 22.6106 17.3497 0.599999
    endloop
  endfacet
  facet normal 0 0 -1
    outer loop
      vertex 20.1525 -20.1525 0.599999
      vertex 21.4274 18.7914 0.599999
      vertex 21.4274 -18.7914 0.599999
    endloop
  endfacet
  facet normal 0 0 -1
    outer loop
      vertex 20.1525 -20.1525 0.599999
      vertex 20.1525 20.1525 0.599999
      vertex 21.4274 18.7914 0.599999
    endloop
  endfacet
  facet normal 0 0 -1
    outer loop
      vertex 18.7914 -21.4274 0.599999
      vertex 20.1525 20.1525 0.599999
      vertex 20.1525 -20.1525 0.599999
    endloop
  endfacet
  facet normal 0 0 -1
    outer loop
      vertex 18.7914 -21.4274 0.599999
      vertex 18.7914 21.4274 0.599999
      vertex 20.1525 20.1525 0.599999
    endloop
  endfacet
  facet normal 0 0 -1
    outer loop
      vertex 17.3497 -22.6106 0.599999
      vertex 18.7914 21.4274 0.599999
      vertex 18.7914 -21.4274 0.599999
    endloop
  endfacet
  facet normal 0 0 -1
    outer loop
      vertex 17.3497 -22.6106 0.599999
      vertex 17.3497 22.6106 0.599999
      vertex 18.7914 21.4274 0.599999
    endloop
  endfacet
  facet normal 0 0 -1
    outer loop
      vertex 15.8338 -23.6969 0.599999
      vertex 17.3497 22.6106 0.599999
      vertex 17.3497 -22.6106 0.599999
    endloop
  endfacet
  facet normal 0 0 -1
    outer loop
      vertex 15.8338 -23.6969 0.599999
      vertex 15.8338 23.6969 0.599999
      vertex 17.3497 22.6106 0.599999
    endloop
  endfacet
  facet normal 0 0 -1
    outer loop
      vertex 14.25 -24.6817 0.599999
      vertex 15.8338 23.6969 0.599999
      vertex 15.8338 -23.6969 0.599999
    endloop
  endfacet
  facet normal 0 0 -1
    outer loop
      vertex 14.25 -24.6817 0.599999
      vertex 14.25 24.6817 0.599999
      vertex 15.8338 23.6969 0.599999
    endloop
  endfacet
  facet normal 0 0 -1
    outer loop
      vertex 12.6052 -25.5609 0.599999
      vertex 14.25 24.6817 0.599999
      vertex 14.25 -24.6817 0.599999
    endloop
  endfacet
  facet normal 0 0 -1
    outer loop
      vertex 12.6052 -25.5609 0.599999
      vertex 12.6052 25.5609 0.599999
      vertex 14.25 24.6817 0.599999
    endloop
  endfacet
  facet normal 0 0 -1
    outer loop
      vertex 10.9065 -26.3306 0.599999
      vertex 12.6052 25.5609 0.599999
      vertex 12.6052 -25.5609 0.599999
    endloop
  endfacet
  facet normal 0 0 -1
    outer loop
      vertex 10.9065 -26.3306 0.599999
      vertex 10.9065 26.3306 0.599999
      vertex 12.6052 25.5609 0.599999
    endloop
  endfacet
  facet normal 0 0 -1
    outer loop
      vertex 9.16102 -26.9875 0.599999
      vertex 10.9065 26.3306 0.599999
      vertex 10.9065 -26.3306 0.599999
    endloop
  endfacet
  facet normal 0 0 -1
    outer loop
      vertex 9.16102 -26.9875 0.599999
      vertex 9.16102 26.9875 0.599999
      vertex 10.9065 26.3306 0.599999
    endloop
  endfacet
  facet normal 0 0 -1
    outer loop
      vertex 7.37634 -27.5289 0.599999
      vertex 9.16102 26.9875 0.599999
      vertex 9.16102 -26.9875 0.599999
    endloop
  endfacet
  facet normal 0 0 -1
    outer loop
      vertex 7.37634 -27.5289 0.599999
      vertex 7.37634 27.5289 0.599999
      vertex 9.16102 26.9875 0.599999
    endloop
  endfacet
  facet normal 0 0 -1
    outer loop
      vertex 5.56007 -27.9524 0.599999
      vertex 7.37634 27.5289 0.599999
      vertex 7.37634 -27.5289 0.599999
    endloop
  endfacet
  facet normal 0 0 -1
    outer loop
      vertex 5.56007 -27.9524 0.599999
      vertex 5.56007 27.9524 0.599999
      vertex 7.37634 27.5289 0.599999
    endloop
  endfacet
  facet normal 0 0 -1
    outer loop
      vertex 3.72 -28.2562 0.599999
      vertex 5.56007 27.9524 0.599999
      vertex 5.56007 -27.9524 0.599999
    endloop
  endfacet
  facet normal 0 0 -1
    outer loop
      vertex 3.72 -28.2562 0.599999
      vertex 3.72 28.2562 0.599999
      vertex 5.56007 27.9524 0.599999
    endloop
  endfacet
  facet normal 0 0 -1
    outer loop
      vertex 1.86399 -28.439 0.599999
      vertex 3.72 28.2562 0.599999
      vertex 3.72 -28.2562 0.599999
    endloop
  endfacet
  facet normal 0 0 -1
    outer loop
      vertex 1.86399 -28.439 0.599999
      vertex 1.86399 28.439 0.599999
      vertex 3.72 28.2562 0.599999
    endloop
  endfacet
  facet normal 0 0 -1
    outer loop
      vertex 0 -28.5 0.599999
      vertex 1.86399 28.439 0.599999
      vertex 1.86399 -28.439 0.599999
    endloop
  endfacet
  facet normal 0 0 -1
    outer loop
      vertex 0 -28.5 0.599999
      vertex 0 28.5 0.599999
      vertex 1.86399 28.439 0.599999
    endloop
  endfacet
  facet normal 0 0 -1
    outer loop
      vertex -1.86399 -28.439 0.599999
      vertex 0 28.5 0.599999
      vertex 0 -28.5 0.599999
    endloop
  endfacet
  facet normal 0 0 -1
    outer loop
      vertex -1.86399 -28.439 0.599999
      vertex -1.86399 28.439 0.599999
      vertex 0 28.5 0.599999
    endloop
  endfacet
  facet normal 0 0 -1
    outer loop
      vertex -3.72 -28.2562 0.599999
      vertex -1.86399 28.439 0.599999
      vertex -1.86399 -28.439 0.599999
    endloop
  endfacet
  facet normal 0 0 -1
    outer loop
      vertex -3.72 -28.2562 0.599999
      vertex -3.72 28.2562 0.599999
      vertex -1.86399 28.439 0.599999
    endloop
  endfacet
  facet normal 0 0 -1
    outer loop
      vertex -5.56007 -27.9524 0.599999
      vertex -3.72 28.2562 0.599999
      vertex -3.72 -28.2562 0.599999
    endloop
  endfacet
  facet normal 0 0 -1
    outer loop
      vertex -5.56007 -27.9524 0.599999
      vertex -5.56007 27.9524 0.599999
      vertex -3.72 28.2562 0.599999
    endloop
  endfacet
  facet normal 0 0 -1
    outer loop
      vertex -7.37634 -27.5289 0.599999
      vertex -5.56007 27.9524 0.599999
      vertex -5.56007 -27.9524 0.599999
    endloop
  endfacet
  facet normal 0 0 -1
    outer loop
      vertex -7.37634 -27.5289 0.599999
      vertex -7.37634 27.5289 0.599999
      vertex -5.56007 27.9524 0.599999
    endloop
  endfacet
  facet normal 0 0 -1
    outer loop
      vertex -9.16102 -26.9875 0.599999
      vertex -7.37634 27.5289 0.599999
      vertex -7.37634 -27.5289 0.599999
    endloop
  endfacet
  facet normal 0 0 -1
    outer loop
      vertex -9.16102 -26.9875 0.599999
      vertex -9.16102 26.9875 0.599999
      vertex -7.37634 27.5289 0.599999
    endloop
  endfacet
  facet normal 0 0 -1
    outer loop
      vertex -10.9065 -26.3306 0.599999
      vertex -9.16102 26.9875 0.599999
      vertex -9.16102 -26.9875 0.599999
    endloop
  endfacet
  facet normal 0 0 -1
    outer loop
      vertex -10.9065 -26.3306 0.599999
      vertex -10.9065 26.3306 0.599999
      vertex -9.16102 26.9875 0.599999
    endloop
  endfacet
  facet normal 0 0 -1
    outer loop
      vertex -12.6052 -25.5609 0.599999
      vertex -10.9065 26.3306 0.599999
      vertex -10.9065 -26.3306 0.599999
    endloop
  endfacet
  facet normal 0 0 -1
    outer loop
      vertex -12.6052 -25.5609 0.599999
      vertex -12.6052 25.5609 0.599999
      vertex -10.9065 26.3306 0.599999
    endloop
  endfacet
  facet normal 0 0 -1
    outer loop
      vertex -14.25 -24.6817 0.599999
      vertex -12.6052 25.5609 0.599999
      vertex -12.6052 -25.5609 0.599999
    endloop
  endfacet
  facet normal 0 0 -1
    outer loop
      vertex -14.25 -24.6817 0.599999
      vertex -14.25 24.6817 0.599999
      vertex -12.6052 25.5609 0.599999
    endloop
  endfacet
  facet normal 0 0 -1
    outer loop
      vertex -15.8338 -23.6969 0.599999
      vertex -14.25 24.6817 0.599999
      vertex -14.25 -24.6817 0.599999
    endloop
  endfacet
  facet normal 0 0 -1
    outer loop
      vertex -15.8338 -23.6969 0.599999
      vertex -15.8338 23.6969 0.599999
      vertex -14.25 24.6817 0.599999
    endloop
  endfacet
  facet normal 0 0 -1
    outer loop
      vertex -17.3497 -22.6106 0.599999
      vertex -15.8338 23.6969 0.599999
      vertex -15.8338 -23.6969 0.599999
    endloop
  endfacet
  facet normal 0 0 -1
    outer loop
      vertex -17.3497 -22.6106 0.599999
      vertex -17.3497 22.6106 0.599999
      vertex -15.8338 23.6969 0.599999
    endloop
  endfacet
  facet normal 0 0 -1
    outer loop
      vertex -18.7914 -21.4274 0.599999
      vertex -17.3497 22.6106 0.599999
      vertex -17.3497 -22.6106 0.599999
    endloop
  endfacet
  facet normal 0 0 -1
    outer loop
      vertex -18.7914 -21.4274 0.599999
      vertex -18.7914 21.4274 0.599999
      vertex -17.3497 22.6106 0.599999
    endloop
  endfacet
  facet normal 0 0 -1
    outer loop
      vertex -20.1525 -20.1525 0.599999
      vertex -18.7914 21.4274 0.599999
      vertex -18.7914 -21.4274 0.599999
    endloop
  endfacet
  facet normal 0 0 -1
    outer loop
      vertex -20.1525 -20.1525 0.599999
      vertex -20.1525 20.1525 0.599999
      vertex -18.7914 21.4274 0.599999
    endloop
  endfacet
  facet normal 0 0 -1
    outer loop
      vertex -21.4274 -18.7914 0.599999
      vertex -20.1525 20.1525 0.599999
      vertex -20.1525 -20.1525 0.599999
    endloop
  endfacet
  facet normal 0 0 -1
    outer loop
      vertex -21.4274 -18.7914 0.599999
      vertex -21.4274 18.7914 0.599999
      vertex -20.1525 20.1525 0.599999
    endloop
  endfacet
  facet normal 0 0 -1
    outer loop
      vertex -22.6106 -17.3497 0.599999
      vertex -21.4274 18.7914 0.599999
      vertex -21.4274 -18.7914 0.599999
    endloop
  endfacet
  facet normal 0 0 -1
    outer loop
      vertex -22.6106 -17.3497 0.599999
      vertex -22.6106 17.3497 0.599999
      vertex -21.4274 18.7914 0.599999
    endloop
  endfacet
  facet normal 0 0 -1
    outer loop
      vertex -23.6969 -15.8338 0.599999
      vertex -22.6106 17.3497 0.599999
      vertex -22.6106 -17.3497 0.599999
    endloop
  endfacet
  facet normal 0 0 -1
    outer loop
      vertex -23.6969 -15.8338 0.599999
      vertex -23.6969 15.8338 0.599999
      vertex -22.6106 17.3497 0.599999
    endloop
  endfacet
  facet normal 0 0 -1
    outer loop
      vertex -24.6817 -14.25 0.599999
      vertex -23.6969 15.8338 0.599999
      vertex -23.6969 -15.8338 0.599999
    endloop
  endfacet
  facet normal 0 0 -1
    outer loop
      vertex -24.6817 -14.25 0.599999
      vertex -24.6817 14.25 0.599999
      vertex -23.6969 15.8338 0.599999
    endloop
  endfacet
  facet normal 0 0 -1
    outer loop
      vertex -25.5609 -12.6052 0.599999
      vertex -24.6817 14.25 0.599999
      vertex -24.6817 -14.25 0.599999
    endloop
  endfacet
  facet normal 0 0 -1
    outer loop
      vertex -25.5609 -12.6052 0.599999
      vertex -25.5609 12.6052 0.599999
      vertex -24.6817 14.25 0.599999
    endloop
  endfacet
  facet normal 0 0 -1
    outer loop
      vertex -26.3306 -10.9065 0.599999
      vertex -25.5609 12.6052 0.599999
      vertex -25.5609 -12.6052 0.599999
    endloop
  endfacet
  facet normal 0 0 -1
    outer loop
      vertex -26.3306 -10.9065 0.599999
      vertex -26.3306 10.9065 0.599999
      vertex -25.5609 12.6052 0.599999
    endloop
  endfacet
  facet normal 0 0 -1
    outer loop
      vertex -26.9875 -9.16102 0.599999
      vertex -26.3306 10.9065 0.599999
      vertex -26.3306 -10.9065 0.599999
    endloop
  endfacet
  facet normal 0 0 -1
    outer loop
      vertex -26.9875 -9.16102 0.599999
      vertex -26.9875 9.16102 0.599999
      vertex -26.3306 10.9065 0.599999
    endloop
  endfacet
  facet normal 0 0 -1
    outer loop
      vertex -27.5289 -7.37634 0.599999
      vertex -26.9875 9.16102 0.599999
      vertex -26.9875 -9.16102 0.599999
    endloop
  endfacet
  facet normal 0 0 -1
    outer loop
      vertex -27.5289 -7.37634 0.599999
      vertex -27.5289 7.37634 0.599999
      vertex -26.9875 9.16102 0.599999
    endloop
  endfacet
  facet normal 0 0 -1
    outer loop
      vertex -27.9524 -5.56007 0.599999
      vertex -27.5289 7.37634 0.599999
      vertex -27.5289 -7.37634 0.599999
    endloop
  endfacet
  facet normal 0 0 -1
    outer loop
      vertex -27.9524 -5.56007 0.599999
      vertex -27.9524 5.56007 0.599999
      vertex -27.5289 7.37634 0.599999
    endloop
  endfacet
  facet normal 0 0 -1
    outer loop
      vertex -28.2562 -3.72 0.599999
      vertex -27.9524 5.56007 0.599999
      vertex -27.9524 -5.56007 0.599999
    endloop
  endfacet
  facet normal 0 0 -1
    outer loop
      vertex -28.2562 -3.72 0.599999
      vertex -28.2562 3.72 0.599999
      vertex -27.9524 5.56007 0.599999
    endloop
  endfacet
  facet normal 0 0 -1
    outer loop
      vertex -28.439 -1.86399 0.599999
      vertex -28.2562 3.72 0.599999
      vertex -28.2562 -3.72 0.599999
    endloop
  endfacet
  facet normal 0 0 -1
    outer loop
      vertex -28.439 -1.86399 0.599999
      vertex -28.439 1.86399 0.599999
      vertex -28.2562 3.72 0.599999
    endloop
  endfacet
  facet normal 0 -0 -1
    outer loop
      vertex -28.439 1.86399 0.599999
      vertex -28.439 -1.86399 0.599999
      vertex -28.5 0 0.599999
    endloop
  endfacet
  facet normal -0.683618 -0.72984 0
    outer loop
      vertex 18.7914 21.4274 0
      vertex 20.1525 20.1525 0.599999
      vertex 18.7914 21.4274 0.599999
    endloop
  endfacet
  facet normal -0.683618 -0.72984 -0
    outer loop
      vertex 20.1525 20.1525 0.599999
      vertex 18.7914 21.4274 0
      vertex 20.1525 20.1525 0
    endloop
  endfacet
  facet normal -0.290296 -0.956937 0
    outer loop
      vertex 7.37634 27.5289 0
      vertex 9.16102 26.9875 0.599999
      vertex 7.37634 27.5289 0.599999
    endloop
  endfacet
  facet normal -0.290296 -0.956937 -0
    outer loop
      vertex 9.16102 26.9875 0.599999
      vertex 7.37634 27.5289 0
      vertex 9.16102 26.9875 0
    endloop
  endfacet
endsolid OpenSCAD_Model
