solid OpenSCAD_Model
  facet normal -0.980771 0 0.19516
    outer loop
      vertex -8.06815 31.99 19.4824
      vertex -8.01711 36 19.7389
      vertex -8.06815 36 19.4824
    endloop
  endfacet
  facet normal -0.980771 0 0.19516
    outer loop
      vertex -8.01711 36 19.7389
      vertex -8.06815 31.99 19.4824
      vertex -8.01711 31.99 19.7389
    endloop
  endfacet
  facet normal -0.99786 0 0.0653902
    outer loop
      vertex -8.01711 31.99 19.7389
      vertex -8 36 20
      vertex -8.01711 36 19.7389
    endloop
  endfacet
  facet normal -0.99786 0 0.0653902
    outer loop
      vertex -8 36 20
      vertex -8.01711 31.99 19.7389
      vertex -8 31.99 20
    endloop
  endfacet
  facet normal -0.0653646 0 0.997861
    outer loop
      vertex -10 36 18
      vertex -9.73895 31.99 18.0171
      vertex -9.73895 36 18.0171
    endloop
  endfacet
  facet normal -0.0653646 0 0.997861
    outer loop
      vertex -9.73895 31.99 18.0171
      vertex -10 36 18
      vertex -10 31.99 18
    endloop
  endfacet
  facet normal 0.195013 0 0.980801
    outer loop
      vertex -10.5176 36 18.0681
      vertex -10.2611 31.99 18.0171
      vertex -10.2611 36 18.0171
    endloop
  endfacet
  facet normal 0.195013 0 0.980801
    outer loop
      vertex -10.2611 31.99 18.0171
      vertex -10.5176 36 18.0681
      vertex -10.5176 31.99 18.0681
    endloop
  endfacet
  facet normal -0.555459 0 -0.831544
    outer loop
      vertex -9 31.99 21.732
      vertex -8.78248 36 21.5867
      vertex -8.78248 31.99 21.5867
    endloop
  endfacet
  facet normal -0.555459 0 -0.831544
    outer loop
      vertex -8.78248 36 21.5867
      vertex -9 31.99 21.732
      vertex -9 36 21.732
    endloop
  endfacet
  facet normal 0.896709 -0 0.442621
    outer loop
      vertex -11.8478 31.99 19.2346
      vertex -11.732 36 19
      vertex -11.8478 36 19.2346
    endloop
  endfacet
  facet normal 0.896709 0 0.442621
    outer loop
      vertex -11.732 36 19
      vertex -11.8478 31.99 19.2346
      vertex -11.732 31.99 19
    endloop
  endfacet
  facet normal 0.94695 -0 0.321382
    outer loop
      vertex -11.9319 31.99 19.4824
      vertex -11.8478 36 19.2346
      vertex -11.9319 36 19.4824
    endloop
  endfacet
  facet normal 0.94695 0 0.321382
    outer loop
      vertex -11.8478 36 19.2346
      vertex -11.9319 31.99 19.4824
      vertex -11.8478 31.99 19.2346
    endloop
  endfacet
  facet normal 0.321382 0 0.94695
    outer loop
      vertex -10.7654 36 18.1522
      vertex -10.5176 31.99 18.0681
      vertex -10.5176 36 18.0681
    endloop
  endfacet
  facet normal 0.321382 0 0.94695
    outer loop
      vertex -10.5176 31.99 18.0681
      vertex -10.7654 36 18.1522
      vertex -10.7654 31.99 18.1522
    endloop
  endfacet
  facet normal -0.99786 0 -0.0653902
    outer loop
      vertex -8 31.99 20
      vertex -8.01711 36 20.2611
      vertex -8 36 20
    endloop
  endfacet
  facet normal -0.99786 -0 -0.0653902
    outer loop
      vertex -8.01711 36 20.2611
      vertex -8 31.99 20
      vertex -8.01711 31.99 20.2611
    endloop
  endfacet
  facet normal 0.94695 0 -0.321382
    outer loop
      vertex -11.8478 31.99 20.7654
      vertex -11.9319 36 20.5176
      vertex -11.8478 36 20.7654
    endloop
  endfacet
  facet normal 0.94695 0 -0.321382
    outer loop
      vertex -11.9319 36 20.5176
      vertex -11.8478 31.99 20.7654
      vertex -11.9319 31.99 20.5176
    endloop
  endfacet
  facet normal 0.831521 -0 0.555494
    outer loop
      vertex -11.732 31.99 19
      vertex -11.5867 36 18.7825
      vertex -11.732 36 19
    endloop
  endfacet
  facet normal 0.831521 0 0.555494
    outer loop
      vertex -11.5867 36 18.7825
      vertex -11.732 31.99 19
      vertex -11.5867 31.99 18.7825
    endloop
  endfacet
  facet normal 0.980801 -0 0.195013
    outer loop
      vertex -11.9829 31.99 19.7389
      vertex -11.9319 36 19.4824
      vertex -11.9829 36 19.7389
    endloop
  endfacet
  facet normal 0.980801 0 0.195013
    outer loop
      vertex -11.9319 36 19.4824
      vertex -11.9829 31.99 19.7389
      vertex -11.9319 31.99 19.4824
    endloop
  endfacet
  facet normal -0.946961 0 -0.321348
    outer loop
      vertex -8.06815 31.99 20.5176
      vertex -8.15224 36 20.7654
      vertex -8.06815 36 20.5176
    endloop
  endfacet
  facet normal -0.946961 -0 -0.321348
    outer loop
      vertex -8.15224 36 20.7654
      vertex -8.06815 31.99 20.5176
      vertex -8.15224 31.99 20.7654
    endloop
  endfacet
  facet normal -0.659362 0 -0.751826
    outer loop
      vertex -8.78248 31.99 21.5867
      vertex -8.58579 36 21.4142
      vertex -8.58579 31.99 21.4142
    endloop
  endfacet
  facet normal -0.659362 0 -0.751826
    outer loop
      vertex -8.58579 36 21.4142
      vertex -8.78248 31.99 21.5867
      vertex -8.78248 36 21.5867
    endloop
  endfacet
  facet normal -0.321463 0 0.946922
    outer loop
      vertex -9.48236 36 18.0681
      vertex -9.23463 31.99 18.1522
      vertex -9.23463 36 18.1522
    endloop
  endfacet
  facet normal -0.321463 0 0.946922
    outer loop
      vertex -9.23463 31.99 18.1522
      vertex -9.48236 36 18.0681
      vertex -9.48236 31.99 18.0681
    endloop
  endfacet
  facet normal 0.751842 0 -0.659343
    outer loop
      vertex -11.4142 31.99 21.4142
      vertex -11.5867 36 21.2175
      vertex -11.4142 36 21.4142
    endloop
  endfacet
  facet normal 0.751842 0 -0.659343
    outer loop
      vertex -11.5867 36 21.2175
      vertex -11.4142 31.99 21.4142
      vertex -11.5867 31.99 21.2175
    endloop
  endfacet
  facet normal 0.659343 0 0.751842
    outer loop
      vertex -11.4142 36 18.5858
      vertex -11.2175 31.99 18.4133
      vertex -11.2175 36 18.4133
    endloop
  endfacet
  facet normal 0.659343 0 0.751842
    outer loop
      vertex -11.2175 31.99 18.4133
      vertex -11.4142 36 18.5858
      vertex -11.4142 31.99 18.5858
    endloop
  endfacet
  facet normal 0.997862 -0 0.0653521
    outer loop
      vertex -12 31.99 20
      vertex -11.9829 36 19.7389
      vertex -12 36 20
    endloop
  endfacet
  facet normal 0.997862 0 0.0653521
    outer loop
      vertex -11.9829 36 19.7389
      vertex -12 31.99 20
      vertex -11.9829 31.99 19.7389
    endloop
  endfacet
  facet normal -0.555459 0 0.831544
    outer loop
      vertex -9 36 18.268
      vertex -8.78248 31.99 18.4133
      vertex -8.78248 36 18.4133
    endloop
  endfacet
  facet normal -0.555459 0 0.831544
    outer loop
      vertex -8.78248 31.99 18.4133
      vertex -9 36 18.268
      vertex -9 31.99 18.268
    endloop
  endfacet
  facet normal -0.83145 0 -0.5556
    outer loop
      vertex -8.26795 31.99 21
      vertex -8.41329 36 21.2175
      vertex -8.26795 36 21
    endloop
  endfacet
  facet normal -0.83145 -0 -0.5556
    outer loop
      vertex -8.41329 36 21.2175
      vertex -8.26795 31.99 21
      vertex -8.41329 31.99 21.2175
    endloop
  endfacet
  facet normal -0.83145 0 0.5556
    outer loop
      vertex -8.41329 31.99 18.7825
      vertex -8.26795 36 19
      vertex -8.41329 36 18.7825
    endloop
  endfacet
  facet normal -0.83145 0 0.5556
    outer loop
      vertex -8.26795 36 19
      vertex -8.41329 31.99 18.7825
      vertex -8.26795 31.99 19
    endloop
  endfacet
  facet normal 0.751842 -0 0.659343
    outer loop
      vertex -11.5867 31.99 18.7825
      vertex -11.4142 36 18.5858
      vertex -11.5867 36 18.7825
    endloop
  endfacet
  facet normal 0.751842 0 0.659343
    outer loop
      vertex -11.4142 36 18.5858
      vertex -11.5867 31.99 18.7825
      vertex -11.4142 31.99 18.5858
    endloop
  endfacet
  facet normal -0.321463 0 -0.946922
    outer loop
      vertex -9.48236 31.99 21.9319
      vertex -9.23463 36 21.8478
      vertex -9.23463 31.99 21.8478
    endloop
  endfacet
  facet normal -0.321463 0 -0.946922
    outer loop
      vertex -9.23463 36 21.8478
      vertex -9.48236 31.99 21.9319
      vertex -9.48236 36 21.9319
    endloop
  endfacet
  facet normal -0.442575 0 -0.896731
    outer loop
      vertex -9.23463 31.99 21.8478
      vertex -9 36 21.732
      vertex -9 31.99 21.732
    endloop
  endfacet
  facet normal -0.442575 0 -0.896731
    outer loop
      vertex -9 36 21.732
      vertex -9.23463 31.99 21.8478
      vertex -9.23463 36 21.8478
    endloop
  endfacet
  facet normal -0.751842 0 0.659343
    outer loop
      vertex -8.58579 31.99 18.5858
      vertex -8.41329 36 18.7825
      vertex -8.58579 36 18.5858
    endloop
  endfacet
  facet normal -0.751842 0 0.659343
    outer loop
      vertex -8.41329 36 18.7825
      vertex -8.58579 31.99 18.5858
      vertex -8.41329 31.99 18.7825
    endloop
  endfacet
  facet normal -0.0653646 0 -0.997861
    outer loop
      vertex -10 31.99 22
      vertex -9.73895 36 21.9829
      vertex -9.73895 31.99 21.9829
    endloop
  endfacet
  facet normal -0.0653646 0 -0.997861
    outer loop
      vertex -9.73895 36 21.9829
      vertex -10 31.99 22
      vertex -10 36 22
    endloop
  endfacet
  facet normal -0.659362 0 0.751826
    outer loop
      vertex -8.78248 36 18.4133
      vertex -8.58579 31.99 18.5858
      vertex -8.58579 36 18.5858
    endloop
  endfacet
  facet normal -0.659362 0 0.751826
    outer loop
      vertex -8.58579 31.99 18.5858
      vertex -8.78248 36 18.4133
      vertex -8.78248 31.99 18.4133
    endloop
  endfacet
  facet normal 0.997862 0 -0.0653521
    outer loop
      vertex -11.9829 31.99 20.2611
      vertex -12 36 20
      vertex -11.9829 36 20.2611
    endloop
  endfacet
  facet normal 0.997862 0 -0.0653521
    outer loop
      vertex -12 36 20
      vertex -11.9829 31.99 20.2611
      vertex -12 31.99 20
    endloop
  endfacet
  facet normal 0.659343 0 -0.751842
    outer loop
      vertex -11.4142 31.99 21.4142
      vertex -11.2175 36 21.5867
      vertex -11.2175 31.99 21.5867
    endloop
  endfacet
  facet normal 0.659343 0 -0.751842
    outer loop
      vertex -11.2175 36 21.5867
      vertex -11.4142 31.99 21.4142
      vertex -11.4142 36 21.4142
    endloop
  endfacet
  facet normal 0.555494 0 0.831521
    outer loop
      vertex -11.2175 36 18.4133
      vertex -11 31.99 18.268
      vertex -11 36 18.268
    endloop
  endfacet
  facet normal 0.555494 0 0.831521
    outer loop
      vertex -11 31.99 18.268
      vertex -11.2175 36 18.4133
      vertex -11.2175 31.99 18.4133
    endloop
  endfacet
  facet normal -0.896845 0 0.442344
    outer loop
      vertex -8.26795 31.99 19
      vertex -8.15224 36 19.2346
      vertex -8.26795 36 19
    endloop
  endfacet
  facet normal -0.896845 0 0.442344
    outer loop
      vertex -8.15224 36 19.2346
      vertex -8.26795 31.99 19
      vertex -8.15224 31.99 19.2346
    endloop
  endfacet
  facet normal 0.0653521 0 -0.997862
    outer loop
      vertex -10.2611 31.99 21.9829
      vertex -10 36 22
      vertex -10 31.99 22
    endloop
  endfacet
  facet normal 0.0653521 0 -0.997862
    outer loop
      vertex -10 36 22
      vertex -10.2611 31.99 21.9829
      vertex -10.2611 36 21.9829
    endloop
  endfacet
  facet normal -0.194947 0 -0.980814
    outer loop
      vertex -9.73895 31.99 21.9829
      vertex -9.48236 36 21.9319
      vertex -9.48236 31.99 21.9319
    endloop
  endfacet
  facet normal -0.194947 0 -0.980814
    outer loop
      vertex -9.48236 36 21.9319
      vertex -9.73895 31.99 21.9829
      vertex -9.73895 36 21.9829
    endloop
  endfacet
  facet normal -0.442575 0 0.896731
    outer loop
      vertex -9.23463 36 18.1522
      vertex -9 31.99 18.268
      vertex -9 36 18.268
    endloop
  endfacet
  facet normal -0.442575 0 0.896731
    outer loop
      vertex -9 31.99 18.268
      vertex -9.23463 36 18.1522
      vertex -9.23463 31.99 18.1522
    endloop
  endfacet
  facet normal -0.896845 0 -0.442344
    outer loop
      vertex -8.15224 31.99 20.7654
      vertex -8.26795 36 21
      vertex -8.15224 36 20.7654
    endloop
  endfacet
  facet normal -0.896845 -0 -0.442344
    outer loop
      vertex -8.26795 36 21
      vertex -8.15224 31.99 20.7654
      vertex -8.26795 31.99 21
    endloop
  endfacet
  facet normal -0.980771 0 -0.19516
    outer loop
      vertex -8.01711 31.99 20.2611
      vertex -8.06815 36 20.5176
      vertex -8.01711 36 20.2611
    endloop
  endfacet
  facet normal -0.980771 -0 -0.19516
    outer loop
      vertex -8.06815 36 20.5176
      vertex -8.01711 31.99 20.2611
      vertex -8.06815 31.99 20.5176
    endloop
  endfacet
  facet normal 0.980801 0 -0.195013
    outer loop
      vertex -11.9319 31.99 20.5176
      vertex -11.9829 36 20.2611
      vertex -11.9319 36 20.5176
    endloop
  endfacet
  facet normal 0.980801 0 -0.195013
    outer loop
      vertex -11.9829 36 20.2611
      vertex -11.9319 31.99 20.5176
      vertex -11.9829 31.99 20.2611
    endloop
  endfacet
  facet normal 0.195013 0 -0.980801
    outer loop
      vertex -10.5176 31.99 21.9319
      vertex -10.2611 36 21.9829
      vertex -10.2611 31.99 21.9829
    endloop
  endfacet
  facet normal 0.195013 0 -0.980801
    outer loop
      vertex -10.2611 36 21.9829
      vertex -10.5176 31.99 21.9319
      vertex -10.5176 36 21.9319
    endloop
  endfacet
  facet normal -0.194947 0 0.980814
    outer loop
      vertex -9.73895 36 18.0171
      vertex -9.48236 31.99 18.0681
      vertex -9.48236 36 18.0681
    endloop
  endfacet
  facet normal -0.194947 0 0.980814
    outer loop
      vertex -9.48236 31.99 18.0681
      vertex -9.73895 36 18.0171
      vertex -9.73895 31.99 18.0171
    endloop
  endfacet
  facet normal -0.946961 0 0.321348
    outer loop
      vertex -8.15224 31.99 19.2346
      vertex -8.06815 36 19.4824
      vertex -8.15224 36 19.2346
    endloop
  endfacet
  facet normal -0.946961 0 0.321348
    outer loop
      vertex -8.06815 36 19.4824
      vertex -8.15224 31.99 19.2346
      vertex -8.06815 31.99 19.4824
    endloop
  endfacet
  facet normal -0.751842 0 -0.659343
    outer loop
      vertex -8.41329 31.99 21.2175
      vertex -8.58579 36 21.4142
      vertex -8.41329 36 21.2175
    endloop
  endfacet
  facet normal -0.751842 -0 -0.659343
    outer loop
      vertex -8.58579 36 21.4142
      vertex -8.41329 31.99 21.2175
      vertex -8.58579 31.99 21.4142
    endloop
  endfacet
  facet normal 0.831521 0 -0.555494
    outer loop
      vertex -11.5867 31.99 21.2175
      vertex -11.732 36 21
      vertex -11.5867 36 21.2175
    endloop
  endfacet
  facet normal 0.831521 0 -0.555494
    outer loop
      vertex -11.732 36 21
      vertex -11.5867 31.99 21.2175
      vertex -11.732 31.99 21
    endloop
  endfacet
  facet normal 0.0653521 0 0.997862
    outer loop
      vertex -10.2611 36 18.0171
      vertex -10 31.99 18
      vertex -10 36 18
    endloop
  endfacet
  facet normal 0.0653521 0 0.997862
    outer loop
      vertex -10 31.99 18
      vertex -10.2611 36 18.0171
      vertex -10.2611 31.99 18.0171
    endloop
  endfacet
  facet normal 0.321382 0 -0.94695
    outer loop
      vertex -10.7654 31.99 21.8478
      vertex -10.5176 36 21.9319
      vertex -10.5176 31.99 21.9319
    endloop
  endfacet
  facet normal 0.321382 0 -0.94695
    outer loop
      vertex -10.5176 36 21.9319
      vertex -10.7654 31.99 21.8478
      vertex -10.7654 36 21.8478
    endloop
  endfacet
  facet normal 0.442621 0 0.896709
    outer loop
      vertex -11 36 18.268
      vertex -10.7654 31.99 18.1522
      vertex -10.7654 36 18.1522
    endloop
  endfacet
  facet normal 0.442621 0 0.896709
    outer loop
      vertex -10.7654 31.99 18.1522
      vertex -11 36 18.268
      vertex -11 31.99 18.268
    endloop
  endfacet
  facet normal 0.442621 0 -0.896709
    outer loop
      vertex -11 31.99 21.732
      vertex -10.7654 36 21.8478
      vertex -10.7654 31.99 21.8478
    endloop
  endfacet
  facet normal 0.442621 0 -0.896709
    outer loop
      vertex -10.7654 36 21.8478
      vertex -11 31.99 21.732
      vertex -11 36 21.732
    endloop
  endfacet
  facet normal 0.896709 0 -0.442621
    outer loop
      vertex -11.732 31.99 21
      vertex -11.8478 36 20.7654
      vertex -11.732 36 21
    endloop
  endfacet
  facet normal 0.896709 0 -0.442621
    outer loop
      vertex -11.8478 36 20.7654
      vertex -11.732 31.99 21
      vertex -11.8478 31.99 20.7654
    endloop
  endfacet
  facet normal 0.555494 0 -0.831521
    outer loop
      vertex -11.2175 31.99 21.5867
      vertex -11 36 21.732
      vertex -11 31.99 21.732
    endloop
  endfacet
  facet normal 0.555494 0 -0.831521
    outer loop
      vertex -11 36 21.732
      vertex -11.2175 31.99 21.5867
      vertex -11.2175 36 21.5867
    endloop
  endfacet
  facet normal -0.706349 -0.706349 0.0462968
    outer loop
      vertex -6.04405 30 19.4805
      vertex -6.01 30 20
      vertex -8 31.99 20
    endloop
  endfacet
  facet normal -0.0463655 -0.706346 0.706346
    outer loop
      vertex -9.48051 30 16.0441
      vertex -10 31.99 18
      vertex -10 30 16.01
    endloop
  endfacet
  facet normal 0.466728 -0.706345 0.532205
    outer loop
      vertex -12.4299 30 16.8354
      vertex -11.2175 31.99 18.4133
      vertex -11.4142 31.99 18.5858
    endloop
  endfacet
  facet normal 0.502135 -0.704074 0.502135
    outer loop
      vertex -11.2175 31.99 18.4133
      vertex -12.4299 30 16.8354
      vertex -12.429 30 16.8345
    endloop
  endfacet
  facet normal -0.161753 -0.705362 -0.690145
    outer loop
      vertex -9.73895 31.99 21.9829
      vertex -9.47792 30 23.9556
      vertex -9.4792 30 23.9559
    endloop
  endfacet
  facet normal -0.137996 -0.706348 -0.694283
    outer loop
      vertex -9.47792 30 23.9556
      vertex -9.73895 31.99 21.9829
      vertex -9.48236 31.99 21.9319
    endloop
  endfacet
  facet normal -0.532204 -0.706346 -0.466727
    outer loop
      vertex -8.41329 31.99 21.2175
      vertex -6.83538 30 22.4299
      vertex -8.58579 31.99 21.4142
    endloop
  endfacet
  facet normal -0.512722 -0.705039 -0.489935
    outer loop
      vertex -6.83538 30 22.4299
      vertex -8.41329 31.99 21.2175
      vertex -6.83452 30 22.429
    endloop
  endfacet
  facet normal 0.502135 -0.704074 -0.502135
    outer loop
      vertex -11.5867 31.99 21.2175
      vertex -13.1646 30 22.4299
      vertex -13.1655 30 22.429
    endloop
  endfacet
  facet normal 0.532205 -0.706345 -0.466728
    outer loop
      vertex -13.1646 30 22.4299
      vertex -11.5867 31.99 21.2175
      vertex -11.4142 31.99 21.4142
    endloop
  endfacet
  facet normal -0.138144 -0.706334 0.694268
    outer loop
      vertex -9.47792 30 16.0444
      vertex -8.96731 30 16.146
      vertex -9.48236 31.99 18.0681
    endloop
  endfacet
  facet normal 0.706346 -0.706346 -0.0463646
    outer loop
      vertex -12 31.99 20
      vertex -13.9559 30 20.5195
      vertex -13.99 30 20
    endloop
  endfacet
  facet normal 0.0463646 -0.706346 -0.706346
    outer loop
      vertex -10 31.99 22
      vertex -10 30 23.99
      vertex -10.5195 30 23.9559
    endloop
  endfacet
  facet normal -0.532248 -0.706354 0.466665
    outer loop
      vertex -7.17864 30 17.1786
      vertex -6.83538 30 17.5701
      vertex -8.58579 31.99 18.5858
    endloop
  endfacet
  facet normal -0.69426 -0.70635 0.138104
    outer loop
      vertex -6.14596 30 18.9673
      vertex -6.04439 30 19.4779
      vertex -8.06815 31.99 19.4824
    endloop
  endfacet
  facet normal -0.588554 -0.706348 0.39329
    outer loop
      vertex -8.41329 31.99 18.7825
      vertex -6.54456 30 18.005
      vertex -8.26795 31.99 19
    endloop
  endfacet
  facet normal -0.588582 -0.706353 0.393238
    outer loop
      vertex -6.54456 30 18.005
      vertex -8.41329 31.99 18.7825
      vertex -6.83452 30 17.571
    endloop
  endfacet
  facet normal 0.138043 -0.706346 0.694276
    outer loop
      vertex -10.5221 30 16.0444
      vertex -10.2611 31.99 18.0171
      vertex -10.5176 31.99 18.0681
    endloop
  endfacet
  facet normal 0.159365 -0.705479 0.690581
    outer loop
      vertex -10.2611 31.99 18.0171
      vertex -10.5221 30 16.0444
      vertex -10.5208 30 16.0441
    endloop
  endfacet
  facet normal 0.466616 -0.706358 0.532285
    outer loop
      vertex -12.4299 30 16.8354
      vertex -11.4142 31.99 18.5858
      vertex -12.8214 30 17.1786
    endloop
  endfacet
  facet normal 0.393182 -0.706353 -0.58862
    outer loop
      vertex -12.429 30 23.1655
      vertex -11 31.99 21.732
      vertex -11.995 30 23.4554
    endloop
  endfacet
  facet normal 0.39321 -0.706357 -0.588597
    outer loop
      vertex -11 31.99 21.732
      vertex -12.429 30 23.1655
      vertex -11.2175 31.99 21.5867
    endloop
  endfacet
  facet normal 0.706346 -0.706346 0.0463646
    outer loop
      vertex -13.9559 30 19.4805
      vertex -12 31.99 20
      vertex -13.99 30 20
    endloop
  endfacet
  facet normal -0.706349 -0.706349 -0.0462968
    outer loop
      vertex -6.01 30 20
      vertex -6.04405 30 20.5195
      vertex -8 31.99 20
    endloop
  endfacet
  facet normal -0.69426 -0.70635 -0.138104
    outer loop
      vertex -6.04439 30 20.5221
      vertex -6.14596 30 21.0327
      vertex -8.06815 31.99 20.5176
    endloop
  endfacet
  facet normal 0.0463646 -0.706346 0.706346
    outer loop
      vertex -10 30 16.01
      vertex -10 31.99 18
      vertex -10.5195 30 16.0441
    endloop
  endfacet
  facet normal -0.227486 -0.706335 0.670329
    outer loop
      vertex -8.96731 30 16.146
      vertex -8.47433 30 16.3133
      vertex -9.48236 31.99 18.0681
    endloop
  endfacet
  facet normal 0.138146 -0.706336 -0.694266
    outer loop
      vertex -10.5176 31.99 21.9319
      vertex -10.5221 30 23.9556
      vertex -11.0327 30 23.854
    endloop
  endfacet
  facet normal 0.532285 -0.706358 0.466616
    outer loop
      vertex -12.8214 30 17.1786
      vertex -11.4142 31.99 18.5858
      vertex -13.1646 30 17.5701
    endloop
  endfacet
  facet normal 0.502135 -0.704074 0.502135
    outer loop
      vertex -13.1646 30 17.5701
      vertex -11.5867 31.99 18.7825
      vertex -13.1655 30 17.571
    endloop
  endfacet
  facet normal 0.532205 -0.706345 0.466728
    outer loop
      vertex -11.5867 31.99 18.7825
      vertex -13.1646 30 17.5701
      vertex -11.4142 31.99 18.5858
    endloop
  endfacet
  facet normal -0.313152 -0.706343 -0.634835
    outer loop
      vertex -9.23463 31.99 21.8478
      vertex -8.005 30 23.4554
      vertex -8.47309 30 23.6863
    endloop
  endfacet
  facet normal -0.313279 -0.706357 -0.634756
    outer loop
      vertex -8.005 30 23.4554
      vertex -9.23463 31.99 21.8478
      vertex -9 31.99 21.732
    endloop
  endfacet
  facet normal -0.04627 -0.706337 0.706362
    outer loop
      vertex -9.48051 30 16.0441
      vertex -9.73895 31.99 18.0171
      vertex -10 31.99 18
    endloop
  endfacet
  facet normal 0 -0.704067 0.710134
    outer loop
      vertex -9.73895 31.99 18.0171
      vertex -9.48051 30 16.0441
      vertex -9.4792 30 16.0441
    endloop
  endfacet
  facet normal -0.0463655 -0.706346 -0.706346
    outer loop
      vertex -10 31.99 22
      vertex -9.48051 30 23.9559
      vertex -10 30 23.99
    endloop
  endfacet
  facet normal 0.670329 -0.706338 0.227477
    outer loop
      vertex -13.6867 30 18.4743
      vertex -11.9319 31.99 19.4824
      vertex -13.854 30 18.9673
    endloop
  endfacet
  facet normal 0.694266 -0.706336 -0.138146
    outer loop
      vertex -11.9319 31.99 20.5176
      vertex -13.854 30 21.0327
      vertex -13.9556 30 20.5221
    endloop
  endfacet
  facet normal -0.466672 -0.706355 0.53224
    outer loop
      vertex -7.57006 30 16.8354
      vertex -7.17864 30 17.1786
      vertex -8.58579 31.99 18.5858
    endloop
  endfacet
  facet normal 0.67167 -0.70621 -0.22389
    outer loop
      vertex -13.6867 30 21.5257
      vertex -11.8478 31.99 20.7654
      vertex -13.6863 30 21.5269
    endloop
  endfacet
  facet normal 0.67032 -0.70634 -0.227497
    outer loop
      vertex -11.8478 31.99 20.7654
      vertex -13.6867 30 21.5257
      vertex -11.9319 31.99 20.5176
    endloop
  endfacet
  facet normal 0.710134 -0.704067 0
    outer loop
      vertex -13.9559 30 20.5195
      vertex -11.9829 31.99 20.2611
      vertex -13.9559 30 20.5208
    endloop
  endfacet
  facet normal 0.706363 -0.706336 -0.0462613
    outer loop
      vertex -11.9829 31.99 20.2611
      vertex -13.9559 30 20.5195
      vertex -12 31.99 20
    endloop
  endfacet
  facet normal -0.6703 -0.706352 -0.227521
    outer loop
      vertex -6.14596 30 21.0327
      vertex -6.3133 30 21.5257
      vertex -8.06815 31.99 20.5176
    endloop
  endfacet
  facet normal 0.313148 -0.70634 -0.63484
    outer loop
      vertex -11.995 30 23.4554
      vertex -10.7654 31.99 21.8478
      vertex -11.5269 30 23.6863
    endloop
  endfacet
  facet normal 0.313311 -0.706359 -0.634739
    outer loop
      vertex -10.7654 31.99 21.8478
      vertex -11.995 30 23.4554
      vertex -11 31.99 21.732
    endloop
  endfacet
  facet normal -0.634849 -0.706344 0.313122
    outer loop
      vertex -8.26795 31.99 19
      vertex -6.31372 30 18.4731
      vertex -8.15224 31.99 19.2346
    endloop
  endfacet
  facet normal -0.634865 -0.706348 0.313079
    outer loop
      vertex -6.31372 30 18.4731
      vertex -8.26795 31.99 19
      vertex -6.54456 30 18.005
    endloop
  endfacet
  facet normal 0.532285 -0.706358 -0.466616
    outer loop
      vertex -11.4142 31.99 21.4142
      vertex -12.8214 30 22.8214
      vertex -13.1646 30 22.4299
    endloop
  endfacet
  facet normal 0.313311 -0.706359 0.634739
    outer loop
      vertex -11.995 30 16.5446
      vertex -10.7654 31.99 18.1522
      vertex -11 31.99 18.268
    endloop
  endfacet
  facet normal 0.313148 -0.70634 0.63484
    outer loop
      vertex -10.7654 31.99 18.1522
      vertex -11.995 30 16.5446
      vertex -11.5269 30 16.3137
    endloop
  endfacet
  facet normal 0.706363 -0.706336 0.0462613
    outer loop
      vertex -13.9559 30 19.4805
      vertex -11.9829 31.99 19.7389
      vertex -12 31.99 20
    endloop
  endfacet
  facet normal 0.710134 -0.704067 0
    outer loop
      vertex -11.9829 31.99 19.7389
      vertex -13.9559 30 19.4805
      vertex -13.9559 30 19.4792
    endloop
  endfacet
  facet normal -0.393189 -0.70635 0.588619
    outer loop
      vertex -9 31.99 18.268
      vertex -7.57104 30 16.8345
      vertex -8.78248 31.99 18.4133
    endloop
  endfacet
  facet normal -0.393207 -0.706352 0.588604
    outer loop
      vertex -7.57104 30 16.8345
      vertex -9 31.99 18.268
      vertex -8.005 30 16.5446
    endloop
  endfacet
  facet normal -0.667935 -0.706549 -0.233777
    outer loop
      vertex -8.15224 31.99 20.7654
      vertex -6.3133 30 21.5257
      vertex -6.31372 30 21.5269
    endloop
  endfacet
  facet normal -0.670322 -0.706346 -0.227471
    outer loop
      vertex -6.3133 30 21.5257
      vertex -8.15224 31.99 20.7654
      vertex -8.06815 31.99 20.5176
    endloop
  endfacet
  facet normal 0.502135 -0.704074 -0.502135
    outer loop
      vertex -12.4299 30 23.1646
      vertex -11.2175 31.99 21.5867
      vertex -12.429 30 23.1655
    endloop
  endfacet
  facet normal 0.466728 -0.706345 -0.532205
    outer loop
      vertex -11.2175 31.99 21.5867
      vertex -12.4299 30 23.1646
      vertex -11.4142 31.99 21.4142
    endloop
  endfacet
  facet normal 0.694266 -0.706336 0.138146
    outer loop
      vertex -13.854 30 18.9673
      vertex -11.9319 31.99 19.4824
      vertex -13.9556 30 19.4779
    endloop
  endfacet
  facet normal 0 -0.704067 -0.710134
    outer loop
      vertex -10.2611 31.99 21.9829
      vertex -10.5195 30 23.9559
      vertex -10.5208 30 23.9559
    endloop
  endfacet
  facet normal 0.0462613 -0.706336 -0.706363
    outer loop
      vertex -10.5195 30 23.9559
      vertex -10.2611 31.99 21.9829
      vertex -10 31.99 22
    endloop
  endfacet
  facet normal 0.39321 -0.706357 0.588597
    outer loop
      vertex -12.429 30 16.8345
      vertex -11 31.99 18.268
      vertex -11.2175 31.99 18.4133
    endloop
  endfacet
  facet normal 0.393182 -0.706353 0.58862
    outer loop
      vertex -11 31.99 18.268
      vertex -12.429 30 16.8345
      vertex -11.995 30 16.5446
    endloop
  endfacet
  facet normal 0.67032 -0.70634 0.227497
    outer loop
      vertex -13.6867 30 18.4743
      vertex -11.8478 31.99 19.2346
      vertex -11.9319 31.99 19.4824
    endloop
  endfacet
  facet normal 0.67167 -0.70621 0.22389
    outer loop
      vertex -11.8478 31.99 19.2346
      vertex -13.6867 30 18.4743
      vertex -13.6863 30 18.4731
    endloop
  endfacet
  facet normal -0.138144 -0.706334 -0.694268
    outer loop
      vertex -8.96731 30 23.854
      vertex -9.47792 30 23.9556
      vertex -9.48236 31.99 21.9319
    endloop
  endfacet
  facet normal -0.137996 -0.706348 0.694283
    outer loop
      vertex -9.73895 31.99 18.0171
      vertex -9.47792 30 16.0444
      vertex -9.48236 31.99 18.0681
    endloop
  endfacet
  facet normal -0.161753 -0.705362 0.690145
    outer loop
      vertex -9.47792 30 16.0444
      vertex -9.73895 31.99 18.0171
      vertex -9.4792 30 16.0441
    endloop
  endfacet
  facet normal -0.46674 -0.706347 0.532192
    outer loop
      vertex -8.78248 31.99 18.4133
      vertex -7.57006 30 16.8354
      vertex -8.58579 31.99 18.5858
    endloop
  endfacet
  facet normal -0.479222 -0.705727 0.521819
    outer loop
      vertex -7.57006 30 16.8354
      vertex -8.78248 31.99 18.4133
      vertex -7.57104 30 16.8345
    endloop
  endfacet
  facet normal 0.22389 -0.70621 -0.67167
    outer loop
      vertex -10.7654 31.99 21.8478
      vertex -11.5257 30 23.6867
      vertex -11.5269 30 23.6863
    endloop
  endfacet
  facet normal 0.227497 -0.70634 -0.67032
    outer loop
      vertex -11.5257 30 23.6867
      vertex -10.7654 31.99 21.8478
      vertex -10.5176 31.99 21.9319
    endloop
  endfacet
  facet normal -0.6703 -0.706352 0.227521
    outer loop
      vertex -6.3133 30 18.4743
      vertex -6.14596 30 18.9673
      vertex -8.06815 31.99 19.4824
    endloop
  endfacet
  facet normal -0.670322 -0.706346 0.227471
    outer loop
      vertex -8.15224 31.99 19.2346
      vertex -6.3133 30 18.4743
      vertex -8.06815 31.99 19.4824
    endloop
  endfacet
  facet normal -0.667935 -0.706549 0.233777
    outer loop
      vertex -6.3133 30 18.4743
      vertex -8.15224 31.99 19.2346
      vertex -6.31372 30 18.4731
    endloop
  endfacet
  facet normal -0.532248 -0.706354 -0.466665
    outer loop
      vertex -6.83538 30 22.4299
      vertex -7.17864 30 22.8214
      vertex -8.58579 31.99 21.4142
    endloop
  endfacet
  facet normal -0.532204 -0.706346 0.466727
    outer loop
      vertex -6.83538 30 17.5701
      vertex -8.41329 31.99 18.7825
      vertex -8.58579 31.99 18.5858
    endloop
  endfacet
  facet normal -0.512722 -0.705039 0.489935
    outer loop
      vertex -8.41329 31.99 18.7825
      vertex -6.83538 30 17.5701
      vertex -6.83452 30 17.571
    endloop
  endfacet
  facet normal -0.227486 -0.706335 -0.670329
    outer loop
      vertex -8.47433 30 23.6867
      vertex -8.96731 30 23.854
      vertex -9.48236 31.99 21.9319
    endloop
  endfacet
  facet normal -0.04627 -0.706337 -0.706362
    outer loop
      vertex -9.73895 31.99 21.9829
      vertex -9.48051 30 23.9559
      vertex -10 31.99 22
    endloop
  endfacet
  facet normal 0 -0.704067 -0.710134
    outer loop
      vertex -9.48051 30 23.9559
      vertex -9.73895 31.99 21.9829
      vertex -9.4792 30 23.9559
    endloop
  endfacet
  facet normal 0.466616 -0.706358 -0.532285
    outer loop
      vertex -11.4142 31.99 21.4142
      vertex -12.4299 30 23.1646
      vertex -12.8214 30 22.8214
    endloop
  endfacet
  facet normal -0.694256 -0.706346 -0.138147
    outer loop
      vertex -8.01711 31.99 20.2611
      vertex -6.04439 30 20.5221
      vertex -8.06815 31.99 20.5176
    endloop
  endfacet
  facet normal -0.694992 -0.706486 -0.133652
    outer loop
      vertex -6.04439 30 20.5221
      vertex -8.01711 31.99 20.2611
      vertex -6.04414 30 20.5208
    endloop
  endfacet
  facet normal -0.706093 -0.70643 -0.0488834
    outer loop
      vertex -8.01711 31.99 20.2611
      vertex -6.04405 30 20.5195
      vertex -6.04414 30 20.5208
    endloop
  endfacet
  facet normal -0.70635 -0.706348 -0.0462874
    outer loop
      vertex -6.04405 30 20.5195
      vertex -8.01711 31.99 20.2611
      vertex -8 31.99 20
    endloop
  endfacet
  facet normal 0.634761 -0.706334 0.313322
    outer loop
      vertex -13.6863 30 18.4731
      vertex -11.732 31.99 19
      vertex -11.8478 31.99 19.2346
    endloop
  endfacet
  facet normal 0.634829 -0.706352 0.313143
    outer loop
      vertex -11.732 31.99 19
      vertex -13.6863 30 18.4731
      vertex -13.4554 30 18.005
    endloop
  endfacet
  facet normal 0.670329 -0.706338 -0.227477
    outer loop
      vertex -11.9319 31.99 20.5176
      vertex -13.6867 30 21.5257
      vertex -13.854 30 21.0327
    endloop
  endfacet
  facet normal 0 -0.704067 0.710134
    outer loop
      vertex -10.5195 30 16.0441
      vertex -10.2611 31.99 18.0171
      vertex -10.5208 30 16.0441
    endloop
  endfacet
  facet normal 0.0462613 -0.706336 0.706363
    outer loop
      vertex -10.2611 31.99 18.0171
      vertex -10.5195 30 16.0441
      vertex -10 31.99 18
    endloop
  endfacet
  facet normal 0.634829 -0.706352 -0.313143
    outer loop
      vertex -13.6863 30 21.5269
      vertex -11.732 31.99 21
      vertex -13.4554 30 21.995
    endloop
  endfacet
  facet normal 0.634761 -0.706334 -0.313322
    outer loop
      vertex -11.732 31.99 21
      vertex -13.6863 30 21.5269
      vertex -11.8478 31.99 20.7654
    endloop
  endfacet
  facet normal 0.138146 -0.706336 0.694266
    outer loop
      vertex -10.5221 30 16.0444
      vertex -10.5176 31.99 18.0681
      vertex -11.0327 30 16.146
    endloop
  endfacet
  facet normal 0.690581 -0.705479 -0.159365
    outer loop
      vertex -11.9829 31.99 20.2611
      vertex -13.9556 30 20.5221
      vertex -13.9559 30 20.5208
    endloop
  endfacet
  facet normal 0.694276 -0.706346 -0.138043
    outer loop
      vertex -13.9556 30 20.5221
      vertex -11.9829 31.99 20.2611
      vertex -11.9319 31.99 20.5176
    endloop
  endfacet
  facet normal 0.227477 -0.706338 0.670329
    outer loop
      vertex -11.0327 30 16.146
      vertex -10.5176 31.99 18.0681
      vertex -11.5257 30 16.3133
    endloop
  endfacet
  facet normal 0.22389 -0.70621 0.67167
    outer loop
      vertex -11.5257 30 16.3133
      vertex -10.7654 31.99 18.1522
      vertex -11.5269 30 16.3137
    endloop
  endfacet
  facet normal 0.227497 -0.70634 0.67032
    outer loop
      vertex -10.7654 31.99 18.1522
      vertex -11.5257 30 16.3133
      vertex -10.5176 31.99 18.0681
    endloop
  endfacet
  facet normal 0.227477 -0.706338 -0.670329
    outer loop
      vertex -10.5176 31.99 21.9319
      vertex -11.0327 30 23.854
      vertex -11.5257 30 23.6867
    endloop
  endfacet
  facet normal -0.393207 -0.706352 -0.588604
    outer loop
      vertex -9 31.99 21.732
      vertex -7.57104 30 23.1655
      vertex -8.005 30 23.4554
    endloop
  endfacet
  facet normal -0.393189 -0.70635 -0.588619
    outer loop
      vertex -7.57104 30 23.1655
      vertex -9 31.99 21.732
      vertex -8.78248 31.99 21.5867
    endloop
  endfacet
  facet normal -0.479222 -0.705727 -0.521819
    outer loop
      vertex -8.78248 31.99 21.5867
      vertex -7.57006 30 23.1646
      vertex -7.57104 30 23.1655
    endloop
  endfacet
  facet normal -0.46674 -0.706347 -0.532192
    outer loop
      vertex -7.57006 30 23.1646
      vertex -8.78248 31.99 21.5867
      vertex -8.58579 31.99 21.4142
    endloop
  endfacet
  facet normal 0.690581 -0.705479 0.159365
    outer loop
      vertex -13.9556 30 19.4779
      vertex -11.9829 31.99 19.7389
      vertex -13.9559 30 19.4792
    endloop
  endfacet
  facet normal 0.694276 -0.706346 0.138043
    outer loop
      vertex -11.9829 31.99 19.7389
      vertex -13.9556 30 19.4779
      vertex -11.9319 31.99 19.4824
    endloop
  endfacet
  facet normal -0.588582 -0.706353 -0.393238
    outer loop
      vertex -8.41329 31.99 21.2175
      vertex -6.54456 30 21.995
      vertex -6.83452 30 22.429
    endloop
  endfacet
  facet normal -0.588554 -0.706348 -0.39329
    outer loop
      vertex -6.54456 30 21.995
      vertex -8.41329 31.99 21.2175
      vertex -8.26795 31.99 21
    endloop
  endfacet
  facet normal 0.588601 -0.706352 0.393212
    outer loop
      vertex -13.4554 30 18.005
      vertex -11.5867 31.99 18.7825
      vertex -11.732 31.99 19
    endloop
  endfacet
  facet normal 0.588618 -0.706356 0.39318
    outer loop
      vertex -11.5867 31.99 18.7825
      vertex -13.4554 30 18.005
      vertex -13.1655 30 17.571
    endloop
  endfacet
  facet normal -0.227554 -0.706342 0.670298
    outer loop
      vertex -8.47433 30 16.3133
      vertex -9.23463 31.99 18.1522
      vertex -9.48236 31.99 18.0681
    endloop
  endfacet
  facet normal -0.217438 -0.705951 0.674058
    outer loop
      vertex -9.23463 31.99 18.1522
      vertex -8.47433 30 16.3133
      vertex -8.47309 30 16.3137
    endloop
  endfacet
  facet normal -0.313279 -0.706357 0.634756
    outer loop
      vertex -9.23463 31.99 18.1522
      vertex -8.005 30 16.5446
      vertex -9 31.99 18.268
    endloop
  endfacet
  facet normal -0.313152 -0.706343 0.634835
    outer loop
      vertex -8.005 30 16.5446
      vertex -9.23463 31.99 18.1522
      vertex -8.47309 30 16.3137
    endloop
  endfacet
  facet normal -0.466672 -0.706355 -0.53224
    outer loop
      vertex -7.17864 30 22.8214
      vertex -7.57006 30 23.1646
      vertex -8.58579 31.99 21.4142
    endloop
  endfacet
  facet normal 0.588618 -0.706356 -0.39318
    outer loop
      vertex -13.4554 30 21.995
      vertex -11.5867 31.99 21.2175
      vertex -13.1655 30 22.429
    endloop
  endfacet
  facet normal 0.588601 -0.706352 -0.393212
    outer loop
      vertex -11.5867 31.99 21.2175
      vertex -13.4554 30 21.995
      vertex -11.732 31.99 21
    endloop
  endfacet
  facet normal -0.634865 -0.706348 -0.313079
    outer loop
      vertex -8.26795 31.99 21
      vertex -6.31372 30 21.5269
      vertex -6.54456 30 21.995
    endloop
  endfacet
  facet normal -0.634849 -0.706344 -0.313122
    outer loop
      vertex -6.31372 30 21.5269
      vertex -8.26795 31.99 21
      vertex -8.15224 31.99 20.7654
    endloop
  endfacet
  facet normal -0.694256 -0.706346 0.138147
    outer loop
      vertex -6.04439 30 19.4779
      vertex -8.01711 31.99 19.7389
      vertex -8.06815 31.99 19.4824
    endloop
  endfacet
  facet normal -0.694992 -0.706486 0.133652
    outer loop
      vertex -8.01711 31.99 19.7389
      vertex -6.04439 30 19.4779
      vertex -6.04414 30 19.4792
    endloop
  endfacet
  facet normal -0.227554 -0.706342 -0.670298
    outer loop
      vertex -9.23463 31.99 21.8478
      vertex -8.47433 30 23.6867
      vertex -9.48236 31.99 21.9319
    endloop
  endfacet
  facet normal -0.217438 -0.705951 -0.674058
    outer loop
      vertex -8.47433 30 23.6867
      vertex -9.23463 31.99 21.8478
      vertex -8.47309 30 23.6863
    endloop
  endfacet
  facet normal 0.159365 -0.705479 -0.690581
    outer loop
      vertex -10.5221 30 23.9556
      vertex -10.2611 31.99 21.9829
      vertex -10.5208 30 23.9559
    endloop
  endfacet
  facet normal 0.138043 -0.706346 -0.694276
    outer loop
      vertex -10.2611 31.99 21.9829
      vertex -10.5221 30 23.9556
      vertex -10.5176 31.99 21.9319
    endloop
  endfacet
  facet normal -0.70635 -0.706348 0.0462874
    outer loop
      vertex -8.01711 31.99 19.7389
      vertex -6.04405 30 19.4805
      vertex -8 31.99 20
    endloop
  endfacet
  facet normal -0.706093 -0.70643 0.0488834
    outer loop
      vertex -6.04405 30 19.4805
      vertex -8.01711 31.99 19.7389
      vertex -6.04414 30 19.4792
    endloop
  endfacet
  facet normal 0 -1 0
    outer loop
      vertex -33.4693 30 23.6955
      vertex -42.9999 30 40
      vertex -33.9647 30 23.8637
    endloop
  endfacet
  facet normal 0 -1 0
    outer loop
      vertex -4 30 40
      vertex -10.5221 30 23.9658
      vertex -10 30 24
    endloop
  endfacet
  facet normal 0 -1 0
    outer loop
      vertex -33 30 23.4641
      vertex -42.9999 30 40
      vertex -33.4693 30 23.6955
    endloop
  endfacet
  facet normal 0 -1 0
    outer loop
      vertex -4 30 40
      vertex -11.0353 30 23.8637
      vertex -10.5221 30 23.9658
    endloop
  endfacet
  facet normal 0 -1 0
    outer loop
      vertex -42.9999 30 40
      vertex -33 30 23.4641
      vertex -4 30 40
    endloop
  endfacet
  facet normal 0 -1 0
    outer loop
      vertex -4 30 40
      vertex -11.5307 30 23.6955
      vertex -11.0353 30 23.8637
    endloop
  endfacet
  facet normal 0 -1 0
    outer loop
      vertex -12 30 23.4641
      vertex -4 30 40
      vertex -33 30 23.4641
    endloop
  endfacet
  facet normal 0 -1 0
    outer loop
      vertex -4 30 40
      vertex -12 30 23.4641
      vertex -11.5307 30 23.6955
    endloop
  endfacet
  facet normal 0 -1 0
    outer loop
      vertex -32.565 30 23.1734
      vertex -12 30 23.4641
      vertex -33 30 23.4641
    endloop
  endfacet
  facet normal 0 -1 0
    outer loop
      vertex -32.565 30 23.1734
      vertex -12.435 30 23.1734
      vertex -12 30 23.4641
    endloop
  endfacet
  facet normal 0 -1 0
    outer loop
      vertex -32.1716 30 22.8284
      vertex -12.435 30 23.1734
      vertex -32.565 30 23.1734
    endloop
  endfacet
  facet normal 0 -1 0
    outer loop
      vertex -32.1716 30 22.8284
      vertex -12.8284 30 22.8284
      vertex -12.435 30 23.1734
    endloop
  endfacet
  facet normal 0 -1 0
    outer loop
      vertex -31.8266 30 22.435
      vertex -12.8284 30 22.8284
      vertex -32.1716 30 22.8284
    endloop
  endfacet
  facet normal 0 -1 0
    outer loop
      vertex -31.8266 30 22.435
      vertex -13.1734 30 22.435
      vertex -12.8284 30 22.8284
    endloop
  endfacet
  facet normal 0 -1 0
    outer loop
      vertex -31.5359 30 22
      vertex -13.1734 30 22.435
      vertex -31.8266 30 22.435
    endloop
  endfacet
  facet normal 0 -1 0
    outer loop
      vertex -31.5359 30 22
      vertex -13.4641 30 22
      vertex -13.1734 30 22.435
    endloop
  endfacet
  facet normal 0 -1 0
    outer loop
      vertex -31.3045 30 21.5307
      vertex -13.4641 30 22
      vertex -31.5359 30 22
    endloop
  endfacet
  facet normal 0 -1 0
    outer loop
      vertex -31.3045 30 21.5307
      vertex -13.6955 30 21.5307
      vertex -13.4641 30 22
    endloop
  endfacet
  facet normal 0 -1 0
    outer loop
      vertex -31.1363 30 21.0353
      vertex -13.6955 30 21.5307
      vertex -31.3045 30 21.5307
    endloop
  endfacet
  facet normal 0 -1 0
    outer loop
      vertex -31.1363 30 21.0353
      vertex -13.8637 30 21.0353
      vertex -13.6955 30 21.5307
    endloop
  endfacet
  facet normal 0 -1 0
    outer loop
      vertex -31.0342 30 20.5221
      vertex -13.8637 30 21.0353
      vertex -31.1363 30 21.0353
    endloop
  endfacet
  facet normal 0 -1 0
    outer loop
      vertex -31.0342 30 20.5221
      vertex -13.9658 30 20.5221
      vertex -13.8637 30 21.0353
    endloop
  endfacet
  facet normal 0 -1 0
    outer loop
      vertex -31 30 20
      vertex -13.9658 30 20.5221
      vertex -31.0342 30 20.5221
    endloop
  endfacet
  facet normal 0 -1 0
    outer loop
      vertex -31 30 20
      vertex -14 30 20
      vertex -13.9658 30 20.5221
    endloop
  endfacet
  facet normal 0 -1 0
    outer loop
      vertex -31.0342 30 19.4779
      vertex -14 30 20
      vertex -31 30 20
    endloop
  endfacet
  facet normal 0 -1 0
    outer loop
      vertex -31.0342 30 19.4779
      vertex -13.9658 30 19.4779
      vertex -14 30 20
    endloop
  endfacet
  facet normal 0 -1 0
    outer loop
      vertex -31.1363 30 18.9647
      vertex -13.9658 30 19.4779
      vertex -31.0342 30 19.4779
    endloop
  endfacet
  facet normal 0 -1 0
    outer loop
      vertex -31.1363 30 18.9647
      vertex -13.8637 30 18.9647
      vertex -13.9658 30 19.4779
    endloop
  endfacet
  facet normal 0 -1 0
    outer loop
      vertex -31.3045 30 18.4693
      vertex -13.8637 30 18.9647
      vertex -31.1363 30 18.9647
    endloop
  endfacet
  facet normal 0 -1 0
    outer loop
      vertex -31.3045 30 18.4693
      vertex -13.6955 30 18.4693
      vertex -13.8637 30 18.9647
    endloop
  endfacet
  facet normal 0 -1 0
    outer loop
      vertex -31.5359 30 18
      vertex -13.6955 30 18.4693
      vertex -31.3045 30 18.4693
    endloop
  endfacet
  facet normal 0 -1 0
    outer loop
      vertex -31.5359 30 18
      vertex -13.4641 30 18
      vertex -13.6955 30 18.4693
    endloop
  endfacet
  facet normal 0 -1 0
    outer loop
      vertex -31.8266 30 17.565
      vertex -13.4641 30 18
      vertex -31.5359 30 18
    endloop
  endfacet
  facet normal 0 -1 0
    outer loop
      vertex -31.8266 30 17.565
      vertex -13.1734 30 17.565
      vertex -13.4641 30 18
    endloop
  endfacet
  facet normal 0 -1 0
    outer loop
      vertex -32.1716 30 17.1716
      vertex -13.1734 30 17.565
      vertex -31.8266 30 17.565
    endloop
  endfacet
  facet normal 0 -1 0
    outer loop
      vertex -32.1716 30 17.1716
      vertex -12.8284 30 17.1716
      vertex -13.1734 30 17.565
    endloop
  endfacet
  facet normal 0 -1 0
    outer loop
      vertex -32.565 30 16.8266
      vertex -12.8284 30 17.1716
      vertex -32.1716 30 17.1716
    endloop
  endfacet
  facet normal 0 -1 0
    outer loop
      vertex -32.565 30 16.8266
      vertex -12.435 30 16.8266
      vertex -12.8284 30 17.1716
    endloop
  endfacet
  facet normal 0 -1 0
    outer loop
      vertex -33 30 16.5359
      vertex -12.435 30 16.8266
      vertex -32.565 30 16.8266
    endloop
  endfacet
  facet normal 0 -1 0
    outer loop
      vertex -33 30 16.5359
      vertex -12 30 16.5359
      vertex -12.435 30 16.8266
    endloop
  endfacet
  facet normal 0 -1 0
    outer loop
      vertex -42.9999 30 0
      vertex -33 30 16.5359
      vertex -33.4693 30 16.3045
    endloop
  endfacet
  facet normal 0 -1 0
    outer loop
      vertex -33 30 16.5359
      vertex -4 30 0
      vertex -12 30 16.5359
    endloop
  endfacet
  facet normal 0 -1 0
    outer loop
      vertex -42.9999 30 0
      vertex -33.4693 30 16.3045
      vertex -33.9647 30 16.1363
    endloop
  endfacet
  facet normal 0 -1 0
    outer loop
      vertex -12 30 16.5359
      vertex -4 30 0
      vertex -11.5307 30 16.3045
    endloop
  endfacet
  facet normal 0 -1 0
    outer loop
      vertex -42.9999 30 0
      vertex -33.9647 30 16.1363
      vertex -34.4779 30 16.0342
    endloop
  endfacet
  facet normal 0 -1 0
    outer loop
      vertex -11.5307 30 16.3045
      vertex -4 30 0
      vertex -11.0353 30 16.1363
    endloop
  endfacet
  facet normal 0 -1 0
    outer loop
      vertex -42.9999 30 0
      vertex -34.4779 30 16.0342
      vertex -35 30 16
    endloop
  endfacet
  facet normal 0 -1 0
    outer loop
      vertex -11.0353 30 16.1363
      vertex -4 30 0
      vertex -10.5221 30 16.0342
    endloop
  endfacet
  facet normal 0 -1 0
    outer loop
      vertex -34.4779 30 23.9658
      vertex -42.9999 30 40
      vertex -35 30 24
    endloop
  endfacet
  facet normal 0 -1 0
    outer loop
      vertex -42.9999 30 40
      vertex -35.5221 30 23.9658
      vertex -35 30 24
    endloop
  endfacet
  facet normal 0 -1 0
    outer loop
      vertex -42.9999 30 40
      vertex -36.0353 30 23.8637
      vertex -35.5221 30 23.9658
    endloop
  endfacet
  facet normal 0 -1 0
    outer loop
      vertex -42.9999 30 40
      vertex -36.5307 30 23.6955
      vertex -36.0353 30 23.8637
    endloop
  endfacet
  facet normal 0 -1 0
    outer loop
      vertex -42.9999 30 40
      vertex -37 30 23.4641
      vertex -36.5307 30 23.6955
    endloop
  endfacet
  facet normal 0 -1 0
    outer loop
      vertex -42.9999 30 40
      vertex -37.435 30 23.1734
      vertex -37 30 23.4641
    endloop
  endfacet
  facet normal 0 -1 0
    outer loop
      vertex -42.9999 30 40
      vertex -37.8284 30 22.8284
      vertex -37.435 30 23.1734
    endloop
  endfacet
  facet normal 0 -1 0
    outer loop
      vertex -42.9999 30 40
      vertex -38.1734 30 22.435
      vertex -37.8284 30 22.8284
    endloop
  endfacet
  facet normal 0 -1 0
    outer loop
      vertex -42.9999 30 40
      vertex -38.4641 30 22
      vertex -38.1734 30 22.435
    endloop
  endfacet
  facet normal 0 -1 0
    outer loop
      vertex -42.9999 30 40
      vertex -38.6955 30 21.5307
      vertex -38.4641 30 22
    endloop
  endfacet
  facet normal 0 -1 0
    outer loop
      vertex -42.9999 30 40
      vertex -38.8637 30 21.0353
      vertex -38.6955 30 21.5307
    endloop
  endfacet
  facet normal 0 -1 0
    outer loop
      vertex -42.9999 30 40
      vertex -38.9658 30 20.5221
      vertex -38.8637 30 21.0353
    endloop
  endfacet
  facet normal 0 -1 0
    outer loop
      vertex -42.9999 30 40
      vertex -39 30 20
      vertex -38.9658 30 20.5221
    endloop
  endfacet
  facet normal 0 -1 0
    outer loop
      vertex -42.9999 30 0
      vertex -39 30 20
      vertex -42.9999 30 40
    endloop
  endfacet
  facet normal 0 -1 -0
    outer loop
      vertex -33 30 16.5359
      vertex -42.9999 30 0
      vertex -4 30 0
    endloop
  endfacet
  facet normal 0 -1 -0
    outer loop
      vertex -35.5221 30 16.0342
      vertex -42.9999 30 0
      vertex -35 30 16
    endloop
  endfacet
  facet normal 0 -1 -0
    outer loop
      vertex -36.0353 30 16.1363
      vertex -42.9999 30 0
      vertex -35.5221 30 16.0342
    endloop
  endfacet
  facet normal 0 -1 -0
    outer loop
      vertex -36.5307 30 16.3045
      vertex -42.9999 30 0
      vertex -36.0353 30 16.1363
    endloop
  endfacet
  facet normal 0 -1 -0
    outer loop
      vertex -37 30 16.5359
      vertex -42.9999 30 0
      vertex -36.5307 30 16.3045
    endloop
  endfacet
  facet normal 0 -1 -0
    outer loop
      vertex -37.435 30 16.8266
      vertex -42.9999 30 0
      vertex -37 30 16.5359
    endloop
  endfacet
  facet normal 0 -1 -0
    outer loop
      vertex -37.8284 30 17.1716
      vertex -42.9999 30 0
      vertex -37.435 30 16.8266
    endloop
  endfacet
  facet normal 0 -1 -0
    outer loop
      vertex -38.1734 30 17.565
      vertex -42.9999 30 0
      vertex -37.8284 30 17.1716
    endloop
  endfacet
  facet normal 0 -1 -0
    outer loop
      vertex -38.4641 30 18
      vertex -42.9999 30 0
      vertex -38.1734 30 17.565
    endloop
  endfacet
  facet normal 0 -1 -0
    outer loop
      vertex -38.6955 30 18.4693
      vertex -42.9999 30 0
      vertex -38.4641 30 18
    endloop
  endfacet
  facet normal 0 -1 -0
    outer loop
      vertex -38.8637 30 18.9647
      vertex -42.9999 30 0
      vertex -38.6955 30 18.4693
    endloop
  endfacet
  facet normal 0 -1 -0
    outer loop
      vertex -38.9658 30 19.4779
      vertex -42.9999 30 0
      vertex -38.8637 30 18.9647
    endloop
  endfacet
  facet normal 0 -1 -0
    outer loop
      vertex -39 30 20
      vertex -42.9999 30 0
      vertex -38.9658 30 19.4779
    endloop
  endfacet
  facet normal 0 -1 0
    outer loop
      vertex -33.9647 30 23.8637
      vertex -42.9999 30 40
      vertex -34.4779 30 23.9658
    endloop
  endfacet
  facet normal 0 -1 0
    outer loop
      vertex -9.4779 30 23.9658
      vertex -4 30 40
      vertex -10 30 24
    endloop
  endfacet
  facet normal 0 -1 0
    outer loop
      vertex -8.96472 30 23.8637
      vertex -4 30 40
      vertex -9.4779 30 23.9658
    endloop
  endfacet
  facet normal 0 -1 0
    outer loop
      vertex -8.46927 30 23.6955
      vertex -4 30 40
      vertex -8.96472 30 23.8637
    endloop
  endfacet
  facet normal 0 -1 0
    outer loop
      vertex -8 30 23.4641
      vertex -4 30 40
      vertex -8.46927 30 23.6955
    endloop
  endfacet
  facet normal 0 -1 0
    outer loop
      vertex -7.56495 30 23.1734
      vertex -4 30 40
      vertex -8 30 23.4641
    endloop
  endfacet
  facet normal 0 -1 0
    outer loop
      vertex -7.17157 30 22.8284
      vertex -4 30 40
      vertex -7.56495 30 23.1734
    endloop
  endfacet
  facet normal 0 -1 0
    outer loop
      vertex -6.82659 30 22.435
      vertex -4 30 40
      vertex -7.17157 30 22.8284
    endloop
  endfacet
  facet normal 0 -1 0
    outer loop
      vertex -6.5359 30 22
      vertex -4 30 40
      vertex -6.82659 30 22.435
    endloop
  endfacet
  facet normal 0 -1 0
    outer loop
      vertex -6.30448 30 21.5307
      vertex -4 30 40
      vertex -6.5359 30 22
    endloop
  endfacet
  facet normal 0 -1 0
    outer loop
      vertex -6.1363 30 21.0353
      vertex -4 30 40
      vertex -6.30448 30 21.5307
    endloop
  endfacet
  facet normal 0 -1 0
    outer loop
      vertex -6.03422 30 20.5221
      vertex -4 30 40
      vertex -6.1363 30 21.0353
    endloop
  endfacet
  facet normal 0 -1 0
    outer loop
      vertex -6 30 20
      vertex -4 30 40
      vertex -6.03422 30 20.5221
    endloop
  endfacet
  facet normal 0 -1 0
    outer loop
      vertex -4 30 0
      vertex -6 30 20
      vertex -6.03422 30 19.4779
    endloop
  endfacet
  facet normal 0 -1 0
    outer loop
      vertex -10.5221 30 16.0342
      vertex -4 30 0
      vertex -10 30 16
    endloop
  endfacet
  facet normal 0 -1 0
    outer loop
      vertex -10 30 16
      vertex -4 30 0
      vertex -9.4779 30 16.0342
    endloop
  endfacet
  facet normal 0 -1 0
    outer loop
      vertex -9.4779 30 16.0342
      vertex -4 30 0
      vertex -8.96472 30 16.1363
    endloop
  endfacet
  facet normal 0 -1 0
    outer loop
      vertex -6 30 20
      vertex -4 30 0
      vertex -4 30 40
    endloop
  endfacet
  facet normal 0 -1 0
    outer loop
      vertex -6.1363 30 18.9647
      vertex -4 30 0
      vertex -6.03422 30 19.4779
    endloop
  endfacet
  facet normal 0 -1 0
    outer loop
      vertex -6.30448 30 18.4693
      vertex -4 30 0
      vertex -6.1363 30 18.9647
    endloop
  endfacet
  facet normal 0 -1 0
    outer loop
      vertex -6.5359 30 18
      vertex -4 30 0
      vertex -6.30448 30 18.4693
    endloop
  endfacet
  facet normal 0 -1 0
    outer loop
      vertex -6.82659 30 17.565
      vertex -4 30 0
      vertex -6.5359 30 18
    endloop
  endfacet
  facet normal 0 -1 0
    outer loop
      vertex -7.17157 30 17.1716
      vertex -4 30 0
      vertex -6.82659 30 17.565
    endloop
  endfacet
  facet normal 0 -1 0
    outer loop
      vertex -7.56495 30 16.8266
      vertex -4 30 0
      vertex -7.17157 30 17.1716
    endloop
  endfacet
  facet normal 0 -1 0
    outer loop
      vertex -8 30 16.5359
      vertex -4 30 0
      vertex -7.56495 30 16.8266
    endloop
  endfacet
  facet normal 0 -1 0
    outer loop
      vertex -8.46927 30 16.3045
      vertex -4 30 0
      vertex -8 30 16.5359
    endloop
  endfacet
  facet normal 0 -1 0
    outer loop
      vertex -8.96472 30 16.1363
      vertex -4 30 0
      vertex -8.46927 30 16.3045
    endloop
  endfacet
  facet normal 0 -1 0
    outer loop
      vertex -10.5195 30 23.9559
      vertex -10 30 24
      vertex -10.5221 30 23.9658
    endloop
  endfacet
  facet normal 0 -1 -0
    outer loop
      vertex -10 30 24
      vertex -10.5195 30 23.9559
      vertex -10 30 23.99
    endloop
  endfacet
  facet normal 0 -1 0
    outer loop
      vertex -10.5221 30 23.9658
      vertex -10.5208 30 23.9559
      vertex -10.5195 30 23.9559
    endloop
  endfacet
  facet normal 0 -1 0
    outer loop
      vertex -10.5221 30 23.9658
      vertex -10.5221 30 23.9556
      vertex -10.5208 30 23.9559
    endloop
  endfacet
  facet normal 0 -1 0
    outer loop
      vertex -11.0353 30 23.8637
      vertex -10.5221 30 23.9556
      vertex -10.5221 30 23.9658
    endloop
  endfacet
  facet normal 0 -1 0
    outer loop
      vertex -11.0353 30 23.8637
      vertex -11.0327 30 23.854
      vertex -10.5221 30 23.9556
    endloop
  endfacet
  facet normal 0 -1 0
    outer loop
      vertex -11.5257 30 23.6867
      vertex -11.0353 30 23.8637
      vertex -11.5307 30 23.6955
    endloop
  endfacet
  facet normal 0 -1 -0
    outer loop
      vertex -11.0353 30 23.8637
      vertex -11.5257 30 23.6867
      vertex -11.0327 30 23.854
    endloop
  endfacet
  facet normal 0 -1 0
    outer loop
      vertex -11.5307 30 23.6955
      vertex -11.5269 30 23.6863
      vertex -11.5257 30 23.6867
    endloop
  endfacet
  facet normal 0 -1 0
    outer loop
      vertex -12 30 23.4641
      vertex -11.5269 30 23.6863
      vertex -11.5307 30 23.6955
    endloop
  endfacet
  facet normal 0 -1 0
    outer loop
      vertex -12 30 23.4641
      vertex -11.995 30 23.4554
      vertex -11.5269 30 23.6863
    endloop
  endfacet
  facet normal 0 -1 0
    outer loop
      vertex -12.435 30 23.1734
      vertex -11.995 30 23.4554
      vertex -12 30 23.4641
    endloop
  endfacet
  facet normal 0 -1 0
    outer loop
      vertex -12.435 30 23.1734
      vertex -12.429 30 23.1655
      vertex -11.995 30 23.4554
    endloop
  endfacet
  facet normal 0 -1 0
    outer loop
      vertex -12.435 30 23.1734
      vertex -12.4299 30 23.1646
      vertex -12.429 30 23.1655
    endloop
  endfacet
  facet normal 0 -1 0
    outer loop
      vertex -12.8284 30 22.8284
      vertex -12.4299 30 23.1646
      vertex -12.435 30 23.1734
    endloop
  endfacet
  facet normal 0 -1 0
    outer loop
      vertex -12.8284 30 22.8284
      vertex -12.8214 30 22.8214
      vertex -12.4299 30 23.1646
    endloop
  endfacet
  facet normal 0 -1 0
    outer loop
      vertex -13.1646 30 22.4299
      vertex -12.8284 30 22.8284
      vertex -13.1734 30 22.435
    endloop
  endfacet
  facet normal 0 -1 -0
    outer loop
      vertex -12.8284 30 22.8284
      vertex -13.1646 30 22.4299
      vertex -12.8214 30 22.8214
    endloop
  endfacet
  facet normal 0 -1 0
    outer loop
      vertex -13.1734 30 22.435
      vertex -13.1655 30 22.429
      vertex -13.1646 30 22.4299
    endloop
  endfacet
  facet normal 0 -1 0
    outer loop
      vertex -13.4641 30 22
      vertex -13.1655 30 22.429
      vertex -13.1734 30 22.435
    endloop
  endfacet
  facet normal 0 -1 0
    outer loop
      vertex -13.4641 30 22
      vertex -13.4554 30 21.995
      vertex -13.1655 30 22.429
    endloop
  endfacet
  facet normal 0 -1 0
    outer loop
      vertex -13.6955 30 21.5307
      vertex -13.4554 30 21.995
      vertex -13.4641 30 22
    endloop
  endfacet
  facet normal 0 -1 0
    outer loop
      vertex -13.6955 30 21.5307
      vertex -13.6863 30 21.5269
      vertex -13.4554 30 21.995
    endloop
  endfacet
  facet normal 0 -1 0
    outer loop
      vertex -13.6955 30 21.5307
      vertex -13.6867 30 21.5257
      vertex -13.6863 30 21.5269
    endloop
  endfacet
  facet normal 0 -1 0
    outer loop
      vertex -13.8637 30 21.0353
      vertex -13.6867 30 21.5257
      vertex -13.6955 30 21.5307
    endloop
  endfacet
  facet normal 0 -1 0
    outer loop
      vertex -13.8637 30 21.0353
      vertex -13.854 30 21.0327
      vertex -13.6867 30 21.5257
    endloop
  endfacet
  facet normal 0 -1 0
    outer loop
      vertex -13.9556 30 20.5221
      vertex -13.8637 30 21.0353
      vertex -13.9658 30 20.5221
    endloop
  endfacet
  facet normal 0 -1 -0
    outer loop
      vertex -13.8637 30 21.0353
      vertex -13.9556 30 20.5221
      vertex -13.854 30 21.0327
    endloop
  endfacet
  facet normal 0 -1 0
    outer loop
      vertex -13.9658 30 20.5221
      vertex -13.9559 30 20.5208
      vertex -13.9556 30 20.5221
    endloop
  endfacet
  facet normal 0 -1 0
    outer loop
      vertex -13.9658 30 20.5221
      vertex -13.9559 30 20.5195
      vertex -13.9559 30 20.5208
    endloop
  endfacet
  facet normal 0 -1 0
    outer loop
      vertex -14 30 20
      vertex -13.9559 30 20.5195
      vertex -13.9658 30 20.5221
    endloop
  endfacet
  facet normal 0 -1 0
    outer loop
      vertex -14 30 20
      vertex -13.99 30 20
      vertex -13.9559 30 20.5195
    endloop
  endfacet
  facet normal 0 -1 0
    outer loop
      vertex -14 30 20
      vertex -13.9559 30 19.4805
      vertex -13.99 30 20
    endloop
  endfacet
  facet normal 0 -1 0
    outer loop
      vertex -13.9658 30 19.4779
      vertex -13.9559 30 19.4805
      vertex -14 30 20
    endloop
  endfacet
  facet normal 0 -1 -0
    outer loop
      vertex -13.9559 30 19.4805
      vertex -13.9658 30 19.4779
      vertex -13.9559 30 19.4792
    endloop
  endfacet
  facet normal 0 -1 0
    outer loop
      vertex -13.9658 30 19.4779
      vertex -13.9556 30 19.4779
      vertex -13.9559 30 19.4792
    endloop
  endfacet
  facet normal 0 -1 0
    outer loop
      vertex -13.8637 30 18.9647
      vertex -13.9556 30 19.4779
      vertex -13.9658 30 19.4779
    endloop
  endfacet
  facet normal 0 -1 0
    outer loop
      vertex -13.9556 30 19.4779
      vertex -13.8637 30 18.9647
      vertex -13.854 30 18.9673
    endloop
  endfacet
  facet normal 0 -1 0
    outer loop
      vertex -13.8637 30 18.9647
      vertex -13.6867 30 18.4743
      vertex -13.854 30 18.9673
    endloop
  endfacet
  facet normal 0 -1 0
    outer loop
      vertex -13.6955 30 18.4693
      vertex -13.6867 30 18.4743
      vertex -13.8637 30 18.9647
    endloop
  endfacet
  facet normal 0 -1 -0
    outer loop
      vertex -13.6867 30 18.4743
      vertex -13.6955 30 18.4693
      vertex -13.6863 30 18.4731
    endloop
  endfacet
  facet normal 0 -1 0
    outer loop
      vertex -13.6955 30 18.4693
      vertex -13.4554 30 18.005
      vertex -13.6863 30 18.4731
    endloop
  endfacet
  facet normal 0 -1 0
    outer loop
      vertex -13.4641 30 18
      vertex -13.4554 30 18.005
      vertex -13.6955 30 18.4693
    endloop
  endfacet
  facet normal 0 -1 0
    outer loop
      vertex -13.4641 30 18
      vertex -13.1655 30 17.571
      vertex -13.4554 30 18.005
    endloop
  endfacet
  facet normal 0 -1 0
    outer loop
      vertex -13.1734 30 17.565
      vertex -13.1655 30 17.571
      vertex -13.4641 30 18
    endloop
  endfacet
  facet normal 0 -1 0
    outer loop
      vertex -13.1734 30 17.565
      vertex -13.1646 30 17.5701
      vertex -13.1655 30 17.571
    endloop
  endfacet
  facet normal 0 -1 0
    outer loop
      vertex -12.8284 30 17.1716
      vertex -13.1646 30 17.5701
      vertex -13.1734 30 17.565
    endloop
  endfacet
  facet normal 0 -1 0
    outer loop
      vertex -13.1646 30 17.5701
      vertex -12.8284 30 17.1716
      vertex -12.8214 30 17.1786
    endloop
  endfacet
  facet normal 0 -1 0
    outer loop
      vertex -12.8284 30 17.1716
      vertex -12.4299 30 16.8354
      vertex -12.8214 30 17.1786
    endloop
  endfacet
  facet normal 0 -1 0
    outer loop
      vertex -12.435 30 16.8266
      vertex -12.4299 30 16.8354
      vertex -12.8284 30 17.1716
    endloop
  endfacet
  facet normal 0 -1 -0
    outer loop
      vertex -12.4299 30 16.8354
      vertex -12.435 30 16.8266
      vertex -12.429 30 16.8345
    endloop
  endfacet
  facet normal 0 -1 0
    outer loop
      vertex -12.435 30 16.8266
      vertex -11.995 30 16.5446
      vertex -12.429 30 16.8345
    endloop
  endfacet
  facet normal 0 -1 0
    outer loop
      vertex -12 30 16.5359
      vertex -11.995 30 16.5446
      vertex -12.435 30 16.8266
    endloop
  endfacet
  facet normal 0 -1 0
    outer loop
      vertex -12 30 16.5359
      vertex -11.5269 30 16.3137
      vertex -11.995 30 16.5446
    endloop
  endfacet
  facet normal 0 -1 0
    outer loop
      vertex -11.5307 30 16.3045
      vertex -11.5269 30 16.3137
      vertex -12 30 16.5359
    endloop
  endfacet
  facet normal 0 -1 0
    outer loop
      vertex -11.5307 30 16.3045
      vertex -11.5257 30 16.3133
      vertex -11.5269 30 16.3137
    endloop
  endfacet
  facet normal 0 -1 0
    outer loop
      vertex -11.0353 30 16.1363
      vertex -11.5257 30 16.3133
      vertex -11.5307 30 16.3045
    endloop
  endfacet
  facet normal 0 -1 0
    outer loop
      vertex -11.5257 30 16.3133
      vertex -11.0353 30 16.1363
      vertex -11.0327 30 16.146
    endloop
  endfacet
  facet normal 0 -1 0
    outer loop
      vertex -11.0353 30 16.1363
      vertex -10.5221 30 16.0444
      vertex -11.0327 30 16.146
    endloop
  endfacet
  facet normal 0 -1 0
    outer loop
      vertex -10.5221 30 16.0342
      vertex -10.5221 30 16.0444
      vertex -11.0353 30 16.1363
    endloop
  endfacet
  facet normal 0 -1 0
    outer loop
      vertex -10.5221 30 16.0444
      vertex -10.5221 30 16.0342
      vertex -10.5208 30 16.0441
    endloop
  endfacet
  facet normal 0 -1 0
    outer loop
      vertex -10.5221 30 16.0342
      vertex -10.5195 30 16.0441
      vertex -10.5208 30 16.0441
    endloop
  endfacet
  facet normal 0 -1 0
    outer loop
      vertex -10 30 16
      vertex -10.5195 30 16.0441
      vertex -10.5221 30 16.0342
    endloop
  endfacet
  facet normal 0 -1 0
    outer loop
      vertex -10.5195 30 16.0441
      vertex -10 30 16
      vertex -10 30 16.01
    endloop
  endfacet
  facet normal 0 -1 0
    outer loop
      vertex -9.48051 30 23.9559
      vertex -10 30 24
      vertex -10 30 23.99
    endloop
  endfacet
  facet normal 0 -1 0
    outer loop
      vertex -10 30 24
      vertex -9.48051 30 23.9559
      vertex -9.4779 30 23.9658
    endloop
  endfacet
  facet normal 0 -1 0
    outer loop
      vertex -9.4792 30 23.9559
      vertex -9.4779 30 23.9658
      vertex -9.48051 30 23.9559
    endloop
  endfacet
  facet normal 0 -1 0
    outer loop
      vertex -9.47792 30 23.9556
      vertex -9.4779 30 23.9658
      vertex -9.4792 30 23.9559
    endloop
  endfacet
  facet normal 0 -1 0
    outer loop
      vertex -9.47792 30 23.9556
      vertex -8.96472 30 23.8637
      vertex -9.4779 30 23.9658
    endloop
  endfacet
  facet normal 0 -1 0
    outer loop
      vertex -8.96731 30 23.854
      vertex -8.96472 30 23.8637
      vertex -9.47792 30 23.9556
    endloop
  endfacet
  facet normal 0 -1 0
    outer loop
      vertex -8.47433 30 23.6867
      vertex -8.96472 30 23.8637
      vertex -8.96731 30 23.854
    endloop
  endfacet
  facet normal 0 -1 0
    outer loop
      vertex -8.96472 30 23.8637
      vertex -8.47433 30 23.6867
      vertex -8.46927 30 23.6955
    endloop
  endfacet
  facet normal 0 -1 0
    outer loop
      vertex -8.47309 30 23.6863
      vertex -8.46927 30 23.6955
      vertex -8.47433 30 23.6867
    endloop
  endfacet
  facet normal 0 -1 0
    outer loop
      vertex -8.47309 30 23.6863
      vertex -8 30 23.4641
      vertex -8.46927 30 23.6955
    endloop
  endfacet
  facet normal 0 -1 0
    outer loop
      vertex -8.005 30 23.4554
      vertex -8 30 23.4641
      vertex -8.47309 30 23.6863
    endloop
  endfacet
  facet normal 0 -1 0
    outer loop
      vertex -8.005 30 23.4554
      vertex -7.56495 30 23.1734
      vertex -8 30 23.4641
    endloop
  endfacet
  facet normal 0 -1 0
    outer loop
      vertex -7.57104 30 23.1655
      vertex -7.56495 30 23.1734
      vertex -8.005 30 23.4554
    endloop
  endfacet
  facet normal 0 -1 0
    outer loop
      vertex -7.57006 30 23.1646
      vertex -7.56495 30 23.1734
      vertex -7.57104 30 23.1655
    endloop
  endfacet
  facet normal 0 -1 0
    outer loop
      vertex -7.57006 30 23.1646
      vertex -7.17157 30 22.8284
      vertex -7.56495 30 23.1734
    endloop
  endfacet
  facet normal 0 -1 0
    outer loop
      vertex -7.17864 30 22.8214
      vertex -7.17157 30 22.8284
      vertex -7.57006 30 23.1646
    endloop
  endfacet
  facet normal 0 -1 0
    outer loop
      vertex -6.83538 30 22.4299
      vertex -7.17157 30 22.8284
      vertex -7.17864 30 22.8214
    endloop
  endfacet
  facet normal 0 -1 0
    outer loop
      vertex -7.17157 30 22.8284
      vertex -6.83538 30 22.4299
      vertex -6.82659 30 22.435
    endloop
  endfacet
  facet normal 0 -1 0
    outer loop
      vertex -6.83452 30 22.429
      vertex -6.82659 30 22.435
      vertex -6.83538 30 22.4299
    endloop
  endfacet
  facet normal 0 -1 0
    outer loop
      vertex -6.83452 30 22.429
      vertex -6.5359 30 22
      vertex -6.82659 30 22.435
    endloop
  endfacet
  facet normal 0 -1 0
    outer loop
      vertex -6.54456 30 21.995
      vertex -6.5359 30 22
      vertex -6.83452 30 22.429
    endloop
  endfacet
  facet normal 0 -1 0
    outer loop
      vertex -6.54456 30 21.995
      vertex -6.30448 30 21.5307
      vertex -6.5359 30 22
    endloop
  endfacet
  facet normal 0 -1 0
    outer loop
      vertex -6.31372 30 21.5269
      vertex -6.30448 30 21.5307
      vertex -6.54456 30 21.995
    endloop
  endfacet
  facet normal 0 -1 0
    outer loop
      vertex -6.3133 30 21.5257
      vertex -6.30448 30 21.5307
      vertex -6.31372 30 21.5269
    endloop
  endfacet
  facet normal 0 -1 0
    outer loop
      vertex -6.3133 30 21.5257
      vertex -6.1363 30 21.0353
      vertex -6.30448 30 21.5307
    endloop
  endfacet
  facet normal 0 -1 0
    outer loop
      vertex -6.14596 30 21.0327
      vertex -6.1363 30 21.0353
      vertex -6.3133 30 21.5257
    endloop
  endfacet
  facet normal 0 -1 0
    outer loop
      vertex -6.04439 30 20.5221
      vertex -6.1363 30 21.0353
      vertex -6.14596 30 21.0327
    endloop
  endfacet
  facet normal 0 -1 0
    outer loop
      vertex -6.1363 30 21.0353
      vertex -6.04439 30 20.5221
      vertex -6.03422 30 20.5221
    endloop
  endfacet
  facet normal 0 -1 0
    outer loop
      vertex -6.04414 30 20.5208
      vertex -6.03422 30 20.5221
      vertex -6.04439 30 20.5221
    endloop
  endfacet
  facet normal 0 -1 0
    outer loop
      vertex -6.04405 30 20.5195
      vertex -6.03422 30 20.5221
      vertex -6.04414 30 20.5208
    endloop
  endfacet
  facet normal 0 -1 0
    outer loop
      vertex -6 30 20
      vertex -6.04405 30 20.5195
      vertex -6.01 30 20
    endloop
  endfacet
  facet normal 0 -1 0
    outer loop
      vertex -6.04405 30 20.5195
      vertex -6 30 20
      vertex -6.03422 30 20.5221
    endloop
  endfacet
  facet normal 0 -1 0
    outer loop
      vertex -6.04405 30 19.4805
      vertex -6 30 20
      vertex -6.01 30 20
    endloop
  endfacet
  facet normal 0 -1 0
    outer loop
      vertex -6.03422 30 19.4779
      vertex -6.04405 30 19.4805
      vertex -6.04414 30 19.4792
    endloop
  endfacet
  facet normal 0 -1 0
    outer loop
      vertex -6.04405 30 19.4805
      vertex -6.03422 30 19.4779
      vertex -6 30 20
    endloop
  endfacet
  facet normal 0 -1 0
    outer loop
      vertex -6.04439 30 19.4779
      vertex -6.03422 30 19.4779
      vertex -6.04414 30 19.4792
    endloop
  endfacet
  facet normal 0 -1 0
    outer loop
      vertex -6.1363 30 18.9647
      vertex -6.04439 30 19.4779
      vertex -6.14596 30 18.9673
    endloop
  endfacet
  facet normal 0 -1 -0
    outer loop
      vertex -6.04439 30 19.4779
      vertex -6.1363 30 18.9647
      vertex -6.03422 30 19.4779
    endloop
  endfacet
  facet normal 0 -1 0
    outer loop
      vertex -6.3133 30 18.4743
      vertex -6.1363 30 18.9647
      vertex -6.14596 30 18.9673
    endloop
  endfacet
  facet normal 0 -1 0
    outer loop
      vertex -6.30448 30 18.4693
      vertex -6.3133 30 18.4743
      vertex -6.31372 30 18.4731
    endloop
  endfacet
  facet normal 0 -1 0
    outer loop
      vertex -6.3133 30 18.4743
      vertex -6.30448 30 18.4693
      vertex -6.1363 30 18.9647
    endloop
  endfacet
  facet normal 0 -1 0
    outer loop
      vertex -6.54456 30 18.005
      vertex -6.30448 30 18.4693
      vertex -6.31372 30 18.4731
    endloop
  endfacet
  facet normal 0 -1 0
    outer loop
      vertex -6.54456 30 18.005
      vertex -6.5359 30 18
      vertex -6.30448 30 18.4693
    endloop
  endfacet
  facet normal 0 -1 0
    outer loop
      vertex -6.83452 30 17.571
      vertex -6.5359 30 18
      vertex -6.54456 30 18.005
    endloop
  endfacet
  facet normal 0 -1 0
    outer loop
      vertex -6.83452 30 17.571
      vertex -6.82659 30 17.565
      vertex -6.5359 30 18
    endloop
  endfacet
  facet normal 0 -1 0
    outer loop
      vertex -6.83538 30 17.5701
      vertex -6.82659 30 17.565
      vertex -6.83452 30 17.571
    endloop
  endfacet
  facet normal 0 -1 0
    outer loop
      vertex -7.17157 30 17.1716
      vertex -6.83538 30 17.5701
      vertex -7.17864 30 17.1786
    endloop
  endfacet
  facet normal 0 -1 -0
    outer loop
      vertex -6.83538 30 17.5701
      vertex -7.17157 30 17.1716
      vertex -6.82659 30 17.565
    endloop
  endfacet
  facet normal 0 -1 0
    outer loop
      vertex -7.57006 30 16.8354
      vertex -7.17157 30 17.1716
      vertex -7.17864 30 17.1786
    endloop
  endfacet
  facet normal 0 -1 0
    outer loop
      vertex -7.56495 30 16.8266
      vertex -7.57006 30 16.8354
      vertex -7.57104 30 16.8345
    endloop
  endfacet
  facet normal 0 -1 0
    outer loop
      vertex -7.57006 30 16.8354
      vertex -7.56495 30 16.8266
      vertex -7.17157 30 17.1716
    endloop
  endfacet
  facet normal 0 -1 0
    outer loop
      vertex -8.005 30 16.5446
      vertex -7.56495 30 16.8266
      vertex -7.57104 30 16.8345
    endloop
  endfacet
  facet normal 0 -1 0
    outer loop
      vertex -8.005 30 16.5446
      vertex -8 30 16.5359
      vertex -7.56495 30 16.8266
    endloop
  endfacet
  facet normal 0 -1 0
    outer loop
      vertex -8.47309 30 16.3137
      vertex -8 30 16.5359
      vertex -8.005 30 16.5446
    endloop
  endfacet
  facet normal 0 -1 0
    outer loop
      vertex -8.47309 30 16.3137
      vertex -8.46927 30 16.3045
      vertex -8 30 16.5359
    endloop
  endfacet
  facet normal 0 -1 0
    outer loop
      vertex -8.47433 30 16.3133
      vertex -8.46927 30 16.3045
      vertex -8.47309 30 16.3137
    endloop
  endfacet
  facet normal 0 -1 0
    outer loop
      vertex -8.96472 30 16.1363
      vertex -8.47433 30 16.3133
      vertex -8.96731 30 16.146
    endloop
  endfacet
  facet normal 0 -1 -0
    outer loop
      vertex -8.47433 30 16.3133
      vertex -8.96472 30 16.1363
      vertex -8.46927 30 16.3045
    endloop
  endfacet
  facet normal 0 -1 0
    outer loop
      vertex -9.47792 30 16.0444
      vertex -8.96472 30 16.1363
      vertex -8.96731 30 16.146
    endloop
  endfacet
  facet normal 0 -1 0
    outer loop
      vertex -9.4779 30 16.0342
      vertex -9.47792 30 16.0444
      vertex -9.4792 30 16.0441
    endloop
  endfacet
  facet normal 0 -1 0
    outer loop
      vertex -9.47792 30 16.0444
      vertex -9.4779 30 16.0342
      vertex -8.96472 30 16.1363
    endloop
  endfacet
  facet normal 0 -1 0
    outer loop
      vertex -9.48051 30 16.0441
      vertex -9.4779 30 16.0342
      vertex -9.4792 30 16.0441
    endloop
  endfacet
  facet normal 0 -1 0
    outer loop
      vertex -10 30 16
      vertex -9.48051 30 16.0441
      vertex -10 30 16.01
    endloop
  endfacet
  facet normal 0 -1 -0
    outer loop
      vertex -9.48051 30 16.0441
      vertex -10 30 16
      vertex -9.4779 30 16.0342
    endloop
  endfacet
  facet normal 0 -1 0
    outer loop
      vertex -35.5195 30 23.9559
      vertex -35 30 24
      vertex -35.5221 30 23.9658
    endloop
  endfacet
  facet normal 0 -1 -0
    outer loop
      vertex -35 30 24
      vertex -35.5195 30 23.9559
      vertex -35 30 23.99
    endloop
  endfacet
  facet normal 0 -1 0
    outer loop
      vertex -35.5221 30 23.9658
      vertex -35.5208 30 23.9559
      vertex -35.5195 30 23.9559
    endloop
  endfacet
  facet normal 0 -1 0
    outer loop
      vertex -35.5221 30 23.9658
      vertex -35.5221 30 23.9556
      vertex -35.5208 30 23.9559
    endloop
  endfacet
  facet normal 0 -1 0
    outer loop
      vertex -36.0353 30 23.8637
      vertex -35.5221 30 23.9556
      vertex -35.5221 30 23.9658
    endloop
  endfacet
  facet normal 0 -1 0
    outer loop
      vertex -36.0353 30 23.8637
      vertex -36.0327 30 23.854
      vertex -35.5221 30 23.9556
    endloop
  endfacet
  facet normal 0 -1 0
    outer loop
      vertex -36.5257 30 23.6867
      vertex -36.0353 30 23.8637
      vertex -36.5307 30 23.6955
    endloop
  endfacet
  facet normal 0 -1 -0
    outer loop
      vertex -36.0353 30 23.8637
      vertex -36.5257 30 23.6867
      vertex -36.0327 30 23.854
    endloop
  endfacet
  facet normal 0 -1 0
    outer loop
      vertex -36.5307 30 23.6955
      vertex -36.5269 30 23.6863
      vertex -36.5257 30 23.6867
    endloop
  endfacet
  facet normal 0 -1 0
    outer loop
      vertex -37 30 23.4641
      vertex -36.5269 30 23.6863
      vertex -36.5307 30 23.6955
    endloop
  endfacet
  facet normal 0 -1 0
    outer loop
      vertex -37 30 23.4641
      vertex -36.995 30 23.4554
      vertex -36.5269 30 23.6863
    endloop
  endfacet
  facet normal 0 -1 0
    outer loop
      vertex -37.435 30 23.1734
      vertex -36.995 30 23.4554
      vertex -37 30 23.4641
    endloop
  endfacet
  facet normal 0 -1 0
    outer loop
      vertex -37.435 30 23.1734
      vertex -37.429 30 23.1655
      vertex -36.995 30 23.4554
    endloop
  endfacet
  facet normal 0 -1 0
    outer loop
      vertex -37.435 30 23.1734
      vertex -37.4299 30 23.1646
      vertex -37.429 30 23.1655
    endloop
  endfacet
  facet normal 0 -1 0
    outer loop
      vertex -37.8284 30 22.8284
      vertex -37.4299 30 23.1646
      vertex -37.435 30 23.1734
    endloop
  endfacet
  facet normal 0 -1 0
    outer loop
      vertex -37.8284 30 22.8284
      vertex -37.8214 30 22.8214
      vertex -37.4299 30 23.1646
    endloop
  endfacet
  facet normal 0 -1 0
    outer loop
      vertex -38.1646 30 22.4299
      vertex -37.8284 30 22.8284
      vertex -38.1734 30 22.435
    endloop
  endfacet
  facet normal 0 -1 -0
    outer loop
      vertex -37.8284 30 22.8284
      vertex -38.1646 30 22.4299
      vertex -37.8214 30 22.8214
    endloop
  endfacet
  facet normal 0 -1 0
    outer loop
      vertex -38.1734 30 22.435
      vertex -38.1655 30 22.429
      vertex -38.1646 30 22.4299
    endloop
  endfacet
  facet normal 0 -1 0
    outer loop
      vertex -38.4641 30 22
      vertex -38.1655 30 22.429
      vertex -38.1734 30 22.435
    endloop
  endfacet
  facet normal 0 -1 0
    outer loop
      vertex -38.4641 30 22
      vertex -38.4554 30 21.995
      vertex -38.1655 30 22.429
    endloop
  endfacet
  facet normal 0 -1 0
    outer loop
      vertex -38.6955 30 21.5307
      vertex -38.4554 30 21.995
      vertex -38.4641 30 22
    endloop
  endfacet
  facet normal 0 -1 0
    outer loop
      vertex -38.6955 30 21.5307
      vertex -38.6863 30 21.5269
      vertex -38.4554 30 21.995
    endloop
  endfacet
  facet normal 0 -1 0
    outer loop
      vertex -38.6955 30 21.5307
      vertex -38.6867 30 21.5257
      vertex -38.6863 30 21.5269
    endloop
  endfacet
  facet normal 0 -1 0
    outer loop
      vertex -38.8637 30 21.0353
      vertex -38.6867 30 21.5257
      vertex -38.6955 30 21.5307
    endloop
  endfacet
  facet normal 0 -1 0
    outer loop
      vertex -38.8637 30 21.0353
      vertex -38.854 30 21.0327
      vertex -38.6867 30 21.5257
    endloop
  endfacet
  facet normal 0 -1 0
    outer loop
      vertex -38.9556 30 20.5221
      vertex -38.8637 30 21.0353
      vertex -38.9658 30 20.5221
    endloop
  endfacet
  facet normal 0 -1 -0
    outer loop
      vertex -38.8637 30 21.0353
      vertex -38.9556 30 20.5221
      vertex -38.854 30 21.0327
    endloop
  endfacet
  facet normal 0 -1 0
    outer loop
      vertex -38.9658 30 20.5221
      vertex -38.9559 30 20.5208
      vertex -38.9556 30 20.5221
    endloop
  endfacet
  facet normal 0 -1 0
    outer loop
      vertex -38.9658 30 20.5221
      vertex -38.956 30 20.5195
      vertex -38.9559 30 20.5208
    endloop
  endfacet
  facet normal 0 -1 0
    outer loop
      vertex -39 30 20
      vertex -38.956 30 20.5195
      vertex -38.9658 30 20.5221
    endloop
  endfacet
  facet normal 0 -1 0
    outer loop
      vertex -39 30 20
      vertex -38.99 30 20
      vertex -38.956 30 20.5195
    endloop
  endfacet
  facet normal 0 -1 0
    outer loop
      vertex -39 30 20
      vertex -38.956 30 19.4805
      vertex -38.99 30 20
    endloop
  endfacet
  facet normal 0 -1 0
    outer loop
      vertex -38.9658 30 19.4779
      vertex -38.956 30 19.4805
      vertex -39 30 20
    endloop
  endfacet
  facet normal 0 -1 -0
    outer loop
      vertex -38.956 30 19.4805
      vertex -38.9658 30 19.4779
      vertex -38.9559 30 19.4792
    endloop
  endfacet
  facet normal 0 -1 0
    outer loop
      vertex -38.9658 30 19.4779
      vertex -38.9556 30 19.4779
      vertex -38.9559 30 19.4792
    endloop
  endfacet
  facet normal 0 -1 0
    outer loop
      vertex -38.8637 30 18.9647
      vertex -38.9556 30 19.4779
      vertex -38.9658 30 19.4779
    endloop
  endfacet
  facet normal 0 -1 0
    outer loop
      vertex -38.9556 30 19.4779
      vertex -38.8637 30 18.9647
      vertex -38.854 30 18.9673
    endloop
  endfacet
  facet normal 0 -1 0
    outer loop
      vertex -38.8637 30 18.9647
      vertex -38.6867 30 18.4743
      vertex -38.854 30 18.9673
    endloop
  endfacet
  facet normal 0 -1 0
    outer loop
      vertex -38.6955 30 18.4693
      vertex -38.6867 30 18.4743
      vertex -38.8637 30 18.9647
    endloop
  endfacet
  facet normal 0 -1 -0
    outer loop
      vertex -38.6867 30 18.4743
      vertex -38.6955 30 18.4693
      vertex -38.6863 30 18.4731
    endloop
  endfacet
  facet normal 0 -1 0
    outer loop
      vertex -38.6955 30 18.4693
      vertex -38.4554 30 18.005
      vertex -38.6863 30 18.4731
    endloop
  endfacet
  facet normal 0 -1 0
    outer loop
      vertex -38.4641 30 18
      vertex -38.4554 30 18.005
      vertex -38.6955 30 18.4693
    endloop
  endfacet
  facet normal 0 -1 0
    outer loop
      vertex -38.4641 30 18
      vertex -38.1655 30 17.571
      vertex -38.4554 30 18.005
    endloop
  endfacet
  facet normal 0 -1 0
    outer loop
      vertex -38.1734 30 17.565
      vertex -38.1655 30 17.571
      vertex -38.4641 30 18
    endloop
  endfacet
  facet normal 0 -1 0
    outer loop
      vertex -38.1734 30 17.565
      vertex -38.1646 30 17.5701
      vertex -38.1655 30 17.571
    endloop
  endfacet
  facet normal 0 -1 0
    outer loop
      vertex -37.8284 30 17.1716
      vertex -38.1646 30 17.5701
      vertex -38.1734 30 17.565
    endloop
  endfacet
  facet normal 0 -1 0
    outer loop
      vertex -38.1646 30 17.5701
      vertex -37.8284 30 17.1716
      vertex -37.8214 30 17.1786
    endloop
  endfacet
  facet normal 0 -1 0
    outer loop
      vertex -37.8284 30 17.1716
      vertex -37.4299 30 16.8354
      vertex -37.8214 30 17.1786
    endloop
  endfacet
  facet normal 0 -1 0
    outer loop
      vertex -37.435 30 16.8266
      vertex -37.4299 30 16.8354
      vertex -37.8284 30 17.1716
    endloop
  endfacet
  facet normal 0 -1 -0
    outer loop
      vertex -37.4299 30 16.8354
      vertex -37.435 30 16.8266
      vertex -37.429 30 16.8345
    endloop
  endfacet
  facet normal 0 -1 0
    outer loop
      vertex -37.435 30 16.8266
      vertex -36.995 30 16.5446
      vertex -37.429 30 16.8345
    endloop
  endfacet
  facet normal 0 -1 0
    outer loop
      vertex -37 30 16.5359
      vertex -36.995 30 16.5446
      vertex -37.435 30 16.8266
    endloop
  endfacet
  facet normal 0 -1 0
    outer loop
      vertex -37 30 16.5359
      vertex -36.5269 30 16.3137
      vertex -36.995 30 16.5446
    endloop
  endfacet
  facet normal 0 -1 0
    outer loop
      vertex -36.5307 30 16.3045
      vertex -36.5269 30 16.3137
      vertex -37 30 16.5359
    endloop
  endfacet
  facet normal 0 -1 0
    outer loop
      vertex -36.5307 30 16.3045
      vertex -36.5257 30 16.3133
      vertex -36.5269 30 16.3137
    endloop
  endfacet
  facet normal 0 -1 0
    outer loop
      vertex -36.0353 30 16.1363
      vertex -36.5257 30 16.3133
      vertex -36.5307 30 16.3045
    endloop
  endfacet
  facet normal 0 -1 0
    outer loop
      vertex -36.5257 30 16.3133
      vertex -36.0353 30 16.1363
      vertex -36.0327 30 16.146
    endloop
  endfacet
  facet normal 0 -1 0
    outer loop
      vertex -36.0353 30 16.1363
      vertex -35.5221 30 16.0444
      vertex -36.0327 30 16.146
    endloop
  endfacet
  facet normal 0 -1 0
    outer loop
      vertex -35.5221 30 16.0342
      vertex -35.5221 30 16.0444
      vertex -36.0353 30 16.1363
    endloop
  endfacet
  facet normal 0 -1 0
    outer loop
      vertex -35.5221 30 16.0444
      vertex -35.5221 30 16.0342
      vertex -35.5208 30 16.0441
    endloop
  endfacet
  facet normal 0 -1 0
    outer loop
      vertex -35.5221 30 16.0342
      vertex -35.5195 30 16.0441
      vertex -35.5208 30 16.0441
    endloop
  endfacet
  facet normal 0 -1 0
    outer loop
      vertex -35 30 16
      vertex -35.5195 30 16.0441
      vertex -35.5221 30 16.0342
    endloop
  endfacet
  facet normal 0 -1 0
    outer loop
      vertex -35.5195 30 16.0441
      vertex -35 30 16
      vertex -35 30 16.01
    endloop
  endfacet
  facet normal 0 -1 0
    outer loop
      vertex -34.4805 30 23.9559
      vertex -35 30 24
      vertex -35 30 23.99
    endloop
  endfacet
  facet normal 0 -1 0
    outer loop
      vertex -35 30 24
      vertex -34.4805 30 23.9559
      vertex -34.4779 30 23.9658
    endloop
  endfacet
  facet normal 0 -1 0
    outer loop
      vertex -34.4792 30 23.9559
      vertex -34.4779 30 23.9658
      vertex -34.4805 30 23.9559
    endloop
  endfacet
  facet normal 0 -1 0
    outer loop
      vertex -34.4779 30 23.9556
      vertex -34.4779 30 23.9658
      vertex -34.4792 30 23.9559
    endloop
  endfacet
  facet normal 0 -1 0
    outer loop
      vertex -34.4779 30 23.9556
      vertex -33.9647 30 23.8637
      vertex -34.4779 30 23.9658
    endloop
  endfacet
  facet normal 0 -1 0
    outer loop
      vertex -33.9673 30 23.854
      vertex -33.9647 30 23.8637
      vertex -34.4779 30 23.9556
    endloop
  endfacet
  facet normal 0 -1 0
    outer loop
      vertex -33.4743 30 23.6867
      vertex -33.9647 30 23.8637
      vertex -33.9673 30 23.854
    endloop
  endfacet
  facet normal 0 -1 0
    outer loop
      vertex -33.9647 30 23.8637
      vertex -33.4743 30 23.6867
      vertex -33.4693 30 23.6955
    endloop
  endfacet
  facet normal 0 -1 0
    outer loop
      vertex -33.4731 30 23.6863
      vertex -33.4693 30 23.6955
      vertex -33.4743 30 23.6867
    endloop
  endfacet
  facet normal 0 -1 0
    outer loop
      vertex -33.4731 30 23.6863
      vertex -33 30 23.4641
      vertex -33.4693 30 23.6955
    endloop
  endfacet
  facet normal 0 -1 0
    outer loop
      vertex -33.005 30 23.4554
      vertex -33 30 23.4641
      vertex -33.4731 30 23.6863
    endloop
  endfacet
  facet normal 0 -1 0
    outer loop
      vertex -33.005 30 23.4554
      vertex -32.565 30 23.1734
      vertex -33 30 23.4641
    endloop
  endfacet
  facet normal 0 -1 0
    outer loop
      vertex -32.571 30 23.1655
      vertex -32.565 30 23.1734
      vertex -33.005 30 23.4554
    endloop
  endfacet
  facet normal 0 -1 0
    outer loop
      vertex -32.5701 30 23.1646
      vertex -32.565 30 23.1734
      vertex -32.571 30 23.1655
    endloop
  endfacet
  facet normal 0 -1 0
    outer loop
      vertex -32.5701 30 23.1646
      vertex -32.1716 30 22.8284
      vertex -32.565 30 23.1734
    endloop
  endfacet
  facet normal 0 -1 0
    outer loop
      vertex -32.1786 30 22.8214
      vertex -32.1716 30 22.8284
      vertex -32.5701 30 23.1646
    endloop
  endfacet
  facet normal 0 -1 0
    outer loop
      vertex -31.8354 30 22.4299
      vertex -32.1716 30 22.8284
      vertex -32.1786 30 22.8214
    endloop
  endfacet
  facet normal 0 -1 0
    outer loop
      vertex -32.1716 30 22.8284
      vertex -31.8354 30 22.4299
      vertex -31.8266 30 22.435
    endloop
  endfacet
  facet normal 0 -1 0
    outer loop
      vertex -31.8345 30 22.429
      vertex -31.8266 30 22.435
      vertex -31.8354 30 22.4299
    endloop
  endfacet
  facet normal 0 -1 0
    outer loop
      vertex -31.8345 30 22.429
      vertex -31.5359 30 22
      vertex -31.8266 30 22.435
    endloop
  endfacet
  facet normal 0 -1 0
    outer loop
      vertex -31.5446 30 21.995
      vertex -31.5359 30 22
      vertex -31.8345 30 22.429
    endloop
  endfacet
  facet normal 0 -1 0
    outer loop
      vertex -31.5446 30 21.995
      vertex -31.3045 30 21.5307
      vertex -31.5359 30 22
    endloop
  endfacet
  facet normal 0 -1 0
    outer loop
      vertex -31.3137 30 21.5269
      vertex -31.3045 30 21.5307
      vertex -31.5446 30 21.995
    endloop
  endfacet
  facet normal 0 -1 0
    outer loop
      vertex -31.3133 30 21.5257
      vertex -31.3045 30 21.5307
      vertex -31.3137 30 21.5269
    endloop
  endfacet
  facet normal 0 -1 0
    outer loop
      vertex -31.3133 30 21.5257
      vertex -31.1363 30 21.0353
      vertex -31.3045 30 21.5307
    endloop
  endfacet
  facet normal 0 -1 0
    outer loop
      vertex -31.146 30 21.0327
      vertex -31.1363 30 21.0353
      vertex -31.3133 30 21.5257
    endloop
  endfacet
  facet normal 0 -1 0
    outer loop
      vertex -31.0444 30 20.5221
      vertex -31.1363 30 21.0353
      vertex -31.146 30 21.0327
    endloop
  endfacet
  facet normal 0 -1 0
    outer loop
      vertex -31.1363 30 21.0353
      vertex -31.0444 30 20.5221
      vertex -31.0342 30 20.5221
    endloop
  endfacet
  facet normal 0 -1 0
    outer loop
      vertex -31.0441 30 20.5208
      vertex -31.0342 30 20.5221
      vertex -31.0444 30 20.5221
    endloop
  endfacet
  facet normal 0 -1 0
    outer loop
      vertex -31.0441 30 20.5195
      vertex -31.0342 30 20.5221
      vertex -31.0441 30 20.5208
    endloop
  endfacet
  facet normal 0 -1 0
    outer loop
      vertex -31 30 20
      vertex -31.0441 30 20.5195
      vertex -31.01 30 20
    endloop
  endfacet
  facet normal 0 -1 0
    outer loop
      vertex -31.0441 30 20.5195
      vertex -31 30 20
      vertex -31.0342 30 20.5221
    endloop
  endfacet
  facet normal 0 -1 0
    outer loop
      vertex -31.0441 30 19.4805
      vertex -31 30 20
      vertex -31.01 30 20
    endloop
  endfacet
  facet normal 0 -1 0
    outer loop
      vertex -31.0342 30 19.4779
      vertex -31.0441 30 19.4805
      vertex -31.0441 30 19.4792
    endloop
  endfacet
  facet normal 0 -1 0
    outer loop
      vertex -31.0441 30 19.4805
      vertex -31.0342 30 19.4779
      vertex -31 30 20
    endloop
  endfacet
  facet normal 0 -1 0
    outer loop
      vertex -31.0444 30 19.4779
      vertex -31.0342 30 19.4779
      vertex -31.0441 30 19.4792
    endloop
  endfacet
  facet normal 0 -1 0
    outer loop
      vertex -31.1363 30 18.9647
      vertex -31.0444 30 19.4779
      vertex -31.146 30 18.9673
    endloop
  endfacet
  facet normal 0 -1 -0
    outer loop
      vertex -31.0444 30 19.4779
      vertex -31.1363 30 18.9647
      vertex -31.0342 30 19.4779
    endloop
  endfacet
  facet normal 0 -1 0
    outer loop
      vertex -31.3133 30 18.4743
      vertex -31.1363 30 18.9647
      vertex -31.146 30 18.9673
    endloop
  endfacet
  facet normal 0 -1 0
    outer loop
      vertex -31.3045 30 18.4693
      vertex -31.3133 30 18.4743
      vertex -31.3137 30 18.4731
    endloop
  endfacet
  facet normal 0 -1 0
    outer loop
      vertex -31.3133 30 18.4743
      vertex -31.3045 30 18.4693
      vertex -31.1363 30 18.9647
    endloop
  endfacet
  facet normal 0 -1 0
    outer loop
      vertex -31.5446 30 18.005
      vertex -31.3045 30 18.4693
      vertex -31.3137 30 18.4731
    endloop
  endfacet
  facet normal 0 -1 0
    outer loop
      vertex -31.5446 30 18.005
      vertex -31.5359 30 18
      vertex -31.3045 30 18.4693
    endloop
  endfacet
  facet normal 0 -1 0
    outer loop
      vertex -31.8345 30 17.571
      vertex -31.5359 30 18
      vertex -31.5446 30 18.005
    endloop
  endfacet
  facet normal 0 -1 0
    outer loop
      vertex -31.8345 30 17.571
      vertex -31.8266 30 17.565
      vertex -31.5359 30 18
    endloop
  endfacet
  facet normal 0 -1 0
    outer loop
      vertex -31.8354 30 17.5701
      vertex -31.8266 30 17.565
      vertex -31.8345 30 17.571
    endloop
  endfacet
  facet normal 0 -1 0
    outer loop
      vertex -32.1716 30 17.1716
      vertex -31.8354 30 17.5701
      vertex -32.1786 30 17.1786
    endloop
  endfacet
  facet normal 0 -1 -0
    outer loop
      vertex -31.8354 30 17.5701
      vertex -32.1716 30 17.1716
      vertex -31.8266 30 17.565
    endloop
  endfacet
  facet normal 0 -1 0
    outer loop
      vertex -32.5701 30 16.8354
      vertex -32.1716 30 17.1716
      vertex -32.1786 30 17.1786
    endloop
  endfacet
  facet normal 0 -1 0
    outer loop
      vertex -32.565 30 16.8266
      vertex -32.5701 30 16.8354
      vertex -32.571 30 16.8345
    endloop
  endfacet
  facet normal 0 -1 0
    outer loop
      vertex -32.5701 30 16.8354
      vertex -32.565 30 16.8266
      vertex -32.1716 30 17.1716
    endloop
  endfacet
  facet normal 0 -1 0
    outer loop
      vertex -33.005 30 16.5446
      vertex -32.565 30 16.8266
      vertex -32.571 30 16.8345
    endloop
  endfacet
  facet normal 0 -1 0
    outer loop
      vertex -33.005 30 16.5446
      vertex -33 30 16.5359
      vertex -32.565 30 16.8266
    endloop
  endfacet
  facet normal 0 -1 0
    outer loop
      vertex -33.4731 30 16.3137
      vertex -33 30 16.5359
      vertex -33.005 30 16.5446
    endloop
  endfacet
  facet normal 0 -1 0
    outer loop
      vertex -33.4731 30 16.3137
      vertex -33.4693 30 16.3045
      vertex -33 30 16.5359
    endloop
  endfacet
  facet normal 0 -1 0
    outer loop
      vertex -33.4743 30 16.3133
      vertex -33.4693 30 16.3045
      vertex -33.4731 30 16.3137
    endloop
  endfacet
  facet normal 0 -1 0
    outer loop
      vertex -33.9647 30 16.1363
      vertex -33.4743 30 16.3133
      vertex -33.9673 30 16.146
    endloop
  endfacet
  facet normal 0 -1 -0
    outer loop
      vertex -33.4743 30 16.3133
      vertex -33.9647 30 16.1363
      vertex -33.4693 30 16.3045
    endloop
  endfacet
  facet normal 0 -1 0
    outer loop
      vertex -34.4779 30 16.0444
      vertex -33.9647 30 16.1363
      vertex -33.9673 30 16.146
    endloop
  endfacet
  facet normal 0 -1 0
    outer loop
      vertex -34.4779 30 16.0342
      vertex -34.4779 30 16.0444
      vertex -34.4792 30 16.0441
    endloop
  endfacet
  facet normal 0 -1 0
    outer loop
      vertex -34.4779 30 16.0444
      vertex -34.4779 30 16.0342
      vertex -33.9647 30 16.1363
    endloop
  endfacet
  facet normal 0 -1 0
    outer loop
      vertex -34.4805 30 16.0441
      vertex -34.4779 30 16.0342
      vertex -34.4792 30 16.0441
    endloop
  endfacet
  facet normal 0 -1 0
    outer loop
      vertex -35 30 16
      vertex -34.4805 30 16.0441
      vertex -35 30 16.01
    endloop
  endfacet
  facet normal 0 -1 -0
    outer loop
      vertex -34.4805 30 16.0441
      vertex -35 30 16
      vertex -34.4779 30 16.0342
    endloop
  endfacet
  facet normal -0.980801 0 0.195013
    outer loop
      vertex -33.0681 31.99 19.4824
      vertex -33.0171 36 19.7389
      vertex -33.0681 36 19.4824
    endloop
  endfacet
  facet normal -0.980801 0 0.195013
    outer loop
      vertex -33.0171 36 19.7389
      vertex -33.0681 31.99 19.4824
      vertex -33.0171 31.99 19.7389
    endloop
  endfacet
  facet normal -0.997862 0 0.0653521
    outer loop
      vertex -33.0171 31.99 19.7389
      vertex -33 36 20
      vertex -33.0171 36 19.7389
    endloop
  endfacet
  facet normal -0.997862 0 0.0653521
    outer loop
      vertex -33 36 20
      vertex -33.0171 31.99 19.7389
      vertex -33 31.99 20
    endloop
  endfacet
  facet normal -0.0653521 0 0.997862
    outer loop
      vertex -35 36 18
      vertex -34.7389 31.99 18.0171
      vertex -34.7389 36 18.0171
    endloop
  endfacet
  facet normal -0.0653521 0 0.997862
    outer loop
      vertex -34.7389 31.99 18.0171
      vertex -35 36 18
      vertex -35 31.99 18
    endloop
  endfacet
  facet normal 0.195013 0 0.980801
    outer loop
      vertex -35.5176 36 18.0681
      vertex -35.2611 31.99 18.0171
      vertex -35.2611 36 18.0171
    endloop
  endfacet
  facet normal 0.195013 0 0.980801
    outer loop
      vertex -35.2611 31.99 18.0171
      vertex -35.5176 36 18.0681
      vertex -35.5176 31.99 18.0681
    endloop
  endfacet
  facet normal -0.555494 0 -0.831521
    outer loop
      vertex -34 31.99 21.732
      vertex -33.7825 36 21.5867
      vertex -33.7825 31.99 21.5867
    endloop
  endfacet
  facet normal -0.555494 0 -0.831521
    outer loop
      vertex -33.7825 36 21.5867
      vertex -34 31.99 21.732
      vertex -34 36 21.732
    endloop
  endfacet
  facet normal 0.896709 -0 0.442621
    outer loop
      vertex -36.8478 31.99 19.2346
      vertex -36.732 36 19
      vertex -36.8478 36 19.2346
    endloop
  endfacet
  facet normal 0.896709 0 0.442621
    outer loop
      vertex -36.732 36 19
      vertex -36.8478 31.99 19.2346
      vertex -36.732 31.99 19
    endloop
  endfacet
  facet normal 0.94695 -0 0.321382
    outer loop
      vertex -36.9319 31.99 19.4824
      vertex -36.8478 36 19.2346
      vertex -36.9319 36 19.4824
    endloop
  endfacet
  facet normal 0.94695 0 0.321382
    outer loop
      vertex -36.8478 36 19.2346
      vertex -36.9319 31.99 19.4824
      vertex -36.8478 31.99 19.2346
    endloop
  endfacet
  facet normal 0.321382 0 0.94695
    outer loop
      vertex -35.7654 36 18.1522
      vertex -35.5176 31.99 18.0681
      vertex -35.5176 36 18.0681
    endloop
  endfacet
  facet normal 0.321382 0 0.94695
    outer loop
      vertex -35.5176 31.99 18.0681
      vertex -35.7654 36 18.1522
      vertex -35.7654 31.99 18.1522
    endloop
  endfacet
  facet normal -0.997862 0 -0.0653521
    outer loop
      vertex -33 31.99 20
      vertex -33.0171 36 20.2611
      vertex -33 36 20
    endloop
  endfacet
  facet normal -0.997862 -0 -0.0653521
    outer loop
      vertex -33.0171 36 20.2611
      vertex -33 31.99 20
      vertex -33.0171 31.99 20.2611
    endloop
  endfacet
  facet normal 0.94695 0 -0.321382
    outer loop
      vertex -36.8478 31.99 20.7654
      vertex -36.9319 36 20.5176
      vertex -36.8478 36 20.7654
    endloop
  endfacet
  facet normal 0.94695 0 -0.321382
    outer loop
      vertex -36.9319 36 20.5176
      vertex -36.8478 31.99 20.7654
      vertex -36.9319 31.99 20.5176
    endloop
  endfacet
  facet normal 0.831521 -0 0.555494
    outer loop
      vertex -36.732 31.99 19
      vertex -36.5867 36 18.7825
      vertex -36.732 36 19
    endloop
  endfacet
  facet normal 0.831521 0 0.555494
    outer loop
      vertex -36.5867 36 18.7825
      vertex -36.732 31.99 19
      vertex -36.5867 31.99 18.7825
    endloop
  endfacet
  facet normal 0.980801 -0 0.195013
    outer loop
      vertex -36.9829 31.99 19.7389
      vertex -36.9319 36 19.4824
      vertex -36.9829 36 19.7389
    endloop
  endfacet
  facet normal 0.980801 0 0.195013
    outer loop
      vertex -36.9319 36 19.4824
      vertex -36.9829 31.99 19.7389
      vertex -36.9319 31.99 19.4824
    endloop
  endfacet
  facet normal -0.94695 0 -0.321382
    outer loop
      vertex -33.0681 31.99 20.5176
      vertex -33.1522 36 20.7654
      vertex -33.0681 36 20.5176
    endloop
  endfacet
  facet normal -0.94695 -0 -0.321382
    outer loop
      vertex -33.1522 36 20.7654
      vertex -33.0681 31.99 20.5176
      vertex -33.1522 31.99 20.7654
    endloop
  endfacet
  facet normal -0.659343 0 -0.751842
    outer loop
      vertex -33.7825 31.99 21.5867
      vertex -33.5858 36 21.4142
      vertex -33.5858 31.99 21.4142
    endloop
  endfacet
  facet normal -0.659343 0 -0.751842
    outer loop
      vertex -33.5858 36 21.4142
      vertex -33.7825 31.99 21.5867
      vertex -33.7825 36 21.5867
    endloop
  endfacet
  facet normal -0.321382 0 0.94695
    outer loop
      vertex -34.4824 36 18.0681
      vertex -34.2346 31.99 18.1522
      vertex -34.2346 36 18.1522
    endloop
  endfacet
  facet normal -0.321382 0 0.94695
    outer loop
      vertex -34.2346 31.99 18.1522
      vertex -34.4824 36 18.0681
      vertex -34.4824 31.99 18.0681
    endloop
  endfacet
  facet normal 0.751842 0 -0.659343
    outer loop
      vertex -36.4142 31.99 21.4142
      vertex -36.5867 36 21.2175
      vertex -36.4142 36 21.4142
    endloop
  endfacet
  facet normal 0.751842 0 -0.659343
    outer loop
      vertex -36.5867 36 21.2175
      vertex -36.4142 31.99 21.4142
      vertex -36.5867 31.99 21.2175
    endloop
  endfacet
  facet normal 0.659343 0 0.751842
    outer loop
      vertex -36.4142 36 18.5858
      vertex -36.2175 31.99 18.4133
      vertex -36.2175 36 18.4133
    endloop
  endfacet
  facet normal 0.659343 0 0.751842
    outer loop
      vertex -36.2175 31.99 18.4133
      vertex -36.4142 36 18.5858
      vertex -36.4142 31.99 18.5858
    endloop
  endfacet
  facet normal 0.997862 -0 0.0653521
    outer loop
      vertex -37 31.99 20
      vertex -36.9829 36 19.7389
      vertex -37 36 20
    endloop
  endfacet
  facet normal 0.997862 0 0.0653521
    outer loop
      vertex -36.9829 36 19.7389
      vertex -37 31.99 20
      vertex -36.9829 31.99 19.7389
    endloop
  endfacet
  facet normal -0.555494 0 0.831521
    outer loop
      vertex -34 36 18.268
      vertex -33.7825 31.99 18.4133
      vertex -33.7825 36 18.4133
    endloop
  endfacet
  facet normal -0.555494 0 0.831521
    outer loop
      vertex -33.7825 31.99 18.4133
      vertex -34 36 18.268
      vertex -34 31.99 18.268
    endloop
  endfacet
  facet normal -0.831521 0 -0.555494
    outer loop
      vertex -33.268 31.99 21
      vertex -33.4133 36 21.2175
      vertex -33.268 36 21
    endloop
  endfacet
  facet normal -0.831521 -0 -0.555494
    outer loop
      vertex -33.4133 36 21.2175
      vertex -33.268 31.99 21
      vertex -33.4133 31.99 21.2175
    endloop
  endfacet
  facet normal -0.831521 0 0.555494
    outer loop
      vertex -33.4133 31.99 18.7825
      vertex -33.268 36 19
      vertex -33.4133 36 18.7825
    endloop
  endfacet
  facet normal -0.831521 0 0.555494
    outer loop
      vertex -33.268 36 19
      vertex -33.4133 31.99 18.7825
      vertex -33.268 31.99 19
    endloop
  endfacet
  facet normal 0.751842 -0 0.659343
    outer loop
      vertex -36.5867 31.99 18.7825
      vertex -36.4142 36 18.5858
      vertex -36.5867 36 18.7825
    endloop
  endfacet
  facet normal 0.751842 0 0.659343
    outer loop
      vertex -36.4142 36 18.5858
      vertex -36.5867 31.99 18.7825
      vertex -36.4142 31.99 18.5858
    endloop
  endfacet
  facet normal -0.321382 0 -0.94695
    outer loop
      vertex -34.4824 31.99 21.9319
      vertex -34.2346 36 21.8478
      vertex -34.2346 31.99 21.8478
    endloop
  endfacet
  facet normal -0.321382 0 -0.94695
    outer loop
      vertex -34.2346 36 21.8478
      vertex -34.4824 31.99 21.9319
      vertex -34.4824 36 21.9319
    endloop
  endfacet
  facet normal -0.442621 0 -0.896709
    outer loop
      vertex -34.2346 31.99 21.8478
      vertex -34 36 21.732
      vertex -34 31.99 21.732
    endloop
  endfacet
  facet normal -0.442621 0 -0.896709
    outer loop
      vertex -34 36 21.732
      vertex -34.2346 31.99 21.8478
      vertex -34.2346 36 21.8478
    endloop
  endfacet
  facet normal -0.751842 0 0.659343
    outer loop
      vertex -33.5858 31.99 18.5858
      vertex -33.4133 36 18.7825
      vertex -33.5858 36 18.5858
    endloop
  endfacet
  facet normal -0.751842 0 0.659343
    outer loop
      vertex -33.4133 36 18.7825
      vertex -33.5858 31.99 18.5858
      vertex -33.4133 31.99 18.7825
    endloop
  endfacet
  facet normal -0.0653521 0 -0.997862
    outer loop
      vertex -35 31.99 22
      vertex -34.7389 36 21.9829
      vertex -34.7389 31.99 21.9829
    endloop
  endfacet
  facet normal -0.0653521 0 -0.997862
    outer loop
      vertex -34.7389 36 21.9829
      vertex -35 31.99 22
      vertex -35 36 22
    endloop
  endfacet
  facet normal -0.659343 0 0.751842
    outer loop
      vertex -33.7825 36 18.4133
      vertex -33.5858 31.99 18.5858
      vertex -33.5858 36 18.5858
    endloop
  endfacet
  facet normal -0.659343 0 0.751842
    outer loop
      vertex -33.5858 31.99 18.5858
      vertex -33.7825 36 18.4133
      vertex -33.7825 31.99 18.4133
    endloop
  endfacet
  facet normal 0.997862 0 -0.0653521
    outer loop
      vertex -36.9829 31.99 20.2611
      vertex -37 36 20
      vertex -36.9829 36 20.2611
    endloop
  endfacet
  facet normal 0.997862 0 -0.0653521
    outer loop
      vertex -37 36 20
      vertex -36.9829 31.99 20.2611
      vertex -37 31.99 20
    endloop
  endfacet
  facet normal 0.659343 0 -0.751842
    outer loop
      vertex -36.4142 31.99 21.4142
      vertex -36.2175 36 21.5867
      vertex -36.2175 31.99 21.5867
    endloop
  endfacet
  facet normal 0.659343 0 -0.751842
    outer loop
      vertex -36.2175 36 21.5867
      vertex -36.4142 31.99 21.4142
      vertex -36.4142 36 21.4142
    endloop
  endfacet
  facet normal 0.555494 0 0.831521
    outer loop
      vertex -36.2175 36 18.4133
      vertex -36 31.99 18.268
      vertex -36 36 18.268
    endloop
  endfacet
  facet normal 0.555494 0 0.831521
    outer loop
      vertex -36 31.99 18.268
      vertex -36.2175 36 18.4133
      vertex -36.2175 31.99 18.4133
    endloop
  endfacet
  facet normal -0.896709 0 0.442621
    outer loop
      vertex -33.268 31.99 19
      vertex -33.1522 36 19.2346
      vertex -33.268 36 19
    endloop
  endfacet
  facet normal -0.896709 0 0.442621
    outer loop
      vertex -33.1522 36 19.2346
      vertex -33.268 31.99 19
      vertex -33.1522 31.99 19.2346
    endloop
  endfacet
  facet normal 0.0653521 0 -0.997862
    outer loop
      vertex -35.2611 31.99 21.9829
      vertex -35 36 22
      vertex -35 31.99 22
    endloop
  endfacet
  facet normal 0.0653521 0 -0.997862
    outer loop
      vertex -35 36 22
      vertex -35.2611 31.99 21.9829
      vertex -35.2611 36 21.9829
    endloop
  endfacet
  facet normal -0.195013 0 -0.980801
    outer loop
      vertex -34.7389 31.99 21.9829
      vertex -34.4824 36 21.9319
      vertex -34.4824 31.99 21.9319
    endloop
  endfacet
  facet normal -0.195013 0 -0.980801
    outer loop
      vertex -34.4824 36 21.9319
      vertex -34.7389 31.99 21.9829
      vertex -34.7389 36 21.9829
    endloop
  endfacet
  facet normal -0.442621 0 0.896709
    outer loop
      vertex -34.2346 36 18.1522
      vertex -34 31.99 18.268
      vertex -34 36 18.268
    endloop
  endfacet
  facet normal -0.442621 0 0.896709
    outer loop
      vertex -34 31.99 18.268
      vertex -34.2346 36 18.1522
      vertex -34.2346 31.99 18.1522
    endloop
  endfacet
  facet normal -0.896709 0 -0.442621
    outer loop
      vertex -33.1522 31.99 20.7654
      vertex -33.268 36 21
      vertex -33.1522 36 20.7654
    endloop
  endfacet
  facet normal -0.896709 -0 -0.442621
    outer loop
      vertex -33.268 36 21
      vertex -33.1522 31.99 20.7654
      vertex -33.268 31.99 21
    endloop
  endfacet
  facet normal -0.980801 0 -0.195013
    outer loop
      vertex -33.0171 31.99 20.2611
      vertex -33.0681 36 20.5176
      vertex -33.0171 36 20.2611
    endloop
  endfacet
  facet normal -0.980801 -0 -0.195013
    outer loop
      vertex -33.0681 36 20.5176
      vertex -33.0171 31.99 20.2611
      vertex -33.0681 31.99 20.5176
    endloop
  endfacet
  facet normal 0.980801 0 -0.195013
    outer loop
      vertex -36.9319 31.99 20.5176
      vertex -36.9829 36 20.2611
      vertex -36.9319 36 20.5176
    endloop
  endfacet
  facet normal 0.980801 0 -0.195013
    outer loop
      vertex -36.9829 36 20.2611
      vertex -36.9319 31.99 20.5176
      vertex -36.9829 31.99 20.2611
    endloop
  endfacet
  facet normal 0.195013 0 -0.980801
    outer loop
      vertex -35.5176 31.99 21.9319
      vertex -35.2611 36 21.9829
      vertex -35.2611 31.99 21.9829
    endloop
  endfacet
  facet normal 0.195013 0 -0.980801
    outer loop
      vertex -35.2611 36 21.9829
      vertex -35.5176 31.99 21.9319
      vertex -35.5176 36 21.9319
    endloop
  endfacet
  facet normal -0.195013 0 0.980801
    outer loop
      vertex -34.7389 36 18.0171
      vertex -34.4824 31.99 18.0681
      vertex -34.4824 36 18.0681
    endloop
  endfacet
  facet normal -0.195013 0 0.980801
    outer loop
      vertex -34.4824 31.99 18.0681
      vertex -34.7389 36 18.0171
      vertex -34.7389 31.99 18.0171
    endloop
  endfacet
  facet normal -0.94695 0 0.321382
    outer loop
      vertex -33.1522 31.99 19.2346
      vertex -33.0681 36 19.4824
      vertex -33.1522 36 19.2346
    endloop
  endfacet
  facet normal -0.94695 0 0.321382
    outer loop
      vertex -33.0681 36 19.4824
      vertex -33.1522 31.99 19.2346
      vertex -33.0681 31.99 19.4824
    endloop
  endfacet
  facet normal -0.751842 0 -0.659343
    outer loop
      vertex -33.4133 31.99 21.2175
      vertex -33.5858 36 21.4142
      vertex -33.4133 36 21.2175
    endloop
  endfacet
  facet normal -0.751842 -0 -0.659343
    outer loop
      vertex -33.5858 36 21.4142
      vertex -33.4133 31.99 21.2175
      vertex -33.5858 31.99 21.4142
    endloop
  endfacet
  facet normal 0.831521 0 -0.555494
    outer loop
      vertex -36.5867 31.99 21.2175
      vertex -36.732 36 21
      vertex -36.5867 36 21.2175
    endloop
  endfacet
  facet normal 0.831521 0 -0.555494
    outer loop
      vertex -36.732 36 21
      vertex -36.5867 31.99 21.2175
      vertex -36.732 31.99 21
    endloop
  endfacet
  facet normal 0.0653521 0 0.997862
    outer loop
      vertex -35.2611 36 18.0171
      vertex -35 31.99 18
      vertex -35 36 18
    endloop
  endfacet
  facet normal 0.0653521 0 0.997862
    outer loop
      vertex -35 31.99 18
      vertex -35.2611 36 18.0171
      vertex -35.2611 31.99 18.0171
    endloop
  endfacet
  facet normal 0.321382 0 -0.94695
    outer loop
      vertex -35.7654 31.99 21.8478
      vertex -35.5176 36 21.9319
      vertex -35.5176 31.99 21.9319
    endloop
  endfacet
  facet normal 0.321382 0 -0.94695
    outer loop
      vertex -35.5176 36 21.9319
      vertex -35.7654 31.99 21.8478
      vertex -35.7654 36 21.8478
    endloop
  endfacet
  facet normal 0.442621 0 0.896709
    outer loop
      vertex -36 36 18.268
      vertex -35.7654 31.99 18.1522
      vertex -35.7654 36 18.1522
    endloop
  endfacet
  facet normal 0.442621 0 0.896709
    outer loop
      vertex -35.7654 31.99 18.1522
      vertex -36 36 18.268
      vertex -36 31.99 18.268
    endloop
  endfacet
  facet normal 0.442621 0 -0.896709
    outer loop
      vertex -36 31.99 21.732
      vertex -35.7654 36 21.8478
      vertex -35.7654 31.99 21.8478
    endloop
  endfacet
  facet normal 0.442621 0 -0.896709
    outer loop
      vertex -35.7654 36 21.8478
      vertex -36 31.99 21.732
      vertex -36 36 21.732
    endloop
  endfacet
  facet normal 0.896709 0 -0.442621
    outer loop
      vertex -36.732 31.99 21
      vertex -36.8478 36 20.7654
      vertex -36.732 36 21
    endloop
  endfacet
  facet normal 0.896709 0 -0.442621
    outer loop
      vertex -36.8478 36 20.7654
      vertex -36.732 31.99 21
      vertex -36.8478 31.99 20.7654
    endloop
  endfacet
  facet normal 0.555494 0 -0.831521
    outer loop
      vertex -36.2175 31.99 21.5867
      vertex -36 36 21.732
      vertex -36 31.99 21.732
    endloop
  endfacet
  facet normal 0.555494 0 -0.831521
    outer loop
      vertex -36 36 21.732
      vertex -36.2175 31.99 21.5867
      vertex -36.2175 36 21.5867
    endloop
  endfacet
  facet normal -0.706346 -0.706346 0.0463646
    outer loop
      vertex -31.0441 30 19.4805
      vertex -31.01 30 20
      vertex -33 31.99 20
    endloop
  endfacet
  facet normal -0.0463646 -0.706346 0.706346
    outer loop
      vertex -34.4805 30 16.0441
      vertex -35 31.99 18
      vertex -35 30 16.01
    endloop
  endfacet
  facet normal 0.466728 -0.706345 0.532205
    outer loop
      vertex -37.4299 30 16.8354
      vertex -36.2175 31.99 18.4133
      vertex -36.4142 31.99 18.5858
    endloop
  endfacet
  facet normal 0.502135 -0.704074 0.502135
    outer loop
      vertex -36.2175 31.99 18.4133
      vertex -37.4299 30 16.8354
      vertex -37.429 30 16.8345
    endloop
  endfacet
  facet normal -0.159365 -0.705479 -0.690581
    outer loop
      vertex -34.7389 31.99 21.9829
      vertex -34.4779 30 23.9556
      vertex -34.4792 30 23.9559
    endloop
  endfacet
  facet normal -0.138043 -0.706346 -0.694276
    outer loop
      vertex -34.4779 30 23.9556
      vertex -34.7389 31.99 21.9829
      vertex -34.4824 31.99 21.9319
    endloop
  endfacet
  facet normal -0.532205 -0.706345 -0.466728
    outer loop
      vertex -33.4133 31.99 21.2175
      vertex -31.8354 30 22.4299
      vertex -33.5858 31.99 21.4142
    endloop
  endfacet
  facet normal -0.502135 -0.704074 -0.502135
    outer loop
      vertex -31.8354 30 22.4299
      vertex -33.4133 31.99 21.2175
      vertex -31.8345 30 22.429
    endloop
  endfacet
  facet normal 0.502135 -0.704074 -0.502135
    outer loop
      vertex -36.5867 31.99 21.2175
      vertex -38.1646 30 22.4299
      vertex -38.1655 30 22.429
    endloop
  endfacet
  facet normal 0.532205 -0.706345 -0.466728
    outer loop
      vertex -38.1646 30 22.4299
      vertex -36.5867 31.99 21.2175
      vertex -36.4142 31.99 21.4142
    endloop
  endfacet
  facet normal -0.138146 -0.706336 0.694266
    outer loop
      vertex -34.4779 30 16.0444
      vertex -33.9673 30 16.146
      vertex -34.4824 31.99 18.0681
    endloop
  endfacet
  facet normal 0.706351 -0.706351 -0.0462289
    outer loop
      vertex -37 31.99 20
      vertex -38.956 30 20.5195
      vertex -38.99 30 20
    endloop
  endfacet
  facet normal 0.0463646 -0.706346 -0.706346
    outer loop
      vertex -35 31.99 22
      vertex -35 30 23.99
      vertex -35.5195 30 23.9559
    endloop
  endfacet
  facet normal -0.532285 -0.706358 0.466616
    outer loop
      vertex -32.1786 30 17.1786
      vertex -31.8354 30 17.5701
      vertex -33.5858 31.99 18.5858
    endloop
  endfacet
  facet normal -0.694266 -0.706336 0.138146
    outer loop
      vertex -31.146 30 18.9673
      vertex -31.0444 30 19.4779
      vertex -33.0681 31.99 19.4824
    endloop
  endfacet
  facet normal -0.588601 -0.706352 0.393212
    outer loop
      vertex -33.4133 31.99 18.7825
      vertex -31.5446 30 18.005
      vertex -33.268 31.99 19
    endloop
  endfacet
  facet normal -0.588618 -0.706356 0.39318
    outer loop
      vertex -31.5446 30 18.005
      vertex -33.4133 31.99 18.7825
      vertex -31.8345 30 17.571
    endloop
  endfacet
  facet normal 0.138043 -0.706346 0.694276
    outer loop
      vertex -35.5221 30 16.0444
      vertex -35.2611 31.99 18.0171
      vertex -35.5176 31.99 18.0681
    endloop
  endfacet
  facet normal 0.159365 -0.705479 0.690581
    outer loop
      vertex -35.2611 31.99 18.0171
      vertex -35.5221 30 16.0444
      vertex -35.5208 30 16.0441
    endloop
  endfacet
  facet normal 0.466616 -0.706358 0.532285
    outer loop
      vertex -37.4299 30 16.8354
      vertex -36.4142 31.99 18.5858
      vertex -37.8214 30 17.1786
    endloop
  endfacet
  facet normal 0.393182 -0.706353 -0.58862
    outer loop
      vertex -37.429 30 23.1655
      vertex -36 31.99 21.732
      vertex -36.995 30 23.4554
    endloop
  endfacet
  facet normal 0.39321 -0.706357 -0.588597
    outer loop
      vertex -36 31.99 21.732
      vertex -37.429 30 23.1655
      vertex -36.2175 31.99 21.5867
    endloop
  endfacet
  facet normal 0.706351 -0.706351 0.0462289
    outer loop
      vertex -38.956 30 19.4805
      vertex -37 31.99 20
      vertex -38.99 30 20
    endloop
  endfacet
  facet normal -0.706346 -0.706346 -0.0463646
    outer loop
      vertex -31.01 30 20
      vertex -31.0441 30 20.5195
      vertex -33 31.99 20
    endloop
  endfacet
  facet normal -0.694266 -0.706336 -0.138146
    outer loop
      vertex -31.0444 30 20.5221
      vertex -31.146 30 21.0327
      vertex -33.0681 31.99 20.5176
    endloop
  endfacet
  facet normal 0.0463646 -0.706346 0.706346
    outer loop
      vertex -35 30 16.01
      vertex -35 31.99 18
      vertex -35.5195 30 16.0441
    endloop
  endfacet
  facet normal -0.227477 -0.706338 0.670329
    outer loop
      vertex -33.9673 30 16.146
      vertex -33.4743 30 16.3133
      vertex -34.4824 31.99 18.0681
    endloop
  endfacet
  facet normal 0.138146 -0.706336 -0.694266
    outer loop
      vertex -35.5176 31.99 21.9319
      vertex -35.5221 30 23.9556
      vertex -36.0327 30 23.854
    endloop
  endfacet
  facet normal 0.532285 -0.706358 0.466616
    outer loop
      vertex -37.8214 30 17.1786
      vertex -36.4142 31.99 18.5858
      vertex -38.1646 30 17.5701
    endloop
  endfacet
  facet normal 0.502135 -0.704074 0.502135
    outer loop
      vertex -38.1646 30 17.5701
      vertex -36.5867 31.99 18.7825
      vertex -38.1655 30 17.571
    endloop
  endfacet
  facet normal 0.532205 -0.706345 0.466728
    outer loop
      vertex -36.5867 31.99 18.7825
      vertex -38.1646 30 17.5701
      vertex -36.4142 31.99 18.5858
    endloop
  endfacet
  facet normal -0.313148 -0.70634 -0.63484
    outer loop
      vertex -34.2346 31.99 21.8478
      vertex -33.005 30 23.4554
      vertex -33.4731 30 23.6863
    endloop
  endfacet
  facet normal -0.313311 -0.706359 -0.634739
    outer loop
      vertex -33.005 30 23.4554
      vertex -34.2346 31.99 21.8478
      vertex -34 31.99 21.732
    endloop
  endfacet
  facet normal -0.0462613 -0.706336 0.706363
    outer loop
      vertex -34.4805 30 16.0441
      vertex -34.7389 31.99 18.0171
      vertex -35 31.99 18
    endloop
  endfacet
  facet normal 0 -0.704067 0.710134
    outer loop
      vertex -34.7389 31.99 18.0171
      vertex -34.4805 30 16.0441
      vertex -34.4792 30 16.0441
    endloop
  endfacet
  facet normal -0.0463646 -0.706346 -0.706346
    outer loop
      vertex -35 31.99 22
      vertex -34.4805 30 23.9559
      vertex -35 30 23.99
    endloop
  endfacet
  facet normal 0.670329 -0.706338 0.227477
    outer loop
      vertex -38.6867 30 18.4743
      vertex -36.9319 31.99 19.4824
      vertex -38.854 30 18.9673
    endloop
  endfacet
  facet normal 0.694266 -0.706336 -0.138146
    outer loop
      vertex -36.9319 31.99 20.5176
      vertex -38.854 30 21.0327
      vertex -38.9556 30 20.5221
    endloop
  endfacet
  facet normal -0.466616 -0.706358 0.532285
    outer loop
      vertex -32.5701 30 16.8354
      vertex -32.1786 30 17.1786
      vertex -33.5858 31.99 18.5858
    endloop
  endfacet
  facet normal 0.67167 -0.70621 -0.22389
    outer loop
      vertex -38.6867 30 21.5257
      vertex -36.8478 31.99 20.7654
      vertex -38.6863 30 21.5269
    endloop
  endfacet
  facet normal 0.67032 -0.70634 -0.227497
    outer loop
      vertex -36.8478 31.99 20.7654
      vertex -38.6867 30 21.5257
      vertex -36.9319 31.99 20.5176
    endloop
  endfacet
  facet normal 0.705537 -0.706592 -0.0542721
    outer loop
      vertex -38.956 30 20.5195
      vertex -36.9829 31.99 20.2611
      vertex -38.9559 30 20.5208
    endloop
  endfacet
  facet normal 0.706346 -0.706354 -0.0462601
    outer loop
      vertex -36.9829 31.99 20.2611
      vertex -38.956 30 20.5195
      vertex -37 31.99 20
    endloop
  endfacet
  facet normal -0.670329 -0.706338 -0.227477
    outer loop
      vertex -31.146 30 21.0327
      vertex -31.3133 30 21.5257
      vertex -33.0681 31.99 20.5176
    endloop
  endfacet
  facet normal 0.313148 -0.70634 -0.63484
    outer loop
      vertex -36.995 30 23.4554
      vertex -35.7654 31.99 21.8478
      vertex -36.5269 30 23.6863
    endloop
  endfacet
  facet normal 0.313311 -0.706359 -0.634739
    outer loop
      vertex -35.7654 31.99 21.8478
      vertex -36.995 30 23.4554
      vertex -36 31.99 21.732
    endloop
  endfacet
  facet normal -0.634761 -0.706334 0.313322
    outer loop
      vertex -33.268 31.99 19
      vertex -31.3137 30 18.4731
      vertex -33.1522 31.99 19.2346
    endloop
  endfacet
  facet normal -0.634829 -0.706352 0.313143
    outer loop
      vertex -31.3137 30 18.4731
      vertex -33.268 31.99 19
      vertex -31.5446 30 18.005
    endloop
  endfacet
  facet normal 0.532285 -0.706358 -0.466616
    outer loop
      vertex -36.4142 31.99 21.4142
      vertex -37.8214 30 22.8214
      vertex -38.1646 30 22.4299
    endloop
  endfacet
  facet normal 0.313311 -0.706359 0.634739
    outer loop
      vertex -36.995 30 16.5446
      vertex -35.7654 31.99 18.1522
      vertex -36 31.99 18.268
    endloop
  endfacet
  facet normal 0.313148 -0.70634 0.63484
    outer loop
      vertex -35.7654 31.99 18.1522
      vertex -36.995 30 16.5446
      vertex -36.5269 30 16.3137
    endloop
  endfacet
  facet normal 0.706346 -0.706354 0.0462601
    outer loop
      vertex -38.956 30 19.4805
      vertex -36.9829 31.99 19.7389
      vertex -37 31.99 20
    endloop
  endfacet
  facet normal 0.705537 -0.706592 0.0542721
    outer loop
      vertex -36.9829 31.99 19.7389
      vertex -38.956 30 19.4805
      vertex -38.9559 30 19.4792
    endloop
  endfacet
  facet normal -0.39321 -0.706357 0.588597
    outer loop
      vertex -34 31.99 18.268
      vertex -32.571 30 16.8345
      vertex -33.7825 31.99 18.4133
    endloop
  endfacet
  facet normal -0.393182 -0.706353 0.58862
    outer loop
      vertex -32.571 30 16.8345
      vertex -34 31.99 18.268
      vertex -33.005 30 16.5446
    endloop
  endfacet
  facet normal -0.67167 -0.70621 -0.22389
    outer loop
      vertex -33.1522 31.99 20.7654
      vertex -31.3133 30 21.5257
      vertex -31.3137 30 21.5269
    endloop
  endfacet
  facet normal -0.67032 -0.70634 -0.227497
    outer loop
      vertex -31.3133 30 21.5257
      vertex -33.1522 31.99 20.7654
      vertex -33.0681 31.99 20.5176
    endloop
  endfacet
  facet normal 0.502135 -0.704074 -0.502135
    outer loop
      vertex -37.4299 30 23.1646
      vertex -36.2175 31.99 21.5867
      vertex -37.429 30 23.1655
    endloop
  endfacet
  facet normal 0.466728 -0.706345 -0.532205
    outer loop
      vertex -36.2175 31.99 21.5867
      vertex -37.4299 30 23.1646
      vertex -36.4142 31.99 21.4142
    endloop
  endfacet
  facet normal 0.694266 -0.706336 0.138146
    outer loop
      vertex -38.854 30 18.9673
      vertex -36.9319 31.99 19.4824
      vertex -38.9556 30 19.4779
    endloop
  endfacet
  facet normal 0 -0.704067 -0.710134
    outer loop
      vertex -35.2611 31.99 21.9829
      vertex -35.5195 30 23.9559
      vertex -35.5208 30 23.9559
    endloop
  endfacet
  facet normal 0.0462613 -0.706336 -0.706363
    outer loop
      vertex -35.5195 30 23.9559
      vertex -35.2611 31.99 21.9829
      vertex -35 31.99 22
    endloop
  endfacet
  facet normal 0.39321 -0.706357 0.588597
    outer loop
      vertex -37.429 30 16.8345
      vertex -36 31.99 18.268
      vertex -36.2175 31.99 18.4133
    endloop
  endfacet
  facet normal 0.393182 -0.706353 0.58862
    outer loop
      vertex -36 31.99 18.268
      vertex -37.429 30 16.8345
      vertex -36.995 30 16.5446
    endloop
  endfacet
  facet normal 0.67032 -0.70634 0.227497
    outer loop
      vertex -38.6867 30 18.4743
      vertex -36.8478 31.99 19.2346
      vertex -36.9319 31.99 19.4824
    endloop
  endfacet
  facet normal 0.67167 -0.70621 0.22389
    outer loop
      vertex -36.8478 31.99 19.2346
      vertex -38.6867 30 18.4743
      vertex -38.6863 30 18.4731
    endloop
  endfacet
  facet normal -0.138146 -0.706336 -0.694266
    outer loop
      vertex -33.9673 30 23.854
      vertex -34.4779 30 23.9556
      vertex -34.4824 31.99 21.9319
    endloop
  endfacet
  facet normal -0.138043 -0.706346 0.694276
    outer loop
      vertex -34.7389 31.99 18.0171
      vertex -34.4779 30 16.0444
      vertex -34.4824 31.99 18.0681
    endloop
  endfacet
  facet normal -0.159365 -0.705479 0.690581
    outer loop
      vertex -34.4779 30 16.0444
      vertex -34.7389 31.99 18.0171
      vertex -34.4792 30 16.0441
    endloop
  endfacet
  facet normal -0.466728 -0.706345 0.532205
    outer loop
      vertex -33.7825 31.99 18.4133
      vertex -32.5701 30 16.8354
      vertex -33.5858 31.99 18.5858
    endloop
  endfacet
  facet normal -0.502135 -0.704074 0.502135
    outer loop
      vertex -32.5701 30 16.8354
      vertex -33.7825 31.99 18.4133
      vertex -32.571 30 16.8345
    endloop
  endfacet
  facet normal 0.22389 -0.70621 -0.67167
    outer loop
      vertex -35.7654 31.99 21.8478
      vertex -36.5257 30 23.6867
      vertex -36.5269 30 23.6863
    endloop
  endfacet
  facet normal 0.227497 -0.70634 -0.67032
    outer loop
      vertex -36.5257 30 23.6867
      vertex -35.7654 31.99 21.8478
      vertex -35.5176 31.99 21.9319
    endloop
  endfacet
  facet normal -0.670329 -0.706338 0.227477
    outer loop
      vertex -31.3133 30 18.4743
      vertex -31.146 30 18.9673
      vertex -33.0681 31.99 19.4824
    endloop
  endfacet
  facet normal -0.67032 -0.70634 0.227497
    outer loop
      vertex -33.1522 31.99 19.2346
      vertex -31.3133 30 18.4743
      vertex -33.0681 31.99 19.4824
    endloop
  endfacet
  facet normal -0.67167 -0.70621 0.22389
    outer loop
      vertex -31.3133 30 18.4743
      vertex -33.1522 31.99 19.2346
      vertex -31.3137 30 18.4731
    endloop
  endfacet
  facet normal -0.532285 -0.706358 -0.466616
    outer loop
      vertex -31.8354 30 22.4299
      vertex -32.1786 30 22.8214
      vertex -33.5858 31.99 21.4142
    endloop
  endfacet
  facet normal -0.532205 -0.706345 0.466728
    outer loop
      vertex -31.8354 30 17.5701
      vertex -33.4133 31.99 18.7825
      vertex -33.5858 31.99 18.5858
    endloop
  endfacet
  facet normal -0.502135 -0.704074 0.502135
    outer loop
      vertex -33.4133 31.99 18.7825
      vertex -31.8354 30 17.5701
      vertex -31.8345 30 17.571
    endloop
  endfacet
  facet normal -0.227477 -0.706338 -0.670329
    outer loop
      vertex -33.4743 30 23.6867
      vertex -33.9673 30 23.854
      vertex -34.4824 31.99 21.9319
    endloop
  endfacet
  facet normal -0.0462613 -0.706336 -0.706363
    outer loop
      vertex -34.7389 31.99 21.9829
      vertex -34.4805 30 23.9559
      vertex -35 31.99 22
    endloop
  endfacet
  facet normal 0 -0.704067 -0.710134
    outer loop
      vertex -34.4805 30 23.9559
      vertex -34.7389 31.99 21.9829
      vertex -34.4792 30 23.9559
    endloop
  endfacet
  facet normal 0.466616 -0.706358 -0.532285
    outer loop
      vertex -36.4142 31.99 21.4142
      vertex -37.4299 30 23.1646
      vertex -37.8214 30 22.8214
    endloop
  endfacet
  facet normal -0.694276 -0.706346 -0.138043
    outer loop
      vertex -33.0171 31.99 20.2611
      vertex -31.0444 30 20.5221
      vertex -33.0681 31.99 20.5176
    endloop
  endfacet
  facet normal -0.690581 -0.705479 -0.159365
    outer loop
      vertex -31.0444 30 20.5221
      vertex -33.0171 31.99 20.2611
      vertex -31.0441 30 20.5208
    endloop
  endfacet
  facet normal -0.710134 -0.704067 0
    outer loop
      vertex -33.0171 31.99 20.2611
      vertex -31.0441 30 20.5195
      vertex -31.0441 30 20.5208
    endloop
  endfacet
  facet normal -0.706363 -0.706336 -0.0462613
    outer loop
      vertex -31.0441 30 20.5195
      vertex -33.0171 31.99 20.2611
      vertex -33 31.99 20
    endloop
  endfacet
  facet normal 0.634761 -0.706334 0.313322
    outer loop
      vertex -38.6863 30 18.4731
      vertex -36.732 31.99 19
      vertex -36.8478 31.99 19.2346
    endloop
  endfacet
  facet normal 0.634829 -0.706352 0.313143
    outer loop
      vertex -36.732 31.99 19
      vertex -38.6863 30 18.4731
      vertex -38.4554 30 18.005
    endloop
  endfacet
  facet normal 0.670329 -0.706338 -0.227477
    outer loop
      vertex -36.9319 31.99 20.5176
      vertex -38.6867 30 21.5257
      vertex -38.854 30 21.0327
    endloop
  endfacet
  facet normal 0 -0.704067 0.710134
    outer loop
      vertex -35.5195 30 16.0441
      vertex -35.2611 31.99 18.0171
      vertex -35.5208 30 16.0441
    endloop
  endfacet
  facet normal 0.0462613 -0.706336 0.706363
    outer loop
      vertex -35.2611 31.99 18.0171
      vertex -35.5195 30 16.0441
      vertex -35 31.99 18
    endloop
  endfacet
  facet normal 0.634829 -0.706352 -0.313143
    outer loop
      vertex -38.6863 30 21.5269
      vertex -36.732 31.99 21
      vertex -38.4554 30 21.995
    endloop
  endfacet
  facet normal 0.634761 -0.706334 -0.313322
    outer loop
      vertex -36.732 31.99 21
      vertex -38.6863 30 21.5269
      vertex -36.8478 31.99 20.7654
    endloop
  endfacet
  facet normal 0.138146 -0.706336 0.694266
    outer loop
      vertex -35.5221 30 16.0444
      vertex -35.5176 31.99 18.0681
      vertex -36.0327 30 16.146
    endloop
  endfacet
  facet normal 0.690581 -0.705479 -0.159365
    outer loop
      vertex -36.9829 31.99 20.2611
      vertex -38.9556 30 20.5221
      vertex -38.9559 30 20.5208
    endloop
  endfacet
  facet normal 0.694276 -0.706346 -0.138043
    outer loop
      vertex -38.9556 30 20.5221
      vertex -36.9829 31.99 20.2611
      vertex -36.9319 31.99 20.5176
    endloop
  endfacet
  facet normal 0.227477 -0.706338 0.670329
    outer loop
      vertex -36.0327 30 16.146
      vertex -35.5176 31.99 18.0681
      vertex -36.5257 30 16.3133
    endloop
  endfacet
  facet normal 0.22389 -0.70621 0.67167
    outer loop
      vertex -36.5257 30 16.3133
      vertex -35.7654 31.99 18.1522
      vertex -36.5269 30 16.3137
    endloop
  endfacet
  facet normal 0.227497 -0.70634 0.67032
    outer loop
      vertex -35.7654 31.99 18.1522
      vertex -36.5257 30 16.3133
      vertex -35.5176 31.99 18.0681
    endloop
  endfacet
  facet normal 0.227477 -0.706338 -0.670329
    outer loop
      vertex -35.5176 31.99 21.9319
      vertex -36.0327 30 23.854
      vertex -36.5257 30 23.6867
    endloop
  endfacet
  facet normal -0.393182 -0.706353 -0.58862
    outer loop
      vertex -34 31.99 21.732
      vertex -32.571 30 23.1655
      vertex -33.005 30 23.4554
    endloop
  endfacet
  facet normal -0.39321 -0.706357 -0.588597
    outer loop
      vertex -32.571 30 23.1655
      vertex -34 31.99 21.732
      vertex -33.7825 31.99 21.5867
    endloop
  endfacet
  facet normal -0.502135 -0.704074 -0.502135
    outer loop
      vertex -33.7825 31.99 21.5867
      vertex -32.5701 30 23.1646
      vertex -32.571 30 23.1655
    endloop
  endfacet
  facet normal -0.466728 -0.706345 -0.532205
    outer loop
      vertex -32.5701 30 23.1646
      vertex -33.7825 31.99 21.5867
      vertex -33.5858 31.99 21.4142
    endloop
  endfacet
  facet normal 0.690581 -0.705479 0.159365
    outer loop
      vertex -38.9556 30 19.4779
      vertex -36.9829 31.99 19.7389
      vertex -38.9559 30 19.4792
    endloop
  endfacet
  facet normal 0.694276 -0.706346 0.138043
    outer loop
      vertex -36.9829 31.99 19.7389
      vertex -38.9556 30 19.4779
      vertex -36.9319 31.99 19.4824
    endloop
  endfacet
  facet normal -0.588618 -0.706356 -0.39318
    outer loop
      vertex -33.4133 31.99 21.2175
      vertex -31.5446 30 21.995
      vertex -31.8345 30 22.429
    endloop
  endfacet
  facet normal -0.588601 -0.706352 -0.393212
    outer loop
      vertex -31.5446 30 21.995
      vertex -33.4133 31.99 21.2175
      vertex -33.268 31.99 21
    endloop
  endfacet
  facet normal 0.588601 -0.706352 0.393212
    outer loop
      vertex -38.4554 30 18.005
      vertex -36.5867 31.99 18.7825
      vertex -36.732 31.99 19
    endloop
  endfacet
  facet normal 0.588618 -0.706356 0.39318
    outer loop
      vertex -36.5867 31.99 18.7825
      vertex -38.4554 30 18.005
      vertex -38.1655 30 17.571
    endloop
  endfacet
  facet normal -0.227497 -0.70634 0.67032
    outer loop
      vertex -33.4743 30 16.3133
      vertex -34.2346 31.99 18.1522
      vertex -34.4824 31.99 18.0681
    endloop
  endfacet
  facet normal -0.22389 -0.70621 0.67167
    outer loop
      vertex -34.2346 31.99 18.1522
      vertex -33.4743 30 16.3133
      vertex -33.4731 30 16.3137
    endloop
  endfacet
  facet normal -0.313311 -0.706359 0.634739
    outer loop
      vertex -34.2346 31.99 18.1522
      vertex -33.005 30 16.5446
      vertex -34 31.99 18.268
    endloop
  endfacet
  facet normal -0.313148 -0.70634 0.63484
    outer loop
      vertex -33.005 30 16.5446
      vertex -34.2346 31.99 18.1522
      vertex -33.4731 30 16.3137
    endloop
  endfacet
  facet normal -0.466616 -0.706358 -0.532285
    outer loop
      vertex -32.1786 30 22.8214
      vertex -32.5701 30 23.1646
      vertex -33.5858 31.99 21.4142
    endloop
  endfacet
  facet normal 0.588618 -0.706356 -0.39318
    outer loop
      vertex -38.4554 30 21.995
      vertex -36.5867 31.99 21.2175
      vertex -38.1655 30 22.429
    endloop
  endfacet
  facet normal 0.588601 -0.706352 -0.393212
    outer loop
      vertex -36.5867 31.99 21.2175
      vertex -38.4554 30 21.995
      vertex -36.732 31.99 21
    endloop
  endfacet
  facet normal -0.634829 -0.706352 -0.313143
    outer loop
      vertex -33.268 31.99 21
      vertex -31.3137 30 21.5269
      vertex -31.5446 30 21.995
    endloop
  endfacet
  facet normal -0.634761 -0.706334 -0.313322
    outer loop
      vertex -31.3137 30 21.5269
      vertex -33.268 31.99 21
      vertex -33.1522 31.99 20.7654
    endloop
  endfacet
  facet normal -0.694276 -0.706346 0.138043
    outer loop
      vertex -31.0444 30 19.4779
      vertex -33.0171 31.99 19.7389
      vertex -33.0681 31.99 19.4824
    endloop
  endfacet
  facet normal -0.690581 -0.705479 0.159365
    outer loop
      vertex -33.0171 31.99 19.7389
      vertex -31.0444 30 19.4779
      vertex -31.0441 30 19.4792
    endloop
  endfacet
  facet normal -0.227497 -0.70634 -0.67032
    outer loop
      vertex -34.2346 31.99 21.8478
      vertex -33.4743 30 23.6867
      vertex -34.4824 31.99 21.9319
    endloop
  endfacet
  facet normal -0.22389 -0.70621 -0.67167
    outer loop
      vertex -33.4743 30 23.6867
      vertex -34.2346 31.99 21.8478
      vertex -33.4731 30 23.6863
    endloop
  endfacet
  facet normal 0.159365 -0.705479 -0.690581
    outer loop
      vertex -35.5221 30 23.9556
      vertex -35.2611 31.99 21.9829
      vertex -35.5208 30 23.9559
    endloop
  endfacet
  facet normal 0.138043 -0.706346 -0.694276
    outer loop
      vertex -35.2611 31.99 21.9829
      vertex -35.5221 30 23.9556
      vertex -35.5176 31.99 21.9319
    endloop
  endfacet
  facet normal -0.706363 -0.706336 0.0462613
    outer loop
      vertex -33.0171 31.99 19.7389
      vertex -31.0441 30 19.4805
      vertex -33 31.99 20
    endloop
  endfacet
  facet normal -0.710134 -0.704067 -0
    outer loop
      vertex -31.0441 30 19.4805
      vertex -33.0171 31.99 19.7389
      vertex -31.0441 30 19.4792
    endloop
  endfacet
  facet normal 0 0 -1
    outer loop
      vertex 48.9999 0 0
      vertex 51 2.00006 0
      vertex 50.9829 1.73889 0
    endloop
  endfacet
  facet normal 0 0 -1
    outer loop
      vertex 51 2.00006 0
      vertex 44.8637 8.96472 0
      vertex 51 13.9999 0
    endloop
  endfacet
  facet normal 0 0 -1
    outer loop
      vertex 48.9999 0 0
      vertex 50.9829 1.73889 0
      vertex 50.9319 1.48238 0
    endloop
  endfacet
  facet normal 0 -0 -1
    outer loop
      vertex 44.9658 9.47789 0
      vertex 51 13.9999 0
      vertex 44.8637 8.96472 0
    endloop
  endfacet
  facet normal 0 0 -1
    outer loop
      vertex 48.9999 0 0
      vertex 50.9319 1.48238 0
      vertex 50.8477 1.2346 0
    endloop
  endfacet
  facet normal 0 0 -1
    outer loop
      vertex 45 13.9999 0
      vertex 51 13.9999 0
      vertex 45 10 0
    endloop
  endfacet
  facet normal 0 0 -1
    outer loop
      vertex 48.9999 0 0
      vertex 50.8477 1.2346 0
      vertex 50.7321 1.00005 0
    endloop
  endfacet
  facet normal 0 -0 -1
    outer loop
      vertex 48.9999 16 0
      vertex 51 13.9999 0
      vertex 45 13.9999 0
    endloop
  endfacet
  facet normal 0 0 -1
    outer loop
      vertex 48.9999 0 0
      vertex 50.7321 1.00005 0
      vertex 50.5867 0.782471 0
    endloop
  endfacet
  facet normal 0 0 -1
    outer loop
      vertex 51 13.9999 0
      vertex 48.9999 16 0
      vertex 50.9829 14.2611 0
    endloop
  endfacet
  facet normal 0 0 -1
    outer loop
      vertex 48.9999 0 0
      vertex 50.5867 0.782471 0
      vertex 50.4142 0.585785 0
    endloop
  endfacet
  facet normal 0 0 -1
    outer loop
      vertex 50.9829 14.2611 0
      vertex 48.9999 16 0
      vertex 50.9319 14.5176 0
    endloop
  endfacet
  facet normal 0 0 -1
    outer loop
      vertex 48.9999 0 0
      vertex 50.4142 0.585785 0
      vertex 50.2175 0.4133 0
    endloop
  endfacet
  facet normal 0 0 -1
    outer loop
      vertex 50.9319 14.5176 0
      vertex 48.9999 16 0
      vertex 50.8477 14.7654 0
    endloop
  endfacet
  facet normal 0 0 -1
    outer loop
      vertex 48.9999 0 0
      vertex 50.2175 0.4133 0
      vertex 50 0.267914 0
    endloop
  endfacet
  facet normal 0 0 -1
    outer loop
      vertex 50.8477 14.7654 0
      vertex 48.9999 16 0
      vertex 50.7321 15 0
    endloop
  endfacet
  facet normal 0 0 -1
    outer loop
      vertex 48.9999 0 0
      vertex 50 0.267914 0
      vertex 49.7654 0.152252 0
    endloop
  endfacet
  facet normal 0 0 -1
    outer loop
      vertex 50.7321 15 0
      vertex 48.9999 16 0
      vertex 50.5867 15.2175 0
    endloop
  endfacet
  facet normal 0 0 -1
    outer loop
      vertex 48.9999 0 0
      vertex 49.7654 0.152252 0
      vertex 49.5176 0.0681458 0
    endloop
  endfacet
  facet normal 0 0 -1
    outer loop
      vertex 50.5867 15.2175 0
      vertex 48.9999 16 0
      vertex 50.4142 15.4142 0
    endloop
  endfacet
  facet normal 0 0 -1
    outer loop
      vertex 48.9999 0 0
      vertex 49.5176 0.0681458 0
      vertex 49.2611 0.0171204 0
    endloop
  endfacet
  facet normal 0 0 -1
    outer loop
      vertex 50.2175 15.5867 0
      vertex 48.9999 16 0
      vertex 50 15.7321 0
    endloop
  endfacet
  facet normal -0 0 -1
    outer loop
      vertex 51 2.00006 0
      vertex 48.9999 0 0
      vertex 43.8284 7.17157 0
    endloop
  endfacet
  facet normal 0 0 -1
    outer loop
      vertex 50 15.7321 0
      vertex 48.9999 16 0
      vertex 49.7654 15.8477 0
    endloop
  endfacet
  facet normal 0 0 -1
    outer loop
      vertex 49.7654 15.8477 0
      vertex 48.9999 16 0
      vertex 49.5176 15.9319 0
    endloop
  endfacet
  facet normal 0 0 -1
    outer loop
      vertex 50.4142 15.4142 0
      vertex 48.9999 16 0
      vertex 50.2175 15.5867 0
    endloop
  endfacet
  facet normal -0 0 -1
    outer loop
      vertex 48.9999 16 0
      vertex 45 13.9999 0
      vertex 47.0001 16 0
    endloop
  endfacet
  facet normal 0 0 -1
    outer loop
      vertex 47.0001 16 0
      vertex 45 13.9999 0
      vertex 46.7389 15.9829 0
    endloop
  endfacet
  facet normal 0 0 -1
    outer loop
      vertex 46.7389 15.9829 0
      vertex 45 13.9999 0
      vertex 46.4824 15.9319 0
    endloop
  endfacet
  facet normal 0 0 -1
    outer loop
      vertex 46.4824 15.9319 0
      vertex 45 13.9999 0
      vertex 46.2346 15.8477 0
    endloop
  endfacet
  facet normal 0 0 -1
    outer loop
      vertex 46.2346 15.8477 0
      vertex 45 13.9999 0
      vertex 46 15.7321 0
    endloop
  endfacet
  facet normal 0 0 -1
    outer loop
      vertex 46 15.7321 0
      vertex 45 13.9999 0
      vertex 45.7825 15.5867 0
    endloop
  endfacet
  facet normal 0 0 -1
    outer loop
      vertex 45.7825 15.5867 0
      vertex 45 13.9999 0
      vertex 45.5858 15.4142 0
    endloop
  endfacet
  facet normal 0 0 -1
    outer loop
      vertex 45.5858 15.4142 0
      vertex 45 13.9999 0
      vertex 45.4133 15.2175 0
    endloop
  endfacet
  facet normal 0 0 -1
    outer loop
      vertex 45.4133 15.2175 0
      vertex 45 13.9999 0
      vertex 45.2679 15 0
    endloop
  endfacet
  facet normal 0 0 -1
    outer loop
      vertex 45.2679 15 0
      vertex 45 13.9999 0
      vertex 45.1523 14.7654 0
    endloop
  endfacet
  facet normal 0 0 -1
    outer loop
      vertex 45.1523 14.7654 0
      vertex 45 13.9999 0
      vertex 45.0681 14.5176 0
    endloop
  endfacet
  facet normal 0 0 -1
    outer loop
      vertex 49.5176 15.9319 0
      vertex 48.9999 16 0
      vertex 49.2611 15.9829 0
    endloop
  endfacet
  facet normal 0 -0 -1
    outer loop
      vertex 45 10 0
      vertex 51 13.9999 0
      vertex 44.9658 9.47789 0
    endloop
  endfacet
  facet normal 0 0 -1
    outer loop
      vertex 51 2.00006 0
      vertex 44.6955 8.46927 0
      vertex 44.8637 8.96472 0
    endloop
  endfacet
  facet normal 0 0 -1
    outer loop
      vertex 51 2.00006 0
      vertex 44.4641 8 0
      vertex 44.6955 8.46927 0
    endloop
  endfacet
  facet normal 0 0 -1
    outer loop
      vertex 51 2.00006 0
      vertex 44.1734 7.56496 0
      vertex 44.4641 8 0
    endloop
  endfacet
  facet normal 0 0 -1
    outer loop
      vertex 51 2.00006 0
      vertex 43.8284 7.17157 0
      vertex 44.1734 7.56496 0
    endloop
  endfacet
  facet normal 0 0 -1
    outer loop
      vertex 48.9999 0 0
      vertex 43.435 6.82658 0
      vertex 43.8284 7.17157 0
    endloop
  endfacet
  facet normal 0 0 -1
    outer loop
      vertex 48.9999 0 0
      vertex 43 6.5359 0
      vertex 43.435 6.82658 0
    endloop
  endfacet
  facet normal 0 0 -1
    outer loop
      vertex 48.9999 0 0
      vertex 42.5307 6.30449 0
      vertex 43 6.5359 0
    endloop
  endfacet
  facet normal 0 0 -1
    outer loop
      vertex 48.9999 0 0
      vertex 42.0353 6.13629 0
      vertex 42.5307 6.30449 0
    endloop
  endfacet
  facet normal 0 0 -1
    outer loop
      vertex 48.9999 0 0
      vertex 41.5221 6.03423 0
      vertex 42.0353 6.13629 0
    endloop
  endfacet
  facet normal 0 0 -1
    outer loop
      vertex 48.9999 0 0
      vertex 41 6 0
      vertex 41.5221 6.03423 0
    endloop
  endfacet
  facet normal 0 0 -1
    outer loop
      vertex 48.9999 0 0
      vertex 10 6 0
      vertex 41 6 0
    endloop
  endfacet
  facet normal 0 0 -1
    outer loop
      vertex 2.00006 0 0
      vertex 10 6 0
      vertex 48.9999 0 0
    endloop
  endfacet
  facet normal 0 0 -1
    outer loop
      vertex 0 26 0
      vertex 6 33.9999 0
      vertex 6 10 0
    endloop
  endfacet
  facet normal 0 0 -1
    outer loop
      vertex -0.0342255 26.5221 0
      vertex 6 33.9999 0
      vertex 0 26 0
    endloop
  endfacet
  facet normal 0 0 -1
    outer loop
      vertex -0.136292 27.0353 0
      vertex 6 33.9999 0
      vertex -0.0342255 26.5221 0
    endloop
  endfacet
  facet normal 0 0 -1
    outer loop
      vertex -0.304489 27.5307 0
      vertex 6 33.9999 0
      vertex -0.136292 27.0353 0
    endloop
  endfacet
  facet normal 0 0 -1
    outer loop
      vertex -0.535904 28 0
      vertex 6 33.9999 0
      vertex -0.304489 27.5307 0
    endloop
  endfacet
  facet normal 0 0 -1
    outer loop
      vertex -0.826584 28.435 0
      vertex 6 33.9999 0
      vertex -0.535904 28 0
    endloop
  endfacet
  facet normal 0 0 -1
    outer loop
      vertex -1.17157 28.8284 0
      vertex 6 33.9999 0
      vertex -0.826584 28.435 0
    endloop
  endfacet
  facet normal 0 -0 -1
    outer loop
      vertex 3.99994 36 0
      vertex 6 33.9999 0
      vertex -1.17157 28.8284 0
    endloop
  endfacet
  facet normal 0 0 -1
    outer loop
      vertex 6 33.9999 0
      vertex 3.99994 36 0
      vertex 5.98288 34.2611 0
    endloop
  endfacet
  facet normal 0 0 -1
    outer loop
      vertex 5.93185 34.5176 0
      vertex 3.99994 36 0
      vertex 5.84775 34.7654 0
    endloop
  endfacet
  facet normal 0 0 -1
    outer loop
      vertex 5.84775 34.7654 0
      vertex 3.99994 36 0
      vertex 5.73209 35 0
    endloop
  endfacet
  facet normal 0 0 -1
    outer loop
      vertex 0 2.00006 0
      vertex 6 10 0
      vertex 6.03423 9.47789 0
    endloop
  endfacet
  facet normal 0 0 -1
    outer loop
      vertex 5.73209 35 0
      vertex 3.99994 36 0
      vertex 5.5867 35.2175 0
    endloop
  endfacet
  facet normal -0 0 -1
    outer loop
      vertex 10 6 0
      vertex 2.00006 0 0
      vertex 9.47789 6.03423 0
    endloop
  endfacet
  facet normal 0 0 -1
    outer loop
      vertex 2.00006 0 0
      vertex 8.96472 6.13629 0
      vertex 9.47789 6.03423 0
    endloop
  endfacet
  facet normal 0 0 -1
    outer loop
      vertex 2.00006 0 0
      vertex 8.46927 6.30449 0
      vertex 8.96472 6.13629 0
    endloop
  endfacet
  facet normal 0 0 -1
    outer loop
      vertex 2.00006 0 0
      vertex 8 6.5359 0
      vertex 8.46927 6.30449 0
    endloop
  endfacet
  facet normal 0 0 -1
    outer loop
      vertex 2.00006 0 0
      vertex 7.56496 6.82658 0
      vertex 8 6.5359 0
    endloop
  endfacet
  facet normal 0 0 -1
    outer loop
      vertex 2.00006 0 0
      vertex 7.17157 7.17157 0
      vertex 7.56496 6.82658 0
    endloop
  endfacet
  facet normal 0 0 -1
    outer loop
      vertex 0 2.00006 0
      vertex 7.17157 7.17157 0
      vertex 2.00006 0 0
    endloop
  endfacet
  facet normal -0 0 -1
    outer loop
      vertex 7.17157 7.17157 0
      vertex 0 2.00006 0
      vertex 6.82658 7.56496 0
    endloop
  endfacet
  facet normal -0 0 -1
    outer loop
      vertex 6.82658 7.56496 0
      vertex 0 2.00006 0
      vertex 6.5359 8 0
    endloop
  endfacet
  facet normal -0 0 -1
    outer loop
      vertex 6.5359 8 0
      vertex 0 2.00006 0
      vertex 6.30449 8.46927 0
    endloop
  endfacet
  facet normal -0 0 -1
    outer loop
      vertex 6.30449 8.46927 0
      vertex 0 2.00006 0
      vertex 6.13629 8.96472 0
    endloop
  endfacet
  facet normal -0 0 -1
    outer loop
      vertex 6.13629 8.96472 0
      vertex 0 2.00006 0
      vertex 6.03423 9.47789 0
    endloop
  endfacet
  facet normal 0 0 -1
    outer loop
      vertex 0 2.00006 0
      vertex 2.00006 0 0
      vertex 1.73889 0.0171204 0
    endloop
  endfacet
  facet normal 0 0 -1
    outer loop
      vertex 0 2.00006 0
      vertex 1.73889 0.0171204 0
      vertex 1.48238 0.0681458 0
    endloop
  endfacet
  facet normal 0 0 -1
    outer loop
      vertex 0 2.00006 0
      vertex 1.48238 0.0681458 0
      vertex 1.2346 0.152252 0
    endloop
  endfacet
  facet normal 0 0 -1
    outer loop
      vertex 0 2.00006 0
      vertex 1.2346 0.152252 0
      vertex 1.00005 0.267914 0
    endloop
  endfacet
  facet normal 0 0 -1
    outer loop
      vertex 0 2.00006 0
      vertex 1.00005 0.267914 0
      vertex 0.782471 0.4133 0
    endloop
  endfacet
  facet normal 0 0 -1
    outer loop
      vertex 0 2.00006 0
      vertex 0.782471 0.4133 0
      vertex 0.585785 0.585785 0
    endloop
  endfacet
  facet normal 0 0 -1
    outer loop
      vertex 0 2.00006 0
      vertex 0.585785 0.585785 0
      vertex 0.4133 0.782471 0
    endloop
  endfacet
  facet normal 0 0 -1
    outer loop
      vertex 0 2.00006 0
      vertex 0.4133 0.782471 0
      vertex 0.267914 1.00005 0
    endloop
  endfacet
  facet normal 0 0 -1
    outer loop
      vertex 0 2.00006 0
      vertex 0.267914 1.00005 0
      vertex 0.152252 1.2346 0
    endloop
  endfacet
  facet normal 0 0 -1
    outer loop
      vertex 0 2.00006 0
      vertex 0.152252 1.2346 0
      vertex 0.0681458 1.48238 0
    endloop
  endfacet
  facet normal 0 0 -1
    outer loop
      vertex 0 2.00006 0
      vertex 0.0681458 1.48238 0
      vertex 0.0171204 1.73889 0
    endloop
  endfacet
  facet normal -0 0 -1
    outer loop
      vertex 6 10 0
      vertex 0 2.00006 0
      vertex 0 26 0
    endloop
  endfacet
  facet normal 0 0 -1
    outer loop
      vertex 5.5867 35.2175 0
      vertex 3.99994 36 0
      vertex 5.41422 35.4142 0
    endloop
  endfacet
  facet normal 0 0 -1
    outer loop
      vertex 5.41422 35.4142 0
      vertex 3.99994 36 0
      vertex 5.21753 35.5867 0
    endloop
  endfacet
  facet normal 0 0 -1
    outer loop
      vertex 5.21753 35.5867 0
      vertex 3.99994 36 0
      vertex 4.99995 35.7321 0
    endloop
  endfacet
  facet normal 0 0 -1
    outer loop
      vertex 4.7654 35.8477 0
      vertex 3.99994 36 0
      vertex 4.51762 35.9319 0
    endloop
  endfacet
  facet normal 0 0 -1
    outer loop
      vertex 4.51762 35.9319 0
      vertex 3.99994 36 0
      vertex 4.26111 35.9829 0
    endloop
  endfacet
  facet normal 0 0 -1
    outer loop
      vertex 4.99995 35.7321 0
      vertex 3.99994 36 0
      vertex 4.7654 35.8477 0
    endloop
  endfacet
  facet normal 0 0 -1
    outer loop
      vertex 5.98288 34.2611 0
      vertex 3.99994 36 0
      vertex 5.93185 34.5176 0
    endloop
  endfacet
  facet normal 0 0 -1
    outer loop
      vertex -1.56496 29.1734 0
      vertex 3.99994 36 0
      vertex -1.17157 28.8284 0
    endloop
  endfacet
  facet normal 0 0 -1
    outer loop
      vertex -2 29.4641 0
      vertex 3.99994 36 0
      vertex -1.56496 29.1734 0
    endloop
  endfacet
  facet normal 0 0 -1
    outer loop
      vertex -2.46927 29.6955 0
      vertex 3.99994 36 0
      vertex -2 29.4641 0
    endloop
  endfacet
  facet normal 0 0 -1
    outer loop
      vertex -2.96472 29.8637 0
      vertex 3.99994 36 0
      vertex -2.46927 29.6955 0
    endloop
  endfacet
  facet normal 0 0 -1
    outer loop
      vertex -3.47789 29.9658 0
      vertex 3.99994 36 0
      vertex -2.96472 29.8637 0
    endloop
  endfacet
  facet normal 0 0 -1
    outer loop
      vertex -4 30 0
      vertex 3.99994 36 0
      vertex -3.47789 29.9658 0
    endloop
  endfacet
  facet normal 0 0 -1
    outer loop
      vertex -42.9999 36 0
      vertex -4 30 0
      vertex -42.9999 30 0
    endloop
  endfacet
  facet normal 0 0 -1
    outer loop
      vertex -4 30 0
      vertex -42.9999 36 0
      vertex 3.99994 36 0
    endloop
  endfacet
  facet normal 0 0 -1
    outer loop
      vertex -45 32.0001 0
      vertex -42.9999 30 0
      vertex -43.2611 30.0171 0
    endloop
  endfacet
  facet normal 0 0 -1
    outer loop
      vertex -42.9999 30 0
      vertex -45 32.0001 0
      vertex -42.9999 36 0
    endloop
  endfacet
  facet normal 0 0 -1
    outer loop
      vertex -45 32.0001 0
      vertex -43.2611 30.0171 0
      vertex -43.5176 30.0681 0
    endloop
  endfacet
  facet normal 0 0 -1
    outer loop
      vertex -45 33.9999 0
      vertex -42.9999 36 0
      vertex -45 32.0001 0
    endloop
  endfacet
  facet normal 0 0 -1
    outer loop
      vertex -45 32.0001 0
      vertex -43.5176 30.0681 0
      vertex -43.7654 30.1523 0
    endloop
  endfacet
  facet normal 0 0 -1
    outer loop
      vertex -42.9999 36 0
      vertex -45 33.9999 0
      vertex -43.2611 35.9829 0
    endloop
  endfacet
  facet normal 0 0 -1
    outer loop
      vertex -45 32.0001 0
      vertex -43.7654 30.1523 0
      vertex -44 30.2679 0
    endloop
  endfacet
  facet normal 0 0 -1
    outer loop
      vertex -43.2611 35.9829 0
      vertex -45 33.9999 0
      vertex -43.5176 35.9319 0
    endloop
  endfacet
  facet normal 0 0 -1
    outer loop
      vertex -45 32.0001 0
      vertex -44 30.2679 0
      vertex -44.2175 30.4133 0
    endloop
  endfacet
  facet normal 0 0 -1
    outer loop
      vertex -43.5176 35.9319 0
      vertex -45 33.9999 0
      vertex -43.7654 35.8477 0
    endloop
  endfacet
  facet normal 0 0 -1
    outer loop
      vertex -45 32.0001 0
      vertex -44.2175 30.4133 0
      vertex -44.4142 30.5858 0
    endloop
  endfacet
  facet normal 0 0 -1
    outer loop
      vertex -43.7654 35.8477 0
      vertex -45 33.9999 0
      vertex -44 35.7321 0
    endloop
  endfacet
  facet normal 0 0 -1
    outer loop
      vertex -45 32.0001 0
      vertex -44.4142 30.5858 0
      vertex -44.5867 30.7825 0
    endloop
  endfacet
  facet normal 0 0 -1
    outer loop
      vertex -44 35.7321 0
      vertex -45 33.9999 0
      vertex -44.2175 35.5867 0
    endloop
  endfacet
  facet normal 0 0 -1
    outer loop
      vertex -45 32.0001 0
      vertex -44.5867 30.7825 0
      vertex -44.7321 31 0
    endloop
  endfacet
  facet normal 0 0 -1
    outer loop
      vertex -44.2175 35.5867 0
      vertex -45 33.9999 0
      vertex -44.4142 35.4142 0
    endloop
  endfacet
  facet normal 0 0 -1
    outer loop
      vertex -45 32.0001 0
      vertex -44.7321 31 0
      vertex -44.8477 31.2346 0
    endloop
  endfacet
  facet normal 0 0 -1
    outer loop
      vertex -44.4142 35.4142 0
      vertex -45 33.9999 0
      vertex -44.5867 35.2175 0
    endloop
  endfacet
  facet normal 0 0 -1
    outer loop
      vertex -45 32.0001 0
      vertex -44.8477 31.2346 0
      vertex -44.9319 31.4824 0
    endloop
  endfacet
  facet normal 0 0 -1
    outer loop
      vertex -44.5867 35.2175 0
      vertex -45 33.9999 0
      vertex -44.7321 35 0
    endloop
  endfacet
  facet normal 0 0 -1
    outer loop
      vertex -45 32.0001 0
      vertex -44.9319 31.4824 0
      vertex -44.9829 31.7389 0
    endloop
  endfacet
  facet normal 0 0 -1
    outer loop
      vertex -44.7321 35 0
      vertex -45 33.9999 0
      vertex -44.8477 34.7654 0
    endloop
  endfacet
  facet normal 0 0 -1
    outer loop
      vertex -44.8477 34.7654 0
      vertex -45 33.9999 0
      vertex -44.9319 34.5176 0
    endloop
  endfacet
  facet normal 0 0 -1
    outer loop
      vertex -44.9319 34.5176 0
      vertex -45 33.9999 0
      vertex -44.9829 34.2611 0
    endloop
  endfacet
  facet normal 0 0 -1
    outer loop
      vertex 45.0681 14.5176 0
      vertex 45 13.9999 0
      vertex 45.0171 14.2611 0
    endloop
  endfacet
  facet normal 0 0 1
    outer loop
      vertex 3.99994 36 40
      vertex 6 33.9999 40
      vertex 5.98288 34.2611 40
    endloop
  endfacet
  facet normal 0 0 1
    outer loop
      vertex 48.9999 16 40
      vertex 51 13.9999 40
      vertex 50.9829 14.2611 40
    endloop
  endfacet
  facet normal 0 0 1
    outer loop
      vertex 51 13.9999 40
      vertex 44.9658 9.47789 40
      vertex 51 2.00006 40
    endloop
  endfacet
  facet normal 0 0 1
    outer loop
      vertex 48.9999 16 40
      vertex 50.9829 14.2611 40
      vertex 50.9319 14.5176 40
    endloop
  endfacet
  facet normal -0 0 1
    outer loop
      vertex 44.8637 8.96472 40
      vertex 51 2.00006 40
      vertex 44.9658 9.47789 40
    endloop
  endfacet
  facet normal 0 0 1
    outer loop
      vertex 48.9999 16 40
      vertex 50.9319 14.5176 40
      vertex 50.8477 14.7654 40
    endloop
  endfacet
  facet normal -0 0 1
    outer loop
      vertex 44.6955 8.46927 40
      vertex 51 2.00006 40
      vertex 44.8637 8.96472 40
    endloop
  endfacet
  facet normal 0 0 1
    outer loop
      vertex 48.9999 16 40
      vertex 50.8477 14.7654 40
      vertex 50.7321 15 40
    endloop
  endfacet
  facet normal -0 0 1
    outer loop
      vertex 44.4641 8 40
      vertex 51 2.00006 40
      vertex 44.6955 8.46927 40
    endloop
  endfacet
  facet normal 0 0 1
    outer loop
      vertex 48.9999 16 40
      vertex 50.7321 15 40
      vertex 50.5867 15.2175 40
    endloop
  endfacet
  facet normal -0 0 1
    outer loop
      vertex 44.1734 7.56496 40
      vertex 51 2.00006 40
      vertex 44.4641 8 40
    endloop
  endfacet
  facet normal 0 0 1
    outer loop
      vertex 48.9999 16 40
      vertex 50.5867 15.2175 40
      vertex 50.4142 15.4142 40
    endloop
  endfacet
  facet normal -0 0 1
    outer loop
      vertex 43.8284 7.17157 40
      vertex 51 2.00006 40
      vertex 44.1734 7.56496 40
    endloop
  endfacet
  facet normal 0 0 1
    outer loop
      vertex 48.9999 16 40
      vertex 50.4142 15.4142 40
      vertex 50.2175 15.5867 40
    endloop
  endfacet
  facet normal 0 -0 1
    outer loop
      vertex 48.9999 0 40
      vertex 51 2.00006 40
      vertex 43.8284 7.17157 40
    endloop
  endfacet
  facet normal 0 0 1
    outer loop
      vertex 48.9999 16 40
      vertex 50.2175 15.5867 40
      vertex 50 15.7321 40
    endloop
  endfacet
  facet normal 0 0 1
    outer loop
      vertex 51 2.00006 40
      vertex 48.9999 0 40
      vertex 50.9829 1.73889 40
    endloop
  endfacet
  facet normal 0 0 1
    outer loop
      vertex 48.9999 16 40
      vertex 50 15.7321 40
      vertex 49.7654 15.8477 40
    endloop
  endfacet
  facet normal 0 0 1
    outer loop
      vertex 50.9319 1.48238 40
      vertex 48.9999 0 40
      vertex 50.8477 1.2346 40
    endloop
  endfacet
  facet normal 0 0 1
    outer loop
      vertex 48.9999 16 40
      vertex 49.7654 15.8477 40
      vertex 49.5176 15.9319 40
    endloop
  endfacet
  facet normal 0 0 1
    outer loop
      vertex 50.8477 1.2346 40
      vertex 48.9999 0 40
      vertex 50.7321 1.00005 40
    endloop
  endfacet
  facet normal 0 0 1
    outer loop
      vertex 48.9999 16 40
      vertex 49.5176 15.9319 40
      vertex 49.2611 15.9829 40
    endloop
  endfacet
  facet normal 0 0 1
    outer loop
      vertex 50.7321 1.00005 40
      vertex 48.9999 0 40
      vertex 50.5867 0.782471 40
    endloop
  endfacet
  facet normal 0 0 1
    outer loop
      vertex 51 13.9999 40
      vertex 48.9999 16 40
      vertex 45 13.9999 40
    endloop
  endfacet
  facet normal 0 0 1
    outer loop
      vertex 50.5867 0.782471 40
      vertex 48.9999 0 40
      vertex 50.4142 0.585785 40
    endloop
  endfacet
  facet normal 0 0 1
    outer loop
      vertex 45 13.9999 40
      vertex 48.9999 16 40
      vertex 47.0001 16 40
    endloop
  endfacet
  facet normal 0 0 1
    outer loop
      vertex 45 13.9999 40
      vertex 47.0001 16 40
      vertex 46.7389 15.9829 40
    endloop
  endfacet
  facet normal 0 0 1
    outer loop
      vertex 45 13.9999 40
      vertex 46.7389 15.9829 40
      vertex 46.4824 15.9319 40
    endloop
  endfacet
  facet normal 0 0 1
    outer loop
      vertex 45 13.9999 40
      vertex 46.4824 15.9319 40
      vertex 46.2346 15.8477 40
    endloop
  endfacet
  facet normal 0 0 1
    outer loop
      vertex 45 13.9999 40
      vertex 46.2346 15.8477 40
      vertex 46 15.7321 40
    endloop
  endfacet
  facet normal 0 0 1
    outer loop
      vertex 45 13.9999 40
      vertex 46 15.7321 40
      vertex 45.7825 15.5867 40
    endloop
  endfacet
  facet normal 0 0 1
    outer loop
      vertex 45 13.9999 40
      vertex 45.7825 15.5867 40
      vertex 45.5858 15.4142 40
    endloop
  endfacet
  facet normal 0 0 1
    outer loop
      vertex 45 13.9999 40
      vertex 45.5858 15.4142 40
      vertex 45.4133 15.2175 40
    endloop
  endfacet
  facet normal 0 0 1
    outer loop
      vertex 45 13.9999 40
      vertex 45.4133 15.2175 40
      vertex 45.2679 15 40
    endloop
  endfacet
  facet normal 0 0 1
    outer loop
      vertex 45 13.9999 40
      vertex 45.2679 15 40
      vertex 45.1523 14.7654 40
    endloop
  endfacet
  facet normal 0 0 1
    outer loop
      vertex 45 13.9999 40
      vertex 45.1523 14.7654 40
      vertex 45.0681 14.5176 40
    endloop
  endfacet
  facet normal 0 0 1
    outer loop
      vertex 45 13.9999 40
      vertex 45.0681 14.5176 40
      vertex 45.0171 14.2611 40
    endloop
  endfacet
  facet normal 0 0 1
    outer loop
      vertex 51 13.9999 40
      vertex 45 13.9999 40
      vertex 45 10 40
    endloop
  endfacet
  facet normal 0 0 1
    outer loop
      vertex 51 13.9999 40
      vertex 45 10 40
      vertex 44.9658 9.47789 40
    endloop
  endfacet
  facet normal 0 0 1
    outer loop
      vertex 50.4142 0.585785 40
      vertex 48.9999 0 40
      vertex 50.2175 0.4133 40
    endloop
  endfacet
  facet normal 0 0 1
    outer loop
      vertex 50.2175 0.4133 40
      vertex 48.9999 0 40
      vertex 50 0.267914 40
    endloop
  endfacet
  facet normal 0 0 1
    outer loop
      vertex 49.7654 0.152252 40
      vertex 48.9999 0 40
      vertex 49.5176 0.0681458 40
    endloop
  endfacet
  facet normal 0 0 1
    outer loop
      vertex 49.5176 0.0681458 40
      vertex 48.9999 0 40
      vertex 49.2611 0.0171204 40
    endloop
  endfacet
  facet normal 0 0 1
    outer loop
      vertex 50 0.267914 40
      vertex 48.9999 0 40
      vertex 49.7654 0.152252 40
    endloop
  endfacet
  facet normal 0 0 1
    outer loop
      vertex 50.9829 1.73889 40
      vertex 48.9999 0 40
      vertex 50.9319 1.48238 40
    endloop
  endfacet
  facet normal -0 0 1
    outer loop
      vertex 43.435 6.82658 40
      vertex 48.9999 0 40
      vertex 43.8284 7.17157 40
    endloop
  endfacet
  facet normal -0 0 1
    outer loop
      vertex 43 6.5359 40
      vertex 48.9999 0 40
      vertex 43.435 6.82658 40
    endloop
  endfacet
  facet normal -0 0 1
    outer loop
      vertex 42.5307 6.30449 40
      vertex 48.9999 0 40
      vertex 43 6.5359 40
    endloop
  endfacet
  facet normal -0 0 1
    outer loop
      vertex 42.0353 6.13629 40
      vertex 48.9999 0 40
      vertex 42.5307 6.30449 40
    endloop
  endfacet
  facet normal -0 0 1
    outer loop
      vertex 41.5221 6.03423 40
      vertex 48.9999 0 40
      vertex 42.0353 6.13629 40
    endloop
  endfacet
  facet normal -0 0 1
    outer loop
      vertex 41 6 40
      vertex 48.9999 0 40
      vertex 41.5221 6.03423 40
    endloop
  endfacet
  facet normal -0 0 1
    outer loop
      vertex 10 6 40
      vertex 48.9999 0 40
      vertex 41 6 40
    endloop
  endfacet
  facet normal 0 0 1
    outer loop
      vertex 2.00006 0 40
      vertex 10 6 40
      vertex 9.47789 6.03423 40
    endloop
  endfacet
  facet normal 0 0 1
    outer loop
      vertex 3.99994 36 40
      vertex 5.98288 34.2611 40
      vertex 5.93185 34.5176 40
    endloop
  endfacet
  facet normal 0 0 1
    outer loop
      vertex 3.99994 36 40
      vertex 5.93185 34.5176 40
      vertex 5.84775 34.7654 40
    endloop
  endfacet
  facet normal 0 0 1
    outer loop
      vertex 3.99994 36 40
      vertex 5.84775 34.7654 40
      vertex 5.73209 35 40
    endloop
  endfacet
  facet normal 0 0 1
    outer loop
      vertex 3.99994 36 40
      vertex 5.73209 35 40
      vertex 5.5867 35.2175 40
    endloop
  endfacet
  facet normal 0 0 1
    outer loop
      vertex 3.99994 36 40
      vertex 5.5867 35.2175 40
      vertex 5.41422 35.4142 40
    endloop
  endfacet
  facet normal 0 0 1
    outer loop
      vertex 3.99994 36 40
      vertex 5.41422 35.4142 40
      vertex 5.21753 35.5867 40
    endloop
  endfacet
  facet normal 0 0 1
    outer loop
      vertex 3.99994 36 40
      vertex 5.21753 35.5867 40
      vertex 4.99995 35.7321 40
    endloop
  endfacet
  facet normal 0 0 1
    outer loop
      vertex 3.99994 36 40
      vertex 4.99995 35.7321 40
      vertex 4.7654 35.8477 40
    endloop
  endfacet
  facet normal 0 0 1
    outer loop
      vertex 3.99994 36 40
      vertex 4.7654 35.8477 40
      vertex 4.51762 35.9319 40
    endloop
  endfacet
  facet normal 0 0 1
    outer loop
      vertex 3.99994 36 40
      vertex 4.51762 35.9319 40
      vertex 4.26111 35.9829 40
    endloop
  endfacet
  facet normal 0 0 1
    outer loop
      vertex 6 33.9999 40
      vertex 0 26 40
      vertex 6 10 40
    endloop
  endfacet
  facet normal 0 0 1
    outer loop
      vertex 6 33.9999 40
      vertex 3.99994 36 40
      vertex -1.17157 28.8284 40
    endloop
  endfacet
  facet normal 0 0 1
    outer loop
      vertex 10 6 40
      vertex 2.00006 0 40
      vertex 48.9999 0 40
    endloop
  endfacet
  facet normal 0 0 1
    outer loop
      vertex 8.96472 6.13629 40
      vertex 2.00006 0 40
      vertex 9.47789 6.03423 40
    endloop
  endfacet
  facet normal 0 0 1
    outer loop
      vertex 8.46927 6.30449 40
      vertex 2.00006 0 40
      vertex 8.96472 6.13629 40
    endloop
  endfacet
  facet normal 0 0 1
    outer loop
      vertex 8 6.5359 40
      vertex 2.00006 0 40
      vertex 8.46927 6.30449 40
    endloop
  endfacet
  facet normal 0 0 1
    outer loop
      vertex 7.56496 6.82658 40
      vertex 2.00006 0 40
      vertex 8 6.5359 40
    endloop
  endfacet
  facet normal 0 0 1
    outer loop
      vertex 7.17157 7.17157 40
      vertex 2.00006 0 40
      vertex 7.56496 6.82658 40
    endloop
  endfacet
  facet normal 0 0 1
    outer loop
      vertex 0 2.00006 40
      vertex 7.17157 7.17157 40
      vertex 6.82658 7.56496 40
    endloop
  endfacet
  facet normal 0 0 1
    outer loop
      vertex 0 2.00006 40
      vertex 6.82658 7.56496 40
      vertex 6.5359 8 40
    endloop
  endfacet
  facet normal 0 0 1
    outer loop
      vertex 0 2.00006 40
      vertex 6.5359 8 40
      vertex 6.30449 8.46927 40
    endloop
  endfacet
  facet normal 0 0 1
    outer loop
      vertex 0 2.00006 40
      vertex 6.30449 8.46927 40
      vertex 6.13629 8.96472 40
    endloop
  endfacet
  facet normal 0 0 1
    outer loop
      vertex 0 2.00006 40
      vertex 6.13629 8.96472 40
      vertex 6.03423 9.47789 40
    endloop
  endfacet
  facet normal 0 0 1
    outer loop
      vertex 0 2.00006 40
      vertex 6 10 40
      vertex 0 26 40
    endloop
  endfacet
  facet normal 0 0 1
    outer loop
      vertex 6 10 40
      vertex 0 2.00006 40
      vertex 6.03423 9.47789 40
    endloop
  endfacet
  facet normal 0 0 1
    outer loop
      vertex 7.17157 7.17157 40
      vertex 0 2.00006 40
      vertex 2.00006 0 40
    endloop
  endfacet
  facet normal 0 0 1
    outer loop
      vertex 2.00006 0 40
      vertex 0 2.00006 40
      vertex 1.73889 0.0171204 40
    endloop
  endfacet
  facet normal 0 0 1
    outer loop
      vertex 1.73889 0.0171204 40
      vertex 0 2.00006 40
      vertex 1.48238 0.0681458 40
    endloop
  endfacet
  facet normal 0 0 1
    outer loop
      vertex 1.48238 0.0681458 40
      vertex 0 2.00006 40
      vertex 1.2346 0.152252 40
    endloop
  endfacet
  facet normal 0 0 1
    outer loop
      vertex 1.2346 0.152252 40
      vertex 0 2.00006 40
      vertex 1.00005 0.267914 40
    endloop
  endfacet
  facet normal 0 0 1
    outer loop
      vertex 1.00005 0.267914 40
      vertex 0 2.00006 40
      vertex 0.782471 0.4133 40
    endloop
  endfacet
  facet normal 0 0 1
    outer loop
      vertex 0.782471 0.4133 40
      vertex 0 2.00006 40
      vertex 0.585785 0.585785 40
    endloop
  endfacet
  facet normal 0 0 1
    outer loop
      vertex 0.4133 0.782471 40
      vertex 0 2.00006 40
      vertex 0.267914 1.00005 40
    endloop
  endfacet
  facet normal 0 0 1
    outer loop
      vertex 0.267914 1.00005 40
      vertex 0 2.00006 40
      vertex 0.152252 1.2346 40
    endloop
  endfacet
  facet normal 0 0 1
    outer loop
      vertex 0.152252 1.2346 40
      vertex 0 2.00006 40
      vertex 0.0681458 1.48238 40
    endloop
  endfacet
  facet normal 0 0 1
    outer loop
      vertex 0.585785 0.585785 40
      vertex 0 2.00006 40
      vertex 0.4133 0.782471 40
    endloop
  endfacet
  facet normal 0 0 1
    outer loop
      vertex 6 33.9999 40
      vertex -0.0342255 26.5221 40
      vertex 0 26 40
    endloop
  endfacet
  facet normal 0 0 1
    outer loop
      vertex 6 33.9999 40
      vertex -0.136292 27.0353 40
      vertex -0.0342255 26.5221 40
    endloop
  endfacet
  facet normal 0 0 1
    outer loop
      vertex 6 33.9999 40
      vertex -0.304489 27.5307 40
      vertex -0.136292 27.0353 40
    endloop
  endfacet
  facet normal 0 0 1
    outer loop
      vertex 6 33.9999 40
      vertex -0.535904 28 40
      vertex -0.304489 27.5307 40
    endloop
  endfacet
  facet normal 0 0 1
    outer loop
      vertex 6 33.9999 40
      vertex -0.826584 28.435 40
      vertex -0.535904 28 40
    endloop
  endfacet
  facet normal 0 0 1
    outer loop
      vertex 6 33.9999 40
      vertex -1.17157 28.8284 40
      vertex -0.826584 28.435 40
    endloop
  endfacet
  facet normal 0 0 1
    outer loop
      vertex 3.99994 36 40
      vertex -1.56496 29.1734 40
      vertex -1.17157 28.8284 40
    endloop
  endfacet
  facet normal 0 0 1
    outer loop
      vertex 3.99994 36 40
      vertex -2 29.4641 40
      vertex -1.56496 29.1734 40
    endloop
  endfacet
  facet normal 0 0 1
    outer loop
      vertex 3.99994 36 40
      vertex -2.46927 29.6955 40
      vertex -2 29.4641 40
    endloop
  endfacet
  facet normal 0 0 1
    outer loop
      vertex 3.99994 36 40
      vertex -2.96472 29.8637 40
      vertex -2.46927 29.6955 40
    endloop
  endfacet
  facet normal 0 0 1
    outer loop
      vertex 3.99994 36 40
      vertex -3.47789 29.9658 40
      vertex -2.96472 29.8637 40
    endloop
  endfacet
  facet normal 0 0 1
    outer loop
      vertex 3.99994 36 40
      vertex -4 30 40
      vertex -3.47789 29.9658 40
    endloop
  endfacet
  facet normal -0 0 1
    outer loop
      vertex -42.9999 36 40
      vertex -4 30 40
      vertex 3.99994 36 40
    endloop
  endfacet
  facet normal 0 0 1
    outer loop
      vertex -42.9999 36 40
      vertex -42.9999 30 40
      vertex -4 30 40
    endloop
  endfacet
  facet normal 0 0 1
    outer loop
      vertex -45 33.9999 40
      vertex -42.9999 36 40
      vertex -43.2611 35.9829 40
    endloop
  endfacet
  facet normal 0 0 1
    outer loop
      vertex -42.9999 36 40
      vertex -45 33.9999 40
      vertex -42.9999 30 40
    endloop
  endfacet
  facet normal 0 0 1
    outer loop
      vertex -45 33.9999 40
      vertex -43.2611 35.9829 40
      vertex -43.5176 35.9319 40
    endloop
  endfacet
  facet normal -0 0 1
    outer loop
      vertex -45 32.0001 40
      vertex -42.9999 30 40
      vertex -45 33.9999 40
    endloop
  endfacet
  facet normal 0 0 1
    outer loop
      vertex -45 33.9999 40
      vertex -43.5176 35.9319 40
      vertex -43.7654 35.8477 40
    endloop
  endfacet
  facet normal 0 0 1
    outer loop
      vertex -42.9999 30 40
      vertex -45 32.0001 40
      vertex -43.2611 30.0171 40
    endloop
  endfacet
  facet normal 0 0 1
    outer loop
      vertex -45 33.9999 40
      vertex -43.7654 35.8477 40
      vertex -44 35.7321 40
    endloop
  endfacet
  facet normal 0 0 1
    outer loop
      vertex -43.2611 30.0171 40
      vertex -45 32.0001 40
      vertex -43.5176 30.0681 40
    endloop
  endfacet
  facet normal 0 0 1
    outer loop
      vertex -45 33.9999 40
      vertex -44 35.7321 40
      vertex -44.2175 35.5867 40
    endloop
  endfacet
  facet normal 0 0 1
    outer loop
      vertex -43.5176 30.0681 40
      vertex -45 32.0001 40
      vertex -43.7654 30.1523 40
    endloop
  endfacet
  facet normal 0 0 1
    outer loop
      vertex -45 33.9999 40
      vertex -44.2175 35.5867 40
      vertex -44.4142 35.4142 40
    endloop
  endfacet
  facet normal 0 0 1
    outer loop
      vertex -43.7654 30.1523 40
      vertex -45 32.0001 40
      vertex -44 30.2679 40
    endloop
  endfacet
  facet normal 0 0 1
    outer loop
      vertex -45 33.9999 40
      vertex -44.4142 35.4142 40
      vertex -44.5867 35.2175 40
    endloop
  endfacet
  facet normal 0 0 1
    outer loop
      vertex -44 30.2679 40
      vertex -45 32.0001 40
      vertex -44.2175 30.4133 40
    endloop
  endfacet
  facet normal 0 0 1
    outer loop
      vertex -45 33.9999 40
      vertex -44.5867 35.2175 40
      vertex -44.7321 35 40
    endloop
  endfacet
  facet normal 0 0 1
    outer loop
      vertex -44.2175 30.4133 40
      vertex -45 32.0001 40
      vertex -44.4142 30.5858 40
    endloop
  endfacet
  facet normal 0 0 1
    outer loop
      vertex -45 33.9999 40
      vertex -44.7321 35 40
      vertex -44.8477 34.7654 40
    endloop
  endfacet
  facet normal 0 0 1
    outer loop
      vertex -44.4142 30.5858 40
      vertex -45 32.0001 40
      vertex -44.5867 30.7825 40
    endloop
  endfacet
  facet normal 0 0 1
    outer loop
      vertex -45 33.9999 40
      vertex -44.8477 34.7654 40
      vertex -44.9319 34.5176 40
    endloop
  endfacet
  facet normal 0 0 1
    outer loop
      vertex -44.5867 30.7825 40
      vertex -45 32.0001 40
      vertex -44.7321 31 40
    endloop
  endfacet
  facet normal 0 0 1
    outer loop
      vertex -45 33.9999 40
      vertex -44.9319 34.5176 40
      vertex -44.9829 34.2611 40
    endloop
  endfacet
  facet normal 0 0 1
    outer loop
      vertex -44.7321 31 40
      vertex -45 32.0001 40
      vertex -44.8477 31.2346 40
    endloop
  endfacet
  facet normal 0 0 1
    outer loop
      vertex -44.8477 31.2346 40
      vertex -45 32.0001 40
      vertex -44.9319 31.4824 40
    endloop
  endfacet
  facet normal 0 0 1
    outer loop
      vertex -44.9319 31.4824 40
      vertex -45 32.0001 40
      vertex -44.9829 31.7389 40
    endloop
  endfacet
  facet normal 0 0 1
    outer loop
      vertex 0.0681458 1.48238 40
      vertex 0 2.00006 40
      vertex 0.0171204 1.73889 40
    endloop
  endfacet
  facet normal 0.195106 -0.980782 0
    outer loop
      vertex 49.2611 0.0171204 0
      vertex 49.5176 0.0681458 40
      vertex 49.2611 0.0171204 40
    endloop
  endfacet
  facet normal 0.195106 -0.980782 0
    outer loop
      vertex 49.5176 0.0681458 40
      vertex 49.2611 0.0171204 0
      vertex 49.5176 0.0681458 0
    endloop
  endfacet
  facet normal 0.321403 -0.946942 0
    outer loop
      vertex 49.5176 0.0681458 0
      vertex 49.7654 0.152252 40
      vertex 49.5176 0.0681458 40
    endloop
  endfacet
  facet normal 0.321403 -0.946942 0
    outer loop
      vertex 49.7654 0.152252 40
      vertex 49.5176 0.0681458 0
      vertex 49.7654 0.152252 0
    endloop
  endfacet
  facet normal 0.442197 -0.896918 0
    outer loop
      vertex 49.7654 0.152252 0
      vertex 50 0.267914 40
      vertex 49.7654 0.152252 40
    endloop
  endfacet
  facet normal 0.442197 -0.896918 0
    outer loop
      vertex 50 0.267914 40
      vertex 49.7654 0.152252 0
      vertex 50 0.267914 0
    endloop
  endfacet
  facet normal 0.555721 -0.831369 0
    outer loop
      vertex 50 0.267914 0
      vertex 50.2175 0.4133 40
      vertex 50 0.267914 40
    endloop
  endfacet
  facet normal 0.555721 -0.831369 0
    outer loop
      vertex 50.2175 0.4133 40
      vertex 50 0.267914 0
      vertex 50.2175 0.4133 0
    endloop
  endfacet
  facet normal 0.659311 -0.751871 0
    outer loop
      vertex 50.2175 0.4133 0
      vertex 50.4142 0.585785 40
      vertex 50.2175 0.4133 40
    endloop
  endfacet
  facet normal 0.659311 -0.751871 0
    outer loop
      vertex 50.4142 0.585785 40
      vertex 50.2175 0.4133 0
      vertex 50.4142 0.585785 0
    endloop
  endfacet
  facet normal 0.751819 -0.65937 0
    outer loop
      vertex 50.4142 0.585785 40
      vertex 50.5867 0.782471 0
      vertex 50.5867 0.782471 40
    endloop
  endfacet
  facet normal 0.751819 -0.65937 0
    outer loop
      vertex 50.5867 0.782471 0
      vertex 50.4142 0.585785 40
      vertex 50.4142 0.585785 0
    endloop
  endfacet
  facet normal 0.831437 -0.555619 0
    outer loop
      vertex 50.5867 0.782471 40
      vertex 50.7321 1.00005 0
      vertex 50.7321 1.00005 40
    endloop
  endfacet
  facet normal 0.831437 -0.555619 0
    outer loop
      vertex 50.7321 1.00005 0
      vertex 50.5867 0.782471 40
      vertex 50.5867 0.782471 0
    endloop
  endfacet
  facet normal 0.896975 -0.442082 0
    outer loop
      vertex 50.7321 1.00005 40
      vertex 50.8477 1.2346 0
      vertex 50.8477 1.2346 40
    endloop
  endfacet
  facet normal 0.896975 -0.442082 0
    outer loop
      vertex 50.8477 1.2346 0
      vertex 50.7321 1.00005 40
      vertex 50.7321 1.00005 0
    endloop
  endfacet
  facet normal 0.946825 -0.321748 0
    outer loop
      vertex 50.8477 1.2346 40
      vertex 50.9319 1.48238 0
      vertex 50.9319 1.48238 40
    endloop
  endfacet
  facet normal 0.946825 -0.321748 0
    outer loop
      vertex 50.9319 1.48238 0
      vertex 50.8477 1.2346 40
      vertex 50.8477 1.2346 0
    endloop
  endfacet
  facet normal 0.980802 -0.195006 0
    outer loop
      vertex 50.9319 1.48238 40
      vertex 50.9829 1.73889 0
      vertex 50.9829 1.73889 40
    endloop
  endfacet
  facet normal 0.980802 -0.195006 0
    outer loop
      vertex 50.9829 1.73889 0
      vertex 50.9319 1.48238 40
      vertex 50.9319 1.48238 0
    endloop
  endfacet
  facet normal 0.997863 -0.0653347 0
    outer loop
      vertex 50.9829 1.73889 40
      vertex 51 2.00006 0
      vertex 51 2.00006 40
    endloop
  endfacet
  facet normal 0.997863 -0.0653347 0
    outer loop
      vertex 51 2.00006 0
      vertex 50.9829 1.73889 40
      vertex 50.9829 1.73889 0
    endloop
  endfacet
  facet normal 1 -0 0
    outer loop
      vertex 51 2.00006 40
      vertex 51 13.9999 0
      vertex 51 13.9999 40
    endloop
  endfacet
  facet normal 1 0 0
    outer loop
      vertex 51 13.9999 0
      vertex 51 2.00006 40
      vertex 51 2.00006 0
    endloop
  endfacet
  facet normal 0.997864 0.0653272 0
    outer loop
      vertex 51 13.9999 40
      vertex 50.9829 14.2611 0
      vertex 50.9829 14.2611 40
    endloop
  endfacet
  facet normal 0.997864 0.0653272 0
    outer loop
      vertex 50.9829 14.2611 0
      vertex 51 13.9999 40
      vertex 51 13.9999 0
    endloop
  endfacet
  facet normal 0.980801 0.195013 0
    outer loop
      vertex 50.9829 14.2611 40
      vertex 50.9319 14.5176 0
      vertex 50.9319 14.5176 40
    endloop
  endfacet
  facet normal 0.980801 0.195013 0
    outer loop
      vertex 50.9319 14.5176 0
      vertex 50.9829 14.2611 40
      vertex 50.9829 14.2611 0
    endloop
  endfacet
  facet normal 0.946833 0.321725 0
    outer loop
      vertex 50.9319 14.5176 40
      vertex 50.8477 14.7654 0
      vertex 50.8477 14.7654 40
    endloop
  endfacet
  facet normal 0.946833 0.321725 0
    outer loop
      vertex 50.8477 14.7654 0
      vertex 50.9319 14.5176 40
      vertex 50.9319 14.5176 0
    endloop
  endfacet
  facet normal 0.897012 0.442006 0
    outer loop
      vertex 50.8477 14.7654 40
      vertex 50.7321 15 0
      vertex 50.7321 15 40
    endloop
  endfacet
  facet normal 0.897012 0.442006 0
    outer loop
      vertex 50.7321 15 0
      vertex 50.8477 14.7654 40
      vertex 50.8477 14.7654 0
    endloop
  endfacet
  facet normal 0.831344 0.555758 0
    outer loop
      vertex 50.7321 15 40
      vertex 50.5867 15.2175 0
      vertex 50.5867 15.2175 40
    endloop
  endfacet
  facet normal 0.831344 0.555758 0
    outer loop
      vertex 50.5867 15.2175 0
      vertex 50.7321 15 40
      vertex 50.7321 15 0
    endloop
  endfacet
  facet normal 0.751842 0.659343 0
    outer loop
      vertex 50.5867 15.2175 40
      vertex 50.4142 15.4142 0
      vertex 50.4142 15.4142 40
    endloop
  endfacet
  facet normal 0.751842 0.659343 0
    outer loop
      vertex 50.4142 15.4142 0
      vertex 50.5867 15.2175 40
      vertex 50.5867 15.2175 0
    endloop
  endfacet
  facet normal 0.659343 0.751842 -0
    outer loop
      vertex 50.4142 15.4142 0
      vertex 50.2175 15.5867 40
      vertex 50.4142 15.4142 40
    endloop
  endfacet
  facet normal 0.659343 0.751842 0
    outer loop
      vertex 50.2175 15.5867 40
      vertex 50.4142 15.4142 0
      vertex 50.2175 15.5867 0
    endloop
  endfacet
  facet normal 0.555758 0.831344 -0
    outer loop
      vertex 50.2175 15.5867 0
      vertex 50 15.7321 40
      vertex 50.2175 15.5867 40
    endloop
  endfacet
  facet normal 0.555758 0.831344 0
    outer loop
      vertex 50 15.7321 40
      vertex 50.2175 15.5867 0
      vertex 50 15.7321 0
    endloop
  endfacet
  facet normal 0.442006 0.897012 -0
    outer loop
      vertex 50 15.7321 0
      vertex 49.7654 15.8477 40
      vertex 50 15.7321 40
    endloop
  endfacet
  facet normal 0.442006 0.897012 0
    outer loop
      vertex 49.7654 15.8477 40
      vertex 50 15.7321 0
      vertex 49.7654 15.8477 0
    endloop
  endfacet
  facet normal 0.321725 0.946833 -0
    outer loop
      vertex 49.7654 15.8477 0
      vertex 49.5176 15.9319 40
      vertex 49.7654 15.8477 40
    endloop
  endfacet
  facet normal 0.321725 0.946833 0
    outer loop
      vertex 49.5176 15.9319 40
      vertex 49.7654 15.8477 0
      vertex 49.5176 15.9319 0
    endloop
  endfacet
  facet normal 0.195013 0.980801 -0
    outer loop
      vertex 49.5176 15.9319 0
      vertex 49.2611 15.9829 40
      vertex 49.5176 15.9319 40
    endloop
  endfacet
  facet normal 0.195013 0.980801 0
    outer loop
      vertex 49.2611 15.9829 40
      vertex 49.5176 15.9319 0
      vertex 49.2611 15.9829 0
    endloop
  endfacet
  facet normal 0.0653272 0.997864 -0
    outer loop
      vertex 49.2611 15.9829 0
      vertex 48.9999 16 40
      vertex 49.2611 15.9829 40
    endloop
  endfacet
  facet normal 0.0653272 0.997864 0
    outer loop
      vertex 48.9999 16 40
      vertex 49.2611 15.9829 0
      vertex 48.9999 16 0
    endloop
  endfacet
  facet normal 0 1 -0
    outer loop
      vertex 48.9999 16 0
      vertex 47.0001 16 40
      vertex 48.9999 16 40
    endloop
  endfacet
  facet normal 0 1 0
    outer loop
      vertex 47.0001 16 40
      vertex 48.9999 16 0
      vertex 47.0001 16 0
    endloop
  endfacet
  facet normal -0.0653272 0.997864 0
    outer loop
      vertex 47.0001 16 0
      vertex 46.7389 15.9829 40
      vertex 47.0001 16 40
    endloop
  endfacet
  facet normal -0.0653272 0.997864 0
    outer loop
      vertex 46.7389 15.9829 40
      vertex 47.0001 16 0
      vertex 46.7389 15.9829 0
    endloop
  endfacet
  facet normal -0.195013 0.980801 0
    outer loop
      vertex 46.7389 15.9829 0
      vertex 46.4824 15.9319 40
      vertex 46.7389 15.9829 40
    endloop
  endfacet
  facet normal -0.195013 0.980801 0
    outer loop
      vertex 46.4824 15.9319 40
      vertex 46.7389 15.9829 0
      vertex 46.4824 15.9319 0
    endloop
  endfacet
  facet normal -0.321725 0.946833 0
    outer loop
      vertex 46.4824 15.9319 0
      vertex 46.2346 15.8477 40
      vertex 46.4824 15.9319 40
    endloop
  endfacet
  facet normal -0.321725 0.946833 0
    outer loop
      vertex 46.2346 15.8477 40
      vertex 46.4824 15.9319 0
      vertex 46.2346 15.8477 0
    endloop
  endfacet
  facet normal -0.442006 0.897012 0
    outer loop
      vertex 46.2346 15.8477 0
      vertex 46 15.7321 40
      vertex 46.2346 15.8477 40
    endloop
  endfacet
  facet normal -0.442006 0.897012 0
    outer loop
      vertex 46 15.7321 40
      vertex 46.2346 15.8477 0
      vertex 46 15.7321 0
    endloop
  endfacet
  facet normal -0.555758 0.831344 0
    outer loop
      vertex 46 15.7321 0
      vertex 45.7825 15.5867 40
      vertex 46 15.7321 40
    endloop
  endfacet
  facet normal -0.555758 0.831344 0
    outer loop
      vertex 45.7825 15.5867 40
      vertex 46 15.7321 0
      vertex 45.7825 15.5867 0
    endloop
  endfacet
  facet normal -0.659343 0.751842 0
    outer loop
      vertex 45.7825 15.5867 0
      vertex 45.5858 15.4142 40
      vertex 45.7825 15.5867 40
    endloop
  endfacet
  facet normal -0.659343 0.751842 0
    outer loop
      vertex 45.5858 15.4142 40
      vertex 45.7825 15.5867 0
      vertex 45.5858 15.4142 0
    endloop
  endfacet
  facet normal -0.751842 0.659343 0
    outer loop
      vertex 45.4133 15.2175 0
      vertex 45.5858 15.4142 40
      vertex 45.5858 15.4142 0
    endloop
  endfacet
  facet normal -0.751842 0.659343 0
    outer loop
      vertex 45.5858 15.4142 40
      vertex 45.4133 15.2175 0
      vertex 45.4133 15.2175 40
    endloop
  endfacet
  facet normal -0.831344 0.555758 0
    outer loop
      vertex 45.2679 15 0
      vertex 45.4133 15.2175 40
      vertex 45.4133 15.2175 0
    endloop
  endfacet
  facet normal -0.831344 0.555758 0
    outer loop
      vertex 45.4133 15.2175 40
      vertex 45.2679 15 0
      vertex 45.2679 15 40
    endloop
  endfacet
  facet normal -0.897012 0.442006 0
    outer loop
      vertex 45.1523 14.7654 0
      vertex 45.2679 15 40
      vertex 45.2679 15 0
    endloop
  endfacet
  facet normal -0.897012 0.442006 0
    outer loop
      vertex 45.2679 15 40
      vertex 45.1523 14.7654 0
      vertex 45.1523 14.7654 40
    endloop
  endfacet
  facet normal -0.946833 0.321725 0
    outer loop
      vertex 45.0681 14.5176 0
      vertex 45.1523 14.7654 40
      vertex 45.1523 14.7654 0
    endloop
  endfacet
  facet normal -0.946833 0.321725 0
    outer loop
      vertex 45.1523 14.7654 40
      vertex 45.0681 14.5176 0
      vertex 45.0681 14.5176 40
    endloop
  endfacet
  facet normal -0.980801 0.195013 0
    outer loop
      vertex 45.0171 14.2611 0
      vertex 45.0681 14.5176 40
      vertex 45.0681 14.5176 0
    endloop
  endfacet
  facet normal -0.980801 0.195013 0
    outer loop
      vertex 45.0681 14.5176 40
      vertex 45.0171 14.2611 0
      vertex 45.0171 14.2611 40
    endloop
  endfacet
  facet normal -0.997864 0.0653272 0
    outer loop
      vertex 45 13.9999 0
      vertex 45.0171 14.2611 40
      vertex 45.0171 14.2611 0
    endloop
  endfacet
  facet normal -0.997864 0.0653272 0
    outer loop
      vertex 45.0171 14.2611 40
      vertex 45 13.9999 0
      vertex 45 13.9999 40
    endloop
  endfacet
  facet normal -1 0 0
    outer loop
      vertex 45 10 0
      vertex 45 13.9999 40
      vertex 45 13.9999 0
    endloop
  endfacet
  facet normal -1 -0 0
    outer loop
      vertex 45 13.9999 40
      vertex 45 10 0
      vertex 45 10 40
    endloop
  endfacet
  facet normal -0.997862 0.0653634 0
    outer loop
      vertex 44.9658 9.47789 0
      vertex 45 10 40
      vertex 45 10 0
    endloop
  endfacet
  facet normal -0.997862 0.0653634 0
    outer loop
      vertex 45 10 40
      vertex 44.9658 9.47789 0
      vertex 44.9658 9.47789 40
    endloop
  endfacet
  facet normal -0.980776 0.195135 0
    outer loop
      vertex 44.8637 8.96472 0
      vertex 44.9658 9.47789 40
      vertex 44.9658 9.47789 0
    endloop
  endfacet
  facet normal -0.980776 0.195135 0
    outer loop
      vertex 44.9658 9.47789 40
      vertex 44.8637 8.96472 0
      vertex 44.8637 8.96472 40
    endloop
  endfacet
  facet normal -0.94692 0.321469 0
    outer loop
      vertex 44.6955 8.46927 0
      vertex 44.8637 8.96472 40
      vertex 44.8637 8.96472 0
    endloop
  endfacet
  facet normal -0.94692 0.321469 0
    outer loop
      vertex 44.8637 8.96472 40
      vertex 44.6955 8.46927 0
      vertex 44.6955 8.46927 40
    endloop
  endfacet
  facet normal -0.896887 0.44226 0
    outer loop
      vertex 44.4641 8 0
      vertex 44.6955 8.46927 40
      vertex 44.6955 8.46927 0
    endloop
  endfacet
  facet normal -0.896887 0.44226 0
    outer loop
      vertex 44.6955 8.46927 40
      vertex 44.4641 8 0
      vertex 44.4641 8 40
    endloop
  endfacet
  facet normal -0.831456 0.555591 0
    outer loop
      vertex 44.1734 7.56496 0
      vertex 44.4641 8 40
      vertex 44.4641 8 0
    endloop
  endfacet
  facet normal -0.831456 0.555591 0
    outer loop
      vertex 44.4641 8 40
      vertex 44.1734 7.56496 0
      vertex 44.1734 7.56496 40
    endloop
  endfacet
  facet normal -0.751834 0.659353 0
    outer loop
      vertex 43.8284 7.17157 0
      vertex 44.1734 7.56496 40
      vertex 44.1734 7.56496 0
    endloop
  endfacet
  facet normal -0.751834 0.659353 0
    outer loop
      vertex 44.1734 7.56496 40
      vertex 43.8284 7.17157 0
      vertex 43.8284 7.17157 40
    endloop
  endfacet
  facet normal -0.659332 0.751852 0
    outer loop
      vertex 43.8284 7.17157 0
      vertex 43.435 6.82658 40
      vertex 43.8284 7.17157 40
    endloop
  endfacet
  facet normal -0.659332 0.751852 0
    outer loop
      vertex 43.435 6.82658 40
      vertex 43.8284 7.17157 0
      vertex 43.435 6.82658 0
    endloop
  endfacet
  facet normal -0.5556 0.83145 0
    outer loop
      vertex 43.435 6.82658 0
      vertex 43 6.5359 40
      vertex 43.435 6.82658 40
    endloop
  endfacet
  facet normal -0.5556 0.83145 0
    outer loop
      vertex 43 6.5359 40
      vertex 43.435 6.82658 0
      vertex 43 6.5359 0
    endloop
  endfacet
  facet normal -0.442253 0.89689 0
    outer loop
      vertex 43 6.5359 0
      vertex 42.5307 6.30449 40
      vertex 43 6.5359 40
    endloop
  endfacet
  facet normal -0.442253 0.89689 0
    outer loop
      vertex 42.5307 6.30449 40
      vertex 43 6.5359 0
      vertex 42.5307 6.30449 0
    endloop
  endfacet
  facet normal -0.321498 0.94691 0
    outer loop
      vertex 42.5307 6.30449 0
      vertex 42.0353 6.13629 40
      vertex 42.5307 6.30449 40
    endloop
  endfacet
  facet normal -0.321498 0.94691 0
    outer loop
      vertex 42.0353 6.13629 40
      vertex 42.5307 6.30449 0
      vertex 42.0353 6.13629 0
    endloop
  endfacet
  facet normal -0.19505 0.980793 0
    outer loop
      vertex 42.0353 6.13629 0
      vertex 41.5221 6.03423 40
      vertex 42.0353 6.13629 40
    endloop
  endfacet
  facet normal -0.19505 0.980793 0
    outer loop
      vertex 41.5221 6.03423 40
      vertex 42.0353 6.13629 0
      vertex 41.5221 6.03423 0
    endloop
  endfacet
  facet normal -0.0654217 0.997858 0
    outer loop
      vertex 41.5221 6.03423 0
      vertex 41 6 40
      vertex 41.5221 6.03423 40
    endloop
  endfacet
  facet normal -0.0654217 0.997858 0
    outer loop
      vertex 41 6 40
      vertex 41.5221 6.03423 0
      vertex 41 6 0
    endloop
  endfacet
  facet normal 0 1 -0
    outer loop
      vertex 41 6 0
      vertex 10 6 40
      vertex 41 6 40
    endloop
  endfacet
  facet normal 0 1 0
    outer loop
      vertex 10 6 40
      vertex 41 6 0
      vertex 10 6 0
    endloop
  endfacet
  facet normal 0.0654205 0.997858 -0
    outer loop
      vertex 10 6 0
      vertex 9.47789 6.03423 40
      vertex 10 6 40
    endloop
  endfacet
  facet normal 0.0654205 0.997858 0
    outer loop
      vertex 9.47789 6.03423 40
      vertex 10 6 0
      vertex 9.47789 6.03423 0
    endloop
  endfacet
  facet normal 0.195061 0.980791 -0
    outer loop
      vertex 9.47789 6.03423 0
      vertex 8.96472 6.13629 40
      vertex 9.47789 6.03423 40
    endloop
  endfacet
  facet normal 0.195061 0.980791 0
    outer loop
      vertex 8.96472 6.13629 40
      vertex 9.47789 6.03423 0
      vertex 8.96472 6.13629 0
    endloop
  endfacet
  facet normal 0.321469 0.94692 -0
    outer loop
      vertex 8.96472 6.13629 0
      vertex 8.46927 6.30449 40
      vertex 8.96472 6.13629 40
    endloop
  endfacet
  facet normal 0.321469 0.94692 0
    outer loop
      vertex 8.46927 6.30449 40
      vertex 8.96472 6.13629 0
      vertex 8.46927 6.30449 0
    endloop
  endfacet
  facet normal 0.442276 0.896879 -0
    outer loop
      vertex 8.46927 6.30449 0
      vertex 8 6.5359 40
      vertex 8.46927 6.30449 40
    endloop
  endfacet
  facet normal 0.442276 0.896879 0
    outer loop
      vertex 8 6.5359 40
      vertex 8.46927 6.30449 0
      vertex 8 6.5359 0
    endloop
  endfacet
  facet normal 0.555564 0.831474 -0
    outer loop
      vertex 8 6.5359 0
      vertex 7.56496 6.82658 40
      vertex 8 6.5359 40
    endloop
  endfacet
  facet normal 0.555564 0.831474 0
    outer loop
      vertex 7.56496 6.82658 40
      vertex 8 6.5359 0
      vertex 7.56496 6.82658 0
    endloop
  endfacet
  facet normal 0.659342 0.751843 -0
    outer loop
      vertex 7.56496 6.82658 0
      vertex 7.17157 7.17157 40
      vertex 7.56496 6.82658 40
    endloop
  endfacet
  facet normal 0.659342 0.751843 0
    outer loop
      vertex 7.17157 7.17157 40
      vertex 7.56496 6.82658 0
      vertex 7.17157 7.17157 0
    endloop
  endfacet
  facet normal 0.751843 0.659342 0
    outer loop
      vertex 7.17157 7.17157 40
      vertex 6.82658 7.56496 0
      vertex 6.82658 7.56496 40
    endloop
  endfacet
  facet normal 0.751843 0.659342 0
    outer loop
      vertex 6.82658 7.56496 0
      vertex 7.17157 7.17157 40
      vertex 7.17157 7.17157 0
    endloop
  endfacet
  facet normal 0.831474 0.555564 0
    outer loop
      vertex 6.82658 7.56496 40
      vertex 6.5359 8 0
      vertex 6.5359 8 40
    endloop
  endfacet
  facet normal 0.831474 0.555564 0
    outer loop
      vertex 6.5359 8 0
      vertex 6.82658 7.56496 40
      vertex 6.82658 7.56496 0
    endloop
  endfacet
  facet normal 0.896879 0.442276 0
    outer loop
      vertex 6.5359 8 40
      vertex 6.30449 8.46927 0
      vertex 6.30449 8.46927 40
    endloop
  endfacet
  facet normal 0.896879 0.442276 0
    outer loop
      vertex 6.30449 8.46927 0
      vertex 6.5359 8 40
      vertex 6.5359 8 0
    endloop
  endfacet
  facet normal 0.94692 0.321469 0
    outer loop
      vertex 6.30449 8.46927 40
      vertex 6.13629 8.96472 0
      vertex 6.13629 8.96472 40
    endloop
  endfacet
  facet normal 0.94692 0.321469 0
    outer loop
      vertex 6.13629 8.96472 0
      vertex 6.30449 8.46927 40
      vertex 6.30449 8.46927 0
    endloop
  endfacet
  facet normal 0.980791 0.195061 0
    outer loop
      vertex 6.13629 8.96472 40
      vertex 6.03423 9.47789 0
      vertex 6.03423 9.47789 40
    endloop
  endfacet
  facet normal 0.980791 0.195061 0
    outer loop
      vertex 6.03423 9.47789 0
      vertex 6.13629 8.96472 40
      vertex 6.13629 8.96472 0
    endloop
  endfacet
  facet normal 0.997858 0.0654205 0
    outer loop
      vertex 6.03423 9.47789 40
      vertex 6 10 0
      vertex 6 10 40
    endloop
  endfacet
  facet normal 0.997858 0.0654205 0
    outer loop
      vertex 6 10 0
      vertex 6.03423 9.47789 40
      vertex 6.03423 9.47789 0
    endloop
  endfacet
  facet normal 1 -0 0
    outer loop
      vertex 6 10 40
      vertex 6 33.9999 0
      vertex 6 33.9999 40
    endloop
  endfacet
  facet normal 1 0 0
    outer loop
      vertex 6 33.9999 0
      vertex 6 10 40
      vertex 6 10 0
    endloop
  endfacet
  facet normal 0.997859 0.0654033 0
    outer loop
      vertex 6 33.9999 40
      vertex 5.98288 34.2611 0
      vertex 5.98288 34.2611 40
    endloop
  endfacet
  facet normal 0.997859 0.0654033 0
    outer loop
      vertex 5.98288 34.2611 0
      vertex 6 33.9999 40
      vertex 6 33.9999 0
    endloop
  endfacet
  facet normal 0.980779 0.195123 0
    outer loop
      vertex 5.98288 34.2611 40
      vertex 5.93185 34.5176 0
      vertex 5.93185 34.5176 40
    endloop
  endfacet
  facet normal 0.980779 0.195123 0
    outer loop
      vertex 5.93185 34.5176 0
      vertex 5.98288 34.2611 40
      vertex 5.98288 34.2611 0
    endloop
  endfacet
  facet normal 0.94695 0.321382 0
    outer loop
      vertex 5.93185 34.5176 40
      vertex 5.84775 34.7654 0
      vertex 5.84775 34.7654 40
    endloop
  endfacet
  facet normal 0.94695 0.321382 0
    outer loop
      vertex 5.84775 34.7654 0
      vertex 5.93185 34.5176 40
      vertex 5.93185 34.5176 0
    endloop
  endfacet
  facet normal 0.896921 0.442191 0
    outer loop
      vertex 5.84775 34.7654 40
      vertex 5.73209 35 0
      vertex 5.73209 35 40
    endloop
  endfacet
  facet normal 0.896921 0.442191 0
    outer loop
      vertex 5.73209 35 0
      vertex 5.84775 34.7654 40
      vertex 5.84775 34.7654 0
    endloop
  endfacet
  facet normal 0.831362 0.555732 0
    outer loop
      vertex 5.73209 35 40
      vertex 5.5867 35.2175 0
      vertex 5.5867 35.2175 40
    endloop
  endfacet
  facet normal 0.831362 0.555732 0
    outer loop
      vertex 5.5867 35.2175 0
      vertex 5.73209 35 40
      vertex 5.73209 35 0
    endloop
  endfacet
  facet normal 0.75188 0.6593 0
    outer loop
      vertex 5.5867 35.2175 40
      vertex 5.41422 35.4142 0
      vertex 5.41422 35.4142 40
    endloop
  endfacet
  facet normal 0.75188 0.6593 0
    outer loop
      vertex 5.41422 35.4142 0
      vertex 5.5867 35.2175 40
      vertex 5.5867 35.2175 0
    endloop
  endfacet
  facet normal 0.659362 0.751826 -0
    outer loop
      vertex 5.41422 35.4142 0
      vertex 5.21753 35.5867 40
      vertex 5.41422 35.4142 40
    endloop
  endfacet
  facet normal 0.659362 0.751826 0
    outer loop
      vertex 5.21753 35.5867 40
      vertex 5.41422 35.4142 0
      vertex 5.21753 35.5867 0
    endloop
  endfacet
  facet normal 0.555617 0.831438 -0
    outer loop
      vertex 5.21753 35.5867 0
      vertex 4.99995 35.7321 40
      vertex 5.21753 35.5867 40
    endloop
  endfacet
  facet normal 0.555617 0.831438 0
    outer loop
      vertex 4.99995 35.7321 40
      vertex 5.21753 35.5867 0
      vertex 4.99995 35.7321 0
    endloop
  endfacet
  facet normal 0.442082 0.896975 -0
    outer loop
      vertex 4.99995 35.7321 0
      vertex 4.7654 35.8477 40
      vertex 4.99995 35.7321 40
    endloop
  endfacet
  facet normal 0.442082 0.896975 0
    outer loop
      vertex 4.7654 35.8477 40
      vertex 4.99995 35.7321 0
      vertex 4.7654 35.8477 0
    endloop
  endfacet
  facet normal 0.321748 0.946825 -0
    outer loop
      vertex 4.7654 35.8477 0
      vertex 4.51762 35.9319 40
      vertex 4.7654 35.8477 40
    endloop
  endfacet
  facet normal 0.321748 0.946825 0
    outer loop
      vertex 4.51762 35.9319 40
      vertex 4.7654 35.8477 0
      vertex 4.51762 35.9319 0
    endloop
  endfacet
  facet normal 0.195006 0.980802 -0
    outer loop
      vertex 4.51762 35.9319 0
      vertex 4.26111 35.9829 40
      vertex 4.51762 35.9319 40
    endloop
  endfacet
  facet normal 0.195006 0.980802 0
    outer loop
      vertex 4.26111 35.9829 40
      vertex 4.51762 35.9319 0
      vertex 4.26111 35.9829 0
    endloop
  endfacet
  facet normal 0.0653347 0.997863 -0
    outer loop
      vertex 4.26111 35.9829 0
      vertex 3.99994 36 40
      vertex 4.26111 35.9829 40
    endloop
  endfacet
  facet normal 0.0653347 0.997863 0
    outer loop
      vertex 3.99994 36 40
      vertex 4.26111 35.9829 0
      vertex 3.99994 36 0
    endloop
  endfacet
  facet normal 0 1 0
    outer loop
      vertex -10.7654 36 21.8478
      vertex 3.99994 36 40
      vertex -10.5176 36 21.9319
    endloop
  endfacet
  facet normal 0 1 0
    outer loop
      vertex -42.9999 36 40
      vertex -34.7389 36 21.9829
      vertex -35 36 22
    endloop
  endfacet
  facet normal 0 1 0
    outer loop
      vertex 3.99994 36 40
      vertex -10.7654 36 21.8478
      vertex -42.9999 36 40
    endloop
  endfacet
  facet normal 0 1 0
    outer loop
      vertex -42.9999 36 40
      vertex -34.4824 36 21.9319
      vertex -34.7389 36 21.9829
    endloop
  endfacet
  facet normal 0 1 -0
    outer loop
      vertex -11 36 21.732
      vertex -42.9999 36 40
      vertex -10.7654 36 21.8478
    endloop
  endfacet
  facet normal 0 1 0
    outer loop
      vertex -42.9999 36 40
      vertex -34.2346 36 21.8478
      vertex -34.4824 36 21.9319
    endloop
  endfacet
  facet normal 0 1 -0
    outer loop
      vertex -34 36 21.732
      vertex -42.9999 36 40
      vertex -11 36 21.732
    endloop
  endfacet
  facet normal 0 1 0
    outer loop
      vertex -42.9999 36 40
      vertex -34 36 21.732
      vertex -34.2346 36 21.8478
    endloop
  endfacet
  facet normal 0 1 -0
    outer loop
      vertex -11.2175 36 21.5867
      vertex -34 36 21.732
      vertex -11 36 21.732
    endloop
  endfacet
  facet normal 0 1 0
    outer loop
      vertex -11.2175 36 21.5867
      vertex -33.7825 36 21.5867
      vertex -34 36 21.732
    endloop
  endfacet
  facet normal 0 1 -0
    outer loop
      vertex -11.4142 36 21.4142
      vertex -33.7825 36 21.5867
      vertex -11.2175 36 21.5867
    endloop
  endfacet
  facet normal 0 1 0
    outer loop
      vertex -11.4142 36 21.4142
      vertex -33.5858 36 21.4142
      vertex -33.7825 36 21.5867
    endloop
  endfacet
  facet normal 0 1 -0
    outer loop
      vertex -11.5867 36 21.2175
      vertex -33.5858 36 21.4142
      vertex -11.4142 36 21.4142
    endloop
  endfacet
  facet normal 0 1 0
    outer loop
      vertex -11.5867 36 21.2175
      vertex -33.4133 36 21.2175
      vertex -33.5858 36 21.4142
    endloop
  endfacet
  facet normal 0 1 -0
    outer loop
      vertex -11.732 36 21
      vertex -33.4133 36 21.2175
      vertex -11.5867 36 21.2175
    endloop
  endfacet
  facet normal 0 1 0
    outer loop
      vertex -11.732 36 21
      vertex -33.268 36 21
      vertex -33.4133 36 21.2175
    endloop
  endfacet
  facet normal 0 1 -0
    outer loop
      vertex -11.8478 36 20.7654
      vertex -33.268 36 21
      vertex -11.732 36 21
    endloop
  endfacet
  facet normal 0 1 0
    outer loop
      vertex -11.8478 36 20.7654
      vertex -33.1522 36 20.7654
      vertex -33.268 36 21
    endloop
  endfacet
  facet normal 0 1 -0
    outer loop
      vertex -11.9319 36 20.5176
      vertex -33.1522 36 20.7654
      vertex -11.8478 36 20.7654
    endloop
  endfacet
  facet normal 0 1 0
    outer loop
      vertex -11.9319 36 20.5176
      vertex -33.0681 36 20.5176
      vertex -33.1522 36 20.7654
    endloop
  endfacet
  facet normal 0 1 -0
    outer loop
      vertex -11.9829 36 20.2611
      vertex -33.0681 36 20.5176
      vertex -11.9319 36 20.5176
    endloop
  endfacet
  facet normal 0 1 0
    outer loop
      vertex -11.9829 36 20.2611
      vertex -33.0171 36 20.2611
      vertex -33.0681 36 20.5176
    endloop
  endfacet
  facet normal 0 1 -0
    outer loop
      vertex -12 36 20
      vertex -33.0171 36 20.2611
      vertex -11.9829 36 20.2611
    endloop
  endfacet
  facet normal 0 1 0
    outer loop
      vertex -12 36 20
      vertex -33 36 20
      vertex -33.0171 36 20.2611
    endloop
  endfacet
  facet normal 0 1 0
    outer loop
      vertex -11.9829 36 19.7389
      vertex -33 36 20
      vertex -12 36 20
    endloop
  endfacet
  facet normal 0 1 0
    outer loop
      vertex -11.9829 36 19.7389
      vertex -33.0171 36 19.7389
      vertex -33 36 20
    endloop
  endfacet
  facet normal 0 1 0
    outer loop
      vertex -11.9319 36 19.4824
      vertex -33.0171 36 19.7389
      vertex -11.9829 36 19.7389
    endloop
  endfacet
  facet normal 0 1 0
    outer loop
      vertex -11.9319 36 19.4824
      vertex -33.0681 36 19.4824
      vertex -33.0171 36 19.7389
    endloop
  endfacet
  facet normal 0 1 0
    outer loop
      vertex -11.8478 36 19.2346
      vertex -33.0681 36 19.4824
      vertex -11.9319 36 19.4824
    endloop
  endfacet
  facet normal 0 1 0
    outer loop
      vertex -11.8478 36 19.2346
      vertex -33.1522 36 19.2346
      vertex -33.0681 36 19.4824
    endloop
  endfacet
  facet normal 0 1 0
    outer loop
      vertex -11.732 36 19
      vertex -33.1522 36 19.2346
      vertex -11.8478 36 19.2346
    endloop
  endfacet
  facet normal 0 1 0
    outer loop
      vertex -11.732 36 19
      vertex -33.268 36 19
      vertex -33.1522 36 19.2346
    endloop
  endfacet
  facet normal 0 1 0
    outer loop
      vertex -11.5867 36 18.7825
      vertex -33.268 36 19
      vertex -11.732 36 19
    endloop
  endfacet
  facet normal 0 1 0
    outer loop
      vertex -11.5867 36 18.7825
      vertex -33.4133 36 18.7825
      vertex -33.268 36 19
    endloop
  endfacet
  facet normal 0 1 0
    outer loop
      vertex -11.4142 36 18.5858
      vertex -33.4133 36 18.7825
      vertex -11.5867 36 18.7825
    endloop
  endfacet
  facet normal 0 1 0
    outer loop
      vertex -11.4142 36 18.5858
      vertex -33.5858 36 18.5858
      vertex -33.4133 36 18.7825
    endloop
  endfacet
  facet normal 0 1 0
    outer loop
      vertex -11.2175 36 18.4133
      vertex -33.5858 36 18.5858
      vertex -11.4142 36 18.5858
    endloop
  endfacet
  facet normal 0 1 0
    outer loop
      vertex -11.2175 36 18.4133
      vertex -33.7825 36 18.4133
      vertex -33.5858 36 18.5858
    endloop
  endfacet
  facet normal 0 1 0
    outer loop
      vertex -11 36 18.268
      vertex -33.7825 36 18.4133
      vertex -11.2175 36 18.4133
    endloop
  endfacet
  facet normal 0 1 0
    outer loop
      vertex -11 36 18.268
      vertex -34 36 18.268
      vertex -33.7825 36 18.4133
    endloop
  endfacet
  facet normal 0 1 0
    outer loop
      vertex -42.9999 36 0
      vertex -11 36 18.268
      vertex -10.7654 36 18.1522
    endloop
  endfacet
  facet normal 0 1 0
    outer loop
      vertex -11 36 18.268
      vertex -42.9999 36 0
      vertex -34 36 18.268
    endloop
  endfacet
  facet normal 0 1 0
    outer loop
      vertex 3.99994 36 0
      vertex -10.7654 36 18.1522
      vertex -10.5176 36 18.0681
    endloop
  endfacet
  facet normal 0 1 0
    outer loop
      vertex -34 36 18.268
      vertex -42.9999 36 0
      vertex -34.2346 36 18.1522
    endloop
  endfacet
  facet normal 0 1 0
    outer loop
      vertex 3.99994 36 0
      vertex -10.5176 36 18.0681
      vertex -10.2611 36 18.0171
    endloop
  endfacet
  facet normal 0 1 0
    outer loop
      vertex -34.2346 36 18.1522
      vertex -42.9999 36 0
      vertex -34.4824 36 18.0681
    endloop
  endfacet
  facet normal 0 1 0
    outer loop
      vertex 3.99994 36 0
      vertex -10.2611 36 18.0171
      vertex -10 36 18
    endloop
  endfacet
  facet normal 0 1 0
    outer loop
      vertex -34.4824 36 18.0681
      vertex -42.9999 36 0
      vertex -34.7389 36 18.0171
    endloop
  endfacet
  facet normal 0 1 0
    outer loop
      vertex -10.2611 36 21.9829
      vertex 3.99994 36 40
      vertex -10 36 22
    endloop
  endfacet
  facet normal 0 1 0
    outer loop
      vertex 3.99994 36 40
      vertex -9.73895 36 21.9829
      vertex -10 36 22
    endloop
  endfacet
  facet normal 0 1 0
    outer loop
      vertex 3.99994 36 40
      vertex -9.48236 36 21.9319
      vertex -9.73895 36 21.9829
    endloop
  endfacet
  facet normal 0 1 0
    outer loop
      vertex 3.99994 36 40
      vertex -9.23463 36 21.8478
      vertex -9.48236 36 21.9319
    endloop
  endfacet
  facet normal 0 1 0
    outer loop
      vertex 3.99994 36 40
      vertex -9 36 21.732
      vertex -9.23463 36 21.8478
    endloop
  endfacet
  facet normal 0 1 0
    outer loop
      vertex 3.99994 36 40
      vertex -8.78248 36 21.5867
      vertex -9 36 21.732
    endloop
  endfacet
  facet normal 0 1 0
    outer loop
      vertex 3.99994 36 40
      vertex -8.58579 36 21.4142
      vertex -8.78248 36 21.5867
    endloop
  endfacet
  facet normal 0 1 0
    outer loop
      vertex 3.99994 36 40
      vertex -8.41329 36 21.2175
      vertex -8.58579 36 21.4142
    endloop
  endfacet
  facet normal 0 1 0
    outer loop
      vertex 3.99994 36 40
      vertex -8.26795 36 21
      vertex -8.41329 36 21.2175
    endloop
  endfacet
  facet normal 0 1 0
    outer loop
      vertex 3.99994 36 40
      vertex -8.15224 36 20.7654
      vertex -8.26795 36 21
    endloop
  endfacet
  facet normal 0 1 0
    outer loop
      vertex 3.99994 36 40
      vertex -8.06815 36 20.5176
      vertex -8.15224 36 20.7654
    endloop
  endfacet
  facet normal 0 1 0
    outer loop
      vertex 3.99994 36 40
      vertex -8.01711 36 20.2611
      vertex -8.06815 36 20.5176
    endloop
  endfacet
  facet normal 0 1 0
    outer loop
      vertex 3.99994 36 40
      vertex -8 36 20
      vertex -8.01711 36 20.2611
    endloop
  endfacet
  facet normal 0 1 -0
    outer loop
      vertex 3.99994 36 0
      vertex -8 36 20
      vertex 3.99994 36 40
    endloop
  endfacet
  facet normal 0 1 0
    outer loop
      vertex -8 36 20
      vertex 3.99994 36 0
      vertex -8.01711 36 19.7389
    endloop
  endfacet
  facet normal 0 1 0
    outer loop
      vertex -8.01711 36 19.7389
      vertex 3.99994 36 0
      vertex -8.06815 36 19.4824
    endloop
  endfacet
  facet normal 0 1 0
    outer loop
      vertex -8.06815 36 19.4824
      vertex 3.99994 36 0
      vertex -8.15224 36 19.2346
    endloop
  endfacet
  facet normal 0 1 0
    outer loop
      vertex -10.7654 36 18.1522
      vertex 3.99994 36 0
      vertex -42.9999 36 0
    endloop
  endfacet
  facet normal 0 1 0
    outer loop
      vertex -9.73895 36 18.0171
      vertex 3.99994 36 0
      vertex -10 36 18
    endloop
  endfacet
  facet normal 0 1 0
    outer loop
      vertex -9.48236 36 18.0681
      vertex 3.99994 36 0
      vertex -9.73895 36 18.0171
    endloop
  endfacet
  facet normal 0 1 0
    outer loop
      vertex -9.23463 36 18.1522
      vertex 3.99994 36 0
      vertex -9.48236 36 18.0681
    endloop
  endfacet
  facet normal 0 1 0
    outer loop
      vertex -9 36 18.268
      vertex 3.99994 36 0
      vertex -9.23463 36 18.1522
    endloop
  endfacet
  facet normal 0 1 0
    outer loop
      vertex -8.78248 36 18.4133
      vertex 3.99994 36 0
      vertex -9 36 18.268
    endloop
  endfacet
  facet normal 0 1 0
    outer loop
      vertex -8.58579 36 18.5858
      vertex 3.99994 36 0
      vertex -8.78248 36 18.4133
    endloop
  endfacet
  facet normal 0 1 0
    outer loop
      vertex -8.41329 36 18.7825
      vertex 3.99994 36 0
      vertex -8.58579 36 18.5858
    endloop
  endfacet
  facet normal 0 1 0
    outer loop
      vertex -8.26795 36 19
      vertex 3.99994 36 0
      vertex -8.41329 36 18.7825
    endloop
  endfacet
  facet normal 0 1 0
    outer loop
      vertex -8.15224 36 19.2346
      vertex 3.99994 36 0
      vertex -8.26795 36 19
    endloop
  endfacet
  facet normal 0 1 0
    outer loop
      vertex -10.5176 36 21.9319
      vertex 3.99994 36 40
      vertex -10.2611 36 21.9829
    endloop
  endfacet
  facet normal 0 1 -0
    outer loop
      vertex -35.2611 36 21.9829
      vertex -42.9999 36 40
      vertex -35 36 22
    endloop
  endfacet
  facet normal 0 1 -0
    outer loop
      vertex -35.5176 36 21.9319
      vertex -42.9999 36 40
      vertex -35.2611 36 21.9829
    endloop
  endfacet
  facet normal 0 1 -0
    outer loop
      vertex -35.7654 36 21.8478
      vertex -42.9999 36 40
      vertex -35.5176 36 21.9319
    endloop
  endfacet
  facet normal 0 1 -0
    outer loop
      vertex -36 36 21.732
      vertex -42.9999 36 40
      vertex -35.7654 36 21.8478
    endloop
  endfacet
  facet normal 0 1 -0
    outer loop
      vertex -36.2175 36 21.5867
      vertex -42.9999 36 40
      vertex -36 36 21.732
    endloop
  endfacet
  facet normal 0 1 -0
    outer loop
      vertex -36.4142 36 21.4142
      vertex -42.9999 36 40
      vertex -36.2175 36 21.5867
    endloop
  endfacet
  facet normal 0 1 -0
    outer loop
      vertex -36.5867 36 21.2175
      vertex -42.9999 36 40
      vertex -36.4142 36 21.4142
    endloop
  endfacet
  facet normal 0 1 -0
    outer loop
      vertex -36.732 36 21
      vertex -42.9999 36 40
      vertex -36.5867 36 21.2175
    endloop
  endfacet
  facet normal 0 1 -0
    outer loop
      vertex -36.8478 36 20.7654
      vertex -42.9999 36 40
      vertex -36.732 36 21
    endloop
  endfacet
  facet normal 0 1 -0
    outer loop
      vertex -36.9319 36 20.5176
      vertex -42.9999 36 40
      vertex -36.8478 36 20.7654
    endloop
  endfacet
  facet normal 0 1 -0
    outer loop
      vertex -36.9829 36 20.2611
      vertex -42.9999 36 40
      vertex -36.9319 36 20.5176
    endloop
  endfacet
  facet normal 0 1 -0
    outer loop
      vertex -37 36 20
      vertex -42.9999 36 40
      vertex -36.9829 36 20.2611
    endloop
  endfacet
  facet normal 0 1 0
    outer loop
      vertex -42.9999 36 0
      vertex -37 36 20
      vertex -36.9829 36 19.7389
    endloop
  endfacet
  facet normal 0 1 0
    outer loop
      vertex -42.9999 36 0
      vertex -36.9829 36 19.7389
      vertex -36.9319 36 19.4824
    endloop
  endfacet
  facet normal 0 1 0
    outer loop
      vertex -34.7389 36 18.0171
      vertex -42.9999 36 0
      vertex -35 36 18
    endloop
  endfacet
  facet normal 0 1 0
    outer loop
      vertex -35 36 18
      vertex -42.9999 36 0
      vertex -35.2611 36 18.0171
    endloop
  endfacet
  facet normal 0 1 0
    outer loop
      vertex -35.2611 36 18.0171
      vertex -42.9999 36 0
      vertex -35.5176 36 18.0681
    endloop
  endfacet
  facet normal 0 1 0
    outer loop
      vertex -37 36 20
      vertex -42.9999 36 0
      vertex -42.9999 36 40
    endloop
  endfacet
  facet normal 0 1 0
    outer loop
      vertex -36.8478 36 19.2346
      vertex -42.9999 36 0
      vertex -36.9319 36 19.4824
    endloop
  endfacet
  facet normal 0 1 0
    outer loop
      vertex -36.732 36 19
      vertex -42.9999 36 0
      vertex -36.8478 36 19.2346
    endloop
  endfacet
  facet normal 0 1 0
    outer loop
      vertex -36.5867 36 18.7825
      vertex -42.9999 36 0
      vertex -36.732 36 19
    endloop
  endfacet
  facet normal 0 1 0
    outer loop
      vertex -36.4142 36 18.5858
      vertex -42.9999 36 0
      vertex -36.5867 36 18.7825
    endloop
  endfacet
  facet normal 0 1 0
    outer loop
      vertex -36.2175 36 18.4133
      vertex -42.9999 36 0
      vertex -36.4142 36 18.5858
    endloop
  endfacet
  facet normal 0 1 0
    outer loop
      vertex -36 36 18.268
      vertex -42.9999 36 0
      vertex -36.2175 36 18.4133
    endloop
  endfacet
  facet normal 0 1 0
    outer loop
      vertex -35.7654 36 18.1522
      vertex -42.9999 36 0
      vertex -36 36 18.268
    endloop
  endfacet
  facet normal 0 1 0
    outer loop
      vertex -35.5176 36 18.0681
      vertex -42.9999 36 0
      vertex -35.7654 36 18.1522
    endloop
  endfacet
  facet normal -0.0653272 0.997864 0
    outer loop
      vertex -42.9999 36 0
      vertex -43.2611 35.9829 40
      vertex -42.9999 36 40
    endloop
  endfacet
  facet normal -0.0653272 0.997864 0
    outer loop
      vertex -43.2611 35.9829 40
      vertex -42.9999 36 0
      vertex -43.2611 35.9829 0
    endloop
  endfacet
  facet normal -0.195013 0.980801 0
    outer loop
      vertex -43.2611 35.9829 0
      vertex -43.5176 35.9319 40
      vertex -43.2611 35.9829 40
    endloop
  endfacet
  facet normal -0.195013 0.980801 0
    outer loop
      vertex -43.5176 35.9319 40
      vertex -43.2611 35.9829 0
      vertex -43.5176 35.9319 0
    endloop
  endfacet
  facet normal -0.321725 0.946833 0
    outer loop
      vertex -43.5176 35.9319 0
      vertex -43.7654 35.8477 40
      vertex -43.5176 35.9319 40
    endloop
  endfacet
  facet normal -0.321725 0.946833 0
    outer loop
      vertex -43.7654 35.8477 40
      vertex -43.5176 35.9319 0
      vertex -43.7654 35.8477 0
    endloop
  endfacet
  facet normal -0.442006 0.897012 0
    outer loop
      vertex -43.7654 35.8477 0
      vertex -44 35.7321 40
      vertex -43.7654 35.8477 40
    endloop
  endfacet
  facet normal -0.442006 0.897012 0
    outer loop
      vertex -44 35.7321 40
      vertex -43.7654 35.8477 0
      vertex -44 35.7321 0
    endloop
  endfacet
  facet normal -0.555758 0.831344 0
    outer loop
      vertex -44 35.7321 0
      vertex -44.2175 35.5867 40
      vertex -44 35.7321 40
    endloop
  endfacet
  facet normal -0.555758 0.831344 0
    outer loop
      vertex -44.2175 35.5867 40
      vertex -44 35.7321 0
      vertex -44.2175 35.5867 0
    endloop
  endfacet
  facet normal -0.659343 0.751842 0
    outer loop
      vertex -44.2175 35.5867 0
      vertex -44.4142 35.4142 40
      vertex -44.2175 35.5867 40
    endloop
  endfacet
  facet normal -0.659343 0.751842 0
    outer loop
      vertex -44.4142 35.4142 40
      vertex -44.2175 35.5867 0
      vertex -44.4142 35.4142 0
    endloop
  endfacet
  facet normal -0.751842 0.659343 0
    outer loop
      vertex -44.5867 35.2175 0
      vertex -44.4142 35.4142 40
      vertex -44.4142 35.4142 0
    endloop
  endfacet
  facet normal -0.751842 0.659343 0
    outer loop
      vertex -44.4142 35.4142 40
      vertex -44.5867 35.2175 0
      vertex -44.5867 35.2175 40
    endloop
  endfacet
  facet normal -0.831344 0.555758 0
    outer loop
      vertex -44.7321 35 0
      vertex -44.5867 35.2175 40
      vertex -44.5867 35.2175 0
    endloop
  endfacet
  facet normal -0.831344 0.555758 0
    outer loop
      vertex -44.5867 35.2175 40
      vertex -44.7321 35 0
      vertex -44.7321 35 40
    endloop
  endfacet
  facet normal -0.897012 0.442006 0
    outer loop
      vertex -44.8477 34.7654 0
      vertex -44.7321 35 40
      vertex -44.7321 35 0
    endloop
  endfacet
  facet normal -0.897012 0.442006 0
    outer loop
      vertex -44.7321 35 40
      vertex -44.8477 34.7654 0
      vertex -44.8477 34.7654 40
    endloop
  endfacet
  facet normal -0.946833 0.321725 0
    outer loop
      vertex -44.9319 34.5176 0
      vertex -44.8477 34.7654 40
      vertex -44.8477 34.7654 0
    endloop
  endfacet
  facet normal -0.946833 0.321725 0
    outer loop
      vertex -44.8477 34.7654 40
      vertex -44.9319 34.5176 0
      vertex -44.9319 34.5176 40
    endloop
  endfacet
  facet normal -0.980801 0.195013 0
    outer loop
      vertex -44.9829 34.2611 0
      vertex -44.9319 34.5176 40
      vertex -44.9319 34.5176 0
    endloop
  endfacet
  facet normal -0.980801 0.195013 0
    outer loop
      vertex -44.9319 34.5176 40
      vertex -44.9829 34.2611 0
      vertex -44.9829 34.2611 40
    endloop
  endfacet
  facet normal -0.997864 0.0653272 0
    outer loop
      vertex -45 33.9999 0
      vertex -44.9829 34.2611 40
      vertex -44.9829 34.2611 0
    endloop
  endfacet
  facet normal -0.997864 0.0653272 0
    outer loop
      vertex -44.9829 34.2611 40
      vertex -45 33.9999 0
      vertex -45 33.9999 40
    endloop
  endfacet
  facet normal -1 0 0
    outer loop
      vertex -45 32.0001 0
      vertex -45 33.9999 40
      vertex -45 33.9999 0
    endloop
  endfacet
  facet normal -1 -0 0
    outer loop
      vertex -45 33.9999 40
      vertex -45 32.0001 0
      vertex -45 32.0001 40
    endloop
  endfacet
  facet normal -0.997864 -0.0653272 0
    outer loop
      vertex -44.9829 31.7389 0
      vertex -45 32.0001 40
      vertex -45 32.0001 0
    endloop
  endfacet
  facet normal -0.997864 -0.0653272 0
    outer loop
      vertex -45 32.0001 40
      vertex -44.9829 31.7389 0
      vertex -44.9829 31.7389 40
    endloop
  endfacet
  facet normal -0.980801 -0.195013 0
    outer loop
      vertex -44.9319 31.4824 0
      vertex -44.9829 31.7389 40
      vertex -44.9829 31.7389 0
    endloop
  endfacet
  facet normal -0.980801 -0.195013 0
    outer loop
      vertex -44.9829 31.7389 40
      vertex -44.9319 31.4824 0
      vertex -44.9319 31.4824 40
    endloop
  endfacet
  facet normal -0.946833 -0.321725 0
    outer loop
      vertex -44.8477 31.2346 0
      vertex -44.9319 31.4824 40
      vertex -44.9319 31.4824 0
    endloop
  endfacet
  facet normal -0.946833 -0.321725 0
    outer loop
      vertex -44.9319 31.4824 40
      vertex -44.8477 31.2346 0
      vertex -44.8477 31.2346 40
    endloop
  endfacet
  facet normal -0.897012 -0.442006 0
    outer loop
      vertex -44.7321 31 0
      vertex -44.8477 31.2346 40
      vertex -44.8477 31.2346 0
    endloop
  endfacet
  facet normal -0.897012 -0.442006 0
    outer loop
      vertex -44.8477 31.2346 40
      vertex -44.7321 31 0
      vertex -44.7321 31 40
    endloop
  endfacet
  facet normal -0.831344 -0.555758 0
    outer loop
      vertex -44.5867 30.7825 0
      vertex -44.7321 31 40
      vertex -44.7321 31 0
    endloop
  endfacet
  facet normal -0.831344 -0.555758 0
    outer loop
      vertex -44.7321 31 40
      vertex -44.5867 30.7825 0
      vertex -44.5867 30.7825 40
    endloop
  endfacet
  facet normal -0.751842 -0.659343 0
    outer loop
      vertex -44.4142 30.5858 0
      vertex -44.5867 30.7825 40
      vertex -44.5867 30.7825 0
    endloop
  endfacet
  facet normal -0.751842 -0.659343 0
    outer loop
      vertex -44.5867 30.7825 40
      vertex -44.4142 30.5858 0
      vertex -44.4142 30.5858 40
    endloop
  endfacet
  facet normal -0.659343 -0.751842 0
    outer loop
      vertex -44.4142 30.5858 0
      vertex -44.2175 30.4133 40
      vertex -44.4142 30.5858 40
    endloop
  endfacet
  facet normal -0.659343 -0.751842 -0
    outer loop
      vertex -44.2175 30.4133 40
      vertex -44.4142 30.5858 0
      vertex -44.2175 30.4133 0
    endloop
  endfacet
  facet normal -0.555758 -0.831344 0
    outer loop
      vertex -44.2175 30.4133 0
      vertex -44 30.2679 40
      vertex -44.2175 30.4133 40
    endloop
  endfacet
  facet normal -0.555758 -0.831344 -0
    outer loop
      vertex -44 30.2679 40
      vertex -44.2175 30.4133 0
      vertex -44 30.2679 0
    endloop
  endfacet
  facet normal -0.442006 -0.897012 0
    outer loop
      vertex -44 30.2679 0
      vertex -43.7654 30.1523 40
      vertex -44 30.2679 40
    endloop
  endfacet
  facet normal -0.442006 -0.897012 -0
    outer loop
      vertex -43.7654 30.1523 40
      vertex -44 30.2679 0
      vertex -43.7654 30.1523 0
    endloop
  endfacet
  facet normal -0.321725 -0.946833 0
    outer loop
      vertex -43.7654 30.1523 0
      vertex -43.5176 30.0681 40
      vertex -43.7654 30.1523 40
    endloop
  endfacet
  facet normal -0.321725 -0.946833 -0
    outer loop
      vertex -43.5176 30.0681 40
      vertex -43.7654 30.1523 0
      vertex -43.5176 30.0681 0
    endloop
  endfacet
  facet normal -0.195013 -0.980801 0
    outer loop
      vertex -43.5176 30.0681 0
      vertex -43.2611 30.0171 40
      vertex -43.5176 30.0681 40
    endloop
  endfacet
  facet normal -0.195013 -0.980801 -0
    outer loop
      vertex -43.2611 30.0171 40
      vertex -43.5176 30.0681 0
      vertex -43.2611 30.0171 0
    endloop
  endfacet
  facet normal -0.0653272 -0.997864 0
    outer loop
      vertex -43.2611 30.0171 0
      vertex -42.9999 30 40
      vertex -43.2611 30.0171 40
    endloop
  endfacet
  facet normal -0.0653272 -0.997864 -0
    outer loop
      vertex -42.9999 30 40
      vertex -43.2611 30.0171 0
      vertex -42.9999 30 0
    endloop
  endfacet
  facet normal -0.0653634 -0.997862 0
    outer loop
      vertex -4 30 0
      vertex -3.47789 29.9658 40
      vertex -4 30 40
    endloop
  endfacet
  facet normal -0.0653634 -0.997862 -0
    outer loop
      vertex -3.47789 29.9658 40
      vertex -4 30 0
      vertex -3.47789 29.9658 0
    endloop
  endfacet
  facet normal -0.195135 -0.980776 0
    outer loop
      vertex -3.47789 29.9658 0
      vertex -2.96472 29.8637 40
      vertex -3.47789 29.9658 40
    endloop
  endfacet
  facet normal -0.195135 -0.980776 -0
    outer loop
      vertex -2.96472 29.8637 40
      vertex -3.47789 29.9658 0
      vertex -2.96472 29.8637 0
    endloop
  endfacet
  facet normal -0.321469 -0.94692 0
    outer loop
      vertex -2.96472 29.8637 0
      vertex -2.46927 29.6955 40
      vertex -2.96472 29.8637 40
    endloop
  endfacet
  facet normal -0.321469 -0.94692 -0
    outer loop
      vertex -2.46927 29.6955 40
      vertex -2.96472 29.8637 0
      vertex -2.46927 29.6955 0
    endloop
  endfacet
  facet normal -0.44226 -0.896887 0
    outer loop
      vertex -2.46927 29.6955 0
      vertex -2 29.4641 40
      vertex -2.46927 29.6955 40
    endloop
  endfacet
  facet normal -0.44226 -0.896887 -0
    outer loop
      vertex -2 29.4641 40
      vertex -2.46927 29.6955 0
      vertex -2 29.4641 0
    endloop
  endfacet
  facet normal -0.555591 -0.831456 0
    outer loop
      vertex -2 29.4641 0
      vertex -1.56496 29.1734 40
      vertex -2 29.4641 40
    endloop
  endfacet
  facet normal -0.555591 -0.831456 -0
    outer loop
      vertex -1.56496 29.1734 40
      vertex -2 29.4641 0
      vertex -1.56496 29.1734 0
    endloop
  endfacet
  facet normal -0.659353 -0.751834 0
    outer loop
      vertex -1.56496 29.1734 0
      vertex -1.17157 28.8284 40
      vertex -1.56496 29.1734 40
    endloop
  endfacet
  facet normal -0.659353 -0.751834 -0
    outer loop
      vertex -1.17157 28.8284 40
      vertex -1.56496 29.1734 0
      vertex -1.17157 28.8284 0
    endloop
  endfacet
  facet normal -0.751855 -0.659328 0
    outer loop
      vertex -0.826584 28.435 0
      vertex -1.17157 28.8284 40
      vertex -1.17157 28.8284 0
    endloop
  endfacet
  facet normal -0.751855 -0.659328 0
    outer loop
      vertex -1.17157 28.8284 40
      vertex -0.826584 28.435 0
      vertex -0.826584 28.435 40
    endloop
  endfacet
  facet normal -0.83145 -0.5556 0
    outer loop
      vertex -0.535904 28 0
      vertex -0.826584 28.435 40
      vertex -0.826584 28.435 0
    endloop
  endfacet
  facet normal -0.83145 -0.5556 0
    outer loop
      vertex -0.826584 28.435 40
      vertex -0.535904 28 0
      vertex -0.535904 28 40
    endloop
  endfacet
  facet normal -0.896886 -0.442261 0
    outer loop
      vertex -0.304489 27.5307 0
      vertex -0.535904 28 40
      vertex -0.535904 28 0
    endloop
  endfacet
  facet normal -0.896886 -0.442261 0
    outer loop
      vertex -0.535904 28 40
      vertex -0.304489 27.5307 0
      vertex -0.304489 27.5307 40
    endloop
  endfacet
  facet normal -0.946912 -0.321493 0
    outer loop
      vertex -0.136292 27.0353 0
      vertex -0.304489 27.5307 40
      vertex -0.304489 27.5307 0
    endloop
  endfacet
  facet normal -0.946912 -0.321493 0
    outer loop
      vertex -0.304489 27.5307 40
      vertex -0.136292 27.0353 0
      vertex -0.136292 27.0353 40
    endloop
  endfacet
  facet normal -0.980791 -0.195062 0
    outer loop
      vertex -0.0342255 26.5221 0
      vertex -0.136292 27.0353 40
      vertex -0.136292 27.0353 0
    endloop
  endfacet
  facet normal -0.980791 -0.195062 0
    outer loop
      vertex -0.136292 27.0353 40
      vertex -0.0342255 26.5221 0
      vertex -0.0342255 26.5221 40
    endloop
  endfacet
  facet normal -0.997858 -0.0654131 0
    outer loop
      vertex 0 26 0
      vertex -0.0342255 26.5221 40
      vertex -0.0342255 26.5221 0
    endloop
  endfacet
  facet normal -0.997858 -0.0654131 0
    outer loop
      vertex -0.0342255 26.5221 40
      vertex 0 26 0
      vertex 0 26 40
    endloop
  endfacet
  facet normal -1 0 0
    outer loop
      vertex 0 2.00006 0
      vertex 0 26 40
      vertex 0 26 0
    endloop
  endfacet
  facet normal -1 -0 0
    outer loop
      vertex 0 26 40
      vertex 0 2.00006 0
      vertex 0 2.00006 40
    endloop
  endfacet
  facet normal -0.997858 -0.0654123 0
    outer loop
      vertex 0.0171204 1.73889 0
      vertex 0 2.00006 40
      vertex 0 2.00006 0
    endloop
  endfacet
  facet normal -0.997858 -0.0654123 0
    outer loop
      vertex 0 2.00006 40
      vertex 0.0171204 1.73889 0
      vertex 0.0171204 1.73889 40
    endloop
  endfacet
  facet normal -0.980784 -0.195099 0
    outer loop
      vertex 0.0681458 1.48238 0
      vertex 0.0171204 1.73889 40
      vertex 0.0171204 1.73889 0
    endloop
  endfacet
  facet normal -0.980784 -0.195099 0
    outer loop
      vertex 0.0171204 1.73889 40
      vertex 0.0681458 1.48238 0
      vertex 0.0681458 1.48238 40
    endloop
  endfacet
  facet normal -0.946935 -0.321427 0
    outer loop
      vertex 0.152252 1.2346 0
      vertex 0.0681458 1.48238 40
      vertex 0.0681458 1.48238 0
    endloop
  endfacet
  facet normal -0.946935 -0.321427 0
    outer loop
      vertex 0.0681458 1.48238 40
      vertex 0.152252 1.2346 0
      vertex 0.152252 1.2346 40
    endloop
  endfacet
  facet normal -0.896881 -0.442273 0
    outer loop
      vertex 0.267914 1.00005 0
      vertex 0.152252 1.2346 40
      vertex 0.152252 1.2346 0
    endloop
  endfacet
  facet normal -0.896881 -0.442273 0
    outer loop
      vertex 0.152252 1.2346 40
      vertex 0.267914 1.00005 0
      vertex 0.267914 1.00005 40
    endloop
  endfacet
  facet normal -0.831462 -0.555582 0
    outer loop
      vertex 0.4133 0.782471 0
      vertex 0.267914 1.00005 40
      vertex 0.267914 1.00005 0
    endloop
  endfacet
  facet normal -0.831462 -0.555582 0
    outer loop
      vertex 0.267914 1.00005 40
      vertex 0.4133 0.782471 0
      vertex 0.4133 0.782471 40
    endloop
  endfacet
  facet normal -0.751847 -0.659337 0
    outer loop
      vertex 0.585785 0.585785 0
      vertex 0.4133 0.782471 40
      vertex 0.4133 0.782471 0
    endloop
  endfacet
  facet normal -0.751847 -0.659337 0
    outer loop
      vertex 0.4133 0.782471 40
      vertex 0.585785 0.585785 0
      vertex 0.585785 0.585785 40
    endloop
  endfacet
  facet normal -0.659337 -0.751847 0
    outer loop
      vertex 0.585785 0.585785 0
      vertex 0.782471 0.4133 40
      vertex 0.585785 0.585785 40
    endloop
  endfacet
  facet normal -0.659337 -0.751847 -0
    outer loop
      vertex 0.782471 0.4133 40
      vertex 0.585785 0.585785 0
      vertex 0.782471 0.4133 0
    endloop
  endfacet
  facet normal -0.555582 -0.831462 0
    outer loop
      vertex 0.782471 0.4133 0
      vertex 1.00005 0.267914 40
      vertex 0.782471 0.4133 40
    endloop
  endfacet
  facet normal -0.555582 -0.831462 -0
    outer loop
      vertex 1.00005 0.267914 40
      vertex 0.782471 0.4133 0
      vertex 1.00005 0.267914 0
    endloop
  endfacet
  facet normal -0.442273 -0.896881 0
    outer loop
      vertex 1.00005 0.267914 0
      vertex 1.2346 0.152252 40
      vertex 1.00005 0.267914 40
    endloop
  endfacet
  facet normal -0.442273 -0.896881 -0
    outer loop
      vertex 1.2346 0.152252 40
      vertex 1.00005 0.267914 0
      vertex 1.2346 0.152252 0
    endloop
  endfacet
  facet normal -0.321427 -0.946935 0
    outer loop
      vertex 1.2346 0.152252 0
      vertex 1.48238 0.0681458 40
      vertex 1.2346 0.152252 40
    endloop
  endfacet
  facet normal -0.321427 -0.946935 -0
    outer loop
      vertex 1.48238 0.0681458 40
      vertex 1.2346 0.152252 0
      vertex 1.48238 0.0681458 0
    endloop
  endfacet
  facet normal -0.195099 -0.980784 0
    outer loop
      vertex 1.48238 0.0681458 0
      vertex 1.73889 0.0171204 40
      vertex 1.48238 0.0681458 40
    endloop
  endfacet
  facet normal -0.195099 -0.980784 -0
    outer loop
      vertex 1.73889 0.0171204 40
      vertex 1.48238 0.0681458 0
      vertex 1.73889 0.0171204 0
    endloop
  endfacet
  facet normal -0.0654123 -0.997858 0
    outer loop
      vertex 1.73889 0.0171204 0
      vertex 2.00006 0 40
      vertex 1.73889 0.0171204 40
    endloop
  endfacet
  facet normal -0.0654123 -0.997858 -0
    outer loop
      vertex 2.00006 0 40
      vertex 1.73889 0.0171204 0
      vertex 2.00006 0 0
    endloop
  endfacet
  facet normal 0 -1 0
    outer loop
      vertex 2.00006 0 0
      vertex 48.9999 0 40
      vertex 2.00006 0 40
    endloop
  endfacet
  facet normal 0 -1 -0
    outer loop
      vertex 48.9999 0 40
      vertex 2.00006 0 0
      vertex 48.9999 0 0
    endloop
  endfacet
  facet normal 0.0654048 -0.997859 0
    outer loop
      vertex 48.9999 0 0
      vertex 49.2611 0.0171204 40
      vertex 48.9999 0 40
    endloop
  endfacet
  facet normal 0.0654048 -0.997859 0
    outer loop
      vertex 49.2611 0.0171204 40
      vertex 48.9999 0 0
      vertex 49.2611 0.0171204 0
    endloop
  endfacet
endsolid OpenSCAD_Model
