solid OpenSCAD_Model
  facet normal -0.065458 0.00216495 0.997853
    outer loop
      vertex 32.3524 34.1 12.1156
      vertex 30.7853 34.1 12.0128
      vertex 30.7836 34.0486 12.0128
    endloop
  endfacet
  facet normal -0.194249 0.0191502 0.980765
    outer loop
      vertex 35.4032 33.3887 12.627
      vertex 33.9011 33.8443 12.3206
      vertex 33.876 33.5897 12.3206
    endloop
  endfacet
  facet normal 0.210408 -0.150872 0.965902
    outer loop
      vertex 25.4686 37.1278 12.627
      vertex 25.6764 37.4176 12.627
      vertex 24.2073 37.9706 13.0334
    endloop
  endfacet
  facet normal -0.100938 0.0828713 0.991435
    outer loop
      vertex 32.9393 31.5223 12.3206
      vertex 31.8663 32.6679 12.1156
      vertex 31.7686 32.5489 12.1156
    endloop
  endfacet
  facet normal -0.190105 -0.0443223 0.980763
    outer loop
      vertex 33.8344 34.8627 12.3206
      vertex 35.2641 35.5105 12.627
      vertex 33.7763 35.1119 12.3206
    endloop
  endfacet
  facet normal -0.0892877 0.0953117 0.991435
    outer loop
      vertex 32.5777 31.1607 12.3206
      vertex 32.7644 31.3356 12.3206
      vertex 31.5511 32.3314 12.1156
    endloop
  endfacet
  facet normal 0.0920218 -0.17214 0.980765
    outer loop
      vertex 28.0453 37.4857 12.3206
      vertex 28.2709 37.6063 12.3206
      vertex 27.5896 38.9878 12.627
    endloop
  endfacet
  facet normal 0.235843 0.106819 0.965903
    outer loop
      vertex 23.7516 31.0186 13.0334
      vertex 24.965 32.0144 12.627
      vertex 23.5635 31.4339 13.0334
    endloop
  endfacet
  facet normal 0.321458 0.0105234 0.946865
    outer loop
      vertex 21.5641 33.5471 13.5383
      vertex 23.0332 34.1 13.0334
      vertex 21.546 34.1 13.5383
    endloop
  endfacet
  facet normal -0.046077 -0.122193 0.991436
    outer loop
      vertex 30.9002 36.2733 12.1156
      vertex 31.4961 37.7119 12.3206
      vertex 30.7562 36.3276 12.1156
    endloop
  endfacet
  facet normal 0.157984 0.3487 0.923823
    outer loop
      vertex 26.2214 25.3125 14
      vertex 26.7648 26.2895 13.5383
      vertex 26.2609 26.5178 13.5383
    endloop
  endfacet
  facet normal 0.157941 0.348724 0.923822
    outer loop
      vertex 26.7648 26.2895 13.5383
      vertex 26.2214 25.3125 14
      vertex 26.3382 25.2596 14
    endloop
  endfacet
  facet normal -0.130535 0.00424091 0.991435
    outer loop
      vertex 33.9011 33.8443 12.3206
      vertex 32.3524 34.1 12.1156
      vertex 32.3474 33.9461 12.1156
    endloop
  endfacet
  facet normal -0.0805733 0.177787 0.980765
    outer loop
      vertex 32.0856 29.065 12.627
      vertex 32.4104 29.2122 12.627
      vertex 31.4961 30.4881 12.3206
    endloop
  endfacet
  facet normal 0.190099 0.0443364 0.980763
    outer loop
      vertex 24.7359 32.6895 12.627
      vertex 26.1656 33.3373 12.3206
      vertex 24.6549 33.0368 12.627
    endloop
  endfacet
  facet normal -0.0623516 0.377723 0.923817
    outer loop
      vertex 31.8668 24.7151 14
      vertex 31.6493 25.8084 13.5383
      vertex 31.3755 24.634 14
    endloop
  endfacet
  facet normal 0.283652 -0.151634 0.946862
    outer loop
      vertex 23.7516 37.1814 13.0334
      vertex 23.9665 37.5834 13.0334
      vertex 22.6786 38.327 13.5383
    endloop
  endfacet
  facet normal 0.123817 -0.1509 0.980764
    outer loop
      vertex 27.4223 37.0393 12.3206
      vertex 27.6201 37.2016 12.3206
      vertex 26.4067 38.1974 12.627
    endloop
  endfacet
  facet normal -0.194247 -0.0191565 0.980766
    outer loop
      vertex 35.4382 34.4564 12.627
      vertex 35.4032 34.8113 12.627
      vertex 33.9011 34.3557 12.3206
    endloop
  endfacet
  facet normal 0.28366 -0.151626 0.946861
    outer loop
      vertex 23.7516 37.1814 13.0334
      vertex 22.6786 38.327 13.5383
      vertex 22.4178 37.8391 13.5383
    endloop
  endfacet
  facet normal 0.0379308 -0.124973 0.991435
    outer loop
      vertex 29.2438 36.3276 12.1156
      vertex 28.9881 37.8763 12.3206
      vertex 28.7433 37.802 12.3206
    endloop
  endfacet
  facet normal -0.158659 -0.113709 0.980764
    outer loop
      vertex 33.2506 36.272 12.3206
      vertex 34.3236 37.4176 12.627
      vertex 33.1016 36.4799 12.3206
    endloop
  endfacet
  facet normal -0.13345 -0.142453 0.980764
    outer loop
      vertex 32.7644 36.8644 12.3206
      vertex 33.5933 38.1974 12.627
      vertex 32.5777 37.0393 12.3206
    endloop
  endfacet
  facet normal 0.124973 -0.0379308 0.991435
    outer loop
      vertex 27.7724 34.8562 12.1156
      vertex 26.298 35.3567 12.3206
      vertex 26.2237 35.1119 12.3206
    endloop
  endfacet
  facet normal 0.0213044 0.128845 0.991436
    outer loop
      vertex 29.6929 31.7677 12.1156
      vertex 29.5411 31.7928 12.1156
      vertex 29.2373 30.2656 12.3206
    endloop
  endfacet
  facet normal -0.0532363 -0.0381413 0.997853
    outer loop
      vertex 31.956 35.4069 12.1156
      vertex 31.8663 35.5321 12.1156
      vertex 30.623 34.578 12.0128
    endloop
  endfacet
  facet normal -0.0190055 0.0626714 0.997853
    outer loop
      vertex 30.6088 31.8277 12.1156
      vertex 30.7562 31.8724 12.1156
      vertex 30.2524 33.3564 12.0128
    endloop
  endfacet
  facet normal -0.283652 -0.151634 0.946862
    outer loop
      vertex 36.2484 37.1814 13.0334
      vertex 37.3214 38.327 13.5383
      vertex 36.0335 37.5834 13.0334
    endloop
  endfacet
  facet normal -0.358287 -0.134858 0.92382
    outer loop
      vertex 39.0609 37.1758 14
      vertex 38.8855 37.6418 14
      vertex 38.0053 36.8175 13.5383
    endloop
  endfacet
  facet normal -0.188962 0.176978 0.965905
    outer loop
      vertex 34.9263 29.1737 13.0334
      vertex 35.2379 29.5064 13.0334
      vertex 33.8536 30.2464 12.627
    endloop
  endfacet
  facet normal 0.0189815 0.062677 0.997853
    outer loop
      vertex 29.7968 33.3415 12.0128
      vertex 29.7476 33.3564 12.0128
      vertex 29.3912 31.8277 12.1156
    endloop
  endfacet
  facet normal -0.0566485 0.186803 0.980763
    outer loop
      vertex 31.4105 28.8359 12.627
      vertex 31.7518 28.9394 12.627
      vertex 31.0119 30.3237 12.3206
    endloop
  endfacet
  facet normal 0.158084 0.348692 0.923809
    outer loop
      vertex 26.2214 25.3125 14
      vertex 26.2609 26.5178 13.5383
      vertex 25.7679 25.5181 14
    endloop
  endfacet
  facet normal 0.0105107 0.321458 0.946865
    outer loop
      vertex 30 25.646 13.5383
      vertex 30 27.1332 13.0334
      vertex 29.5443 27.1481 13.0334
    endloop
  endfacet
  facet normal 0.0588295 0.252127 0.965904
    outer loop
      vertex 28.6408 27.267 13.0334
      vertex 28.5895 28.8359 12.627
      vertex 28.1968 27.3706 13.0334
    endloop
  endfacet
  facet normal -0.234751 0.219863 0.946864
    outer loop
      vertex 35.9779 28.1221 13.5383
      vertex 35.2379 29.5064 13.0334
      vertex 34.9263 29.1737 13.0334
    endloop
  endfacet
  facet normal 0.33764 -0.180428 0.923821
    outer loop
      vertex 22.6786 38.327 13.5383
      vertex 21.7132 38.8844 14
      vertex 21.4785 38.4452 14
    endloop
  endfacet
  facet normal 0.0231072 -0.0612789 0.997853
    outer loop
      vertex 29.7476 34.8436 12.0128
      vertex 29.2438 36.3276 12.1156
      vertex 29.0998 36.2733 12.1156
    endloop
  endfacet
  facet normal 0.0689575 0.110914 0.991435
    outer loop
      vertex 28.0453 30.7143 12.3206
      vertex 28.6931 32.144 12.1156
      vertex 27.828 30.8494 12.3206
    endloop
  endfacet
  facet normal -0.010684 0.064615 0.997853
    outer loop
      vertex 30.3071 31.7677 12.1156
      vertex 30.4589 31.7928 12.1156
      vertex 30.1532 33.3298 12.0128
    endloop
  endfacet
  facet normal 0.188962 -0.176978 0.965905
    outer loop
      vertex 26.1464 37.9536 12.627
      vertex 25.0737 39.0263 13.0334
      vertex 24.7621 38.6936 13.0334
    endloop
  endfacet
  facet normal 0.234751 -0.219863 0.946864
    outer loop
      vertex 24.7621 38.6936 13.0334
      vertex 25.0737 39.0263 13.0334
      vertex 24.0221 40.0779 13.5383
    endloop
  endfacet
  facet normal -0.27923 -0.261909 0.923815
    outer loop
      vertex 35.9779 40.0779 13.5383
      vertex 36.8538 40.7726 14
      vertex 36.7661 40.8661 14
    endloop
  endfacet
  facet normal -0.279406 -0.261692 0.923823
    outer loop
      vertex 36.8538 40.7726 14
      vertex 35.9779 40.0779 13.5383
      vertex 36.3561 39.6741 13.5383
    endloop
  endfacet
  facet normal -0.110932 -0.0689185 0.991436
    outer loop
      vertex 32.0372 35.2762 12.1156
      vertex 33.3857 36.0547 12.3206
      vertex 31.956 35.4069 12.1156
    endloop
  endfacet
  facet normal -0.219872 -0.136685 0.965905
    outer loop
      vertex 34.7197 36.8249 12.627
      vertex 36.0335 37.5834 13.0334
      vertex 34.5314 37.1278 12.627
    endloop
  endfacet
  facet normal -0.0689185 0.110932 0.991436
    outer loop
      vertex 31.9547 30.7143 12.3206
      vertex 31.3069 32.144 12.1156
      vertex 31.1762 32.0628 12.1156
    endloop
  endfacet
  facet normal -0.172138 0.0920206 0.980765
    outer loop
      vertex 34.7197 31.3751 12.627
      vertex 33.5063 32.3709 12.3206
      vertex 33.3857 32.1453 12.3206
    endloop
  endfacet
  facet normal -0.0953126 0.0892866 0.991435
    outer loop
      vertex 32.9393 31.5223 12.3206
      vertex 31.7686 32.5489 12.1156
      vertex 31.6634 32.4366 12.1156
    endloop
  endfacet
  facet normal -0.235843 0.106819 0.965903
    outer loop
      vertex 36.2484 31.0186 13.0334
      vertex 36.4365 31.4339 13.0334
      vertex 35.035 32.0144 12.627
    endloop
  endfacet
  facet normal 0.158625 -0.113741 0.980766
    outer loop
      vertex 26.7494 36.272 12.3206
      vertex 25.6764 37.4176 12.627
      vertex 25.4686 37.1278 12.627
    endloop
  endfacet
  facet normal 0.366336 0.111146 0.923821
    outer loop
      vertex 20.9391 31.0242 14
      vertex 21.9947 31.3825 13.5383
      vertex 20.7945 31.5008 14
    endloop
  endfacet
  facet normal 0.317336 0.0523485 0.946867
    outer loop
      vertex 23.167 32.7408 13.0334
      vertex 23.0928 33.1906 13.0334
      vertex 21.6183 32.9965 13.5383
    endloop
  endfacet
  facet normal 0.24286 0.295944 0.923816
    outer loop
      vertex 24.4259 27.7439 13.5383
      vertex 23.79 26.8245 14
      vertex 24.8535 27.393 13.5383
    endloop
  endfacet
  facet normal 0.242814 0.295977 0.923818
    outer loop
      vertex 23.79 26.8245 14
      vertex 24.4259 27.7439 13.5383
      vertex 23.6909 26.9058 14
    endloop
  endfacet
  facet normal 0.0124547 0.382637 0.923815
    outer loop
      vertex 30 24.5313 14
      vertex 30 25.646 13.5383
      vertex 29.5023 24.5475 14
    endloop
  endfacet
  facet normal -0.242873 0.295922 0.92382
    outer loop
      vertex 35.8251 26.5086 14
      vertex 36.21 26.8245 14
      vertex 35.1465 27.393 13.5383
    endloop
  endfacet
  facet normal 0.151625 0.283657 0.946862
    outer loop
      vertex 26.2609 26.5178 13.5383
      vertex 26.5166 28.0665 13.0334
      vertex 25.773 26.7786 13.5383
    endloop
  endfacet
  facet normal -0.195086 0.00634961 0.980766
    outer loop
      vertex 35.4382 33.7436 12.627
      vertex 35.4498 34.1 12.627
      vertex 33.9011 33.8443 12.3206
    endloop
  endfacet
  facet normal -0.358357 -0.134682 0.923819
    outer loop
      vertex 37.8105 37.3352 13.5383
      vertex 38.8855 37.6418 14
      vertex 38.8404 37.7618 14
    endloop
  endfacet
  facet normal -0.358314 -0.134826 0.923814
    outer loop
      vertex 38.8855 37.6418 14
      vertex 37.8105 37.3352 13.5383
      vertex 38.0053 36.8175 13.5383
    endloop
  endfacet
  facet normal -0.0612934 -0.0230647 0.997853
    outer loop
      vertex 30.7436 34.3524 12.0128
      vertex 32.2276 34.8562 12.1156
      vertex 30.7255 34.4005 12.0128
    endloop
  endfacet
  facet normal 0.366336 -0.111146 0.923821
    outer loop
      vertex 21.9947 36.8175 13.5383
      vertex 20.9391 37.1758 14
      vertex 20.7945 36.6992 14
    endloop
  endfacet
  facet normal 0.358287 -0.134858 0.92382
    outer loop
      vertex 21.9947 36.8175 13.5383
      vertex 21.1145 37.6418 14
      vertex 20.9391 37.1758 14
    endloop
  endfacet
  facet normal 0.301033 -0.113273 0.946862
    outer loop
      vertex 23.4029 36.3394 13.0334
      vertex 22.1895 37.3352 13.5383
      vertex 21.9947 36.8175 13.5383
    endloop
  endfacet
  facet normal 0.192592 0.0317426 0.980765
    outer loop
      vertex 26.1656 33.3373 12.3206
      vertex 26.124 33.5897 12.3206
      vertex 24.5968 33.3887 12.627
    endloop
  endfacet
  facet normal -0.0212392 0.128865 0.991435
    outer loop
      vertex 30.5103 30.224 12.3206
      vertex 30.7627 30.2656 12.3206
      vertex 30.3071 31.7677 12.1156
    endloop
  endfacet
  facet normal 0.0532232 -0.0381624 0.997853
    outer loop
      vertex 29.3471 34.5363 12.0128
      vertex 29.377 34.578 12.0128
      vertex 28.044 35.4069 12.1156
    endloop
  endfacet
  facet normal -0.13345 0.142453 0.980764
    outer loop
      vertex 33.5933 30.0026 12.627
      vertex 32.7644 31.3356 12.3206
      vertex 32.5777 31.1607 12.3206
    endloop
  endfacet
  facet normal 0.313219 0.0730728 0.946865
    outer loop
      vertex 21.8341 31.9119 13.5383
      vertex 23.2706 32.2969 13.0334
      vertex 21.7084 32.4507 13.5383
    endloop
  endfacet
  facet normal 0.13673 0.219858 0.965902
    outer loop
      vertex 26.5166 28.0665 13.0334
      vertex 26.9722 29.5686 12.627
      vertex 26.1294 28.3073 13.0334
    endloop
  endfacet
  facet normal 0.0381418 -0.0532369 0.997853
    outer loop
      vertex 29.5637 34.7529 12.0128
      vertex 28.6931 36.056 12.1156
      vertex 28.5679 35.9663 12.1156
    endloop
  endfacet
  facet normal 0.200122 -0.164242 0.965907
    outer loop
      vertex 25.6764 37.4176 12.627
      vertex 24.7621 38.6936 13.0334
      vertex 24.4728 38.3411 13.0334
    endloop
  endfacet
  facet normal 0.106154 -0.0760799 0.991435
    outer loop
      vertex 28.044 35.4069 12.1156
      vertex 26.8984 36.4799 12.3206
      vertex 26.7494 36.272 12.3206
    endloop
  endfacet
  facet normal 0.307802 -0.0933353 0.946861
    outer loop
      vertex 23.2706 35.9031 13.0334
      vertex 23.4029 36.3394 13.0334
      vertex 21.9947 36.8175 13.5383
    endloop
  endfacet
  facet normal 0.358357 -0.134682 0.923819
    outer loop
      vertex 21.1145 37.6418 14
      vertex 22.1895 37.3352 13.5383
      vertex 21.1596 37.7618 14
    endloop
  endfacet
  facet normal 0.358314 -0.134826 0.923814
    outer loop
      vertex 22.1895 37.3352 13.5383
      vertex 21.1145 37.6418 14
      vertex 21.9947 36.8175 13.5383
    endloop
  endfacet
  facet normal -0.0477971 0.0447752 0.997853
    outer loop
      vertex 31.6634 32.4366 12.1156
      vertex 31.7686 32.5489 12.1156
      vertex 30.5553 33.5447 12.0128
    endloop
  endfacet
  facet normal -0.0637862 -0.0148508 0.997853
    outer loop
      vertex 32.3072 34.5589 12.1156
      vertex 32.2723 34.7088 12.1156
      vertex 30.7702 34.2532 12.0128
    endloop
  endfacet
  facet normal -0.115174 -0.0615693 0.991435
    outer loop
      vertex 33.5063 35.8291 12.3206
      vertex 33.3857 36.0547 12.3206
      vertex 32.0372 35.2762 12.1156
    endloop
  endfacet
  facet normal -0.177786 -0.0805731 0.980765
    outer loop
      vertex 35.035 36.1856 12.627
      vertex 34.8878 36.5104 12.627
      vertex 33.5063 35.8291 12.3206
    endloop
  endfacet
  facet normal -0.257656 -0.0253851 0.965903
    outer loop
      vertex 36.9519 34.5557 13.0334
      vertex 36.9072 35.0094 13.0334
      vertex 35.4032 34.8113 12.627
    endloop
  endfacet
  facet normal 0.219863 -0.234751 0.946864
    outer loop
      vertex 25.0737 39.0263 13.0334
      vertex 25.4064 39.3379 13.0334
      vertex 24.0221 40.0779 13.5383
    endloop
  endfacet
  facet normal 0.133433 -0.142463 0.980765
    outer loop
      vertex 27.2356 36.8644 12.3206
      vertex 26.4067 38.1974 12.627
      vertex 26.1464 37.9536 12.627
    endloop
  endfacet
  facet normal -0.0212381 -0.128858 0.991436
    outer loop
      vertex 30.7627 37.9344 12.3206
      vertex 30.5103 37.976 12.3206
      vertex 30.4589 36.4072 12.1156
    endloop
  endfacet
  facet normal -0.064615 0.010684 0.997853
    outer loop
      vertex 32.3072 33.6411 12.1156
      vertex 32.3323 33.7929 12.1156
      vertex 30.7702 33.9468 12.0128
    endloop
  endfacet
  facet normal 0.106154 0.0760799 0.991435
    outer loop
      vertex 26.8984 31.7201 12.3206
      vertex 28.044 32.7931 12.1156
      vertex 26.7494 31.928 12.3206
    endloop
  endfacet
  facet normal -0.0596592 -0.0270211 0.997853
    outer loop
      vertex 32.1733 35.0002 12.1156
      vertex 32.1098 35.1404 12.1156
      vertex 30.7043 34.4473 12.0128
    endloop
  endfacet
  facet normal 0.0375028 0.380979 0.923823
    outer loop
      vertex 28.8965 25.7183 13.5383
      vertex 28.8786 24.6005 14
      vertex 29.4471 25.6641 13.5383
    endloop
  endfacet
  facet normal 0.0376198 0.380975 0.92382
    outer loop
      vertex 28.8786 24.6005 14
      vertex 28.8965 25.7183 13.5383
      vertex 28.751 24.6131 14
    endloop
  endfacet
  facet normal -0.242315 0.0911767 0.965904
    outer loop
      vertex 36.5971 31.8606 13.0334
      vertex 35.1606 32.3482 12.627
      vertex 35.035 32.0144 12.627
    endloop
  endfacet
  facet normal -0.0588028 0.252126 0.965906
    outer loop
      vertex 31.3592 27.267 13.0334
      vertex 31.4105 28.8359 12.627
      vertex 31.0632 28.7549 12.627
    endloop
  endfacet
  facet normal -0.093385 0.307775 0.946865
    outer loop
      vertex 32.1881 25.9341 13.5383
      vertex 32.7174 26.0947 13.5383
      vertex 31.8031 27.3706 13.0334
    endloop
  endfacet
  facet normal -0.242312 0.0912007 0.965902
    outer loop
      vertex 36.4365 31.4339 13.0334
      vertex 36.5971 31.8606 13.0334
      vertex 35.035 32.0144 12.627
    endloop
  endfacet
  facet normal -0.0532363 0.0381413 0.997853
    outer loop
      vertex 31.8663 32.6679 12.1156
      vertex 31.956 32.7931 12.1156
      vertex 30.623 33.622 12.0128
    endloop
  endfacet
  facet normal -0.257659 -0.0254102 0.965902
    outer loop
      vertex 35.4382 34.4564 12.627
      vertex 36.9519 34.5557 13.0334
      vertex 35.4032 34.8113 12.627
    endloop
  endfacet
  facet normal -0.313221 0.0731014 0.946863
    outer loop
      vertex 38.2916 32.4507 13.5383
      vertex 36.833 32.7408 13.0334
      vertex 36.7294 32.2969 13.0334
    endloop
  endfacet
  facet normal 0.372815 -0.086939 0.923824
    outer loop
      vertex 21.8341 36.2881 13.5383
      vertex 20.7573 36.5766 14
      vertex 20.6442 36.0916 14
    endloop
  endfacet
  facet normal 0.257656 -0.0253851 0.965903
    outer loop
      vertex 24.5968 34.8113 12.627
      vertex 23.0928 35.0094 13.0334
      vertex 23.0481 34.5557 13.0334
    endloop
  endfacet
  facet normal 0.258763 -0.00846076 0.965904
    outer loop
      vertex 24.5502 34.1 12.627
      vertex 23.0481 34.5557 13.0334
      vertex 23.0332 34.1 13.0334
    endloop
  endfacet
  facet normal 0.0149226 -0.0637719 0.997853
    outer loop
      vertex 29.7968 34.8585 12.0128
      vertex 29.8468 34.8702 12.0128
      vertex 29.5411 36.4072 12.1156
    endloop
  endfacet
  facet normal 0.313221 0.0731014 0.946863
    outer loop
      vertex 23.2706 32.2969 13.0334
      vertex 23.167 32.7408 13.0334
      vertex 21.7084 32.4507 13.5383
    endloop
  endfacet
  facet normal 0.204033 0.24863 0.946865
    outer loop
      vertex 24.8535 27.393 13.5383
      vertex 25.4064 28.8621 13.0334
      vertex 24.4259 27.7439 13.5383
    endloop
  endfacet
  facet normal 0.27942 0.261705 0.923815
    outer loop
      vertex 23.6439 28.5259 13.5383
      vertex 22.8935 27.6973 14
      vertex 24.0221 28.1221 13.5383
    endloop
  endfacet
  facet normal 0.279365 0.261756 0.923818
    outer loop
      vertex 22.8935 27.6973 14
      vertex 23.6439 28.5259 13.5383
      vertex 22.8058 27.7909 14
    endloop
  endfacet
  facet normal 0.295924 0.242875 0.923819
    outer loop
      vertex 22.8058 27.7909 14
      vertex 23.6439 28.5259 13.5383
      vertex 22.4899 28.1758 14
    endloop
  endfacet
  facet normal 0.0375131 0.380974 0.923825
    outer loop
      vertex 29.3742 24.5517 14
      vertex 29.4471 25.6641 13.5383
      vertex 28.8786 24.6005 14
    endloop
  endfacet
  facet normal -0.0869774 0.37282 0.923818
    outer loop
      vertex 31.6493 25.8084 13.5383
      vertex 31.9916 24.7442 14
      vertex 32.1881 25.9341 13.5383
    endloop
  endfacet
  facet normal -0.0869346 0.372833 0.923817
    outer loop
      vertex 31.9916 24.7442 14
      vertex 31.6493 25.8084 13.5383
      vertex 31.8668 24.7151 14
    endloop
  endfacet
  facet normal 0.031508 0.32008 0.946867
    outer loop
      vertex 29.4471 25.6641 13.5383
      vertex 29.0906 27.1928 13.0334
      vertex 28.8965 25.7183 13.5383
    endloop
  endfacet
  facet normal 0.086939 0.372815 0.923824
    outer loop
      vertex 28.0084 24.7442 14
      vertex 27.8119 25.9341 13.5383
      vertex 27.5234 24.8573 14
    endloop
  endfacet
  facet normal 0.0624045 0.377712 0.923818
    outer loop
      vertex 28.8965 25.7183 13.5383
      vertex 28.6245 24.634 14
      vertex 28.751 24.6131 14
    endloop
  endfacet
  facet normal 0.0623542 0.377724 0.923816
    outer loop
      vertex 28.6245 24.634 14
      vertex 28.8965 25.7183 13.5383
      vertex 28.3507 25.8084 13.5383
    endloop
  endfacet
  facet normal 0.0623516 0.377723 0.923817
    outer loop
      vertex 28.6245 24.634 14
      vertex 28.3507 25.8084 13.5383
      vertex 28.1332 24.7151 14
    endloop
  endfacet
  facet normal -0.235805 -0.106867 0.965906
    outer loop
      vertex 35.035 36.1856 12.627
      vertex 36.2484 37.1814 13.0334
      vertex 34.8878 36.5104 12.627
    endloop
  endfacet
  facet normal -0.311205 -0.222948 0.923821
    outer loop
      vertex 37.9561 39.4161 14
      vertex 37.6661 39.8209 14
      vertex 37.0292 38.7968 13.5383
    endloop
  endfacet
  facet normal 0.0588028 0.252126 0.965906
    outer loop
      vertex 28.6408 27.267 13.0334
      vertex 28.9368 28.7549 12.627
      vertex 28.5895 28.8359 12.627
    endloop
  endfacet
  facet normal -0.00846103 0.258771 0.965902
    outer loop
      vertex 30.4557 27.1481 13.0334
      vertex 30.3564 28.6618 12.627
      vertex 30 27.1332 13.0334
    endloop
  endfacet
  facet normal 0.165768 0.103051 0.980766
    outer loop
      vertex 25.4686 31.0722 12.627
      vertex 26.7494 31.928 12.3206
      vertex 25.2803 31.3751 12.627
    endloop
  endfacet
  facet normal 0.228319 -0.122054 0.965905
    outer loop
      vertex 25.2803 36.8249 12.627
      vertex 23.9665 37.5834 13.0334
      vertex 23.7516 37.1814 13.0334
    endloop
  endfacet
  facet normal -0.0128108 0.129974 0.991435
    outer loop
      vertex 30.5103 30.224 12.3206
      vertex 30.3071 31.7677 12.1156
      vertex 30.1539 31.7526 12.1156
    endloop
  endfacet
  facet normal 0.123817 0.1509 0.980764
    outer loop
      vertex 27.6201 30.9984 12.3206
      vertex 27.4223 31.1607 12.3206
      vertex 26.4067 30.0026 12.627
    endloop
  endfacet
  facet normal 0.151636 0.283655 0.946861
    outer loop
      vertex 26.9186 27.8516 13.0334
      vertex 26.5166 28.0665 13.0334
      vertex 26.2609 26.5178 13.5383
    endloop
  endfacet
  facet normal -0.0189815 0.062677 0.997853
    outer loop
      vertex 30.6088 31.8277 12.1156
      vertex 30.2524 33.3564 12.0128
      vertex 30.2032 33.3415 12.0128
    endloop
  endfacet
  facet normal 0.252119 -0.0588409 0.965906
    outer loop
      vertex 24.6549 35.1632 12.627
      vertex 23.2706 35.9031 13.0334
      vertex 23.167 35.4592 13.0334
    endloop
  endfacet
  facet normal 0.257659 0.0254102 0.965902
    outer loop
      vertex 24.5968 33.3887 12.627
      vertex 24.5618 33.7436 12.627
      vertex 23.0481 33.6443 13.0334
    endloop
  endfacet
  facet normal 0.261447 -0.187353 0.94686
    outer loop
      vertex 24.2073 37.9706 13.0334
      vertex 24.4728 38.3411 13.0334
      vertex 22.9708 38.7968 13.5383
    endloop
  endfacet
  facet normal 0.242312 -0.0912007 0.965902
    outer loop
      vertex 24.965 36.1856 12.627
      vertex 23.5635 36.7661 13.0334
      vertex 23.4029 36.3394 13.0334
    endloop
  endfacet
  facet normal 0.14245 -0.133447 0.980765
    outer loop
      vertex 27.0607 36.6777 12.3206
      vertex 27.2356 36.8644 12.3206
      vertex 26.1464 37.9536 12.627
    endloop
  endfacet
  facet normal 0.176981 -0.188959 0.965905
    outer loop
      vertex 26.1464 37.9536 12.627
      vertex 26.4067 38.1974 12.627
      vertex 25.0737 39.0263 13.0334
    endloop
  endfacet
  facet normal 0.110932 -0.0689185 0.991436
    outer loop
      vertex 27.9628 35.2762 12.1156
      vertex 28.044 35.4069 12.1156
      vertex 26.6143 36.0547 12.3206
    endloop
  endfacet
  facet normal 0.234747 -0.219865 0.946865
    outer loop
      vertex 24.7621 38.6936 13.0334
      vertex 24.0221 40.0779 13.5383
      vertex 23.6439 39.6741 13.5383
    endloop
  endfacet
  facet normal 0.242873 -0.295922 0.92382
    outer loop
      vertex 24.8535 40.807 13.5383
      vertex 24.1749 41.6914 14
      vertex 23.79 41.3755 14
    endloop
  endfacet
  facet normal 0.210437 -0.150799 0.965907
    outer loop
      vertex 25.6764 37.4176 12.627
      vertex 24.4728 38.3411 13.0334
      vertex 24.2073 37.9706 13.0334
    endloop
  endfacet
  facet normal 0.261677 -0.279435 0.923819
    outer loop
      vertex 24.4259 40.4561 13.5383
      vertex 23.6909 41.2942 14
      vertex 23.3274 40.9538 14
    endloop
  endfacet
  facet normal 0.261456 -0.187327 0.946863
    outer loop
      vertex 24.4728 38.3411 13.0334
      vertex 23.293 39.2465 13.5383
      vertex 22.9708 38.7968 13.5383
    endloop
  endfacet
  facet normal 0.235843 -0.106819 0.965903
    outer loop
      vertex 24.965 36.1856 12.627
      vertex 23.7516 37.1814 13.0334
      vertex 23.5635 36.7661 13.0334
    endloop
  endfacet
  facet normal -0.0447746 -0.0477964 0.997853
    outer loop
      vertex 31.6634 35.7634 12.1156
      vertex 31.5511 35.8686 12.1156
      vertex 30.5178 34.6904 12.0128
    endloop
  endfacet
  facet normal -0.0148503 -0.0637839 0.997853
    outer loop
      vertex 30.6088 36.3723 12.1156
      vertex 30.4589 36.4072 12.1156
      vertex 30.2032 34.8585 12.0128
    endloop
  endfacet
  facet normal -0.0556036 -0.0346091 0.997853
    outer loop
      vertex 30.6801 34.4926 12.0128
      vertex 32.0372 35.2762 12.1156
      vertex 30.6529 34.5363 12.0128
    endloop
  endfacet
  facet normal 0.0105797 0.0646253 0.997854
    outer loop
      vertex 29.8975 33.3215 12.0128
      vertex 29.8468 33.3298 12.0128
      vertex 29.6929 31.7677 12.1156
    endloop
  endfacet
  facet normal -0.0447746 0.0477964 0.997853
    outer loop
      vertex 31.5511 32.3314 12.1156
      vertex 31.6634 32.4366 12.1156
      vertex 30.5178 33.5096 12.0128
    endloop
  endfacet
  facet normal 0.0379003 -0.124978 0.991435
    outer loop
      vertex 29.2438 36.3276 12.1156
      vertex 29.3912 36.3723 12.1156
      vertex 28.9881 37.8763 12.3206
    endloop
  endfacet
  facet normal -0.062677 -0.0189815 0.997853
    outer loop
      vertex 30.7585 34.3032 12.0128
      vertex 32.2723 34.7088 12.1156
      vertex 30.7436 34.3524 12.0128
    endloop
  endfacet
  facet normal 0.065458 -0.00216495 0.997853
    outer loop
      vertex 29.2147 34.1 12.0128
      vertex 29.2164 34.1514 12.0128
      vertex 27.6476 34.1 12.1156
    endloop
  endfacet
  facet normal -0.0270211 -0.0596592 0.997853
    outer loop
      vertex 31.0404 36.2098 12.1156
      vertex 30.9002 36.2733 12.1156
      vertex 30.3473 34.8043 12.0128
    endloop
  endfacet
  facet normal -0.00216483 -0.0654543 0.997853
    outer loop
      vertex 30.0514 34.8836 12.0128
      vertex 30.1539 36.4474 12.1156
      vertex 30 34.8853 12.0128
    endloop
  endfacet
  facet normal -0.130527 0.00428796 0.991435
    outer loop
      vertex 33.9011 33.8443 12.3206
      vertex 33.9095 34.1 12.3206
      vertex 32.3524 34.1 12.1156
    endloop
  endfacet
  facet normal -0.190099 -0.0443364 0.980763
    outer loop
      vertex 35.3451 35.1632 12.627
      vertex 35.2641 35.5105 12.627
      vertex 33.8344 34.8627 12.3206
    endloop
  endfacet
  facet normal -0.301016 -0.113295 0.946865
    outer loop
      vertex 36.5971 36.3394 13.0334
      vertex 37.8105 37.3352 13.5383
      vertex 36.4365 36.7661 13.0334
    endloop
  endfacet
  facet normal -0.235843 -0.106819 0.965903
    outer loop
      vertex 36.4365 36.7661 13.0334
      vertex 36.2484 37.1814 13.0334
      vertex 35.035 36.1856 12.627
    endloop
  endfacet
  facet normal -0.0615694 -0.115175 0.991435
    outer loop
      vertex 31.9547 37.4857 12.3206
      vertex 31.7291 37.6063 12.3206
      vertex 31.0404 36.2098 12.1156
    endloop
  endfacet
  facet normal 0.222948 -0.311205 0.923821
    outer loop
      vertex 25.3032 41.1292 13.5383
      vertex 24.6839 42.0561 14
      vertex 24.2791 41.7661 14
    endloop
  endfacet
  facet normal -0.247763 0.0751296 0.965903
    outer loop
      vertex 36.5971 31.8606 13.0334
      vertex 36.7294 32.2969 13.0334
      vertex 35.2641 32.6895 12.627
    endloop
  endfacet
  facet normal -0.0654568 0.0021266 0.997853
    outer loop
      vertex 32.3474 33.9461 12.1156
      vertex 32.3524 34.1 12.1156
      vertex 30.7836 34.0486 12.0128
    endloop
  endfacet
  facet normal 0.00642392 -0.0651751 0.997853
    outer loop
      vertex 29.9486 34.8836 12.0128
      vertex 29.8461 36.4474 12.1156
      vertex 29.6929 36.4323 12.1156
    endloop
  endfacet
  facet normal -0.124976 0.0379255 0.991435
    outer loop
      vertex 33.7763 33.0882 12.3206
      vertex 32.2723 33.4911 12.1156
      vertex 32.2276 33.3438 12.1156
    endloop
  endfacet
  facet normal -0.0646253 0.0105797 0.997854
    outer loop
      vertex 32.3323 33.7929 12.1156
      vertex 30.7785 33.9975 12.0128
      vertex 30.7702 33.9468 12.0128
    endloop
  endfacet
  facet normal -0.0213044 0.128845 0.991436
    outer loop
      vertex 30.7627 30.2656 12.3206
      vertex 30.4589 31.7928 12.1156
      vertex 30.3071 31.7677 12.1156
    endloop
  endfacet
  facet normal -0.200154 0.164218 0.965904
    outer loop
      vertex 35.2379 29.5064 13.0334
      vertex 34.3236 30.7824 12.627
      vertex 34.0974 30.5067 12.627
    endloop
  endfacet
  facet normal -0.142466 0.133435 0.980764
    outer loop
      vertex 33.8536 30.2464 12.627
      vertex 34.0974 30.5067 12.627
      vertex 32.9393 31.5223 12.3206
    endloop
  endfacet
  facet normal -0.118949 0.0539098 0.991436
    outer loop
      vertex 33.5063 32.3709 12.3206
      vertex 33.6119 32.6039 12.3206
      vertex 32.1733 33.1998 12.1156
    endloop
  endfacet
  facet normal -0.0687407 0.182688 0.980765
    outer loop
      vertex 31.7518 28.9394 12.627
      vertex 32.0856 29.065 12.627
      vertex 31.4961 30.4881 12.3206
    endloop
  endfacet
  facet normal -0.113703 0.15865 0.980766
    outer loop
      vertex 33.0278 29.5686 12.627
      vertex 32.3799 30.9984 12.3206
      vertex 32.172 30.8494 12.3206
    endloop
  endfacet
  facet normal -0.0506159 0.041556 0.997853
    outer loop
      vertex 31.7686 32.5489 12.1156
      vertex 31.8663 32.6679 12.1156
      vertex 30.623 33.622 12.0128
    endloop
  endfacet
  facet normal 0.030878 -0.057758 0.997853
    outer loop
      vertex 29.6074 34.7801 12.0128
      vertex 28.9596 36.2098 12.1156
      vertex 28.8238 36.1372 12.1156
    endloop
  endfacet
  facet normal -0.115174 0.0615693 0.991435
    outer loop
      vertex 33.3857 32.1453 12.3206
      vertex 33.5063 32.3709 12.3206
      vertex 32.0372 32.9238 12.1156
    endloop
  endfacet
  facet normal -0.0612789 0.0231072 0.997853
    outer loop
      vertex 32.1733 33.1998 12.1156
      vertex 32.2276 33.3438 12.1156
      vertex 30.7436 33.8476 12.0128
    endloop
  endfacet
  facet normal -0.377713 -0.0624047 0.923817
    outer loop
      vertex 38.2916 35.7493 13.5383
      vertex 39.4058 35.8403 14
      vertex 39.3849 35.9668 14
    endloop
  endfacet
  facet normal -0.377718 -0.0623532 0.923819
    outer loop
      vertex 39.4058 35.8403 14
      vertex 38.2916 35.7493 13.5383
      vertex 38.3817 35.2035 13.5383
    endloop
  endfacet
  facet normal -0.321462 -0.0105108 0.946864
    outer loop
      vertex 36.9668 34.1 13.0334
      vertex 38.4359 34.6529 13.5383
      vertex 36.9519 34.5557 13.0334
    endloop
  endfacet
  facet normal -0.219883 0.136692 0.965902
    outer loop
      vertex 35.7927 30.2294 13.0334
      vertex 34.7197 31.3751 12.627
      vertex 34.5314 31.0722 12.627
    endloop
  endfacet
  facet normal -0.377718 0.0623532 0.923819
    outer loop
      vertex 38.2916 32.4507 13.5383
      vertex 39.4058 32.3597 14
      vertex 38.3817 32.9965 13.5383
    endloop
  endfacet
  facet normal -0.377713 0.0624047 0.923817
    outer loop
      vertex 39.4058 32.3597 14
      vertex 38.2916 32.4507 13.5383
      vertex 39.3849 32.2332 14
    endloop
  endfacet
  facet normal 0.321458 -0.0105234 0.946865
    outer loop
      vertex 23.0332 34.1 13.0334
      vertex 21.5641 34.6529 13.5383
      vertex 21.546 34.1 13.5383
    endloop
  endfacet
  facet normal 0.38261 -0.0125446 0.923825
    outer loop
      vertex 20.4475 34.5977 14
      vertex 21.5641 34.6529 13.5383
      vertex 20.4517 34.7258 14
    endloop
  endfacet
  facet normal 0.382609 -0.0125253 0.923825
    outer loop
      vertex 21.5641 34.6529 13.5383
      vertex 20.4475 34.5977 14
      vertex 21.546 34.1 13.5383
    endloop
  endfacet
  facet normal 0.255449 0.0421394 0.965904
    outer loop
      vertex 23.167 32.7408 13.0334
      vertex 24.5968 33.3887 12.627
      vertex 23.0928 33.1906 13.0334
    endloop
  endfacet
  facet normal 0.377718 0.0623532 0.923819
    outer loop
      vertex 20.5942 32.3597 14
      vertex 21.7084 32.4507 13.5383
      vertex 21.6183 32.9965 13.5383
    endloop
  endfacet
  facet normal 0.377713 0.0624047 0.923817
    outer loop
      vertex 21.7084 32.4507 13.5383
      vertex 20.5942 32.3597 14
      vertex 20.6151 32.2332 14
    endloop
  endfacet
  facet normal 0.366335 -0.111132 0.923822
    outer loop
      vertex 20.7945 36.6992 14
      vertex 21.8341 36.2881 13.5383
      vertex 21.9947 36.8175 13.5383
    endloop
  endfacet
  facet normal 0.366327 -0.111153 0.923823
    outer loop
      vertex 21.8341 36.2881 13.5383
      vertex 20.7945 36.6992 14
      vertex 20.7573 36.5766 14
    endloop
  endfacet
  facet normal 0.30778 -0.0933687 0.946865
    outer loop
      vertex 23.2706 35.9031 13.0334
      vertex 21.9947 36.8175 13.5383
      vertex 21.8341 36.2881 13.5383
    endloop
  endfacet
  facet normal 0.372828 0.0869598 0.923817
    outer loop
      vertex 20.7282 31.7483 14
      vertex 21.7084 32.4507 13.5383
      vertex 20.6151 32.2332 14
    endloop
  endfacet
  facet normal 0.366335 0.111132 0.923822
    outer loop
      vertex 21.8341 31.9119 13.5383
      vertex 20.7945 31.5008 14
      vertex 21.9947 31.3825 13.5383
    endloop
  endfacet
  facet normal 0.366327 0.111153 0.923823
    outer loop
      vertex 20.7945 31.5008 14
      vertex 21.8341 31.9119 13.5383
      vertex 20.7573 31.6234 14
    endloop
  endfacet
  facet normal 0.202191 0.325083 0.923818
    outer loop
      vertex 25.1068 25.8809 14
      vertex 25.773 26.7786 13.5383
      vertex 25.3032 27.0708 13.5383
    endloop
  endfacet
  facet normal 0.202253 0.325038 0.92382
    outer loop
      vertex 25.773 26.7786 13.5383
      vertex 25.1068 25.8809 14
      vertex 25.2156 25.8132 14
    endloop
  endfacet
  facet normal 0.169873 0.273122 0.946862
    outer loop
      vertex 25.773 26.7786 13.5383
      vertex 26.5166 28.0665 13.0334
      vertex 25.3032 27.0708 13.5383
    endloop
  endfacet
  facet normal 0.234747 0.219865 0.946865
    outer loop
      vertex 24.0221 28.1221 13.5383
      vertex 24.7621 29.5064 13.0334
      vertex 23.6439 28.5259 13.5383
    endloop
  endfacet
  facet normal 0.311205 0.222948 0.923821
    outer loop
      vertex 22.3339 28.3791 14
      vertex 22.9708 29.4032 13.5383
      vertex 22.0439 28.7839 14
    endloop
  endfacet
  facet normal 0.242873 0.295922 0.92382
    outer loop
      vertex 24.1749 26.5086 14
      vertex 24.8535 27.393 13.5383
      vertex 23.79 26.8245 14
    endloop
  endfacet
  facet normal -0.0375131 0.380974 0.923825
    outer loop
      vertex 30.6258 24.5517 14
      vertex 31.1214 24.6005 14
      vertex 30.5529 25.6641 13.5383
    endloop
  endfacet
  facet normal -0.0933369 0.307807 0.946859
    outer loop
      vertex 32.7174 26.0947 13.5383
      vertex 32.2394 27.5029 13.0334
      vertex 31.8031 27.3706 13.0334
    endloop
  endfacet
  facet normal -0.086939 0.372815 0.923824
    outer loop
      vertex 32.4766 24.8573 14
      vertex 32.1881 25.9341 13.5383
      vertex 31.9916 24.7442 14
    endloop
  endfacet
  facet normal -0.0687552 0.182686 0.980764
    outer loop
      vertex 31.7518 28.9394 12.627
      vertex 31.4961 30.4881 12.3206
      vertex 31.2567 30.398 12.3206
    endloop
  endfacet
  facet normal 0.0191501 0.194248 0.980766
    outer loop
      vertex 29.6436 28.6618 12.627
      vertex 29.7443 30.1989 12.3206
      vertex 29.4897 30.224 12.3206
    endloop
  endfacet
  facet normal 0.00842214 0.258763 0.965904
    outer loop
      vertex 30 27.1332 13.0334
      vertex 30 28.6502 12.627
      vertex 29.6436 28.6618 12.627
    endloop
  endfacet
  facet normal -0.222948 0.311205 0.923821
    outer loop
      vertex 35.3161 26.1439 14
      vertex 35.7209 26.4339 14
      vertex 34.6968 27.0708 13.5383
    endloop
  endfacet
  facet normal -0.00650345 0.065162 0.997854
    outer loop
      vertex 30.3071 31.7677 12.1156
      vertex 30.1025 33.3215 12.0128
      vertex 30.0514 33.3164 12.0128
    endloop
  endfacet
  facet normal -0.0124547 0.382637 0.923815
    outer loop
      vertex 30.4977 24.5475 14
      vertex 30 25.646 13.5383
      vertex 30 24.5313 14
    endloop
  endfacet
  facet normal 0.0933867 0.307781 0.946863
    outer loop
      vertex 27.8119 25.9341 13.5383
      vertex 28.1968 27.3706 13.0334
      vertex 27.2826 26.0947 13.5383
    endloop
  endfacet
  facet normal 0.111153 0.366334 0.923821
    outer loop
      vertex 27.2826 26.0947 13.5383
      vertex 27.0469 25.0019 14
      vertex 27.8119 25.9341 13.5383
    endloop
  endfacet
  facet normal 0.11107 0.366352 0.923823
    outer loop
      vertex 27.0469 25.0019 14
      vertex 27.2826 26.0947 13.5383
      vertex 26.9242 25.0391 14
    endloop
  endfacet
  facet normal -0.219849 0.136725 0.965905
    outer loop
      vertex 35.7927 30.2294 13.0334
      vertex 36.0335 30.6166 13.0334
      vertex 34.7197 31.3751 12.627
    endloop
  endfacet
  facet normal -0.33764 -0.180428 0.923821
    outer loop
      vertex 38.5215 38.4452 14
      vertex 38.2868 38.8844 14
      vertex 37.3214 38.327 13.5383
    endloop
  endfacet
  facet normal -0.348582 -0.15831 0.923812
    outer loop
      vertex 37.5822 37.8391 13.5383
      vertex 38.6349 38.2154 14
      vertex 38.5819 38.3321 14
    endloop
  endfacet
  facet normal -0.348702 -0.157985 0.923822
    outer loop
      vertex 38.6349 38.2154 14
      vertex 37.5822 37.8391 13.5383
      vertex 37.8105 37.3352 13.5383
    endloop
  endfacet
  facet normal 0.295924 -0.242875 0.923819
    outer loop
      vertex 23.6439 39.6741 13.5383
      vertex 22.8058 40.4091 14
      vertex 22.4899 40.0242 14
    endloop
  endfacet
  facet normal 0.348708 -0.157979 0.923821
    outer loop
      vertex 22.1895 37.3352 13.5383
      vertex 21.3651 38.2154 14
      vertex 21.1596 37.7618 14
    endloop
  endfacet
  facet normal 0.292975 -0.132737 0.946862
    outer loop
      vertex 23.7516 37.1814 13.0334
      vertex 22.4178 37.8391 13.5383
      vertex 22.1895 37.3352 13.5383
    endloop
  endfacet
  facet normal 0.150809 -0.21045 0.965902
    outer loop
      vertex 26.9722 38.6314 12.627
      vertex 26.1294 39.8927 13.0334
      vertex 25.7589 39.6272 13.0334
    endloop
  endfacet
  facet normal 0.00846103 0.258771 0.965902
    outer loop
      vertex 30 27.1332 13.0334
      vertex 29.6436 28.6618 12.627
      vertex 29.5443 27.1481 13.0334
    endloop
  endfacet
  facet normal -0.030878 0.057758 0.997853
    outer loop
      vertex 31.0404 31.9902 12.1156
      vertex 31.1762 32.0628 12.1156
      vertex 30.3926 33.4199 12.0128
    endloop
  endfacet
  facet normal 0.182683 -0.068754 0.980765
    outer loop
      vertex 26.298 35.3567 12.3206
      vertex 26.3881 35.5961 12.3206
      vertex 24.965 36.1856 12.627
    endloop
  endfacet
  facet normal 0.129974 0.0128136 0.991435
    outer loop
      vertex 26.124 33.5897 12.3206
      vertex 27.6677 33.7929 12.1156
      vertex 26.0989 33.8443 12.3206
    endloop
  endfacet
  facet normal 0.0532232 0.0381624 0.997853
    outer loop
      vertex 29.377 33.622 12.0128
      vertex 29.3471 33.6637 12.0128
      vertex 28.044 32.7931 12.1156
    endloop
  endfacet
  facet normal -0.0637649 -0.014921 0.997853
    outer loop
      vertex 30.7702 34.2532 12.0128
      vertex 32.2723 34.7088 12.1156
      vertex 30.7585 34.3032 12.0128
    endloop
  endfacet
  facet normal 0.204048 0.248624 0.946864
    outer loop
      vertex 25.7589 28.5728 13.0334
      vertex 25.4064 28.8621 13.0334
      vertex 24.8535 27.393 13.5383
    endloop
  endfacet
  facet normal 0.0920206 0.172138 0.980765
    outer loop
      vertex 28.2709 30.5937 12.3206
      vertex 28.0453 30.7143 12.3206
      vertex 27.2751 29.3803 12.627
    endloop
  endfacet
  facet normal 0.0687552 0.182686 0.980764
    outer loop
      vertex 28.7433 30.398 12.3206
      vertex 28.5039 30.4881 12.3206
      vertex 28.2482 28.9394 12.627
    endloop
  endfacet
  facet normal 0.103052 0.165769 0.980765
    outer loop
      vertex 27.2751 29.3803 12.627
      vertex 28.0453 30.7143 12.3206
      vertex 26.9722 29.5686 12.627
    endloop
  endfacet
  facet normal 0.091179 0.242321 0.965902
    outer loop
      vertex 28.2482 28.9394 12.627
      vertex 27.9144 29.065 12.627
      vertex 27.3339 27.6635 13.0334
    endloop
  endfacet
  facet normal 0.0687407 0.182688 0.980765
    outer loop
      vertex 28.2482 28.9394 12.627
      vertex 28.5039 30.4881 12.3206
      vertex 27.9144 29.065 12.627
    endloop
  endfacet
  facet normal 0.128865 -0.0212392 0.991435
    outer loop
      vertex 27.6677 34.4071 12.1156
      vertex 26.1656 34.8627 12.3206
      vertex 26.124 34.6103 12.3206
    endloop
  endfacet
  facet normal 0.252137 -0.0588053 0.965903
    outer loop
      vertex 24.6549 35.1632 12.627
      vertex 24.7359 35.5105 12.627
      vertex 23.2706 35.9031 13.0334
    endloop
  endfacet
  facet normal 0.377713 -0.0624047 0.923817
    outer loop
      vertex 20.5942 35.8403 14
      vertex 21.7084 35.7493 13.5383
      vertex 20.6151 35.9668 14
    endloop
  endfacet
  facet normal 0.377718 -0.0623532 0.923819
    outer loop
      vertex 21.7084 35.7493 13.5383
      vertex 20.5942 35.8403 14
      vertex 21.6183 35.2035 13.5383
    endloop
  endfacet
  facet normal 0.295933 -0.242851 0.923822
    outer loop
      vertex 22.4899 40.0242 14
      vertex 23.293 39.2465 13.5383
      vertex 23.6439 39.6741 13.5383
    endloop
  endfacet
  facet normal 0.295971 -0.24281 0.92382
    outer loop
      vertex 23.293 39.2465 13.5383
      vertex 22.4899 40.0242 14
      vertex 22.4086 39.9251 14
    endloop
  endfacet
  facet normal 0.27923 -0.261909 0.923815
    outer loop
      vertex 23.1462 40.7726 14
      vertex 24.0221 40.0779 13.5383
      vertex 23.2339 40.8661 14
    endloop
  endfacet
  facet normal 0.279406 -0.261692 0.923823
    outer loop
      vertex 24.0221 40.0779 13.5383
      vertex 23.1462 40.7726 14
      vertex 23.6439 39.6741 13.5383
    endloop
  endfacet
  facet normal 0.142466 -0.133435 0.980764
    outer loop
      vertex 27.0607 36.6777 12.3206
      vertex 26.1464 37.9536 12.627
      vertex 25.9026 37.6933 12.627
    endloop
  endfacet
  facet normal 0.150905 -0.123811 0.980764
    outer loop
      vertex 27.0607 36.6777 12.3206
      vertex 25.9026 37.6933 12.627
      vertex 25.6764 37.4176 12.627
    endloop
  endfacet
  facet normal 0.325088 -0.202171 0.923821
    outer loop
      vertex 22.9708 38.7968 13.5383
      vertex 22.0439 39.4161 14
      vertex 21.7809 38.9932 14
    endloop
  endfacet
  facet normal 0.0588283 -0.252121 0.965906
    outer loop
      vertex 28.9368 39.4451 12.627
      vertex 28.6408 40.933 13.0334
      vertex 28.1968 40.8294 13.0334
    endloop
  endfacet
  facet normal 0.247762 -0.0751293 0.965904
    outer loop
      vertex 24.8394 35.8518 12.627
      vertex 23.4029 36.3394 13.0334
      vertex 23.2706 35.9031 13.0334
    endloop
  endfacet
  facet normal -0.234747 -0.219865 0.946865
    outer loop
      vertex 36.3561 39.6741 13.5383
      vertex 35.9779 40.0779 13.5383
      vertex 35.2379 38.6936 13.0334
    endloop
  endfacet
  facet normal -0.110914 -0.0689575 0.991435
    outer loop
      vertex 33.3857 36.0547 12.3206
      vertex 33.2506 36.272 12.3206
      vertex 31.956 35.4069 12.1156
    endloop
  endfacet
  facet normal -0.172145 -0.0920116 0.980765
    outer loop
      vertex 34.8878 36.5104 12.627
      vertex 34.7197 36.8249 12.627
      vertex 33.5063 35.8291 12.3206
    endloop
  endfacet
  facet normal -0.064615 -0.010684 0.997853
    outer loop
      vertex 32.3323 34.4071 12.1156
      vertex 32.3072 34.5589 12.1156
      vertex 30.7702 34.2532 12.0128
    endloop
  endfacet
  facet normal 0.0477971 -0.0447752 0.997853
    outer loop
      vertex 29.4447 34.6553 12.0128
      vertex 28.3366 35.7634 12.1156
      vertex 28.2314 35.6511 12.1156
    endloop
  endfacet
  facet normal 0.0828751 -0.100943 0.991434
    outer loop
      vertex 28.4489 35.8686 12.1156
      vertex 28.5679 35.9663 12.1156
      vertex 27.6201 37.2016 12.3206
    endloop
  endfacet
  facet normal -0.118966 -0.0538824 0.991435
    outer loop
      vertex 32.1733 35.0002 12.1156
      vertex 33.5063 35.8291 12.3206
      vertex 32.1098 35.1404 12.1156
    endloop
  endfacet
  facet normal -0.0626714 -0.0190055 0.997853
    outer loop
      vertex 32.2723 34.7088 12.1156
      vertex 32.2276 34.8562 12.1156
      vertex 30.7436 34.3524 12.0128
    endloop
  endfacet
  facet normal -0.0577574 0.0308777 0.997853
    outer loop
      vertex 32.0372 32.9238 12.1156
      vertex 32.1098 33.0596 12.1156
      vertex 30.7043 33.7527 12.0128
    endloop
  endfacet
  facet normal 0.11091 0.0689553 0.991435
    outer loop
      vertex 26.7494 31.928 12.3206
      vertex 27.9628 32.9238 12.1156
      vertex 26.6143 32.1453 12.3206
    endloop
  endfacet
  facet normal -0.0646253 -0.0105797 0.997854
    outer loop
      vertex 30.7785 34.2025 12.0128
      vertex 32.3323 34.4071 12.1156
      vertex 30.7702 34.2532 12.0128
    endloop
  endfacet
  facet normal -0.0651698 0.00650423 0.997853
    outer loop
      vertex 32.3474 33.9461 12.1156
      vertex 30.7836 34.0486 12.0128
      vertex 30.7785 33.9975 12.0128
    endloop
  endfacet
  facet normal -0.192592 -0.0317426 0.980765
    outer loop
      vertex 33.876 34.6103 12.3206
      vertex 35.4032 34.8113 12.627
      vertex 33.8344 34.8627 12.3206
    endloop
  endfacet
  facet normal -0.0651725 -0.00642366 0.997853
    outer loop
      vertex 32.3474 34.2539 12.1156
      vertex 32.3323 34.4071 12.1156
      vertex 30.7785 34.2025 12.0128
    endloop
  endfacet
  facet normal -0.247762 -0.0751293 0.965904
    outer loop
      vertex 36.7294 35.9031 13.0334
      vertex 36.5971 36.3394 13.0334
      vertex 35.1606 35.8518 12.627
    endloop
  endfacet
  facet normal -0.122206 -0.0460817 0.991434
    outer loop
      vertex 32.2276 34.8562 12.1156
      vertex 33.702 35.3567 12.3206
      vertex 32.1733 35.0002 12.1156
    endloop
  endfacet
  facet normal -0.321462 0.0105108 0.946864
    outer loop
      vertex 38.4359 33.5471 13.5383
      vertex 36.9668 34.1 13.0334
      vertex 36.9519 33.6443 13.0334
    endloop
  endfacet
  facet normal -0.130527 -0.00428796 0.991435
    outer loop
      vertex 33.9095 34.1 12.3206
      vertex 33.9011 34.3557 12.3206
      vertex 32.3524 34.1 12.1156
    endloop
  endfacet
  facet normal -0.261447 -0.187353 0.94686
    outer loop
      vertex 35.7927 37.9706 13.0334
      vertex 37.0292 38.7968 13.5383
      vertex 35.5272 38.3411 13.0334
    endloop
  endfacet
  facet normal -0.29298 -0.132698 0.946865
    outer loop
      vertex 36.4365 36.7661 13.0334
      vertex 37.8105 37.3352 13.5383
      vertex 36.2484 37.1814 13.0334
    endloop
  endfacet
  facet normal 0.00212664 -0.065458 0.997853
    outer loop
      vertex 30 34.8853 12.0128
      vertex 30 36.4524 12.1156
      vertex 29.8461 36.4474 12.1156
    endloop
  endfacet
  facet normal -0.28366 0.151626 0.946861
    outer loop
      vertex 37.3214 29.873 13.5383
      vertex 37.5822 30.3609 13.5383
      vertex 36.2484 31.0186 13.0334
    endloop
  endfacet
  facet normal -0.129974 0.0128107 0.991435
    outer loop
      vertex 33.9011 33.8443 12.3206
      vertex 32.3474 33.9461 12.1156
      vertex 32.3323 33.7929 12.1156
    endloop
  endfacet
  facet normal -0.044756 -0.0478162 0.997853
    outer loop
      vertex 30.5553 34.6553 12.0128
      vertex 31.6634 35.7634 12.1156
      vertex 30.5178 34.6904 12.0128
    endloop
  endfacet
  facet normal 0.0760799 0.106154 0.991435
    outer loop
      vertex 27.828 30.8494 12.3206
      vertex 28.6931 32.144 12.1156
      vertex 27.6201 30.9984 12.3206
    endloop
  endfacet
  facet normal -0.0920206 0.172138 0.980765
    outer loop
      vertex 32.7249 29.3803 12.627
      vertex 31.9547 30.7143 12.3206
      vertex 31.7291 30.5937 12.3206
    endloop
  endfacet
  facet normal -0.0556036 0.0346091 0.997853
    outer loop
      vertex 32.0372 32.9238 12.1156
      vertex 30.6801 33.7074 12.0128
      vertex 30.6529 33.6637 12.0128
    endloop
  endfacet
  facet normal 0.0596592 -0.0270211 0.997853
    outer loop
      vertex 29.2957 34.4473 12.0128
      vertex 27.8902 35.1404 12.1156
      vertex 27.8267 35.0002 12.1156
    endloop
  endfacet
  facet normal 0.0379308 0.124973 0.991435
    outer loop
      vertex 28.9881 30.3237 12.3206
      vertex 29.2438 31.8724 12.1156
      vertex 28.7433 30.398 12.3206
    endloop
  endfacet
  facet normal -0.150901 0.123818 0.980764
    outer loop
      vertex 34.3236 30.7824 12.627
      vertex 33.1016 31.7201 12.3206
      vertex 32.9393 31.5223 12.3206
    endloop
  endfacet
  facet normal -0.313219 0.0730728 0.946865
    outer loop
      vertex 38.1659 31.9119 13.5383
      vertex 38.2916 32.4507 13.5383
      vertex 36.7294 32.2969 13.0334
    endloop
  endfacet
  facet normal -0.122225 0.0460003 0.991436
    outer loop
      vertex 33.6119 32.6039 12.3206
      vertex 33.702 32.8433 12.3206
      vertex 32.1733 33.1998 12.1156
    endloop
  endfacet
  facet normal -0.127182 0.0296639 0.991436
    outer loop
      vertex 33.7763 33.0882 12.3206
      vertex 33.8344 33.3373 12.3206
      vertex 32.3072 33.6411 12.1156
    endloop
  endfacet
  facet normal -0.123817 0.1509 0.980764
    outer loop
      vertex 33.5933 30.0026 12.627
      vertex 32.5777 31.1607 12.3206
      vertex 32.3799 30.9984 12.3206
    endloop
  endfacet
  facet normal -0.0828429 0.100963 0.991435
    outer loop
      vertex 32.3799 30.9984 12.3206
      vertex 32.5777 31.1607 12.3206
      vertex 31.5511 32.3314 12.1156
    endloop
  endfacet
  facet normal -0.15865 0.113703 0.980766
    outer loop
      vertex 34.5314 31.0722 12.627
      vertex 33.2506 31.928 12.3206
      vertex 33.1016 31.7201 12.3206
    endloop
  endfacet
  facet normal -0.0892868 0.0953128 0.991435
    outer loop
      vertex 32.7644 31.3356 12.3206
      vertex 31.6634 32.4366 12.1156
      vertex 31.5511 32.3314 12.1156
    endloop
  endfacet
  facet normal -0.11091 0.0689553 0.991435
    outer loop
      vertex 33.2506 31.928 12.3206
      vertex 33.3857 32.1453 12.3206
      vertex 32.0372 32.9238 12.1156
    endloop
  endfacet
  facet normal -0.110937 0.0689221 0.991435
    outer loop
      vertex 33.2506 31.928 12.3206
      vertex 32.0372 32.9238 12.1156
      vertex 31.956 32.7931 12.1156
    endloop
  endfacet
  facet normal -0.165765 0.103059 0.980765
    outer loop
      vertex 34.7197 31.3751 12.627
      vertex 33.3857 32.1453 12.3206
      vertex 33.2506 31.928 12.3206
    endloop
  endfacet
  facet normal 0.0651725 0.00642366 0.997853
    outer loop
      vertex 27.6677 33.7929 12.1156
      vertex 29.2215 33.9975 12.0128
      vertex 27.6526 33.9461 12.1156
    endloop
  endfacet
  facet normal -0.252119 -0.0588409 0.965906
    outer loop
      vertex 36.833 35.4592 13.0334
      vertex 36.7294 35.9031 13.0334
      vertex 35.3451 35.1632 12.627
    endloop
  endfacet
  facet normal -0.307802 -0.0933353 0.946861
    outer loop
      vertex 36.7294 35.9031 13.0334
      vertex 38.0053 36.8175 13.5383
      vertex 36.5971 36.3394 13.0334
    endloop
  endfacet
  facet normal -0.348708 0.157979 0.923821
    outer loop
      vertex 38.6349 29.9846 14
      vertex 38.8404 30.4382 14
      vertex 37.8105 30.8648 13.5383
    endloop
  endfacet
  facet normal 0.317341 -0.0523863 0.946863
    outer loop
      vertex 23.167 35.4592 13.0334
      vertex 21.7084 35.7493 13.5383
      vertex 21.6183 35.2035 13.5383
    endloop
  endfacet
  facet normal 0.321462 -0.0105108 0.946864
    outer loop
      vertex 23.0332 34.1 13.0334
      vertex 23.0481 34.5557 13.0334
      vertex 21.5641 34.6529 13.5383
    endloop
  endfacet
  facet normal 0.320076 0.0315349 0.946867
    outer loop
      vertex 23.0928 33.1906 13.0334
      vertex 23.0481 33.6443 13.0334
      vertex 21.6183 32.9965 13.5383
    endloop
  endfacet
  facet normal 0.255449 -0.0421394 0.965904
    outer loop
      vertex 24.5968 34.8113 12.627
      vertex 23.167 35.4592 13.0334
      vertex 23.0928 35.0094 13.0334
    endloop
  endfacet
  facet normal 0.380989 0.0375146 0.923818
    outer loop
      vertex 20.5131 32.851 14
      vertex 21.6183 32.9965 13.5383
      vertex 20.4643 33.3466 14
    endloop
  endfacet
  facet normal 0.317341 0.0523863 0.946863
    outer loop
      vertex 21.7084 32.4507 13.5383
      vertex 23.167 32.7408 13.0334
      vertex 21.6183 32.9965 13.5383
    endloop
  endfacet
  facet normal 0.372817 0.0869768 0.92382
    outer loop
      vertex 20.7282 31.7483 14
      vertex 21.8341 31.9119 13.5383
      vertex 21.7084 32.4507 13.5383
    endloop
  endfacet
  facet normal 0.372835 0.0868654 0.923823
    outer loop
      vertex 21.8341 31.9119 13.5383
      vertex 20.7282 31.7483 14
      vertex 20.7573 31.6234 14
    endloop
  endfacet
  facet normal 0.22296 0.311189 0.923824
    outer loop
      vertex 24.8535 27.393 13.5383
      vertex 24.2791 26.4339 14
      vertex 25.3032 27.0708 13.5383
    endloop
  endfacet
  facet normal 0.223049 0.311134 0.923821
    outer loop
      vertex 24.2791 26.4339 14
      vertex 24.8535 27.393 13.5383
      vertex 24.1749 26.5086 14
    endloop
  endfacet
  facet normal 0.122225 0.0460003 0.991436
    outer loop
      vertex 26.3881 32.6039 12.3206
      vertex 27.8267 33.1998 12.1156
      vertex 26.298 32.8433 12.3206
    endloop
  endfacet
  facet normal 0.113746 0.158631 0.980764
    outer loop
      vertex 26.9722 29.5686 12.627
      vertex 27.6201 30.9984 12.3206
      vertex 26.6824 29.7764 12.627
    endloop
  endfacet
  facet normal 0.325083 0.202191 0.923818
    outer loop
      vertex 22.6786 29.873 13.5383
      vertex 21.7809 29.2068 14
      vertex 22.9708 29.4032 13.5383
    endloop
  endfacet
  facet normal 0.325038 0.202253 0.92382
    outer loop
      vertex 21.7809 29.2068 14
      vertex 22.6786 29.873 13.5383
      vertex 21.7132 29.3156 14
    endloop
  endfacet
  facet normal 0.301016 0.113295 0.946865
    outer loop
      vertex 23.5635 31.4339 13.0334
      vertex 23.4029 31.8606 13.0334
      vertex 22.1895 30.8648 13.5383
    endloop
  endfacet
  facet normal -0.0523847 0.317331 0.946867
    outer loop
      vertex 31.1035 25.7183 13.5383
      vertex 31.6493 25.8084 13.5383
      vertex 30.9094 27.1928 13.0334
    endloop
  endfacet
  facet normal -0.0105107 0.321458 0.946865
    outer loop
      vertex 30.4557 27.1481 13.0334
      vertex 30 27.1332 13.0334
      vertex 30 25.646 13.5383
    endloop
  endfacet
  facet normal -0.132733 0.292965 0.946865
    outer loop
      vertex 33.2352 26.2895 13.5383
      vertex 33.7391 26.5178 13.5383
      vertex 32.6661 27.6635 13.0334
    endloop
  endfacet
  facet normal 0.0523505 0.317348 0.946863
    outer loop
      vertex 29.0906 27.1928 13.0334
      vertex 28.6408 27.267 13.0334
      vertex 28.3507 25.8084 13.5383
    endloop
  endfacet
  facet normal 0.00640865 0.195083 0.980766
    outer loop
      vertex 30 30.1905 12.3206
      vertex 29.7443 30.1989 12.3206
      vertex 29.6436 28.6618 12.627
    endloop
  endfacet
  facet normal -0.0191501 0.194248 0.980766
    outer loop
      vertex 30.3564 28.6618 12.627
      vertex 30.5103 30.224 12.3206
      vertex 30.2557 30.1989 12.3206
    endloop
  endfacet
  facet normal -0.0254095 0.257653 0.965903
    outer loop
      vertex 30.9094 27.1928 13.0334
      vertex 30.7113 28.6968 12.627
      vertex 30.3564 28.6618 12.627
    endloop
  endfacet
  facet normal -0.132703 0.292991 0.946861
    outer loop
      vertex 33.7391 26.5178 13.5383
      vertex 33.0814 27.8516 13.0334
      vertex 32.6661 27.6635 13.0334
    endloop
  endfacet
  facet normal -0.15086 0.21039 0.965907
    outer loop
      vertex 34.2411 28.5728 13.0334
      vertex 33.3176 29.7764 12.627
      vertex 33.0278 29.5686 12.627
    endloop
  endfacet
  facet normal -0.113251 0.301034 0.946865
    outer loop
      vertex 32.7174 26.0947 13.5383
      vertex 33.2352 26.2895 13.5383
      vertex 32.6661 27.6635 13.0334
    endloop
  endfacet
  facet normal -0.202171 0.325088 0.923821
    outer loop
      vertex 34.8932 25.8809 14
      vertex 35.3161 26.1439 14
      vertex 34.6968 27.0708 13.5383
    endloop
  endfacet
  facet normal 0.134854 0.358278 0.923824
    outer loop
      vertex 26.9242 25.0391 14
      vertex 27.2826 26.0947 13.5383
      vertex 26.4582 25.2145 14
    endloop
  endfacet
  facet normal 0.111166 0.366324 0.923823
    outer loop
      vertex 27.5234 24.8573 14
      vertex 27.8119 25.9341 13.5383
      vertex 27.0469 25.0019 14
    endloop
  endfacet
  facet normal 0.132733 0.292965 0.946865
    outer loop
      vertex 26.7648 26.2895 13.5383
      vertex 27.3339 27.6635 13.0334
      vertex 26.2609 26.5178 13.5383
    endloop
  endfacet
  facet normal 0.132703 0.292991 0.946861
    outer loop
      vertex 27.3339 27.6635 13.0334
      vertex 26.9186 27.8516 13.0334
      vertex 26.2609 26.5178 13.5383
    endloop
  endfacet
  facet normal -0.321458 -0.0105234 0.946865
    outer loop
      vertex 38.454 34.1 13.5383
      vertex 38.4359 34.6529 13.5383
      vertex 36.9668 34.1 13.0334
    endloop
  endfacet
  facet normal -0.358287 0.134858 0.92382
    outer loop
      vertex 38.8855 30.5582 14
      vertex 39.0609 31.0242 14
      vertex 38.0053 31.3825 13.5383
    endloop
  endfacet
  facet normal -0.325088 -0.202171 0.923821
    outer loop
      vertex 38.2191 38.9932 14
      vertex 37.9561 39.4161 14
      vertex 37.0292 38.7968 13.5383
    endloop
  endfacet
  facet normal -0.295971 -0.24281 0.92382
    outer loop
      vertex 37.5101 40.0242 14
      vertex 36.707 39.2465 13.5383
      vertex 37.5914 39.9251 14
    endloop
  endfacet
  facet normal -0.295933 -0.242851 0.923822
    outer loop
      vertex 36.707 39.2465 13.5383
      vertex 37.5101 40.0242 14
      vertex 36.3561 39.6741 13.5383
    endloop
  endfacet
  facet normal 0.348582 -0.15831 0.923812
    outer loop
      vertex 21.3651 38.2154 14
      vertex 22.4178 37.8391 13.5383
      vertex 21.4181 38.3321 14
    endloop
  endfacet
  facet normal 0.348702 -0.157985 0.923822
    outer loop
      vertex 22.4178 37.8391 13.5383
      vertex 21.3651 38.2154 14
      vertex 22.1895 37.3352 13.5383
    endloop
  endfacet
  facet normal 0.337632 -0.180477 0.923814
    outer loop
      vertex 21.4785 38.4452 14
      vertex 22.4178 37.8391 13.5383
      vertex 22.6786 38.327 13.5383
    endloop
  endfacet
  facet normal 0.337711 -0.180351 0.92381
    outer loop
      vertex 22.4178 37.8391 13.5383
      vertex 21.4785 38.4452 14
      vertex 21.4181 38.3321 14
    endloop
  endfacet
  facet normal 0.219865 -0.234747 0.946865
    outer loop
      vertex 25.4064 39.3379 13.0334
      vertex 24.4259 40.4561 13.5383
      vertex 24.0221 40.0779 13.5383
    endloop
  endfacet
  facet normal 0.0212392 0.128865 0.991435
    outer loop
      vertex 29.4897 30.224 12.3206
      vertex 29.6929 31.7677 12.1156
      vertex 29.2373 30.2656 12.3206
    endloop
  endfacet
  facet normal 0.127182 0.0296639 0.991436
    outer loop
      vertex 26.2237 33.0882 12.3206
      vertex 27.6928 33.6411 12.1156
      vertex 26.1656 33.3373 12.3206
    endloop
  endfacet
  facet normal -0.0308597 0.0577662 0.997853
    outer loop
      vertex 31.0404 31.9902 12.1156
      vertex 30.3926 33.4199 12.0128
      vertex 30.3473 33.3957 12.0128
    endloop
  endfacet
  facet normal 0.130527 0.00428796 0.991435
    outer loop
      vertex 26.0989 33.8443 12.3206
      vertex 27.6476 34.1 12.1156
      vertex 26.0905 34.1 12.3206
    endloop
  endfacet
  facet normal 0.177786 -0.0805759 0.980765
    outer loop
      vertex 26.3881 35.5961 12.3206
      vertex 26.4937 35.8291 12.3206
      vertex 24.965 36.1856 12.627
    endloop
  endfacet
  facet normal -0.0596592 0.0270211 0.997853
    outer loop
      vertex 32.1098 33.0596 12.1156
      vertex 32.1733 33.1998 12.1156
      vertex 30.7043 33.7527 12.0128
    endloop
  endfacet
  facet normal 0.14245 0.133447 0.980765
    outer loop
      vertex 27.2356 31.3356 12.3206
      vertex 27.0607 31.5223 12.3206
      vertex 26.1464 30.2464 12.627
    endloop
  endfacet
  facet normal 0.177786 0.0805731 0.980765
    outer loop
      vertex 25.1122 31.6896 12.627
      vertex 26.4937 32.3709 12.3206
      vertex 24.965 32.0144 12.627
    endloop
  endfacet
  facet normal 0.128845 0.0213044 0.991436
    outer loop
      vertex 27.6928 33.6411 12.1156
      vertex 27.6677 33.7929 12.1156
      vertex 26.1656 33.3373 12.3206
    endloop
  endfacet
  facet normal 0.180477 0.337632 0.923814
    outer loop
      vertex 25.6548 25.5785 14
      vertex 26.2609 26.5178 13.5383
      vertex 25.773 26.7786 13.5383
    endloop
  endfacet
  facet normal 0.180351 0.337711 0.92381
    outer loop
      vertex 26.2609 26.5178 13.5383
      vertex 25.6548 25.5785 14
      vertex 25.7679 25.5181 14
    endloop
  endfacet
  facet normal 0.180428 0.33764 0.923821
    outer loop
      vertex 25.6548 25.5785 14
      vertex 25.773 26.7786 13.5383
      vertex 25.2156 25.8132 14
    endloop
  endfacet
  facet normal 0.169862 0.273134 0.946861
    outer loop
      vertex 26.5166 28.0665 13.0334
      vertex 26.1294 28.3073 13.0334
      vertex 25.3032 27.0708 13.5383
    endloop
  endfacet
  facet normal 0.187327 0.261456 0.946863
    outer loop
      vertex 25.3032 27.0708 13.5383
      vertex 25.7589 28.5728 13.0334
      vertex 24.8535 27.393 13.5383
    endloop
  endfacet
  facet normal 0.103058 0.165763 0.980766
    outer loop
      vertex 28.0453 30.7143 12.3206
      vertex 27.828 30.8494 12.3206
      vertex 26.9722 29.5686 12.627
    endloop
  endfacet
  facet normal 0.123812 0.150906 0.980764
    outer loop
      vertex 26.6824 29.7764 12.627
      vertex 27.6201 30.9984 12.3206
      vertex 26.4067 30.0026 12.627
    endloop
  endfacet
  facet normal 0.0805733 0.177787 0.980765
    outer loop
      vertex 27.9144 29.065 12.627
      vertex 28.5039 30.4881 12.3206
      vertex 27.5896 29.2122 12.627
    endloop
  endfacet
  facet normal 0.0270211 0.0596593 0.997853
    outer loop
      vertex 29.0998 31.9267 12.1156
      vertex 29.6995 33.3745 12.0128
      vertex 28.9596 31.9902 12.1156
    endloop
  endfacet
  facet normal 0.122053 0.228316 0.965906
    outer loop
      vertex 26.9186 27.8516 13.0334
      vertex 27.5896 29.2122 12.627
      vertex 26.5166 28.0665 13.0334
    endloop
  endfacet
  facet normal 0.0317979 0.192593 0.980763
    outer loop
      vertex 29.2887 28.6968 12.627
      vertex 29.2373 30.2656 12.3206
      vertex 28.9368 28.7549 12.627
    endloop
  endfacet
  facet normal 0.075133 0.247757 0.965904
    outer loop
      vertex 28.5895 28.8359 12.627
      vertex 28.2482 28.9394 12.627
      vertex 28.1968 27.3706 13.0334
    endloop
  endfacet
  facet normal 0.24776 0.0751339 0.965904
    outer loop
      vertex 24.8394 32.3482 12.627
      vertex 24.7359 32.6895 12.627
      vertex 23.4029 31.8606 13.0334
    endloop
  endfacet
  facet normal 0.192593 0.0317979 0.980763
    outer loop
      vertex 24.6549 33.0368 12.627
      vertex 26.1656 33.3373 12.3206
      vertex 24.5968 33.3887 12.627
    endloop
  endfacet
  facet normal 0.380989 -0.0375146 0.923818
    outer loop
      vertex 21.6183 35.2035 13.5383
      vertex 20.5131 35.349 14
      vertex 20.4643 34.8534 14
    endloop
  endfacet
  facet normal 0.255434 -0.0421732 0.965906
    outer loop
      vertex 24.5968 34.8113 12.627
      vertex 24.6549 35.1632 12.627
      vertex 23.167 35.4592 13.0334
    endloop
  endfacet
  facet normal 0.165769 -0.103052 0.980765
    outer loop
      vertex 26.6143 36.0547 12.3206
      vertex 25.4686 37.1278 12.627
      vertex 25.2803 36.8249 12.627
    endloop
  endfacet
  facet normal 0.177786 -0.0805731 0.980765
    outer loop
      vertex 26.4937 35.8291 12.3206
      vertex 25.1122 36.5104 12.627
      vertex 24.965 36.1856 12.627
    endloop
  endfacet
  facet normal 0.219858 -0.13673 0.965902
    outer loop
      vertex 25.4686 37.1278 12.627
      vertex 24.2073 37.9706 13.0334
      vertex 23.9665 37.5834 13.0334
    endloop
  endfacet
  facet normal 0.273134 -0.169862 0.946861
    outer loop
      vertex 23.9665 37.5834 13.0334
      vertex 24.2073 37.9706 13.0334
      vertex 22.9708 38.7968 13.5383
    endloop
  endfacet
  facet normal 0.150901 -0.123818 0.980764
    outer loop
      vertex 26.8984 36.4799 12.3206
      vertex 27.0607 36.6777 12.3206
      vertex 25.6764 37.4176 12.627
    endloop
  endfacet
  facet normal 0.158659 -0.113709 0.980764
    outer loop
      vertex 26.7494 36.272 12.3206
      vertex 26.8984 36.4799 12.3206
      vertex 25.6764 37.4176 12.627
    endloop
  endfacet
  facet normal 0.106814 -0.235831 0.965906
    outer loop
      vertex 27.5896 38.9878 12.627
      vertex 27.3339 40.5365 13.0334
      vertex 26.9186 40.3484 13.0334
    endloop
  endfacet
  facet normal 0.311205 -0.222948 0.923821
    outer loop
      vertex 22.9708 38.7968 13.5383
      vertex 22.3339 39.8209 14
      vertex 22.0439 39.4161 14
    endloop
  endfacet
  facet normal 0.311134 -0.223049 0.923821
    outer loop
      vertex 22.3339 39.8209 14
      vertex 23.293 39.2465 13.5383
      vertex 22.4086 39.9251 14
    endloop
  endfacet
  facet normal 0.311189 -0.22296 0.923824
    outer loop
      vertex 23.293 39.2465 13.5383
      vertex 22.3339 39.8209 14
      vertex 22.9708 38.7968 13.5383
    endloop
  endfacet
  facet normal 0.279435 -0.261677 0.923819
    outer loop
      vertex 23.6439 39.6741 13.5383
      vertex 23.1462 40.7726 14
      vertex 22.8058 40.4091 14
    endloop
  endfacet
  facet normal 0.273122 -0.169873 0.946862
    outer loop
      vertex 23.9665 37.5834 13.0334
      vertex 22.9708 38.7968 13.5383
      vertex 22.6786 38.327 13.5383
    endloop
  endfacet
  facet normal 0.325083 -0.202191 0.923818
    outer loop
      vertex 21.7809 38.9932 14
      vertex 22.6786 38.327 13.5383
      vertex 22.9708 38.7968 13.5383
    endloop
  endfacet
  facet normal 0.325038 -0.202253 0.92382
    outer loop
      vertex 22.6786 38.327 13.5383
      vertex 21.7809 38.9932 14
      vertex 21.7132 38.8844 14
    endloop
  endfacet
  facet normal 0.301016 -0.113295 0.946865
    outer loop
      vertex 23.4029 36.3394 13.0334
      vertex 23.5635 36.7661 13.0334
      vertex 22.1895 37.3352 13.5383
    endloop
  endfacet
  facet normal 0.29298 -0.132698 0.946865
    outer loop
      vertex 23.5635 36.7661 13.0334
      vertex 23.7516 37.1814 13.0334
      vertex 22.1895 37.3352 13.5383
    endloop
  endfacet
  facet normal -0.0612803 -0.0231078 0.997853
    outer loop
      vertex 32.2276 34.8562 12.1156
      vertex 32.1733 35.0002 12.1156
      vertex 30.7255 34.4005 12.0128
    endloop
  endfacet
  facet normal -0.0105813 -0.0646354 0.997853
    outer loop
      vertex 30.1532 34.8702 12.0128
      vertex 30.4589 36.4072 12.1156
      vertex 30.1025 34.8785 12.0128
    endloop
  endfacet
  facet normal -0.273122 -0.169873 0.946862
    outer loop
      vertex 37.3214 38.327 13.5383
      vertex 37.0292 38.7968 13.5383
      vertex 36.0335 37.5834 13.0334
    endloop
  endfacet
  facet normal -0.24863 -0.204033 0.946865
    outer loop
      vertex 36.707 39.2465 13.5383
      vertex 36.3561 39.6741 13.5383
      vertex 35.2379 38.6936 13.0334
    endloop
  endfacet
  facet normal -0.115173 -0.0615726 0.991435
    outer loop
      vertex 32.1098 35.1404 12.1156
      vertex 33.5063 35.8291 12.3206
      vertex 32.0372 35.2762 12.1156
    endloop
  endfacet
  facet normal -0.165763 -0.103058 0.980766
    outer loop
      vertex 33.3857 36.0547 12.3206
      vertex 34.5314 37.1278 12.627
      vertex 33.2506 36.272 12.3206
    endloop
  endfacet
  facet normal 0.0460031 -0.122232 0.991435
    outer loop
      vertex 29.2438 36.3276 12.1156
      vertex 28.7433 37.802 12.3206
      vertex 28.5039 37.7119 12.3206
    endloop
  endfacet
  facet normal 0.0213062 -0.128856 0.991434
    outer loop
      vertex 29.5411 36.4072 12.1156
      vertex 29.6929 36.4323 12.1156
      vertex 29.4897 37.976 12.3206
    endloop
  endfacet
  facet normal 0.0128136 -0.129973 0.991435
    outer loop
      vertex 29.8461 36.4474 12.1156
      vertex 29.7443 38.0011 12.3206
      vertex 29.4897 37.976 12.3206
    endloop
  endfacet
  facet normal -0.0654568 -0.0021266 0.997853
    outer loop
      vertex 32.3524 34.1 12.1156
      vertex 32.3474 34.2539 12.1156
      vertex 30.7836 34.1514 12.0128
    endloop
  endfacet
  facet normal -0.0577574 -0.0308777 0.997853
    outer loop
      vertex 32.1098 35.1404 12.1156
      vertex 32.0372 35.2762 12.1156
      vertex 30.7043 34.4473 12.0128
    endloop
  endfacet
  facet normal -0.046077 0.122193 0.991436
    outer loop
      vertex 31.4961 30.4881 12.3206
      vertex 30.9002 31.9267 12.1156
      vertex 30.7562 31.8724 12.1156
    endloop
  endfacet
  facet normal 0.0532363 -0.0381413 0.997853
    outer loop
      vertex 29.377 34.578 12.0128
      vertex 28.1337 35.5321 12.1156
      vertex 28.044 35.4069 12.1156
    endloop
  endfacet
  facet normal 0.076081 -0.106156 0.991435
    outer loop
      vertex 28.5679 35.9663 12.1156
      vertex 27.828 37.3506 12.3206
      vertex 27.6201 37.2016 12.3206
    endloop
  endfacet
  facet normal 0.046077 -0.122193 0.991436
    outer loop
      vertex 29.0998 36.2733 12.1156
      vertex 29.2438 36.3276 12.1156
      vertex 28.5039 37.7119 12.3206
    endloop
  endfacet
  facet normal 0.0920107 -0.172144 0.980765
    outer loop
      vertex 28.0453 37.4857 12.3206
      vertex 27.5896 38.9878 12.627
      vertex 27.2751 38.8197 12.627
    endloop
  endfacet
  facet normal -0.124978 -0.0379003 0.991435
    outer loop
      vertex 32.2723 34.7088 12.1156
      vertex 33.7763 35.1119 12.3206
      vertex 32.2276 34.8562 12.1156
    endloop
  endfacet
  facet normal -0.127199 -0.0296146 0.991435
    outer loop
      vertex 32.3072 34.5589 12.1156
      vertex 33.7763 35.1119 12.3206
      vertex 32.2723 34.7088 12.1156
    endloop
  endfacet
  facet normal -0.0626674 0.0190172 0.997853
    outer loop
      vertex 32.2276 33.3438 12.1156
      vertex 32.2723 33.4911 12.1156
      vertex 30.7436 33.8476 12.0128
    endloop
  endfacet
  facet normal -0.124973 -0.0379308 0.991435
    outer loop
      vertex 33.7763 35.1119 12.3206
      vertex 33.702 35.3567 12.3206
      vertex 32.2276 34.8562 12.1156
    endloop
  endfacet
  facet normal -0.0651725 0.00642366 0.997853
    outer loop
      vertex 32.3323 33.7929 12.1156
      vertex 32.3474 33.9461 12.1156
      vertex 30.7785 33.9975 12.0128
    endloop
  endfacet
  facet normal -0.0651698 -0.00650423 0.997853
    outer loop
      vertex 30.7836 34.1514 12.0128
      vertex 32.3474 34.2539 12.1156
      vertex 30.7785 34.2025 12.0128
    endloop
  endfacet
  facet normal -0.065458 -0.00216495 0.997853
    outer loop
      vertex 30.7853 34.1 12.0128
      vertex 32.3524 34.1 12.1156
      vertex 30.7836 34.1514 12.0128
    endloop
  endfacet
  facet normal -0.186788 0.0566695 0.980764
    outer loop
      vertex 35.1606 32.3482 12.627
      vertex 33.7763 33.0882 12.3206
      vertex 33.702 32.8433 12.3206
    endloop
  endfacet
  facet normal -0.18269 0.0687415 0.980764
    outer loop
      vertex 35.035 32.0144 12.627
      vertex 35.1606 32.3482 12.627
      vertex 33.702 32.8433 12.3206
    endloop
  endfacet
  facet normal -0.127184 -0.0296525 0.991436
    outer loop
      vertex 33.8344 34.8627 12.3206
      vertex 33.7763 35.1119 12.3206
      vertex 32.3072 34.5589 12.1156
    endloop
  endfacet
  facet normal -0.252137 -0.0588053 0.965903
    outer loop
      vertex 35.3451 35.1632 12.627
      vertex 36.7294 35.9031 13.0334
      vertex 35.2641 35.5105 12.627
    endloop
  endfacet
  facet normal -0.292975 -0.132737 0.946862
    outer loop
      vertex 37.8105 37.3352 13.5383
      vertex 37.5822 37.8391 13.5383
      vertex 36.2484 37.1814 13.0334
    endloop
  endfacet
  facet normal -0.348708 -0.157979 0.923821
    outer loop
      vertex 38.8404 37.7618 14
      vertex 38.6349 38.2154 14
      vertex 37.8105 37.3352 13.5383
    endloop
  endfacet
  facet normal -0.228323 -0.122039 0.965906
    outer loop
      vertex 34.8878 36.5104 12.627
      vertex 36.2484 37.1814 13.0334
      vertex 34.7197 36.8249 12.627
    endloop
  endfacet
  facet normal -0.228319 -0.122054 0.965905
    outer loop
      vertex 36.2484 37.1814 13.0334
      vertex 36.0335 37.5834 13.0334
      vertex 34.7197 36.8249 12.627
    endloop
  endfacet
  facet normal -0.0296146 -0.127199 0.991435
    outer loop
      vertex 30.6088 36.3723 12.1156
      vertex 31.0119 37.8763 12.3206
      vertex 30.4589 36.4072 12.1156
    endloop
  endfacet
  facet normal -0.00212664 -0.065458 0.997853
    outer loop
      vertex 30.1539 36.4474 12.1156
      vertex 30 36.4524 12.1156
      vertex 30 34.8853 12.0128
    endloop
  endfacet
  facet normal -0.169873 0.273122 0.946862
    outer loop
      vertex 34.227 26.7786 13.5383
      vertex 34.6968 27.0708 13.5383
      vertex 33.4834 28.0665 13.0334
    endloop
  endfacet
  facet normal -0.157984 0.3487 0.923823
    outer loop
      vertex 33.2352 26.2895 13.5383
      vertex 33.7786 25.3125 14
      vertex 33.7391 26.5178 13.5383
    endloop
  endfacet
  facet normal -0.157941 0.348724 0.923822
    outer loop
      vertex 33.7786 25.3125 14
      vertex 33.2352 26.2895 13.5383
      vertex 33.6618 25.2596 14
    endloop
  endfacet
  facet normal -0.223049 0.311134 0.923821
    outer loop
      vertex 35.1465 27.393 13.5383
      vertex 35.7209 26.4339 14
      vertex 35.8251 26.5086 14
    endloop
  endfacet
  facet normal -0.22296 0.311189 0.923824
    outer loop
      vertex 35.7209 26.4339 14
      vertex 35.1465 27.393 13.5383
      vertex 34.6968 27.0708 13.5383
    endloop
  endfacet
  facet normal 0.0106835 -0.0646116 0.997853
    outer loop
      vertex 29.8975 34.8785 12.0128
      vertex 29.6929 36.4323 12.1156
      vertex 29.5411 36.4072 12.1156
    endloop
  endfacet
  facet normal -0.0596579 -0.0270245 0.997853
    outer loop
      vertex 30.7255 34.4005 12.0128
      vertex 32.1733 35.0002 12.1156
      vertex 30.7043 34.4473 12.0128
    endloop
  endfacet
  facet normal -0.195096 0.00640909 0.980763
    outer loop
      vertex 35.4498 34.1 12.627
      vertex 33.9095 34.1 12.3206
      vertex 33.9011 33.8443 12.3206
    endloop
  endfacet
  facet normal -0.252127 0.0588429 0.965903
    outer loop
      vertex 36.7294 32.2969 13.0334
      vertex 36.833 32.7408 13.0334
      vertex 35.2641 32.6895 12.627
    endloop
  endfacet
  facet normal -0.0637881 0.0148414 0.997853
    outer loop
      vertex 32.2723 33.4911 12.1156
      vertex 32.3072 33.6411 12.1156
      vertex 30.7702 33.9468 12.0128
    endloop
  endfacet
  facet normal -0.127207 0.0295969 0.991435
    outer loop
      vertex 33.7763 33.0882 12.3206
      vertex 32.3072 33.6411 12.1156
      vertex 32.2723 33.4911 12.1156
    endloop
  endfacet
  facet normal -0.0506672 0.0415012 0.997853
    outer loop
      vertex 31.7686 32.5489 12.1156
      vertex 30.623 33.622 12.0128
      vertex 30.5904 33.5822 12.0128
    endloop
  endfacet
  facet normal -0.0828751 0.100943 0.991434
    outer loop
      vertex 32.3799 30.9984 12.3206
      vertex 31.5511 32.3314 12.1156
      vertex 31.4321 32.2337 12.1156
    endloop
  endfacet
  facet normal -0.0296131 0.127192 0.991436
    outer loop
      vertex 30.7627 30.2656 12.3206
      vertex 30.6088 31.8277 12.1156
      vertex 30.4589 31.7928 12.1156
    endloop
  endfacet
  facet normal 0.0149226 0.0637719 0.997853
    outer loop
      vertex 29.8468 33.3298 12.0128
      vertex 29.7968 33.3415 12.0128
      vertex 29.5411 31.7928 12.1156
    endloop
  endfacet
  facet normal -0.14245 0.133447 0.980765
    outer loop
      vertex 33.8536 30.2464 12.627
      vertex 32.9393 31.5223 12.3206
      vertex 32.7644 31.3356 12.3206
    endloop
  endfacet
  facet normal -0.18896 0.176982 0.965905
    outer loop
      vertex 35.2379 29.5064 13.0334
      vertex 34.0974 30.5067 12.627
      vertex 33.8536 30.2464 12.627
    endloop
  endfacet
  facet normal -0.165768 0.103051 0.980766
    outer loop
      vertex 34.5314 31.0722 12.627
      vertex 34.7197 31.3751 12.627
      vertex 33.2506 31.928 12.3206
    endloop
  endfacet
  facet normal -0.0953118 0.0892878 0.991435
    outer loop
      vertex 32.7644 31.3356 12.3206
      vertex 32.9393 31.5223 12.3206
      vertex 31.6634 32.4366 12.1156
    endloop
  endfacet
  facet normal -0.122206 0.0460817 0.991434
    outer loop
      vertex 33.702 32.8433 12.3206
      vertex 32.2276 33.3438 12.1156
      vertex 32.1733 33.1998 12.1156
    endloop
  endfacet
  facet normal -0.124977 0.0379168 0.991435
    outer loop
      vertex 33.702 32.8433 12.3206
      vertex 33.7763 33.0882 12.3206
      vertex 32.2276 33.3438 12.1156
    endloop
  endfacet
  facet normal -0.115173 0.0615726 0.991435
    outer loop
      vertex 33.5063 32.3709 12.3206
      vertex 32.1098 33.0596 12.1156
      vertex 32.0372 32.9238 12.1156
    endloop
  endfacet
  facet normal -0.118966 0.0538824 0.991435
    outer loop
      vertex 33.5063 32.3709 12.3206
      vertex 32.1733 33.1998 12.1156
      vertex 32.1098 33.0596 12.1156
    endloop
  endfacet
  facet normal -0.313221 -0.0731014 0.946863
    outer loop
      vertex 36.833 35.4592 13.0334
      vertex 38.2916 35.7493 13.5383
      vertex 36.7294 35.9031 13.0334
    endloop
  endfacet
  facet normal -0.380966 -0.0376189 0.923823
    outer loop
      vertex 39.5357 34.8534 14
      vertex 38.4359 34.6529 13.5383
      vertex 39.5483 34.7258 14
    endloop
  endfacet
  facet normal -0.380986 -0.0375035 0.92382
    outer loop
      vertex 38.4359 34.6529 13.5383
      vertex 39.5357 34.8534 14
      vertex 38.3817 35.2035 13.5383
    endloop
  endfacet
  facet normal -0.242312 -0.0912007 0.965902
    outer loop
      vertex 36.5971 36.3394 13.0334
      vertex 36.4365 36.7661 13.0334
      vertex 35.035 36.1856 12.627
    endloop
  endfacet
  facet normal -0.320087 -0.0315087 0.946864
    outer loop
      vertex 38.4359 34.6529 13.5383
      vertex 38.3817 35.2035 13.5383
      vertex 36.9519 34.5557 13.0334
    endloop
  endfacet
  facet normal -0.301033 -0.113273 0.946862
    outer loop
      vertex 38.0053 36.8175 13.5383
      vertex 37.8105 37.3352 13.5383
      vertex 36.5971 36.3394 13.0334
    endloop
  endfacet
  facet normal -0.372833 -0.0869346 0.923817
    outer loop
      vertex 39.3558 36.0916 14
      vertex 38.2916 35.7493 13.5383
      vertex 39.3849 35.9668 14
    endloop
  endfacet
  facet normal -0.37282 -0.0869774 0.923818
    outer loop
      vertex 38.2916 35.7493 13.5383
      vertex 39.3558 36.0916 14
      vertex 38.1659 36.2881 13.5383
    endloop
  endfacet
  facet normal -0.234747 0.219865 0.946865
    outer loop
      vertex 35.9779 28.1221 13.5383
      vertex 36.3561 28.5259 13.5383
      vertex 35.2379 29.5064 13.0334
    endloop
  endfacet
  facet normal -0.200122 0.164242 0.965907
    outer loop
      vertex 35.2379 29.5064 13.0334
      vertex 35.5272 29.8589 13.0334
      vertex 34.3236 30.7824 12.627
    endloop
  endfacet
  facet normal -0.366336 0.111146 0.923821
    outer loop
      vertex 39.0609 31.0242 14
      vertex 39.2055 31.5008 14
      vertex 38.0053 31.3825 13.5383
    endloop
  endfacet
  facet normal -0.372817 0.0869768 0.92382
    outer loop
      vertex 38.1659 31.9119 13.5383
      vertex 39.2718 31.7483 14
      vertex 38.2916 32.4507 13.5383
    endloop
  endfacet
  facet normal -0.372835 0.0868654 0.923823
    outer loop
      vertex 39.2718 31.7483 14
      vertex 38.1659 31.9119 13.5383
      vertex 39.2427 31.6234 14
    endloop
  endfacet
  facet normal 0.317336 -0.0523485 0.946867
    outer loop
      vertex 23.0928 35.0094 13.0334
      vertex 23.167 35.4592 13.0334
      vertex 21.6183 35.2035 13.5383
    endloop
  endfacet
  facet normal 0.321462 0.0105108 0.946864
    outer loop
      vertex 23.0481 33.6443 13.0334
      vertex 23.0332 34.1 13.0334
      vertex 21.5641 33.5471 13.5383
    endloop
  endfacet
  facet normal 0.320087 0.0315087 0.946864
    outer loop
      vertex 21.6183 32.9965 13.5383
      vertex 23.0481 33.6443 13.0334
      vertex 21.5641 33.5471 13.5383
    endloop
  endfacet
  facet normal 0.382637 -0.0124547 0.923815
    outer loop
      vertex 21.546 34.1 13.5383
      vertex 20.4475 34.5977 14
      vertex 20.4313 34.1 14
    endloop
  endfacet
  facet normal 0.358314 0.134826 0.923814
    outer loop
      vertex 21.1145 30.5582 14
      vertex 22.1895 30.8648 13.5383
      vertex 21.9947 31.3825 13.5383
    endloop
  endfacet
  facet normal 0.358357 0.134682 0.923819
    outer loop
      vertex 22.1895 30.8648 13.5383
      vertex 21.1145 30.5582 14
      vertex 21.1596 30.4382 14
    endloop
  endfacet
  facet normal 0.377719 0.0623509 0.923819
    outer loop
      vertex 20.5942 32.3597 14
      vertex 21.6183 32.9965 13.5383
      vertex 20.5131 32.851 14
    endloop
  endfacet
  facet normal 0.252127 0.0588429 0.965903
    outer loop
      vertex 23.2706 32.2969 13.0334
      vertex 24.7359 32.6895 12.627
      vertex 23.167 32.7408 13.0334
    endloop
  endfacet
  facet normal 0.252126 0.0588028 0.965906
    outer loop
      vertex 24.7359 32.6895 12.627
      vertex 24.6549 33.0368 12.627
      vertex 23.167 32.7408 13.0334
    endloop
  endfacet
  facet normal 0.222948 0.311205 0.923821
    outer loop
      vertex 24.6839 26.1439 14
      vertex 25.3032 27.0708 13.5383
      vertex 24.2791 26.4339 14
    endloop
  endfacet
  facet normal 0.202171 0.325088 0.923821
    outer loop
      vertex 25.1068 25.8809 14
      vertex 25.3032 27.0708 13.5383
      vertex 24.6839 26.1439 14
    endloop
  endfacet
  facet normal 0.261726 0.279411 0.923812
    outer loop
      vertex 23.5973 26.9935 14
      vertex 24.0221 28.1221 13.5383
      vertex 23.2339 27.3339 14
    endloop
  endfacet
  facet normal 0.235805 0.106867 0.965906
    outer loop
      vertex 25.1122 31.6896 12.627
      vertex 24.965 32.0144 12.627
      vertex 23.7516 31.0186 13.0334
    endloop
  endfacet
  facet normal 0.247763 0.0751296 0.965903
    outer loop
      vertex 23.4029 31.8606 13.0334
      vertex 24.7359 32.6895 12.627
      vertex 23.2706 32.2969 13.0334
    endloop
  endfacet
  facet normal 0.29298 0.132698 0.946865
    outer loop
      vertex 23.7516 31.0186 13.0334
      vertex 23.5635 31.4339 13.0334
      vertex 22.1895 30.8648 13.5383
    endloop
  endfacet
  facet normal 0.18896 0.176982 0.965905
    outer loop
      vertex 26.1464 30.2464 12.627
      vertex 25.9026 30.5067 12.627
      vertex 24.7621 29.5064 13.0334
    endloop
  endfacet
  facet normal 0.33764 0.180428 0.923821
    outer loop
      vertex 21.7132 29.3156 14
      vertex 22.6786 29.873 13.5383
      vertex 21.4785 29.7548 14
    endloop
  endfacet
  facet normal 0.301033 0.113273 0.946862
    outer loop
      vertex 22.1895 30.8648 13.5383
      vertex 23.4029 31.8606 13.0334
      vertex 21.9947 31.3825 13.5383
    endloop
  endfacet
  facet normal 0.358287 0.134858 0.92382
    outer loop
      vertex 21.1145 30.5582 14
      vertex 21.9947 31.3825 13.5383
      vertex 20.9391 31.0242 14
    endloop
  endfacet
  facet normal 0.325088 0.202171 0.923821
    outer loop
      vertex 22.0439 28.7839 14
      vertex 22.9708 29.4032 13.5383
      vertex 21.7809 29.2068 14
    endloop
  endfacet
  facet normal -0.134682 0.358357 0.923819
    outer loop
      vertex 33.2352 26.2895 13.5383
      vertex 33.5418 25.2145 14
      vertex 33.6618 25.2596 14
    endloop
  endfacet
  facet normal -0.134803 0.358321 0.923815
    outer loop
      vertex 33.5418 25.2145 14
      vertex 33.2352 26.2895 13.5383
      vertex 32.7174 26.0947 13.5383
    endloop
  endfacet
  facet normal -0.111166 0.366324 0.923823
    outer loop
      vertex 32.4766 24.8573 14
      vertex 32.9531 25.0019 14
      vertex 32.1881 25.9341 13.5383
    endloop
  endfacet
  facet normal -0.151636 0.283655 0.946861
    outer loop
      vertex 33.7391 26.5178 13.5383
      vertex 33.4834 28.0665 13.0334
      vertex 33.0814 27.8516 13.0334
    endloop
  endfacet
  facet normal 0.0523847 0.317331 0.946867
    outer loop
      vertex 28.8965 25.7183 13.5383
      vertex 29.0906 27.1928 13.0334
      vertex 28.3507 25.8084 13.5383
    endloop
  endfacet
  facet normal 0.0730848 0.313221 0.946864
    outer loop
      vertex 28.6408 27.267 13.0334
      vertex 28.1968 27.3706 13.0334
      vertex 27.8119 25.9341 13.5383
    endloop
  endfacet
  facet normal -0.0421394 0.255449 0.965904
    outer loop
      vertex 30.9094 27.1928 13.0334
      vertex 31.3592 27.267 13.0334
      vertex 30.7113 28.6968 12.627
    endloop
  endfacet
  facet normal -0.0191566 0.194248 0.980765
    outer loop
      vertex 30.7113 28.6968 12.627
      vertex 30.5103 30.224 12.3206
      vertex 30.3564 28.6618 12.627
    endloop
  endfacet
  facet normal 0.0689185 0.110932 0.991436
    outer loop
      vertex 28.8238 32.0628 12.1156
      vertex 28.6931 32.144 12.1156
      vertex 28.0453 30.7143 12.3206
    endloop
  endfacet
  facet normal -0.0253856 0.257661 0.965902
    outer loop
      vertex 30.4557 27.1481 13.0334
      vertex 30.9094 27.1928 13.0334
      vertex 30.3564 28.6618 12.627
    endloop
  endfacet
  facet normal 0.0253856 0.257661 0.965902
    outer loop
      vertex 29.5443 27.1481 13.0334
      vertex 29.6436 28.6618 12.627
      vertex 29.0906 27.1928 13.0334
    endloop
  endfacet
  facet normal 0.0421732 0.255434 0.965906
    outer loop
      vertex 29.2887 28.6968 12.627
      vertex 28.9368 28.7549 12.627
      vertex 28.6408 27.267 13.0334
    endloop
  endfacet
  facet normal -0.103058 0.165763 0.980766
    outer loop
      vertex 33.0278 29.5686 12.627
      vertex 32.172 30.8494 12.3206
      vertex 31.9547 30.7143 12.3206
    endloop
  endfacet
  facet normal -0.0760799 0.106154 0.991435
    outer loop
      vertex 32.172 30.8494 12.3206
      vertex 32.3799 30.9984 12.3206
      vertex 31.3069 32.144 12.1156
    endloop
  endfacet
  facet normal -0.133433 0.142463 0.980765
    outer loop
      vertex 33.5933 30.0026 12.627
      vertex 33.8536 30.2464 12.627
      vertex 32.7644 31.3356 12.3206
    endloop
  endfacet
  facet normal -0.176981 0.188959 0.965905
    outer loop
      vertex 34.9263 29.1737 13.0334
      vertex 33.8536 30.2464 12.627
      vertex 33.5933 30.0026 12.627
    endloop
  endfacet
  facet normal -0.164247 0.200129 0.965904
    outer loop
      vertex 34.2411 28.5728 13.0334
      vertex 34.5936 28.8621 13.0334
      vertex 33.5933 30.0026 12.627
    endloop
  endfacet
  facet normal -0.158084 0.348692 0.923809
    outer loop
      vertex 33.7786 25.3125 14
      vertex 34.2321 25.5181 14
      vertex 33.7391 26.5178 13.5383
    endloop
  endfacet
  facet normal 0.0315358 0.320085 0.946864
    outer loop
      vertex 29.4471 25.6641 13.5383
      vertex 29.5443 27.1481 13.0334
      vertex 29.0906 27.1928 13.0334
    endloop
  endfacet
  facet normal 0.0125253 0.382609 0.923825
    outer loop
      vertex 29.4471 25.6641 13.5383
      vertex 29.5023 24.5475 14
      vertex 30 25.646 13.5383
    endloop
  endfacet
  facet normal 0.0125446 0.38261 0.923825
    outer loop
      vertex 29.5023 24.5475 14
      vertex 29.4471 25.6641 13.5383
      vertex 29.3742 24.5517 14
    endloop
  endfacet
  facet normal 0.134803 0.358321 0.923815
    outer loop
      vertex 26.7648 26.2895 13.5383
      vertex 26.4582 25.2145 14
      vertex 27.2826 26.0947 13.5383
    endloop
  endfacet
  facet normal 0.134682 0.358357 0.923819
    outer loop
      vertex 26.4582 25.2145 14
      vertex 26.7648 26.2895 13.5383
      vertex 26.3382 25.2596 14
    endloop
  endfacet
  facet normal 0.113251 0.301034 0.946865
    outer loop
      vertex 27.2826 26.0947 13.5383
      vertex 27.3339 27.6635 13.0334
      vertex 26.7648 26.2895 13.5383
    endloop
  endfacet
  facet normal 0.106874 0.23582 0.965902
    outer loop
      vertex 27.9144 29.065 12.627
      vertex 27.5896 29.2122 12.627
      vertex 27.3339 27.6635 13.0334
    endloop
  endfacet
  facet normal 0.106814 0.235831 0.965906
    outer loop
      vertex 27.3339 27.6635 13.0334
      vertex 27.5896 29.2122 12.627
      vertex 26.9186 27.8516 13.0334
    endloop
  endfacet
  facet normal -0.190098 0.0443384 0.980763
    outer loop
      vertex 35.2641 32.6895 12.627
      vertex 33.8344 33.3373 12.3206
      vertex 33.7763 33.0882 12.3206
    endloop
  endfacet
  facet normal -0.321458 0.0105234 0.946865
    outer loop
      vertex 38.4359 33.5471 13.5383
      vertex 38.454 34.1 13.5383
      vertex 36.9668 34.1 13.0334
    endloop
  endfacet
  facet normal -0.200154 -0.164218 0.965904
    outer loop
      vertex 34.3236 37.4176 12.627
      vertex 35.2379 38.6936 13.0334
      vertex 34.0974 37.6933 12.627
    endloop
  endfacet
  facet normal -0.180428 -0.33764 0.923821
    outer loop
      vertex 34.7844 42.3868 14
      vertex 34.3452 42.6215 14
      vertex 34.227 41.4214 13.5383
    endloop
  endfacet
  facet normal -0.202253 -0.325038 0.92382
    outer loop
      vertex 34.227 41.4214 13.5383
      vertex 34.8932 42.3191 14
      vertex 34.7844 42.3868 14
    endloop
  endfacet
  facet normal -0.202191 -0.325083 0.923818
    outer loop
      vertex 34.8932 42.3191 14
      vertex 34.227 41.4214 13.5383
      vertex 34.6968 41.1292 13.5383
    endloop
  endfacet
  facet normal 0.176979 -0.188963 0.965905
    outer loop
      vertex 26.4067 38.1974 12.627
      vertex 25.4064 39.3379 13.0334
      vertex 25.0737 39.0263 13.0334
    endloop
  endfacet
  facet normal 0.0687552 -0.182686 0.980764
    outer loop
      vertex 28.5039 37.7119 12.3206
      vertex 28.7433 37.802 12.3206
      vertex 28.2482 39.2606 12.627
    endloop
  endfacet
  facet normal 0.348708 0.157979 0.923821
    outer loop
      vertex 21.3651 29.9846 14
      vertex 22.1895 30.8648 13.5383
      vertex 21.1596 30.4382 14
    endloop
  endfacet
  facet normal 0.0296131 0.127192 0.991436
    outer loop
      vertex 29.5411 31.7928 12.1156
      vertex 29.3912 31.8277 12.1156
      vertex 29.2373 30.2656 12.3206
    endloop
  endfacet
  facet normal 0.0460031 0.122232 0.991435
    outer loop
      vertex 28.7433 30.398 12.3206
      vertex 29.2438 31.8724 12.1156
      vertex 28.5039 30.4881 12.3206
    endloop
  endfacet
  facet normal 0.0128108 0.129974 0.991435
    outer loop
      vertex 29.8461 31.7526 12.1156
      vertex 29.6929 31.7677 12.1156
      vertex 29.4897 30.224 12.3206
    endloop
  endfacet
  facet normal 0.0231072 0.0612789 0.997853
    outer loop
      vertex 29.2438 31.8724 12.1156
      vertex 29.7476 33.3564 12.0128
      vertex 29.0998 31.9267 12.1156
    endloop
  endfacet
  facet normal 0.00424066 0.130527 0.991436
    outer loop
      vertex 30 30.1905 12.3206
      vertex 30 31.7476 12.1156
      vertex 29.8461 31.7526 12.1156
    endloop
  endfacet
  facet normal 0.0128136 0.129973 0.991435
    outer loop
      vertex 29.7443 30.1989 12.3206
      vertex 29.8461 31.7526 12.1156
      vertex 29.4897 30.224 12.3206
    endloop
  endfacet
  facet normal 0.0415576 -0.0506177 0.997853
    outer loop
      vertex 29.4822 34.6904 12.0128
      vertex 28.5679 35.9663 12.1156
      vertex 28.4489 35.8686 12.1156
    endloop
  endfacet
  facet normal 0.0828429 -0.100963 0.991435
    outer loop
      vertex 28.4489 35.8686 12.1156
      vertex 27.6201 37.2016 12.3206
      vertex 27.4223 37.0393 12.3206
    endloop
  endfacet
  facet normal 0.127199 -0.0296146 0.991435
    outer loop
      vertex 27.6928 34.5589 12.1156
      vertex 27.7277 34.7088 12.1156
      vertex 26.2237 35.1119 12.3206
    endloop
  endfacet
  facet normal 0.219872 -0.136685 0.965905
    outer loop
      vertex 25.2803 36.8249 12.627
      vertex 25.4686 37.1278 12.627
      vertex 23.9665 37.5834 13.0334
    endloop
  endfacet
  facet normal 0.261447 0.187353 0.94686
    outer loop
      vertex 24.4728 29.8589 13.0334
      vertex 24.2073 30.2294 13.0334
      vertex 22.9708 29.4032 13.5383
    endloop
  endfacet
  facet normal 0.248624 0.204048 0.946864
    outer loop
      vertex 24.7621 29.5064 13.0334
      vertex 24.4728 29.8589 13.0334
      vertex 23.293 28.9535 13.5383
    endloop
  endfacet
  facet normal 0.28366 0.151626 0.946861
    outer loop
      vertex 22.6786 29.873 13.5383
      vertex 23.7516 31.0186 13.0334
      vertex 22.4178 30.3609 13.5383
    endloop
  endfacet
  facet normal 0.115173 0.0615726 0.991435
    outer loop
      vertex 27.9628 32.9238 12.1156
      vertex 27.8902 33.0596 12.1156
      vertex 26.4937 32.3709 12.3206
    endloop
  endfacet
  facet normal 0.187353 0.261447 0.94686
    outer loop
      vertex 26.1294 28.3073 13.0334
      vertex 25.7589 28.5728 13.0334
      vertex 25.3032 27.0708 13.5383
    endloop
  endfacet
  facet normal 0.150809 0.21045 0.965902
    outer loop
      vertex 26.1294 28.3073 13.0334
      vertex 26.9722 29.5686 12.627
      vertex 25.7589 28.5728 13.0334
    endloop
  endfacet
  facet normal 0.113703 0.15865 0.980766
    outer loop
      vertex 27.828 30.8494 12.3206
      vertex 27.6201 30.9984 12.3206
      vertex 26.9722 29.5686 12.627
    endloop
  endfacet
  facet normal 0.0615693 0.115174 0.991435
    outer loop
      vertex 28.2709 30.5937 12.3206
      vertex 28.8238 32.0628 12.1156
      vertex 28.0453 30.7143 12.3206
    endloop
  endfacet
  facet normal 0.122041 0.228327 0.965905
    outer loop
      vertex 27.5896 29.2122 12.627
      vertex 27.2751 29.3803 12.627
      vertex 26.5166 28.0665 13.0334
    endloop
  endfacet
  facet normal 0.136685 0.219872 0.965905
    outer loop
      vertex 27.2751 29.3803 12.627
      vertex 26.9722 29.5686 12.627
      vertex 26.5166 28.0665 13.0334
    endloop
  endfacet
  facet normal 0.0805756 0.177785 0.980765
    outer loop
      vertex 28.5039 30.4881 12.3206
      vertex 28.2709 30.5937 12.3206
      vertex 27.5896 29.2122 12.627
    endloop
  endfacet
  facet normal 0.0920116 0.172145 0.980765
    outer loop
      vertex 27.5896 29.2122 12.627
      vertex 28.2709 30.5937 12.3206
      vertex 27.2751 29.3803 12.627
    endloop
  endfacet
  facet normal 0.192593 -0.0317979 0.980763
    outer loop
      vertex 26.1656 34.8627 12.3206
      vertex 24.6549 35.1632 12.627
      vertex 24.5968 34.8113 12.627
    endloop
  endfacet
  facet normal 0.255434 0.0421732 0.965906
    outer loop
      vertex 24.6549 33.0368 12.627
      vertex 24.5968 33.3887 12.627
      vertex 23.167 32.7408 13.0334
    endloop
  endfacet
  facet normal -0.00216483 0.0654543 0.997853
    outer loop
      vertex 30.1539 31.7526 12.1156
      vertex 30.0514 33.3164 12.0128
      vertex 30 33.3147 12.0128
    endloop
  endfacet
  facet normal 0.292975 0.132737 0.946862
    outer loop
      vertex 22.4178 30.3609 13.5383
      vertex 23.7516 31.0186 13.0334
      vertex 22.1895 30.8648 13.5383
    endloop
  endfacet
  facet normal 0.377719 -0.0623509 0.923819
    outer loop
      vertex 21.6183 35.2035 13.5383
      vertex 20.5942 35.8403 14
      vertex 20.5131 35.349 14
    endloop
  endfacet
  facet normal 0.37282 -0.0869774 0.923818
    outer loop
      vertex 20.6442 36.0916 14
      vertex 21.7084 35.7493 13.5383
      vertex 21.8341 36.2881 13.5383
    endloop
  endfacet
  facet normal 0.372833 -0.0869346 0.923817
    outer loop
      vertex 21.7084 35.7493 13.5383
      vertex 20.6442 36.0916 14
      vertex 20.6151 35.9668 14
    endloop
  endfacet
  facet normal 0.320087 -0.0315087 0.946864
    outer loop
      vertex 23.0481 34.5557 13.0334
      vertex 21.6183 35.2035 13.5383
      vertex 21.5641 34.6529 13.5383
    endloop
  endfacet
  facet normal 0.380986 -0.0375035 0.92382
    outer loop
      vertex 20.4643 34.8534 14
      vertex 21.5641 34.6529 13.5383
      vertex 21.6183 35.2035 13.5383
    endloop
  endfacet
  facet normal 0.380966 -0.0376189 0.923823
    outer loop
      vertex 21.5641 34.6529 13.5383
      vertex 20.4643 34.8534 14
      vertex 20.4517 34.7258 14
    endloop
  endfacet
  facet normal 0.110914 -0.0689575 0.991435
    outer loop
      vertex 28.044 35.4069 12.1156
      vertex 26.7494 36.272 12.3206
      vertex 26.6143 36.0547 12.3206
    endloop
  endfacet
  facet normal 0.172145 -0.0920116 0.980765
    outer loop
      vertex 26.4937 35.8291 12.3206
      vertex 25.2803 36.8249 12.627
      vertex 25.1122 36.5104 12.627
    endloop
  endfacet
  facet normal 0.200154 -0.164218 0.965904
    outer loop
      vertex 25.6764 37.4176 12.627
      vertex 25.9026 37.6933 12.627
      vertex 24.7621 38.6936 13.0334
    endloop
  endfacet
  facet normal 0.18896 -0.176982 0.965905
    outer loop
      vertex 25.9026 37.6933 12.627
      vertex 26.1464 37.9536 12.627
      vertex 24.7621 38.6936 13.0334
    endloop
  endfacet
  facet normal 0.24863 -0.204033 0.946865
    outer loop
      vertex 24.7621 38.6936 13.0334
      vertex 23.6439 39.6741 13.5383
      vertex 23.293 39.2465 13.5383
    endloop
  endfacet
  facet normal 0.248624 -0.204048 0.946864
    outer loop
      vertex 24.4728 38.3411 13.0334
      vertex 24.7621 38.6936 13.0334
      vertex 23.293 39.2465 13.5383
    endloop
  endfacet
  facet normal 0.0346063 0.055599 0.997853
    outer loop
      vertex 29.6074 33.4199 12.0128
      vertex 29.5637 33.4471 12.0128
      vertex 28.6931 32.144 12.1156
    endloop
  endfacet
  facet normal -0.0626758 0.0189811 0.997853
    outer loop
      vertex 32.2723 33.4911 12.1156
      vertex 30.7585 33.8968 12.0128
      vertex 30.7436 33.8476 12.0128
    endloop
  endfacet
  facet normal -0.0415576 -0.0506177 0.997853
    outer loop
      vertex 31.5511 35.8686 12.1156
      vertex 31.4321 35.9663 12.1156
      vertex 30.5178 34.6904 12.0128
    endloop
  endfacet
  facet normal -0.219863 -0.234751 0.946864
    outer loop
      vertex 34.9263 39.0263 13.0334
      vertex 35.9779 40.0779 13.5383
      vertex 34.5936 39.3379 13.0334
    endloop
  endfacet
  facet normal -0.164211 -0.200146 0.965907
    outer loop
      vertex 33.5933 38.1974 12.627
      vertex 34.2411 39.6272 13.0334
      vertex 33.3176 38.4236 12.627
    endloop
  endfacet
  facet normal -0.0538803 -0.118961 0.991436
    outer loop
      vertex 31.0404 36.2098 12.1156
      vertex 31.4961 37.7119 12.3206
      vertex 30.9002 36.2733 12.1156
    endloop
  endfacet
  facet normal -0.0953118 -0.0892878 0.991435
    outer loop
      vertex 32.9393 36.6777 12.3206
      vertex 32.7644 36.8644 12.3206
      vertex 31.6634 35.7634 12.1156
    endloop
  endfacet
  facet normal -0.133433 -0.142463 0.980765
    outer loop
      vertex 33.8536 37.9536 12.627
      vertex 33.5933 38.1974 12.627
      vertex 32.7644 36.8644 12.3206
    endloop
  endfacet
  facet normal -0.0532232 -0.0381624 0.997853
    outer loop
      vertex 30.6529 34.5363 12.0128
      vertex 31.956 35.4069 12.1156
      vertex 30.623 34.578 12.0128
    endloop
  endfacet
  facet normal -0.0506159 -0.041556 0.997853
    outer loop
      vertex 31.8663 35.5321 12.1156
      vertex 31.7686 35.6511 12.1156
      vertex 30.623 34.578 12.0128
    endloop
  endfacet
  facet normal 0.111153 -0.366334 0.923821
    outer loop
      vertex 27.0469 43.1981 14
      vertex 27.2826 42.1053 13.5383
      vertex 27.8119 42.2659 13.5383
    endloop
  endfacet
  facet normal 0.11107 -0.366352 0.923823
    outer loop
      vertex 27.2826 42.1053 13.5383
      vertex 27.0469 43.1981 14
      vertex 26.9242 43.1609 14
    endloop
  endfacet
  facet normal 0.0148503 -0.0637839 0.997853
    outer loop
      vertex 29.7968 34.8585 12.0128
      vertex 29.5411 36.4072 12.1156
      vertex 29.3912 36.3723 12.1156
    endloop
  endfacet
  facet normal -0.0478143 -0.0447542 0.997853
    outer loop
      vertex 30.5904 34.6178 12.0128
      vertex 31.7686 35.6511 12.1156
      vertex 30.5553 34.6553 12.0128
    endloop
  endfacet
  facet normal 0.0148503 0.0637839 0.997853
    outer loop
      vertex 29.5411 31.7928 12.1156
      vertex 29.7968 33.3415 12.0128
      vertex 29.3912 31.8277 12.1156
    endloop
  endfacet
  facet normal 0.0317426 -0.192592 0.980765
    outer loop
      vertex 29.4897 37.976 12.3206
      vertex 29.2887 39.5032 12.627
      vertex 29.2373 37.9344 12.3206
    endloop
  endfacet
  facet normal 0.0379003 0.124978 0.991435
    outer loop
      vertex 29.3912 31.8277 12.1156
      vertex 29.2438 31.8724 12.1156
      vertex 28.9881 30.3237 12.3206
    endloop
  endfacet
  facet normal -0.0532232 0.0381624 0.997853
    outer loop
      vertex 31.956 32.7931 12.1156
      vertex 30.6529 33.6637 12.0128
      vertex 30.623 33.622 12.0128
    endloop
  endfacet
  facet normal 0.0421394 -0.255449 0.965904
    outer loop
      vertex 29.2887 39.5032 12.627
      vertex 29.0906 41.0072 13.0334
      vertex 28.6408 40.933 13.0334
    endloop
  endfacet
  facet normal 0.15086 -0.21039 0.965907
    outer loop
      vertex 26.6824 38.4236 12.627
      vertex 26.9722 38.6314 12.627
      vertex 25.7589 39.6272 13.0334
    endloop
  endfacet
  facet normal 0.0805756 -0.177785 0.980765
    outer loop
      vertex 28.2709 37.6063 12.3206
      vertex 28.5039 37.7119 12.3206
      vertex 27.5896 38.9878 12.627
    endloop
  endfacet
  facet normal 0.0689575 -0.110914 0.991435
    outer loop
      vertex 28.6931 36.056 12.1156
      vertex 28.0453 37.4857 12.3206
      vertex 27.828 37.3506 12.3206
    endloop
  endfacet
  facet normal 0.0296525 -0.127184 0.991436
    outer loop
      vertex 29.5411 36.4072 12.1156
      vertex 29.2373 37.9344 12.3206
      vertex 28.9881 37.8763 12.3206
    endloop
  endfacet
  facet normal 0.0296146 -0.127199 0.991435
    outer loop
      vertex 29.3912 36.3723 12.1156
      vertex 29.5411 36.4072 12.1156
      vertex 28.9881 37.8763 12.3206
    endloop
  endfacet
  facet normal -0.0230662 -0.0612975 0.997853
    outer loop
      vertex 30.3005 34.8255 12.0128
      vertex 30.9002 36.2733 12.1156
      vertex 30.2524 34.8436 12.0128
    endloop
  endfacet
  facet normal 0.0105813 -0.0646354 0.997853
    outer loop
      vertex 29.8468 34.8702 12.0128
      vertex 29.8975 34.8785 12.0128
      vertex 29.5411 36.4072 12.1156
    endloop
  endfacet
  facet normal -0.0381418 -0.0532369 0.997853
    outer loop
      vertex 31.4321 35.9663 12.1156
      vertex 31.3069 36.056 12.1156
      vertex 30.4363 34.7529 12.0128
    endloop
  endfacet
  facet normal -0.063764 0.0149208 0.997853
    outer loop
      vertex 32.2723 33.4911 12.1156
      vertex 30.7702 33.9468 12.0128
      vertex 30.7585 33.8968 12.0128
    endloop
  endfacet
  facet normal -0.122225 -0.0460003 0.991436
    outer loop
      vertex 33.702 35.3567 12.3206
      vertex 33.6119 35.5961 12.3206
      vertex 32.1733 35.0002 12.1156
    endloop
  endfacet
  facet normal -0.118949 -0.0539098 0.991436
    outer loop
      vertex 33.6119 35.5961 12.3206
      vertex 33.5063 35.8291 12.3206
      vertex 32.1733 35.0002 12.1156
    endloop
  endfacet
  facet normal -0.129974 -0.0128107 0.991435
    outer loop
      vertex 32.3474 34.2539 12.1156
      vertex 33.9011 34.3557 12.3206
      vertex 32.3323 34.4071 12.1156
    endloop
  endfacet
  facet normal -0.130535 -0.00424091 0.991435
    outer loop
      vertex 32.3524 34.1 12.1156
      vertex 33.9011 34.3557 12.3206
      vertex 32.3474 34.2539 12.1156
    endloop
  endfacet
  facet normal -0.257656 0.0253851 0.965903
    outer loop
      vertex 36.9072 33.1906 13.0334
      vertex 36.9519 33.6443 13.0334
      vertex 35.4032 33.3887 12.627
    endloop
  endfacet
  facet normal -0.317341 0.0523863 0.946863
    outer loop
      vertex 38.2916 32.4507 13.5383
      vertex 38.3817 32.9965 13.5383
      vertex 36.833 32.7408 13.0334
    endloop
  endfacet
  facet normal -0.177786 0.0805731 0.980765
    outer loop
      vertex 34.8878 31.6896 12.627
      vertex 35.035 32.0144 12.627
      vertex 33.5063 32.3709 12.3206
    endloop
  endfacet
  facet normal -0.235805 0.106867 0.965906
    outer loop
      vertex 36.2484 31.0186 13.0334
      vertex 35.035 32.0144 12.627
      vertex 34.8878 31.6896 12.627
    endloop
  endfacet
  facet normal -0.194249 -0.0191502 0.980765
    outer loop
      vertex 33.9011 34.3557 12.3206
      vertex 35.4032 34.8113 12.627
      vertex 33.876 34.6103 12.3206
    endloop
  endfacet
  facet normal -0.128845 -0.0213044 0.991436
    outer loop
      vertex 32.3323 34.4071 12.1156
      vertex 33.8344 34.8627 12.3206
      vertex 32.3072 34.5589 12.1156
    endloop
  endfacet
  facet normal -0.28366 -0.151626 0.946861
    outer loop
      vertex 37.5822 37.8391 13.5383
      vertex 37.3214 38.327 13.5383
      vertex 36.2484 37.1814 13.0334
    endloop
  endfacet
  facet normal -0.337711 -0.180351 0.92381
    outer loop
      vertex 38.5215 38.4452 14
      vertex 37.5822 37.8391 13.5383
      vertex 38.5819 38.3321 14
    endloop
  endfacet
  facet normal -0.337632 -0.180477 0.923814
    outer loop
      vertex 37.5822 37.8391 13.5383
      vertex 38.5215 38.4452 14
      vertex 37.3214 38.327 13.5383
    endloop
  endfacet
  facet normal -0.273134 -0.169862 0.946861
    outer loop
      vertex 36.0335 37.5834 13.0334
      vertex 37.0292 38.7968 13.5383
      vertex 35.7927 37.9706 13.0334
    endloop
  endfacet
  facet normal -0.219858 -0.13673 0.965902
    outer loop
      vertex 36.0335 37.5834 13.0334
      vertex 35.7927 37.9706 13.0334
      vertex 34.5314 37.1278 12.627
    endloop
  endfacet
  facet normal -0.169873 -0.273122 0.946862
    outer loop
      vertex 34.6968 41.1292 13.5383
      vertex 34.227 41.4214 13.5383
      vertex 33.4834 40.1335 13.0334
    endloop
  endfacet
  facet normal -0.091179 -0.242321 0.965902
    outer loop
      vertex 32.0856 39.135 12.627
      vertex 32.6661 40.5365 13.0334
      vertex 31.7518 39.2606 12.627
    endloop
  endfacet
  facet normal -0.157979 -0.348708 0.923821
    outer loop
      vertex 34.1154 42.7349 14
      vertex 33.6618 42.9404 14
      vertex 33.2352 41.9105 13.5383
    endloop
  endfacet
  facet normal -0.261456 0.187327 0.946863
    outer loop
      vertex 36.707 28.9535 13.5383
      vertex 37.0292 29.4032 13.5383
      vertex 35.5272 29.8589 13.0334
    endloop
  endfacet
  facet normal -0.261705 0.27942 0.923815
    outer loop
      vertex 35.5741 27.7439 13.5383
      vertex 36.4027 26.9935 14
      vertex 35.9779 28.1221 13.5383
    endloop
  endfacet
  facet normal -0.261756 0.279365 0.923818
    outer loop
      vertex 36.4027 26.9935 14
      vertex 35.5741 27.7439 13.5383
      vertex 36.3091 26.9058 14
    endloop
  endfacet
  facet normal -0.292975 0.132737 0.946862
    outer loop
      vertex 37.5822 30.3609 13.5383
      vertex 37.8105 30.8648 13.5383
      vertex 36.2484 31.0186 13.0334
    endloop
  endfacet
  facet normal -0.187353 0.261447 0.94686
    outer loop
      vertex 34.6968 27.0708 13.5383
      vertex 34.2411 28.5728 13.0334
      vertex 33.8706 28.3073 13.0334
    endloop
  endfacet
  facet normal -0.169862 0.273134 0.946861
    outer loop
      vertex 34.6968 27.0708 13.5383
      vertex 33.8706 28.3073 13.0334
      vertex 33.4834 28.0665 13.0334
    endloop
  endfacet
  facet normal -0.377719 0.0623509 0.923819
    outer loop
      vertex 39.4058 32.3597 14
      vertex 39.4869 32.851 14
      vertex 38.3817 32.9965 13.5383
    endloop
  endfacet
  facet normal -0.372828 0.0869598 0.923817
    outer loop
      vertex 39.2718 31.7483 14
      vertex 39.3849 32.2332 14
      vertex 38.2916 32.4507 13.5383
    endloop
  endfacet
  facet normal 0.0414966 -0.0506615 0.997853
    outer loop
      vertex 29.4822 34.6904 12.0128
      vertex 29.522 34.723 12.0128
      vertex 28.5679 35.9663 12.1156
    endloop
  endfacet
  facet normal -0.0270245 -0.0596579 0.997853
    outer loop
      vertex 30.3473 34.8043 12.0128
      vertex 30.9002 36.2733 12.1156
      vertex 30.3005 34.8255 12.0128
    endloop
  endfacet
  facet normal -0.128845 0.0213044 0.991436
    outer loop
      vertex 33.8344 33.3373 12.3206
      vertex 32.3323 33.7929 12.1156
      vertex 32.3072 33.6411 12.1156
    endloop
  endfacet
  facet normal -0.192592 0.0317426 0.980765
    outer loop
      vertex 35.4032 33.3887 12.627
      vertex 33.876 33.5897 12.3206
      vertex 33.8344 33.3373 12.3206
    endloop
  endfacet
  facet normal -0.195096 -0.00640909 0.980763
    outer loop
      vertex 33.9095 34.1 12.3206
      vertex 35.4498 34.1 12.627
      vertex 33.9011 34.3557 12.3206
    endloop
  endfacet
  facet normal -0.195086 -0.00634961 0.980766
    outer loop
      vertex 35.4498 34.1 12.627
      vertex 35.4382 34.4564 12.627
      vertex 33.9011 34.3557 12.3206
    endloop
  endfacet
  facet normal -0.0477971 -0.0447752 0.997853
    outer loop
      vertex 31.7686 35.6511 12.1156
      vertex 31.6634 35.7634 12.1156
      vertex 30.5553 34.6553 12.0128
    endloop
  endfacet
  facet normal -0.044756 0.0478162 0.997853
    outer loop
      vertex 31.6634 32.4366 12.1156
      vertex 30.5553 33.5447 12.0128
      vertex 30.5178 33.5096 12.0128
    endloop
  endfacet
  facet normal 0.0577574 0.0308777 0.997853
    outer loop
      vertex 27.9628 32.9238 12.1156
      vertex 29.2957 33.7527 12.0128
      vertex 27.8902 33.0596 12.1156
    endloop
  endfacet
  facet normal -0.038161 -0.0532212 0.997853
    outer loop
      vertex 30.478 34.723 12.0128
      vertex 31.4321 35.9663 12.1156
      vertex 30.4363 34.7529 12.0128
    endloop
  endfacet
  facet normal -0.0689575 0.110914 0.991435
    outer loop
      vertex 31.9547 30.7143 12.3206
      vertex 32.172 30.8494 12.3206
      vertex 31.3069 32.144 12.1156
    endloop
  endfacet
  facet normal 0.00650345 -0.065162 0.997854
    outer loop
      vertex 29.8975 34.8785 12.0128
      vertex 29.9486 34.8836 12.0128
      vertex 29.6929 36.4323 12.1156
    endloop
  endfacet
  facet normal 0.0828751 0.100943 0.991434
    outer loop
      vertex 28.5679 32.2337 12.1156
      vertex 28.4489 32.3314 12.1156
      vertex 27.6201 30.9984 12.3206
    endloop
  endfacet
  facet normal 0.0828429 0.100963 0.991435
    outer loop
      vertex 27.6201 30.9984 12.3206
      vertex 28.4489 32.3314 12.1156
      vertex 27.4223 31.1607 12.3206
    endloop
  endfacet
  facet normal -0.0345618 -0.0556309 0.997853
    outer loop
      vertex 31.3069 36.056 12.1156
      vertex 31.1762 36.1372 12.1156
      vertex 30.3926 34.7801 12.0128
    endloop
  endfacet
  facet normal -0.0460031 -0.122232 0.991435
    outer loop
      vertex 31.4961 37.7119 12.3206
      vertex 31.2567 37.802 12.3206
      vertex 30.7562 36.3276 12.1156
    endloop
  endfacet
  facet normal -0.158631 0.113746 0.980764
    outer loop
      vertex 34.3236 30.7824 12.627
      vertex 34.5314 31.0722 12.627
      vertex 33.1016 31.7201 12.3206
    endloop
  endfacet
  facet normal -0.150905 0.123811 0.980764
    outer loop
      vertex 34.0974 30.5067 12.627
      vertex 34.3236 30.7824 12.627
      vertex 32.9393 31.5223 12.3206
    endloop
  endfacet
  facet normal -0.21039 0.15086 0.965907
    outer loop
      vertex 35.5272 29.8589 13.0334
      vertex 34.5314 31.0722 12.627
      vertex 34.3236 30.7824 12.627
    endloop
  endfacet
  facet normal -0.100966 0.0828452 0.991435
    outer loop
      vertex 32.9393 31.5223 12.3206
      vertex 33.1016 31.7201 12.3206
      vertex 31.8663 32.6679 12.1156
    endloop
  endfacet
  facet normal -0.186781 -0.0566905 0.980765
    outer loop
      vertex 33.7763 35.1119 12.3206
      vertex 35.1606 35.8518 12.627
      vertex 33.702 35.3567 12.3206
    endloop
  endfacet
  facet normal -0.372815 -0.086939 0.923824
    outer loop
      vertex 39.3558 36.0916 14
      vertex 39.2427 36.5766 14
      vertex 38.1659 36.2881 13.5383
    endloop
  endfacet
  facet normal -0.255449 -0.0421394 0.965904
    outer loop
      vertex 36.9072 35.0094 13.0334
      vertex 36.833 35.4592 13.0334
      vertex 35.4032 34.8113 12.627
    endloop
  endfacet
  facet normal -0.317341 -0.0523863 0.946863
    outer loop
      vertex 38.3817 35.2035 13.5383
      vertex 38.2916 35.7493 13.5383
      vertex 36.833 35.4592 13.0334
    endloop
  endfacet
  facet normal -0.258774 -0.00842249 0.965901
    outer loop
      vertex 35.4498 34.1 12.627
      vertex 36.9519 34.5557 13.0334
      vertex 35.4382 34.4564 12.627
    endloop
  endfacet
  facet normal -0.258763 -0.00846076 0.965904
    outer loop
      vertex 36.9668 34.1 13.0334
      vertex 36.9519 34.5557 13.0334
      vertex 35.4498 34.1 12.627
    endloop
  endfacet
  facet normal -0.317336 -0.0523485 0.946867
    outer loop
      vertex 36.9072 35.0094 13.0334
      vertex 38.3817 35.2035 13.5383
      vertex 36.833 35.4592 13.0334
    endloop
  endfacet
  facet normal -0.320076 -0.0315349 0.946867
    outer loop
      vertex 36.9519 34.5557 13.0334
      vertex 38.3817 35.2035 13.5383
      vertex 36.9072 35.0094 13.0334
    endloop
  endfacet
  facet normal -0.247762 -0.0751343 0.965903
    outer loop
      vertex 35.2641 35.5105 12.627
      vertex 36.7294 35.9031 13.0334
      vertex 35.1606 35.8518 12.627
    endloop
  endfacet
  facet normal -0.186803 -0.0566485 0.980763
    outer loop
      vertex 35.2641 35.5105 12.627
      vertex 35.1606 35.8518 12.627
      vertex 33.7763 35.1119 12.3206
    endloop
  endfacet
  facet normal -0.21045 0.150809 0.965902
    outer loop
      vertex 35.5272 29.8589 13.0334
      vertex 35.7927 30.2294 13.0334
      vertex 34.5314 31.0722 12.627
    endloop
  endfacet
  facet normal -0.248624 0.204048 0.946864
    outer loop
      vertex 36.707 28.9535 13.5383
      vertex 35.5272 29.8589 13.0334
      vertex 35.2379 29.5064 13.0334
    endloop
  endfacet
  facet normal -0.325038 0.202253 0.92382
    outer loop
      vertex 37.3214 29.873 13.5383
      vertex 38.2191 29.2068 14
      vertex 38.2868 29.3156 14
    endloop
  endfacet
  facet normal -0.325083 0.202191 0.923818
    outer loop
      vertex 38.2191 29.2068 14
      vertex 37.3214 29.873 13.5383
      vertex 37.0292 29.4032 13.5383
    endloop
  endfacet
  facet normal 0.380986 0.0375035 0.92382
    outer loop
      vertex 21.5641 33.5471 13.5383
      vertex 20.4643 33.3466 14
      vertex 21.6183 32.9965 13.5383
    endloop
  endfacet
  facet normal 0.380966 0.0376189 0.923823
    outer loop
      vertex 20.4643 33.3466 14
      vertex 21.5641 33.5471 13.5383
      vertex 20.4517 33.4742 14
    endloop
  endfacet
  facet normal 0.382609 0.0125253 0.923825
    outer loop
      vertex 20.4475 33.6023 14
      vertex 21.5641 33.5471 13.5383
      vertex 21.546 34.1 13.5383
    endloop
  endfacet
  facet normal 0.38261 0.0125446 0.923825
    outer loop
      vertex 21.5641 33.5471 13.5383
      vertex 20.4475 33.6023 14
      vertex 20.4517 33.4742 14
    endloop
  endfacet
  facet normal 0.382637 0.0124547 0.923815
    outer loop
      vertex 20.4475 33.6023 14
      vertex 21.546 34.1 13.5383
      vertex 20.4313 34.1 14
    endloop
  endfacet
  facet normal 0.24863 0.204033 0.946865
    outer loop
      vertex 23.6439 28.5259 13.5383
      vertex 24.7621 29.5064 13.0334
      vertex 23.293 28.9535 13.5383
    endloop
  endfacet
  facet normal 0.219865 0.234747 0.946865
    outer loop
      vertex 24.4259 27.7439 13.5383
      vertex 25.4064 28.8621 13.0334
      vertex 24.0221 28.1221 13.5383
    endloop
  endfacet
  facet normal 0.307802 0.0933353 0.946861
    outer loop
      vertex 23.4029 31.8606 13.0334
      vertex 23.2706 32.2969 13.0334
      vertex 21.9947 31.3825 13.5383
    endloop
  endfacet
  facet normal 0.30778 0.0933687 0.946865
    outer loop
      vertex 21.9947 31.3825 13.5383
      vertex 23.2706 32.2969 13.0334
      vertex 21.8341 31.9119 13.5383
    endloop
  endfacet
  facet normal 0.219863 0.234751 0.946864
    outer loop
      vertex 25.4064 28.8621 13.0334
      vertex 25.0737 29.1737 13.0334
      vertex 24.0221 28.1221 13.5383
    endloop
  endfacet
  facet normal 0.242312 0.0912007 0.965902
    outer loop
      vertex 23.5635 31.4339 13.0334
      vertex 24.965 32.0144 12.627
      vertex 23.4029 31.8606 13.0334
    endloop
  endfacet
  facet normal 0.348702 0.157985 0.923822
    outer loop
      vertex 21.3651 29.9846 14
      vertex 22.4178 30.3609 13.5383
      vertex 22.1895 30.8648 13.5383
    endloop
  endfacet
  facet normal 0.348582 0.15831 0.923812
    outer loop
      vertex 22.4178 30.3609 13.5383
      vertex 21.3651 29.9846 14
      vertex 21.4181 29.8679 14
    endloop
  endfacet
  facet normal 0.337632 0.180477 0.923814
    outer loop
      vertex 22.4178 30.3609 13.5383
      vertex 21.4785 29.7548 14
      vertex 22.6786 29.873 13.5383
    endloop
  endfacet
  facet normal 0.337711 0.180351 0.92381
    outer loop
      vertex 21.4785 29.7548 14
      vertex 22.4178 30.3609 13.5383
      vertex 21.4181 29.8679 14
    endloop
  endfacet
  facet normal -0.0376198 0.380975 0.92382
    outer loop
      vertex 31.1035 25.7183 13.5383
      vertex 31.1214 24.6005 14
      vertex 31.249 24.6131 14
    endloop
  endfacet
  facet normal -0.0375028 0.380979 0.923823
    outer loop
      vertex 31.1214 24.6005 14
      vertex 31.1035 25.7183 13.5383
      vertex 30.5529 25.6641 13.5383
    endloop
  endfacet
  facet normal -0.031508 0.32008 0.946867
    outer loop
      vertex 31.1035 25.7183 13.5383
      vertex 30.9094 27.1928 13.0334
      vertex 30.5529 25.6641 13.5383
    endloop
  endfacet
  facet normal -0.0623542 0.377724 0.923816
    outer loop
      vertex 31.1035 25.7183 13.5383
      vertex 31.3755 24.634 14
      vertex 31.6493 25.8084 13.5383
    endloop
  endfacet
  facet normal -0.0624045 0.377712 0.923818
    outer loop
      vertex 31.3755 24.634 14
      vertex 31.1035 25.7183 13.5383
      vertex 31.249 24.6131 14
    endloop
  endfacet
  facet normal -0.0911989 0.242307 0.965904
    outer loop
      vertex 32.2394 27.5029 13.0334
      vertex 32.6661 27.6635 13.0334
      vertex 31.7518 28.9394 12.627
    endloop
  endfacet
  facet normal -0.113301 0.301031 0.94686
    outer loop
      vertex 32.7174 26.0947 13.5383
      vertex 32.6661 27.6635 13.0334
      vertex 32.2394 27.5029 13.0334
    endloop
  endfacet
  facet normal -0.134854 0.358278 0.923824
    outer loop
      vertex 33.0758 25.0391 14
      vertex 33.5418 25.2145 14
      vertex 32.7174 26.0947 13.5383
    endloop
  endfacet
  facet normal -0.11107 0.366352 0.923823
    outer loop
      vertex 32.7174 26.0947 13.5383
      vertex 32.9531 25.0019 14
      vertex 33.0758 25.0391 14
    endloop
  endfacet
  facet normal -0.111153 0.366334 0.923821
    outer loop
      vertex 32.9531 25.0019 14
      vertex 32.7174 26.0947 13.5383
      vertex 32.1881 25.9341 13.5383
    endloop
  endfacet
  facet normal 0.0869346 0.372833 0.923817
    outer loop
      vertex 28.3507 25.8084 13.5383
      vertex 28.0084 24.7442 14
      vertex 28.1332 24.7151 14
    endloop
  endfacet
  facet normal 0.0869774 0.37282 0.923818
    outer loop
      vertex 28.0084 24.7442 14
      vertex 28.3507 25.8084 13.5383
      vertex 27.8119 25.9341 13.5383
    endloop
  endfacet
  facet normal 0.0730746 0.313226 0.946863
    outer loop
      vertex 28.3507 25.8084 13.5383
      vertex 28.6408 27.267 13.0334
      vertex 27.8119 25.9341 13.5383
    endloop
  endfacet
  facet normal -0.0751293 0.247762 0.965904
    outer loop
      vertex 31.8031 27.3706 13.0334
      vertex 32.2394 27.5029 13.0334
      vertex 31.7518 28.9394 12.627
    endloop
  endfacet
  facet normal -0.0751343 0.247762 0.965903
    outer loop
      vertex 31.8031 27.3706 13.0334
      vertex 31.7518 28.9394 12.627
      vertex 31.4105 28.8359 12.627
    endloop
  endfacet
  facet normal -0.0443364 0.190099 0.980763
    outer loop
      vertex 31.0632 28.7549 12.627
      vertex 31.4105 28.8359 12.627
      vertex 30.7627 30.2656 12.3206
    endloop
  endfacet
  facet normal -0.0317979 0.192593 0.980763
    outer loop
      vertex 31.0632 28.7549 12.627
      vertex 30.7627 30.2656 12.3206
      vertex 30.7113 28.6968 12.627
    endloop
  endfacet
  facet normal -0.0315358 0.320085 0.946864
    outer loop
      vertex 30.5529 25.6641 13.5383
      vertex 30.9094 27.1928 13.0334
      vertex 30.4557 27.1481 13.0334
    endloop
  endfacet
  facet normal 0.0105235 0.321461 0.946864
    outer loop
      vertex 30 25.646 13.5383
      vertex 29.5443 27.1481 13.0334
      vertex 29.4471 25.6641 13.5383
    endloop
  endfacet
  facet normal 0.0443364 0.190099 0.980763
    outer loop
      vertex 28.9368 28.7549 12.627
      vertex 29.2373 30.2656 12.3206
      vertex 28.5895 28.8359 12.627
    endloop
  endfacet
  facet normal 0.0191566 0.194248 0.980765
    outer loop
      vertex 29.6436 28.6618 12.627
      vertex 29.4897 30.224 12.3206
      vertex 29.2887 28.6968 12.627
    endloop
  endfacet
  facet normal -0.00640865 0.195083 0.980766
    outer loop
      vertex 30.3564 28.6618 12.627
      vertex 30.2557 30.1989 12.3206
      vertex 30 30.1905 12.3206
    endloop
  endfacet
  facet normal -0.00842214 0.258763 0.965904
    outer loop
      vertex 30.3564 28.6618 12.627
      vertex 30 28.6502 12.627
      vertex 30 27.1332 13.0334
    endloop
  endfacet
  facet normal -0.091179 0.242321 0.965902
    outer loop
      vertex 32.6661 27.6635 13.0334
      vertex 32.0856 29.065 12.627
      vertex 31.7518 28.9394 12.627
    endloop
  endfacet
  facet normal -0.106874 0.23582 0.965902
    outer loop
      vertex 32.6661 27.6635 13.0334
      vertex 32.4104 29.2122 12.627
      vertex 32.0856 29.065 12.627
    endloop
  endfacet
  facet normal -0.122041 0.228327 0.965905
    outer loop
      vertex 33.4834 28.0665 13.0334
      vertex 32.7249 29.3803 12.627
      vertex 32.4104 29.2122 12.627
    endloop
  endfacet
  facet normal -0.0920116 0.172145 0.980765
    outer loop
      vertex 32.4104 29.2122 12.627
      vertex 32.7249 29.3803 12.627
      vertex 31.7291 30.5937 12.3206
    endloop
  endfacet
  facet normal -0.176979 0.188963 0.965905
    outer loop
      vertex 34.5936 28.8621 13.0334
      vertex 34.9263 29.1737 13.0334
      vertex 33.5933 30.0026 12.627
    endloop
  endfacet
  facet normal -0.219863 0.234751 0.946864
    outer loop
      vertex 35.9779 28.1221 13.5383
      vertex 34.9263 29.1737 13.0334
      vertex 34.5936 28.8621 13.0334
    endloop
  endfacet
  facet normal -0.0105235 0.321461 0.946864
    outer loop
      vertex 30.5529 25.6641 13.5383
      vertex 30.4557 27.1481 13.0334
      vertex 30 25.646 13.5383
    endloop
  endfacet
  facet normal -0.0125446 0.38261 0.923825
    outer loop
      vertex 30.5529 25.6641 13.5383
      vertex 30.4977 24.5475 14
      vertex 30.6258 24.5517 14
    endloop
  endfacet
  facet normal -0.0125253 0.382609 0.923825
    outer loop
      vertex 30.4977 24.5475 14
      vertex 30.5529 25.6641 13.5383
      vertex 30 25.646 13.5383
    endloop
  endfacet
  facet normal 0.113301 0.301031 0.94686
    outer loop
      vertex 27.7606 27.5029 13.0334
      vertex 27.3339 27.6635 13.0334
      vertex 27.2826 26.0947 13.5383
    endloop
  endfacet
  facet normal 0.0911989 0.242307 0.965904
    outer loop
      vertex 27.7606 27.5029 13.0334
      vertex 28.2482 28.9394 12.627
      vertex 27.3339 27.6635 13.0334
    endloop
  endfacet
  facet normal -0.255449 0.0421394 0.965904
    outer loop
      vertex 36.833 32.7408 13.0334
      vertex 36.9072 33.1906 13.0334
      vertex 35.4032 33.3887 12.627
    endloop
  endfacet
  facet normal -0.320087 0.0315087 0.946864
    outer loop
      vertex 38.3817 32.9965 13.5383
      vertex 38.4359 33.5471 13.5383
      vertex 36.9519 33.6443 13.0334
    endloop
  endfacet
  facet normal -0.380989 0.0375146 0.923818
    outer loop
      vertex 39.4869 32.851 14
      vertex 39.5357 33.3466 14
      vertex 38.3817 32.9965 13.5383
    endloop
  endfacet
  facet normal -0.380966 0.0376189 0.923823
    outer loop
      vertex 38.4359 33.5471 13.5383
      vertex 39.5357 33.3466 14
      vertex 39.5483 33.4742 14
    endloop
  endfacet
  facet normal -0.380986 0.0375035 0.92382
    outer loop
      vertex 39.5357 33.3466 14
      vertex 38.4359 33.5471 13.5383
      vertex 38.3817 32.9965 13.5383
    endloop
  endfacet
  facet normal -0.325038 -0.202253 0.92382
    outer loop
      vertex 38.2191 38.9932 14
      vertex 37.3214 38.327 13.5383
      vertex 38.2868 38.8844 14
    endloop
  endfacet
  facet normal -0.325083 -0.202191 0.923818
    outer loop
      vertex 37.3214 38.327 13.5383
      vertex 38.2191 38.9932 14
      vertex 37.0292 38.7968 13.5383
    endloop
  endfacet
  facet normal -0.176979 -0.188963 0.965905
    outer loop
      vertex 34.9263 39.0263 13.0334
      vertex 34.5936 39.3379 13.0334
      vertex 33.5933 38.1974 12.627
    endloop
  endfacet
  facet normal -0.106814 -0.235831 0.965906
    outer loop
      vertex 33.0814 40.3484 13.0334
      vertex 32.6661 40.5365 13.0334
      vertex 32.4104 38.9878 12.627
    endloop
  endfacet
  facet normal -0.261909 -0.27923 0.923815
    outer loop
      vertex 36.6726 40.9538 14
      vertex 35.9779 40.0779 13.5383
      vertex 36.7661 40.8661 14
    endloop
  endfacet
  facet normal -0.261692 -0.279406 0.923823
    outer loop
      vertex 35.9779 40.0779 13.5383
      vertex 36.6726 40.9538 14
      vertex 35.5741 40.4561 13.5383
    endloop
  endfacet
  facet normal 0.22296 -0.311189 0.923824
    outer loop
      vertex 24.2791 41.7661 14
      vertex 24.8535 40.807 13.5383
      vertex 25.3032 41.1292 13.5383
    endloop
  endfacet
  facet normal 0.223049 -0.311134 0.923821
    outer loop
      vertex 24.8535 40.807 13.5383
      vertex 24.2791 41.7661 14
      vertex 24.1749 41.6914 14
    endloop
  endfacet
  facet normal 0.187327 -0.261456 0.946863
    outer loop
      vertex 25.7589 39.6272 13.0334
      vertex 25.3032 41.1292 13.5383
      vertex 24.8535 40.807 13.5383
    endloop
  endfacet
  facet normal -0.11107 -0.366352 0.923823
    outer loop
      vertex 32.9531 43.1981 14
      vertex 32.7174 42.1053 13.5383
      vertex 33.0758 43.1609 14
    endloop
  endfacet
  facet normal -0.111153 -0.366334 0.923821
    outer loop
      vertex 32.7174 42.1053 13.5383
      vertex 32.9531 43.1981 14
      vertex 32.1881 42.2659 13.5383
    endloop
  endfacet
  facet normal 0.00428811 -0.130532 0.991435
    outer loop
      vertex 29.8461 36.4474 12.1156
      vertex 30 38.0095 12.3206
      vertex 29.7443 38.0011 12.3206
    endloop
  endfacet
  facet normal 0.103052 -0.165769 0.980765
    outer loop
      vertex 28.0453 37.4857 12.3206
      vertex 27.2751 38.8197 12.627
      vertex 26.9722 38.6314 12.627
    endloop
  endfacet
  facet normal 0.164211 -0.200146 0.965907
    outer loop
      vertex 26.4067 38.1974 12.627
      vertex 26.6824 38.4236 12.627
      vertex 25.7589 39.6272 13.0334
    endloop
  endfacet
  facet normal 0.0317426 0.192592 0.980765
    outer loop
      vertex 29.2887 28.6968 12.627
      vertex 29.4897 30.224 12.3206
      vertex 29.2373 30.2656 12.3206
    endloop
  endfacet
  facet normal 0.0566485 0.186803 0.980763
    outer loop
      vertex 28.5895 28.8359 12.627
      vertex 28.9881 30.3237 12.3206
      vertex 28.2482 28.9394 12.627
    endloop
  endfacet
  facet normal -0.0128136 0.129973 0.991435
    outer loop
      vertex 30.2557 30.1989 12.3206
      vertex 30.5103 30.224 12.3206
      vertex 30.1539 31.7526 12.1156
    endloop
  endfacet
  facet normal -0.00424066 0.130527 0.991436
    outer loop
      vertex 30.1539 31.7526 12.1156
      vertex 30 31.7476 12.1156
      vertex 30 30.1905 12.3206
    endloop
  endfacet
  facet normal 0.0566905 0.186781 0.980765
    outer loop
      vertex 28.9881 30.3237 12.3206
      vertex 28.7433 30.398 12.3206
      vertex 28.2482 28.9394 12.627
    endloop
  endfacet
  facet normal 0.046077 0.122193 0.991436
    outer loop
      vertex 29.2438 31.8724 12.1156
      vertex 29.0998 31.9267 12.1156
      vertex 28.5039 30.4881 12.3206
    endloop
  endfacet
  facet normal 0.00428811 0.130532 0.991435
    outer loop
      vertex 30 30.1905 12.3206
      vertex 29.8461 31.7526 12.1156
      vertex 29.7443 30.1989 12.3206
    endloop
  endfacet
  facet normal -0.00428811 0.130532 0.991435
    outer loop
      vertex 30.2557 30.1989 12.3206
      vertex 30.1539 31.7526 12.1156
      vertex 30 30.1905 12.3206
    endloop
  endfacet
  facet normal 0.106168 -0.0760648 0.991435
    outer loop
      vertex 28.044 35.4069 12.1156
      vertex 28.1337 35.5321 12.1156
      vertex 26.8984 36.4799 12.3206
    endloop
  endfacet
  facet normal 0.0953126 -0.0892866 0.991435
    outer loop
      vertex 28.2314 35.6511 12.1156
      vertex 28.3366 35.7634 12.1156
      vertex 27.0607 36.6777 12.3206
    endloop
  endfacet
  facet normal 0.13345 -0.142453 0.980764
    outer loop
      vertex 27.2356 36.8644 12.3206
      vertex 27.4223 37.0393 12.3206
      vertex 26.4067 38.1974 12.627
    endloop
  endfacet
  facet normal 0.0892877 -0.0953117 0.991435
    outer loop
      vertex 28.4489 35.8686 12.1156
      vertex 27.4223 37.0393 12.3206
      vertex 27.2356 36.8644 12.3206
    endloop
  endfacet
  facet normal 0.165763 -0.103058 0.980766
    outer loop
      vertex 26.6143 36.0547 12.3206
      vertex 26.7494 36.272 12.3206
      vertex 25.4686 37.1278 12.627
    endloop
  endfacet
  facet normal 0.115173 -0.0615726 0.991435
    outer loop
      vertex 27.8902 35.1404 12.1156
      vertex 27.9628 35.2762 12.1156
      vertex 26.4937 35.8291 12.3206
    endloop
  endfacet
  facet normal -0.0149226 -0.0637719 0.997853
    outer loop
      vertex 30.2032 34.8585 12.0128
      vertex 30.4589 36.4072 12.1156
      vertex 30.1532 34.8702 12.0128
    endloop
  endfacet
  facet normal 0.127184 -0.0296525 0.991436
    outer loop
      vertex 27.6928 34.5589 12.1156
      vertex 26.2237 35.1119 12.3206
      vertex 26.1656 34.8627 12.3206
    endloop
  endfacet
  facet normal 0.192592 -0.0317426 0.980765
    outer loop
      vertex 26.124 34.6103 12.3206
      vertex 26.1656 34.8627 12.3206
      vertex 24.5968 34.8113 12.627
    endloop
  endfacet
  facet normal 0.190105 -0.0443223 0.980763
    outer loop
      vertex 26.1656 34.8627 12.3206
      vertex 26.2237 35.1119 12.3206
      vertex 24.7359 35.5105 12.627
    endloop
  endfacet
  facet normal 0.242315 -0.0911767 0.965904
    outer loop
      vertex 24.8394 35.8518 12.627
      vertex 24.965 36.1856 12.627
      vertex 23.4029 36.3394 13.0334
    endloop
  endfacet
  facet normal 0.18269 -0.0687415 0.980764
    outer loop
      vertex 26.298 35.3567 12.3206
      vertex 24.965 36.1856 12.627
      vertex 24.8394 35.8518 12.627
    endloop
  endfacet
  facet normal 0.164247 0.200129 0.965904
    outer loop
      vertex 25.7589 28.5728 13.0334
      vertex 26.4067 30.0026 12.627
      vertex 25.4064 28.8621 13.0334
    endloop
  endfacet
  facet normal 0.0892877 0.0953117 0.991435
    outer loop
      vertex 27.4223 31.1607 12.3206
      vertex 28.4489 32.3314 12.1156
      vertex 27.2356 31.3356 12.3206
    endloop
  endfacet
  facet normal 0.142466 0.133435 0.980764
    outer loop
      vertex 26.1464 30.2464 12.627
      vertex 27.0607 31.5223 12.3206
      vertex 25.9026 30.5067 12.627
    endloop
  endfacet
  facet normal 0.0953126 0.0892866 0.991435
    outer loop
      vertex 28.3366 32.4366 12.1156
      vertex 28.2314 32.5489 12.1156
      vertex 27.0607 31.5223 12.3206
    endloop
  endfacet
  facet normal 0.295933 0.242851 0.923822
    outer loop
      vertex 23.293 28.9535 13.5383
      vertex 22.4899 28.1758 14
      vertex 23.6439 28.5259 13.5383
    endloop
  endfacet
  facet normal 0.295971 0.24281 0.92382
    outer loop
      vertex 22.4899 28.1758 14
      vertex 23.293 28.9535 13.5383
      vertex 22.4086 28.2749 14
    endloop
  endfacet
  facet normal 0.273125 0.169875 0.946861
    outer loop
      vertex 22.9708 29.4032 13.5383
      vertex 24.2073 30.2294 13.0334
      vertex 22.6786 29.873 13.5383
    endloop
  endfacet
  facet normal 0.257656 0.0253851 0.965903
    outer loop
      vertex 23.0928 33.1906 13.0334
      vertex 24.5968 33.3887 12.627
      vertex 23.0481 33.6443 13.0334
    endloop
  endfacet
  facet normal 0.194249 0.0191502 0.980765
    outer loop
      vertex 26.124 33.5897 12.3206
      vertex 26.0989 33.8443 12.3206
      vertex 24.5968 33.3887 12.627
    endloop
  endfacet
  facet normal 0.320076 -0.0315349 0.946867
    outer loop
      vertex 23.0481 34.5557 13.0334
      vertex 23.0928 35.0094 13.0334
      vertex 21.6183 35.2035 13.5383
    endloop
  endfacet
  facet normal 0.258774 -0.00842249 0.965901
    outer loop
      vertex 24.5502 34.1 12.627
      vertex 24.5618 34.4564 12.627
      vertex 23.0481 34.5557 13.0334
    endloop
  endfacet
  facet normal 0.195096 -0.00640909 0.980763
    outer loop
      vertex 26.0905 34.1 12.3206
      vertex 26.0989 34.3557 12.3206
      vertex 24.5502 34.1 12.627
    endloop
  endfacet
  facet normal 0.130527 -0.00428796 0.991435
    outer loop
      vertex 27.6476 34.1 12.1156
      vertex 26.0989 34.3557 12.3206
      vertex 26.0905 34.1 12.3206
    endloop
  endfacet
  facet normal 0.128865 0.0212392 0.991435
    outer loop
      vertex 26.1656 33.3373 12.3206
      vertex 27.6677 33.7929 12.1156
      vertex 26.124 33.5897 12.3206
    endloop
  endfacet
  facet normal 0.0190055 -0.0626714 0.997853
    outer loop
      vertex 29.7476 34.8436 12.0128
      vertex 29.3912 36.3723 12.1156
      vertex 29.2438 36.3276 12.1156
    endloop
  endfacet
  facet normal 0.182683 0.068754 0.980765
    outer loop
      vertex 26.3881 32.6039 12.3206
      vertex 26.298 32.8433 12.3206
      vertex 24.965 32.0144 12.627
    endloop
  endfacet
  facet normal 0.190098 0.0443384 0.980763
    outer loop
      vertex 26.2237 33.0882 12.3206
      vertex 26.1656 33.3373 12.3206
      vertex 24.7359 32.6895 12.627
    endloop
  endfacet
  facet normal 0.313219 -0.0730728 0.946865
    outer loop
      vertex 23.2706 35.9031 13.0334
      vertex 21.8341 36.2881 13.5383
      vertex 21.7084 35.7493 13.5383
    endloop
  endfacet
  facet normal 0.313221 -0.0731014 0.946863
    outer loop
      vertex 23.167 35.4592 13.0334
      vertex 23.2706 35.9031 13.0334
      vertex 21.7084 35.7493 13.5383
    endloop
  endfacet
  facet normal -0.0346063 -0.055599 0.997853
    outer loop
      vertex 30.4363 34.7529 12.0128
      vertex 31.3069 36.056 12.1156
      vertex 30.3926 34.7801 12.0128
    endloop
  endfacet
  facet normal 0.00216483 -0.0654543 0.997853
    outer loop
      vertex 29.9486 34.8836 12.0128
      vertex 30 34.8853 12.0128
      vertex 29.8461 36.4474 12.1156
    endloop
  endfacet
  facet normal -0.0892877 -0.0953117 0.991435
    outer loop
      vertex 32.7644 36.8644 12.3206
      vertex 32.5777 37.0393 12.3206
      vertex 31.5511 35.8686 12.1156
    endloop
  endfacet
  facet normal -0.0230662 0.0612975 0.997853
    outer loop
      vertex 30.9002 31.9267 12.1156
      vertex 30.3005 33.3745 12.0128
      vertex 30.2524 33.3564 12.0128
    endloop
  endfacet
  facet normal 0.064615 0.010684 0.997853
    outer loop
      vertex 27.6928 33.6411 12.1156
      vertex 29.2298 33.9468 12.0128
      vertex 27.6677 33.7929 12.1156
    endloop
  endfacet
  facet normal -0.0596579 0.0270245 0.997853
    outer loop
      vertex 32.1733 33.1998 12.1156
      vertex 30.7255 33.7995 12.0128
      vertex 30.7043 33.7527 12.0128
    endloop
  endfacet
  facet normal 0.0230662 0.0612975 0.997853
    outer loop
      vertex 29.7476 33.3564 12.0128
      vertex 29.6995 33.3745 12.0128
      vertex 29.0998 31.9267 12.1156
    endloop
  endfacet
  facet normal -0.0828751 -0.100943 0.991434
    outer loop
      vertex 31.5511 35.8686 12.1156
      vertex 32.3799 37.2016 12.3206
      vertex 31.4321 35.9663 12.1156
    endloop
  endfacet
  facet normal -0.0892868 -0.0953128 0.991435
    outer loop
      vertex 31.6634 35.7634 12.1156
      vertex 32.7644 36.8644 12.3206
      vertex 31.5511 35.8686 12.1156
    endloop
  endfacet
  facet normal -0.0687407 -0.182688 0.980765
    outer loop
      vertex 32.0856 39.135 12.627
      vertex 31.7518 39.2606 12.627
      vertex 31.4961 37.7119 12.3206
    endloop
  endfacet
  facet normal -0.113703 -0.15865 0.980766
    outer loop
      vertex 32.3799 37.2016 12.3206
      vertex 33.0278 38.6314 12.627
      vertex 32.172 37.3506 12.3206
    endloop
  endfacet
  facet normal -0.0523847 -0.317331 0.946867
    outer loop
      vertex 31.6493 42.3916 13.5383
      vertex 31.1035 42.4817 13.5383
      vertex 30.9094 41.0072 13.0334
    endloop
  endfacet
  facet normal -0.142466 -0.133435 0.980764
    outer loop
      vertex 34.0974 37.6933 12.627
      vertex 33.8536 37.9536 12.627
      vertex 32.9393 36.6777 12.3206
    endloop
  endfacet
  facet normal -0.172138 -0.0920206 0.980765
    outer loop
      vertex 33.5063 35.8291 12.3206
      vertex 34.7197 36.8249 12.627
      vertex 33.3857 36.0547 12.3206
    endloop
  endfacet
  facet normal -0.165769 -0.103052 0.980765
    outer loop
      vertex 34.7197 36.8249 12.627
      vertex 34.5314 37.1278 12.627
      vertex 33.3857 36.0547 12.3206
    endloop
  endfacet
  facet normal -0.100938 -0.0828713 0.991435
    outer loop
      vertex 31.8663 35.5321 12.1156
      vertex 32.9393 36.6777 12.3206
      vertex 31.7686 35.6511 12.1156
    endloop
  endfacet
  facet normal -0.0953126 -0.0892866 0.991435
    outer loop
      vertex 31.7686 35.6511 12.1156
      vertex 32.9393 36.6777 12.3206
      vertex 31.6634 35.7634 12.1156
    endloop
  endfacet
  facet normal -0.100966 -0.0828452 0.991435
    outer loop
      vertex 33.1016 36.4799 12.3206
      vertex 32.9393 36.6777 12.3206
      vertex 31.8663 35.5321 12.1156
    endloop
  endfacet
  facet normal -0.106168 -0.0760648 0.991435
    outer loop
      vertex 31.956 35.4069 12.1156
      vertex 33.1016 36.4799 12.3206
      vertex 31.8663 35.5321 12.1156
    endloop
  endfacet
  facet normal -0.106154 -0.0760799 0.991435
    outer loop
      vertex 33.2506 36.272 12.3206
      vertex 33.1016 36.4799 12.3206
      vertex 31.956 35.4069 12.1156
    endloop
  endfacet
  facet normal -0.210408 -0.150872 0.965902
    outer loop
      vertex 34.5314 37.1278 12.627
      vertex 35.7927 37.9706 13.0334
      vertex 34.3236 37.4176 12.627
    endloop
  endfacet
  facet normal 0.0270244 0.0596576 0.997853
    outer loop
      vertex 29.6995 33.3745 12.0128
      vertex 29.6527 33.3957 12.0128
      vertex 28.9596 31.9902 12.1156
    endloop
  endfacet
  facet normal -0.0556294 -0.0345609 0.997853
    outer loop
      vertex 32.0372 35.2762 12.1156
      vertex 31.956 35.4069 12.1156
      vertex 30.6529 34.5363 12.0128
    endloop
  endfacet
  facet normal 0.0414966 0.0506615 0.997853
    outer loop
      vertex 29.522 33.477 12.0128
      vertex 29.4822 33.5096 12.0128
      vertex 28.5679 32.2337 12.1156
    endloop
  endfacet
  facet normal -0.0612975 0.0230662 0.997853
    outer loop
      vertex 32.1733 33.1998 12.1156
      vertex 30.7436 33.8476 12.0128
      vertex 30.7255 33.7995 12.0128
    endloop
  endfacet
  facet normal -0.00650345 -0.065162 0.997854
    outer loop
      vertex 30.1025 34.8785 12.0128
      vertex 30.3071 36.4323 12.1156
      vertex 30.0514 34.8836 12.0128
    endloop
  endfacet
  facet normal -0.0213062 -0.128856 0.991434
    outer loop
      vertex 30.4589 36.4072 12.1156
      vertex 30.5103 37.976 12.3206
      vertex 30.3071 36.4323 12.1156
    endloop
  endfacet
  facet normal -0.00428811 -0.130532 0.991435
    outer loop
      vertex 30.1539 36.4474 12.1156
      vertex 30.2557 38.0011 12.3206
      vertex 30 38.0095 12.3206
    endloop
  endfacet
  facet normal 0.0443216 -0.190102 0.980763
    outer loop
      vertex 28.9881 37.8763 12.3206
      vertex 29.2373 37.9344 12.3206
      vertex 28.9368 39.4451 12.627
    endloop
  endfacet
  facet normal -0.0315358 -0.320085 0.946864
    outer loop
      vertex 30.9094 41.0072 13.0334
      vertex 30.5529 42.5359 13.5383
      vertex 30.4557 41.0519 13.0334
    endloop
  endfacet
  facet normal 0.0190055 0.0626714 0.997853
    outer loop
      vertex 29.3912 31.8277 12.1156
      vertex 29.7476 33.3564 12.0128
      vertex 29.2438 31.8724 12.1156
    endloop
  endfacet
  facet normal -0.0556294 0.0345609 0.997853
    outer loop
      vertex 31.956 32.7931 12.1156
      vertex 32.0372 32.9238 12.1156
      vertex 30.6529 33.6637 12.0128
    endloop
  endfacet
  facet normal 0.261692 -0.279406 0.923823
    outer loop
      vertex 23.3274 40.9538 14
      vertex 24.0221 40.0779 13.5383
      vertex 24.4259 40.4561 13.5383
    endloop
  endfacet
  facet normal 0.261909 -0.27923 0.923815
    outer loop
      vertex 24.0221 40.0779 13.5383
      vertex 23.3274 40.9538 14
      vertex 23.2339 40.8661 14
    endloop
  endfacet
  facet normal 0.169873 -0.273122 0.946862
    outer loop
      vertex 26.5166 40.1335 13.0334
      vertex 25.773 41.4214 13.5383
      vertex 25.3032 41.1292 13.5383
    endloop
  endfacet
  facet normal 0.053911 -0.118951 0.991435
    outer loop
      vertex 28.9596 36.2098 12.1156
      vertex 28.5039 37.7119 12.3206
      vertex 28.2709 37.6063 12.3206
    endloop
  endfacet
  facet normal 0.0760628 -0.106166 0.991435
    outer loop
      vertex 28.5679 35.9663 12.1156
      vertex 28.6931 36.056 12.1156
      vertex 27.828 37.3506 12.3206
    endloop
  endfacet
  facet normal 0.0615694 -0.115175 0.991435
    outer loop
      vertex 28.9596 36.2098 12.1156
      vertex 28.2709 37.6063 12.3206
      vertex 28.0453 37.4857 12.3206
    endloop
  endfacet
  facet normal 0.0538803 -0.118961 0.991436
    outer loop
      vertex 28.9596 36.2098 12.1156
      vertex 29.0998 36.2733 12.1156
      vertex 28.5039 37.7119 12.3206
    endloop
  endfacet
  facet normal 0.0566485 -0.186803 0.980763
    outer loop
      vertex 28.9881 37.8763 12.3206
      vertex 28.5895 39.3641 12.627
      vertex 28.2482 39.2606 12.627
    endloop
  endfacet
  facet normal -0.0421394 -0.255449 0.965904
    outer loop
      vertex 31.3592 40.933 13.0334
      vertex 30.9094 41.0072 13.0334
      vertex 30.7113 39.5032 12.627
    endloop
  endfacet
  facet normal -0.177786 -0.0805759 0.980765
    outer loop
      vertex 33.6119 35.5961 12.3206
      vertex 35.035 36.1856 12.627
      vertex 33.5063 35.8291 12.3206
    endloop
  endfacet
  facet normal -0.182683 -0.068754 0.980765
    outer loop
      vertex 33.702 35.3567 12.3206
      vertex 35.035 36.1856 12.627
      vertex 33.6119 35.5961 12.3206
    endloop
  endfacet
  facet normal -0.24776 0.0751339 0.965904
    outer loop
      vertex 36.5971 31.8606 13.0334
      vertex 35.2641 32.6895 12.627
      vertex 35.1606 32.3482 12.627
    endloop
  endfacet
  facet normal -0.1868 0.0566474 0.980763
    outer loop
      vertex 35.1606 32.3482 12.627
      vertex 35.2641 32.6895 12.627
      vertex 33.7763 33.0882 12.3206
    endloop
  endfacet
  facet normal -0.177786 0.0805759 0.980765
    outer loop
      vertex 35.035 32.0144 12.627
      vertex 33.6119 32.6039 12.3206
      vertex 33.5063 32.3709 12.3206
    endloop
  endfacet
  facet normal -0.182683 0.068754 0.980765
    outer loop
      vertex 35.035 32.0144 12.627
      vertex 33.702 32.8433 12.3206
      vertex 33.6119 32.6039 12.3206
    endloop
  endfacet
  facet normal -0.129974 -0.0128136 0.991435
    outer loop
      vertex 33.9011 34.3557 12.3206
      vertex 33.876 34.6103 12.3206
      vertex 32.3323 34.4071 12.1156
    endloop
  endfacet
  facet normal -0.128865 -0.0212392 0.991435
    outer loop
      vertex 33.876 34.6103 12.3206
      vertex 33.8344 34.8627 12.3206
      vertex 32.3323 34.4071 12.1156
    endloop
  endfacet
  facet normal 0.180428 -0.33764 0.923821
    outer loop
      vertex 25.773 41.4214 13.5383
      vertex 25.6548 42.6215 14
      vertex 25.2156 42.3868 14
    endloop
  endfacet
  facet normal -0.0624045 -0.377712 0.923818
    outer loop
      vertex 31.1035 42.4817 13.5383
      vertex 31.3755 43.566 14
      vertex 31.249 43.5869 14
    endloop
  endfacet
  facet normal -0.0623542 -0.377724 0.923816
    outer loop
      vertex 31.3755 43.566 14
      vertex 31.1035 42.4817 13.5383
      vertex 31.6493 42.3916 13.5383
    endloop
  endfacet
  facet normal 0.0128108 -0.129974 0.991435
    outer loop
      vertex 29.6929 36.4323 12.1156
      vertex 29.8461 36.4474 12.1156
      vertex 29.4897 37.976 12.3206
    endloop
  endfacet
  facet normal -0.242873 -0.295922 0.92382
    outer loop
      vertex 36.21 41.3755 14
      vertex 35.8251 41.6914 14
      vertex 35.1465 40.807 13.5383
    endloop
  endfacet
  facet normal -0.134775 -0.358305 0.923825
    outer loop
      vertex 32.7174 42.1053 13.5383
      vertex 33.1957 43.1158 14
      vertex 33.0758 43.1609 14
    endloop
  endfacet
  facet normal -0.134794 -0.358296 0.923826
    outer loop
      vertex 33.1957 43.1158 14
      vertex 32.7174 42.1053 13.5383
      vertex 33.2352 41.9105 13.5383
    endloop
  endfacet
  facet normal -0.358314 0.134826 0.923814
    outer loop
      vertex 37.8105 30.8648 13.5383
      vertex 38.8855 30.5582 14
      vertex 38.0053 31.3825 13.5383
    endloop
  endfacet
  facet normal -0.358357 0.134682 0.923819
    outer loop
      vertex 38.8855 30.5582 14
      vertex 37.8105 30.8648 13.5383
      vertex 38.8404 30.4382 14
    endloop
  endfacet
  facet normal -0.261726 0.279411 0.923812
    outer loop
      vertex 36.4027 26.9935 14
      vertex 36.7661 27.3339 14
      vertex 35.9779 28.1221 13.5383
    endloop
  endfacet
  facet normal -0.279411 0.261726 0.923812
    outer loop
      vertex 36.7661 27.3339 14
      vertex 37.1065 27.6973 14
      vertex 35.9779 28.1221 13.5383
    endloop
  endfacet
  facet normal -0.202191 0.325083 0.923818
    outer loop
      vertex 34.227 26.7786 13.5383
      vertex 34.8932 25.8809 14
      vertex 34.6968 27.0708 13.5383
    endloop
  endfacet
  facet normal -0.202253 0.325038 0.92382
    outer loop
      vertex 34.8932 25.8809 14
      vertex 34.227 26.7786 13.5383
      vertex 34.7844 25.8132 14
    endloop
  endfacet
  facet normal -0.180428 0.33764 0.923821
    outer loop
      vertex 34.3452 25.5785 14
      vertex 34.7844 25.8132 14
      vertex 34.227 26.7786 13.5383
    endloop
  endfacet
  facet normal -0.128865 0.0212392 0.991435
    outer loop
      vertex 33.8344 33.3373 12.3206
      vertex 33.876 33.5897 12.3206
      vertex 32.3323 33.7929 12.1156
    endloop
  endfacet
  facet normal -0.129974 0.0128136 0.991435
    outer loop
      vertex 33.876 33.5897 12.3206
      vertex 33.9011 33.8443 12.3206
      vertex 32.3323 33.7929 12.1156
    endloop
  endfacet
  facet normal -0.252126 0.0588028 0.965906
    outer loop
      vertex 36.833 32.7408 13.0334
      vertex 35.3451 33.0368 12.627
      vertex 35.2641 32.6895 12.627
    endloop
  endfacet
  facet normal -0.190099 0.0443364 0.980763
    outer loop
      vertex 35.2641 32.6895 12.627
      vertex 35.3451 33.0368 12.627
      vertex 33.8344 33.3373 12.3206
    endloop
  endfacet
  facet normal -0.258763 0.00842214 0.965904
    outer loop
      vertex 36.9668 34.1 13.0334
      vertex 35.4498 34.1 12.627
      vertex 35.4382 33.7436 12.627
    endloop
  endfacet
  facet normal -0.258771 0.00846103 0.965902
    outer loop
      vertex 36.9519 33.6443 13.0334
      vertex 36.9668 34.1 13.0334
      vertex 35.4382 33.7436 12.627
    endloop
  endfacet
  facet normal 0.0556036 0.0346091 0.997853
    outer loop
      vertex 29.3471 33.6637 12.0128
      vertex 29.3199 33.7074 12.0128
      vertex 27.9628 32.9238 12.1156
    endloop
  endfacet
  facet normal 0.0615726 0.115173 0.991435
    outer loop
      vertex 28.9596 31.9902 12.1156
      vertex 28.8238 32.0628 12.1156
      vertex 28.2709 30.5937 12.3206
    endloop
  endfacet
  facet normal 0.0626758 0.0189811 0.997853
    outer loop
      vertex 29.2564 33.8476 12.0128
      vertex 29.2415 33.8968 12.0128
      vertex 27.7277 33.4911 12.1156
    endloop
  endfacet
  facet normal 0.0556294 0.0345609 0.997853
    outer loop
      vertex 28.044 32.7931 12.1156
      vertex 29.3471 33.6637 12.0128
      vertex 27.9628 32.9238 12.1156
    endloop
  endfacet
  facet normal -0.0566905 0.186781 0.980765
    outer loop
      vertex 31.7518 28.9394 12.627
      vertex 31.2567 30.398 12.3206
      vertex 31.0119 30.3237 12.3206
    endloop
  endfacet
  facet normal -0.0538803 0.118961 0.991436
    outer loop
      vertex 31.4961 30.4881 12.3206
      vertex 31.0404 31.9902 12.1156
      vertex 30.9002 31.9267 12.1156
    endloop
  endfacet
  facet normal -0.0414966 -0.0506615 0.997853
    outer loop
      vertex 30.5178 34.6904 12.0128
      vertex 31.4321 35.9663 12.1156
      vertex 30.478 34.723 12.0128
    endloop
  endfacet
  facet normal -0.0379003 0.124978 0.991435
    outer loop
      vertex 31.0119 30.3237 12.3206
      vertex 30.7562 31.8724 12.1156
      vertex 30.6088 31.8277 12.1156
    endloop
  endfacet
  facet normal 0.0506672 -0.0415012 0.997853
    outer loop
      vertex 29.377 34.578 12.0128
      vertex 29.4096 34.6178 12.0128
      vertex 28.2314 35.6511 12.1156
    endloop
  endfacet
  facet normal 0.100938 0.0828713 0.991435
    outer loop
      vertex 28.2314 32.5489 12.1156
      vertex 28.1337 32.6679 12.1156
      vertex 27.0607 31.5223 12.3206
    endloop
  endfacet
  facet normal 0.0506159 -0.041556 0.997853
    outer loop
      vertex 29.377 34.578 12.0128
      vertex 28.2314 35.6511 12.1156
      vertex 28.1337 35.5321 12.1156
    endloop
  endfacet
  facet normal 0.0415576 0.0506177 0.997853
    outer loop
      vertex 28.5679 32.2337 12.1156
      vertex 29.4822 33.5096 12.0128
      vertex 28.4489 32.3314 12.1156
    endloop
  endfacet
  facet normal 0.0612975 0.0230662 0.997853
    outer loop
      vertex 29.2745 33.7995 12.0128
      vertex 29.2564 33.8476 12.0128
      vertex 27.8267 33.1998 12.1156
    endloop
  endfacet
  facet normal 0.0612789 0.0231072 0.997853
    outer loop
      vertex 27.8267 33.1998 12.1156
      vertex 29.2564 33.8476 12.0128
      vertex 27.7724 33.3438 12.1156
    endloop
  endfacet
  facet normal 0.0345618 0.0556309 0.997853
    outer loop
      vertex 28.8238 32.0628 12.1156
      vertex 29.6074 33.4199 12.0128
      vertex 28.6931 32.144 12.1156
    endloop
  endfacet
  facet normal 0.0953118 0.0892878 0.991435
    outer loop
      vertex 27.2356 31.3356 12.3206
      vertex 28.3366 32.4366 12.1156
      vertex 27.0607 31.5223 12.3206
    endloop
  endfacet
  facet normal -0.0270211 0.0596593 0.997853
    outer loop
      vertex 30.9002 31.9267 12.1156
      vertex 31.0404 31.9902 12.1156
      vertex 30.3005 33.3745 12.0128
    endloop
  endfacet
  facet normal 0.00650345 0.065162 0.997854
    outer loop
      vertex 29.9486 33.3164 12.0128
      vertex 29.8975 33.3215 12.0128
      vertex 29.6929 31.7677 12.1156
    endloop
  endfacet
  facet normal 0.0612803 -0.0231078 0.997853
    outer loop
      vertex 29.2745 34.4005 12.0128
      vertex 27.8267 35.0002 12.1156
      vertex 27.7724 34.8562 12.1156
    endloop
  endfacet
  facet normal 0.177786 0.0805759 0.980765
    outer loop
      vertex 26.4937 32.3709 12.3206
      vertex 26.3881 32.6039 12.3206
      vertex 24.965 32.0144 12.627
    endloop
  endfacet
  facet normal 0.0308597 0.0577662 0.997853
    outer loop
      vertex 29.6527 33.3957 12.0128
      vertex 29.6074 33.4199 12.0128
      vertex 28.9596 31.9902 12.1156
    endloop
  endfacet
  facet normal -0.0506672 -0.0415012 0.997853
    outer loop
      vertex 30.623 34.578 12.0128
      vertex 31.7686 35.6511 12.1156
      vertex 30.5904 34.6178 12.0128
    endloop
  endfacet
  facet normal 0.0381418 0.0532369 0.997853
    outer loop
      vertex 28.6931 32.144 12.1156
      vertex 29.5637 33.4471 12.0128
      vertex 28.5679 32.2337 12.1156
    endloop
  endfacet
  facet normal -0.106168 0.0760648 0.991435
    outer loop
      vertex 33.1016 31.7201 12.3206
      vertex 31.956 32.7931 12.1156
      vertex 31.8663 32.6679 12.1156
    endloop
  endfacet
  facet normal -0.106154 0.0760799 0.991435
    outer loop
      vertex 33.1016 31.7201 12.3206
      vertex 33.2506 31.928 12.3206
      vertex 31.956 32.7931 12.1156
    endloop
  endfacet
  facet normal -0.366327 -0.111153 0.923823
    outer loop
      vertex 39.2055 36.6992 14
      vertex 38.1659 36.2881 13.5383
      vertex 39.2427 36.5766 14
    endloop
  endfacet
  facet normal -0.366335 -0.111132 0.923822
    outer loop
      vertex 38.1659 36.2881 13.5383
      vertex 39.2055 36.6992 14
      vertex 38.0053 36.8175 13.5383
    endloop
  endfacet
  facet normal -0.366336 -0.111146 0.923821
    outer loop
      vertex 39.2055 36.6992 14
      vertex 39.0609 37.1758 14
      vertex 38.0053 36.8175 13.5383
    endloop
  endfacet
  facet normal -0.30778 -0.0933687 0.946865
    outer loop
      vertex 38.1659 36.2881 13.5383
      vertex 38.0053 36.8175 13.5383
      vertex 36.7294 35.9031 13.0334
    endloop
  endfacet
  facet normal -0.313219 -0.0730728 0.946865
    outer loop
      vertex 38.2916 35.7493 13.5383
      vertex 38.1659 36.2881 13.5383
      vertex 36.7294 35.9031 13.0334
    endloop
  endfacet
  facet normal -0.38261 -0.0125446 0.923825
    outer loop
      vertex 38.4359 34.6529 13.5383
      vertex 39.5525 34.5977 14
      vertex 39.5483 34.7258 14
    endloop
  endfacet
  facet normal -0.382609 -0.0125253 0.923825
    outer loop
      vertex 39.5525 34.5977 14
      vertex 38.4359 34.6529 13.5383
      vertex 38.454 34.1 13.5383
    endloop
  endfacet
  facet normal -0.382609 0.0125253 0.923825
    outer loop
      vertex 38.4359 33.5471 13.5383
      vertex 39.5525 33.6023 14
      vertex 38.454 34.1 13.5383
    endloop
  endfacet
  facet normal -0.38261 0.0125446 0.923825
    outer loop
      vertex 39.5525 33.6023 14
      vertex 38.4359 33.5471 13.5383
      vertex 39.5483 33.4742 14
    endloop
  endfacet
  facet normal -0.255434 -0.0421732 0.965906
    outer loop
      vertex 35.4032 34.8113 12.627
      vertex 36.833 35.4592 13.0334
      vertex 35.3451 35.1632 12.627
    endloop
  endfacet
  facet normal -0.192593 -0.0317979 0.980763
    outer loop
      vertex 35.4032 34.8113 12.627
      vertex 35.3451 35.1632 12.627
      vertex 33.8344 34.8627 12.3206
    endloop
  endfacet
  facet normal -0.18269 -0.0687415 0.980764
    outer loop
      vertex 35.1606 35.8518 12.627
      vertex 35.035 36.1856 12.627
      vertex 33.702 35.3567 12.3206
    endloop
  endfacet
  facet normal -0.242315 -0.0911767 0.965904
    outer loop
      vertex 35.1606 35.8518 12.627
      vertex 36.5971 36.3394 13.0334
      vertex 35.035 36.1856 12.627
    endloop
  endfacet
  facet normal -0.295971 0.24281 0.92382
    outer loop
      vertex 36.707 28.9535 13.5383
      vertex 37.5101 28.1758 14
      vertex 37.5914 28.2749 14
    endloop
  endfacet
  facet normal -0.295933 0.242851 0.923822
    outer loop
      vertex 37.5101 28.1758 14
      vertex 36.707 28.9535 13.5383
      vertex 36.3561 28.5259 13.5383
    endloop
  endfacet
  facet normal -0.24863 0.204033 0.946865
    outer loop
      vertex 36.3561 28.5259 13.5383
      vertex 36.707 28.9535 13.5383
      vertex 35.2379 29.5064 13.0334
    endloop
  endfacet
  facet normal -0.301016 0.113295 0.946865
    outer loop
      vertex 37.8105 30.8648 13.5383
      vertex 36.5971 31.8606 13.0334
      vertex 36.4365 31.4339 13.0334
    endloop
  endfacet
  facet normal -0.29298 0.132698 0.946865
    outer loop
      vertex 37.8105 30.8648 13.5383
      vertex 36.4365 31.4339 13.0334
      vertex 36.2484 31.0186 13.0334
    endloop
  endfacet
  facet normal -0.301033 0.113273 0.946862
    outer loop
      vertex 37.8105 30.8648 13.5383
      vertex 38.0053 31.3825 13.5383
      vertex 36.5971 31.8606 13.0334
    endloop
  endfacet
  facet normal -0.307802 0.0933353 0.946861
    outer loop
      vertex 38.0053 31.3825 13.5383
      vertex 36.7294 32.2969 13.0334
      vertex 36.5971 31.8606 13.0334
    endloop
  endfacet
  facet normal 0.311189 0.22296 0.923824
    outer loop
      vertex 22.3339 28.3791 14
      vertex 23.293 28.9535 13.5383
      vertex 22.9708 29.4032 13.5383
    endloop
  endfacet
  facet normal 0.311134 0.223049 0.923821
    outer loop
      vertex 23.293 28.9535 13.5383
      vertex 22.3339 28.3791 14
      vertex 22.4086 28.2749 14
    endloop
  endfacet
  facet normal 0.261456 0.187327 0.946863
    outer loop
      vertex 23.293 28.9535 13.5383
      vertex 24.4728 29.8589 13.0334
      vertex 22.9708 29.4032 13.5383
    endloop
  endfacet
  facet normal 0.261705 0.27942 0.923815
    outer loop
      vertex 23.5973 26.9935 14
      vertex 24.4259 27.7439 13.5383
      vertex 24.0221 28.1221 13.5383
    endloop
  endfacet
  facet normal 0.261756 0.279365 0.923818
    outer loop
      vertex 24.4259 27.7439 13.5383
      vertex 23.5973 26.9935 14
      vertex 23.6909 26.9058 14
    endloop
  endfacet
  facet normal 0.279411 0.261726 0.923812
    outer loop
      vertex 23.2339 27.3339 14
      vertex 24.0221 28.1221 13.5383
      vertex 22.8935 27.6973 14
    endloop
  endfacet
  facet normal 0.1868 0.0566474 0.980763
    outer loop
      vertex 24.8394 32.3482 12.627
      vertex 26.2237 33.0882 12.3206
      vertex 24.7359 32.6895 12.627
    endloop
  endfacet
  facet normal 0.186788 0.0566695 0.980764
    outer loop
      vertex 26.298 32.8433 12.3206
      vertex 26.2237 33.0882 12.3206
      vertex 24.8394 32.3482 12.627
    endloop
  endfacet
  facet normal 0.115174 0.0615693 0.991435
    outer loop
      vertex 26.6143 32.1453 12.3206
      vertex 27.9628 32.9238 12.1156
      vertex 26.4937 32.3709 12.3206
    endloop
  endfacet
  facet normal -0.0730746 0.313226 0.946863
    outer loop
      vertex 31.6493 25.8084 13.5383
      vertex 32.1881 25.9341 13.5383
      vertex 31.3592 27.267 13.0334
    endloop
  endfacet
  facet normal -0.0523505 0.317348 0.946863
    outer loop
      vertex 31.6493 25.8084 13.5383
      vertex 31.3592 27.267 13.0334
      vertex 30.9094 27.1928 13.0334
    endloop
  endfacet
  facet normal -0.0317426 0.192592 0.980765
    outer loop
      vertex 30.7113 28.6968 12.627
      vertex 30.7627 30.2656 12.3206
      vertex 30.5103 30.224 12.3206
    endloop
  endfacet
  facet normal -0.0421732 0.255434 0.965906
    outer loop
      vertex 31.3592 27.267 13.0334
      vertex 31.0632 28.7549 12.627
      vertex 30.7113 28.6968 12.627
    endloop
  endfacet
  facet normal -0.0296534 0.127188 0.991435
    outer loop
      vertex 30.7627 30.2656 12.3206
      vertex 31.0119 30.3237 12.3206
      vertex 30.6088 31.8277 12.1156
    endloop
  endfacet
  facet normal -0.0443223 0.190105 0.980763
    outer loop
      vertex 31.4105 28.8359 12.627
      vertex 31.0119 30.3237 12.3206
      vertex 30.7627 30.2656 12.3206
    endloop
  endfacet
  facet normal 0.0254095 0.257653 0.965903
    outer loop
      vertex 29.6436 28.6618 12.627
      vertex 29.2887 28.6968 12.627
      vertex 29.0906 27.1928 13.0334
    endloop
  endfacet
  facet normal 0.0421394 0.255449 0.965904
    outer loop
      vertex 29.0906 27.1928 13.0334
      vertex 29.2887 28.6968 12.627
      vertex 28.6408 27.267 13.0334
    endloop
  endfacet
  facet normal -0.103052 0.165769 0.980765
    outer loop
      vertex 32.7249 29.3803 12.627
      vertex 33.0278 29.5686 12.627
      vertex 31.9547 30.7143 12.3206
    endloop
  endfacet
  facet normal -0.136685 0.219872 0.965905
    outer loop
      vertex 33.4834 28.0665 13.0334
      vertex 33.0278 29.5686 12.627
      vertex 32.7249 29.3803 12.627
    endloop
  endfacet
  facet normal -0.13673 0.219858 0.965902
    outer loop
      vertex 33.4834 28.0665 13.0334
      vertex 33.8706 28.3073 13.0334
      vertex 33.0278 29.5686 12.627
    endloop
  endfacet
  facet normal -0.187327 0.261456 0.946863
    outer loop
      vertex 34.6968 27.0708 13.5383
      vertex 35.1465 27.393 13.5383
      vertex 34.2411 28.5728 13.0334
    endloop
  endfacet
  facet normal 0.0751449 0.247757 0.965904
    outer loop
      vertex 28.1968 27.3706 13.0334
      vertex 28.2482 28.9394 12.627
      vertex 27.7606 27.5029 13.0334
    endloop
  endfacet
  facet normal 0.0933564 0.307801 0.94686
    outer loop
      vertex 28.1968 27.3706 13.0334
      vertex 27.7606 27.5029 13.0334
      vertex 27.2826 26.0947 13.5383
    endloop
  endfacet
  facet normal -0.380989 -0.0375146 0.923818
    outer loop
      vertex 39.5357 34.8534 14
      vertex 39.4869 35.349 14
      vertex 38.3817 35.2035 13.5383
    endloop
  endfacet
  facet normal -0.320076 0.0315349 0.946867
    outer loop
      vertex 38.3817 32.9965 13.5383
      vertex 36.9519 33.6443 13.0334
      vertex 36.9072 33.1906 13.0334
    endloop
  endfacet
  facet normal -0.317336 0.0523485 0.946867
    outer loop
      vertex 38.3817 32.9965 13.5383
      vertex 36.9072 33.1906 13.0334
      vertex 36.833 32.7408 13.0334
    endloop
  endfacet
  facet normal -0.261456 -0.187327 0.946863
    outer loop
      vertex 37.0292 38.7968 13.5383
      vertex 36.707 39.2465 13.5383
      vertex 35.5272 38.3411 13.0334
    endloop
  endfacet
  facet normal -0.311134 -0.223049 0.923821
    outer loop
      vertex 36.707 39.2465 13.5383
      vertex 37.6661 39.8209 14
      vertex 37.5914 39.9251 14
    endloop
  endfacet
  facet normal -0.311189 -0.22296 0.923824
    outer loop
      vertex 37.6661 39.8209 14
      vertex 36.707 39.2465 13.5383
      vertex 37.0292 38.7968 13.5383
    endloop
  endfacet
  facet normal -0.204033 -0.24863 0.946865
    outer loop
      vertex 35.5741 40.4561 13.5383
      vertex 35.1465 40.807 13.5383
      vertex 34.5936 39.3379 13.0334
    endloop
  endfacet
  facet normal -0.219865 -0.234747 0.946865
    outer loop
      vertex 35.9779 40.0779 13.5383
      vertex 35.5741 40.4561 13.5383
      vertex 34.5936 39.3379 13.0334
    endloop
  endfacet
  facet normal -0.279435 -0.261677 0.923819
    outer loop
      vertex 37.1942 40.4091 14
      vertex 36.8538 40.7726 14
      vertex 36.3561 39.6741 13.5383
    endloop
  endfacet
  facet normal -0.295924 -0.242875 0.923819
    outer loop
      vertex 37.5101 40.0242 14
      vertex 37.1942 40.4091 14
      vertex 36.3561 39.6741 13.5383
    endloop
  endfacet
  facet normal -0.202171 -0.325088 0.923821
    outer loop
      vertex 35.3161 42.0561 14
      vertex 34.8932 42.3191 14
      vertex 34.6968 41.1292 13.5383
    endloop
  endfacet
  facet normal 0.24286 -0.295944 0.923816
    outer loop
      vertex 23.79 41.3755 14
      vertex 24.4259 40.4561 13.5383
      vertex 24.8535 40.807 13.5383
    endloop
  endfacet
  facet normal 0.242814 -0.295977 0.923818
    outer loop
      vertex 24.4259 40.4561 13.5383
      vertex 23.79 41.3755 14
      vertex 23.6909 41.2942 14
    endloop
  endfacet
  facet normal 0.204033 -0.24863 0.946865
    outer loop
      vertex 25.4064 39.3379 13.0334
      vertex 24.8535 40.807 13.5383
      vertex 24.4259 40.4561 13.5383
    endloop
  endfacet
  facet normal 0.0212381 -0.128858 0.991436
    outer loop
      vertex 29.5411 36.4072 12.1156
      vertex 29.4897 37.976 12.3206
      vertex 29.2373 37.9344 12.3206
    endloop
  endfacet
  facet normal 0.00640865 -0.195083 0.980766
    outer loop
      vertex 29.7443 38.0011 12.3206
      vertex 30 38.0095 12.3206
      vertex 29.6436 39.5382 12.627
    endloop
  endfacet
  facet normal 0.0443223 0.190105 0.980763
    outer loop
      vertex 29.2373 30.2656 12.3206
      vertex 28.9881 30.3237 12.3206
      vertex 28.5895 28.8359 12.627
    endloop
  endfacet
  facet normal 0.0296534 0.127188 0.991435
    outer loop
      vertex 29.2373 30.2656 12.3206
      vertex 29.3912 31.8277 12.1156
      vertex 28.9881 30.3237 12.3206
    endloop
  endfacet
  facet normal -0.0105797 0.0646253 0.997854
    outer loop
      vertex 30.3071 31.7677 12.1156
      vertex 30.1532 33.3298 12.0128
      vertex 30.1025 33.3215 12.0128
    endloop
  endfacet
  facet normal -0.00634992 0.195096 0.980764
    outer loop
      vertex 30.3564 28.6618 12.627
      vertex 30 30.1905 12.3206
      vertex 30 28.6502 12.627
    endloop
  endfacet
  facet normal 0.00634992 0.195096 0.980764
    outer loop
      vertex 30 28.6502 12.627
      vertex 30 30.1905 12.3206
      vertex 29.6436 28.6618 12.627
    endloop
  endfacet
  facet normal 0.0953118 -0.0892878 0.991435
    outer loop
      vertex 28.3366 35.7634 12.1156
      vertex 27.2356 36.8644 12.3206
      vertex 27.0607 36.6777 12.3206
    endloop
  endfacet
  facet normal 0.0892868 -0.0953128 0.991435
    outer loop
      vertex 28.3366 35.7634 12.1156
      vertex 28.4489 35.8686 12.1156
      vertex 27.2356 36.8644 12.3206
    endloop
  endfacet
  facet normal 0.100966 -0.0828452 0.991435
    outer loop
      vertex 28.1337 35.5321 12.1156
      vertex 27.0607 36.6777 12.3206
      vertex 26.8984 36.4799 12.3206
    endloop
  endfacet
  facet normal 0.100938 -0.0828713 0.991435
    outer loop
      vertex 28.1337 35.5321 12.1156
      vertex 28.2314 35.6511 12.1156
      vertex 27.0607 36.6777 12.3206
    endloop
  endfacet
  facet normal 0.118949 -0.0539098 0.991436
    outer loop
      vertex 27.8267 35.0002 12.1156
      vertex 26.4937 35.8291 12.3206
      vertex 26.3881 35.5961 12.3206
    endloop
  endfacet
  facet normal 0.122225 -0.0460003 0.991436
    outer loop
      vertex 27.8267 35.0002 12.1156
      vertex 26.3881 35.5961 12.3206
      vertex 26.298 35.3567 12.3206
    endloop
  endfacet
  facet normal 0.235805 -0.106867 0.965906
    outer loop
      vertex 24.965 36.1856 12.627
      vertex 25.1122 36.5104 12.627
      vertex 23.7516 37.1814 13.0334
    endloop
  endfacet
  facet normal 0.228323 -0.122039 0.965906
    outer loop
      vertex 25.1122 36.5104 12.627
      vertex 25.2803 36.8249 12.627
      vertex 23.7516 37.1814 13.0334
    endloop
  endfacet
  facet normal 0.115174 -0.0615693 0.991435
    outer loop
      vertex 27.9628 35.2762 12.1156
      vertex 26.6143 36.0547 12.3206
      vertex 26.4937 35.8291 12.3206
    endloop
  endfacet
  facet normal 0.172138 -0.0920206 0.980765
    outer loop
      vertex 26.4937 35.8291 12.3206
      vertex 26.6143 36.0547 12.3206
      vertex 25.2803 36.8249 12.627
    endloop
  endfacet
  facet normal 0.118966 -0.0538824 0.991435
    outer loop
      vertex 27.8267 35.0002 12.1156
      vertex 27.8902 35.1404 12.1156
      vertex 26.4937 35.8291 12.3206
    endloop
  endfacet
  facet normal 0.190099 -0.0443364 0.980763
    outer loop
      vertex 26.1656 34.8627 12.3206
      vertex 24.7359 35.5105 12.627
      vertex 24.6549 35.1632 12.627
    endloop
  endfacet
  facet normal 0.186781 -0.0566905 0.980765
    outer loop
      vertex 26.2237 35.1119 12.3206
      vertex 26.298 35.3567 12.3206
      vertex 24.8394 35.8518 12.627
    endloop
  endfacet
  facet normal 0.15086 0.21039 0.965907
    outer loop
      vertex 26.9722 29.5686 12.627
      vertex 26.6824 29.7764 12.627
      vertex 25.7589 28.5728 13.0334
    endloop
  endfacet
  facet normal 0.164211 0.200146 0.965907
    outer loop
      vertex 26.6824 29.7764 12.627
      vertex 26.4067 30.0026 12.627
      vertex 25.7589 28.5728 13.0334
    endloop
  endfacet
  facet normal 0.100966 0.0828452 0.991435
    outer loop
      vertex 27.0607 31.5223 12.3206
      vertex 28.1337 32.6679 12.1156
      vertex 26.8984 31.7201 12.3206
    endloop
  endfacet
  facet normal 0.158631 0.113746 0.980764
    outer loop
      vertex 25.6764 30.7824 12.627
      vertex 26.8984 31.7201 12.3206
      vertex 25.4686 31.0722 12.627
    endloop
  endfacet
  facet normal 0.188962 0.176978 0.965905
    outer loop
      vertex 25.0737 29.1737 13.0334
      vertex 26.1464 30.2464 12.627
      vertex 24.7621 29.5064 13.0334
    endloop
  endfacet
  facet normal 0.234751 0.219863 0.946864
    outer loop
      vertex 25.0737 29.1737 13.0334
      vertex 24.7621 29.5064 13.0334
      vertex 24.0221 28.1221 13.5383
    endloop
  endfacet
  facet normal 0.283652 0.151634 0.946862
    outer loop
      vertex 23.9665 30.6166 13.0334
      vertex 23.7516 31.0186 13.0334
      vertex 22.6786 29.873 13.5383
    endloop
  endfacet
  facet normal 0.228319 0.122054 0.965905
    outer loop
      vertex 23.9665 30.6166 13.0334
      vertex 25.2803 31.3751 12.627
      vertex 23.7516 31.0186 13.0334
    endloop
  endfacet
  facet normal 0.200154 0.164218 0.965904
    outer loop
      vertex 25.9026 30.5067 12.627
      vertex 25.6764 30.7824 12.627
      vertex 24.7621 29.5064 13.0334
    endloop
  endfacet
  facet normal 0.219883 0.136692 0.965902
    outer loop
      vertex 25.4686 31.0722 12.627
      vertex 25.2803 31.3751 12.627
      vertex 24.2073 30.2294 13.0334
    endloop
  endfacet
  facet normal 0.258771 0.00846103 0.965902
    outer loop
      vertex 23.0481 33.6443 13.0334
      vertex 24.5618 33.7436 12.627
      vertex 23.0332 34.1 13.0334
    endloop
  endfacet
  facet normal 0.258763 0.00842214 0.965904
    outer loop
      vertex 24.5618 33.7436 12.627
      vertex 24.5502 34.1 12.627
      vertex 23.0332 34.1 13.0334
    endloop
  endfacet
  facet normal 0.194249 -0.0191502 0.980765
    outer loop
      vertex 26.0989 34.3557 12.3206
      vertex 26.124 34.6103 12.3206
      vertex 24.5968 34.8113 12.627
    endloop
  endfacet
  facet normal 0.257659 -0.0254102 0.965902
    outer loop
      vertex 24.5618 34.4564 12.627
      vertex 24.5968 34.8113 12.627
      vertex 23.0481 34.5557 13.0334
    endloop
  endfacet
  facet normal 0.194247 0.0191565 0.980766
    outer loop
      vertex 24.5968 33.3887 12.627
      vertex 26.0989 33.8443 12.3206
      vertex 24.5618 33.7436 12.627
    endloop
  endfacet
  facet normal 0.195086 0.00634961 0.980766
    outer loop
      vertex 24.5618 33.7436 12.627
      vertex 26.0989 33.8443 12.3206
      vertex 24.5502 34.1 12.627
    endloop
  endfacet
  facet normal -0.0308597 -0.0577662 0.997853
    outer loop
      vertex 30.3926 34.7801 12.0128
      vertex 31.0404 36.2098 12.1156
      vertex 30.3473 34.8043 12.0128
    endloop
  endfacet
  facet normal -0.030878 -0.057758 0.997853
    outer loop
      vertex 31.1762 36.1372 12.1156
      vertex 31.0404 36.2098 12.1156
      vertex 30.3926 34.7801 12.0128
    endloop
  endfacet
  facet normal -0.057768 0.0308606 0.997853
    outer loop
      vertex 32.0372 32.9238 12.1156
      vertex 30.7043 33.7527 12.0128
      vertex 30.6801 33.7074 12.0128
    endloop
  endfacet
  facet normal 0.0506159 0.041556 0.997853
    outer loop
      vertex 28.2314 32.5489 12.1156
      vertex 29.377 33.622 12.0128
      vertex 28.1337 32.6679 12.1156
    endloop
  endfacet
  facet normal -0.0615724 -0.115173 0.991435
    outer loop
      vertex 31.1762 36.1372 12.1156
      vertex 31.9547 37.4857 12.3206
      vertex 31.0404 36.2098 12.1156
    endloop
  endfacet
  facet normal -0.057768 -0.0308606 0.997853
    outer loop
      vertex 30.7043 34.4473 12.0128
      vertex 32.0372 35.2762 12.1156
      vertex 30.6801 34.4926 12.0128
    endloop
  endfacet
  facet normal -0.0689185 -0.110932 0.991436
    outer loop
      vertex 31.3069 36.056 12.1156
      vertex 31.9547 37.4857 12.3206
      vertex 31.1762 36.1372 12.1156
    endloop
  endfacet
  facet normal 0.030878 0.057758 0.997853
    outer loop
      vertex 28.9596 31.9902 12.1156
      vertex 29.6074 33.4199 12.0128
      vertex 28.8238 32.0628 12.1156
    endloop
  endfacet
  facet normal 0.044756 -0.0478162 0.997853
    outer loop
      vertex 29.4447 34.6553 12.0128
      vertex 29.4822 34.6904 12.0128
      vertex 28.3366 35.7634 12.1156
    endloop
  endfacet
  facet normal 0.010684 0.064615 0.997853
    outer loop
      vertex 29.6929 31.7677 12.1156
      vertex 29.8468 33.3298 12.0128
      vertex 29.5411 31.7928 12.1156
    endloop
  endfacet
  facet normal 0.110937 0.0689221 0.991435
    outer loop
      vertex 28.044 32.7931 12.1156
      vertex 27.9628 32.9238 12.1156
      vertex 26.7494 31.928 12.3206
    endloop
  endfacet
  facet normal -0.14245 -0.133447 0.980765
    outer loop
      vertex 32.9393 36.6777 12.3206
      vertex 33.8536 37.9536 12.627
      vertex 32.7644 36.8644 12.3206
    endloop
  endfacet
  facet normal -0.0920218 -0.17214 0.980765
    outer loop
      vertex 31.9547 37.4857 12.3206
      vertex 32.4104 38.9878 12.627
      vertex 31.7291 37.6063 12.3206
    endloop
  endfacet
  facet normal -0.222948 -0.311205 0.923821
    outer loop
      vertex 35.7209 41.7661 14
      vertex 35.3161 42.0561 14
      vertex 34.6968 41.1292 13.5383
    endloop
  endfacet
  facet normal -0.223049 -0.311134 0.923821
    outer loop
      vertex 35.7209 41.7661 14
      vertex 35.1465 40.807 13.5383
      vertex 35.8251 41.6914 14
    endloop
  endfacet
  facet normal -0.22296 -0.311189 0.923824
    outer loop
      vertex 35.1465 40.807 13.5383
      vertex 35.7209 41.7661 14
      vertex 34.6968 41.1292 13.5383
    endloop
  endfacet
  facet normal -0.0687552 -0.182686 0.980764
    outer loop
      vertex 31.4961 37.7119 12.3206
      vertex 31.7518 39.2606 12.627
      vertex 31.2567 37.802 12.3206
    endloop
  endfacet
  facet normal -0.053911 -0.118951 0.991435
    outer loop
      vertex 31.7291 37.6063 12.3206
      vertex 31.4961 37.7119 12.3206
      vertex 31.0404 36.2098 12.1156
    endloop
  endfacet
  facet normal -0.0231072 -0.0612789 0.997853
    outer loop
      vertex 30.9002 36.2733 12.1156
      vertex 30.7562 36.3276 12.1156
      vertex 30.2524 34.8436 12.0128
    endloop
  endfacet
  facet normal -0.0379003 -0.124978 0.991435
    outer loop
      vertex 30.7562 36.3276 12.1156
      vertex 31.0119 37.8763 12.3206
      vertex 30.6088 36.3723 12.1156
    endloop
  endfacet
  facet normal -0.0296525 -0.127184 0.991436
    outer loop
      vertex 31.0119 37.8763 12.3206
      vertex 30.7627 37.9344 12.3206
      vertex 30.4589 36.4072 12.1156
    endloop
  endfacet
  facet normal -0.0106835 -0.0646116 0.997853
    outer loop
      vertex 30.4589 36.4072 12.1156
      vertex 30.3071 36.4323 12.1156
      vertex 30.1025 34.8785 12.0128
    endloop
  endfacet
  facet normal -0.0148503 0.0637839 0.997853
    outer loop
      vertex 30.4589 31.7928 12.1156
      vertex 30.6088 31.8277 12.1156
      vertex 30.2032 33.3415 12.0128
    endloop
  endfacet
  facet normal -0.00642392 -0.0651751 0.997853
    outer loop
      vertex 30.3071 36.4323 12.1156
      vertex 30.1539 36.4474 12.1156
      vertex 30.0514 34.8836 12.0128
    endloop
  endfacet
  facet normal -0.0128108 -0.129974 0.991435
    outer loop
      vertex 30.3071 36.4323 12.1156
      vertex 30.5103 37.976 12.3206
      vertex 30.1539 36.4474 12.1156
    endloop
  endfacet
  facet normal 0.00424066 -0.130527 0.991436
    outer loop
      vertex 30 36.4524 12.1156
      vertex 30 38.0095 12.3206
      vertex 29.8461 36.4474 12.1156
    endloop
  endfacet
  facet normal -0.00424066 -0.130527 0.991436
    outer loop
      vertex 30.1539 36.4474 12.1156
      vertex 30 38.0095 12.3206
      vertex 30 36.4524 12.1156
    endloop
  endfacet
  facet normal 0.0911989 -0.242307 0.965904
    outer loop
      vertex 28.2482 39.2606 12.627
      vertex 27.7606 40.6971 13.0334
      vertex 27.3339 40.5365 13.0334
    endloop
  endfacet
  facet normal 0.0191502 -0.194249 0.980765
    outer loop
      vertex 29.4897 37.976 12.3206
      vertex 29.7443 38.0011 12.3206
      vertex 29.2887 39.5032 12.627
    endloop
  endfacet
  facet normal 0.13673 -0.219858 0.965902
    outer loop
      vertex 26.9722 38.6314 12.627
      vertex 26.5166 40.1335 13.0334
      vertex 26.1294 39.8927 13.0334
    endloop
  endfacet
  facet normal 0.187353 -0.261447 0.94686
    outer loop
      vertex 25.7589 39.6272 13.0334
      vertex 26.1294 39.8927 13.0334
      vertex 25.3032 41.1292 13.5383
    endloop
  endfacet
  facet normal 0.113746 -0.158631 0.980764
    outer loop
      vertex 27.6201 37.2016 12.3206
      vertex 26.9722 38.6314 12.627
      vertex 26.6824 38.4236 12.627
    endloop
  endfacet
  facet normal 0.123812 -0.150906 0.980764
    outer loop
      vertex 27.6201 37.2016 12.3206
      vertex 26.6824 38.4236 12.627
      vertex 26.4067 38.1974 12.627
    endloop
  endfacet
  facet normal 0.204048 -0.248624 0.946864
    outer loop
      vertex 25.4064 39.3379 13.0334
      vertex 25.7589 39.6272 13.0334
      vertex 24.8535 40.807 13.5383
    endloop
  endfacet
  facet normal 0.164247 -0.200129 0.965904
    outer loop
      vertex 26.4067 38.1974 12.627
      vertex 25.7589 39.6272 13.0334
      vertex 25.4064 39.3379 13.0334
    endloop
  endfacet
  facet normal 0.0654568 -0.0021266 0.997853
    outer loop
      vertex 29.2164 34.1514 12.0128
      vertex 27.6526 34.2539 12.1156
      vertex 27.6476 34.1 12.1156
    endloop
  endfacet
  facet normal 0.113703 -0.15865 0.980766
    outer loop
      vertex 27.6201 37.2016 12.3206
      vertex 27.828 37.3506 12.3206
      vertex 26.9722 38.6314 12.627
    endloop
  endfacet
  facet normal 0.103058 -0.165763 0.980766
    outer loop
      vertex 27.828 37.3506 12.3206
      vertex 28.0453 37.4857 12.3206
      vertex 26.9722 38.6314 12.627
    endloop
  endfacet
  facet normal 0.0689185 -0.110932 0.991436
    outer loop
      vertex 28.6931 36.056 12.1156
      vertex 28.8238 36.1372 12.1156
      vertex 28.0453 37.4857 12.3206
    endloop
  endfacet
  facet normal 0.0615724 -0.115173 0.991435
    outer loop
      vertex 28.8238 36.1372 12.1156
      vertex 28.9596 36.2098 12.1156
      vertex 28.0453 37.4857 12.3206
    endloop
  endfacet
  facet normal -0.228323 0.122039 0.965906
    outer loop
      vertex 36.2484 31.0186 13.0334
      vertex 34.8878 31.6896 12.627
      vertex 34.7197 31.3751 12.627
    endloop
  endfacet
  facet normal -0.172145 0.0920116 0.980765
    outer loop
      vertex 34.7197 31.3751 12.627
      vertex 34.8878 31.6896 12.627
      vertex 33.5063 32.3709 12.3206
    endloop
  endfacet
  facet normal -0.134832 -0.358296 0.923821
    outer loop
      vertex 33.2352 41.9105 13.5383
      vertex 33.6618 42.9404 14
      vertex 33.1957 43.1158 14
    endloop
  endfacet
  facet normal -0.0375895 -0.380968 0.923824
    outer loop
      vertex 31.1214 43.5994 14
      vertex 30.6258 43.6483 14
      vertex 30.5529 42.5359 13.5383
    endloop
  endfacet
  facet normal 0.0751449 -0.247757 0.965904
    outer loop
      vertex 28.2482 39.2606 12.627
      vertex 28.1968 40.8294 13.0334
      vertex 27.7606 40.6971 13.0334
    endloop
  endfacet
  facet normal 0.157979 -0.348708 0.923821
    outer loop
      vertex 26.7648 41.9105 13.5383
      vertex 26.3382 42.9404 14
      vertex 25.8846 42.7349 14
    endloop
  endfacet
  facet normal 0.0623516 -0.377723 0.923817
    outer loop
      vertex 28.3507 42.3916 13.5383
      vertex 28.6245 43.566 14
      vertex 28.1332 43.4849 14
    endloop
  endfacet
  facet normal -0.261677 -0.279435 0.923819
    outer loop
      vertex 36.6726 40.9538 14
      vertex 36.3091 41.2942 14
      vertex 35.5741 40.4561 13.5383
    endloop
  endfacet
  facet normal -0.242814 -0.295977 0.923818
    outer loop
      vertex 36.21 41.3755 14
      vertex 35.5741 40.4561 13.5383
      vertex 36.3091 41.2942 14
    endloop
  endfacet
  facet normal -0.24286 -0.295944 0.923816
    outer loop
      vertex 35.5741 40.4561 13.5383
      vertex 36.21 41.3755 14
      vertex 35.1465 40.807 13.5383
    endloop
  endfacet
  facet normal -0.311189 0.22296 0.923824
    outer loop
      vertex 36.707 28.9535 13.5383
      vertex 37.6661 28.3791 14
      vertex 37.0292 29.4032 13.5383
    endloop
  endfacet
  facet normal -0.311134 0.223049 0.923821
    outer loop
      vertex 37.6661 28.3791 14
      vertex 36.707 28.9535 13.5383
      vertex 37.5914 28.2749 14
    endloop
  endfacet
  facet normal -0.204048 0.248624 0.946864
    outer loop
      vertex 35.1465 27.393 13.5383
      vertex 34.5936 28.8621 13.0334
      vertex 34.2411 28.5728 13.0334
    endloop
  endfacet
  facet normal -0.242814 0.295977 0.923818
    outer loop
      vertex 35.5741 27.7439 13.5383
      vertex 36.21 26.8245 14
      vertex 36.3091 26.9058 14
    endloop
  endfacet
  facet normal -0.24286 0.295944 0.923816
    outer loop
      vertex 36.21 26.8245 14
      vertex 35.5741 27.7439 13.5383
      vertex 35.1465 27.393 13.5383
    endloop
  endfacet
  facet normal -0.151625 0.283657 0.946862
    outer loop
      vertex 33.7391 26.5178 13.5383
      vertex 34.227 26.7786 13.5383
      vertex 33.4834 28.0665 13.0334
    endloop
  endfacet
  facet normal -0.180477 0.337632 0.923814
    outer loop
      vertex 33.7391 26.5178 13.5383
      vertex 34.3452 25.5785 14
      vertex 34.227 26.7786 13.5383
    endloop
  endfacet
  facet normal -0.180351 0.337711 0.92381
    outer loop
      vertex 34.3452 25.5785 14
      vertex 33.7391 26.5178 13.5383
      vertex 34.2321 25.5181 14
    endloop
  endfacet
  facet normal -0.192593 0.0317979 0.980763
    outer loop
      vertex 35.3451 33.0368 12.627
      vertex 35.4032 33.3887 12.627
      vertex 33.8344 33.3373 12.3206
    endloop
  endfacet
  facet normal -0.255434 0.0421732 0.965906
    outer loop
      vertex 36.833 32.7408 13.0334
      vertex 35.4032 33.3887 12.627
      vertex 35.3451 33.0368 12.627
    endloop
  endfacet
  facet normal -0.257659 0.0254102 0.965902
    outer loop
      vertex 36.9519 33.6443 13.0334
      vertex 35.4382 33.7436 12.627
      vertex 35.4032 33.3887 12.627
    endloop
  endfacet
  facet normal -0.194247 0.0191565 0.980766
    outer loop
      vertex 35.4032 33.3887 12.627
      vertex 35.4382 33.7436 12.627
      vertex 33.9011 33.8443 12.3206
    endloop
  endfacet
  facet normal -0.0381418 0.0532369 0.997853
    outer loop
      vertex 31.3069 32.144 12.1156
      vertex 31.4321 32.2337 12.1156
      vertex 30.4363 33.4471 12.0128
    endloop
  endfacet
  facet normal -0.038161 0.0532212 0.997853
    outer loop
      vertex 31.4321 32.2337 12.1156
      vertex 30.478 33.477 12.0128
      vertex 30.4363 33.4471 12.0128
    endloop
  endfacet
  facet normal -0.0805756 0.177785 0.980765
    outer loop
      vertex 32.4104 29.2122 12.627
      vertex 31.7291 30.5937 12.3206
      vertex 31.4961 30.4881 12.3206
    endloop
  endfacet
  facet normal -0.053911 0.118951 0.991435
    outer loop
      vertex 31.4961 30.4881 12.3206
      vertex 31.7291 30.5937 12.3206
      vertex 31.0404 31.9902 12.1156
    endloop
  endfacet
  facet normal -0.0379308 0.124973 0.991435
    outer loop
      vertex 31.0119 30.3237 12.3206
      vertex 31.2567 30.398 12.3206
      vertex 30.7562 31.8724 12.1156
    endloop
  endfacet
  facet normal -0.0460031 0.122232 0.991435
    outer loop
      vertex 31.2567 30.398 12.3206
      vertex 31.4961 30.4881 12.3206
      vertex 30.7562 31.8724 12.1156
    endloop
  endfacet
  facet normal -0.0149226 0.0637719 0.997853
    outer loop
      vertex 30.4589 31.7928 12.1156
      vertex 30.2032 33.3415 12.0128
      vertex 30.1532 33.3298 12.0128
    endloop
  endfacet
  facet normal 0.065458 0.00216495 0.997853
    outer loop
      vertex 29.2164 34.0486 12.0128
      vertex 29.2147 34.1 12.0128
      vertex 27.6476 34.1 12.1156
    endloop
  endfacet
  facet normal 0.0646253 -0.0105797 0.997854
    outer loop
      vertex 29.2215 34.2025 12.0128
      vertex 29.2298 34.2532 12.0128
      vertex 27.6677 34.4071 12.1156
    endloop
  endfacet
  facet normal -0.0478143 0.0447542 0.997853
    outer loop
      vertex 31.7686 32.5489 12.1156
      vertex 30.5904 33.5822 12.0128
      vertex 30.5553 33.5447 12.0128
    endloop
  endfacet
  facet normal -0.0760648 0.106168 0.991435
    outer loop
      vertex 32.3799 30.9984 12.3206
      vertex 31.4321 32.2337 12.1156
      vertex 31.3069 32.144 12.1156
    endloop
  endfacet
  facet normal 0.128845 -0.0213044 0.991436
    outer loop
      vertex 27.6677 34.4071 12.1156
      vertex 27.6928 34.5589 12.1156
      vertex 26.1656 34.8627 12.3206
    endloop
  endfacet
  facet normal -0.0415576 0.0506177 0.997853
    outer loop
      vertex 31.4321 32.2337 12.1156
      vertex 31.5511 32.3314 12.1156
      vertex 30.5178 33.5096 12.0128
    endloop
  endfacet
  facet normal -0.0414966 0.0506615 0.997853
    outer loop
      vertex 31.4321 32.2337 12.1156
      vertex 30.5178 33.5096 12.0128
      vertex 30.478 33.477 12.0128
    endloop
  endfacet
  facet normal 0.0556294 -0.0345609 0.997853
    outer loop
      vertex 29.3471 34.5363 12.0128
      vertex 28.044 35.4069 12.1156
      vertex 27.9628 35.2762 12.1156
    endloop
  endfacet
  facet normal 0.0447746 -0.0477964 0.997853
    outer loop
      vertex 29.4822 34.6904 12.0128
      vertex 28.4489 35.8686 12.1156
      vertex 28.3366 35.7634 12.1156
    endloop
  endfacet
  facet normal 0.0760648 0.106168 0.991435
    outer loop
      vertex 28.6931 32.144 12.1156
      vertex 28.5679 32.2337 12.1156
      vertex 27.6201 30.9984 12.3206
    endloop
  endfacet
  facet normal 0.0478143 0.0447542 0.997853
    outer loop
      vertex 29.4447 33.5447 12.0128
      vertex 29.4096 33.5822 12.0128
      vertex 28.2314 32.5489 12.1156
    endloop
  endfacet
  facet normal 0.13345 0.142453 0.980764
    outer loop
      vertex 27.4223 31.1607 12.3206
      vertex 27.2356 31.3356 12.3206
      vertex 26.4067 30.0026 12.627
    endloop
  endfacet
  facet normal 0.133433 0.142463 0.980765
    outer loop
      vertex 26.4067 30.0026 12.627
      vertex 27.2356 31.3356 12.3206
      vertex 26.1464 30.2464 12.627
    endloop
  endfacet
  facet normal -0.00642392 0.0651751 0.997853
    outer loop
      vertex 30.1539 31.7526 12.1156
      vertex 30.3071 31.7677 12.1156
      vertex 30.0514 33.3164 12.0128
    endloop
  endfacet
  facet normal 0.038161 0.0532212 0.997853
    outer loop
      vertex 29.5637 33.4471 12.0128
      vertex 29.522 33.477 12.0128
      vertex 28.5679 32.2337 12.1156
    endloop
  endfacet
  facet normal 0.057768 0.0308606 0.997853
    outer loop
      vertex 29.3199 33.7074 12.0128
      vertex 29.2957 33.7527 12.0128
      vertex 27.9628 32.9238 12.1156
    endloop
  endfacet
  facet normal 0.0532363 0.0381413 0.997853
    outer loop
      vertex 28.1337 32.6679 12.1156
      vertex 29.377 33.622 12.0128
      vertex 28.044 32.7931 12.1156
    endloop
  endfacet
  facet normal 0.106168 0.0760648 0.991435
    outer loop
      vertex 28.1337 32.6679 12.1156
      vertex 28.044 32.7931 12.1156
      vertex 26.8984 31.7201 12.3206
    endloop
  endfacet
  facet normal -0.0345618 0.0556309 0.997853
    outer loop
      vertex 31.1762 32.0628 12.1156
      vertex 31.3069 32.144 12.1156
      vertex 30.3926 33.4199 12.0128
    endloop
  endfacet
  facet normal 0.122206 0.0460817 0.991434
    outer loop
      vertex 27.8267 33.1998 12.1156
      vertex 27.7724 33.3438 12.1156
      vertex 26.298 32.8433 12.3206
    endloop
  endfacet
  facet normal 0.124977 0.0379168 0.991435
    outer loop
      vertex 26.298 32.8433 12.3206
      vertex 27.7724 33.3438 12.1156
      vertex 26.2237 33.0882 12.3206
    endloop
  endfacet
  facet normal -0.0231072 0.0612789 0.997853
    outer loop
      vertex 30.7562 31.8724 12.1156
      vertex 30.9002 31.9267 12.1156
      vertex 30.2524 33.3564 12.0128
    endloop
  endfacet
  facet normal 0.00642392 0.0651751 0.997853
    outer loop
      vertex 29.8461 31.7526 12.1156
      vertex 29.9486 33.3164 12.0128
      vertex 29.6929 31.7677 12.1156
    endloop
  endfacet
  facet normal -0.295924 0.242875 0.923819
    outer loop
      vertex 37.1942 27.7909 14
      vertex 37.5101 28.1758 14
      vertex 36.3561 28.5259 13.5383
    endloop
  endfacet
  facet normal -0.279365 0.261756 0.923818
    outer loop
      vertex 36.3561 28.5259 13.5383
      vertex 37.1065 27.6973 14
      vertex 37.1942 27.7909 14
    endloop
  endfacet
  facet normal -0.27942 0.261705 0.923815
    outer loop
      vertex 37.1065 27.6973 14
      vertex 36.3561 28.5259 13.5383
      vertex 35.9779 28.1221 13.5383
    endloop
  endfacet
  facet normal -0.261447 0.187353 0.94686
    outer loop
      vertex 37.0292 29.4032 13.5383
      vertex 35.7927 30.2294 13.0334
      vertex 35.5272 29.8589 13.0334
    endloop
  endfacet
  facet normal -0.33764 0.180428 0.923821
    outer loop
      vertex 38.2868 29.3156 14
      vertex 38.5215 29.7548 14
      vertex 37.3214 29.873 13.5383
    endloop
  endfacet
  facet normal -0.366327 0.111153 0.923823
    outer loop
      vertex 38.1659 31.9119 13.5383
      vertex 39.2055 31.5008 14
      vertex 39.2427 31.6234 14
    endloop
  endfacet
  facet normal -0.366335 0.111132 0.923822
    outer loop
      vertex 39.2055 31.5008 14
      vertex 38.1659 31.9119 13.5383
      vertex 38.0053 31.3825 13.5383
    endloop
  endfacet
  facet normal -0.30778 0.0933687 0.946865
    outer loop
      vertex 38.0053 31.3825 13.5383
      vertex 38.1659 31.9119 13.5383
      vertex 36.7294 32.2969 13.0334
    endloop
  endfacet
  facet normal 0.18269 0.0687415 0.980764
    outer loop
      vertex 24.965 32.0144 12.627
      vertex 26.298 32.8433 12.3206
      vertex 24.8394 32.3482 12.627
    endloop
  endfacet
  facet normal 0.242315 0.0911767 0.965904
    outer loop
      vertex 24.965 32.0144 12.627
      vertex 24.8394 32.3482 12.627
      vertex 23.4029 31.8606 13.0334
    endloop
  endfacet
  facet normal 0.15865 0.113703 0.980766
    outer loop
      vertex 26.8984 31.7201 12.3206
      vertex 26.7494 31.928 12.3206
      vertex 25.4686 31.0722 12.627
    endloop
  endfacet
  facet normal 0.21039 0.15086 0.965907
    outer loop
      vertex 25.6764 30.7824 12.627
      vertex 25.4686 31.0722 12.627
      vertex 24.4728 29.8589 13.0334
    endloop
  endfacet
  facet normal 0.118949 0.0539098 0.991436
    outer loop
      vertex 26.4937 32.3709 12.3206
      vertex 27.8267 33.1998 12.1156
      vertex 26.3881 32.6039 12.3206
    endloop
  endfacet
  facet normal 0.118966 0.0538824 0.991435
    outer loop
      vertex 27.8902 33.0596 12.1156
      vertex 27.8267 33.1998 12.1156
      vertex 26.4937 32.3709 12.3206
    endloop
  endfacet
  facet normal -0.0588429 0.252127 0.965903
    outer loop
      vertex 31.8031 27.3706 13.0334
      vertex 31.4105 28.8359 12.627
      vertex 31.3592 27.267 13.0334
    endloop
  endfacet
  facet normal -0.0730993 0.313212 0.946866
    outer loop
      vertex 32.1881 25.9341 13.5383
      vertex 31.8031 27.3706 13.0334
      vertex 31.3592 27.267 13.0334
    endloop
  endfacet
  facet normal -0.150809 0.21045 0.965902
    outer loop
      vertex 33.8706 28.3073 13.0334
      vertex 34.2411 28.5728 13.0334
      vertex 33.0278 29.5686 12.627
    endloop
  endfacet
  facet normal -0.164211 0.200146 0.965907
    outer loop
      vertex 34.2411 28.5728 13.0334
      vertex 33.5933 30.0026 12.627
      vertex 33.3176 29.7764 12.627
    endloop
  endfacet
  facet normal -0.377719 -0.0623509 0.923819
    outer loop
      vertex 39.4869 35.349 14
      vertex 39.4058 35.8403 14
      vertex 38.3817 35.2035 13.5383
    endloop
  endfacet
  facet normal -0.204048 -0.248624 0.946864
    outer loop
      vertex 34.5936 39.3379 13.0334
      vertex 35.1465 40.807 13.5383
      vertex 34.2411 39.6272 13.0334
    endloop
  endfacet
  facet normal -0.164247 -0.200129 0.965904
    outer loop
      vertex 34.5936 39.3379 13.0334
      vertex 34.2411 39.6272 13.0334
      vertex 33.5933 38.1974 12.627
    endloop
  endfacet
  facet normal -0.248624 -0.204048 0.946864
    outer loop
      vertex 35.5272 38.3411 13.0334
      vertex 36.707 39.2465 13.5383
      vertex 35.2379 38.6936 13.0334
    endloop
  endfacet
  facet normal -0.200122 -0.164242 0.965907
    outer loop
      vertex 35.5272 38.3411 13.0334
      vertex 35.2379 38.6936 13.0334
      vertex 34.3236 37.4176 12.627
    endloop
  endfacet
  facet normal 0.180351 -0.337711 0.92381
    outer loop
      vertex 25.6548 42.6215 14
      vertex 26.2609 41.6822 13.5383
      vertex 25.7679 42.6819 14
    endloop
  endfacet
  facet normal 0.180477 -0.337632 0.923814
    outer loop
      vertex 26.2609 41.6822 13.5383
      vertex 25.6548 42.6215 14
      vertex 25.773 41.4214 13.5383
    endloop
  endfacet
  facet normal 0.0730746 -0.313226 0.946863
    outer loop
      vertex 28.6408 40.933 13.0334
      vertex 28.3507 42.3916 13.5383
      vertex 27.8119 42.2659 13.5383
    endloop
  endfacet
  facet normal -0.0191565 -0.194247 0.980766
    outer loop
      vertex 30.7113 39.5032 12.627
      vertex 30.3564 39.5382 12.627
      vertex 30.2557 38.0011 12.3206
    endloop
  endfacet
  facet normal 0.0317979 -0.192593 0.980763
    outer loop
      vertex 29.2373 37.9344 12.3206
      vertex 29.2887 39.5032 12.627
      vertex 28.9368 39.4451 12.627
    endloop
  endfacet
  facet normal -0.0317426 -0.192592 0.980765
    outer loop
      vertex 30.7627 37.9344 12.3206
      vertex 30.7113 39.5032 12.627
      vertex 30.5103 37.976 12.3206
    endloop
  endfacet
  facet normal -0.15831 -0.348582 0.923812
    outer loop
      vertex 34.1154 42.7349 14
      vertex 33.7391 41.6822 13.5383
      vertex 34.2321 42.6819 14
    endloop
  endfacet
  facet normal -0.157985 -0.348702 0.923822
    outer loop
      vertex 33.7391 41.6822 13.5383
      vertex 34.1154 42.7349 14
      vertex 33.2352 41.9105 13.5383
    endloop
  endfacet
  facet normal 0.247762 -0.0751343 0.965903
    outer loop
      vertex 24.7359 35.5105 12.627
      vertex 24.8394 35.8518 12.627
      vertex 23.2706 35.9031 13.0334
    endloop
  endfacet
  facet normal 0.186803 -0.0566485 0.980763
    outer loop
      vertex 26.2237 35.1119 12.3206
      vertex 24.8394 35.8518 12.627
      vertex 24.7359 35.5105 12.627
    endloop
  endfacet
  facet normal 0.172145 0.0920116 0.980765
    outer loop
      vertex 25.2803 31.3751 12.627
      vertex 26.4937 32.3709 12.3206
      vertex 25.1122 31.6896 12.627
    endloop
  endfacet
  facet normal 0.228323 0.122039 0.965906
    outer loop
      vertex 25.2803 31.3751 12.627
      vertex 25.1122 31.6896 12.627
      vertex 23.7516 31.0186 13.0334
    endloop
  endfacet
  facet normal 0.219849 0.136725 0.965905
    outer loop
      vertex 24.2073 30.2294 13.0334
      vertex 25.2803 31.3751 12.627
      vertex 23.9665 30.6166 13.0334
    endloop
  endfacet
  facet normal 0.273129 0.169859 0.946862
    outer loop
      vertex 24.2073 30.2294 13.0334
      vertex 23.9665 30.6166 13.0334
      vertex 22.6786 29.873 13.5383
    endloop
  endfacet
  facet normal 0.176981 0.188959 0.965905
    outer loop
      vertex 26.4067 30.0026 12.627
      vertex 26.1464 30.2464 12.627
      vertex 25.0737 29.1737 13.0334
    endloop
  endfacet
  facet normal 0.176979 0.188963 0.965905
    outer loop
      vertex 25.4064 28.8621 13.0334
      vertex 26.4067 30.0026 12.627
      vertex 25.0737 29.1737 13.0334
    endloop
  endfacet
  facet normal 0.21045 0.150809 0.965902
    outer loop
      vertex 24.4728 29.8589 13.0334
      vertex 25.4686 31.0722 12.627
      vertex 24.2073 30.2294 13.0334
    endloop
  endfacet
  facet normal 0.200122 0.164242 0.965907
    outer loop
      vertex 24.7621 29.5064 13.0334
      vertex 25.6764 30.7824 12.627
      vertex 24.4728 29.8589 13.0334
    endloop
  endfacet
  facet normal 0.194247 -0.0191565 0.980766
    outer loop
      vertex 26.0989 34.3557 12.3206
      vertex 24.5968 34.8113 12.627
      vertex 24.5618 34.4564 12.627
    endloop
  endfacet
  facet normal 0.195086 -0.00634961 0.980766
    outer loop
      vertex 26.0989 34.3557 12.3206
      vertex 24.5618 34.4564 12.627
      vertex 24.5502 34.1 12.627
    endloop
  endfacet
  facet normal 0.130535 -0.00424091 0.991435
    outer loop
      vertex 27.6476 34.1 12.1156
      vertex 27.6526 34.2539 12.1156
      vertex 26.0989 34.3557 12.3206
    endloop
  endfacet
  facet normal 0.195096 0.00640909 0.980763
    outer loop
      vertex 26.0989 33.8443 12.3206
      vertex 26.0905 34.1 12.3206
      vertex 24.5502 34.1 12.627
    endloop
  endfacet
  facet normal -0.076081 -0.106156 0.991435
    outer loop
      vertex 32.3799 37.2016 12.3206
      vertex 32.172 37.3506 12.3206
      vertex 31.4321 35.9663 12.1156
    endloop
  endfacet
  facet normal -0.13673 -0.219858 0.965902
    outer loop
      vertex 33.8706 39.8927 13.0334
      vertex 33.4834 40.1335 13.0334
      vertex 33.0278 38.6314 12.627
    endloop
  endfacet
  facet normal -0.132703 -0.292991 0.946861
    outer loop
      vertex 33.0814 40.3484 13.0334
      vertex 33.7391 41.6822 13.5383
      vertex 32.6661 40.5365 13.0334
    endloop
  endfacet
  facet normal -0.180351 -0.337711 0.92381
    outer loop
      vertex 33.7391 41.6822 13.5383
      vertex 34.3452 42.6215 14
      vertex 34.2321 42.6819 14
    endloop
  endfacet
  facet normal -0.180477 -0.337632 0.923814
    outer loop
      vertex 34.3452 42.6215 14
      vertex 33.7391 41.6822 13.5383
      vertex 34.227 41.4214 13.5383
    endloop
  endfacet
  facet normal 0.0105107 -0.321458 0.946865
    outer loop
      vertex 30 41.0668 13.0334
      vertex 30 42.554 13.5383
      vertex 29.5443 41.0519 13.0334
    endloop
  endfacet
  facet normal -0.0566905 -0.186781 0.980765
    outer loop
      vertex 31.2567 37.802 12.3206
      vertex 31.7518 39.2606 12.627
      vertex 31.0119 37.8763 12.3206
    endloop
  endfacet
  facet normal -0.0190055 -0.0626714 0.997853
    outer loop
      vertex 30.7562 36.3276 12.1156
      vertex 30.6088 36.3723 12.1156
      vertex 30.2524 34.8436 12.0128
    endloop
  endfacet
  facet normal -0.0189815 -0.062677 0.997853
    outer loop
      vertex 30.2524 34.8436 12.0128
      vertex 30.6088 36.3723 12.1156
      vertex 30.2032 34.8585 12.0128
    endloop
  endfacet
  facet normal -0.0105235 -0.321461 0.946864
    outer loop
      vertex 30.4557 41.0519 13.0334
      vertex 30.5529 42.5359 13.5383
      vertex 30 42.554 13.5383
    endloop
  endfacet
  facet normal -0.00640865 -0.195083 0.980766
    outer loop
      vertex 30.2557 38.0011 12.3206
      vertex 30.3564 39.5382 12.627
      vertex 30 38.0095 12.3206
    endloop
  endfacet
  facet normal 0.202171 -0.325088 0.923821
    outer loop
      vertex 25.3032 41.1292 13.5383
      vertex 25.1068 42.3191 14
      vertex 24.6839 42.0561 14
    endloop
  endfacet
  facet normal 0.202253 -0.325038 0.92382
    outer loop
      vertex 25.1068 42.3191 14
      vertex 25.773 41.4214 13.5383
      vertex 25.2156 42.3868 14
    endloop
  endfacet
  facet normal 0.202191 -0.325083 0.923818
    outer loop
      vertex 25.773 41.4214 13.5383
      vertex 25.1068 42.3191 14
      vertex 25.3032 41.1292 13.5383
    endloop
  endfacet
  facet normal -0.0730746 -0.313226 0.946863
    outer loop
      vertex 32.1881 42.2659 13.5383
      vertex 31.6493 42.3916 13.5383
      vertex 31.3592 40.933 13.0334
    endloop
  endfacet
  facet normal -0.113295 -0.301016 0.946865
    outer loop
      vertex 32.6661 40.5365 13.0334
      vertex 33.2352 41.9105 13.5383
      vertex 32.2394 40.6971 13.0334
    endloop
  endfacet
  facet normal -0.031508 -0.32008 0.946867
    outer loop
      vertex 30.9094 41.0072 13.0334
      vertex 31.1035 42.4817 13.5383
      vertex 30.5529 42.5359 13.5383
    endloop
  endfacet
  facet normal -0.0373249 -0.381013 0.923816
    outer loop
      vertex 31.1214 43.5994 14
      vertex 31.1035 42.4817 13.5383
      vertex 31.249 43.5869 14
    endloop
  endfacet
  facet normal -0.0375056 -0.381008 0.923811
    outer loop
      vertex 31.1035 42.4817 13.5383
      vertex 31.1214 43.5994 14
      vertex 30.5529 42.5359 13.5383
    endloop
  endfacet
  facet normal 0.113295 -0.301016 0.946865
    outer loop
      vertex 27.3339 40.5365 13.0334
      vertex 27.7606 40.6971 13.0334
      vertex 26.7648 41.9105 13.5383
    endloop
  endfacet
  facet normal 0.169862 -0.273134 0.946861
    outer loop
      vertex 26.1294 39.8927 13.0334
      vertex 26.5166 40.1335 13.0334
      vertex 25.3032 41.1292 13.5383
    endloop
  endfacet
  facet normal 0.0730848 -0.313221 0.946864
    outer loop
      vertex 28.1968 40.8294 13.0334
      vertex 28.6408 40.933 13.0334
      vertex 27.8119 42.2659 13.5383
    endloop
  endfacet
  facet normal 0.134832 -0.358296 0.923821
    outer loop
      vertex 26.7648 41.9105 13.5383
      vertex 26.8043 43.1158 14
      vertex 26.3382 42.9404 14
    endloop
  endfacet
  facet normal -0.311205 0.222948 0.923821
    outer loop
      vertex 37.6661 28.3791 14
      vertex 37.9561 28.7839 14
      vertex 37.0292 29.4032 13.5383
    endloop
  endfacet
  facet normal -0.325088 0.202171 0.923821
    outer loop
      vertex 37.9561 28.7839 14
      vertex 38.2191 29.2068 14
      vertex 37.0292 29.4032 13.5383
    endloop
  endfacet
  facet normal -0.204033 0.24863 0.946865
    outer loop
      vertex 35.1465 27.393 13.5383
      vertex 35.5741 27.7439 13.5383
      vertex 34.5936 28.8621 13.0334
    endloop
  endfacet
  facet normal -0.219865 0.234747 0.946865
    outer loop
      vertex 35.5741 27.7439 13.5383
      vertex 35.9779 28.1221 13.5383
      vertex 34.5936 28.8621 13.0334
    endloop
  endfacet
  facet normal -0.106814 0.235831 0.965906
    outer loop
      vertex 32.6661 27.6635 13.0334
      vertex 33.0814 27.8516 13.0334
      vertex 32.4104 29.2122 12.627
    endloop
  endfacet
  facet normal -0.122053 0.228316 0.965906
    outer loop
      vertex 33.0814 27.8516 13.0334
      vertex 33.4834 28.0665 13.0334
      vertex 32.4104 29.2122 12.627
    endloop
  endfacet
  facet normal 0.0612934 -0.0230647 0.997853
    outer loop
      vertex 29.2564 34.3524 12.0128
      vertex 29.2745 34.4005 12.0128
      vertex 27.7724 34.8562 12.1156
    endloop
  endfacet
  facet normal -0.0346063 0.055599 0.997853
    outer loop
      vertex 31.3069 32.144 12.1156
      vertex 30.4363 33.4471 12.0128
      vertex 30.3926 33.4199 12.0128
    endloop
  endfacet
  facet normal -0.00212664 0.065458 0.997853
    outer loop
      vertex 30.1539 31.7526 12.1156
      vertex 30 33.3147 12.0128
      vertex 30 31.7476 12.1156
    endloop
  endfacet
  facet normal 0.129974 0.0128107 0.991435
    outer loop
      vertex 27.6677 33.7929 12.1156
      vertex 27.6526 33.9461 12.1156
      vertex 26.0989 33.8443 12.3206
    endloop
  endfacet
  facet normal -0.0615693 0.115174 0.991435
    outer loop
      vertex 31.7291 30.5937 12.3206
      vertex 31.9547 30.7143 12.3206
      vertex 31.1762 32.0628 12.1156
    endloop
  endfacet
  facet normal -0.0615726 0.115173 0.991435
    outer loop
      vertex 31.7291 30.5937 12.3206
      vertex 31.1762 32.0628 12.1156
      vertex 31.0404 31.9902 12.1156
    endloop
  endfacet
  facet normal 0.0637862 -0.0148508 0.997853
    outer loop
      vertex 29.2298 34.2532 12.0128
      vertex 27.7277 34.7088 12.1156
      vertex 27.6928 34.5589 12.1156
    endloop
  endfacet
  facet normal 0.064615 -0.010684 0.997853
    outer loop
      vertex 29.2298 34.2532 12.0128
      vertex 27.6928 34.5589 12.1156
      vertex 27.6677 34.4071 12.1156
    endloop
  endfacet
  facet normal 0.0538803 0.118961 0.991436
    outer loop
      vertex 29.0998 31.9267 12.1156
      vertex 28.9596 31.9902 12.1156
      vertex 28.5039 30.4881 12.3206
    endloop
  endfacet
  facet normal 0.053911 0.118951 0.991435
    outer loop
      vertex 28.5039 30.4881 12.3206
      vertex 28.9596 31.9902 12.1156
      vertex 28.2709 30.5937 12.3206
    endloop
  endfacet
  facet normal 0.00216483 0.0654543 0.997853
    outer loop
      vertex 30 33.3147 12.0128
      vertex 29.9486 33.3164 12.0128
      vertex 29.8461 31.7526 12.1156
    endloop
  endfacet
  facet normal 0.0447746 0.0477964 0.997853
    outer loop
      vertex 28.4489 32.3314 12.1156
      vertex 29.4822 33.5096 12.0128
      vertex 28.3366 32.4366 12.1156
    endloop
  endfacet
  facet normal 0.0892868 0.0953128 0.991435
    outer loop
      vertex 28.4489 32.3314 12.1156
      vertex 28.3366 32.4366 12.1156
      vertex 27.2356 31.3356 12.3206
    endloop
  endfacet
  facet normal 0.0596592 0.0270211 0.997853
    outer loop
      vertex 27.8902 33.0596 12.1156
      vertex 29.2957 33.7527 12.0128
      vertex 27.8267 33.1998 12.1156
    endloop
  endfacet
  facet normal 0.0596579 0.0270245 0.997853
    outer loop
      vertex 29.2957 33.7527 12.0128
      vertex 29.2745 33.7995 12.0128
      vertex 27.8267 33.1998 12.1156
    endloop
  endfacet
  facet normal 0.0651698 0.00650423 0.997853
    outer loop
      vertex 29.2215 33.9975 12.0128
      vertex 29.2164 34.0486 12.0128
      vertex 27.6526 33.9461 12.1156
    endloop
  endfacet
  facet normal 0.0556036 -0.0346091 0.997853
    outer loop
      vertex 29.3199 34.4926 12.0128
      vertex 29.3471 34.5363 12.0128
      vertex 27.9628 35.2762 12.1156
    endloop
  endfacet
  facet normal 0.057768 -0.0308606 0.997853
    outer loop
      vertex 29.2957 34.4473 12.0128
      vertex 29.3199 34.4926 12.0128
      vertex 27.9628 35.2762 12.1156
    endloop
  endfacet
  facet normal 0.127207 0.0295969 0.991435
    outer loop
      vertex 27.7277 33.4911 12.1156
      vertex 27.6928 33.6411 12.1156
      vertex 26.2237 33.0882 12.3206
    endloop
  endfacet
  facet normal 0.062677 -0.0189815 0.997853
    outer loop
      vertex 29.2415 34.3032 12.0128
      vertex 29.2564 34.3524 12.0128
      vertex 27.7277 34.7088 12.1156
    endloop
  endfacet
  facet normal 0.129974 -0.0128136 0.991435
    outer loop
      vertex 27.6677 34.4071 12.1156
      vertex 26.124 34.6103 12.3206
      vertex 26.0989 34.3557 12.3206
    endloop
  endfacet
  facet normal 0.130535 0.00424091 0.991435
    outer loop
      vertex 27.6526 33.9461 12.1156
      vertex 27.6476 34.1 12.1156
      vertex 26.0989 33.8443 12.3206
    endloop
  endfacet
  facet normal -0.273125 0.169875 0.946861
    outer loop
      vertex 37.0292 29.4032 13.5383
      vertex 37.3214 29.873 13.5383
      vertex 35.7927 30.2294 13.0334
    endloop
  endfacet
  facet normal -0.273129 0.169859 0.946862
    outer loop
      vertex 37.3214 29.873 13.5383
      vertex 36.0335 30.6166 13.0334
      vertex 35.7927 30.2294 13.0334
    endloop
  endfacet
  facet normal 0.165765 0.103059 0.980765
    outer loop
      vertex 26.7494 31.928 12.3206
      vertex 26.6143 32.1453 12.3206
      vertex 25.2803 31.3751 12.627
    endloop
  endfacet
  facet normal 0.172138 0.0920206 0.980765
    outer loop
      vertex 26.6143 32.1453 12.3206
      vertex 26.4937 32.3709 12.3206
      vertex 25.2803 31.3751 12.627
    endloop
  endfacet
  facet normal -0.113746 0.158631 0.980764
    outer loop
      vertex 33.0278 29.5686 12.627
      vertex 33.3176 29.7764 12.627
      vertex 32.3799 30.9984 12.3206
    endloop
  endfacet
  facet normal -0.123812 0.150906 0.980764
    outer loop
      vertex 33.3176 29.7764 12.627
      vertex 33.5933 30.0026 12.627
      vertex 32.3799 30.9984 12.3206
    endloop
  endfacet
  facet normal -0.382637 0.0124547 0.923815
    outer loop
      vertex 39.5525 33.6023 14
      vertex 39.5687 34.1 14
      vertex 38.454 34.1 13.5383
    endloop
  endfacet
  facet normal -0.382637 -0.0124547 0.923815
    outer loop
      vertex 39.5687 34.1 14
      vertex 39.5525 34.5977 14
      vertex 38.454 34.1 13.5383
    endloop
  endfacet
  facet normal -0.187353 -0.261447 0.94686
    outer loop
      vertex 34.2411 39.6272 13.0334
      vertex 34.6968 41.1292 13.5383
      vertex 33.8706 39.8927 13.0334
    endloop
  endfacet
  facet normal -0.187327 -0.261456 0.946863
    outer loop
      vertex 35.1465 40.807 13.5383
      vertex 34.6968 41.1292 13.5383
      vertex 34.2411 39.6272 13.0334
    endloop
  endfacet
  facet normal -0.158625 -0.113741 0.980766
    outer loop
      vertex 34.5314 37.1278 12.627
      vertex 34.3236 37.4176 12.627
      vertex 33.2506 36.272 12.3206
    endloop
  endfacet
  facet normal -0.210437 -0.150799 0.965907
    outer loop
      vertex 35.7927 37.9706 13.0334
      vertex 35.5272 38.3411 13.0334
      vertex 34.3236 37.4176 12.627
    endloop
  endfacet
  facet normal -0.234751 -0.219863 0.946864
    outer loop
      vertex 35.2379 38.6936 13.0334
      vertex 35.9779 40.0779 13.5383
      vertex 34.9263 39.0263 13.0334
    endloop
  endfacet
  facet normal -0.176981 -0.188959 0.965905
    outer loop
      vertex 33.8536 37.9536 12.627
      vertex 34.9263 39.0263 13.0334
      vertex 33.5933 38.1974 12.627
    endloop
  endfacet
  facet normal 0.111166 -0.366324 0.923823
    outer loop
      vertex 27.8119 42.2659 13.5383
      vertex 27.5234 43.3427 14
      vertex 27.0469 43.1981 14
    endloop
  endfacet
  facet normal -0.0122468 -0.382638 0.923817
    outer loop
      vertex 30 42.554 13.5383
      vertex 30.1281 43.6646 14
      vertex 30 43.6687 14
    endloop
  endfacet
  facet normal -0.0125253 -0.382609 0.923825
    outer loop
      vertex 30.1281 43.6646 14
      vertex 30 42.554 13.5383
      vertex 30.5529 42.5359 13.5383
    endloop
  endfacet
  facet normal 0.136685 -0.219872 0.965905
    outer loop
      vertex 26.9722 38.6314 12.627
      vertex 27.2751 38.8197 12.627
      vertex 26.5166 40.1335 13.0334
    endloop
  endfacet
  facet normal 0.122041 -0.228327 0.965905
    outer loop
      vertex 27.2751 38.8197 12.627
      vertex 27.5896 38.9878 12.627
      vertex 26.5166 40.1335 13.0334
    endloop
  endfacet
  facet normal -0.103058 -0.165763 0.980766
    outer loop
      vertex 32.172 37.3506 12.3206
      vertex 33.0278 38.6314 12.627
      vertex 31.9547 37.4857 12.3206
    endloop
  endfacet
  facet normal -0.123812 -0.150906 0.980764
    outer loop
      vertex 33.5933 38.1974 12.627
      vertex 33.3176 38.4236 12.627
      vertex 32.3799 37.2016 12.3206
    endloop
  endfacet
  facet normal 0.134775 -0.358305 0.923825
    outer loop
      vertex 26.8043 43.1158 14
      vertex 27.2826 42.1053 13.5383
      vertex 26.9242 43.1609 14
    endloop
  endfacet
  facet normal 0.134794 -0.358296 0.923826
    outer loop
      vertex 27.2826 42.1053 13.5383
      vertex 26.8043 43.1158 14
      vertex 26.7648 41.9105 13.5383
    endloop
  endfacet
  facet normal 0.0421732 -0.255434 0.965906
    outer loop
      vertex 28.9368 39.4451 12.627
      vertex 29.2887 39.5032 12.627
      vertex 28.6408 40.933 13.0334
    endloop
  endfacet
  facet normal -0.0253851 -0.257656 0.965903
    outer loop
      vertex 30.7113 39.5032 12.627
      vertex 30.9094 41.0072 13.0334
      vertex 30.4557 41.0519 13.0334
    endloop
  endfacet
  facet normal -0.0523505 -0.317348 0.946863
    outer loop
      vertex 31.3592 40.933 13.0334
      vertex 31.6493 42.3916 13.5383
      vertex 30.9094 41.0072 13.0334
    endloop
  endfacet
  facet normal 0.150901 0.123818 0.980764
    outer loop
      vertex 27.0607 31.5223 12.3206
      vertex 26.8984 31.7201 12.3206
      vertex 25.6764 30.7824 12.627
    endloop
  endfacet
  facet normal 0.150905 0.123811 0.980764
    outer loop
      vertex 25.9026 30.5067 12.627
      vertex 27.0607 31.5223 12.3206
      vertex 25.6764 30.7824 12.627
    endloop
  endfacet
  facet normal -0.0760628 -0.106166 0.991435
    outer loop
      vertex 31.4321 35.9663 12.1156
      vertex 32.172 37.3506 12.3206
      vertex 31.3069 36.056 12.1156
    endloop
  endfacet
  facet normal -0.0689575 -0.110914 0.991435
    outer loop
      vertex 32.172 37.3506 12.3206
      vertex 31.9547 37.4857 12.3206
      vertex 31.3069 36.056 12.1156
    endloop
  endfacet
  facet normal -0.0828429 -0.100963 0.991435
    outer loop
      vertex 32.5777 37.0393 12.3206
      vertex 32.3799 37.2016 12.3206
      vertex 31.5511 35.8686 12.1156
    endloop
  endfacet
  facet normal -0.123817 -0.1509 0.980764
    outer loop
      vertex 32.5777 37.0393 12.3206
      vertex 33.5933 38.1974 12.627
      vertex 32.3799 37.2016 12.3206
    endloop
  endfacet
  facet normal 0.0191565 -0.194247 0.980766
    outer loop
      vertex 29.7443 38.0011 12.3206
      vertex 29.6436 39.5382 12.627
      vertex 29.2887 39.5032 12.627
    endloop
  endfacet
  facet normal 0.0624045 -0.377712 0.923818
    outer loop
      vertex 28.6245 43.566 14
      vertex 28.8965 42.4817 13.5383
      vertex 28.751 43.5869 14
    endloop
  endfacet
  facet normal 0.0623542 -0.377724 0.923816
    outer loop
      vertex 28.8965 42.4817 13.5383
      vertex 28.6245 43.566 14
      vertex 28.3507 42.3916 13.5383
    endloop
  endfacet
  facet normal -0.132733 -0.292965 0.946865
    outer loop
      vertex 33.7391 41.6822 13.5383
      vertex 33.2352 41.9105 13.5383
      vertex 32.6661 40.5365 13.0334
    endloop
  endfacet
  facet normal -0.0751293 -0.247762 0.965904
    outer loop
      vertex 32.2394 40.6971 13.0334
      vertex 31.8031 40.8294 13.0334
      vertex 31.7518 39.2606 12.627
    endloop
  endfacet
  facet normal -0.111166 -0.366324 0.923823
    outer loop
      vertex 32.9531 43.1981 14
      vertex 32.4766 43.3427 14
      vertex 32.1881 42.2659 13.5383
    endloop
  endfacet
  facet normal -0.0869346 -0.372833 0.923817
    outer loop
      vertex 31.6493 42.3916 13.5383
      vertex 31.9916 43.4558 14
      vertex 31.8668 43.4849 14
    endloop
  endfacet
  facet normal -0.0869774 -0.37282 0.923818
    outer loop
      vertex 31.9916 43.4558 14
      vertex 31.6493 42.3916 13.5383
      vertex 32.1881 42.2659 13.5383
    endloop
  endfacet
  facet normal -0.0623516 -0.377723 0.923817
    outer loop
      vertex 31.6493 42.3916 13.5383
      vertex 31.8668 43.4849 14
      vertex 31.3755 43.566 14
    endloop
  endfacet
  facet normal 0.157985 -0.348702 0.923822
    outer loop
      vertex 25.8846 42.7349 14
      vertex 26.2609 41.6822 13.5383
      vertex 26.7648 41.9105 13.5383
    endloop
  endfacet
  facet normal 0.15831 -0.348582 0.923812
    outer loop
      vertex 26.2609 41.6822 13.5383
      vertex 25.8846 42.7349 14
      vertex 25.7679 42.6819 14
    endloop
  endfacet
  facet normal 0.132733 -0.292965 0.946865
    outer loop
      vertex 27.3339 40.5365 13.0334
      vertex 26.7648 41.9105 13.5383
      vertex 26.2609 41.6822 13.5383
    endloop
  endfacet
  facet normal 0.0523847 -0.317331 0.946867
    outer loop
      vertex 29.0906 41.0072 13.0334
      vertex 28.8965 42.4817 13.5383
      vertex 28.3507 42.3916 13.5383
    endloop
  endfacet
  facet normal -0.00846103 -0.258771 0.965902
    outer loop
      vertex 30.3564 39.5382 12.627
      vertex 30.4557 41.0519 13.0334
      vertex 30 41.0668 13.0334
    endloop
  endfacet
  facet normal -0.0125308 -0.382611 0.923825
    outer loop
      vertex 30.5529 42.5359 13.5383
      vertex 30.6258 43.6483 14
      vertex 30.1281 43.6646 14
    endloop
  endfacet
  facet normal 0.0477971 0.0447752 0.997853
    outer loop
      vertex 28.3366 32.4366 12.1156
      vertex 29.4447 33.5447 12.0128
      vertex 28.2314 32.5489 12.1156
    endloop
  endfacet
  facet normal 0.044756 0.0478162 0.997853
    outer loop
      vertex 29.4822 33.5096 12.0128
      vertex 29.4447 33.5447 12.0128
      vertex 28.3366 32.4366 12.1156
    endloop
  endfacet
  facet normal 0.0651698 -0.00650423 0.997853
    outer loop
      vertex 29.2164 34.1514 12.0128
      vertex 29.2215 34.2025 12.0128
      vertex 27.6526 34.2539 12.1156
    endloop
  endfacet
  facet normal 0.0189815 -0.062677 0.997853
    outer loop
      vertex 29.7476 34.8436 12.0128
      vertex 29.7968 34.8585 12.0128
      vertex 29.3912 36.3723 12.1156
    endloop
  endfacet
  facet normal -0.0270244 0.0596576 0.997853
    outer loop
      vertex 31.0404 31.9902 12.1156
      vertex 30.3473 33.3957 12.0128
      vertex 30.3005 33.3745 12.0128
    endloop
  endfacet
  facet normal 0.0577574 -0.0308777 0.997853
    outer loop
      vertex 29.2957 34.4473 12.0128
      vertex 27.9628 35.2762 12.1156
      vertex 27.8902 35.1404 12.1156
    endloop
  endfacet
  facet normal 0.0506672 0.0415012 0.997853
    outer loop
      vertex 29.4096 33.5822 12.0128
      vertex 29.377 33.622 12.0128
      vertex 28.2314 32.5489 12.1156
    endloop
  endfacet
  facet normal 0.0646253 0.0105797 0.997854
    outer loop
      vertex 29.2298 33.9468 12.0128
      vertex 29.2215 33.9975 12.0128
      vertex 27.6677 33.7929 12.1156
    endloop
  endfacet
  facet normal 0.063764 0.0149208 0.997853
    outer loop
      vertex 29.2415 33.8968 12.0128
      vertex 29.2298 33.9468 12.0128
      vertex 27.7277 33.4911 12.1156
    endloop
  endfacet
  facet normal 0.0637881 0.0148414 0.997853
    outer loop
      vertex 27.7277 33.4911 12.1156
      vertex 29.2298 33.9468 12.0128
      vertex 27.6928 33.6411 12.1156
    endloop
  endfacet
  facet normal 0.124976 0.0379255 0.991435
    outer loop
      vertex 27.7724 33.3438 12.1156
      vertex 27.7277 33.4911 12.1156
      vertex 26.2237 33.0882 12.3206
    endloop
  endfacet
  facet normal 0.0626674 0.0190172 0.997853
    outer loop
      vertex 27.7724 33.3438 12.1156
      vertex 29.2564 33.8476 12.0128
      vertex 27.7277 33.4911 12.1156
    endloop
  endfacet
  facet normal 0.0596579 -0.0270245 0.997853
    outer loop
      vertex 29.2745 34.4005 12.0128
      vertex 29.2957 34.4473 12.0128
      vertex 27.8267 35.0002 12.1156
    endloop
  endfacet
  facet normal 0.129974 -0.0128107 0.991435
    outer loop
      vertex 27.6526 34.2539 12.1156
      vertex 27.6677 34.4071 12.1156
      vertex 26.0989 34.3557 12.3206
    endloop
  endfacet
  facet normal 0.122206 -0.0460817 0.991434
    outer loop
      vertex 27.7724 34.8562 12.1156
      vertex 27.8267 35.0002 12.1156
      vertex 26.298 35.3567 12.3206
    endloop
  endfacet
  facet normal 0.00212664 0.065458 0.997853
    outer loop
      vertex 30 31.7476 12.1156
      vertex 30 33.3147 12.0128
      vertex 29.8461 31.7526 12.1156
    endloop
  endfacet
  facet normal -0.348702 0.157985 0.923822
    outer loop
      vertex 37.5822 30.3609 13.5383
      vertex 38.6349 29.9846 14
      vertex 37.8105 30.8648 13.5383
    endloop
  endfacet
  facet normal -0.348582 0.15831 0.923812
    outer loop
      vertex 38.6349 29.9846 14
      vertex 37.5822 30.3609 13.5383
      vertex 38.5819 29.8679 14
    endloop
  endfacet
  facet normal -0.337711 0.180351 0.92381
    outer loop
      vertex 37.5822 30.3609 13.5383
      vertex 38.5215 29.7548 14
      vertex 38.5819 29.8679 14
    endloop
  endfacet
  facet normal -0.337632 0.180477 0.923814
    outer loop
      vertex 38.5215 29.7548 14
      vertex 37.5822 30.3609 13.5383
      vertex 37.3214 29.873 13.5383
    endloop
  endfacet
  facet normal -0.228319 0.122054 0.965905
    outer loop
      vertex 36.0335 30.6166 13.0334
      vertex 36.2484 31.0186 13.0334
      vertex 34.7197 31.3751 12.627
    endloop
  endfacet
  facet normal -0.283652 0.151634 0.946862
    outer loop
      vertex 37.3214 29.873 13.5383
      vertex 36.2484 31.0186 13.0334
      vertex 36.0335 30.6166 13.0334
    endloop
  endfacet
  facet normal -0.150901 -0.123818 0.980764
    outer loop
      vertex 33.1016 36.4799 12.3206
      vertex 34.3236 37.4176 12.627
      vertex 32.9393 36.6777 12.3206
    endloop
  endfacet
  facet normal -0.150905 -0.123811 0.980764
    outer loop
      vertex 34.3236 37.4176 12.627
      vertex 34.0974 37.6933 12.627
      vertex 32.9393 36.6777 12.3206
    endloop
  endfacet
  facet normal -0.188962 -0.176978 0.965905
    outer loop
      vertex 35.2379 38.6936 13.0334
      vertex 34.9263 39.0263 13.0334
      vertex 33.8536 37.9536 12.627
    endloop
  endfacet
  facet normal -0.18896 -0.176982 0.965905
    outer loop
      vertex 34.0974 37.6933 12.627
      vertex 35.2379 38.6936 13.0334
      vertex 33.8536 37.9536 12.627
    endloop
  endfacet
  facet normal 0.0443369 -0.190102 0.980763
    outer loop
      vertex 28.9881 37.8763 12.3206
      vertex 28.9368 39.4451 12.627
      vertex 28.5895 39.3641 12.627
    endloop
  endfacet
  facet normal 0.0566905 -0.186781 0.980765
    outer loop
      vertex 28.7433 37.802 12.3206
      vertex 28.9881 37.8763 12.3206
      vertex 28.2482 39.2606 12.627
    endloop
  endfacet
  facet normal -0.0805756 -0.177785 0.980765
    outer loop
      vertex 31.7291 37.6063 12.3206
      vertex 32.4104 38.9878 12.627
      vertex 31.4961 37.7119 12.3206
    endloop
  endfacet
  facet normal -0.0805733 -0.177787 0.980765
    outer loop
      vertex 32.4104 38.9878 12.627
      vertex 32.0856 39.135 12.627
      vertex 31.4961 37.7119 12.3206
    endloop
  endfacet
  facet normal -0.093385 -0.307775 0.946865
    outer loop
      vertex 32.7174 42.1053 13.5383
      vertex 32.1881 42.2659 13.5383
      vertex 31.8031 40.8294 13.0334
    endloop
  endfacet
  facet normal -0.0911989 -0.242307 0.965904
    outer loop
      vertex 32.6661 40.5365 13.0334
      vertex 32.2394 40.6971 13.0334
      vertex 31.7518 39.2606 12.627
    endloop
  endfacet
  facet normal 0.113256 -0.301046 0.94686
    outer loop
      vertex 27.7606 40.6971 13.0334
      vertex 27.2826 42.1053 13.5383
      vertex 26.7648 41.9105 13.5383
    endloop
  endfacet
  facet normal 0.0523505 -0.317348 0.946863
    outer loop
      vertex 28.6408 40.933 13.0334
      vertex 29.0906 41.0072 13.0334
      vertex 28.3507 42.3916 13.5383
    endloop
  endfacet
  facet normal 0.091179 -0.242321 0.965902
    outer loop
      vertex 27.9144 39.135 12.627
      vertex 28.2482 39.2606 12.627
      vertex 27.3339 40.5365 13.0334
    endloop
  endfacet
  facet normal 0.0687407 -0.182688 0.980765
    outer loop
      vertex 28.5039 37.7119 12.3206
      vertex 28.2482 39.2606 12.627
      vertex 27.9144 39.135 12.627
    endloop
  endfacet
  facet normal -0.0128136 -0.129973 0.991435
    outer loop
      vertex 30.5103 37.976 12.3206
      vertex 30.2557 38.0011 12.3206
      vertex 30.1539 36.4474 12.1156
    endloop
  endfacet
  facet normal -0.0191502 -0.194249 0.980765
    outer loop
      vertex 30.5103 37.976 12.3206
      vertex 30.7113 39.5032 12.627
      vertex 30.2557 38.0011 12.3206
    endloop
  endfacet
  facet normal 0.0254102 -0.257659 0.965902
    outer loop
      vertex 29.6436 39.5382 12.627
      vertex 29.5443 41.0519 13.0334
      vertex 29.2887 39.5032 12.627
    endloop
  endfacet
  facet normal 0.0253851 -0.257656 0.965903
    outer loop
      vertex 29.2887 39.5032 12.627
      vertex 29.5443 41.0519 13.0334
      vertex 29.0906 41.0072 13.0334
    endloop
  endfacet
  facet normal -0.0105107 -0.321458 0.946865
    outer loop
      vertex 30.4557 41.0519 13.0334
      vertex 30 42.554 13.5383
      vertex 30 41.0668 13.0334
    endloop
  endfacet
  facet normal -0.0254102 -0.257659 0.965902
    outer loop
      vertex 30.7113 39.5032 12.627
      vertex 30.4557 41.0519 13.0334
      vertex 30.3564 39.5382 12.627
    endloop
  endfacet
  facet normal -0.086939 -0.372815 0.923824
    outer loop
      vertex 32.1881 42.2659 13.5383
      vertex 32.4766 43.3427 14
      vertex 31.9916 43.4558 14
    endloop
  endfacet
  facet normal 0.151625 -0.283657 0.946862
    outer loop
      vertex 26.5166 40.1335 13.0334
      vertex 26.2609 41.6822 13.5383
      vertex 25.773 41.4214 13.5383
    endloop
  endfacet
  facet normal 0.122053 -0.228316 0.965906
    outer loop
      vertex 27.5896 38.9878 12.627
      vertex 26.9186 40.3484 13.0334
      vertex 26.5166 40.1335 13.0334
    endloop
  endfacet
  facet normal 0.086939 -0.372815 0.923824
    outer loop
      vertex 27.8119 42.2659 13.5383
      vertex 28.0084 43.4558 14
      vertex 27.5234 43.3427 14
    endloop
  endfacet
  facet normal 0.0869346 -0.372833 0.923817
    outer loop
      vertex 28.0084 43.4558 14
      vertex 28.3507 42.3916 13.5383
      vertex 28.1332 43.4849 14
    endloop
  endfacet
  facet normal 0.0869774 -0.37282 0.923818
    outer loop
      vertex 28.3507 42.3916 13.5383
      vertex 28.0084 43.4558 14
      vertex 27.8119 42.2659 13.5383
    endloop
  endfacet
  facet normal 0.0122468 -0.382638 0.923817
    outer loop
      vertex 29.8719 43.6646 14
      vertex 30 42.554 13.5383
      vertex 30 43.6687 14
    endloop
  endfacet
  facet normal 0.0125253 -0.382609 0.923825
    outer loop
      vertex 30 42.554 13.5383
      vertex 29.8719 43.6646 14
      vertex 29.4471 42.5359 13.5383
    endloop
  endfacet
  facet normal 0.00846103 -0.258771 0.965902
    outer loop
      vertex 29.6436 39.5382 12.627
      vertex 30 41.0668 13.0334
      vertex 29.5443 41.0519 13.0334
    endloop
  endfacet
  facet normal 0.0375895 -0.380968 0.923824
    outer loop
      vertex 29.4471 42.5359 13.5383
      vertex 29.3742 43.6483 14
      vertex 28.8786 43.5994 14
    endloop
  endfacet
  facet normal 0.0651725 -0.00642366 0.997853
    outer loop
      vertex 29.2215 34.2025 12.0128
      vertex 27.6677 34.4071 12.1156
      vertex 27.6526 34.2539 12.1156
    endloop
  endfacet
  facet normal 0.0654568 0.0021266 0.997853
    outer loop
      vertex 27.6526 33.9461 12.1156
      vertex 29.2164 34.0486 12.0128
      vertex 27.6476 34.1 12.1156
    endloop
  endfacet
  facet normal 0 0 1
    outer loop
      vertex 30.7836 34.1514 12.0128
      vertex 30.7836 34.0486 12.0128
      vertex 30.7853 34.1 12.0128
    endloop
  endfacet
  facet normal 0 0 1
    outer loop
      vertex 30.7785 34.2025 12.0128
      vertex 30.7836 34.0486 12.0128
      vertex 30.7836 34.1514 12.0128
    endloop
  endfacet
  facet normal 0 0 1
    outer loop
      vertex 30.7785 34.2025 12.0128
      vertex 30.7785 33.9975 12.0128
      vertex 30.7836 34.0486 12.0128
    endloop
  endfacet
  facet normal 0 0 1
    outer loop
      vertex 30.7702 34.2532 12.0128
      vertex 30.7785 33.9975 12.0128
      vertex 30.7785 34.2025 12.0128
    endloop
  endfacet
  facet normal 0 0 1
    outer loop
      vertex 30.7702 34.2532 12.0128
      vertex 30.7702 33.9468 12.0128
      vertex 30.7785 33.9975 12.0128
    endloop
  endfacet
  facet normal 0 0 1
    outer loop
      vertex 30.7585 34.3032 12.0128
      vertex 30.7702 33.9468 12.0128
      vertex 30.7702 34.2532 12.0128
    endloop
  endfacet
  facet normal 0 0 1
    outer loop
      vertex 30.7585 34.3032 12.0128
      vertex 30.7585 33.8968 12.0128
      vertex 30.7702 33.9468 12.0128
    endloop
  endfacet
  facet normal 0 0 1
    outer loop
      vertex 30.7436 34.3524 12.0128
      vertex 30.7585 33.8968 12.0128
      vertex 30.7585 34.3032 12.0128
    endloop
  endfacet
  facet normal 0 0 1
    outer loop
      vertex 30.7436 34.3524 12.0128
      vertex 30.7436 33.8476 12.0128
      vertex 30.7585 33.8968 12.0128
    endloop
  endfacet
  facet normal 0 0 1
    outer loop
      vertex 30.7255 34.4005 12.0128
      vertex 30.7436 33.8476 12.0128
      vertex 30.7436 34.3524 12.0128
    endloop
  endfacet
  facet normal 0 0 1
    outer loop
      vertex 30.7255 34.4005 12.0128
      vertex 30.7255 33.7995 12.0128
      vertex 30.7436 33.8476 12.0128
    endloop
  endfacet
  facet normal 0 0 1
    outer loop
      vertex 30.7043 34.4473 12.0128
      vertex 30.7255 33.7995 12.0128
      vertex 30.7255 34.4005 12.0128
    endloop
  endfacet
  facet normal 0 0 1
    outer loop
      vertex 30.7043 34.4473 12.0128
      vertex 30.7043 33.7527 12.0128
      vertex 30.7255 33.7995 12.0128
    endloop
  endfacet
  facet normal 0 0 1
    outer loop
      vertex 30.6801 34.4926 12.0128
      vertex 30.7043 33.7527 12.0128
      vertex 30.7043 34.4473 12.0128
    endloop
  endfacet
  facet normal 0 0 1
    outer loop
      vertex 30.6801 34.4926 12.0128
      vertex 30.6801 33.7074 12.0128
      vertex 30.7043 33.7527 12.0128
    endloop
  endfacet
  facet normal 0 0 1
    outer loop
      vertex 30.6529 34.5363 12.0128
      vertex 30.6801 33.7074 12.0128
      vertex 30.6801 34.4926 12.0128
    endloop
  endfacet
  facet normal 0 0 1
    outer loop
      vertex 30.6529 34.5363 12.0128
      vertex 30.6529 33.6637 12.0128
      vertex 30.6801 33.7074 12.0128
    endloop
  endfacet
  facet normal 0 0 1
    outer loop
      vertex 30.623 34.578 12.0128
      vertex 30.6529 33.6637 12.0128
      vertex 30.6529 34.5363 12.0128
    endloop
  endfacet
  facet normal 0 0 1
    outer loop
      vertex 30.623 34.578 12.0128
      vertex 30.623 33.622 12.0128
      vertex 30.6529 33.6637 12.0128
    endloop
  endfacet
  facet normal 0 0 1
    outer loop
      vertex 30.5904 34.6178 12.0128
      vertex 30.623 33.622 12.0128
      vertex 30.623 34.578 12.0128
    endloop
  endfacet
  facet normal 0 0 1
    outer loop
      vertex 30.5904 34.6178 12.0128
      vertex 30.5904 33.5822 12.0128
      vertex 30.623 33.622 12.0128
    endloop
  endfacet
  facet normal 0 0 1
    outer loop
      vertex 30.5553 34.6553 12.0128
      vertex 30.5904 33.5822 12.0128
      vertex 30.5904 34.6178 12.0128
    endloop
  endfacet
  facet normal 0 0 1
    outer loop
      vertex 30.5553 34.6553 12.0128
      vertex 30.5553 33.5447 12.0128
      vertex 30.5904 33.5822 12.0128
    endloop
  endfacet
  facet normal 0 0 1
    outer loop
      vertex 30.5178 34.6904 12.0128
      vertex 30.5553 33.5447 12.0128
      vertex 30.5553 34.6553 12.0128
    endloop
  endfacet
  facet normal 0 0 1
    outer loop
      vertex 30.5178 34.6904 12.0128
      vertex 30.5178 33.5096 12.0128
      vertex 30.5553 33.5447 12.0128
    endloop
  endfacet
  facet normal 0 0 1
    outer loop
      vertex 30.478 34.723 12.0128
      vertex 30.5178 33.5096 12.0128
      vertex 30.5178 34.6904 12.0128
    endloop
  endfacet
  facet normal 0 0 1
    outer loop
      vertex 30.478 34.723 12.0128
      vertex 30.478 33.477 12.0128
      vertex 30.5178 33.5096 12.0128
    endloop
  endfacet
  facet normal 0 0 1
    outer loop
      vertex 30.4363 34.7529 12.0128
      vertex 30.478 33.477 12.0128
      vertex 30.478 34.723 12.0128
    endloop
  endfacet
  facet normal 0 0 1
    outer loop
      vertex 30.4363 34.7529 12.0128
      vertex 30.4363 33.4471 12.0128
      vertex 30.478 33.477 12.0128
    endloop
  endfacet
  facet normal 0 0 1
    outer loop
      vertex 30.3926 34.7801 12.0128
      vertex 30.4363 33.4471 12.0128
      vertex 30.4363 34.7529 12.0128
    endloop
  endfacet
  facet normal 0 0 1
    outer loop
      vertex 30.3926 34.7801 12.0128
      vertex 30.3926 33.4199 12.0128
      vertex 30.4363 33.4471 12.0128
    endloop
  endfacet
  facet normal 0 0 1
    outer loop
      vertex 30.3473 34.8043 12.0128
      vertex 30.3926 33.4199 12.0128
      vertex 30.3926 34.7801 12.0128
    endloop
  endfacet
  facet normal 0 0 1
    outer loop
      vertex 30.3473 34.8043 12.0128
      vertex 30.3473 33.3957 12.0128
      vertex 30.3926 33.4199 12.0128
    endloop
  endfacet
  facet normal 0 0 1
    outer loop
      vertex 30.3005 34.8255 12.0128
      vertex 30.3473 33.3957 12.0128
      vertex 30.3473 34.8043 12.0128
    endloop
  endfacet
  facet normal 0 0 1
    outer loop
      vertex 30.3005 34.8255 12.0128
      vertex 30.3005 33.3745 12.0128
      vertex 30.3473 33.3957 12.0128
    endloop
  endfacet
  facet normal 0 0 1
    outer loop
      vertex 30.2524 34.8436 12.0128
      vertex 30.3005 33.3745 12.0128
      vertex 30.3005 34.8255 12.0128
    endloop
  endfacet
  facet normal 0 0 1
    outer loop
      vertex 30.2524 34.8436 12.0128
      vertex 30.2524 33.3564 12.0128
      vertex 30.3005 33.3745 12.0128
    endloop
  endfacet
  facet normal 0 0 1
    outer loop
      vertex 30.2032 34.8585 12.0128
      vertex 30.2524 33.3564 12.0128
      vertex 30.2524 34.8436 12.0128
    endloop
  endfacet
  facet normal 0 0 1
    outer loop
      vertex 30.2032 34.8585 12.0128
      vertex 30.2032 33.3415 12.0128
      vertex 30.2524 33.3564 12.0128
    endloop
  endfacet
  facet normal 0 0 1
    outer loop
      vertex 30.1532 34.8702 12.0128
      vertex 30.2032 33.3415 12.0128
      vertex 30.2032 34.8585 12.0128
    endloop
  endfacet
  facet normal 0 0 1
    outer loop
      vertex 30.1532 34.8702 12.0128
      vertex 30.1532 33.3298 12.0128
      vertex 30.2032 33.3415 12.0128
    endloop
  endfacet
  facet normal 0 0 1
    outer loop
      vertex 30.1025 34.8785 12.0128
      vertex 30.1532 33.3298 12.0128
      vertex 30.1532 34.8702 12.0128
    endloop
  endfacet
  facet normal 0 0 1
    outer loop
      vertex 30.1025 34.8785 12.0128
      vertex 30.1025 33.3215 12.0128
      vertex 30.1532 33.3298 12.0128
    endloop
  endfacet
  facet normal 0 0 1
    outer loop
      vertex 30.0514 34.8836 12.0128
      vertex 30.1025 33.3215 12.0128
      vertex 30.1025 34.8785 12.0128
    endloop
  endfacet
  facet normal 0 0 1
    outer loop
      vertex 30.0514 34.8836 12.0128
      vertex 30.0514 33.3164 12.0128
      vertex 30.1025 33.3215 12.0128
    endloop
  endfacet
  facet normal 0 0 1
    outer loop
      vertex 30 34.8853 12.0128
      vertex 30.0514 33.3164 12.0128
      vertex 30.0514 34.8836 12.0128
    endloop
  endfacet
  facet normal 0 0 1
    outer loop
      vertex 30 34.8853 12.0128
      vertex 30 33.3147 12.0128
      vertex 30.0514 33.3164 12.0128
    endloop
  endfacet
  facet normal -0 0 1
    outer loop
      vertex 29.9486 34.8836 12.0128
      vertex 30 33.3147 12.0128
      vertex 30 34.8853 12.0128
    endloop
  endfacet
  facet normal 0 0 1
    outer loop
      vertex 29.9486 34.8836 12.0128
      vertex 29.9486 33.3164 12.0128
      vertex 30 33.3147 12.0128
    endloop
  endfacet
  facet normal -0 0 1
    outer loop
      vertex 29.8975 34.8785 12.0128
      vertex 29.9486 33.3164 12.0128
      vertex 29.9486 34.8836 12.0128
    endloop
  endfacet
  facet normal 0 0 1
    outer loop
      vertex 29.8975 34.8785 12.0128
      vertex 29.8975 33.3215 12.0128
      vertex 29.9486 33.3164 12.0128
    endloop
  endfacet
  facet normal -0 0 1
    outer loop
      vertex 29.8468 34.8702 12.0128
      vertex 29.8975 33.3215 12.0128
      vertex 29.8975 34.8785 12.0128
    endloop
  endfacet
  facet normal 0 0 1
    outer loop
      vertex 29.8468 34.8702 12.0128
      vertex 29.8468 33.3298 12.0128
      vertex 29.8975 33.3215 12.0128
    endloop
  endfacet
  facet normal -0 0 1
    outer loop
      vertex 29.7968 34.8585 12.0128
      vertex 29.8468 33.3298 12.0128
      vertex 29.8468 34.8702 12.0128
    endloop
  endfacet
  facet normal 0 0 1
    outer loop
      vertex 29.7968 34.8585 12.0128
      vertex 29.7968 33.3415 12.0128
      vertex 29.8468 33.3298 12.0128
    endloop
  endfacet
  facet normal -0 0 1
    outer loop
      vertex 29.7476 34.8436 12.0128
      vertex 29.7968 33.3415 12.0128
      vertex 29.7968 34.8585 12.0128
    endloop
  endfacet
  facet normal 0 0 1
    outer loop
      vertex 29.7476 34.8436 12.0128
      vertex 29.7476 33.3564 12.0128
      vertex 29.7968 33.3415 12.0128
    endloop
  endfacet
  facet normal -0 0 1
    outer loop
      vertex 29.6995 34.8255 12.0128
      vertex 29.7476 33.3564 12.0128
      vertex 29.7476 34.8436 12.0128
    endloop
  endfacet
  facet normal 0 0 1
    outer loop
      vertex 29.6995 34.8255 12.0128
      vertex 29.6995 33.3745 12.0128
      vertex 29.7476 33.3564 12.0128
    endloop
  endfacet
  facet normal -0 0 1
    outer loop
      vertex 29.6527 34.8043 12.0128
      vertex 29.6995 33.3745 12.0128
      vertex 29.6995 34.8255 12.0128
    endloop
  endfacet
  facet normal 0 0 1
    outer loop
      vertex 29.6527 34.8043 12.0128
      vertex 29.6527 33.3957 12.0128
      vertex 29.6995 33.3745 12.0128
    endloop
  endfacet
  facet normal -0 0 1
    outer loop
      vertex 29.6074 34.7801 12.0128
      vertex 29.6527 33.3957 12.0128
      vertex 29.6527 34.8043 12.0128
    endloop
  endfacet
  facet normal 0 0 1
    outer loop
      vertex 29.6074 34.7801 12.0128
      vertex 29.6074 33.4199 12.0128
      vertex 29.6527 33.3957 12.0128
    endloop
  endfacet
  facet normal -0 0 1
    outer loop
      vertex 29.5637 34.7529 12.0128
      vertex 29.6074 33.4199 12.0128
      vertex 29.6074 34.7801 12.0128
    endloop
  endfacet
  facet normal 0 0 1
    outer loop
      vertex 29.5637 34.7529 12.0128
      vertex 29.5637 33.4471 12.0128
      vertex 29.6074 33.4199 12.0128
    endloop
  endfacet
  facet normal -0 0 1
    outer loop
      vertex 29.522 34.723 12.0128
      vertex 29.5637 33.4471 12.0128
      vertex 29.5637 34.7529 12.0128
    endloop
  endfacet
  facet normal 0 0 1
    outer loop
      vertex 29.522 34.723 12.0128
      vertex 29.522 33.477 12.0128
      vertex 29.5637 33.4471 12.0128
    endloop
  endfacet
  facet normal -0 0 1
    outer loop
      vertex 29.4822 34.6904 12.0128
      vertex 29.522 33.477 12.0128
      vertex 29.522 34.723 12.0128
    endloop
  endfacet
  facet normal 0 0 1
    outer loop
      vertex 29.4822 34.6904 12.0128
      vertex 29.4822 33.5096 12.0128
      vertex 29.522 33.477 12.0128
    endloop
  endfacet
  facet normal -0 0 1
    outer loop
      vertex 29.4447 34.6553 12.0128
      vertex 29.4822 33.5096 12.0128
      vertex 29.4822 34.6904 12.0128
    endloop
  endfacet
  facet normal 0 0 1
    outer loop
      vertex 29.4447 34.6553 12.0128
      vertex 29.4447 33.5447 12.0128
      vertex 29.4822 33.5096 12.0128
    endloop
  endfacet
  facet normal -0 0 1
    outer loop
      vertex 29.4096 34.6178 12.0128
      vertex 29.4447 33.5447 12.0128
      vertex 29.4447 34.6553 12.0128
    endloop
  endfacet
  facet normal 0 0 1
    outer loop
      vertex 29.4096 34.6178 12.0128
      vertex 29.4096 33.5822 12.0128
      vertex 29.4447 33.5447 12.0128
    endloop
  endfacet
  facet normal -0 0 1
    outer loop
      vertex 29.377 34.578 12.0128
      vertex 29.4096 33.5822 12.0128
      vertex 29.4096 34.6178 12.0128
    endloop
  endfacet
  facet normal 0 0 1
    outer loop
      vertex 29.377 34.578 12.0128
      vertex 29.377 33.622 12.0128
      vertex 29.4096 33.5822 12.0128
    endloop
  endfacet
  facet normal -0 0 1
    outer loop
      vertex 29.3471 34.5363 12.0128
      vertex 29.377 33.622 12.0128
      vertex 29.377 34.578 12.0128
    endloop
  endfacet
  facet normal 0 0 1
    outer loop
      vertex 29.3471 34.5363 12.0128
      vertex 29.3471 33.6637 12.0128
      vertex 29.377 33.622 12.0128
    endloop
  endfacet
  facet normal -0 0 1
    outer loop
      vertex 29.3199 34.4926 12.0128
      vertex 29.3471 33.6637 12.0128
      vertex 29.3471 34.5363 12.0128
    endloop
  endfacet
  facet normal 0 0 1
    outer loop
      vertex 29.3199 34.4926 12.0128
      vertex 29.3199 33.7074 12.0128
      vertex 29.3471 33.6637 12.0128
    endloop
  endfacet
  facet normal -0 0 1
    outer loop
      vertex 29.2957 34.4473 12.0128
      vertex 29.3199 33.7074 12.0128
      vertex 29.3199 34.4926 12.0128
    endloop
  endfacet
  facet normal 0 0 1
    outer loop
      vertex 29.2957 34.4473 12.0128
      vertex 29.2957 33.7527 12.0128
      vertex 29.3199 33.7074 12.0128
    endloop
  endfacet
  facet normal -0 0 1
    outer loop
      vertex 29.2745 34.4005 12.0128
      vertex 29.2957 33.7527 12.0128
      vertex 29.2957 34.4473 12.0128
    endloop
  endfacet
  facet normal 0 0 1
    outer loop
      vertex 29.2745 34.4005 12.0128
      vertex 29.2745 33.7995 12.0128
      vertex 29.2957 33.7527 12.0128
    endloop
  endfacet
  facet normal -0 0 1
    outer loop
      vertex 29.2564 34.3524 12.0128
      vertex 29.2745 33.7995 12.0128
      vertex 29.2745 34.4005 12.0128
    endloop
  endfacet
  facet normal 0 0 1
    outer loop
      vertex 29.2564 34.3524 12.0128
      vertex 29.2564 33.8476 12.0128
      vertex 29.2745 33.7995 12.0128
    endloop
  endfacet
  facet normal -0 0 1
    outer loop
      vertex 29.2415 34.3032 12.0128
      vertex 29.2564 33.8476 12.0128
      vertex 29.2564 34.3524 12.0128
    endloop
  endfacet
  facet normal 0 0 1
    outer loop
      vertex 29.2415 34.3032 12.0128
      vertex 29.2415 33.8968 12.0128
      vertex 29.2564 33.8476 12.0128
    endloop
  endfacet
  facet normal -0 0 1
    outer loop
      vertex 29.2298 34.2532 12.0128
      vertex 29.2415 33.8968 12.0128
      vertex 29.2415 34.3032 12.0128
    endloop
  endfacet
  facet normal 0 0 1
    outer loop
      vertex 29.2298 34.2532 12.0128
      vertex 29.2298 33.9468 12.0128
      vertex 29.2415 33.8968 12.0128
    endloop
  endfacet
  facet normal -0 0 1
    outer loop
      vertex 29.2215 34.2025 12.0128
      vertex 29.2298 33.9468 12.0128
      vertex 29.2298 34.2532 12.0128
    endloop
  endfacet
  facet normal 0 0 1
    outer loop
      vertex 29.2215 34.2025 12.0128
      vertex 29.2215 33.9975 12.0128
      vertex 29.2298 33.9468 12.0128
    endloop
  endfacet
  facet normal -0 0 1
    outer loop
      vertex 29.2164 34.1514 12.0128
      vertex 29.2215 33.9975 12.0128
      vertex 29.2215 34.2025 12.0128
    endloop
  endfacet
  facet normal 0 0 1
    outer loop
      vertex 29.2164 34.1514 12.0128
      vertex 29.2164 34.0486 12.0128
      vertex 29.2215 33.9975 12.0128
    endloop
  endfacet
  facet normal 0 -0 1
    outer loop
      vertex 29.2164 34.0486 12.0128
      vertex 29.2164 34.1514 12.0128
      vertex 29.2147 34.1 12.0128
    endloop
  endfacet
  facet normal 0.0270245 -0.0596579 0.997853
    outer loop
      vertex 29.6527 34.8043 12.0128
      vertex 29.6995 34.8255 12.0128
      vertex 29.0998 36.2733 12.1156
    endloop
  endfacet
  facet normal -0.151625 -0.283657 0.946862
    outer loop
      vertex 34.227 41.4214 13.5383
      vertex 33.7391 41.6822 13.5383
      vertex 33.4834 40.1335 13.0334
    endloop
  endfacet
  facet normal -0.150809 -0.21045 0.965902
    outer loop
      vertex 34.2411 39.6272 13.0334
      vertex 33.8706 39.8927 13.0334
      vertex 33.0278 38.6314 12.627
    endloop
  endfacet
  facet normal -0.0379308 -0.124973 0.991435
    outer loop
      vertex 31.2567 37.802 12.3206
      vertex 31.0119 37.8763 12.3206
      vertex 30.7562 36.3276 12.1156
    endloop
  endfacet
  facet normal -0.0588053 -0.252137 0.965903
    outer loop
      vertex 31.4105 39.3641 12.627
      vertex 31.8031 40.8294 13.0334
      vertex 31.0632 39.4451 12.627
    endloop
  endfacet
  facet normal -0.169862 -0.273134 0.946861
    outer loop
      vertex 33.8706 39.8927 13.0334
      vertex 34.6968 41.1292 13.5383
      vertex 33.4834 40.1335 13.0334
    endloop
  endfacet
  facet normal -0.106874 -0.23582 0.965902
    outer loop
      vertex 32.4104 38.9878 12.627
      vertex 32.6661 40.5365 13.0334
      vertex 32.0856 39.135 12.627
    endloop
  endfacet
  facet normal 0.075133 -0.247757 0.965904
    outer loop
      vertex 28.2482 39.2606 12.627
      vertex 28.5895 39.3641 12.627
      vertex 28.1968 40.8294 13.0334
    endloop
  endfacet
  facet normal 0.0588045 -0.252133 0.965904
    outer loop
      vertex 28.5895 39.3641 12.627
      vertex 28.9368 39.4451 12.627
      vertex 28.1968 40.8294 13.0334
    endloop
  endfacet
  facet normal 0.0805733 -0.177787 0.980765
    outer loop
      vertex 28.5039 37.7119 12.3206
      vertex 27.9144 39.135 12.627
      vertex 27.5896 38.9878 12.627
    endloop
  endfacet
  facet normal 0.106874 -0.23582 0.965902
    outer loop
      vertex 27.5896 38.9878 12.627
      vertex 27.9144 39.135 12.627
      vertex 27.3339 40.5365 13.0334
    endloop
  endfacet
  facet normal -0.00634992 -0.195096 0.980764
    outer loop
      vertex 30.3564 39.5382 12.627
      vertex 30 39.5498 12.627
      vertex 30 38.0095 12.3206
    endloop
  endfacet
  facet normal 0.00634992 -0.195096 0.980764
    outer loop
      vertex 30 38.0095 12.3206
      vertex 30 39.5498 12.627
      vertex 29.6436 39.5382 12.627
    endloop
  endfacet
  facet normal 0.151636 -0.283655 0.946861
    outer loop
      vertex 26.5166 40.1335 13.0334
      vertex 26.9186 40.3484 13.0334
      vertex 26.2609 41.6822 13.5383
    endloop
  endfacet
  facet normal 0.132703 -0.292991 0.946861
    outer loop
      vertex 26.9186 40.3484 13.0334
      vertex 27.3339 40.5365 13.0334
      vertex 26.2609 41.6822 13.5383
    endloop
  endfacet
  facet normal 0.0933867 -0.307781 0.946863
    outer loop
      vertex 28.1968 40.8294 13.0334
      vertex 27.8119 42.2659 13.5383
      vertex 27.2826 42.1053 13.5383
    endloop
  endfacet
  facet normal 0.0933564 -0.307801 0.94686
    outer loop
      vertex 27.7606 40.6971 13.0334
      vertex 28.1968 40.8294 13.0334
      vertex 27.2826 42.1053 13.5383
    endloop
  endfacet
  facet normal 0.0125308 -0.382611 0.923825
    outer loop
      vertex 29.4471 42.5359 13.5383
      vertex 29.8719 43.6646 14
      vertex 29.3742 43.6483 14
    endloop
  endfacet
  facet normal 0.0105235 -0.321461 0.946864
    outer loop
      vertex 29.5443 41.0519 13.0334
      vertex 30 42.554 13.5383
      vertex 29.4471 42.5359 13.5383
    endloop
  endfacet
  facet normal 0.0315358 -0.320085 0.946864
    outer loop
      vertex 29.5443 41.0519 13.0334
      vertex 29.4471 42.5359 13.5383
      vertex 29.0906 41.0072 13.0334
    endloop
  endfacet
  facet normal -0.00842214 -0.258763 0.965904
    outer loop
      vertex 30.3564 39.5382 12.627
      vertex 30 41.0668 13.0334
      vertex 30 39.5498 12.627
    endloop
  endfacet
  facet normal 0.00842214 -0.258763 0.965904
    outer loop
      vertex 30 39.5498 12.627
      vertex 30 41.0668 13.0334
      vertex 29.6436 39.5382 12.627
    endloop
  endfacet
  facet normal 0.0637649 -0.014921 0.997853
    outer loop
      vertex 29.2298 34.2532 12.0128
      vertex 29.2415 34.3032 12.0128
      vertex 27.7277 34.7088 12.1156
    endloop
  endfacet
  facet normal 0.0270211 -0.0596592 0.997853
    outer loop
      vertex 29.6527 34.8043 12.0128
      vertex 29.0998 36.2733 12.1156
      vertex 28.9596 36.2098 12.1156
    endloop
  endfacet
  facet normal 0.0308597 -0.0577662 0.997853
    outer loop
      vertex 29.6074 34.7801 12.0128
      vertex 29.6527 34.8043 12.0128
      vertex 28.9596 36.2098 12.1156
    endloop
  endfacet
  facet normal 0.124978 -0.0379003 0.991435
    outer loop
      vertex 27.7277 34.7088 12.1156
      vertex 27.7724 34.8562 12.1156
      vertex 26.2237 35.1119 12.3206
    endloop
  endfacet
  facet normal 0.0626714 -0.0190055 0.997853
    outer loop
      vertex 29.2564 34.3524 12.0128
      vertex 27.7724 34.8562 12.1156
      vertex 27.7277 34.7088 12.1156
    endloop
  endfacet
  facet normal -0.113746 -0.158631 0.980764
    outer loop
      vertex 33.3176 38.4236 12.627
      vertex 33.0278 38.6314 12.627
      vertex 32.3799 37.2016 12.3206
    endloop
  endfacet
  facet normal -0.15086 -0.21039 0.965907
    outer loop
      vertex 33.3176 38.4236 12.627
      vertex 34.2411 39.6272 13.0334
      vertex 33.0278 38.6314 12.627
    endloop
  endfacet
  facet normal -0.103052 -0.165769 0.980765
    outer loop
      vertex 33.0278 38.6314 12.627
      vertex 32.7249 38.8197 12.627
      vertex 31.9547 37.4857 12.3206
    endloop
  endfacet
  facet normal -0.0920107 -0.172144 0.980765
    outer loop
      vertex 32.7249 38.8197 12.627
      vertex 32.4104 38.9878 12.627
      vertex 31.9547 37.4857 12.3206
    endloop
  endfacet
  facet normal -0.0751343 -0.247762 0.965903
    outer loop
      vertex 31.7518 39.2606 12.627
      vertex 31.8031 40.8294 13.0334
      vertex 31.4105 39.3641 12.627
    endloop
  endfacet
  facet normal -0.0421732 -0.255434 0.965906
    outer loop
      vertex 31.0632 39.4451 12.627
      vertex 31.3592 40.933 13.0334
      vertex 30.7113 39.5032 12.627
    endloop
  endfacet
  facet normal -0.0443369 -0.190102 0.980763
    outer loop
      vertex 31.4105 39.3641 12.627
      vertex 31.0632 39.4451 12.627
      vertex 31.0119 37.8763 12.3206
    endloop
  endfacet
  facet normal -0.0566485 -0.186803 0.980763
    outer loop
      vertex 31.7518 39.2606 12.627
      vertex 31.4105 39.3641 12.627
      vertex 31.0119 37.8763 12.3206
    endloop
  endfacet
  facet normal -0.136685 -0.219872 0.965905
    outer loop
      vertex 33.0278 38.6314 12.627
      vertex 33.4834 40.1335 13.0334
      vertex 32.7249 38.8197 12.627
    endloop
  endfacet
  facet normal -0.122041 -0.228327 0.965905
    outer loop
      vertex 32.7249 38.8197 12.627
      vertex 33.4834 40.1335 13.0334
      vertex 32.4104 38.9878 12.627
    endloop
  endfacet
  facet normal 0.0375056 -0.381008 0.923811
    outer loop
      vertex 28.8786 43.5994 14
      vertex 28.8965 42.4817 13.5383
      vertex 29.4471 42.5359 13.5383
    endloop
  endfacet
  facet normal 0.0373249 -0.381013 0.923816
    outer loop
      vertex 28.8965 42.4817 13.5383
      vertex 28.8786 43.5994 14
      vertex 28.751 43.5869 14
    endloop
  endfacet
  facet normal 0.031508 -0.32008 0.946867
    outer loop
      vertex 29.0906 41.0072 13.0334
      vertex 29.4471 42.5359 13.5383
      vertex 28.8965 42.4817 13.5383
    endloop
  endfacet
  facet normal 0.0478143 -0.0447542 0.997853
    outer loop
      vertex 29.4096 34.6178 12.0128
      vertex 29.4447 34.6553 12.0128
      vertex 28.2314 35.6511 12.1156
    endloop
  endfacet
  facet normal -0.0588409 -0.252119 0.965906
    outer loop
      vertex 31.8031 40.8294 13.0334
      vertex 31.3592 40.933 13.0334
      vertex 31.0632 39.4451 12.627
    endloop
  endfacet
  facet normal -0.0730993 -0.313212 0.946866
    outer loop
      vertex 31.8031 40.8294 13.0334
      vertex 32.1881 42.2659 13.5383
      vertex 31.3592 40.933 13.0334
    endloop
  endfacet
  facet normal -0.0443216 -0.190102 0.980763
    outer loop
      vertex 31.0119 37.8763 12.3206
      vertex 31.0632 39.4451 12.627
      vertex 30.7627 37.9344 12.3206
    endloop
  endfacet
  facet normal -0.0317979 -0.192593 0.980763
    outer loop
      vertex 30.7627 37.9344 12.3206
      vertex 31.0632 39.4451 12.627
      vertex 30.7113 39.5032 12.627
    endloop
  endfacet
  facet normal -0.151636 -0.283655 0.946861
    outer loop
      vertex 33.4834 40.1335 13.0334
      vertex 33.7391 41.6822 13.5383
      vertex 33.0814 40.3484 13.0334
    endloop
  endfacet
  facet normal -0.122053 -0.228316 0.965906
    outer loop
      vertex 33.4834 40.1335 13.0334
      vertex 33.0814 40.3484 13.0334
      vertex 32.4104 38.9878 12.627
    endloop
  endfacet
  facet normal 0.0345618 -0.0556309 0.997853
    outer loop
      vertex 29.6074 34.7801 12.0128
      vertex 28.8238 36.1372 12.1156
      vertex 28.6931 36.056 12.1156
    endloop
  endfacet
  facet normal 0.0346063 -0.055599 0.997853
    outer loop
      vertex 29.5637 34.7529 12.0128
      vertex 29.6074 34.7801 12.0128
      vertex 28.6931 36.056 12.1156
    endloop
  endfacet
  facet normal -0.0933369 -0.307807 0.946859
    outer loop
      vertex 32.2394 40.6971 13.0334
      vertex 32.7174 42.1053 13.5383
      vertex 31.8031 40.8294 13.0334
    endloop
  endfacet
  facet normal -0.113256 -0.301046 0.94686
    outer loop
      vertex 33.2352 41.9105 13.5383
      vertex 32.7174 42.1053 13.5383
      vertex 32.2394 40.6971 13.0334
    endloop
  endfacet
  facet normal 0.038161 -0.0532212 0.997853
    outer loop
      vertex 29.522 34.723 12.0128
      vertex 29.5637 34.7529 12.0128
      vertex 28.5679 35.9663 12.1156
    endloop
  endfacet
  facet normal 0.0230662 -0.0612975 0.997853
    outer loop
      vertex 29.6995 34.8255 12.0128
      vertex 29.7476 34.8436 12.0128
      vertex 29.0998 36.2733 12.1156
    endloop
  endfacet
  facet normal 0.19509 0.00640889 -0.980764
    outer loop
      vertex 26.0905 34.1 1.67944
      vertex 26.0989 33.8443 1.67944
      vertex 24.5502 34.1 1.37305
    endloop
  endfacet
  facet normal 0.130521 0.00428775 -0.991436
    outer loop
      vertex 27.6476 34.1 1.88443
      vertex 26.0989 33.8443 1.67944
      vertex 26.0905 34.1 1.67944
    endloop
  endfacet
  facet normal 0.258812 -0.00846235 -0.965891
    outer loop
      vertex 23.0481 34.5557 0.966568
      vertex 24.5502 34.1 1.37305
      vertex 23.0332 34.1 0.966568
    endloop
  endfacet
  facet normal -0.307762 -0.0933232 -0.946876
    outer loop
      vertex 38.0053 36.8175 0.461741
      vertex 36.7294 35.9031 0.966568
      vertex 36.5971 36.3394 0.966568
    endloop
  endfacet
  facet normal 0.25882 0.00846263 -0.965888
    outer loop
      vertex 24.5618 33.7436 1.37305
      vertex 23.0481 33.6443 0.966568
      vertex 23.0332 34.1 0.966568
    endloop
  endfacet
  facet normal 0.30774 0.0933566 -0.94688
    outer loop
      vertex 23.2706 32.2969 0.966568
      vertex 21.9947 31.3825 0.461741
      vertex 21.8341 31.9119 0.461741
    endloop
  endfacet
  facet normal -0.190093 -0.044335 -0.980764
    outer loop
      vertex 35.2641 35.5105 1.37305
      vertex 35.3451 35.1632 1.37305
      vertex 33.8344 34.8627 1.67944
    endloop
  endfacet
  facet normal 0.194241 0.0191559 -0.980767
    outer loop
      vertex 26.0989 33.8443 1.67944
      vertex 24.5968 33.3887 1.37305
      vertex 24.5618 33.7436 1.37305
    endloop
  endfacet
  facet normal 0.0654073 0.00216328 -0.997856
    outer loop
      vertex 29.2147 34.1 1.98715
      vertex 29.2164 34.0486 1.98715
      vertex 27.6476 34.1 1.88443
    endloop
  endfacet
  facet normal -0.0506279 -0.0414691 -0.997856
    outer loop
      vertex 31.7686 35.6511 1.88443
      vertex 30.623 34.578 1.98715
      vertex 30.5904 34.6178 1.98715
    endloop
  endfacet
  facet normal 0.0148388 -0.0637345 -0.997857
    outer loop
      vertex 29.5411 36.4072 1.88443
      vertex 29.7968 34.8585 1.98715
      vertex 29.3912 36.3723 1.88443
    endloop
  endfacet
  facet normal 0.204021 0.248592 -0.946878
    outer loop
      vertex 25.4064 28.8621 0.966568
      vertex 25.7589 28.5728 0.966568
      vertex 24.8535 27.393 0.461741
    endloop
  endfacet
  facet normal -0.283623 0.151607 -0.946876
    outer loop
      vertex 37.5822 30.3609 0.461741
      vertex 37.3214 29.873 0.461741
      vertex 36.2484 31.0186 0.966568
    endloop
  endfacet
  facet normal -0.295947 0.242893 -0.923807
    outer loop
      vertex 37.5101 28.1758 0
      vertex 37.1942 27.7909 0
      vertex 36.3561 28.5259 0.461741
    endloop
  endfacet
  facet normal -0.188995 -0.177015 -0.965891
    outer loop
      vertex 35.2379 38.6936 0.966568
      vertex 34.0974 37.6933 1.37305
      vertex 33.8536 37.9536 1.37305
    endloop
  endfacet
  facet normal -0.0623589 -0.377752 -0.923804
    outer loop
      vertex 31.1035 42.4817 0.461741
      vertex 31.3755 43.566 0
      vertex 31.6493 42.3916 0.461741
    endloop
  endfacet
  facet normal -0.0624093 -0.37774 -0.923806
    outer loop
      vertex 31.3755 43.566 0
      vertex 31.1035 42.4817 0.461741
      vertex 31.249 43.5869 0
    endloop
  endfacet
  facet normal 0.0345794 0.055556 -0.997857
    outer loop
      vertex 29.5637 33.4471 1.98715
      vertex 29.6074 33.4199 1.98715
      vertex 28.6931 32.144 1.88443
    endloop
  endfacet
  facet normal 0.0654073 -0.00216328 -0.997856
    outer loop
      vertex 29.2164 34.1514 1.98715
      vertex 29.2147 34.1 1.98715
      vertex 27.6476 34.1 1.88443
    endloop
  endfacet
  facet normal 0.00424045 -0.130521 -0.991436
    outer loop
      vertex 30 38.0095 1.67944
      vertex 30 36.4524 1.88443
      vertex 29.8461 36.4474 1.88443
    endloop
  endfacet
  facet normal -0.0689152 -0.110926 -0.991436
    outer loop
      vertex 31.9547 37.4857 1.67944
      vertex 31.3069 36.056 1.88443
      vertex 31.1762 36.1372 1.88443
    endloop
  endfacet
  facet normal 0.321416 -0.010522 -0.94688
    outer loop
      vertex 21.5641 34.6529 0.461741
      vertex 23.0332 34.1 0.966568
      vertex 21.546 34.1 0.461741
    endloop
  endfacet
  facet normal 0.258812 0.00842373 -0.965891
    outer loop
      vertex 24.5502 34.1 1.37305
      vertex 24.5618 33.7436 1.37305
      vertex 23.0332 34.1 0.966568
    endloop
  endfacet
  facet normal -0.261413 -0.187328 -0.946875
    outer loop
      vertex 37.0292 38.7968 0.461741
      vertex 35.7927 37.9706 0.966568
      vertex 35.5272 38.3411 0.966568
    endloop
  endfacet
  facet normal -0.0623563 0.377752 -0.923805
    outer loop
      vertex 31.6493 25.8084 0.461741
      vertex 31.8668 24.7151 0
      vertex 31.3755 24.634 0
    endloop
  endfacet
  facet normal 0.0596117 -0.0270036 -0.997856
    outer loop
      vertex 29.2957 34.4473 1.98715
      vertex 29.2745 34.4005 1.98715
      vertex 27.8267 35.0002 1.88443
    endloop
  endfacet
  facet normal 0.124967 -0.037929 -0.991436
    outer loop
      vertex 26.298 35.3567 1.67944
      vertex 27.7724 34.8562 1.88443
      vertex 26.2237 35.1119 1.67944
    endloop
  endfacet
  facet normal 0.130529 0.0042407 -0.991435
    outer loop
      vertex 27.6476 34.1 1.88443
      vertex 27.6526 33.9461 1.88443
      vertex 26.0989 33.8443 1.67944
    endloop
  endfacet
  facet normal 0.130529 -0.0042407 -0.991435
    outer loop
      vertex 27.6526 34.2539 1.88443
      vertex 27.6476 34.1 1.88443
      vertex 26.0989 34.3557 1.67944
    endloop
  endfacet
  facet normal -0.381017 -0.0375175 -0.923806
    outer loop
      vertex 39.4869 35.349 0
      vertex 39.5357 34.8534 0
      vertex 38.3817 35.2035 0.461741
    endloop
  endfacet
  facet normal 0.320035 0.0315308 -0.946881
    outer loop
      vertex 23.0481 33.6443 0.966568
      vertex 23.0928 33.1906 0.966568
      vertex 21.6183 32.9965 0.461741
    endloop
  endfacet
  facet normal 0.258823 -0.00842408 -0.965888
    outer loop
      vertex 24.5618 34.4564 1.37305
      vertex 24.5502 34.1 1.37305
      vertex 23.0481 34.5557 0.966568
    endloop
  endfacet
  facet normal 0.377748 0.0623556 -0.923807
    outer loop
      vertex 21.6183 32.9965 0.461741
      vertex 20.5942 32.3597 0
      vertex 20.5131 32.851 0
    endloop
  endfacet
  facet normal 0.320045 0.0315047 -0.946878
    outer loop
      vertex 23.0481 33.6443 0.966568
      vertex 21.6183 32.9965 0.461741
      vertex 21.5641 33.5471 0.461741
    endloop
  endfacet
  facet normal 0.0911962 0.242367 -0.965889
    outer loop
      vertex 27.9144 29.065 1.37305
      vertex 28.2482 28.9394 1.37305
      vertex 27.3339 27.6635 0.966568
    endloop
  endfacet
  facet normal 0.0645649 -0.0106757 -0.997856
    outer loop
      vertex 27.6928 34.5589 1.88443
      vertex 29.2298 34.2532 1.98715
      vertex 27.6677 34.4071 1.88443
    endloop
  endfacet
  facet normal -0.190093 0.044335 -0.980764
    outer loop
      vertex 35.3451 33.0368 1.37305
      vertex 35.2641 32.6895 1.37305
      vertex 33.8344 33.3373 1.67944
    endloop
  endfacet
  facet normal -0.366364 -0.111154 -0.923809
    outer loop
      vertex 39.0609 37.1758 0
      vertex 39.2055 36.6992 0
      vertex 38.0053 36.8175 0.461741
    endloop
  endfacet
  facet normal -0.348734 -0.157991 -0.923809
    outer loop
      vertex 38.6349 38.2154 0
      vertex 38.8404 37.7618 0
      vertex 37.8105 37.3352 0.461741
    endloop
  endfacet
  facet normal -0.283616 -0.151614 -0.946877
    outer loop
      vertex 37.3214 38.327 0.461741
      vertex 36.2484 37.1814 0.966568
      vertex 36.0335 37.5834 0.966568
    endloop
  endfacet
  facet normal 0.177014 -0.188994 -0.965892
    outer loop
      vertex 26.4067 38.1974 1.37305
      vertex 26.1464 37.9536 1.37305
      vertex 25.0737 39.0263 0.966568
    endloop
  endfacet
  facet normal 0.0128101 0.129968 -0.991435
    outer loop
      vertex 29.6929 31.7677 1.88443
      vertex 29.8461 31.7526 1.88443
      vertex 29.4897 30.224 1.67944
    endloop
  endfacet
  facet normal -0.127192 -0.0296132 -0.991436
    outer loop
      vertex 33.7763 35.1119 1.67944
      vertex 32.3072 34.5589 1.88443
      vertex 32.2723 34.7088 1.88443
    endloop
  endfacet
  facet normal 0.321421 -0.0105095 -0.946878
    outer loop
      vertex 23.0481 34.5557 0.966568
      vertex 23.0332 34.1 0.966568
      vertex 21.5641 34.6529 0.461741
    endloop
  endfacet
  facet normal -0.0460748 0.122187 -0.991437
    outer loop
      vertex 30.9002 31.9267 1.88443
      vertex 31.4961 30.4881 1.67944
      vertex 30.7562 31.8724 1.88443
    endloop
  endfacet
  facet normal -0.129967 -0.0128101 -0.991436
    outer loop
      vertex 33.9011 34.3557 1.67944
      vertex 32.3474 34.2539 1.88443
      vertex 32.3323 34.4071 1.88443
    endloop
  endfacet
  facet normal 0.190092 0.0443371 -0.980765
    outer loop
      vertex 26.1656 33.3373 1.67944
      vertex 26.2237 33.0882 1.67944
      vertex 24.7359 32.6895 1.37305
    endloop
  endfacet
  facet normal 0.0042879 0.130526 -0.991436
    outer loop
      vertex 29.8461 31.7526 1.88443
      vertex 30 30.1905 1.67944
      vertex 29.7443 30.1989 1.67944
    endloop
  endfacet
  facet normal -0.261776 0.279387 -0.923806
    outer loop
      vertex 35.5741 27.7439 0.461741
      vertex 36.4027 26.9935 0
      vertex 36.3091 26.9058 0
    endloop
  endfacet
  facet normal -0.261725 0.279441 -0.923803
    outer loop
      vertex 36.4027 26.9935 0
      vertex 35.5741 27.7439 0.461741
      vertex 35.9779 28.1221 0.461741
    endloop
  endfacet
  facet normal -0.3173 0.0523795 -0.946877
    outer loop
      vertex 38.3817 32.9965 0.461741
      vertex 38.2916 32.4507 0.461741
      vertex 36.833 32.7408 0.966568
    endloop
  endfacet
  facet normal 0.194241 -0.0191559 -0.980767
    outer loop
      vertex 24.5968 34.8113 1.37305
      vertex 26.0989 34.3557 1.67944
      vertex 24.5618 34.4564 1.37305
    endloop
  endfacet
  facet normal 0.19508 -0.00634941 -0.980767
    outer loop
      vertex 24.5618 34.4564 1.37305
      vertex 26.0989 34.3557 1.67944
      vertex 24.5502 34.1 1.37305
    endloop
  endfacet
  facet normal 0.321421 0.0105095 -0.946878
    outer loop
      vertex 23.0332 34.1 0.966568
      vertex 23.0481 33.6443 0.966568
      vertex 21.5641 33.5471 0.461741
    endloop
  endfacet
  facet normal -0.0760762 0.106149 -0.991436
    outer loop
      vertex 32.3799 30.9984 1.67944
      vertex 32.172 30.8494 1.67944
      vertex 31.3069 32.144 1.88443
    endloop
  endfacet
  facet normal 0.279441 0.261725 -0.923803
    outer loop
      vertex 22.8935 27.6973 0
      vertex 23.6439 28.5259 0.461741
      vertex 24.0221 28.1221 0.461741
    endloop
  endfacet
  facet normal 0.279387 0.261776 -0.923806
    outer loop
      vertex 23.6439 28.5259 0.461741
      vertex 22.8935 27.6973 0
      vertex 22.8058 27.7909 0
    endloop
  endfacet
  facet normal 0.0577232 -0.0308367 -0.997856
    outer loop
      vertex 29.3199 34.4926 1.98715
      vertex 29.2957 34.4473 1.98715
      vertex 27.9628 35.2762 1.88443
    endloop
  endfacet
  facet normal 0.377741 0.0624095 -0.923805
    outer loop
      vertex 20.5942 32.3597 0
      vertex 21.7084 32.4507 0.461741
      vertex 20.6151 32.2332 0
    endloop
  endfacet
  facet normal 0.377746 0.0623579 -0.923807
    outer loop
      vertex 21.7084 32.4507 0.461741
      vertex 20.5942 32.3597 0
      vertex 21.6183 32.9965 0.461741
    endloop
  endfacet
  facet normal 0.320045 -0.0315047 -0.946878
    outer loop
      vertex 21.6183 35.2035 0.461741
      vertex 23.0481 34.5557 0.966568
      vertex 21.5641 34.6529 0.461741
    endloop
  endfacet
  facet normal 0.325112 -0.202186 -0.923809
    outer loop
      vertex 22.0439 39.4161 0
      vertex 22.9708 38.7968 0.461741
      vertex 21.7809 38.9932 0
    endloop
  endfacet
  facet normal -0.0315039 0.320038 -0.946881
    outer loop
      vertex 30.9094 27.1928 0.966568
      vertex 31.1035 25.7183 0.461741
      vertex 30.5529 25.6641 0.461741
    endloop
  endfacet
  facet normal 0.19508 0.00634941 -0.980767
    outer loop
      vertex 26.0989 33.8443 1.67944
      vertex 24.5618 33.7436 1.37305
      vertex 24.5502 34.1 1.37305
    endloop
  endfacet
  facet normal 0.317295 0.0523417 -0.946881
    outer loop
      vertex 23.0928 33.1906 0.966568
      vertex 23.167 32.7408 0.966568
      vertex 21.6183 32.9965 0.461741
    endloop
  endfacet
  facet normal -0.372856 0.0869664 -0.923805
    outer loop
      vertex 39.3849 32.2332 0
      vertex 39.2718 31.7483 0
      vertex 38.2916 32.4507 0.461741
    endloop
  endfacet
  facet normal -0.30774 0.0933566 -0.94688
    outer loop
      vertex 38.1659 31.9119 0.461741
      vertex 38.0053 31.3825 0.461741
      vertex 36.7294 32.2969 0.966568
    endloop
  endfacet
  facet normal -0.257704 0.0253899 -0.96589
    outer loop
      vertex 36.9519 33.6443 0.966568
      vertex 36.9072 33.1906 0.966568
      vertex 35.4032 33.3887 1.37305
    endloop
  endfacet
  facet normal -0.192587 -0.0317969 -0.980765
    outer loop
      vertex 35.3451 35.1632 1.37305
      vertex 35.4032 34.8113 1.37305
      vertex 33.8344 34.8627 1.67944
    endloop
  endfacet
  facet normal -0.358315 -0.134868 -0.923808
    outer loop
      vertex 38.8855 37.6418 0
      vertex 39.0609 37.1758 0
      vertex 38.0053 36.8175 0.461741
    endloop
  endfacet
  facet normal -0.17214 -0.0920087 -0.980766
    outer loop
      vertex 34.7197 36.8249 1.37305
      vertex 34.8878 36.5104 1.37305
      vertex 33.5063 35.8291 1.67944
    endloop
  endfacet
  facet normal -0.037929 -0.124967 -0.991436
    outer loop
      vertex 31.0119 37.8763 1.67944
      vertex 31.2567 37.802 1.67944
      vertex 30.7562 36.3276 1.88443
    endloop
  endfacet
  facet normal -0.187303 -0.261422 -0.946877
    outer loop
      vertex 34.6968 41.1292 0.461741
      vertex 35.1465 40.807 0.461741
      vertex 34.2411 39.6272 0.966568
    endloop
  endfacet
  facet normal 0.381017 -0.0375175 -0.923806
    outer loop
      vertex 20.5131 35.349 0
      vertex 21.6183 35.2035 0.461741
      vertex 20.4643 34.8534 0
    endloop
  endfacet
  facet normal -0.00634972 -0.19509 -0.980765
    outer loop
      vertex 30 39.5498 1.37305
      vertex 30.3564 39.5382 1.37305
      vertex 30 38.0095 1.67944
    endloop
  endfacet
  facet normal 0.0654061 0.00212495 -0.997856
    outer loop
      vertex 29.2164 34.0486 1.98715
      vertex 27.6526 33.9461 1.88443
      vertex 27.6476 34.1 1.88443
    endloop
  endfacet
  facet normal -0.00212499 -0.0654073 -0.997856
    outer loop
      vertex 30 36.4524 1.88443
      vertex 30.1539 36.4474 1.88443
      vertex 30 34.8853 1.98715
    endloop
  endfacet
  facet normal 0.0212382 0.128858 -0.991436
    outer loop
      vertex 29.6929 31.7677 1.88443
      vertex 29.4897 30.224 1.67944
      vertex 29.2373 30.2656 1.67944
    endloop
  endfacet
  facet normal 0.053195 -0.0381118 -0.997857
    outer loop
      vertex 28.1337 35.5321 1.88443
      vertex 29.377 34.578 1.98715
      vertex 28.044 35.4069 1.88443
    endloop
  endfacet
  facet normal -0.065122 -0.00641868 -0.997857
    outer loop
      vertex 32.3323 34.4071 1.88443
      vertex 32.3474 34.2539 1.88443
      vertex 30.7785 34.2025 1.98715
    endloop
  endfacet
  facet normal -0.106894 0.235865 -0.965889
    outer loop
      vertex 32.4104 29.2122 1.37305
      vertex 32.6661 27.6635 0.966568
      vertex 32.0856 29.065 1.37305
    endloop
  endfacet
  facet normal -0.292942 0.132681 -0.94688
    outer loop
      vertex 36.4365 31.4339 0.966568
      vertex 37.8105 30.8648 0.461741
      vertex 36.2484 31.0186 0.966568
    endloop
  endfacet
  facet normal -0.19508 -0.00634941 -0.980767
    outer loop
      vertex 35.4382 34.4564 1.37305
      vertex 35.4498 34.1 1.37305
      vertex 33.9011 34.3557 1.67944
    endloop
  endfacet
  facet normal -0.279432 0.261746 -0.9238
    outer loop
      vertex 37.1065 27.6973 0
      vertex 36.7661 27.3339 0
      vertex 35.9779 28.1221 0.461741
    endloop
  endfacet
  facet normal -0.169851 0.273086 -0.946876
    outer loop
      vertex 34.6968 27.0708 0.461741
      vertex 34.227 26.7786 0.461741
      vertex 33.4834 28.0665 0.966568
    endloop
  endfacet
  facet normal -0.122076 0.228359 -0.965893
    outer loop
      vertex 33.4834 28.0665 0.966568
      vertex 33.0814 27.8516 0.966568
      vertex 32.4104 29.2122 1.37305
    endloop
  endfacet
  facet normal -0.235888 0.106839 -0.965889
    outer loop
      vertex 36.4365 31.4339 0.966568
      vertex 36.2484 31.0186 0.966568
      vertex 35.035 32.0144 1.37305
    endloop
  endfacet
  facet normal -0.321421 0.0105095 -0.946878
    outer loop
      vertex 36.9668 34.1 0.966568
      vertex 38.4359 33.5471 0.461741
      vertex 36.9519 33.6443 0.966568
    endloop
  endfacet
  facet normal -0.320035 -0.0315308 -0.946881
    outer loop
      vertex 38.3817 35.2035 0.461741
      vertex 36.9519 34.5557 0.966568
      vertex 36.9072 35.0094 0.966568
    endloop
  endfacet
  facet normal 0.129967 -0.0128101 -0.991436
    outer loop
      vertex 27.6677 34.4071 1.88443
      vertex 27.6526 34.2539 1.88443
      vertex 26.0989 34.3557 1.67944
    endloop
  endfacet
  facet normal 0.190093 -0.044335 -0.980764
    outer loop
      vertex 24.7359 35.5105 1.37305
      vertex 26.1656 34.8627 1.67944
      vertex 24.6549 35.1632 1.37305
    endloop
  endfacet
  facet normal 0.372848 -0.086984 -0.923806
    outer loop
      vertex 21.7084 35.7493 0.461741
      vertex 20.6442 36.0916 0
      vertex 21.8341 36.2881 0.461741
    endloop
  endfacet
  facet normal 0.372861 -0.0869412 -0.923805
    outer loop
      vertex 20.6442 36.0916 0
      vertex 21.7084 35.7493 0.461741
      vertex 20.6151 35.9668 0
    endloop
  endfacet
  facet normal 0.1137 -0.158645 -0.980767
    outer loop
      vertex 27.828 37.3506 1.67944
      vertex 27.6201 37.2016 1.67944
      vertex 26.9722 38.6314 1.37305
    endloop
  endfacet
  facet normal 0.261697 -0.279456 -0.923807
    outer loop
      vertex 23.6909 41.2942 0
      vertex 24.4259 40.4561 0.461741
      vertex 23.3274 40.9538 0
    endloop
  endfacet
  facet normal 0.150837 -0.21049 -0.965889
    outer loop
      vertex 26.1294 39.8927 0.966568
      vertex 26.9722 38.6314 1.37305
      vertex 25.7589 39.6272 0.966568
    endloop
  endfacet
  facet normal -0.0296511 -0.127178 -0.991437
    outer loop
      vertex 30.7627 37.9344 1.67944
      vertex 31.0119 37.8763 1.67944
      vertex 30.4589 36.4072 1.88443
    endloop
  endfacet
  facet normal 0.257708 0.025415 -0.965889
    outer loop
      vertex 24.5618 33.7436 1.37305
      vertex 24.5968 33.3887 1.37305
      vertex 23.0481 33.6443 0.966568
    endloop
  endfacet
  facet normal 0.257704 0.0253899 -0.96589
    outer loop
      vertex 24.5968 33.3887 1.37305
      vertex 23.0928 33.1906 0.966568
      vertex 23.0481 33.6443 0.966568
    endloop
  endfacet
  facet normal 0.0953072 0.0892835 -0.991436
    outer loop
      vertex 28.3366 32.4366 1.88443
      vertex 27.2356 31.3356 1.67944
      vertex 27.0607 31.5223 1.67944
    endloop
  endfacet
  facet normal -0.0315317 0.320044 -0.946878
    outer loop
      vertex 30.9094 27.1928 0.966568
      vertex 30.5529 25.6641 0.461741
      vertex 30.4557 27.1481 0.966568
    endloop
  endfacet
  facet normal -0.25882 0.00846263 -0.965888
    outer loop
      vertex 36.9668 34.1 0.966568
      vertex 36.9519 33.6443 0.966568
      vertex 35.4382 33.7436 1.37305
    endloop
  endfacet
  facet normal -0.321416 0.010522 -0.94688
    outer loop
      vertex 38.454 34.1 0.461741
      vertex 38.4359 33.5471 0.461741
      vertex 36.9668 34.1 0.966568
    endloop
  endfacet
  facet normal -0.192586 -0.0317416 -0.980767
    outer loop
      vertex 35.4032 34.8113 1.37305
      vertex 33.876 34.6103 1.67944
      vertex 33.8344 34.8627 1.67944
    endloop
  endfacet
  facet normal -0.292942 -0.132681 -0.94688
    outer loop
      vertex 37.8105 37.3352 0.461741
      vertex 36.4365 36.7661 0.966568
      vertex 36.2484 37.1814 0.966568
    endloop
  endfacet
  facet normal -0.242361 -0.0911938 -0.965891
    outer loop
      vertex 36.5971 36.3394 0.966568
      vertex 35.1606 35.8518 1.37305
      vertex 35.035 36.1856 1.37305
    endloop
  endfacet
  facet normal -0.219899 -0.136756 -0.965889
    outer loop
      vertex 35.7927 37.9706 0.966568
      vertex 36.0335 37.5834 0.966568
      vertex 34.5314 37.1278 1.37305
    endloop
  endfacet
  facet normal -0.172133 -0.0920177 -0.980767
    outer loop
      vertex 34.7197 36.8249 1.37305
      vertex 33.5063 35.8291 1.67944
      vertex 33.3857 36.0547 1.67944
    endloop
  endfacet
  facet normal -0.273098 -0.16984 -0.946875
    outer loop
      vertex 37.0292 38.7968 0.461741
      vertex 36.0335 37.5834 0.966568
      vertex 35.7927 37.9706 0.966568
    endloop
  endfacet
  facet normal -0.113281 -0.300977 -0.946879
    outer loop
      vertex 33.2352 41.9105 0.461741
      vertex 32.6661 40.5365 0.966568
      vertex 32.2394 40.6971 0.966568
    endloop
  endfacet
  facet normal -0.0460009 -0.122227 -0.991436
    outer loop
      vertex 31.2567 37.802 1.67944
      vertex 31.4961 37.7119 1.67944
      vertex 30.7562 36.3276 1.88443
    endloop
  endfacet
  facet normal -0.325063 -0.202268 -0.923808
    outer loop
      vertex 37.3214 38.327 0.461741
      vertex 38.2191 38.9932 0
      vertex 38.2868 38.8844 0
    endloop
  endfacet
  facet normal -0.325108 -0.202206 -0.923806
    outer loop
      vertex 38.2191 38.9932 0
      vertex 37.3214 38.327 0.461741
      vertex 37.0292 38.7968 0.461741
    endloop
  endfacet
  facet normal -0.337665 -0.180442 -0.923809
    outer loop
      vertex 38.2868 38.8844 0
      vertex 38.5215 38.4452 0
      vertex 37.3214 38.327 0.461741
    endloop
  endfacet
  facet normal -0.134804 -0.358324 -0.923814
    outer loop
      vertex 32.7174 42.1053 0.461741
      vertex 33.1957 43.1158 0
      vertex 33.2352 41.9105 0.461741
    endloop
  endfacet
  facet normal -0.134785 -0.358332 -0.923813
    outer loop
      vertex 33.1957 43.1158 0
      vertex 32.7174 42.1053 0.461741
      vertex 33.0758 43.1609 0
    endloop
  endfacet
  facet normal -0.202186 -0.325112 -0.923809
    outer loop
      vertex 34.8932 42.3191 0
      vertex 35.3161 42.0561 0
      vertex 34.6968 41.1292 0.461741
    endloop
  endfacet
  facet normal -0.106834 -0.235876 -0.965893
    outer loop
      vertex 32.6661 40.5365 0.966568
      vertex 33.0814 40.3484 0.966568
      vertex 32.4104 38.9878 1.37305
    endloop
  endfacet
  facet normal -0.123808 -0.150902 -0.980765
    outer loop
      vertex 33.3176 38.4236 1.37305
      vertex 33.5933 38.1974 1.37305
      vertex 32.3799 37.2016 1.67944
    endloop
  endfacet
  facet normal 0.164242 -0.200184 -0.965894
    outer loop
      vertex 26.6824 38.4236 1.37305
      vertex 26.4067 38.1974 1.37305
      vertex 25.7589 39.6272 0.966568
    endloop
  endfacet
  facet normal 0.128839 -0.0213034 -0.991437
    outer loop
      vertex 27.6928 34.5589 1.88443
      vertex 27.6677 34.4071 1.88443
      vertex 26.1656 34.8627 1.67944
    endloop
  endfacet
  facet normal 0.228366 -0.122062 -0.965893
    outer loop
      vertex 25.2803 36.8249 1.37305
      vertex 25.1122 36.5104 1.37305
      vertex 23.7516 37.1814 0.966568
    endloop
  endfacet
  facet normal -0.0912161 -0.242353 -0.965891
    outer loop
      vertex 32.2394 40.6971 0.966568
      vertex 32.6661 40.5365 0.966568
      vertex 31.7518 39.2606 1.37305
    endloop
  endfacet
  facet normal 0.18049 -0.337658 -0.923802
    outer loop
      vertex 25.6548 42.6215 0
      vertex 26.2609 41.6822 0.461741
      vertex 25.773 41.4214 0.461741
    endloop
  endfacet
  facet normal 0.180365 -0.337737 -0.923798
    outer loop
      vertex 26.2609 41.6822 0.461741
      vertex 25.6548 42.6215 0
      vertex 25.7679 42.6819 0
    endloop
  endfacet
  facet normal -0.202206 -0.325108 -0.923806
    outer loop
      vertex 34.227 41.4214 0.461741
      vertex 34.8932 42.3191 0
      vertex 34.6968 41.1292 0.461741
    endloop
  endfacet
  facet normal -0.202268 -0.325063 -0.923808
    outer loop
      vertex 34.8932 42.3191 0
      vertex 34.227 41.4214 0.461741
      vertex 34.7844 42.3868 0
    endloop
  endfacet
  facet normal -0.0531819 -0.0381328 -0.997856
    outer loop
      vertex 31.956 35.4069 1.88443
      vertex 30.6529 34.5363 1.98715
      vertex 30.623 34.578 1.98715
    endloop
  endfacet
  facet normal 0.118943 0.0539072 -0.991437
    outer loop
      vertex 27.8267 33.1998 1.88443
      vertex 26.4937 32.3709 1.67944
      vertex 26.3881 32.6039 1.67944
    endloop
  endfacet
  facet normal -0.273086 -0.169851 -0.946876
    outer loop
      vertex 37.0292 38.7968 0.461741
      vertex 37.3214 38.327 0.461741
      vertex 36.0335 37.5834 0.966568
    endloop
  endfacet
  facet normal -0.0651193 -0.00649919 -0.997856
    outer loop
      vertex 32.3474 34.2539 1.88443
      vertex 30.7836 34.1514 1.98715
      vertex 30.7785 34.2025 1.98715
    endloop
  endfacet
  facet normal -0.130529 -0.0042407 -0.991435
    outer loop
      vertex 33.9011 34.3557 1.67944
      vertex 32.3524 34.1 1.88443
      vertex 32.3474 34.2539 1.88443
    endloop
  endfacet
  facet normal -0.0317969 -0.192587 -0.980765
    outer loop
      vertex 31.0632 39.4451 1.37305
      vertex 30.7627 37.9344 1.67944
      vertex 30.7113 39.5032 1.37305
    endloop
  endfacet
  facet normal -0.133429 -0.142459 -0.980766
    outer loop
      vertex 33.5933 38.1974 1.37305
      vertex 33.8536 37.9536 1.37305
      vertex 32.7644 36.8644 1.67944
    endloop
  endfacet
  facet normal 0.0421474 0.255497 -0.965891
    outer loop
      vertex 29.2887 28.6968 1.37305
      vertex 29.0906 27.1928 0.966568
      vertex 28.6408 27.267 0.966568
    endloop
  endfacet
  facet normal 0.00649841 0.0651115 -0.997857
    outer loop
      vertex 29.8975 33.3215 1.98715
      vertex 29.9486 33.3164 1.98715
      vertex 29.6929 31.7677 1.88443
    endloop
  endfacet
  facet normal 0.11896 0.0538798 -0.991436
    outer loop
      vertex 27.8267 33.1998 1.88443
      vertex 27.8902 33.0596 1.88443
      vertex 26.4937 32.3709 1.67944
    endloop
  endfacet
  facet normal 0.242878 0.295967 -0.923804
    outer loop
      vertex 23.79 26.8245 0
      vertex 24.4259 27.7439 0.461741
      vertex 24.8535 27.393 0.461741
    endloop
  endfacet
  facet normal 0.242833 0.295999 -0.923806
    outer loop
      vertex 24.4259 27.7439 0.461741
      vertex 23.79 26.8245 0
      vertex 23.6909 26.9058 0
    endloop
  endfacet
  facet normal 0.219836 0.234717 -0.946879
    outer loop
      vertex 25.4064 28.8621 0.966568
      vertex 24.4259 27.7439 0.461741
      vertex 24.0221 28.1221 0.461741
    endloop
  endfacet
  facet normal -0.261413 0.187328 -0.946875
    outer loop
      vertex 35.7927 30.2294 0.966568
      vertex 37.0292 29.4032 0.461741
      vertex 35.5272 29.8589 0.966568
    endloop
  endfacet
  facet normal -0.0612459 -0.0230468 -0.997857
    outer loop
      vertex 32.2276 34.8562 1.88443
      vertex 30.7436 34.3524 1.98715
      vertex 30.7255 34.4005 1.98715
    endloop
  endfacet
  facet normal -0.0912161 0.242353 -0.965891
    outer loop
      vertex 32.6661 27.6635 0.966568
      vertex 32.2394 27.5029 0.966568
      vertex 31.7518 28.9394 1.37305
    endloop
  endfacet
  facet normal -0.0128101 0.129968 -0.991435
    outer loop
      vertex 30.3071 31.7677 1.88443
      vertex 30.5103 30.224 1.67944
      vertex 30.1539 31.7526 1.88443
    endloop
  endfacet
  facet normal -0.164242 0.200184 -0.965894
    outer loop
      vertex 33.5933 30.0026 1.37305
      vertex 34.2411 28.5728 0.966568
      vertex 33.3176 29.7764 1.37305
    endloop
  endfacet
  facet normal -0.234717 0.219836 -0.946879
    outer loop
      vertex 36.3561 28.5259 0.461741
      vertex 35.9779 28.1221 0.461741
      vertex 35.2379 29.5064 0.966568
    endloop
  endfacet
  facet normal -0.157953 0.34875 -0.92381
    outer loop
      vertex 33.2352 26.2895 0.461741
      vertex 33.7786 25.3125 0
      vertex 33.6618 25.2596 0
    endloop
  endfacet
  facet normal -0.157996 0.348727 -0.923811
    outer loop
      vertex 33.7786 25.3125 0
      vertex 33.2352 26.2895 0.461741
      vertex 33.7391 26.5178 0.461741
    endloop
  endfacet
  facet normal -0.111174 0.366352 -0.923811
    outer loop
      vertex 32.9531 25.0019 0
      vertex 32.4766 24.8573 0
      vertex 32.1881 25.9341 0.461741
    endloop
  endfacet
  facet normal -0.187328 0.261413 -0.946875
    outer loop
      vertex 34.2411 28.5728 0.966568
      vertex 34.6968 27.0708 0.461741
      vertex 33.8706 28.3073 0.966568
    endloop
  endfacet
  facet normal -0.252174 0.0588539 -0.96589
    outer loop
      vertex 36.833 32.7408 0.966568
      vertex 36.7294 32.2969 0.966568
      vertex 35.2641 32.6895 1.37305
    endloop
  endfacet
  facet normal -0.377741 0.0624095 -0.923805
    outer loop
      vertex 38.2916 32.4507 0.461741
      vertex 39.4058 32.3597 0
      vertex 39.3849 32.2332 0
    endloop
  endfacet
  facet normal -0.377746 0.0623579 -0.923807
    outer loop
      vertex 39.4058 32.3597 0
      vertex 38.2916 32.4507 0.461741
      vertex 38.3817 32.9965 0.461741
    endloop
  endfacet
  facet normal -0.300994 0.113258 -0.946876
    outer loop
      vertex 38.0053 31.3825 0.461741
      vertex 37.8105 30.8648 0.461741
      vertex 36.5971 31.8606 0.966568
    endloop
  endfacet
  facet normal -0.313179 0.0730634 -0.94688
    outer loop
      vertex 38.2916 32.4507 0.461741
      vertex 38.1659 31.9119 0.461741
      vertex 36.7294 32.2969 0.966568
    endloop
  endfacet
  facet normal -0.381017 0.0375175 -0.923806
    outer loop
      vertex 39.5357 33.3466 0
      vertex 39.4869 32.851 0
      vertex 38.3817 32.9965 0.461741
    endloop
  endfacet
  facet normal 0.130521 -0.00428775 -0.991436
    outer loop
      vertex 26.0989 34.3557 1.67944
      vertex 27.6476 34.1 1.88443
      vertex 26.0905 34.1 1.67944
    endloop
  endfacet
  facet normal 0.19509 -0.00640889 -0.980764
    outer loop
      vertex 26.0989 34.3557 1.67944
      vertex 26.0905 34.1 1.67944
      vertex 24.5502 34.1 1.37305
    endloop
  endfacet
  facet normal 0.0654061 -0.00212495 -0.997856
    outer loop
      vertex 27.6526 34.2539 1.88443
      vertex 29.2164 34.1514 1.98715
      vertex 27.6476 34.1 1.88443
    endloop
  endfacet
  facet normal 0.311229 0.222965 -0.923809
    outer loop
      vertex 22.9708 29.4032 0.461741
      vertex 22.3339 28.3791 0
      vertex 22.0439 28.7839 0
    endloop
  endfacet
  facet normal 0.382639 0.0125455 -0.923813
    outer loop
      vertex 20.4475 33.6023 0
      vertex 21.5641 33.5471 0.461741
      vertex 20.4517 33.4742 0
    endloop
  endfacet
  facet normal 0.382638 0.0125262 -0.923813
    outer loop
      vertex 21.5641 33.5471 0.461741
      vertex 20.4475 33.6023 0
      vertex 21.546 34.1 0.461741
    endloop
  endfacet
  facet normal 0.381015 0.0375064 -0.923808
    outer loop
      vertex 20.4643 33.3466 0
      vertex 21.5641 33.5471 0.461741
      vertex 21.6183 32.9965 0.461741
    endloop
  endfacet
  facet normal 0.380995 0.0376218 -0.923811
    outer loop
      vertex 21.5641 33.5471 0.461741
      vertex 20.4643 33.3466 0
      vertex 20.4517 33.4742 0
    endloop
  endfacet
  facet normal 0.261422 -0.187303 -0.946877
    outer loop
      vertex 23.293 39.2465 0.461741
      vertex 24.4728 38.3411 0.966568
      vertex 22.9708 38.7968 0.461741
    endloop
  endfacet
  facet normal 0.382666 -0.0124557 -0.923803
    outer loop
      vertex 20.4475 34.5977 0
      vertex 21.546 34.1 0.461741
      vertex 20.4313 34.1 0
    endloop
  endfacet
  facet normal 0.321416 0.010522 -0.94688
    outer loop
      vertex 23.0332 34.1 0.966568
      vertex 21.5641 33.5471 0.461741
      vertex 21.546 34.1 0.461741
    endloop
  endfacet
  facet normal -0.380995 -0.0376218 -0.923811
    outer loop
      vertex 38.4359 34.6529 0.461741
      vertex 39.5357 34.8534 0
      vertex 39.5483 34.7258 0
    endloop
  endfacet
  facet normal -0.381015 -0.0375064 -0.923808
    outer loop
      vertex 39.5357 34.8534 0
      vertex 38.4359 34.6529 0.461741
      vertex 38.3817 35.2035 0.461741
    endloop
  endfacet
  facet normal -0.257708 -0.025415 -0.965889
    outer loop
      vertex 36.9519 34.5557 0.966568
      vertex 35.4382 34.4564 1.37305
      vertex 35.4032 34.8113 1.37305
    endloop
  endfacet
  facet normal -0.3173 -0.0523795 -0.946877
    outer loop
      vertex 38.2916 35.7493 0.461741
      vertex 38.3817 35.2035 0.461741
      vertex 36.833 35.4592 0.966568
    endloop
  endfacet
  facet normal -0.30774 -0.0933566 -0.94688
    outer loop
      vertex 38.0053 36.8175 0.461741
      vertex 38.1659 36.2881 0.461741
      vertex 36.7294 35.9031 0.966568
    endloop
  endfacet
  facet normal 0.113742 0.158626 -0.980765
    outer loop
      vertex 27.6201 30.9984 1.67944
      vertex 26.9722 29.5686 1.37305
      vertex 26.6824 29.7764 1.37305
    endloop
  endfacet
  facet normal -0.127178 -0.0296511 -0.991437
    outer loop
      vertex 33.7763 35.1119 1.67944
      vertex 33.8344 34.8627 1.67944
      vertex 32.3072 34.5589 1.88443
    endloop
  endfacet
  facet normal -0.242358 -0.0912179 -0.965889
    outer loop
      vertex 36.4365 36.7661 0.966568
      vertex 36.5971 36.3394 0.966568
      vertex 35.035 36.1856 1.37305
    endloop
  endfacet
  facet normal -0.252184 -0.0588164 -0.96589
    outer loop
      vertex 36.7294 35.9031 0.966568
      vertex 35.3451 35.1632 1.37305
      vertex 35.2641 35.5105 1.37305
    endloop
  endfacet
  facet normal -0.255497 0.0421474 -0.965891
    outer loop
      vertex 36.9072 33.1906 0.966568
      vertex 36.833 32.7408 0.966568
      vertex 35.4032 33.3887 1.37305
    endloop
  endfacet
  facet normal -0.31318 0.0730919 -0.946877
    outer loop
      vertex 36.833 32.7408 0.966568
      vertex 38.2916 32.4507 0.461741
      vertex 36.7294 32.2969 0.966568
    endloop
  endfacet
  facet normal -0.320045 -0.0315047 -0.946878
    outer loop
      vertex 38.3817 35.2035 0.461741
      vertex 38.4359 34.6529 0.461741
      vertex 36.9519 34.5557 0.966568
    endloop
  endfacet
  facet normal -0.382639 0.0125455 -0.923813
    outer loop
      vertex 38.4359 33.5471 0.461741
      vertex 39.5525 33.6023 0
      vertex 39.5483 33.4742 0
    endloop
  endfacet
  facet normal -0.382638 0.0125262 -0.923813
    outer loop
      vertex 39.5525 33.6023 0
      vertex 38.4359 33.5471 0.461741
      vertex 38.454 34.1 0.461741
    endloop
  endfacet
  facet normal -0.358341 -0.134836 -0.923802
    outer loop
      vertex 37.8105 37.3352 0.461741
      vertex 38.8855 37.6418 0
      vertex 38.0053 36.8175 0.461741
    endloop
  endfacet
  facet normal -0.358384 -0.134693 -0.923807
    outer loop
      vertex 38.8855 37.6418 0
      vertex 37.8105 37.3352 0.461741
      vertex 38.8404 37.7618 0
    endloop
  endfacet
  facet normal -0.247809 -0.0751434 -0.96589
    outer loop
      vertex 36.5971 36.3394 0.966568
      vertex 36.7294 35.9031 0.966568
      vertex 35.1606 35.8518 1.37305
    endloop
  endfacet
  facet normal -0.366355 -0.111162 -0.923811
    outer loop
      vertex 38.1659 36.2881 0.461741
      vertex 39.2055 36.6992 0
      vertex 39.2427 36.5766 0
    endloop
  endfacet
  facet normal -0.366363 -0.111141 -0.92381
    outer loop
      vertex 39.2055 36.6992 0
      vertex 38.1659 36.2881 0.461741
      vertex 38.0053 36.8175 0.461741
    endloop
  endfacet
  facet normal -0.377748 -0.0623556 -0.923807
    outer loop
      vertex 39.4058 35.8403 0
      vertex 39.4869 35.349 0
      vertex 38.3817 35.2035 0.461741
    endloop
  endfacet
  facet normal -0.235849 -0.106887 -0.965893
    outer loop
      vertex 36.2484 37.1814 0.966568
      vertex 35.035 36.1856 1.37305
      vertex 34.8878 36.5104 1.37305
    endloop
  endfacet
  facet normal -0.283623 -0.151607 -0.946876
    outer loop
      vertex 37.3214 38.327 0.461741
      vertex 37.5822 37.8391 0.461741
      vertex 36.2484 37.1814 0.966568
    endloop
  endfacet
  facet normal -0.219834 -0.23472 -0.946879
    outer loop
      vertex 35.9779 40.0779 0.461741
      vertex 34.9263 39.0263 0.966568
      vertex 34.5936 39.3379 0.966568
    endloop
  endfacet
  facet normal -0.165758 -0.103055 -0.980767
    outer loop
      vertex 34.5314 37.1278 1.37305
      vertex 33.3857 36.0547 1.67944
      vertex 33.2506 36.272 1.67944
    endloop
  endfacet
  facet normal -0.204006 -0.248598 -0.946879
    outer loop
      vertex 35.1465 40.807 0.461741
      vertex 35.5741 40.4561 0.461741
      vertex 34.5936 39.3379 0.966568
    endloop
  endfacet
  facet normal -0.23472 -0.219834 -0.946879
    outer loop
      vertex 35.9779 40.0779 0.461741
      vertex 35.2379 38.6936 0.966568
      vertex 34.9263 39.0263 0.966568
    endloop
  endfacet
  facet normal -0.234717 -0.219836 -0.946879
    outer loop
      vertex 35.9779 40.0779 0.461741
      vertex 36.3561 39.6741 0.461741
      vertex 35.2379 38.6936 0.966568
    endloop
  endfacet
  facet normal -0.150837 -0.21049 -0.965889
    outer loop
      vertex 33.8706 39.8927 0.966568
      vertex 34.2411 39.6272 0.966568
      vertex 33.0278 38.6314 1.37305
    endloop
  endfacet
  facet normal -0.261422 -0.187303 -0.946877
    outer loop
      vertex 36.707 39.2465 0.461741
      vertex 37.0292 38.7968 0.461741
      vertex 35.5272 38.3411 0.966568
    endloop
  endfacet
  facet normal -0.279456 -0.261697 -0.923807
    outer loop
      vertex 36.8538 40.7726 0
      vertex 37.1942 40.4091 0
      vertex 36.3561 39.6741 0.461741
    endloop
  endfacet
  facet normal -0.311229 -0.222965 -0.923809
    outer loop
      vertex 37.6661 39.8209 0
      vertex 37.9561 39.4161 0
      vertex 37.0292 38.7968 0.461741
    endloop
  endfacet
  facet normal -0.325112 -0.202186 -0.923809
    outer loop
      vertex 37.9561 39.4161 0
      vertex 38.2191 38.9932 0
      vertex 37.0292 38.7968 0.461741
    endloop
  endfacet
  facet normal -0.295947 -0.242893 -0.923807
    outer loop
      vertex 37.1942 40.4091 0
      vertex 37.5101 40.0242 0
      vertex 36.3561 39.6741 0.461741
    endloop
  endfacet
  facet normal -0.261929 -0.279251 -0.923803
    outer loop
      vertex 35.9779 40.0779 0.461741
      vertex 36.6726 40.9538 0
      vertex 36.7661 40.8661 0
    endloop
  endfacet
  facet normal -0.261712 -0.279427 -0.923811
    outer loop
      vertex 36.6726 40.9538 0
      vertex 35.9779 40.0779 0.461741
      vertex 35.5741 40.4561 0.461741
    endloop
  endfacet
  facet normal -0.136756 -0.219899 -0.965889
    outer loop
      vertex 33.4834 40.1335 0.966568
      vertex 33.8706 39.8927 0.966568
      vertex 33.0278 38.6314 1.37305
    endloop
  endfacet
  facet normal -0.169851 -0.273086 -0.946876
    outer loop
      vertex 34.227 41.4214 0.461741
      vertex 34.6968 41.1292 0.461741
      vertex 33.4834 40.1335 0.966568
    endloop
  endfacet
  facet normal 0.136711 -0.219914 -0.965892
    outer loop
      vertex 27.2751 38.8197 1.37305
      vertex 26.9722 38.6314 1.37305
      vertex 26.5166 40.1335 0.966568
    endloop
  endfacet
  facet normal 0.17214 -0.0920087 -0.980766
    outer loop
      vertex 25.2803 36.8249 1.37305
      vertex 26.4937 35.8291 1.67944
      vertex 25.1122 36.5104 1.37305
    endloop
  endfacet
  facet normal -0.053195 0.0381118 -0.997857
    outer loop
      vertex 31.956 32.7931 1.88443
      vertex 31.8663 32.6679 1.88443
      vertex 30.623 33.622 1.98715
    endloop
  endfacet
  facet normal -0.0920078 -0.172138 -0.980767
    outer loop
      vertex 32.4104 38.9878 1.37305
      vertex 32.7249 38.8197 1.37305
      vertex 31.9547 37.4857 1.67944
    endloop
  endfacet
  facet normal 0.133429 -0.142459 -0.980766
    outer loop
      vertex 26.4067 38.1974 1.37305
      vertex 27.2356 36.8644 1.67944
      vertex 26.1464 37.9536 1.37305
    endloop
  endfacet
  facet normal 0.366363 -0.111141 -0.92381
    outer loop
      vertex 21.8341 36.2881 0.461741
      vertex 20.7945 36.6992 0
      vertex 21.9947 36.8175 0.461741
    endloop
  endfacet
  facet normal 0.366355 -0.111162 -0.923811
    outer loop
      vertex 20.7945 36.6992 0
      vertex 21.8341 36.2881 0.461741
      vertex 20.7573 36.5766 0
    endloop
  endfacet
  facet normal 0.252184 -0.0588164 -0.96589
    outer loop
      vertex 24.7359 35.5105 1.37305
      vertex 24.6549 35.1632 1.37305
      vertex 23.2706 35.9031 0.966568
    endloop
  endfacet
  facet normal 0.257708 -0.025415 -0.965889
    outer loop
      vertex 24.5968 34.8113 1.37305
      vertex 24.5618 34.4564 1.37305
      vertex 23.0481 34.5557 0.966568
    endloop
  endfacet
  facet normal 0.192587 -0.0317969 -0.980765
    outer loop
      vertex 24.6549 35.1632 1.37305
      vertex 26.1656 34.8627 1.67944
      vertex 24.5968 34.8113 1.37305
    endloop
  endfacet
  facet normal 0.127178 -0.0296511 -0.991437
    outer loop
      vertex 26.2237 35.1119 1.67944
      vertex 27.6928 34.5589 1.88443
      vertex 26.1656 34.8627 1.67944
    endloop
  endfacet
  facet normal 0.204021 -0.248592 -0.946878
    outer loop
      vertex 25.7589 39.6272 0.966568
      vertex 25.4064 39.3379 0.966568
      vertex 24.8535 40.807 0.461741
    endloop
  endfacet
  facet normal 0.202186 -0.325112 -0.923809
    outer loop
      vertex 25.1068 42.3191 0
      vertex 25.3032 41.1292 0.461741
      vertex 24.6839 42.0561 0
    endloop
  endfacet
  facet normal 0.134842 -0.358323 -0.923809
    outer loop
      vertex 26.8043 43.1158 0
      vertex 26.7648 41.9105 0.461741
      vertex 26.3382 42.9404 0
    endloop
  endfacet
  facet normal -0.157991 -0.348734 -0.923809
    outer loop
      vertex 33.6618 42.9404 0
      vertex 34.1154 42.7349 0
      vertex 33.2352 41.9105 0.461741
    endloop
  endfacet
  facet normal -0.132715 -0.292927 -0.946879
    outer loop
      vertex 33.2352 41.9105 0.461741
      vertex 33.7391 41.6822 0.461741
      vertex 32.6661 40.5365 0.966568
    endloop
  endfacet
  facet normal 0.0566887 -0.186775 -0.980766
    outer loop
      vertex 28.9881 37.8763 1.67944
      vertex 28.7433 37.802 1.67944
      vertex 28.2482 39.2606 1.37305
    endloop
  endfacet
  facet normal -0.110909 -0.0689542 -0.991436
    outer loop
      vertex 33.2506 36.272 1.67944
      vertex 33.3857 36.0547 1.67944
      vertex 31.956 35.4069 1.88443
    endloop
  endfacet
  facet normal 0.127201 0.0295954 -0.991435
    outer loop
      vertex 27.6928 33.6411 1.88443
      vertex 27.7277 33.4911 1.88443
      vertex 26.2237 33.0882 1.67944
    endloop
  endfacet
  facet normal 0.037929 -0.124967 -0.991436
    outer loop
      vertex 28.9881 37.8763 1.67944
      vertex 29.2438 36.3276 1.88443
      vertex 28.7433 37.802 1.67944
    endloop
  endfacet
  facet normal -0.128858 -0.0212382 -0.991436
    outer loop
      vertex 33.8344 34.8627 1.67944
      vertex 33.876 34.6103 1.67944
      vertex 32.3323 34.4071 1.88443
    endloop
  endfacet
  facet normal -0.258812 -0.00846235 -0.965891
    outer loop
      vertex 36.9519 34.5557 0.966568
      vertex 36.9668 34.1 0.966568
      vertex 35.4498 34.1 1.37305
    endloop
  endfacet
  facet normal -0.124972 -0.0378985 -0.991436
    outer loop
      vertex 33.7763 35.1119 1.67944
      vertex 32.2723 34.7088 1.88443
      vertex 32.2276 34.8562 1.88443
    endloop
  endfacet
  facet normal -0.186775 -0.0566887 -0.980766
    outer loop
      vertex 35.1606 35.8518 1.37305
      vertex 33.7763 35.1119 1.67944
      vertex 33.702 35.3567 1.67944
    endloop
  endfacet
  facet normal 0.0477772 0.0447195 -0.997856
    outer loop
      vertex 29.4096 33.5822 1.98715
      vertex 29.4447 33.5447 1.98715
      vertex 28.2314 32.5489 1.88443
    endloop
  endfacet
  facet normal 0.248598 0.204006 -0.946879
    outer loop
      vertex 24.7621 29.5064 0.966568
      vertex 23.6439 28.5259 0.461741
      vertex 23.293 28.9535 0.461741
    endloop
  endfacet
  facet normal 0.0596129 0.0270002 -0.997856
    outer loop
      vertex 29.2957 33.7527 1.98715
      vertex 27.8902 33.0596 1.88443
      vertex 27.8267 33.1998 1.88443
    endloop
  endfacet
  facet normal 0.0760774 -0.106151 -0.991435
    outer loop
      vertex 27.828 37.3506 1.67944
      vertex 28.5679 35.9663 1.88443
      vertex 27.6201 37.2016 1.67944
    endloop
  endfacet
  facet normal 0.129967 0.0128101 -0.991436
    outer loop
      vertex 27.6526 33.9461 1.88443
      vertex 27.6677 33.7929 1.88443
      vertex 26.0989 33.8443 1.67944
    endloop
  endfacet
  facet normal 0.235888 0.106839 -0.965889
    outer loop
      vertex 24.965 32.0144 1.37305
      vertex 23.7516 31.0186 0.966568
      vertex 23.5635 31.4339 0.966568
    endloop
  endfacet
  facet normal 0.122219 0.0459981 -0.991437
    outer loop
      vertex 27.8267 33.1998 1.88443
      vertex 26.3881 32.6039 1.67944
      vertex 26.298 32.8433 1.67944
    endloop
  endfacet
  facet normal -0.242892 0.295945 -0.923808
    outer loop
      vertex 36.21 26.8245 0
      vertex 35.8251 26.5086 0
      vertex 35.1465 27.393 0.461741
    endloop
  endfacet
  facet normal -0.279387 0.261776 -0.923806
    outer loop
      vertex 37.1065 27.6973 0
      vertex 36.3561 28.5259 0.461741
      vertex 37.1942 27.7909 0
    endloop
  endfacet
  facet normal -0.279441 0.261725 -0.923803
    outer loop
      vertex 36.3561 28.5259 0.461741
      vertex 37.1065 27.6973 0
      vertex 35.9779 28.1221 0.461741
    endloop
  endfacet
  facet normal -0.325063 0.202268 -0.923808
    outer loop
      vertex 38.2191 29.2068 0
      vertex 37.3214 29.873 0.461741
      vertex 38.2868 29.3156 0
    endloop
  endfacet
  facet normal -0.325108 0.202206 -0.923806
    outer loop
      vertex 37.3214 29.873 0.461741
      vertex 38.2191 29.2068 0
      vertex 37.0292 29.4032 0.461741
    endloop
  endfacet
  facet normal -0.292937 0.13272 -0.946876
    outer loop
      vertex 37.8105 30.8648 0.461741
      vertex 37.5822 30.3609 0.461741
      vertex 36.2484 31.0186 0.966568
    endloop
  endfacet
  facet normal 0.0623563 0.377752 -0.923805
    outer loop
      vertex 28.3507 25.8084 0.461741
      vertex 28.6245 24.634 0
      vertex 28.1332 24.7151 0
    endloop
  endfacet
  facet normal -0.158626 0.113742 -0.980765
    outer loop
      vertex 34.5314 31.0722 1.37305
      vertex 34.3236 30.7824 1.37305
      vertex 33.1016 31.7201 1.67944
    endloop
  endfacet
  facet normal -0.188998 0.177011 -0.965892
    outer loop
      vertex 35.2379 29.5064 0.966568
      vertex 34.9263 29.1737 0.966568
      vertex 33.8536 30.2464 1.37305
    endloop
  endfacet
  facet normal -0.019156 0.194242 -0.980767
    outer loop
      vertex 30.5103 30.224 1.67944
      vertex 30.7113 28.6968 1.37305
      vertex 30.3564 28.6618 1.37305
    endloop
  endfacet
  facet normal -0.0730651 0.313186 -0.946877
    outer loop
      vertex 32.1881 25.9341 0.461741
      vertex 31.6493 25.8084 0.461741
      vertex 31.3592 27.267 0.966568
    endloop
  endfacet
  facet normal -0.1222 0.0460795 -0.991435
    outer loop
      vertex 32.2276 33.3438 1.88443
      vertex 33.702 32.8433 1.67944
      vertex 32.1733 33.1998 1.88443
    endloop
  endfacet
  facet normal -0.150888 0.21043 -0.965894
    outer loop
      vertex 33.3176 29.7764 1.37305
      vertex 34.2411 28.5728 0.966568
      vertex 33.0278 29.5686 1.37305
    endloop
  endfacet
  facet normal -0.150837 0.21049 -0.965889
    outer loop
      vertex 34.2411 28.5728 0.966568
      vertex 33.8706 28.3073 0.966568
      vertex 33.0278 29.5686 1.37305
    endloop
  endfacet
  facet normal -0.0421474 0.255497 -0.965891
    outer loop
      vertex 31.3592 27.267 0.966568
      vertex 30.9094 27.1928 0.966568
      vertex 30.7113 28.6968 1.37305
    endloop
  endfacet
  facet normal -0.307762 0.0933232 -0.946876
    outer loop
      vertex 36.7294 32.2969 0.966568
      vertex 38.0053 31.3825 0.461741
      vertex 36.5971 31.8606 0.966568
    endloop
  endfacet
  facet normal -0.24781 0.0751438 -0.96589
    outer loop
      vertex 36.7294 32.2969 0.966568
      vertex 36.5971 31.8606 0.966568
      vertex 35.2641 32.6895 1.37305
    endloop
  endfacet
  facet normal -0.300977 0.113281 -0.946879
    outer loop
      vertex 36.5971 31.8606 0.966568
      vertex 37.8105 30.8648 0.461741
      vertex 36.4365 31.4339 0.966568
    endloop
  endfacet
  facet normal -0.228366 0.122062 -0.965893
    outer loop
      vertex 34.8878 31.6896 1.37305
      vertex 36.2484 31.0186 0.966568
      vertex 34.7197 31.3751 1.37305
    endloop
  endfacet
  facet normal 0.381017 0.0375175 -0.923806
    outer loop
      vertex 21.6183 32.9965 0.461741
      vertex 20.5131 32.851 0
      vertex 20.4643 33.3466 0
    endloop
  endfacet
  facet normal 0.381015 -0.0375064 -0.923808
    outer loop
      vertex 21.5641 34.6529 0.461741
      vertex 20.4643 34.8534 0
      vertex 21.6183 35.2035 0.461741
    endloop
  endfacet
  facet normal 0.380995 -0.0376218 -0.923811
    outer loop
      vertex 20.4643 34.8534 0
      vertex 21.5641 34.6529 0.461741
      vertex 20.4517 34.7258 0
    endloop
  endfacet
  facet normal 0.382638 -0.0125262 -0.923813
    outer loop
      vertex 20.4475 34.5977 0
      vertex 21.5641 34.6529 0.461741
      vertex 21.546 34.1 0.461741
    endloop
  endfacet
  facet normal 0.382639 -0.0125455 -0.923813
    outer loop
      vertex 21.5641 34.6529 0.461741
      vertex 20.4475 34.5977 0
      vertex 20.4517 34.7258 0
    endloop
  endfacet
  facet normal -0.382666 0.0124557 -0.923803
    outer loop
      vertex 39.5687 34.1 0
      vertex 39.5525 33.6023 0
      vertex 38.454 34.1 0.461741
    endloop
  endfacet
  facet normal -0.382666 -0.0124557 -0.923803
    outer loop
      vertex 39.5525 34.5977 0
      vertex 39.5687 34.1 0
      vertex 38.454 34.1 0.461741
    endloop
  endfacet
  facet normal -0.235888 -0.106839 -0.965889
    outer loop
      vertex 36.2484 37.1814 0.966568
      vertex 36.4365 36.7661 0.966568
      vertex 35.035 36.1856 1.37305
    endloop
  endfacet
  facet normal -0.118943 -0.0539072 -0.991437
    outer loop
      vertex 33.5063 35.8291 1.67944
      vertex 33.6119 35.5961 1.67944
      vertex 32.1733 35.0002 1.88443
    endloop
  endfacet
  facet normal -0.255497 -0.0421474 -0.965891
    outer loop
      vertex 36.833 35.4592 0.966568
      vertex 36.9072 35.0094 0.966568
      vertex 35.4032 34.8113 1.37305
    endloop
  endfacet
  facet normal -0.247808 -0.0751485 -0.96589
    outer loop
      vertex 36.7294 35.9031 0.966568
      vertex 35.2641 35.5105 1.37305
      vertex 35.1606 35.8518 1.37305
    endloop
  endfacet
  facet normal -0.122219 -0.0459981 -0.991437
    outer loop
      vertex 33.6119 35.5961 1.67944
      vertex 33.702 35.3567 1.67944
      vertex 32.1733 35.0002 1.88443
    endloop
  endfacet
  facet normal -0.182685 -0.0687394 -0.980766
    outer loop
      vertex 35.035 36.1856 1.37305
      vertex 35.1606 35.8518 1.37305
      vertex 33.702 35.3567 1.67944
    endloop
  endfacet
  facet normal -0.21043 0.150888 -0.965894
    outer loop
      vertex 34.5314 31.0722 1.37305
      vertex 35.5272 29.8589 0.966568
      vertex 34.3236 30.7824 1.37305
    endloop
  endfacet
  facet normal -0.177781 0.0805706 -0.980766
    outer loop
      vertex 35.035 32.0144 1.37305
      vertex 34.8878 31.6896 1.37305
      vertex 33.5063 32.3709 1.67944
    endloop
  endfacet
  facet normal -0.0645649 0.0106757 -0.997856
    outer loop
      vertex 32.3323 33.7929 1.88443
      vertex 32.3072 33.6411 1.88443
      vertex 30.7702 33.9468 1.98715
    endloop
  endfacet
  facet normal -0.192586 0.0317416 -0.980767
    outer loop
      vertex 33.876 33.5897 1.67944
      vertex 35.4032 33.3887 1.37305
      vertex 33.8344 33.3373 1.67944
    endloop
  endfacet
  facet normal -0.194241 -0.0191559 -0.980767
    outer loop
      vertex 35.4032 34.8113 1.37305
      vertex 35.4382 34.4564 1.37305
      vertex 33.9011 34.3557 1.67944
    endloop
  endfacet
  facet normal -0.19509 0.00640889 -0.980764
    outer loop
      vertex 33.9095 34.1 1.67944
      vertex 35.4498 34.1 1.37305
      vertex 33.9011 33.8443 1.67944
    endloop
  endfacet
  facet normal -0.320035 0.0315308 -0.946881
    outer loop
      vertex 36.9519 33.6443 0.966568
      vertex 38.3817 32.9965 0.461741
      vertex 36.9072 33.1906 0.966568
    endloop
  endfacet
  facet normal -0.317295 0.0523417 -0.946881
    outer loop
      vertex 36.9072 33.1906 0.966568
      vertex 38.3817 32.9965 0.461741
      vertex 36.833 32.7408 0.966568
    endloop
  endfacet
  facet normal -0.317295 -0.0523417 -0.946881
    outer loop
      vertex 38.3817 35.2035 0.461741
      vertex 36.9072 35.0094 0.966568
      vertex 36.833 35.4592 0.966568
    endloop
  endfacet
  facet normal -0.31318 -0.0730919 -0.946877
    outer loop
      vertex 38.2916 35.7493 0.461741
      vertex 36.833 35.4592 0.966568
      vertex 36.7294 35.9031 0.966568
    endloop
  endfacet
  facet normal -0.337737 -0.180365 -0.923798
    outer loop
      vertex 37.5822 37.8391 0.461741
      vertex 38.5215 38.4452 0
      vertex 38.5819 38.3321 0
    endloop
  endfacet
  facet normal -0.337658 -0.18049 -0.923802
    outer loop
      vertex 38.5215 38.4452 0
      vertex 37.5822 37.8391 0.461741
      vertex 37.3214 38.327 0.461741
    endloop
  endfacet
  facet normal -0.292937 -0.13272 -0.946876
    outer loop
      vertex 37.5822 37.8391 0.461741
      vertex 37.8105 37.3352 0.461741
      vertex 36.2484 37.1814 0.966568
    endloop
  endfacet
  facet normal -0.348729 -0.157997 -0.92381
    outer loop
      vertex 37.5822 37.8391 0.461741
      vertex 38.6349 38.2154 0
      vertex 37.8105 37.3352 0.461741
    endloop
  endfacet
  facet normal -0.348608 -0.158322 -0.9238
    outer loop
      vertex 38.6349 38.2154 0
      vertex 37.5822 37.8391 0.461741
      vertex 38.5819 38.3321 0
    endloop
  endfacet
  facet normal -0.377746 -0.0623579 -0.923807
    outer loop
      vertex 38.2916 35.7493 0.461741
      vertex 39.4058 35.8403 0
      vertex 38.3817 35.2035 0.461741
    endloop
  endfacet
  facet normal -0.377741 -0.0624095 -0.923805
    outer loop
      vertex 39.4058 35.8403 0
      vertex 38.2916 35.7493 0.461741
      vertex 39.3849 35.9668 0
    endloop
  endfacet
  facet normal -0.372844 -0.0869456 -0.923812
    outer loop
      vertex 39.2427 36.5766 0
      vertex 39.3558 36.0916 0
      vertex 38.1659 36.2881 0.461741
    endloop
  endfacet
  facet normal -0.150901 -0.123807 -0.980765
    outer loop
      vertex 34.0974 37.6933 1.37305
      vertex 34.3236 37.4176 1.37305
      vertex 32.9393 36.6777 1.67944
    endloop
  endfacet
  facet normal -0.228362 -0.122077 -0.965892
    outer loop
      vertex 36.0335 37.5834 0.966568
      vertex 36.2484 37.1814 0.966568
      vertex 34.7197 36.8249 1.37305
    endloop
  endfacet
  facet normal -0.150897 -0.123815 -0.980765
    outer loop
      vertex 34.3236 37.4176 1.37305
      vertex 33.1016 36.4799 1.67944
      vertex 32.9393 36.6777 1.67944
    endloop
  endfacet
  facet normal -0.210447 -0.150901 -0.965889
    outer loop
      vertex 35.7927 37.9706 0.966568
      vertex 34.5314 37.1278 1.37305
      vertex 34.3236 37.4176 1.37305
    endloop
  endfacet
  facet normal -0.164242 -0.200184 -0.965894
    outer loop
      vertex 34.2411 39.6272 0.966568
      vertex 33.5933 38.1974 1.37305
      vertex 33.3176 38.4236 1.37305
    endloop
  endfacet
  facet normal -0.177012 -0.188998 -0.965892
    outer loop
      vertex 34.5936 39.3379 0.966568
      vertex 34.9263 39.0263 0.966568
      vertex 33.5933 38.1974 1.37305
    endloop
  endfacet
  facet normal -0.123813 -0.150895 -0.980765
    outer loop
      vertex 33.5933 38.1974 1.37305
      vertex 32.5777 37.0393 1.67944
      vertex 32.3799 37.2016 1.67944
    endloop
  endfacet
  facet normal -0.210476 -0.150827 -0.965894
    outer loop
      vertex 35.5272 38.3411 0.966568
      vertex 35.7927 37.9706 0.966568
      vertex 34.3236 37.4176 1.37305
    endloop
  endfacet
  facet normal -0.16984 -0.273098 -0.946875
    outer loop
      vertex 34.6968 41.1292 0.461741
      vertex 33.8706 39.8927 0.966568
      vertex 33.4834 40.1335 0.966568
    endloop
  endfacet
  facet normal -0.187328 -0.261413 -0.946875
    outer loop
      vertex 34.6968 41.1292 0.461741
      vertex 34.2411 39.6272 0.966568
      vertex 33.8706 39.8927 0.966568
    endloop
  endfacet
  facet normal -0.164278 -0.200166 -0.965891
    outer loop
      vertex 34.2411 39.6272 0.966568
      vertex 34.5936 39.3379 0.966568
      vertex 33.5933 38.1974 1.37305
    endloop
  endfacet
  facet normal -0.204021 -0.248592 -0.946878
    outer loop
      vertex 35.1465 40.807 0.461741
      vertex 34.5936 39.3379 0.966568
      vertex 34.2411 39.6272 0.966568
    endloop
  endfacet
  facet normal -0.279427 -0.261712 -0.923811
    outer loop
      vertex 35.9779 40.0779 0.461741
      vertex 36.8538 40.7726 0
      vertex 36.3561 39.6741 0.461741
    endloop
  endfacet
  facet normal -0.279251 -0.261929 -0.923803
    outer loop
      vertex 36.8538 40.7726 0
      vertex 35.9779 40.0779 0.461741
      vertex 36.7661 40.8661 0
    endloop
  endfacet
  facet normal -0.219836 -0.234717 -0.946879
    outer loop
      vertex 35.5741 40.4561 0.461741
      vertex 35.9779 40.0779 0.461741
      vertex 34.5936 39.3379 0.966568
    endloop
  endfacet
  facet normal -0.248598 -0.204006 -0.946879
    outer loop
      vertex 36.3561 39.6741 0.461741
      vertex 36.707 39.2465 0.461741
      vertex 35.2379 38.6936 0.966568
    endloop
  endfacet
  facet normal -0.222965 -0.311229 -0.923809
    outer loop
      vertex 35.3161 42.0561 0
      vertex 35.7209 41.7661 0
      vertex 34.6968 41.1292 0.461741
    endloop
  endfacet
  facet normal -0.223066 -0.311158 -0.923809
    outer loop
      vertex 35.1465 40.807 0.461741
      vertex 35.7209 41.7661 0
      vertex 35.8251 41.6914 0
    endloop
  endfacet
  facet normal -0.222977 -0.311212 -0.923812
    outer loop
      vertex 35.7209 41.7661 0
      vertex 35.1465 40.807 0.461741
      vertex 34.6968 41.1292 0.461741
    endloop
  endfacet
  facet normal 0.165758 -0.103055 -0.980767
    outer loop
      vertex 26.7494 36.272 1.67944
      vertex 26.6143 36.0547 1.67944
      vertex 25.4686 37.1278 1.37305
    endloop
  endfacet
  facet normal -0.00641894 0.0651246 -0.997856
    outer loop
      vertex 30.3071 31.7677 1.88443
      vertex 30.1539 31.7526 1.88443
      vertex 30.0514 33.3164 1.98715
    endloop
  endfacet
  facet normal -0.0612328 -0.0230899 -0.997856
    outer loop
      vertex 32.1733 35.0002 1.88443
      vertex 32.2276 34.8562 1.88443
      vertex 30.7255 34.4005 1.98715
    endloop
  endfacet
  facet normal 0.200192 -0.164249 -0.965891
    outer loop
      vertex 25.9026 37.6933 1.37305
      vertex 25.6764 37.4176 1.37305
      vertex 24.7621 38.6936 0.966568
    endloop
  endfacet
  facet normal 0.115168 -0.0615697 -0.991436
    outer loop
      vertex 27.9628 35.2762 1.88443
      vertex 27.8902 35.1404 1.88443
      vertex 26.4937 35.8291 1.67944
    endloop
  endfacet
  facet normal 0.0577232 0.0308367 -0.997856
    outer loop
      vertex 29.2957 33.7527 1.98715
      vertex 29.3199 33.7074 1.98715
      vertex 27.9628 32.9238 1.88443
    endloop
  endfacet
  facet normal -0.151616 -0.283619 -0.946875
    outer loop
      vertex 33.7391 41.6822 0.461741
      vertex 33.4834 40.1335 0.966568
      vertex 33.0814 40.3484 0.966568
    endloop
  endfacet
  facet normal -0.113241 -0.301007 -0.946874
    outer loop
      vertex 32.7174 42.1053 0.461741
      vertex 33.2352 41.9105 0.461741
      vertex 32.2394 40.6971 0.966568
    endloop
  endfacet
  facet normal 0.247808 -0.0751485 -0.96589
    outer loop
      vertex 24.8394 35.8518 1.37305
      vertex 24.7359 35.5105 1.37305
      vertex 23.2706 35.9031 0.966568
    endloop
  endfacet
  facet normal 0.186775 -0.0566887 -0.980766
    outer loop
      vertex 26.298 35.3567 1.67944
      vertex 26.2237 35.1119 1.67944
      vertex 24.8394 35.8518 1.37305
    endloop
  endfacet
  facet normal 0.122064 -0.22837 -0.965892
    outer loop
      vertex 27.5896 38.9878 1.37305
      vertex 27.2751 38.8197 1.37305
      vertex 26.5166 40.1335 0.966568
    endloop
  endfacet
  facet normal 0.273086 -0.169851 -0.946876
    outer loop
      vertex 22.9708 38.7968 0.461741
      vertex 23.9665 37.5834 0.966568
      vertex 22.6786 38.327 0.461741
    endloop
  endfacet
  facet normal 0.128858 -0.0212382 -0.991436
    outer loop
      vertex 26.1656 34.8627 1.67944
      vertex 27.6677 34.4071 1.88443
      vertex 26.124 34.6103 1.67944
    endloop
  endfacet
  facet normal 0.192586 -0.0317416 -0.980767
    outer loop
      vertex 26.1656 34.8627 1.67944
      vertex 26.124 34.6103 1.67944
      vertex 24.5968 34.8113 1.37305
    endloop
  endfacet
  facet normal 0.0253899 -0.257704 -0.96589
    outer loop
      vertex 29.5443 41.0519 0.966568
      vertex 29.2887 39.5032 1.37305
      vertex 29.0906 41.0072 0.966568
    endloop
  endfacet
  facet normal 0.123808 -0.150902 -0.980765
    outer loop
      vertex 26.6824 38.4236 1.37305
      vertex 27.6201 37.2016 1.67944
      vertex 26.4067 38.1974 1.37305
    endloop
  endfacet
  facet normal 0.113241 -0.301007 -0.946874
    outer loop
      vertex 27.2826 42.1053 0.461741
      vertex 27.7606 40.6971 0.966568
      vertex 26.7648 41.9105 0.461741
    endloop
  endfacet
  facet normal 0.157991 -0.348734 -0.923809
    outer loop
      vertex 26.3382 42.9404 0
      vertex 26.7648 41.9105 0.461741
      vertex 25.8846 42.7349 0
    endloop
  endfacet
  facet normal 0.111174 -0.366352 -0.923811
    outer loop
      vertex 27.5234 43.3427 0
      vertex 27.8119 42.2659 0.461741
      vertex 27.0469 43.1981 0
    endloop
  endfacet
  facet normal 0.157997 -0.348729 -0.92381
    outer loop
      vertex 26.2609 41.6822 0.461741
      vertex 25.8846 42.7349 0
      vertex 26.7648 41.9105 0.461741
    endloop
  endfacet
  facet normal 0.158322 -0.348608 -0.9238
    outer loop
      vertex 25.8846 42.7349 0
      vertex 26.2609 41.6822 0.461741
      vertex 25.7679 42.6819 0
    endloop
  endfacet
  facet normal 0.0623563 -0.377752 -0.923805
    outer loop
      vertex 28.6245 43.566 0
      vertex 28.3507 42.3916 0.461741
      vertex 28.1332 43.4849 0
    endloop
  endfacet
  facet normal 0.0122477 -0.382667 -0.923805
    outer loop
      vertex 30 42.554 0.461741
      vertex 29.8719 43.6646 0
      vertex 30 43.6687 0
    endloop
  endfacet
  facet normal 0.0125262 -0.382638 -0.923813
    outer loop
      vertex 29.8719 43.6646 0
      vertex 30 42.554 0.461741
      vertex 29.4471 42.5359 0.461741
    endloop
  endfacet
  facet normal -0.0373277 -0.381041 -0.923804
    outer loop
      vertex 31.1035 42.4817 0.461741
      vertex 31.1214 43.5994 0
      vertex 31.249 43.5869 0
    endloop
  endfacet
  facet normal -0.0375085 -0.381036 -0.923799
    outer loop
      vertex 31.1214 43.5994 0
      vertex 31.1035 42.4817 0.461741
      vertex 30.5529 42.5359 0.461741
    endloop
  endfacet
  facet normal 0.0523437 -0.317307 -0.946877
    outer loop
      vertex 29.0906 41.0072 0.966568
      vertex 28.6408 40.933 0.966568
      vertex 28.3507 42.3916 0.461741
    endloop
  endfacet
  facet normal -0.134842 -0.358323 -0.923809
    outer loop
      vertex 33.6618 42.9404 0
      vertex 33.2352 41.9105 0.461741
      vertex 33.1957 43.1158 0
    endloop
  endfacet
  facet normal -0.103048 -0.165764 -0.980767
    outer loop
      vertex 32.7249 38.8197 1.37305
      vertex 33.0278 38.6314 1.37305
      vertex 31.9547 37.4857 1.67944
    endloop
  endfacet
  facet normal -0.151605 -0.283621 -0.946877
    outer loop
      vertex 33.7391 41.6822 0.461741
      vertex 34.227 41.4214 0.461741
      vertex 33.4834 40.1335 0.966568
    endloop
  endfacet
  facet normal -0.158322 -0.348608 -0.9238
    outer loop
      vertex 33.7391 41.6822 0.461741
      vertex 34.1154 42.7349 0
      vertex 34.2321 42.6819 0
    endloop
  endfacet
  facet normal -0.157997 -0.348729 -0.92381
    outer loop
      vertex 34.1154 42.7349 0
      vertex 33.7391 41.6822 0.461741
      vertex 33.2352 41.9105 0.461741
    endloop
  endfacet
  facet normal 0.0308358 0.0577215 -0.997856
    outer loop
      vertex 29.6074 33.4199 1.98715
      vertex 29.6527 33.3957 1.98715
      vertex 28.9596 31.9902 1.88443
    endloop
  endfacet
  facet normal -0.194243 0.0191496 -0.980767
    outer loop
      vertex 33.9011 33.8443 1.67944
      vertex 35.4032 33.3887 1.37305
      vertex 33.876 33.5897 1.67944
    endloop
  endfacet
  facet normal -0.177014 0.188994 -0.965892
    outer loop
      vertex 33.8536 30.2464 1.37305
      vertex 34.9263 29.1737 0.966568
      vertex 33.5933 30.0026 1.37305
    endloop
  endfacet
  facet normal 0.0270002 0.0596131 -0.997856
    outer loop
      vertex 29.6995 33.3745 1.98715
      vertex 29.0998 31.9267 1.88443
      vertex 28.9596 31.9902 1.88443
    endloop
  endfacet
  facet normal -0.0149111 0.0637225 -0.997856
    outer loop
      vertex 30.2032 33.3415 1.98715
      vertex 30.4589 31.7928 1.88443
      vertex 30.1532 33.3298 1.98715
    endloop
  endfacet
  facet normal -0.130521 -0.00428775 -0.991436
    outer loop
      vertex 33.9011 34.3557 1.67944
      vertex 33.9095 34.1 1.67944
      vertex 32.3524 34.1 1.88443
    endloop
  endfacet
  facet normal -0.192587 0.0317969 -0.980765
    outer loop
      vertex 35.4032 33.3887 1.37305
      vertex 35.3451 33.0368 1.37305
      vertex 33.8344 33.3373 1.67944
    endloop
  endfacet
  facet normal -0.129967 -0.012813 -0.991435
    outer loop
      vertex 33.876 34.6103 1.67944
      vertex 33.9011 34.3557 1.67944
      vertex 32.3323 34.4071 1.88443
    endloop
  endfacet
  facet normal -0.194243 -0.0191496 -0.980767
    outer loop
      vertex 35.4032 34.8113 1.37305
      vertex 33.9011 34.3557 1.67944
      vertex 33.876 34.6103 1.67944
    endloop
  endfacet
  facet normal -0.128839 -0.0213034 -0.991437
    outer loop
      vertex 33.8344 34.8627 1.67944
      vertex 32.3323 34.4071 1.88443
      vertex 32.3072 34.5589 1.88443
    endloop
  endfacet
  facet normal -0.0645752 -0.0105715 -0.997857
    outer loop
      vertex 32.3323 34.4071 1.88443
      vertex 30.7785 34.2025 1.98715
      vertex 30.7702 34.2532 1.98715
    endloop
  endfacet
  facet normal -0.0378985 0.124972 -0.991436
    outer loop
      vertex 30.7562 31.8724 1.88443
      vertex 31.0119 30.3237 1.67944
      vertex 30.6088 31.8277 1.88443
    endloop
  endfacet
  facet normal -0.082839 -0.100958 -0.991436
    outer loop
      vertex 32.3799 37.2016 1.67944
      vertex 32.5777 37.0393 1.67944
      vertex 31.5511 35.8686 1.88443
    endloop
  endfacet
  facet normal -0.0828712 -0.100938 -0.991435
    outer loop
      vertex 32.3799 37.2016 1.67944
      vertex 31.5511 35.8686 1.88443
      vertex 31.4321 35.9663 1.88443
    endloop
  endfacet
  facet normal -0.0953081 -0.0892824 -0.991436
    outer loop
      vertex 32.9393 36.6777 1.67944
      vertex 31.7686 35.6511 1.88443
      vertex 31.6634 35.7634 1.88443
    endloop
  endfacet
  facet normal 0.100934 -0.0828673 -0.991436
    outer loop
      vertex 28.2314 35.6511 1.88443
      vertex 28.1337 35.5321 1.88443
      vertex 27.0607 36.6777 1.67944
    endloop
  endfacet
  facet normal 0.0760592 -0.106161 -0.991436
    outer loop
      vertex 28.6931 36.056 1.88443
      vertex 28.5679 35.9663 1.88443
      vertex 27.828 37.3506 1.67944
    endloop
  endfacet
  facet normal 0.186782 0.0566677 -0.980766
    outer loop
      vertex 26.2237 33.0882 1.67944
      vertex 26.298 32.8433 1.67944
      vertex 24.8394 32.3482 1.37305
    endloop
  endfacet
  facet normal 0.358315 0.134868 -0.923808
    outer loop
      vertex 21.9947 31.3825 0.461741
      vertex 21.1145 30.5582 0
      vertex 20.9391 31.0242 0
    endloop
  endfacet
  facet normal 0.192586 0.0317416 -0.980767
    outer loop
      vertex 26.124 33.5897 1.67944
      vertex 26.1656 33.3373 1.67944
      vertex 24.5968 33.3887 1.37305
    endloop
  endfacet
  facet normal 0.127176 0.0296625 -0.991437
    outer loop
      vertex 27.6928 33.6411 1.88443
      vertex 26.2237 33.0882 1.67944
      vertex 26.1656 33.3373 1.67944
    endloop
  endfacet
  facet normal -0.0125455 0.382639 -0.923813
    outer loop
      vertex 30.4977 24.5475 0
      vertex 30.5529 25.6641 0.461741
      vertex 30.6258 24.5517 0
    endloop
  endfacet
  facet normal -0.0125262 0.382638 -0.923813
    outer loop
      vertex 30.5529 25.6641 0.461741
      vertex 30.4977 24.5475 0
      vertex 30 25.646 0.461741
    endloop
  endfacet
  facet normal -0.0105093 0.321416 -0.94688
    outer loop
      vertex 30 27.1332 0.966568
      vertex 30.4557 27.1481 0.966568
      vertex 30 25.646 0.461741
    endloop
  endfacet
  facet normal -0.0105222 0.32142 -0.946878
    outer loop
      vertex 30.4557 27.1481 0.966568
      vertex 30.5529 25.6641 0.461741
      vertex 30 25.646 0.461741
    endloop
  endfacet
  facet normal -0.113286 0.300992 -0.946874
    outer loop
      vertex 32.6661 27.6635 0.966568
      vertex 32.7174 26.0947 0.461741
      vertex 32.2394 27.5029 0.966568
    endloop
  endfacet
  facet normal 0.111174 0.366352 -0.923811
    outer loop
      vertex 27.8119 25.9341 0.461741
      vertex 27.5234 24.8573 0
      vertex 27.0469 25.0019 0
    endloop
  endfacet
  facet normal -0.0523779 0.31729 -0.946881
    outer loop
      vertex 31.6493 25.8084 0.461741
      vertex 31.1035 25.7183 0.461741
      vertex 30.9094 27.1928 0.966568
    endloop
  endfacet
  facet normal -0.037516 0.381003 -0.923813
    outer loop
      vertex 31.1214 24.6005 0
      vertex 30.6258 24.5517 0
      vertex 30.5529 25.6641 0.461741
    endloop
  endfacet
  facet normal -0.0751434 0.247809 -0.96589
    outer loop
      vertex 32.2394 27.5029 0.966568
      vertex 31.8031 27.3706 0.966568
      vertex 31.7518 28.9394 1.37305
    endloop
  endfacet
  facet normal -0.261746 0.279432 -0.9238
    outer loop
      vertex 36.7661 27.3339 0
      vertex 36.4027 26.9935 0
      vertex 35.9779 28.1221 0.461741
    endloop
  endfacet
  facet normal -0.242833 0.295999 -0.923806
    outer loop
      vertex 36.21 26.8245 0
      vertex 35.5741 27.7439 0.461741
      vertex 36.3091 26.9058 0
    endloop
  endfacet
  facet normal -0.242878 0.295967 -0.923804
    outer loop
      vertex 35.5741 27.7439 0.461741
      vertex 36.21 26.8245 0
      vertex 35.1465 27.393 0.461741
    endloop
  endfacet
  facet normal -0.358384 0.134693 -0.923807
    outer loop
      vertex 37.8105 30.8648 0.461741
      vertex 38.8855 30.5582 0
      vertex 38.8404 30.4382 0
    endloop
  endfacet
  facet normal -0.358341 0.134836 -0.923802
    outer loop
      vertex 38.8855 30.5582 0
      vertex 37.8105 30.8648 0.461741
      vertex 38.0053 31.3825 0.461741
    endloop
  endfacet
  facet normal -0.348608 0.158322 -0.9238
    outer loop
      vertex 37.5822 30.3609 0.461741
      vertex 38.6349 29.9846 0
      vertex 38.5819 29.8679 0
    endloop
  endfacet
  facet normal -0.348729 0.157997 -0.92381
    outer loop
      vertex 38.6349 29.9846 0
      vertex 37.5822 30.3609 0.461741
      vertex 37.8105 30.8648 0.461741
    endloop
  endfacet
  facet normal -0.261422 0.187303 -0.946877
    outer loop
      vertex 37.0292 29.4032 0.461741
      vertex 36.707 28.9535 0.461741
      vertex 35.5272 29.8589 0.966568
    endloop
  endfacet
  facet normal -0.0042879 0.130526 -0.991436
    outer loop
      vertex 30.1539 31.7526 1.88443
      vertex 30.2557 30.1989 1.67944
      vertex 30 30.1905 1.67944
    endloop
  endfacet
  facet normal 0.029652 0.127182 -0.991436
    outer loop
      vertex 29.3912 31.8277 1.88443
      vertex 29.2373 30.2656 1.67944
      vertex 28.9881 30.3237 1.67944
    endloop
  endfacet
  facet normal -0.311229 0.222965 -0.923809
    outer loop
      vertex 37.9561 28.7839 0
      vertex 37.6661 28.3791 0
      vertex 37.0292 29.4032 0.461741
    endloop
  endfacet
  facet normal -0.248592 0.204021 -0.946878
    outer loop
      vertex 35.5272 29.8589 0.966568
      vertex 36.707 28.9535 0.461741
      vertex 35.2379 29.5064 0.966568
    endloop
  endfacet
  facet normal -0.0588539 0.252174 -0.96589
    outer loop
      vertex 31.4105 28.8359 1.37305
      vertex 31.8031 27.3706 0.966568
      vertex 31.3592 27.267 0.966568
    endloop
  endfacet
  facet normal -0.0254143 0.257701 -0.96589
    outer loop
      vertex 30.7113 28.6968 1.37305
      vertex 30.9094 27.1928 0.966568
      vertex 30.3564 28.6618 1.37305
    endloop
  endfacet
  facet normal -0.103048 0.165764 -0.980767
    outer loop
      vertex 33.0278 29.5686 1.37305
      vertex 32.7249 29.3803 1.37305
      vertex 31.9547 30.7143 1.67944
    endloop
  endfacet
  facet normal -0.204021 0.248592 -0.946878
    outer loop
      vertex 34.5936 28.8621 0.966568
      vertex 35.1465 27.393 0.461741
      vertex 34.2411 28.5728 0.966568
    endloop
  endfacet
  facet normal -0.151616 0.283619 -0.946875
    outer loop
      vertex 33.4834 28.0665 0.966568
      vertex 33.7391 26.5178 0.461741
      vertex 33.0814 27.8516 0.966568
    endloop
  endfacet
  facet normal -0.0730898 0.313172 -0.94688
    outer loop
      vertex 31.8031 27.3706 0.966568
      vertex 32.1881 25.9341 0.461741
      vertex 31.3592 27.267 0.966568
    endloop
  endfacet
  facet normal -0.123808 0.150902 -0.980765
    outer loop
      vertex 33.5933 30.0026 1.37305
      vertex 33.3176 29.7764 1.37305
      vertex 32.3799 30.9984 1.67944
    endloop
  endfacet
  facet normal -0.0447399 0.0477594 -0.997856
    outer loop
      vertex 31.6634 32.4366 1.88443
      vertex 31.5511 32.3314 1.88443
      vertex 30.5178 33.5096 1.98715
    endloop
  endfacet
  facet normal -0.366355 0.111162 -0.923811
    outer loop
      vertex 39.2055 31.5008 0
      vertex 38.1659 31.9119 0.461741
      vertex 39.2427 31.6234 0
    endloop
  endfacet
  facet normal -0.366363 0.111141 -0.92381
    outer loop
      vertex 38.1659 31.9119 0.461741
      vertex 39.2055 31.5008 0
      vertex 38.0053 31.3825 0.461741
    endloop
  endfacet
  facet normal -0.372863 0.086872 -0.923811
    outer loop
      vertex 38.1659 31.9119 0.461741
      vertex 39.2718 31.7483 0
      vertex 39.2427 31.6234 0
    endloop
  endfacet
  facet normal -0.372845 0.0869833 -0.923808
    outer loop
      vertex 39.2718 31.7483 0
      vertex 38.1659 31.9119 0.461741
      vertex 38.2916 32.4507 0.461741
    endloop
  endfacet
  facet normal 0.382666 0.0124557 -0.923803
    outer loop
      vertex 21.546 34.1 0.461741
      vertex 20.4475 33.6023 0
      vertex 20.4313 34.1 0
    endloop
  endfacet
  facet normal 0.377746 -0.0623579 -0.923807
    outer loop
      vertex 20.5942 35.8403 0
      vertex 21.7084 35.7493 0.461741
      vertex 21.6183 35.2035 0.461741
    endloop
  endfacet
  facet normal 0.377741 -0.0624095 -0.923805
    outer loop
      vertex 21.7084 35.7493 0.461741
      vertex 20.5942 35.8403 0
      vertex 20.6151 35.9668 0
    endloop
  endfacet
  facet normal 0.169851 -0.273086 -0.946876
    outer loop
      vertex 25.773 41.4214 0.461741
      vertex 26.5166 40.1335 0.966568
      vertex 25.3032 41.1292 0.461741
    endloop
  endfacet
  facet normal 0.257704 -0.0253899 -0.96589
    outer loop
      vertex 23.0928 35.0094 0.966568
      vertex 24.5968 34.8113 1.37305
      vertex 23.0481 34.5557 0.966568
    endloop
  endfacet
  facet normal -0.321416 -0.010522 -0.94688
    outer loop
      vertex 38.4359 34.6529 0.461741
      vertex 38.454 34.1 0.461741
      vertex 36.9668 34.1 0.966568
    endloop
  endfacet
  facet normal -0.382638 -0.0125262 -0.923813
    outer loop
      vertex 38.4359 34.6529 0.461741
      vertex 39.5525 34.5977 0
      vertex 38.454 34.1 0.461741
    endloop
  endfacet
  facet normal -0.382639 -0.0125455 -0.923813
    outer loop
      vertex 39.5525 34.5977 0
      vertex 38.4359 34.6529 0.461741
      vertex 39.5483 34.7258 0
    endloop
  endfacet
  facet normal -0.177781 -0.0805706 -0.980766
    outer loop
      vertex 34.8878 36.5104 1.37305
      vertex 35.035 36.1856 1.37305
      vertex 33.5063 35.8291 1.67944
    endloop
  endfacet
  facet normal -0.228366 -0.122062 -0.965893
    outer loop
      vertex 36.2484 37.1814 0.966568
      vertex 34.8878 36.5104 1.37305
      vertex 34.7197 36.8249 1.37305
    endloop
  endfacet
  facet normal -0.1222 -0.0460795 -0.991435
    outer loop
      vertex 33.702 35.3567 1.67944
      vertex 32.2276 34.8562 1.88443
      vertex 32.1733 35.0002 1.88443
    endloop
  endfacet
  facet normal -0.124967 -0.037929 -0.991436
    outer loop
      vertex 33.702 35.3567 1.67944
      vertex 33.7763 35.1119 1.67944
      vertex 32.2276 34.8562 1.88443
    endloop
  endfacet
  facet normal -0.255483 -0.0421811 -0.965893
    outer loop
      vertex 36.833 35.4592 0.966568
      vertex 35.4032 34.8113 1.37305
      vertex 35.3451 35.1632 1.37305
    endloop
  endfacet
  facet normal -0.252166 -0.058852 -0.965893
    outer loop
      vertex 36.7294 35.9031 0.966568
      vertex 36.833 35.4592 0.966568
      vertex 35.3451 35.1632 1.37305
    endloop
  endfacet
  facet normal -0.06125 0.0230483 -0.997856
    outer loop
      vertex 30.7436 33.8476 1.98715
      vertex 32.1733 33.1998 1.88443
      vertex 30.7255 33.7995 1.98715
    endloop
  endfacet
  facet normal -0.258823 -0.00842408 -0.965888
    outer loop
      vertex 36.9519 34.5557 0.966568
      vertex 35.4498 34.1 1.37305
      vertex 35.4382 34.4564 1.37305
    endloop
  endfacet
  facet normal -0.257704 -0.0253899 -0.96589
    outer loop
      vertex 36.9072 35.0094 0.966568
      vertex 36.9519 34.5557 0.966568
      vertex 35.4032 34.8113 1.37305
    endloop
  endfacet
  facet normal -0.255483 0.0421811 -0.965893
    outer loop
      vertex 35.4032 33.3887 1.37305
      vertex 36.833 32.7408 0.966568
      vertex 35.3451 33.0368 1.37305
    endloop
  endfacet
  facet normal -0.252174 0.0588139 -0.965893
    outer loop
      vertex 35.3451 33.0368 1.37305
      vertex 36.833 32.7408 0.966568
      vertex 35.2641 32.6895 1.37305
    endloop
  endfacet
  facet normal -0.380995 0.0376218 -0.923811
    outer loop
      vertex 39.5357 33.3466 0
      vertex 38.4359 33.5471 0.461741
      vertex 39.5483 33.4742 0
    endloop
  endfacet
  facet normal -0.381015 0.0375064 -0.923808
    outer loop
      vertex 38.4359 33.5471 0.461741
      vertex 39.5357 33.3466 0
      vertex 38.3817 32.9965 0.461741
    endloop
  endfacet
  facet normal -0.320045 0.0315047 -0.946878
    outer loop
      vertex 38.4359 33.5471 0.461741
      vertex 38.3817 32.9965 0.461741
      vertex 36.9519 33.6443 0.966568
    endloop
  endfacet
  facet normal -0.300977 -0.113281 -0.946879
    outer loop
      vertex 37.8105 37.3352 0.461741
      vertex 36.5971 36.3394 0.966568
      vertex 36.4365 36.7661 0.966568
    endloop
  endfacet
  facet normal -0.300994 -0.113258 -0.946876
    outer loop
      vertex 37.8105 37.3352 0.461741
      vertex 38.0053 36.8175 0.461741
      vertex 36.5971 36.3394 0.966568
    endloop
  endfacet
  facet normal -0.372861 -0.0869412 -0.923805
    outer loop
      vertex 38.2916 35.7493 0.461741
      vertex 39.3558 36.0916 0
      vertex 39.3849 35.9668 0
    endloop
  endfacet
  facet normal -0.372848 -0.086984 -0.923806
    outer loop
      vertex 39.3558 36.0916 0
      vertex 38.2916 35.7493 0.461741
      vertex 38.1659 36.2881 0.461741
    endloop
  endfacet
  facet normal -0.313179 -0.0730634 -0.94688
    outer loop
      vertex 38.1659 36.2881 0.461741
      vertex 38.2916 35.7493 0.461741
      vertex 36.7294 35.9031 0.966568
    endloop
  endfacet
  facet normal -0.219914 -0.136711 -0.965892
    outer loop
      vertex 36.0335 37.5834 0.966568
      vertex 34.7197 36.8249 1.37305
      vertex 34.5314 37.1278 1.37305
    endloop
  endfacet
  facet normal -0.165764 -0.103048 -0.980767
    outer loop
      vertex 34.5314 37.1278 1.37305
      vertex 34.7197 36.8249 1.37305
      vertex 33.3857 36.0547 1.67944
    endloop
  endfacet
  facet normal -0.248592 -0.204021 -0.946878
    outer loop
      vertex 36.707 39.2465 0.461741
      vertex 35.5272 38.3411 0.966568
      vertex 35.2379 38.6936 0.966568
    endloop
  endfacet
  facet normal -0.15862 -0.113738 -0.980767
    outer loop
      vertex 34.3236 37.4176 1.37305
      vertex 34.5314 37.1278 1.37305
      vertex 33.2506 36.272 1.67944
    endloop
  endfacet
  facet normal -0.00216315 -0.0654036 -0.997857
    outer loop
      vertex 30.1539 36.4474 1.88443
      vertex 30.0514 34.8836 1.98715
      vertex 30 34.8853 1.98715
    endloop
  endfacet
  facet normal -0.142461 -0.133431 -0.980766
    outer loop
      vertex 33.8536 37.9536 1.37305
      vertex 34.0974 37.6933 1.37305
      vertex 32.9393 36.6777 1.67944
    endloop
  endfacet
  facet normal -0.100961 -0.0828413 -0.991435
    outer loop
      vertex 32.9393 36.6777 1.67944
      vertex 33.1016 36.4799 1.67944
      vertex 31.8663 35.5321 1.88443
    endloop
  endfacet
  facet normal -0.100934 -0.0828673 -0.991436
    outer loop
      vertex 32.9393 36.6777 1.67944
      vertex 31.8663 35.5321 1.88443
      vertex 31.7686 35.6511 1.88443
    endloop
  endfacet
  facet normal -0.0892834 -0.0953071 -0.991436
    outer loop
      vertex 32.5777 37.0393 1.67944
      vertex 32.7644 36.8644 1.67944
      vertex 31.5511 35.8686 1.88443
    endloop
  endfacet
  facet normal -0.133445 -0.142449 -0.980765
    outer loop
      vertex 33.5933 38.1974 1.37305
      vertex 32.7644 36.8644 1.67944
      vertex 32.5777 37.0393 1.67944
    endloop
  endfacet
  facet normal -0.150888 -0.21043 -0.965894
    outer loop
      vertex 34.2411 39.6272 0.966568
      vertex 33.3176 38.4236 1.37305
      vertex 33.0278 38.6314 1.37305
    endloop
  endfacet
  facet normal -0.113742 -0.158626 -0.980765
    outer loop
      vertex 33.0278 38.6314 1.37305
      vertex 33.3176 38.4236 1.37305
      vertex 32.3799 37.2016 1.67944
    endloop
  endfacet
  facet normal -0.242833 -0.295999 -0.923806
    outer loop
      vertex 35.5741 40.4561 0.461741
      vertex 36.21 41.3755 0
      vertex 36.3091 41.2942 0
    endloop
  endfacet
  facet normal -0.242878 -0.295967 -0.923804
    outer loop
      vertex 36.21 41.3755 0
      vertex 35.5741 40.4561 0.461741
      vertex 35.1465 40.807 0.461741
    endloop
  endfacet
  facet normal -0.261697 -0.279456 -0.923807
    outer loop
      vertex 36.3091 41.2942 0
      vertex 36.6726 40.9538 0
      vertex 35.5741 40.4561 0.461741
    endloop
  endfacet
  facet normal -0.177014 -0.188994 -0.965892
    outer loop
      vertex 34.9263 39.0263 0.966568
      vertex 33.8536 37.9536 1.37305
      vertex 33.5933 38.1974 1.37305
    endloop
  endfacet
  facet normal -0.188998 -0.177011 -0.965892
    outer loop
      vertex 34.9263 39.0263 0.966568
      vertex 35.2379 38.6936 0.966568
      vertex 33.8536 37.9536 1.37305
    endloop
  endfacet
  facet normal -0.295994 -0.242828 -0.923808
    outer loop
      vertex 36.707 39.2465 0.461741
      vertex 37.5101 40.0242 0
      vertex 37.5914 39.9251 0
    endloop
  endfacet
  facet normal -0.295955 -0.242869 -0.92381
    outer loop
      vertex 37.5101 40.0242 0
      vertex 36.707 39.2465 0.461741
      vertex 36.3561 39.6741 0.461741
    endloop
  endfacet
  facet normal -0.311212 -0.222977 -0.923812
    outer loop
      vertex 36.707 39.2465 0.461741
      vertex 37.6661 39.8209 0
      vertex 37.0292 38.7968 0.461741
    endloop
  endfacet
  facet normal -0.311158 -0.223066 -0.923809
    outer loop
      vertex 37.6661 39.8209 0
      vertex 36.707 39.2465 0.461741
      vertex 37.5914 39.9251 0
    endloop
  endfacet
  facet normal 0.1222 -0.0460795 -0.991435
    outer loop
      vertex 27.8267 35.0002 1.88443
      vertex 27.7724 34.8562 1.88443
      vertex 26.298 35.3567 1.67944
    endloop
  endfacet
  facet normal -0.0637146 0.0149092 -0.997857
    outer loop
      vertex 30.7702 33.9468 1.98715
      vertex 32.2723 33.4911 1.88443
      vertex 30.7585 33.8968 1.98715
    endloop
  endfacet
  facet normal -0.172133 0.0920177 -0.980767
    outer loop
      vertex 33.5063 32.3709 1.67944
      vertex 34.7197 31.3751 1.37305
      vertex 33.3857 32.1453 1.67944
    endloop
  endfacet
  facet normal 0.0317416 -0.192586 -0.980767
    outer loop
      vertex 29.2887 39.5032 1.37305
      vertex 29.4897 37.976 1.67944
      vertex 29.2373 37.9344 1.67944
    endloop
  endfacet
  facet normal 0.0555863 -0.0345341 -0.997856
    outer loop
      vertex 28.044 35.4069 1.88443
      vertex 29.3471 34.5363 1.98715
      vertex 27.9628 35.2762 1.88443
    endloop
  endfacet
  facet normal 0.0596117 0.0270036 -0.997856
    outer loop
      vertex 29.2745 33.7995 1.98715
      vertex 29.2957 33.7527 1.98715
      vertex 27.8267 33.1998 1.88443
    endloop
  endfacet
  facet normal -0.0615694 -0.115167 -0.991436
    outer loop
      vertex 31.9547 37.4857 1.67944
      vertex 31.1762 36.1372 1.88443
      vertex 31.0404 36.2098 1.88443
    endloop
  endfacet
  facet normal 0.150897 -0.123815 -0.980765
    outer loop
      vertex 27.0607 36.6777 1.67944
      vertex 26.8984 36.4799 1.67944
      vertex 25.6764 37.4176 1.37305
    endloop
  endfacet
  facet normal 0.106163 -0.0760611 -0.991435
    outer loop
      vertex 28.1337 35.5321 1.88443
      vertex 28.044 35.4069 1.88443
      vertex 26.8984 36.4799 1.67944
    endloop
  endfacet
  facet normal 0.17778 -0.0805733 -0.980766
    outer loop
      vertex 26.4937 35.8291 1.67944
      vertex 26.3881 35.5961 1.67944
      vertex 24.965 36.1856 1.37305
    endloop
  endfacet
  facet normal 0.242361 -0.0911938 -0.965891
    outer loop
      vertex 24.965 36.1856 1.37305
      vertex 24.8394 35.8518 1.37305
      vertex 23.4029 36.3394 0.966568
    endloop
  endfacet
  facet normal 0.110909 -0.0689542 -0.991436
    outer loop
      vertex 26.7494 36.272 1.67944
      vertex 28.044 35.4069 1.88443
      vertex 26.6143 36.0547 1.67944
    endloop
  endfacet
  facet normal 0.106149 -0.0760762 -0.991436
    outer loop
      vertex 26.8984 36.4799 1.67944
      vertex 28.044 35.4069 1.88443
      vertex 26.7494 36.272 1.67944
    endloop
  endfacet
  facet normal -0.0689542 -0.110909 -0.991436
    outer loop
      vertex 31.9547 37.4857 1.67944
      vertex 32.172 37.3506 1.67944
      vertex 31.3069 36.056 1.88443
    endloop
  endfacet
  facet normal -0.0760774 -0.106151 -0.991435
    outer loop
      vertex 32.172 37.3506 1.67944
      vertex 32.3799 37.2016 1.67944
      vertex 31.4321 35.9663 1.88443
    endloop
  endfacet
  facet normal -0.0566887 -0.186775 -0.980766
    outer loop
      vertex 31.7518 39.2606 1.37305
      vertex 31.2567 37.802 1.67944
      vertex 31.0119 37.8763 1.67944
    endloop
  endfacet
  facet normal -0.122076 -0.228359 -0.965893
    outer loop
      vertex 33.0814 40.3484 0.966568
      vertex 33.4834 40.1335 0.966568
      vertex 32.4104 38.9878 1.37305
    endloop
  endfacet
  facet normal -0.0933248 -0.307767 -0.946874
    outer loop
      vertex 32.7174 42.1053 0.461741
      vertex 32.2394 40.6971 0.966568
      vertex 31.8031 40.8294 0.966568
    endloop
  endfacet
  facet normal 0.0315317 -0.320044 -0.946878
    outer loop
      vertex 29.4471 42.5359 0.461741
      vertex 29.5443 41.0519 0.966568
      vertex 29.0906 41.0072 0.966568
    endloop
  endfacet
  facet normal 0.283616 -0.151614 -0.946877
    outer loop
      vertex 23.9665 37.5834 0.966568
      vertex 23.7516 37.1814 0.966568
      vertex 22.6786 38.327 0.461741
    endloop
  endfacet
  facet normal 0.348729 -0.157997 -0.92381
    outer loop
      vertex 21.3651 38.2154 0
      vertex 22.4178 37.8391 0.461741
      vertex 22.1895 37.3352 0.461741
    endloop
  endfacet
  facet normal 0.348608 -0.158322 -0.9238
    outer loop
      vertex 22.4178 37.8391 0.461741
      vertex 21.3651 38.2154 0
      vertex 21.4181 38.3321 0
    endloop
  endfacet
  facet normal 0.190099 -0.0443209 -0.980764
    outer loop
      vertex 26.2237 35.1119 1.67944
      vertex 26.1656 34.8627 1.67944
      vertex 24.7359 35.5105 1.37305
    endloop
  endfacet
  facet normal 0.186797 -0.0566467 -0.980764
    outer loop
      vertex 24.8394 35.8518 1.37305
      vertex 26.2237 35.1119 1.67944
      vertex 24.7359 35.5105 1.37305
    endloop
  endfacet
  facet normal 0.204006 -0.248598 -0.946879
    outer loop
      vertex 24.8535 40.807 0.461741
      vertex 25.4064 39.3379 0.966568
      vertex 24.4259 40.4561 0.461741
    endloop
  endfacet
  facet normal 0.194243 -0.0191496 -0.980767
    outer loop
      vertex 26.124 34.6103 1.67944
      vertex 26.0989 34.3557 1.67944
      vertex 24.5968 34.8113 1.37305
    endloop
  endfacet
  facet normal 0.129967 -0.012813 -0.991435
    outer loop
      vertex 26.124 34.6103 1.67944
      vertex 27.6677 34.4071 1.88443
      vertex 26.0989 34.3557 1.67944
    endloop
  endfacet
  facet normal 0.187328 -0.261413 -0.946875
    outer loop
      vertex 26.1294 39.8927 0.966568
      vertex 25.7589 39.6272 0.966568
      vertex 25.3032 41.1292 0.461741
    endloop
  endfacet
  facet normal 0.0615665 -0.115169 -0.991436
    outer loop
      vertex 28.2709 37.6063 1.67944
      vertex 28.9596 36.2098 1.88443
      vertex 28.0453 37.4857 1.67944
    endloop
  endfacet
  facet normal -0.0270002 0.0596131 -0.997856
    outer loop
      vertex 31.0404 31.9902 1.88443
      vertex 30.9002 31.9267 1.88443
      vertex 30.3005 33.3745 1.98715
    endloop
  endfacet
  facet normal 0.0933745 -0.307741 -0.946877
    outer loop
      vertex 27.8119 42.2659 0.461741
      vertex 28.1968 40.8294 0.966568
      vertex 27.2826 42.1053 0.461741
    endloop
  endfacet
  facet normal 0.113281 -0.300977 -0.946879
    outer loop
      vertex 27.7606 40.6971 0.966568
      vertex 27.3339 40.5365 0.966568
      vertex 26.7648 41.9105 0.461741
    endloop
  endfacet
  facet normal 0.0869456 -0.372844 -0.923812
    outer loop
      vertex 28.0084 43.4558 0
      vertex 27.8119 42.2659 0.461741
      vertex 27.5234 43.3427 0
    endloop
  endfacet
  facet normal -0.058852 -0.252166 -0.965893
    outer loop
      vertex 31.3592 40.933 0.966568
      vertex 31.8031 40.8294 0.966568
      vertex 31.0632 39.4451 1.37305
    endloop
  endfacet
  facet normal 0.0105222 -0.32142 -0.946878
    outer loop
      vertex 30 42.554 0.461741
      vertex 29.5443 41.0519 0.966568
      vertex 29.4471 42.5359 0.461741
    endloop
  endfacet
  facet normal -0.0869456 -0.372844 -0.923812
    outer loop
      vertex 32.4766 43.3427 0
      vertex 32.1881 42.2659 0.461741
      vertex 31.9916 43.4558 0
    endloop
  endfacet
  facet normal -0.132686 -0.292953 -0.946875
    outer loop
      vertex 33.7391 41.6822 0.461741
      vertex 33.0814 40.3484 0.966568
      vertex 32.6661 40.5365 0.966568
    endloop
  endfacet
  facet normal -0.106894 -0.235865 -0.965889
    outer loop
      vertex 32.6661 40.5365 0.966568
      vertex 32.4104 38.9878 1.37305
      vertex 32.0856 39.135 1.37305
    endloop
  endfacet
  facet normal -0.0555863 -0.0345341 -0.997856
    outer loop
      vertex 31.956 35.4069 1.88443
      vertex 32.0372 35.2762 1.88443
      vertex 30.6529 34.5363 1.98715
    endloop
  endfacet
  facet normal -0.122219 0.0459981 -0.991437
    outer loop
      vertex 33.702 32.8433 1.67944
      vertex 33.6119 32.6039 1.67944
      vertex 32.1733 33.1998 1.88443
    endloop
  endfacet
  facet normal 0.065122 0.00641868 -0.997857
    outer loop
      vertex 29.2215 33.9975 1.98715
      vertex 27.6677 33.7929 1.88443
      vertex 27.6526 33.9461 1.88443
    endloop
  endfacet
  facet normal -0.129967 0.0128101 -0.991436
    outer loop
      vertex 32.3474 33.9461 1.88443
      vertex 33.9011 33.8443 1.67944
      vertex 32.3323 33.7929 1.88443
    endloop
  endfacet
  facet normal -0.130521 0.00428775 -0.991436
    outer loop
      vertex 33.9095 34.1 1.67944
      vertex 33.9011 33.8443 1.67944
      vertex 32.3524 34.1 1.88443
    endloop
  endfacet
  facet normal 0.0555605 -0.0345823 -0.997856
    outer loop
      vertex 29.3471 34.5363 1.98715
      vertex 29.3199 34.4926 1.98715
      vertex 27.9628 35.2762 1.88443
    endloop
  endfacet
  facet normal 0.034535 -0.0555878 -0.997856
    outer loop
      vertex 28.8238 36.1372 1.88443
      vertex 29.6074 34.7801 1.98715
      vertex 28.6931 36.056 1.88443
    endloop
  endfacet
  facet normal -0.0596129 -0.0270002 -0.997856
    outer loop
      vertex 32.1098 35.1404 1.88443
      vertex 32.1733 35.0002 1.88443
      vertex 30.7043 34.4473 1.98715
    endloop
  endfacet
  facet normal 0.0308358 -0.0577215 -0.997856
    outer loop
      vertex 29.6527 34.8043 1.98715
      vertex 29.6074 34.7801 1.98715
      vertex 28.9596 36.2098 1.88443
    endloop
  endfacet
  facet normal -0.053195 -0.0381118 -0.997857
    outer loop
      vertex 31.8663 35.5321 1.88443
      vertex 31.956 35.4069 1.88443
      vertex 30.623 34.578 1.98715
    endloop
  endfacet
  facet normal -0.0892825 -0.0953082 -0.991436
    outer loop
      vertex 32.7644 36.8644 1.67944
      vertex 31.6634 35.7634 1.88443
      vertex 31.5511 35.8686 1.88443
    endloop
  endfacet
  facet normal -0.0230893 -0.0612314 -0.997857
    outer loop
      vertex 30.7562 36.3276 1.88443
      vertex 30.9002 36.2733 1.88443
      vertex 30.2524 34.8436 1.98715
    endloop
  endfacet
  facet normal 0.0191495 0.194242 -0.980767
    outer loop
      vertex 29.7443 30.1989 1.67944
      vertex 29.6436 28.6618 1.37305
      vertex 29.4897 30.224 1.67944
    endloop
  endfacet
  facet normal 0.200192 0.164249 -0.965891
    outer loop
      vertex 25.6764 30.7824 1.37305
      vertex 25.9026 30.5067 1.37305
      vertex 24.7621 29.5064 0.966568
    endloop
  endfacet
  facet normal 0.0566887 0.186775 -0.980766
    outer loop
      vertex 28.7433 30.398 1.67944
      vertex 28.9881 30.3237 1.67944
      vertex 28.2482 28.9394 1.37305
    endloop
  endfacet
  facet normal 0.252174 0.0588539 -0.96589
    outer loop
      vertex 24.7359 32.6895 1.37305
      vertex 23.2706 32.2969 0.966568
      vertex 23.167 32.7408 0.966568
    endloop
  endfacet
  facet normal -0.0105715 0.0645752 -0.997857
    outer loop
      vertex 30.1532 33.3298 1.98715
      vertex 30.3071 31.7677 1.88443
      vertex 30.1025 33.3215 1.98715
    endloop
  endfacet
  facet normal 0.0892834 0.0953071 -0.991436
    outer loop
      vertex 28.4489 32.3314 1.88443
      vertex 27.4223 31.1607 1.67944
      vertex 27.2356 31.3356 1.67944
    endloop
  endfacet
  facet normal 0.1137 0.158645 -0.980767
    outer loop
      vertex 27.6201 30.9984 1.67944
      vertex 27.828 30.8494 1.67944
      vertex 26.9722 29.5686 1.37305
    endloop
  endfacet
  facet normal 0.0637155 -0.0149094 -0.997857
    outer loop
      vertex 29.2415 34.3032 1.98715
      vertex 29.2298 34.2532 1.98715
      vertex 27.7277 34.7088 1.88443
    endloop
  endfacet
  facet normal 0.0317416 0.192586 -0.980767
    outer loop
      vertex 29.4897 30.224 1.67944
      vertex 29.2887 28.6968 1.37305
      vertex 29.2373 30.2656 1.67944
    endloop
  endfacet
  facet normal 0.247807 0.0751481 -0.96589
    outer loop
      vertex 24.7359 32.6895 1.37305
      vertex 24.8394 32.3482 1.37305
      vertex 23.4029 31.8606 0.966568
    endloop
  endfacet
  facet normal 0.255497 0.0421474 -0.965891
    outer loop
      vertex 24.5968 33.3887 1.37305
      vertex 23.167 32.7408 0.966568
      vertex 23.0928 33.1906 0.966568
    endloop
  endfacet
  facet normal 0.366364 0.111154 -0.923809
    outer loop
      vertex 21.9947 31.3825 0.461741
      vertex 20.9391 31.0242 0
      vertex 20.7945 31.5008 0
    endloop
  endfacet
  facet normal 0.158645 0.1137 -0.980767
    outer loop
      vertex 26.7494 31.928 1.67944
      vertex 26.8984 31.7201 1.67944
      vertex 25.4686 31.0722 1.37305
    endloop
  endfacet
  facet normal 0.158626 0.113742 -0.980765
    outer loop
      vertex 26.8984 31.7201 1.67944
      vertex 25.6764 30.7824 1.37305
      vertex 25.4686 31.0722 1.37305
    endloop
  endfacet
  facet normal 0.24781 0.0751438 -0.96589
    outer loop
      vertex 24.7359 32.6895 1.37305
      vertex 23.4029 31.8606 0.966568
      vertex 23.2706 32.2969 0.966568
    endloop
  endfacet
  facet normal 0.12497 0.0379237 -0.991435
    outer loop
      vertex 27.7277 33.4911 1.88443
      vertex 27.7724 33.3438 1.88443
      vertex 26.2237 33.0882 1.67944
    endloop
  endfacet
  facet normal 0.129967 0.012813 -0.991435
    outer loop
      vertex 27.6677 33.7929 1.88443
      vertex 26.124 33.5897 1.67944
      vertex 26.0989 33.8443 1.67944
    endloop
  endfacet
  facet normal 0.194243 0.0191496 -0.980767
    outer loop
      vertex 26.0989 33.8443 1.67944
      vertex 26.124 33.5897 1.67944
      vertex 24.5968 33.3887 1.37305
    endloop
  endfacet
  facet normal 0.0125262 0.382638 -0.923813
    outer loop
      vertex 29.5023 24.5475 0
      vertex 29.4471 25.6641 0.461741
      vertex 30 25.646 0.461741
    endloop
  endfacet
  facet normal 0.0125455 0.382639 -0.923813
    outer loop
      vertex 29.4471 25.6641 0.461741
      vertex 29.5023 24.5475 0
      vertex 29.3742 24.5517 0
    endloop
  endfacet
  facet normal 0.0124557 0.382666 -0.923803
    outer loop
      vertex 30 25.646 0.461741
      vertex 30 24.5313 0
      vertex 29.5023 24.5475 0
    endloop
  endfacet
  facet normal 0.019156 0.194242 -0.980767
    outer loop
      vertex 29.4897 30.224 1.67944
      vertex 29.6436 28.6618 1.37305
      vertex 29.2887 28.6968 1.37305
    endloop
  endfacet
  facet normal 0.0443209 0.190099 -0.980764
    outer loop
      vertex 28.9881 30.3237 1.67944
      vertex 29.2373 30.2656 1.67944
      vertex 28.5895 28.8359 1.37305
    endloop
  endfacet
  facet normal -0.00842373 0.258812 -0.965891
    outer loop
      vertex 30 28.6502 1.37305
      vertex 30.3564 28.6618 1.37305
      vertex 30 27.1332 0.966568
    endloop
  endfacet
  facet normal 0.103048 0.165764 -0.980767
    outer loop
      vertex 28.0453 30.7143 1.67944
      vertex 27.2751 29.3803 1.37305
      vertex 26.9722 29.5686 1.37305
    endloop
  endfacet
  facet normal 0.0523779 0.31729 -0.946881
    outer loop
      vertex 29.0906 27.1928 0.966568
      vertex 28.8965 25.7183 0.461741
      vertex 28.3507 25.8084 0.461741
    endloop
  endfacet
  facet normal 0.0105222 0.32142 -0.946878
    outer loop
      vertex 29.5443 27.1481 0.966568
      vertex 30 25.646 0.461741
      vertex 29.4471 25.6641 0.461741
    endloop
  endfacet
  facet normal 0.313179 0.0730634 -0.94688
    outer loop
      vertex 23.2706 32.2969 0.966568
      vertex 21.8341 31.9119 0.461741
      vertex 21.7084 32.4507 0.461741
    endloop
  endfacet
  facet normal 0.372856 0.0869664 -0.923805
    outer loop
      vertex 21.7084 32.4507 0.461741
      vertex 20.7282 31.7483 0
      vertex 20.6151 32.2332 0
    endloop
  endfacet
  facet normal -0.0376227 0.381004 -0.923808
    outer loop
      vertex 31.1214 24.6005 0
      vertex 31.1035 25.7183 0.461741
      vertex 31.249 24.6131 0
    endloop
  endfacet
  facet normal -0.0375056 0.381007 -0.923811
    outer loop
      vertex 31.1035 25.7183 0.461741
      vertex 31.1214 24.6005 0
      vertex 30.5529 25.6641 0.461741
    endloop
  endfacet
  facet normal -0.0624093 0.37774 -0.923806
    outer loop
      vertex 31.1035 25.7183 0.461741
      vertex 31.3755 24.634 0
      vertex 31.249 24.6131 0
    endloop
  endfacet
  facet normal -0.0623589 0.377752 -0.923804
    outer loop
      vertex 31.3755 24.634 0
      vertex 31.1035 25.7183 0.461741
      vertex 31.6493 25.8084 0.461741
    endloop
  endfacet
  facet normal -0.187303 0.261422 -0.946877
    outer loop
      vertex 35.1465 27.393 0.461741
      vertex 34.6968 27.0708 0.461741
      vertex 34.2411 28.5728 0.966568
    endloop
  endfacet
  facet normal -0.158096 0.348718 -0.923797
    outer loop
      vertex 34.2321 25.5181 0
      vertex 33.7786 25.3125 0
      vertex 33.7391 26.5178 0.461741
    endloop
  endfacet
  facet normal -0.0933248 0.307767 -0.946874
    outer loop
      vertex 32.2394 27.5029 0.966568
      vertex 32.7174 26.0947 0.461741
      vertex 31.8031 27.3706 0.966568
    endloop
  endfacet
  facet normal -0.219836 0.234717 -0.946879
    outer loop
      vertex 35.9779 28.1221 0.461741
      vertex 35.5741 27.7439 0.461741
      vertex 34.5936 28.8621 0.966568
    endloop
  endfacet
  facet normal -0.204006 0.248598 -0.946879
    outer loop
      vertex 35.5741 27.7439 0.461741
      vertex 35.1465 27.393 0.461741
      vertex 34.5936 28.8621 0.966568
    endloop
  endfacet
  facet normal -0.348734 0.157991 -0.923809
    outer loop
      vertex 38.8404 30.4382 0
      vertex 38.6349 29.9846 0
      vertex 37.8105 30.8648 0.461741
    endloop
  endfacet
  facet normal -0.325112 0.202186 -0.923809
    outer loop
      vertex 38.2191 29.2068 0
      vertex 37.9561 28.7839 0
      vertex 37.0292 29.4032 0.461741
    endloop
  endfacet
  facet normal -0.337737 0.180365 -0.923798
    outer loop
      vertex 38.5215 29.7548 0
      vertex 37.5822 30.3609 0.461741
      vertex 38.5819 29.8679 0
    endloop
  endfacet
  facet normal -0.337658 0.18049 -0.923802
    outer loop
      vertex 37.5822 30.3609 0.461741
      vertex 38.5215 29.7548 0
      vertex 37.3214 29.873 0.461741
    endloop
  endfacet
  facet normal -0.0128129 0.129967 -0.991436
    outer loop
      vertex 30.5103 30.224 1.67944
      vertex 30.2557 30.1989 1.67944
      vertex 30.1539 31.7526 1.88443
    endloop
  endfacet
  facet normal -0.0191495 0.194242 -0.980767
    outer loop
      vertex 30.5103 30.224 1.67944
      vertex 30.3564 28.6618 1.37305
      vertex 30.2557 30.1989 1.67944
    endloop
  endfacet
  facet normal -0.00634972 0.19509 -0.980765
    outer loop
      vertex 30 30.1905 1.67944
      vertex 30.3564 28.6618 1.37305
      vertex 30 28.6502 1.37305
    endloop
  endfacet
  facet normal 0.0128129 0.129967 -0.991436
    outer loop
      vertex 29.8461 31.7526 1.88443
      vertex 29.7443 30.1989 1.67944
      vertex 29.4897 30.224 1.67944
    endloop
  endfacet
  facet normal -0.228362 0.122077 -0.965892
    outer loop
      vertex 36.2484 31.0186 0.966568
      vertex 36.0335 30.6166 0.966568
      vertex 34.7197 31.3751 1.37305
    endloop
  endfacet
  facet normal -0.337665 0.180442 -0.923809
    outer loop
      vertex 38.5215 29.7548 0
      vertex 38.2868 29.3156 0
      vertex 37.3214 29.873 0.461741
    endloop
  endfacet
  facet normal -0.0911962 0.242367 -0.965889
    outer loop
      vertex 32.0856 29.065 1.37305
      vertex 32.6661 27.6635 0.966568
      vertex 31.7518 28.9394 1.37305
    endloop
  endfacet
  facet normal -0.0523437 0.317307 -0.946877
    outer loop
      vertex 31.3592 27.267 0.966568
      vertex 31.6493 25.8084 0.461741
      vertex 30.9094 27.1928 0.966568
    endloop
  endfacet
  facet normal -0.134693 0.358384 -0.923807
    outer loop
      vertex 33.5418 25.2145 0
      vertex 33.2352 26.2895 0.461741
      vertex 33.6618 25.2596 0
    endloop
  endfacet
  facet normal -0.134813 0.358348 -0.923803
    outer loop
      vertex 33.2352 26.2895 0.461741
      vertex 33.5418 25.2145 0
      vertex 32.7174 26.0947 0.461741
    endloop
  endfacet
  facet normal -0.134864 0.358305 -0.923812
    outer loop
      vertex 33.5418 25.2145 0
      vertex 33.0758 25.0391 0
      vertex 32.7174 26.0947 0.461741
    endloop
  endfacet
  facet normal -0.248598 0.204006 -0.946879
    outer loop
      vertex 36.707 28.9535 0.461741
      vertex 36.3561 28.5259 0.461741
      vertex 35.2379 29.5064 0.966568
    endloop
  endfacet
  facet normal -0.150897 0.123815 -0.980765
    outer loop
      vertex 33.1016 31.7201 1.67944
      vertex 34.3236 30.7824 1.37305
      vertex 32.9393 31.5223 1.67944
    endloop
  endfacet
  facet normal -0.0920177 0.172133 -0.980767
    outer loop
      vertex 31.9547 30.7143 1.67944
      vertex 32.7249 29.3803 1.37305
      vertex 31.7291 30.5937 1.67944
    endloop
  endfacet
  facet normal -0.223066 0.311158 -0.923809
    outer loop
      vertex 35.7209 26.4339 0
      vertex 35.1465 27.393 0.461741
      vertex 35.8251 26.5086 0
    endloop
  endfacet
  facet normal -0.222977 0.311212 -0.923812
    outer loop
      vertex 35.1465 27.393 0.461741
      vertex 35.7209 26.4339 0
      vertex 34.6968 27.0708 0.461741
    endloop
  endfacet
  facet normal -0.106834 0.235876 -0.965893
    outer loop
      vertex 33.0814 27.8516 0.966568
      vertex 32.6661 27.6635 0.966568
      vertex 32.4104 29.2122 1.37305
    endloop
  endfacet
  facet normal -0.132686 0.292953 -0.946875
    outer loop
      vertex 33.0814 27.8516 0.966568
      vertex 33.7391 26.5178 0.461741
      vertex 32.6661 27.6635 0.966568
    endloop
  endfacet
  facet normal -0.20016 0.164273 -0.965894
    outer loop
      vertex 35.5272 29.8589 0.966568
      vertex 35.2379 29.5064 0.966568
      vertex 34.3236 30.7824 1.37305
    endloop
  endfacet
  facet normal -0.0555863 0.0345341 -0.997856
    outer loop
      vertex 32.0372 32.9238 1.88443
      vertex 31.956 32.7931 1.88443
      vertex 30.6529 33.6637 1.98715
    endloop
  endfacet
  facet normal -0.0920087 0.17214 -0.980766
    outer loop
      vertex 32.7249 29.3803 1.37305
      vertex 32.4104 29.2122 1.37305
      vertex 31.7291 30.5937 1.67944
    endloop
  endfacet
  facet normal -0.136756 0.219899 -0.965889
    outer loop
      vertex 33.8706 28.3073 0.966568
      vertex 33.4834 28.0665 0.966568
      vertex 33.0278 29.5686 1.37305
    endloop
  endfacet
  facet normal -0.377748 0.0623556 -0.923807
    outer loop
      vertex 39.4869 32.851 0
      vertex 39.4058 32.3597 0
      vertex 38.3817 32.9965 0.461741
    endloop
  endfacet
  facet normal 0.377748 -0.0623556 -0.923807
    outer loop
      vertex 20.5942 35.8403 0
      vertex 21.6183 35.2035 0.461741
      vertex 20.5131 35.349 0
    endloop
  endfacet
  facet normal 0.23472 -0.219834 -0.946879
    outer loop
      vertex 25.0737 39.0263 0.966568
      vertex 24.7621 38.6936 0.966568
      vertex 24.0221 40.0779 0.461741
    endloop
  endfacet
  facet normal 0.151605 -0.283621 -0.946877
    outer loop
      vertex 26.2609 41.6822 0.461741
      vertex 26.5166 40.1335 0.966568
      vertex 25.773 41.4214 0.461741
    endloop
  endfacet
  facet normal 0.242892 -0.295945 -0.923808
    outer loop
      vertex 24.1749 41.6914 0
      vertex 24.8535 40.807 0.461741
      vertex 23.79 41.3755 0
    endloop
  endfacet
  facet normal -0.19509 -0.00640889 -0.980764
    outer loop
      vertex 35.4498 34.1 1.37305
      vertex 33.9095 34.1 1.67944
      vertex 33.9011 34.3557 1.67944
    endloop
  endfacet
  facet normal -0.321421 -0.0105095 -0.946878
    outer loop
      vertex 38.4359 34.6529 0.461741
      vertex 36.9668 34.1 0.966568
      vertex 36.9519 34.5557 0.966568
    endloop
  endfacet
  facet normal -0.182677 -0.0687519 -0.980766
    outer loop
      vertex 35.035 36.1856 1.37305
      vertex 33.702 35.3567 1.67944
      vertex 33.6119 35.5961 1.67944
    endloop
  endfacet
  facet normal -0.17778 -0.0805733 -0.980766
    outer loop
      vertex 35.035 36.1856 1.37305
      vertex 33.6119 35.5961 1.67944
      vertex 33.5063 35.8291 1.67944
    endloop
  endfacet
  facet normal -0.0645649 -0.0106757 -0.997856
    outer loop
      vertex 32.3072 34.5589 1.88443
      vertex 32.3323 34.4071 1.88443
      vertex 30.7702 34.2532 1.98715
    endloop
  endfacet
  facet normal -0.190092 0.0443371 -0.980765
    outer loop
      vertex 33.8344 33.3373 1.67944
      vertex 35.2641 32.6895 1.37305
      vertex 33.7763 33.0882 1.67944
    endloop
  endfacet
  facet normal -0.127176 0.0296625 -0.991437
    outer loop
      vertex 33.8344 33.3373 1.67944
      vertex 33.7763 33.0882 1.67944
      vertex 32.3072 33.6411 1.88443
    endloop
  endfacet
  facet normal -0.0447213 0.0477792 -0.997856
    outer loop
      vertex 30.5553 33.5447 1.98715
      vertex 31.6634 32.4366 1.88443
      vertex 30.5178 33.5096 1.98715
    endloop
  endfacet
  facet normal -0.235849 0.106887 -0.965893
    outer loop
      vertex 35.035 32.0144 1.37305
      vertex 36.2484 31.0186 0.966568
      vertex 34.8878 31.6896 1.37305
    endloop
  endfacet
  facet normal -0.242358 0.0912179 -0.965889
    outer loop
      vertex 36.5971 31.8606 0.966568
      vertex 36.4365 31.4339 0.966568
      vertex 35.035 32.0144 1.37305
    endloop
  endfacet
  facet normal -0.182685 0.0687394 -0.980766
    outer loop
      vertex 35.1606 32.3482 1.37305
      vertex 35.035 32.0144 1.37305
      vertex 33.702 32.8433 1.67944
    endloop
  endfacet
  facet normal -0.19508 0.00634941 -0.980767
    outer loop
      vertex 35.4498 34.1 1.37305
      vertex 35.4382 33.7436 1.37305
      vertex 33.9011 33.8443 1.67944
    endloop
  endfacet
  facet normal -0.258812 0.00842373 -0.965891
    outer loop
      vertex 35.4498 34.1 1.37305
      vertex 36.9668 34.1 0.966568
      vertex 35.4382 33.7436 1.37305
    endloop
  endfacet
  facet normal -0.20016 -0.164273 -0.965894
    outer loop
      vertex 35.2379 38.6936 0.966568
      vertex 35.5272 38.3411 0.966568
      vertex 34.3236 37.4176 1.37305
    endloop
  endfacet
  facet normal -0.200192 -0.164249 -0.965891
    outer loop
      vertex 35.2379 38.6936 0.966568
      vertex 34.3236 37.4176 1.37305
      vertex 34.0974 37.6933 1.37305
    endloop
  endfacet
  facet normal -0.0953072 -0.0892835 -0.991436
    outer loop
      vertex 32.7644 36.8644 1.67944
      vertex 32.9393 36.6777 1.67944
      vertex 31.6634 35.7634 1.88443
    endloop
  endfacet
  facet normal -0.142445 -0.133442 -0.980766
    outer loop
      vertex 33.8536 37.9536 1.37305
      vertex 32.9393 36.6777 1.67944
      vertex 32.7644 36.8644 1.67944
    endloop
  endfacet
  facet normal -0.242892 -0.295945 -0.923808
    outer loop
      vertex 35.8251 41.6914 0
      vertex 36.21 41.3755 0
      vertex 35.1465 40.807 0.461741
    endloop
  endfacet
  facet normal -0.18049 -0.337658 -0.923802
    outer loop
      vertex 33.7391 41.6822 0.461741
      vertex 34.3452 42.6215 0
      vertex 34.227 41.4214 0.461741
    endloop
  endfacet
  facet normal -0.180365 -0.337737 -0.923798
    outer loop
      vertex 34.3452 42.6215 0
      vertex 33.7391 41.6822 0.461741
      vertex 34.2321 42.6819 0
    endloop
  endfacet
  facet normal -0.180442 -0.337665 -0.923809
    outer loop
      vertex 34.3452 42.6215 0
      vertex 34.7844 42.3868 0
      vertex 34.227 41.4214 0.461741
    endloop
  endfacet
  facet normal 0.0612328 -0.0230899 -0.997856
    outer loop
      vertex 27.8267 35.0002 1.88443
      vertex 29.2745 34.4005 1.98715
      vertex 27.7724 34.8562 1.88443
    endloop
  endfacet
  facet normal 0.0270002 -0.0596129 -0.997856
    outer loop
      vertex 29.0998 36.2733 1.88443
      vertex 29.6527 34.8043 1.98715
      vertex 28.9596 36.2098 1.88443
    endloop
  endfacet
  facet normal 0.11896 -0.0538798 -0.991436
    outer loop
      vertex 27.8902 35.1404 1.88443
      vertex 27.8267 35.0002 1.88443
      vertex 26.4937 35.8291 1.67944
    endloop
  endfacet
  facet normal -0.115168 0.0615697 -0.991436
    outer loop
      vertex 32.1098 33.0596 1.88443
      vertex 33.5063 32.3709 1.67944
      vertex 32.0372 32.9238 1.88443
    endloop
  endfacet
  facet normal 0.04776 -0.0447405 -0.997856
    outer loop
      vertex 28.3366 35.7634 1.88443
      vertex 29.4447 34.6553 1.98715
      vertex 28.2314 35.6511 1.88443
    endloop
  endfacet
  facet normal 0.110926 -0.0689152 -0.991436
    outer loop
      vertex 28.044 35.4069 1.88443
      vertex 27.9628 35.2762 1.88443
      vertex 26.6143 36.0547 1.67944
    endloop
  endfacet
  facet normal -0.0637155 -0.0149094 -0.997857
    outer loop
      vertex 32.2723 34.7088 1.88443
      vertex 30.7702 34.2532 1.98715
      vertex 30.7585 34.3032 1.98715
    endloop
  endfacet
  facet normal 0.00216315 -0.0654036 -0.997857
    outer loop
      vertex 30 34.8853 1.98715
      vertex 29.9486 34.8836 1.98715
      vertex 29.8461 36.4474 1.88443
    endloop
  endfacet
  facet normal 0.00846263 -0.25882 -0.965888
    outer loop
      vertex 30 41.0668 0.966568
      vertex 29.6436 39.5382 1.37305
      vertex 29.5443 41.0519 0.966568
    endloop
  endfacet
  facet normal 0.00641894 -0.0651246 -0.997856
    outer loop
      vertex 29.8461 36.4474 1.88443
      vertex 29.9486 34.8836 1.98715
      vertex 29.6929 36.4323 1.88443
    endloop
  endfacet
  facet normal 0 0 -1
    outer loop
      vertex 30.7836 34.0486 1.98715
      vertex 30.7836 34.1514 1.98715
      vertex 30.7853 34.1 1.98715
    endloop
  endfacet
  facet normal 0 0 -1
    outer loop
      vertex 30.7785 33.9975 1.98715
      vertex 30.7836 34.1514 1.98715
      vertex 30.7836 34.0486 1.98715
    endloop
  endfacet
  facet normal 0 0 -1
    outer loop
      vertex 30.7785 33.9975 1.98715
      vertex 30.7785 34.2025 1.98715
      vertex 30.7836 34.1514 1.98715
    endloop
  endfacet
  facet normal 0 0 -1
    outer loop
      vertex 30.7702 33.9468 1.98715
      vertex 30.7785 34.2025 1.98715
      vertex 30.7785 33.9975 1.98715
    endloop
  endfacet
  facet normal 0 0 -1
    outer loop
      vertex 30.7702 33.9468 1.98715
      vertex 30.7702 34.2532 1.98715
      vertex 30.7785 34.2025 1.98715
    endloop
  endfacet
  facet normal 0 0 -1
    outer loop
      vertex 30.7585 33.8968 1.98715
      vertex 30.7702 34.2532 1.98715
      vertex 30.7702 33.9468 1.98715
    endloop
  endfacet
  facet normal 0 0 -1
    outer loop
      vertex 30.7585 33.8968 1.98715
      vertex 30.7585 34.3032 1.98715
      vertex 30.7702 34.2532 1.98715
    endloop
  endfacet
  facet normal 0 0 -1
    outer loop
      vertex 30.7436 33.8476 1.98715
      vertex 30.7585 34.3032 1.98715
      vertex 30.7585 33.8968 1.98715
    endloop
  endfacet
  facet normal 0 0 -1
    outer loop
      vertex 30.7436 33.8476 1.98715
      vertex 30.7436 34.3524 1.98715
      vertex 30.7585 34.3032 1.98715
    endloop
  endfacet
  facet normal 0 0 -1
    outer loop
      vertex 30.7255 33.7995 1.98715
      vertex 30.7436 34.3524 1.98715
      vertex 30.7436 33.8476 1.98715
    endloop
  endfacet
  facet normal 0 0 -1
    outer loop
      vertex 30.7255 33.7995 1.98715
      vertex 30.7255 34.4005 1.98715
      vertex 30.7436 34.3524 1.98715
    endloop
  endfacet
  facet normal 0 0 -1
    outer loop
      vertex 30.7043 33.7527 1.98715
      vertex 30.7255 34.4005 1.98715
      vertex 30.7255 33.7995 1.98715
    endloop
  endfacet
  facet normal 0 0 -1
    outer loop
      vertex 30.7043 33.7527 1.98715
      vertex 30.7043 34.4473 1.98715
      vertex 30.7255 34.4005 1.98715
    endloop
  endfacet
  facet normal 0 0 -1
    outer loop
      vertex 30.6801 33.7074 1.98715
      vertex 30.7043 34.4473 1.98715
      vertex 30.7043 33.7527 1.98715
    endloop
  endfacet
  facet normal 0 0 -1
    outer loop
      vertex 30.6801 33.7074 1.98715
      vertex 30.6801 34.4926 1.98715
      vertex 30.7043 34.4473 1.98715
    endloop
  endfacet
  facet normal 0 0 -1
    outer loop
      vertex 30.6529 33.6637 1.98715
      vertex 30.6801 34.4926 1.98715
      vertex 30.6801 33.7074 1.98715
    endloop
  endfacet
  facet normal 0 0 -1
    outer loop
      vertex 30.6529 33.6637 1.98715
      vertex 30.6529 34.5363 1.98715
      vertex 30.6801 34.4926 1.98715
    endloop
  endfacet
  facet normal 0 0 -1
    outer loop
      vertex 30.623 33.622 1.98715
      vertex 30.6529 34.5363 1.98715
      vertex 30.6529 33.6637 1.98715
    endloop
  endfacet
  facet normal 0 0 -1
    outer loop
      vertex 30.623 33.622 1.98715
      vertex 30.623 34.578 1.98715
      vertex 30.6529 34.5363 1.98715
    endloop
  endfacet
  facet normal 0 0 -1
    outer loop
      vertex 30.5904 33.5822 1.98715
      vertex 30.623 34.578 1.98715
      vertex 30.623 33.622 1.98715
    endloop
  endfacet
  facet normal 0 0 -1
    outer loop
      vertex 30.5904 33.5822 1.98715
      vertex 30.5904 34.6178 1.98715
      vertex 30.623 34.578 1.98715
    endloop
  endfacet
  facet normal 0 0 -1
    outer loop
      vertex 30.5553 33.5447 1.98715
      vertex 30.5904 34.6178 1.98715
      vertex 30.5904 33.5822 1.98715
    endloop
  endfacet
  facet normal 0 0 -1
    outer loop
      vertex 30.5553 33.5447 1.98715
      vertex 30.5553 34.6553 1.98715
      vertex 30.5904 34.6178 1.98715
    endloop
  endfacet
  facet normal 0 0 -1
    outer loop
      vertex 30.5178 33.5096 1.98715
      vertex 30.5553 34.6553 1.98715
      vertex 30.5553 33.5447 1.98715
    endloop
  endfacet
  facet normal 0 0 -1
    outer loop
      vertex 30.5178 33.5096 1.98715
      vertex 30.5178 34.6904 1.98715
      vertex 30.5553 34.6553 1.98715
    endloop
  endfacet
  facet normal 0 0 -1
    outer loop
      vertex 30.478 33.477 1.98715
      vertex 30.5178 34.6904 1.98715
      vertex 30.5178 33.5096 1.98715
    endloop
  endfacet
  facet normal 0 0 -1
    outer loop
      vertex 30.478 33.477 1.98715
      vertex 30.478 34.723 1.98715
      vertex 30.5178 34.6904 1.98715
    endloop
  endfacet
  facet normal 0 0 -1
    outer loop
      vertex 30.4363 33.4471 1.98715
      vertex 30.478 34.723 1.98715
      vertex 30.478 33.477 1.98715
    endloop
  endfacet
  facet normal 0 0 -1
    outer loop
      vertex 30.4363 33.4471 1.98715
      vertex 30.4363 34.7529 1.98715
      vertex 30.478 34.723 1.98715
    endloop
  endfacet
  facet normal 0 0 -1
    outer loop
      vertex 30.3926 33.4199 1.98715
      vertex 30.4363 34.7529 1.98715
      vertex 30.4363 33.4471 1.98715
    endloop
  endfacet
  facet normal 0 0 -1
    outer loop
      vertex 30.3926 33.4199 1.98715
      vertex 30.3926 34.7801 1.98715
      vertex 30.4363 34.7529 1.98715
    endloop
  endfacet
  facet normal 0 0 -1
    outer loop
      vertex 30.3473 33.3957 1.98715
      vertex 30.3926 34.7801 1.98715
      vertex 30.3926 33.4199 1.98715
    endloop
  endfacet
  facet normal 0 0 -1
    outer loop
      vertex 30.3473 33.3957 1.98715
      vertex 30.3473 34.8043 1.98715
      vertex 30.3926 34.7801 1.98715
    endloop
  endfacet
  facet normal 0 0 -1
    outer loop
      vertex 30.3005 33.3745 1.98715
      vertex 30.3473 34.8043 1.98715
      vertex 30.3473 33.3957 1.98715
    endloop
  endfacet
  facet normal 0 0 -1
    outer loop
      vertex 30.3005 33.3745 1.98715
      vertex 30.3005 34.8255 1.98715
      vertex 30.3473 34.8043 1.98715
    endloop
  endfacet
  facet normal 0 0 -1
    outer loop
      vertex 30.2524 33.3564 1.98715
      vertex 30.3005 34.8255 1.98715
      vertex 30.3005 33.3745 1.98715
    endloop
  endfacet
  facet normal 0 0 -1
    outer loop
      vertex 30.2524 33.3564 1.98715
      vertex 30.2524 34.8436 1.98715
      vertex 30.3005 34.8255 1.98715
    endloop
  endfacet
  facet normal 0 0 -1
    outer loop
      vertex 30.2032 33.3415 1.98715
      vertex 30.2524 34.8436 1.98715
      vertex 30.2524 33.3564 1.98715
    endloop
  endfacet
  facet normal 0 0 -1
    outer loop
      vertex 30.2032 33.3415 1.98715
      vertex 30.2032 34.8585 1.98715
      vertex 30.2524 34.8436 1.98715
    endloop
  endfacet
  facet normal 0 0 -1
    outer loop
      vertex 30.1532 33.3298 1.98715
      vertex 30.2032 34.8585 1.98715
      vertex 30.2032 33.3415 1.98715
    endloop
  endfacet
  facet normal 0 0 -1
    outer loop
      vertex 30.1532 33.3298 1.98715
      vertex 30.1532 34.8702 1.98715
      vertex 30.2032 34.8585 1.98715
    endloop
  endfacet
  facet normal 0 0 -1
    outer loop
      vertex 30.1025 33.3215 1.98715
      vertex 30.1532 34.8702 1.98715
      vertex 30.1532 33.3298 1.98715
    endloop
  endfacet
  facet normal 0 0 -1
    outer loop
      vertex 30.1025 33.3215 1.98715
      vertex 30.1025 34.8785 1.98715
      vertex 30.1532 34.8702 1.98715
    endloop
  endfacet
  facet normal 0 0 -1
    outer loop
      vertex 30.0514 33.3164 1.98715
      vertex 30.1025 34.8785 1.98715
      vertex 30.1025 33.3215 1.98715
    endloop
  endfacet
  facet normal 0 0 -1
    outer loop
      vertex 30.0514 33.3164 1.98715
      vertex 30.0514 34.8836 1.98715
      vertex 30.1025 34.8785 1.98715
    endloop
  endfacet
  facet normal 0 0 -1
    outer loop
      vertex 30 33.3147 1.98715
      vertex 30.0514 34.8836 1.98715
      vertex 30.0514 33.3164 1.98715
    endloop
  endfacet
  facet normal 0 0 -1
    outer loop
      vertex 30 33.3147 1.98715
      vertex 30 34.8853 1.98715
      vertex 30.0514 34.8836 1.98715
    endloop
  endfacet
  facet normal 0 0 -1
    outer loop
      vertex 29.9486 33.3164 1.98715
      vertex 30 34.8853 1.98715
      vertex 30 33.3147 1.98715
    endloop
  endfacet
  facet normal 0 0 -1
    outer loop
      vertex 29.9486 33.3164 1.98715
      vertex 29.9486 34.8836 1.98715
      vertex 30 34.8853 1.98715
    endloop
  endfacet
  facet normal 0 0 -1
    outer loop
      vertex 29.8975 33.3215 1.98715
      vertex 29.9486 34.8836 1.98715
      vertex 29.9486 33.3164 1.98715
    endloop
  endfacet
  facet normal 0 0 -1
    outer loop
      vertex 29.8975 33.3215 1.98715
      vertex 29.8975 34.8785 1.98715
      vertex 29.9486 34.8836 1.98715
    endloop
  endfacet
  facet normal 0 0 -1
    outer loop
      vertex 29.8468 33.3298 1.98715
      vertex 29.8975 34.8785 1.98715
      vertex 29.8975 33.3215 1.98715
    endloop
  endfacet
  facet normal 0 0 -1
    outer loop
      vertex 29.8468 33.3298 1.98715
      vertex 29.8468 34.8702 1.98715
      vertex 29.8975 34.8785 1.98715
    endloop
  endfacet
  facet normal 0 0 -1
    outer loop
      vertex 29.7968 33.3415 1.98715
      vertex 29.8468 34.8702 1.98715
      vertex 29.8468 33.3298 1.98715
    endloop
  endfacet
  facet normal 0 0 -1
    outer loop
      vertex 29.7968 33.3415 1.98715
      vertex 29.7968 34.8585 1.98715
      vertex 29.8468 34.8702 1.98715
    endloop
  endfacet
  facet normal 0 0 -1
    outer loop
      vertex 29.7476 33.3564 1.98715
      vertex 29.7968 34.8585 1.98715
      vertex 29.7968 33.3415 1.98715
    endloop
  endfacet
  facet normal 0 0 -1
    outer loop
      vertex 29.7476 33.3564 1.98715
      vertex 29.7476 34.8436 1.98715
      vertex 29.7968 34.8585 1.98715
    endloop
  endfacet
  facet normal 0 0 -1
    outer loop
      vertex 29.6995 33.3745 1.98715
      vertex 29.7476 34.8436 1.98715
      vertex 29.7476 33.3564 1.98715
    endloop
  endfacet
  facet normal 0 0 -1
    outer loop
      vertex 29.6995 33.3745 1.98715
      vertex 29.6995 34.8255 1.98715
      vertex 29.7476 34.8436 1.98715
    endloop
  endfacet
  facet normal 0 0 -1
    outer loop
      vertex 29.6527 33.3957 1.98715
      vertex 29.6995 34.8255 1.98715
      vertex 29.6995 33.3745 1.98715
    endloop
  endfacet
  facet normal 0 0 -1
    outer loop
      vertex 29.6527 33.3957 1.98715
      vertex 29.6527 34.8043 1.98715
      vertex 29.6995 34.8255 1.98715
    endloop
  endfacet
  facet normal 0 0 -1
    outer loop
      vertex 29.6074 33.4199 1.98715
      vertex 29.6527 34.8043 1.98715
      vertex 29.6527 33.3957 1.98715
    endloop
  endfacet
  facet normal 0 0 -1
    outer loop
      vertex 29.6074 33.4199 1.98715
      vertex 29.6074 34.7801 1.98715
      vertex 29.6527 34.8043 1.98715
    endloop
  endfacet
  facet normal 0 0 -1
    outer loop
      vertex 29.5637 33.4471 1.98715
      vertex 29.6074 34.7801 1.98715
      vertex 29.6074 33.4199 1.98715
    endloop
  endfacet
  facet normal 0 0 -1
    outer loop
      vertex 29.5637 33.4471 1.98715
      vertex 29.5637 34.7529 1.98715
      vertex 29.6074 34.7801 1.98715
    endloop
  endfacet
  facet normal 0 0 -1
    outer loop
      vertex 29.522 33.477 1.98715
      vertex 29.5637 34.7529 1.98715
      vertex 29.5637 33.4471 1.98715
    endloop
  endfacet
  facet normal 0 0 -1
    outer loop
      vertex 29.522 33.477 1.98715
      vertex 29.522 34.723 1.98715
      vertex 29.5637 34.7529 1.98715
    endloop
  endfacet
  facet normal 0 0 -1
    outer loop
      vertex 29.4822 33.5096 1.98715
      vertex 29.522 34.723 1.98715
      vertex 29.522 33.477 1.98715
    endloop
  endfacet
  facet normal 0 0 -1
    outer loop
      vertex 29.4822 33.5096 1.98715
      vertex 29.4822 34.6904 1.98715
      vertex 29.522 34.723 1.98715
    endloop
  endfacet
  facet normal 0 0 -1
    outer loop
      vertex 29.4447 33.5447 1.98715
      vertex 29.4822 34.6904 1.98715
      vertex 29.4822 33.5096 1.98715
    endloop
  endfacet
  facet normal 0 0 -1
    outer loop
      vertex 29.4447 33.5447 1.98715
      vertex 29.4447 34.6553 1.98715
      vertex 29.4822 34.6904 1.98715
    endloop
  endfacet
  facet normal 0 0 -1
    outer loop
      vertex 29.4096 33.5822 1.98715
      vertex 29.4447 34.6553 1.98715
      vertex 29.4447 33.5447 1.98715
    endloop
  endfacet
  facet normal 0 0 -1
    outer loop
      vertex 29.4096 33.5822 1.98715
      vertex 29.4096 34.6178 1.98715
      vertex 29.4447 34.6553 1.98715
    endloop
  endfacet
  facet normal 0 0 -1
    outer loop
      vertex 29.377 33.622 1.98715
      vertex 29.4096 34.6178 1.98715
      vertex 29.4096 33.5822 1.98715
    endloop
  endfacet
  facet normal 0 0 -1
    outer loop
      vertex 29.377 33.622 1.98715
      vertex 29.377 34.578 1.98715
      vertex 29.4096 34.6178 1.98715
    endloop
  endfacet
  facet normal 0 0 -1
    outer loop
      vertex 29.3471 33.6637 1.98715
      vertex 29.377 34.578 1.98715
      vertex 29.377 33.622 1.98715
    endloop
  endfacet
  facet normal 0 0 -1
    outer loop
      vertex 29.3471 33.6637 1.98715
      vertex 29.3471 34.5363 1.98715
      vertex 29.377 34.578 1.98715
    endloop
  endfacet
  facet normal 0 0 -1
    outer loop
      vertex 29.3199 33.7074 1.98715
      vertex 29.3471 34.5363 1.98715
      vertex 29.3471 33.6637 1.98715
    endloop
  endfacet
  facet normal 0 0 -1
    outer loop
      vertex 29.3199 33.7074 1.98715
      vertex 29.3199 34.4926 1.98715
      vertex 29.3471 34.5363 1.98715
    endloop
  endfacet
  facet normal 0 0 -1
    outer loop
      vertex 29.2957 33.7527 1.98715
      vertex 29.3199 34.4926 1.98715
      vertex 29.3199 33.7074 1.98715
    endloop
  endfacet
  facet normal 0 0 -1
    outer loop
      vertex 29.2957 33.7527 1.98715
      vertex 29.2957 34.4473 1.98715
      vertex 29.3199 34.4926 1.98715
    endloop
  endfacet
  facet normal 0 0 -1
    outer loop
      vertex 29.2745 33.7995 1.98715
      vertex 29.2957 34.4473 1.98715
      vertex 29.2957 33.7527 1.98715
    endloop
  endfacet
  facet normal 0 0 -1
    outer loop
      vertex 29.2745 33.7995 1.98715
      vertex 29.2745 34.4005 1.98715
      vertex 29.2957 34.4473 1.98715
    endloop
  endfacet
  facet normal 0 0 -1
    outer loop
      vertex 29.2564 33.8476 1.98715
      vertex 29.2745 34.4005 1.98715
      vertex 29.2745 33.7995 1.98715
    endloop
  endfacet
  facet normal 0 0 -1
    outer loop
      vertex 29.2564 33.8476 1.98715
      vertex 29.2564 34.3524 1.98715
      vertex 29.2745 34.4005 1.98715
    endloop
  endfacet
  facet normal 0 0 -1
    outer loop
      vertex 29.2415 33.8968 1.98715
      vertex 29.2564 34.3524 1.98715
      vertex 29.2564 33.8476 1.98715
    endloop
  endfacet
  facet normal 0 0 -1
    outer loop
      vertex 29.2415 33.8968 1.98715
      vertex 29.2415 34.3032 1.98715
      vertex 29.2564 34.3524 1.98715
    endloop
  endfacet
  facet normal 0 0 -1
    outer loop
      vertex 29.2298 33.9468 1.98715
      vertex 29.2415 34.3032 1.98715
      vertex 29.2415 33.8968 1.98715
    endloop
  endfacet
  facet normal 0 0 -1
    outer loop
      vertex 29.2298 33.9468 1.98715
      vertex 29.2298 34.2532 1.98715
      vertex 29.2415 34.3032 1.98715
    endloop
  endfacet
  facet normal 0 0 -1
    outer loop
      vertex 29.2215 33.9975 1.98715
      vertex 29.2298 34.2532 1.98715
      vertex 29.2298 33.9468 1.98715
    endloop
  endfacet
  facet normal 0 0 -1
    outer loop
      vertex 29.2215 33.9975 1.98715
      vertex 29.2215 34.2025 1.98715
      vertex 29.2298 34.2532 1.98715
    endloop
  endfacet
  facet normal 0 0 -1
    outer loop
      vertex 29.2164 34.0486 1.98715
      vertex 29.2215 34.2025 1.98715
      vertex 29.2215 33.9975 1.98715
    endloop
  endfacet
  facet normal 0 0 -1
    outer loop
      vertex 29.2164 34.0486 1.98715
      vertex 29.2164 34.1514 1.98715
      vertex 29.2215 34.2025 1.98715
    endloop
  endfacet
  facet normal 0 -0 -1
    outer loop
      vertex 29.2164 34.1514 1.98715
      vertex 29.2164 34.0486 1.98715
      vertex 29.2147 34.1 1.98715
    endloop
  endfacet
  facet normal 0.113742 -0.158626 -0.980765
    outer loop
      vertex 26.9722 38.6314 1.37305
      vertex 27.6201 37.2016 1.67944
      vertex 26.6824 38.4236 1.37305
    endloop
  endfacet
  facet normal 0.0506279 -0.0414691 -0.997856
    outer loop
      vertex 29.4096 34.6178 1.98715
      vertex 29.377 34.578 1.98715
      vertex 28.2314 35.6511 1.88443
    endloop
  endfacet
  facet normal 0.0477772 -0.0447195 -0.997856
    outer loop
      vertex 29.4447 34.6553 1.98715
      vertex 29.4096 34.6178 1.98715
      vertex 28.2314 35.6511 1.88443
    endloop
  endfacet
  facet normal -0.0615697 0.115168 -0.991436
    outer loop
      vertex 31.1762 32.0628 1.88443
      vertex 31.7291 30.5937 1.67944
      vertex 31.0404 31.9902 1.88443
    endloop
  endfacet
  facet normal -0.0381122 0.0531957 -0.997857
    outer loop
      vertex 31.4321 32.2337 1.88443
      vertex 31.3069 32.144 1.88443
      vertex 30.4363 33.4471 1.98715
    endloop
  endfacet
  facet normal 0.0531819 -0.0381328 -0.997856
    outer loop
      vertex 29.377 34.578 1.98715
      vertex 29.3471 34.5363 1.98715
      vertex 28.044 35.4069 1.88443
    endloop
  endfacet
  facet normal 0.122219 -0.0459981 -0.991437
    outer loop
      vertex 26.3881 35.5961 1.67944
      vertex 27.8267 35.0002 1.88443
      vertex 26.298 35.3567 1.67944
    endloop
  endfacet
  facet normal 0.118943 -0.0539072 -0.991437
    outer loop
      vertex 26.4937 35.8291 1.67944
      vertex 27.8267 35.0002 1.88443
      vertex 26.3881 35.5961 1.67944
    endloop
  endfacet
  facet normal 0.255483 -0.0421811 -0.965893
    outer loop
      vertex 24.6549 35.1632 1.37305
      vertex 24.5968 34.8113 1.37305
      vertex 23.167 35.4592 0.966568
    endloop
  endfacet
  facet normal 0.177781 -0.0805706 -0.980766
    outer loop
      vertex 25.1122 36.5104 1.37305
      vertex 26.4937 35.8291 1.67944
      vertex 24.965 36.1856 1.37305
    endloop
  endfacet
  facet normal 0.188998 -0.177011 -0.965892
    outer loop
      vertex 25.0737 39.0263 0.966568
      vertex 26.1464 37.9536 1.37305
      vertex 24.7621 38.6936 0.966568
    endloop
  endfacet
  facet normal 0.165764 -0.103048 -0.980767
    outer loop
      vertex 25.4686 37.1278 1.37305
      vertex 26.6143 36.0547 1.67944
      vertex 25.2803 36.8249 1.37305
    endloop
  endfacet
  facet normal -0.1137 -0.158645 -0.980767
    outer loop
      vertex 33.0278 38.6314 1.37305
      vertex 32.3799 37.2016 1.67944
      vertex 32.172 37.3506 1.67944
    endloop
  endfacet
  facet normal -0.103055 -0.165758 -0.980767
    outer loop
      vertex 33.0278 38.6314 1.37305
      vertex 32.172 37.3506 1.67944
      vertex 31.9547 37.4857 1.67944
    endloop
  endfacet
  facet normal -0.0270036 -0.0596117 -0.997856
    outer loop
      vertex 30.9002 36.2733 1.88443
      vertex 30.3473 34.8043 1.98715
      vertex 30.3005 34.8255 1.98715
    endloop
  endfacet
  facet normal -0.0760592 -0.106161 -0.991436
    outer loop
      vertex 32.172 37.3506 1.67944
      vertex 31.4321 35.9663 1.88443
      vertex 31.3069 36.056 1.88443
    endloop
  endfacet
  facet normal -0.0911962 -0.242367 -0.965889
    outer loop
      vertex 32.6661 40.5365 0.966568
      vertex 32.0856 39.135 1.37305
      vertex 31.7518 39.2606 1.37305
    endloop
  endfacet
  facet normal -0.0805708 -0.177781 -0.980766
    outer loop
      vertex 32.0856 39.135 1.37305
      vertex 32.4104 38.9878 1.37305
      vertex 31.4961 37.7119 1.67944
    endloop
  endfacet
  facet normal -0.00842373 -0.258812 -0.965891
    outer loop
      vertex 30 41.0668 0.966568
      vertex 30.3564 39.5382 1.37305
      vertex 30 39.5498 1.37305
    endloop
  endfacet
  facet normal -0.0125317 -0.38264 -0.923813
    outer loop
      vertex 30.6258 43.6483 0
      vertex 30.5529 42.5359 0.461741
      vertex 30.1281 43.6646 0
    endloop
  endfacet
  facet normal -0.0588164 -0.252184 -0.96589
    outer loop
      vertex 31.8031 40.8294 0.966568
      vertex 31.4105 39.3641 1.37305
      vertex 31.0632 39.4451 1.37305
    endloop
  endfacet
  facet normal -0.0751485 -0.247808 -0.96589
    outer loop
      vertex 31.8031 40.8294 0.966568
      vertex 31.7518 39.2606 1.37305
      vertex 31.4105 39.3641 1.37305
    endloop
  endfacet
  facet normal 0.210447 -0.150901 -0.965889
    outer loop
      vertex 25.6764 37.4176 1.37305
      vertex 25.4686 37.1278 1.37305
      vertex 24.2073 37.9706 0.966568
    endloop
  endfacet
  facet normal 0.292942 -0.132681 -0.94688
    outer loop
      vertex 23.7516 37.1814 0.966568
      vertex 23.5635 36.7661 0.966568
      vertex 22.1895 37.3352 0.461741
    endloop
  endfacet
  facet normal 0.320035 -0.0315308 -0.946881
    outer loop
      vertex 23.0928 35.0094 0.966568
      vertex 23.0481 34.5557 0.966568
      vertex 21.6183 35.2035 0.461741
    endloop
  endfacet
  facet normal 0.300994 -0.113258 -0.946876
    outer loop
      vertex 22.1895 37.3352 0.461741
      vertex 23.4029 36.3394 0.966568
      vertex 21.9947 36.8175 0.461741
    endloop
  endfacet
  facet normal 0.177012 -0.188998 -0.965892
    outer loop
      vertex 25.4064 39.3379 0.966568
      vertex 26.4067 38.1974 1.37305
      vertex 25.0737 39.0263 0.966568
    endloop
  endfacet
  facet normal 0.164278 -0.200166 -0.965891
    outer loop
      vertex 25.7589 39.6272 0.966568
      vertex 26.4067 38.1974 1.37305
      vertex 25.4064 39.3379 0.966568
    endloop
  endfacet
  facet normal 0.187303 -0.261422 -0.946877
    outer loop
      vertex 25.3032 41.1292 0.461741
      vertex 25.7589 39.6272 0.966568
      vertex 24.8535 40.807 0.461741
    endloop
  endfacet
  facet normal 0.0892834 -0.0953071 -0.991436
    outer loop
      vertex 27.4223 37.0393 1.67944
      vertex 28.4489 35.8686 1.88443
      vertex 27.2356 36.8644 1.67944
    endloop
  endfacet
  facet normal 0.150888 -0.21043 -0.965894
    outer loop
      vertex 26.9722 38.6314 1.37305
      vertex 26.6824 38.4236 1.37305
      vertex 25.7589 39.6272 0.966568
    endloop
  endfacet
  facet normal 0.132715 -0.292927 -0.946879
    outer loop
      vertex 26.7648 41.9105 0.461741
      vertex 27.3339 40.5365 0.966568
      vertex 26.2609 41.6822 0.461741
    endloop
  endfacet
  facet normal 0.0689152 -0.110926 -0.991436
    outer loop
      vertex 28.8238 36.1372 1.88443
      vertex 28.6931 36.056 1.88443
      vertex 28.0453 37.4857 1.67944
    endloop
  endfacet
  facet normal 0.136756 -0.219899 -0.965889
    outer loop
      vertex 26.5166 40.1335 0.966568
      vertex 26.9722 38.6314 1.37305
      vertex 26.1294 39.8927 0.966568
    endloop
  endfacet
  facet normal 0.16984 -0.273098 -0.946875
    outer loop
      vertex 26.5166 40.1335 0.966568
      vertex 26.1294 39.8927 0.966568
      vertex 25.3032 41.1292 0.461741
    endloop
  endfacet
  facet normal 0.0421811 -0.255483 -0.965893
    outer loop
      vertex 29.2887 39.5032 1.37305
      vertex 28.9368 39.4451 1.37305
      vertex 28.6408 40.933 0.966568
    endloop
  endfacet
  facet normal 0.0460748 -0.122187 -0.991437
    outer loop
      vertex 29.2438 36.3276 1.88443
      vertex 29.0998 36.2733 1.88443
      vertex 28.5039 37.7119 1.67944
    endloop
  endfacet
  facet normal 0.0805708 -0.177781 -0.980766
    outer loop
      vertex 27.9144 39.135 1.37305
      vertex 28.5039 37.7119 1.67944
      vertex 27.5896 38.9878 1.37305
    endloop
  endfacet
  facet normal 0.0538777 -0.118955 -0.991437
    outer loop
      vertex 29.0998 36.2733 1.88443
      vertex 28.9596 36.2098 1.88443
      vertex 28.5039 37.7119 1.67944
    endloop
  endfacet
  facet normal -0.0270034 0.0596113 -0.997856
    outer loop
      vertex 30.3473 33.3957 1.98715
      vertex 31.0404 31.9902 1.88443
      vertex 30.3005 33.3745 1.98715
    endloop
  endfacet
  facet normal 0.106894 -0.235865 -0.965889
    outer loop
      vertex 27.9144 39.135 1.37305
      vertex 27.5896 38.9878 1.37305
      vertex 27.3339 40.5365 0.966568
    endloop
  endfacet
  facet normal 0.0443356 -0.190096 -0.980764
    outer loop
      vertex 28.9368 39.4451 1.37305
      vertex 28.9881 37.8763 1.67944
      vertex 28.5895 39.3641 1.37305
    endloop
  endfacet
  facet normal 0.0730753 -0.31318 -0.946878
    outer loop
      vertex 28.6408 40.933 0.966568
      vertex 28.1968 40.8294 0.966568
      vertex 27.8119 42.2659 0.461741
    endloop
  endfacet
  facet normal 0.0933443 -0.307761 -0.946874
    outer loop
      vertex 28.1968 40.8294 0.966568
      vertex 27.7606 40.6971 0.966568
      vertex 27.2826 42.1053 0.461741
    endloop
  endfacet
  facet normal -0.086984 -0.372848 -0.923806
    outer loop
      vertex 31.6493 42.3916 0.461741
      vertex 31.9916 43.4558 0
      vertex 32.1881 42.2659 0.461741
    endloop
  endfacet
  facet normal -0.0869412 -0.372861 -0.923805
    outer loop
      vertex 31.9916 43.4558 0
      vertex 31.6493 42.3916 0.461741
      vertex 31.8668 43.4849 0
    endloop
  endfacet
  facet normal -0.029652 0.127182 -0.991436
    outer loop
      vertex 31.0119 30.3237 1.67944
      vertex 30.7627 30.2656 1.67944
      vertex 30.6088 31.8277 1.88443
    endloop
  endfacet
  facet normal -0.0443209 0.190099 -0.980764
    outer loop
      vertex 31.0119 30.3237 1.67944
      vertex 31.4105 28.8359 1.37305
      vertex 30.7627 30.2656 1.67944
    endloop
  endfacet
  facet normal -0.0596117 -0.0270036 -0.997856
    outer loop
      vertex 32.1733 35.0002 1.88443
      vertex 30.7255 34.4005 1.98715
      vertex 30.7043 34.4473 1.98715
    endloop
  endfacet
  facet normal -0.110926 -0.0689152 -0.991436
    outer loop
      vertex 33.3857 36.0547 1.67944
      vertex 32.0372 35.2762 1.88443
      vertex 31.956 35.4069 1.88443
    endloop
  endfacet
  facet normal -0.0596129 0.0270002 -0.997856
    outer loop
      vertex 32.1733 33.1998 1.88443
      vertex 32.1098 33.0596 1.88443
      vertex 30.7043 33.7527 1.98715
    endloop
  endfacet
  facet normal -0.133429 0.142459 -0.980766
    outer loop
      vertex 33.8536 30.2464 1.37305
      vertex 33.5933 30.0026 1.37305
      vertex 32.7644 31.3356 1.67944
    endloop
  endfacet
  facet normal -0.128839 0.0213034 -0.991437
    outer loop
      vertex 32.3323 33.7929 1.88443
      vertex 33.8344 33.3373 1.67944
      vertex 32.3072 33.6411 1.88443
    endloop
  endfacet
  facet normal 0.0105731 -0.0645853 -0.997856
    outer loop
      vertex 29.8975 34.8785 1.98715
      vertex 29.8468 34.8702 1.98715
      vertex 29.5411 36.4072 1.88443
    endloop
  endfacet
  facet normal -0.0654061 -0.00212495 -0.997856
    outer loop
      vertex 32.3474 34.2539 1.88443
      vertex 32.3524 34.1 1.88443
      vertex 30.7836 34.1514 1.98715
    endloop
  endfacet
  facet normal -0.0654073 -0.00216328 -0.997856
    outer loop
      vertex 32.3524 34.1 1.88443
      vertex 30.7853 34.1 1.98715
      vertex 30.7836 34.1514 1.98715
    endloop
  endfacet
  facet normal -0.0689152 0.110926 -0.991436
    outer loop
      vertex 31.3069 32.144 1.88443
      vertex 31.9547 30.7143 1.67944
      vertex 31.1762 32.0628 1.88443
    endloop
  endfacet
  facet normal -0.106163 -0.0760611 -0.991435
    outer loop
      vertex 33.1016 36.4799 1.67944
      vertex 31.956 35.4069 1.88443
      vertex 31.8663 35.5321 1.88443
    endloop
  endfacet
  facet normal 0.0626189 0.0190025 -0.997857
    outer loop
      vertex 29.2564 33.8476 1.98715
      vertex 27.7724 33.3438 1.88443
      vertex 27.7277 33.4911 1.88443
    endloop
  endfacet
  facet normal -0.0626189 0.0190025 -0.997857
    outer loop
      vertex 32.2723 33.4911 1.88443
      vertex 32.2276 33.3438 1.88443
      vertex 30.7436 33.8476 1.98715
    endloop
  endfacet
  facet normal 0.030854 -0.0577132 -0.997856
    outer loop
      vertex 28.9596 36.2098 1.88443
      vertex 29.6074 34.7801 1.98715
      vertex 28.8238 36.1372 1.88443
    endloop
  endfacet
  facet normal -0.00640845 0.195076 -0.980767
    outer loop
      vertex 30.2557 30.1989 1.67944
      vertex 30.3564 28.6618 1.37305
      vertex 30 30.1905 1.67944
    endloop
  endfacet
  facet normal -0.0637368 -0.0148393 -0.997856
    outer loop
      vertex 32.2723 34.7088 1.88443
      vertex 32.3072 34.5589 1.88443
      vertex 30.7702 34.2532 1.98715
    endloop
  endfacet
  facet normal 0.100961 0.0828413 -0.991435
    outer loop
      vertex 28.1337 32.6679 1.88443
      vertex 27.0607 31.5223 1.67944
      vertex 26.8984 31.7201 1.67944
    endloop
  endfacet
  facet normal 0.150897 0.123815 -0.980765
    outer loop
      vertex 26.8984 31.7201 1.67944
      vertex 27.0607 31.5223 1.67944
      vertex 25.6764 30.7824 1.37305
    endloop
  endfacet
  facet normal -0.04776 -0.0447405 -0.997856
    outer loop
      vertex 31.6634 35.7634 1.88443
      vertex 31.7686 35.6511 1.88443
      vertex 30.5553 34.6553 1.98715
    endloop
  endfacet
  facet normal 0.0626284 -0.0189667 -0.997857
    outer loop
      vertex 29.2564 34.3524 1.98715
      vertex 29.2415 34.3032 1.98715
      vertex 27.7277 34.7088 1.88443
    endloop
  endfacet
  facet normal -0.0651193 0.00649919 -0.997856
    outer loop
      vertex 30.7836 34.0486 1.98715
      vertex 32.3474 33.9461 1.88443
      vertex 30.7785 33.9975 1.98715
    endloop
  endfacet
  facet normal 0.21049 0.150837 -0.965889
    outer loop
      vertex 25.4686 31.0722 1.37305
      vertex 24.4728 29.8589 0.966568
      vertex 24.2073 30.2294 0.966568
    endloop
  endfacet
  facet normal -0.0345794 -0.055556 -0.997857
    outer loop
      vertex 31.3069 36.056 1.88443
      vertex 30.4363 34.7529 1.98715
      vertex 30.3926 34.7801 1.98715
    endloop
  endfacet
  facet normal 0.037929 0.124967 -0.991436
    outer loop
      vertex 29.2438 31.8724 1.88443
      vertex 28.9881 30.3237 1.67944
      vertex 28.7433 30.398 1.67944
    endloop
  endfacet
  facet normal 0.123808 0.150902 -0.980765
    outer loop
      vertex 27.6201 30.9984 1.67944
      vertex 26.6824 29.7764 1.37305
      vertex 26.4067 30.0026 1.37305
    endloop
  endfacet
  facet normal 0.0892825 0.0953082 -0.991436
    outer loop
      vertex 28.3366 32.4366 1.88443
      vertex 28.4489 32.3314 1.88443
      vertex 27.2356 31.3356 1.67944
    endloop
  endfacet
  facet normal 0.0270036 -0.0596117 -0.997856
    outer loop
      vertex 29.6995 34.8255 1.98715
      vertex 29.6527 34.8043 1.98715
      vertex 29.0998 36.2733 1.88443
    endloop
  endfacet
  facet normal -0.0148388 0.0637345 -0.997857
    outer loop
      vertex 30.6088 31.8277 1.88443
      vertex 30.4589 31.7928 1.88443
      vertex 30.2032 33.3415 1.98715
    endloop
  endfacet
  facet normal 0.0317969 0.192587 -0.980765
    outer loop
      vertex 29.2373 30.2656 1.67944
      vertex 29.2887 28.6968 1.37305
      vertex 28.9368 28.7549 1.37305
    endloop
  endfacet
  facet normal 0.0637368 -0.0148393 -0.997856
    outer loop
      vertex 27.7277 34.7088 1.88443
      vertex 29.2298 34.2532 1.98715
      vertex 27.6928 34.5589 1.88443
    endloop
  endfacet
  facet normal -0.030854 -0.0577132 -0.997856
    outer loop
      vertex 31.0404 36.2098 1.88443
      vertex 31.1762 36.1372 1.88443
      vertex 30.3926 34.7801 1.98715
    endloop
  endfacet
  facet normal 0.3173 0.0523795 -0.946877
    outer loop
      vertex 23.167 32.7408 0.966568
      vertex 21.7084 32.4507 0.461741
      vertex 21.6183 32.9965 0.461741
    endloop
  endfacet
  facet normal 0.31318 0.0730919 -0.946877
    outer loop
      vertex 23.167 32.7408 0.966568
      vertex 23.2706 32.2969 0.966568
      vertex 21.7084 32.4507 0.461741
    endloop
  endfacet
  facet normal 0.300994 0.113258 -0.946876
    outer loop
      vertex 23.4029 31.8606 0.966568
      vertex 22.1895 30.8648 0.461741
      vertex 21.9947 31.3825 0.461741
    endloop
  endfacet
  facet normal 0.300977 0.113281 -0.946879
    outer loop
      vertex 23.4029 31.8606 0.966568
      vertex 23.5635 31.4339 0.966568
      vertex 22.1895 30.8648 0.461741
    endloop
  endfacet
  facet normal 0.228362 0.122077 -0.965892
    outer loop
      vertex 25.2803 31.3751 1.37305
      vertex 23.9665 30.6166 0.966568
      vertex 23.7516 31.0186 0.966568
    endloop
  endfacet
  facet normal 0.219891 0.13675 -0.965892
    outer loop
      vertex 25.2803 31.3751 1.37305
      vertex 24.2073 30.2294 0.966568
      vertex 23.9665 30.6166 0.966568
    endloop
  endfacet
  facet normal 0.242361 0.0911938 -0.965891
    outer loop
      vertex 24.8394 32.3482 1.37305
      vertex 24.965 32.0144 1.37305
      vertex 23.4029 31.8606 0.966568
    endloop
  endfacet
  facet normal 0.115169 0.0615663 -0.991436
    outer loop
      vertex 27.9628 32.9238 1.88443
      vertex 26.6143 32.1453 1.67944
      vertex 26.4937 32.3709 1.67944
    endloop
  endfacet
  facet normal 0.172133 0.0920177 -0.980767
    outer loop
      vertex 26.4937 32.3709 1.67944
      vertex 26.6143 32.1453 1.67944
      vertex 25.2803 31.3751 1.37305
    endloop
  endfacet
  facet normal 0.182677 0.0687519 -0.980766
    outer loop
      vertex 26.298 32.8433 1.67944
      vertex 26.3881 32.6039 1.67944
      vertex 24.965 32.0144 1.37305
    endloop
  endfacet
  facet normal 0.182685 0.0687394 -0.980766
    outer loop
      vertex 26.298 32.8433 1.67944
      vertex 24.965 32.0144 1.37305
      vertex 24.8394 32.3482 1.37305
    endloop
  endfacet
  facet normal 0.034535 0.0555878 -0.997856
    outer loop
      vertex 29.6074 33.4199 1.98715
      vertex 28.8238 32.0628 1.88443
      vertex 28.6931 32.144 1.88443
    endloop
  endfacet
  facet normal 0.21043 0.150888 -0.965894
    outer loop
      vertex 25.4686 31.0722 1.37305
      vertex 25.6764 30.7824 1.37305
      vertex 24.4728 29.8589 0.966568
    endloop
  endfacet
  facet normal 0.113286 0.300992 -0.946874
    outer loop
      vertex 27.3339 27.6635 0.966568
      vertex 27.7606 27.5029 0.966568
      vertex 27.2826 26.0947 0.461741
    endloop
  endfacet
  facet normal 0.292942 0.132681 -0.94688
    outer loop
      vertex 23.5635 31.4339 0.966568
      vertex 23.7516 31.0186 0.966568
      vertex 22.1895 30.8648 0.461741
    endloop
  endfacet
  facet normal 0.337665 0.180442 -0.923809
    outer loop
      vertex 22.6786 29.873 0.461741
      vertex 21.7132 29.3156 0
      vertex 21.4785 29.7548 0
    endloop
  endfacet
  facet normal -0.0124557 0.382666 -0.923803
    outer loop
      vertex 30 25.646 0.461741
      vertex 30.4977 24.5475 0
      vertex 30 24.5313 0
    endloop
  endfacet
  facet normal 0.037516 0.381003 -0.923813
    outer loop
      vertex 29.4471 25.6641 0.461741
      vertex 29.3742 24.5517 0
      vertex 28.8786 24.6005 0
    endloop
  endfacet
  facet normal 0.0375056 0.381007 -0.923811
    outer loop
      vertex 28.8786 24.6005 0
      vertex 28.8965 25.7183 0.461741
      vertex 29.4471 25.6641 0.461741
    endloop
  endfacet
  facet normal 0.0376227 0.381004 -0.923808
    outer loop
      vertex 28.8965 25.7183 0.461741
      vertex 28.8786 24.6005 0
      vertex 28.751 24.6131 0
    endloop
  endfacet
  facet normal 0.00640845 0.195076 -0.980767
    outer loop
      vertex 29.7443 30.1989 1.67944
      vertex 30 30.1905 1.67944
      vertex 29.6436 28.6618 1.37305
    endloop
  endfacet
  facet normal 0.0105093 0.321416 -0.94688
    outer loop
      vertex 30 27.1332 0.966568
      vertex 30 25.646 0.461741
      vertex 29.5443 27.1481 0.966568
    endloop
  endfacet
  facet normal 0.0588406 0.252174 -0.965891
    outer loop
      vertex 28.5895 28.8359 1.37305
      vertex 28.6408 27.267 0.966568
      vertex 28.1968 27.3706 0.966568
    endloop
  endfacet
  facet normal 0.00846263 0.25882 -0.965888
    outer loop
      vertex 29.6436 28.6618 1.37305
      vertex 30 27.1332 0.966568
      vertex 29.5443 27.1481 0.966568
    endloop
  endfacet
  facet normal 0.311158 0.223066 -0.923809
    outer loop
      vertex 22.3339 28.3791 0
      vertex 23.293 28.9535 0.461741
      vertex 22.4086 28.2749 0
    endloop
  endfacet
  facet normal 0.311212 0.222977 -0.923812
    outer loop
      vertex 23.293 28.9535 0.461741
      vertex 22.3339 28.3791 0
      vertex 22.9708 29.4032 0.461741
    endloop
  endfacet
  facet normal -0.16984 0.273098 -0.946875
    outer loop
      vertex 33.8706 28.3073 0.966568
      vertex 34.6968 27.0708 0.461741
      vertex 33.4834 28.0665 0.966568
    endloop
  endfacet
  facet normal -0.180365 0.337737 -0.923798
    outer loop
      vertex 33.7391 26.5178 0.461741
      vertex 34.3452 25.5785 0
      vertex 34.2321 25.5181 0
    endloop
  endfacet
  facet normal -0.18049 0.337658 -0.923802
    outer loop
      vertex 34.3452 25.5785 0
      vertex 33.7391 26.5178 0.461741
      vertex 34.227 26.7786 0.461741
    endloop
  endfacet
  facet normal -0.366364 0.111154 -0.923809
    outer loop
      vertex 39.2055 31.5008 0
      vertex 39.0609 31.0242 0
      vertex 38.0053 31.3825 0.461741
    endloop
  endfacet
  facet normal -0.358315 0.134868 -0.923808
    outer loop
      vertex 39.0609 31.0242 0
      vertex 38.8855 30.5582 0
      vertex 38.0053 31.3825 0.461741
    endloop
  endfacet
  facet normal -0.295994 0.242828 -0.923808
    outer loop
      vertex 37.5101 28.1758 0
      vertex 36.707 28.9535 0.461741
      vertex 37.5914 28.2749 0
    endloop
  endfacet
  facet normal -0.295955 0.242869 -0.92381
    outer loop
      vertex 36.707 28.9535 0.461741
      vertex 37.5101 28.1758 0
      vertex 36.3561 28.5259 0.461741
    endloop
  endfacet
  facet normal -0.311158 0.223066 -0.923809
    outer loop
      vertex 36.707 28.9535 0.461741
      vertex 37.6661 28.3791 0
      vertex 37.5914 28.2749 0
    endloop
  endfacet
  facet normal -0.311212 0.222977 -0.923812
    outer loop
      vertex 37.6661 28.3791 0
      vertex 36.707 28.9535 0.461741
      vertex 37.0292 29.4032 0.461741
    endloop
  endfacet
  facet normal -0.283616 0.151614 -0.946877
    outer loop
      vertex 36.2484 31.0186 0.966568
      vertex 37.3214 29.873 0.461741
      vertex 36.0335 30.6166 0.966568
    endloop
  endfacet
  facet normal -0.27309 0.169853 -0.946875
    outer loop
      vertex 37.3214 29.873 0.461741
      vertex 37.0292 29.4032 0.461741
      vertex 35.7927 30.2294 0.966568
    endloop
  endfacet
  facet normal -0.0317969 0.192587 -0.980765
    outer loop
      vertex 30.7627 30.2656 1.67944
      vertex 31.0632 28.7549 1.37305
      vertex 30.7113 28.6968 1.37305
    endloop
  endfacet
  facet normal -0.0317416 0.192586 -0.980767
    outer loop
      vertex 30.7627 30.2656 1.67944
      vertex 30.7113 28.6968 1.37305
      vertex 30.5103 30.224 1.67944
    endloop
  endfacet
  facet normal -0.0566467 0.186797 -0.980764
    outer loop
      vertex 31.7518 28.9394 1.37305
      vertex 31.4105 28.8359 1.37305
      vertex 31.0119 30.3237 1.67944
    endloop
  endfacet
  facet normal -0.0421811 0.255483 -0.965893
    outer loop
      vertex 31.0632 28.7549 1.37305
      vertex 31.3592 27.267 0.966568
      vertex 30.7113 28.6968 1.37305
    endloop
  endfacet
  facet normal -0.0933729 0.307735 -0.946879
    outer loop
      vertex 32.7174 26.0947 0.461741
      vertex 32.1881 25.9341 0.461741
      vertex 31.8031 27.3706 0.966568
    endloop
  endfacet
  facet normal -0.111079 0.36638 -0.923811
    outer loop
      vertex 32.9531 25.0019 0
      vertex 32.7174 26.0947 0.461741
      vertex 33.0758 25.0391 0
    endloop
  endfacet
  facet normal -0.111161 0.366361 -0.923809
    outer loop
      vertex 32.7174 26.0947 0.461741
      vertex 32.9531 25.0019 0
      vertex 32.1881 25.9341 0.461741
    endloop
  endfacet
  facet normal -0.0687386 0.182683 -0.980766
    outer loop
      vertex 32.0856 29.065 1.37305
      vertex 31.7518 28.9394 1.37305
      vertex 31.4961 30.4881 1.67944
    endloop
  endfacet
  facet normal -0.0751485 0.247808 -0.96589
    outer loop
      vertex 31.7518 28.9394 1.37305
      vertex 31.8031 27.3706 0.966568
      vertex 31.4105 28.8359 1.37305
    endloop
  endfacet
  facet normal -0.219834 0.23472 -0.946879
    outer loop
      vertex 34.9263 29.1737 0.966568
      vertex 35.9779 28.1221 0.461741
      vertex 34.5936 28.8621 0.966568
    endloop
  endfacet
  facet normal -0.23472 0.219834 -0.946879
    outer loop
      vertex 35.2379 29.5064 0.966568
      vertex 35.9779 28.1221 0.461741
      vertex 34.9263 29.1737 0.966568
    endloop
  endfacet
  facet normal -0.123813 0.150895 -0.980765
    outer loop
      vertex 32.5777 31.1607 1.67944
      vertex 33.5933 30.0026 1.37305
      vertex 32.3799 30.9984 1.67944
    endloop
  endfacet
  facet normal -0.142445 0.133442 -0.980766
    outer loop
      vertex 32.9393 31.5223 1.67944
      vertex 33.8536 30.2464 1.37305
      vertex 32.7644 31.3356 1.67944
    endloop
  endfacet
  facet normal -0.164278 0.200166 -0.965891
    outer loop
      vertex 34.5936 28.8621 0.966568
      vertex 34.2411 28.5728 0.966568
      vertex 33.5933 30.0026 1.37305
    endloop
  endfacet
  facet normal -0.177012 0.188998 -0.965892
    outer loop
      vertex 34.9263 29.1737 0.966568
      vertex 34.5936 28.8621 0.966568
      vertex 33.5933 30.0026 1.37305
    endloop
  endfacet
  facet normal -0.122064 0.22837 -0.965892
    outer loop
      vertex 32.7249 29.3803 1.37305
      vertex 33.4834 28.0665 0.966568
      vertex 32.4104 29.2122 1.37305
    endloop
  endfacet
  facet normal -0.136711 0.219914 -0.965892
    outer loop
      vertex 33.0278 29.5686 1.37305
      vertex 33.4834 28.0665 0.966568
      vertex 32.7249 29.3803 1.37305
    endloop
  endfacet
  facet normal 0.222977 -0.311212 -0.923812
    outer loop
      vertex 24.8535 40.807 0.461741
      vertex 24.2791 41.7661 0
      vertex 25.3032 41.1292 0.461741
    endloop
  endfacet
  facet normal 0.223066 -0.311158 -0.923809
    outer loop
      vertex 24.2791 41.7661 0
      vertex 24.8535 40.807 0.461741
      vertex 24.1749 41.6914 0
    endloop
  endfacet
  facet normal -0.115169 0.0615663 -0.991436
    outer loop
      vertex 33.5063 32.3709 1.67944
      vertex 33.3857 32.1453 1.67944
      vertex 32.0372 32.9238 1.88443
    endloop
  endfacet
  facet normal -0.0645752 0.0105715 -0.997857
    outer loop
      vertex 30.7785 33.9975 1.98715
      vertex 32.3323 33.7929 1.88443
      vertex 30.7702 33.9468 1.98715
    endloop
  endfacet
  facet normal -0.190099 -0.0443209 -0.980764
    outer loop
      vertex 35.2641 35.5105 1.37305
      vertex 33.8344 34.8627 1.67944
      vertex 33.7763 35.1119 1.67944
    endloop
  endfacet
  facet normal -0.186797 -0.0566467 -0.980764
    outer loop
      vertex 35.1606 35.8518 1.37305
      vertex 35.2641 35.5105 1.37305
      vertex 33.7763 35.1119 1.67944
    endloop
  endfacet
  facet normal -0.129967 0.012813 -0.991435
    outer loop
      vertex 33.9011 33.8443 1.67944
      vertex 33.876 33.5897 1.67944
      vertex 32.3323 33.7929 1.88443
    endloop
  endfacet
  facet normal -0.128858 0.0212382 -0.991436
    outer loop
      vertex 33.876 33.5897 1.67944
      vertex 33.8344 33.3373 1.67944
      vertex 32.3323 33.7929 1.88443
    endloop
  endfacet
  facet normal -0.182677 0.0687519 -0.980766
    outer loop
      vertex 33.702 32.8433 1.67944
      vertex 35.035 32.0144 1.37305
      vertex 33.6119 32.6039 1.67944
    endloop
  endfacet
  facet normal -0.186794 0.0566457 -0.980765
    outer loop
      vertex 35.2641 32.6895 1.37305
      vertex 35.1606 32.3482 1.37305
      vertex 33.7763 33.0882 1.67944
    endloop
  endfacet
  facet normal -0.100934 0.0828673 -0.991436
    outer loop
      vertex 31.8663 32.6679 1.88443
      vertex 32.9393 31.5223 1.67944
      vertex 31.7686 32.5489 1.88443
    endloop
  endfacet
  facet normal -0.0505766 0.0415238 -0.997857
    outer loop
      vertex 31.8663 32.6679 1.88443
      vertex 31.7686 32.5489 1.88443
      vertex 30.623 33.622 1.98715
    endloop
  endfacet
  facet normal -0.17778 0.0805733 -0.980766
    outer loop
      vertex 33.6119 32.6039 1.67944
      vertex 35.035 32.0144 1.37305
      vertex 33.5063 32.3709 1.67944
    endloop
  endfacet
  facet normal -0.17214 0.0920087 -0.980766
    outer loop
      vertex 34.8878 31.6896 1.37305
      vertex 34.7197 31.3751 1.37305
      vertex 33.5063 32.3709 1.67944
    endloop
  endfacet
  facet normal -0.194241 0.0191559 -0.980767
    outer loop
      vertex 35.4382 33.7436 1.37305
      vertex 35.4032 33.3887 1.37305
      vertex 33.9011 33.8443 1.67944
    endloop
  endfacet
  facet normal -0.257708 0.025415 -0.965889
    outer loop
      vertex 35.4382 33.7436 1.37305
      vertex 36.9519 33.6443 0.966568
      vertex 35.4032 33.3887 1.37305
    endloop
  endfacet
  facet normal -0.106149 -0.0760762 -0.991436
    outer loop
      vertex 33.1016 36.4799 1.67944
      vertex 33.2506 36.272 1.67944
      vertex 31.956 35.4069 1.88443
    endloop
  endfacet
  facet normal -0.158654 -0.113706 -0.980765
    outer loop
      vertex 34.3236 37.4176 1.37305
      vertex 33.2506 36.272 1.67944
      vertex 33.1016 36.4799 1.67944
    endloop
  endfacet
  facet normal 0.124972 -0.0378985 -0.991436
    outer loop
      vertex 27.7724 34.8562 1.88443
      vertex 27.7277 34.7088 1.88443
      vertex 26.2237 35.1119 1.67944
    endloop
  endfacet
  facet normal 0.127192 -0.0296132 -0.991436
    outer loop
      vertex 27.7277 34.7088 1.88443
      vertex 27.6928 34.5589 1.88443
      vertex 26.2237 35.1119 1.67944
    endloop
  endfacet
  facet normal 0.0230483 -0.06125 -0.997856
    outer loop
      vertex 29.7476 34.8436 1.98715
      vertex 29.6995 34.8255 1.98715
      vertex 29.0998 36.2733 1.88443
    endloop
  endfacet
  facet normal -0.0189667 0.0626284 -0.997857
    outer loop
      vertex 30.2524 33.3564 1.98715
      vertex 30.6088 31.8277 1.88443
      vertex 30.2032 33.3415 1.98715
    endloop
  endfacet
  facet normal 0.0596129 -0.0270002 -0.997856
    outer loop
      vertex 27.8902 35.1404 1.88443
      vertex 29.2957 34.4473 1.98715
      vertex 27.8267 35.0002 1.88443
    endloop
  endfacet
  facet normal 0.0577126 -0.0308537 -0.997856
    outer loop
      vertex 27.9628 35.2762 1.88443
      vertex 29.2957 34.4473 1.98715
      vertex 27.8902 35.1404 1.88443
    endloop
  endfacet
  facet normal 0.0149111 -0.0637225 -0.997856
    outer loop
      vertex 29.8468 34.8702 1.98715
      vertex 29.7968 34.8585 1.98715
      vertex 29.5411 36.4072 1.88443
    endloop
  endfacet
  facet normal 0.0612314 0.0230893 -0.997857
    outer loop
      vertex 29.2564 33.8476 1.98715
      vertex 27.8267 33.1998 1.88443
      vertex 27.7724 33.3438 1.88443
    endloop
  endfacet
  facet normal -0.00640845 -0.195076 -0.980767
    outer loop
      vertex 30.3564 39.5382 1.37305
      vertex 30.2557 38.0011 1.67944
      vertex 30 38.0095 1.67944
    endloop
  endfacet
  facet normal -0.00424045 -0.130521 -0.991436
    outer loop
      vertex 30 38.0095 1.67944
      vertex 30.1539 36.4474 1.88443
      vertex 30 36.4524 1.88443
    endloop
  endfacet
  facet normal 0.0920078 -0.172138 -0.980767
    outer loop
      vertex 27.5896 38.9878 1.37305
      vertex 28.0453 37.4857 1.67944
      vertex 27.2751 38.8197 1.37305
    endloop
  endfacet
  facet normal 0.103048 -0.165764 -0.980767
    outer loop
      vertex 27.2751 38.8197 1.37305
      vertex 28.0453 37.4857 1.67944
      vertex 26.9722 38.6314 1.37305
    endloop
  endfacet
  facet normal 0.082839 -0.100958 -0.991436
    outer loop
      vertex 27.6201 37.2016 1.67944
      vertex 28.4489 35.8686 1.88443
      vertex 27.4223 37.0393 1.67944
    endloop
  endfacet
  facet normal 0.0828712 -0.100938 -0.991435
    outer loop
      vertex 28.5679 35.9663 1.88443
      vertex 28.4489 35.8686 1.88443
      vertex 27.6201 37.2016 1.67944
    endloop
  endfacet
  facet normal 0.142445 -0.133442 -0.980766
    outer loop
      vertex 27.2356 36.8644 1.67944
      vertex 27.0607 36.6777 1.67944
      vertex 26.1464 37.9536 1.37305
    endloop
  endfacet
  facet normal 0.188995 -0.177015 -0.965891
    outer loop
      vertex 26.1464 37.9536 1.37305
      vertex 25.9026 37.6933 1.37305
      vertex 24.7621 38.6936 0.966568
    endloop
  endfacet
  facet normal 0.100961 -0.0828413 -0.991435
    outer loop
      vertex 27.0607 36.6777 1.67944
      vertex 28.1337 35.5321 1.88443
      vertex 26.8984 36.4799 1.67944
    endloop
  endfacet
  facet normal 0.0505766 -0.0415238 -0.997857
    outer loop
      vertex 28.2314 35.6511 1.88443
      vertex 29.377 34.578 1.98715
      vertex 28.1337 35.5321 1.88443
    endloop
  endfacet
  facet normal 0.0230483 0.06125 -0.997856
    outer loop
      vertex 29.6995 33.3745 1.98715
      vertex 29.7476 33.3564 1.98715
      vertex 29.0998 31.9267 1.88443
    endloop
  endfacet
  facet normal 0.00641894 0.0651246 -0.997856
    outer loop
      vertex 29.9486 33.3164 1.98715
      vertex 29.8461 31.7526 1.88443
      vertex 29.6929 31.7677 1.88443
    endloop
  endfacet
  facet normal 0.065122 -0.00641868 -0.997857
    outer loop
      vertex 27.6677 34.4071 1.88443
      vertex 29.2215 34.2025 1.98715
      vertex 27.6526 34.2539 1.88443
    endloop
  endfacet
  facet normal 0.182685 -0.0687394 -0.980766
    outer loop
      vertex 24.965 36.1856 1.37305
      vertex 26.298 35.3567 1.67944
      vertex 24.8394 35.8518 1.37305
    endloop
  endfacet
  facet normal 0.182677 -0.0687519 -0.980766
    outer loop
      vertex 26.3881 35.5961 1.67944
      vertex 26.298 35.3567 1.67944
      vertex 24.965 36.1856 1.37305
    endloop
  endfacet
  facet normal -0.0626273 0.0189664 -0.997857
    outer loop
      vertex 30.7585 33.8968 1.98715
      vertex 32.2723 33.4911 1.88443
      vertex 30.7436 33.8476 1.98715
    endloop
  endfacet
  facet normal 0.00212499 -0.0654073 -0.997856
    outer loop
      vertex 30 36.4524 1.88443
      vertex 30 34.8853 1.98715
      vertex 29.8461 36.4474 1.88443
    endloop
  endfacet
  facet normal 0.0345794 -0.055556 -0.997857
    outer loop
      vertex 29.6074 34.7801 1.98715
      vertex 29.5637 34.7529 1.98715
      vertex 28.6931 36.056 1.88443
    endloop
  endfacet
  facet normal 0.0415254 -0.0505785 -0.997856
    outer loop
      vertex 28.5679 35.9663 1.88443
      vertex 29.4822 34.6904 1.98715
      vertex 28.4489 35.8686 1.88443
    endloop
  endfacet
  facet normal -0.136711 -0.219914 -0.965892
    outer loop
      vertex 33.4834 40.1335 0.966568
      vertex 33.0278 38.6314 1.37305
      vertex 32.7249 38.8197 1.37305
    endloop
  endfacet
  facet normal -0.122064 -0.22837 -0.965892
    outer loop
      vertex 33.4834 40.1335 0.966568
      vertex 32.7249 38.8197 1.37305
      vertex 32.4104 38.9878 1.37305
    endloop
  endfacet
  facet normal -0.0687386 -0.182683 -0.980766
    outer loop
      vertex 31.7518 39.2606 1.37305
      vertex 32.0856 39.135 1.37305
      vertex 31.4961 37.7119 1.67944
    endloop
  endfacet
  facet normal -0.068753 -0.18268 -0.980766
    outer loop
      vertex 31.7518 39.2606 1.37305
      vertex 31.4961 37.7119 1.67944
      vertex 31.2567 37.802 1.67944
    endloop
  endfacet
  facet normal -0.0751434 -0.247809 -0.96589
    outer loop
      vertex 31.8031 40.8294 0.966568
      vertex 32.2394 40.6971 0.966568
      vertex 31.7518 39.2606 1.37305
    endloop
  endfacet
  facet normal -0.0566467 -0.186797 -0.980764
    outer loop
      vertex 31.4105 39.3641 1.37305
      vertex 31.7518 39.2606 1.37305
      vertex 31.0119 37.8763 1.67944
    endloop
  endfacet
  facet normal -0.0317416 -0.192586 -0.980767
    outer loop
      vertex 30.7113 39.5032 1.37305
      vertex 30.7627 37.9344 1.67944
      vertex 30.5103 37.976 1.67944
    endloop
  endfacet
  facet normal -0.0191559 -0.194241 -0.980767
    outer loop
      vertex 30.3564 39.5382 1.37305
      vertex 30.7113 39.5032 1.37305
      vertex 30.2557 38.0011 1.67944
    endloop
  endfacet
  facet normal -0.0933729 -0.307735 -0.946879
    outer loop
      vertex 32.1881 42.2659 0.461741
      vertex 32.7174 42.1053 0.461741
      vertex 31.8031 40.8294 0.966568
    endloop
  endfacet
  facet normal -0.0623563 -0.377752 -0.923805
    outer loop
      vertex 31.8668 43.4849 0
      vertex 31.6493 42.3916 0.461741
      vertex 31.3755 43.566 0
    endloop
  endfacet
  facet normal -0.0125262 -0.382638 -0.923813
    outer loop
      vertex 30 42.554 0.461741
      vertex 30.1281 43.6646 0
      vertex 30.5529 42.5359 0.461741
    endloop
  endfacet
  facet normal -0.0122477 -0.382667 -0.923805
    outer loop
      vertex 30.1281 43.6646 0
      vertex 30 42.554 0.461741
      vertex 30 43.6687 0
    endloop
  endfacet
  facet normal 0.0375923 -0.380997 -0.923812
    outer loop
      vertex 29.3742 43.6483 0
      vertex 29.4471 42.5359 0.461741
      vertex 28.8786 43.5994 0
    endloop
  endfacet
  facet normal -0.0523779 -0.31729 -0.946881
    outer loop
      vertex 31.1035 42.4817 0.461741
      vertex 31.6493 42.3916 0.461741
      vertex 30.9094 41.0072 0.966568
    endloop
  endfacet
  facet normal -0.0105222 -0.32142 -0.946878
    outer loop
      vertex 30.5529 42.5359 0.461741
      vertex 30.4557 41.0519 0.966568
      vertex 30 42.554 0.461741
    endloop
  endfacet
  facet normal -0.0523437 -0.317307 -0.946877
    outer loop
      vertex 31.6493 42.3916 0.461741
      vertex 31.3592 40.933 0.966568
      vertex 30.9094 41.0072 0.966568
    endloop
  endfacet
  facet normal 0.325108 -0.202206 -0.923806
    outer loop
      vertex 22.6786 38.327 0.461741
      vertex 21.7809 38.9932 0
      vertex 22.9708 38.7968 0.461741
    endloop
  endfacet
  facet normal 0.325063 -0.202268 -0.923808
    outer loop
      vertex 21.7809 38.9932 0
      vertex 22.6786 38.327 0.461741
      vertex 21.7132 38.8844 0
    endloop
  endfacet
  facet normal 0.292937 -0.13272 -0.946876
    outer loop
      vertex 22.4178 37.8391 0.461741
      vertex 23.7516 37.1814 0.966568
      vertex 22.1895 37.3352 0.461741
    endloop
  endfacet
  facet normal 0.358315 -0.134868 -0.923808
    outer loop
      vertex 21.1145 37.6418 0
      vertex 21.9947 36.8175 0.461741
      vertex 20.9391 37.1758 0
    endloop
  endfacet
  facet normal 0.366364 -0.111154 -0.923809
    outer loop
      vertex 20.9391 37.1758 0
      vertex 21.9947 36.8175 0.461741
      vertex 20.7945 36.6992 0
    endloop
  endfacet
  facet normal 0.372844 -0.0869456 -0.923812
    outer loop
      vertex 20.7573 36.5766 0
      vertex 21.8341 36.2881 0.461741
      vertex 20.6442 36.0916 0
    endloop
  endfacet
  facet normal 0.313179 -0.0730634 -0.94688
    outer loop
      vertex 21.8341 36.2881 0.461741
      vertex 23.2706 35.9031 0.966568
      vertex 21.7084 35.7493 0.461741
    endloop
  endfacet
  facet normal 0.3173 -0.0523795 -0.946877
    outer loop
      vertex 21.7084 35.7493 0.461741
      vertex 23.167 35.4592 0.966568
      vertex 21.6183 35.2035 0.461741
    endloop
  endfacet
  facet normal 0.247809 -0.0751434 -0.96589
    outer loop
      vertex 23.4029 36.3394 0.966568
      vertex 24.8394 35.8518 1.37305
      vertex 23.2706 35.9031 0.966568
    endloop
  endfacet
  facet normal 0.248592 -0.204021 -0.946878
    outer loop
      vertex 24.7621 38.6936 0.966568
      vertex 24.4728 38.3411 0.966568
      vertex 23.293 39.2465 0.461741
    endloop
  endfacet
  facet normal 0.219834 -0.23472 -0.946879
    outer loop
      vertex 25.4064 39.3379 0.966568
      vertex 25.0737 39.0263 0.966568
      vertex 24.0221 40.0779 0.461741
    endloop
  endfacet
  facet normal 0.242878 -0.295967 -0.923804
    outer loop
      vertex 24.4259 40.4561 0.461741
      vertex 23.79 41.3755 0
      vertex 24.8535 40.807 0.461741
    endloop
  endfacet
  facet normal 0.242833 -0.295999 -0.923806
    outer loop
      vertex 23.79 41.3755 0
      vertex 24.4259 40.4561 0.461741
      vertex 23.6909 41.2942 0
    endloop
  endfacet
  facet normal 0.180442 -0.337665 -0.923809
    outer loop
      vertex 25.6548 42.6215 0
      vertex 25.773 41.4214 0.461741
      vertex 25.2156 42.3868 0
    endloop
  endfacet
  facet normal 0.202206 -0.325108 -0.923806
    outer loop
      vertex 25.1068 42.3191 0
      vertex 25.773 41.4214 0.461741
      vertex 25.3032 41.1292 0.461741
    endloop
  endfacet
  facet normal 0.202268 -0.325063 -0.923808
    outer loop
      vertex 25.773 41.4214 0.461741
      vertex 25.1068 42.3191 0
      vertex 25.2156 42.3868 0
    endloop
  endfacet
  facet normal 0.222965 -0.311229 -0.923809
    outer loop
      vertex 24.6839 42.0561 0
      vertex 25.3032 41.1292 0.461741
      vertex 24.2791 41.7661 0
    endloop
  endfacet
  facet normal 0.0615694 -0.115167 -0.991436
    outer loop
      vertex 28.9596 36.2098 1.88443
      vertex 28.8238 36.1372 1.88443
      vertex 28.0453 37.4857 1.67944
    endloop
  endfacet
  facet normal 0.0920189 -0.172135 -0.980766
    outer loop
      vertex 28.2709 37.6063 1.67944
      vertex 28.0453 37.4857 1.67944
      vertex 27.5896 38.9878 1.37305
    endloop
  endfacet
  facet normal -0.0626284 -0.0189667 -0.997857
    outer loop
      vertex 32.2723 34.7088 1.88443
      vertex 30.7585 34.3032 1.98715
      vertex 30.7436 34.3524 1.98715
    endloop
  endfacet
  facet normal 0.0212371 -0.128852 -0.991436
    outer loop
      vertex 29.4897 37.976 1.67944
      vertex 29.5411 36.4072 1.88443
      vertex 29.2373 37.9344 1.67944
    endloop
  endfacet
  facet normal 0.0191496 -0.194243 -0.980767
    outer loop
      vertex 29.7443 38.0011 1.67944
      vertex 29.4897 37.976 1.67944
      vertex 29.2887 39.5032 1.37305
    endloop
  endfacet
  facet normal 0.0296511 -0.127178 -0.991437
    outer loop
      vertex 29.2373 37.9344 1.67944
      vertex 29.5411 36.4072 1.88443
      vertex 28.9881 37.8763 1.67944
    endloop
  endfacet
  facet normal 0.0751591 -0.247803 -0.965891
    outer loop
      vertex 28.1968 40.8294 0.966568
      vertex 28.2482 39.2606 1.37305
      vertex 27.7606 40.6971 0.966568
    endloop
  endfacet
  facet normal 0.0460009 -0.122227 -0.991436
    outer loop
      vertex 28.7433 37.802 1.67944
      vertex 29.2438 36.3276 1.88443
      vertex 28.5039 37.7119 1.67944
    endloop
  endfacet
  facet normal 0.0296132 -0.127192 -0.991436
    outer loop
      vertex 29.5411 36.4072 1.88443
      vertex 29.3912 36.3723 1.88443
      vertex 28.9881 37.8763 1.67944
    endloop
  endfacet
  facet normal 0.111161 -0.366361 -0.923809
    outer loop
      vertex 27.2826 42.1053 0.461741
      vertex 27.0469 43.1981 0
      vertex 27.8119 42.2659 0.461741
    endloop
  endfacet
  facet normal 0.111079 -0.36638 -0.923811
    outer loop
      vertex 27.0469 43.1981 0
      vertex 27.2826 42.1053 0.461741
      vertex 26.9242 43.1609 0
    endloop
  endfacet
  facet normal 0.134785 -0.358332 -0.923813
    outer loop
      vertex 27.2826 42.1053 0.461741
      vertex 26.8043 43.1158 0
      vertex 26.9242 43.1609 0
    endloop
  endfacet
  facet normal 0.134804 -0.358324 -0.923814
    outer loop
      vertex 26.8043 43.1158 0
      vertex 27.2826 42.1053 0.461741
      vertex 26.7648 41.9105 0.461741
    endloop
  endfacet
  facet normal 0.106834 -0.235876 -0.965893
    outer loop
      vertex 27.3339 40.5365 0.966568
      vertex 27.5896 38.9878 1.37305
      vertex 26.9186 40.3484 0.966568
    endloop
  endfacet
  facet normal 0.132686 -0.292953 -0.946875
    outer loop
      vertex 27.3339 40.5365 0.966568
      vertex 26.9186 40.3484 0.966568
      vertex 26.2609 41.6822 0.461741
    endloop
  endfacet
  facet normal -0.0375923 -0.380997 -0.923812
    outer loop
      vertex 30.6258 43.6483 0
      vertex 31.1214 43.5994 0
      vertex 30.5529 42.5359 0.461741
    endloop
  endfacet
  facet normal 0.0125317 -0.38264 -0.923813
    outer loop
      vertex 29.8719 43.6646 0
      vertex 29.4471 42.5359 0.461741
      vertex 29.3742 43.6483 0
    endloop
  endfacet
  facet normal 0.0421474 -0.255497 -0.965891
    outer loop
      vertex 29.0906 41.0072 0.966568
      vertex 29.2887 39.5032 1.37305
      vertex 28.6408 40.933 0.966568
    endloop
  endfacet
  facet normal 0.068753 -0.18268 -0.980766
    outer loop
      vertex 28.7433 37.802 1.67944
      vertex 28.5039 37.7119 1.67944
      vertex 28.2482 39.2606 1.37305
    endloop
  endfacet
  facet normal 0.0588393 -0.252169 -0.965893
    outer loop
      vertex 28.6408 40.933 0.966568
      vertex 28.9368 39.4451 1.37305
      vertex 28.1968 40.8294 0.966568
    endloop
  endfacet
  facet normal -0.111079 -0.36638 -0.923811
    outer loop
      vertex 32.7174 42.1053 0.461741
      vertex 32.9531 43.1981 0
      vertex 33.0758 43.1609 0
    endloop
  endfacet
  facet normal -0.111161 -0.366361 -0.923809
    outer loop
      vertex 32.9531 43.1981 0
      vertex 32.7174 42.1053 0.461741
      vertex 32.1881 42.2659 0.461741
    endloop
  endfacet
  facet normal -0.111174 -0.366352 -0.923811
    outer loop
      vertex 32.4766 43.3427 0
      vertex 32.9531 43.1981 0
      vertex 32.1881 42.2659 0.461741
    endloop
  endfacet
  facet normal -0.0212382 0.128858 -0.991436
    outer loop
      vertex 30.7627 30.2656 1.67944
      vertex 30.5103 30.224 1.67944
      vertex 30.3071 31.7677 1.88443
    endloop
  endfacet
  facet normal -0.0106757 0.0645649 -0.997856
    outer loop
      vertex 30.4589 31.7928 1.88443
      vertex 30.3071 31.7677 1.88443
      vertex 30.1532 33.3298 1.98715
    endloop
  endfacet
  facet normal -0.0539085 0.118946 -0.991436
    outer loop
      vertex 31.7291 30.5937 1.67944
      vertex 31.4961 30.4881 1.67944
      vertex 31.0404 31.9902 1.88443
    endloop
  endfacet
  facet normal -0.037929 0.124967 -0.991436
    outer loop
      vertex 31.2567 30.398 1.67944
      vertex 31.0119 30.3237 1.67944
      vertex 30.7562 31.8724 1.88443
    endloop
  endfacet
  facet normal -0.0626228 -0.0189908 -0.997857
    outer loop
      vertex 32.2276 34.8562 1.88443
      vertex 32.2723 34.7088 1.88443
      vertex 30.7436 34.3524 1.98715
    endloop
  endfacet
  facet normal -0.0105731 -0.0645853 -0.997856
    outer loop
      vertex 30.4589 36.4072 1.88443
      vertex 30.1532 34.8702 1.98715
      vertex 30.1025 34.8785 1.98715
    endloop
  endfacet
  facet normal 0.0106752 -0.0645615 -0.997857
    outer loop
      vertex 29.6929 36.4323 1.88443
      vertex 29.8975 34.8785 1.98715
      vertex 29.5411 36.4072 1.88443
    endloop
  endfacet
  facet normal -0.0191496 -0.194243 -0.980767
    outer loop
      vertex 30.7113 39.5032 1.37305
      vertex 30.5103 37.976 1.67944
      vertex 30.2557 38.0011 1.67944
    endloop
  endfacet
  facet normal 0.0645649 0.0106757 -0.997856
    outer loop
      vertex 29.2298 33.9468 1.98715
      vertex 27.6928 33.6411 1.88443
      vertex 27.6677 33.7929 1.88443
    endloop
  endfacet
  facet normal 0.0106757 0.0645649 -0.997856
    outer loop
      vertex 29.8468 33.3298 1.98715
      vertex 29.6929 31.7677 1.88443
      vertex 29.5411 31.7928 1.88443
    endloop
  endfacet
  facet normal 0.0189667 0.0626284 -0.997857
    outer loop
      vertex 29.7476 33.3564 1.98715
      vertex 29.7968 33.3415 1.98715
      vertex 29.3912 31.8277 1.88443
    endloop
  endfacet
  facet normal -0.0381314 -0.05318 -0.997857
    outer loop
      vertex 31.4321 35.9663 1.88443
      vertex 30.478 34.723 1.98715
      vertex 30.4363 34.7529 1.98715
    endloop
  endfacet
  facet normal -0.12497 0.0379237 -0.991435
    outer loop
      vertex 32.2723 33.4911 1.88443
      vertex 33.7763 33.0882 1.67944
      vertex 32.2276 33.3438 1.88443
    endloop
  endfacet
  facet normal -0.00649841 0.0651115 -0.997857
    outer loop
      vertex 30.1025 33.3215 1.98715
      vertex 30.3071 31.7677 1.88443
      vertex 30.0514 33.3164 1.98715
    endloop
  endfacet
  facet normal -0.065122 0.00641868 -0.997857
    outer loop
      vertex 32.3474 33.9461 1.88443
      vertex 32.3323 33.7929 1.88443
      vertex 30.7785 33.9975 1.98715
    endloop
  endfacet
  facet normal -0.11896 -0.0538798 -0.991436
    outer loop
      vertex 33.5063 35.8291 1.67944
      vertex 32.1733 35.0002 1.88443
      vertex 32.1098 35.1404 1.88443
    endloop
  endfacet
  facet normal -0.115169 -0.0615663 -0.991436
    outer loop
      vertex 33.3857 36.0547 1.67944
      vertex 33.5063 35.8291 1.67944
      vertex 32.0372 35.2762 1.88443
    endloop
  endfacet
  facet normal 0.0505766 0.0415238 -0.997857
    outer loop
      vertex 29.377 33.622 1.98715
      vertex 28.2314 32.5489 1.88443
      vertex 28.1337 32.6679 1.88443
    endloop
  endfacet
  facet normal -0.0505766 -0.0415238 -0.997857
    outer loop
      vertex 31.7686 35.6511 1.88443
      vertex 31.8663 35.5321 1.88443
      vertex 30.623 34.578 1.98715
    endloop
  endfacet
  facet normal -0.0270002 -0.0596129 -0.997856
    outer loop
      vertex 30.9002 36.2733 1.88443
      vertex 31.0404 36.2098 1.88443
      vertex 30.3473 34.8043 1.98715
    endloop
  endfacet
  facet normal 0.00216315 0.0654036 -0.997857
    outer loop
      vertex 29.9486 33.3164 1.98715
      vertex 30 33.3147 1.98715
      vertex 29.8461 31.7526 1.88443
    endloop
  endfacet
  facet normal -0.0577232 -0.0308367 -0.997856
    outer loop
      vertex 32.0372 35.2762 1.88443
      vertex 30.7043 34.4473 1.98715
      vertex 30.6801 34.4926 1.98715
    endloop
  endfacet
  facet normal 0.124971 0.037915 -0.991436
    outer loop
      vertex 27.7724 33.3438 1.88443
      vertex 26.298 32.8433 1.67944
      vertex 26.2237 33.0882 1.67944
    endloop
  endfacet
  facet normal -0.00212499 0.0654073 -0.997856
    outer loop
      vertex 30 33.3147 1.98715
      vertex 30.1539 31.7526 1.88443
      vertex 30 31.7476 1.88443
    endloop
  endfacet
  facet normal 0.00212499 0.0654073 -0.997856
    outer loop
      vertex 30 33.3147 1.98715
      vertex 30 31.7476 1.88443
      vertex 29.8461 31.7526 1.88443
    endloop
  endfacet
  facet normal 0.142445 0.133442 -0.980766
    outer loop
      vertex 27.0607 31.5223 1.67944
      vertex 27.2356 31.3356 1.67944
      vertex 26.1464 30.2464 1.37305
    endloop
  endfacet
  facet normal 0.150888 0.21043 -0.965894
    outer loop
      vertex 26.6824 29.7764 1.37305
      vertex 26.9722 29.5686 1.37305
      vertex 25.7589 28.5728 0.966568
    endloop
  endfacet
  facet normal 0.0645752 -0.0105715 -0.997857
    outer loop
      vertex 29.2298 34.2532 1.98715
      vertex 29.2215 34.2025 1.98715
      vertex 27.6677 34.4071 1.88443
    endloop
  endfacet
  facet normal 0.0651193 -0.00649919 -0.997856
    outer loop
      vertex 29.2215 34.2025 1.98715
      vertex 29.2164 34.1514 1.98715
      vertex 27.6526 34.2539 1.88443
    endloop
  endfacet
  facet normal 0.128858 0.0212382 -0.991436
    outer loop
      vertex 27.6677 33.7929 1.88443
      vertex 26.1656 33.3373 1.67944
      vertex 26.124 33.5897 1.67944
    endloop
  endfacet
  facet normal 0.128839 0.0213034 -0.991437
    outer loop
      vertex 27.6677 33.7929 1.88443
      vertex 27.6928 33.6411 1.88443
      vertex 26.1656 33.3373 1.67944
    endloop
  endfacet
  facet normal 0.1222 0.0460795 -0.991435
    outer loop
      vertex 27.7724 33.3438 1.88443
      vertex 27.8267 33.1998 1.88443
      vertex 26.298 32.8433 1.67944
    endloop
  endfacet
  facet normal 0.115168 0.0615697 -0.991436
    outer loop
      vertex 27.8902 33.0596 1.88443
      vertex 27.9628 32.9238 1.88443
      vertex 26.4937 32.3709 1.67944
    endloop
  endfacet
  facet normal 0.0577126 0.0308537 -0.997856
    outer loop
      vertex 29.2957 33.7527 1.98715
      vertex 27.9628 32.9238 1.88443
      vertex 27.8902 33.0596 1.88443
    endloop
  endfacet
  facet normal 0.100934 0.0828673 -0.991436
    outer loop
      vertex 28.1337 32.6679 1.88443
      vertex 28.2314 32.5489 1.88443
      vertex 27.0607 31.5223 1.67944
    endloop
  endfacet
  facet normal -0.0415254 0.0505785 -0.997856
    outer loop
      vertex 31.5511 32.3314 1.88443
      vertex 31.4321 32.2337 1.88443
      vertex 30.5178 33.5096 1.98715
    endloop
  endfacet
  facet normal 0.0378985 0.124972 -0.991436
    outer loop
      vertex 29.2438 31.8724 1.88443
      vertex 29.3912 31.8277 1.88443
      vertex 28.9881 30.3237 1.67944
    endloop
  endfacet
  facet normal 0.0566467 0.186797 -0.980764
    outer loop
      vertex 28.9881 30.3237 1.67944
      vertex 28.5895 28.8359 1.37305
      vertex 28.2482 28.9394 1.37305
    endloop
  endfacet
  facet normal 0.0615697 0.115168 -0.991436
    outer loop
      vertex 28.8238 32.0628 1.88443
      vertex 28.9596 31.9902 1.88443
      vertex 28.2709 30.5937 1.67944
    endloop
  endfacet
  facet normal 0.030854 0.0577132 -0.997856
    outer loop
      vertex 29.6074 33.4199 1.98715
      vertex 28.9596 31.9902 1.88443
      vertex 28.8238 32.0628 1.88443
    endloop
  endfacet
  facet normal -0.0415254 -0.0505785 -0.997856
    outer loop
      vertex 31.4321 35.9663 1.88443
      vertex 31.5511 35.8686 1.88443
      vertex 30.5178 34.6904 1.98715
    endloop
  endfacet
  facet normal 0.00649841 -0.0651115 -0.997857
    outer loop
      vertex 29.9486 34.8836 1.98715
      vertex 29.8975 34.8785 1.98715
      vertex 29.6929 36.4323 1.88443
    endloop
  endfacet
  facet normal 0.0148388 0.0637345 -0.997857
    outer loop
      vertex 29.7968 33.3415 1.98715
      vertex 29.5411 31.7928 1.88443
      vertex 29.3912 31.8277 1.88443
    endloop
  endfacet
  facet normal -0.0345794 0.055556 -0.997857
    outer loop
      vertex 30.4363 33.4471 1.98715
      vertex 31.3069 32.144 1.88443
      vertex 30.3926 33.4199 1.98715
    endloop
  endfacet
  facet normal 0.0555605 0.0345823 -0.997856
    outer loop
      vertex 29.3199 33.7074 1.98715
      vertex 29.3471 33.6637 1.98715
      vertex 27.9628 32.9238 1.88443
    endloop
  endfacet
  facet normal 0.372863 0.086872 -0.923811
    outer loop
      vertex 20.7282 31.7483 0
      vertex 21.8341 31.9119 0.461741
      vertex 20.7573 31.6234 0
    endloop
  endfacet
  facet normal 0.372845 0.0869833 -0.923808
    outer loop
      vertex 21.8341 31.9119 0.461741
      vertex 20.7282 31.7483 0
      vertex 21.7084 32.4507 0.461741
    endloop
  endfacet
  facet normal 0.366363 0.111141 -0.92381
    outer loop
      vertex 20.7945 31.5008 0
      vertex 21.8341 31.9119 0.461741
      vertex 21.9947 31.3825 0.461741
    endloop
  endfacet
  facet normal 0.366355 0.111162 -0.923811
    outer loop
      vertex 21.8341 31.9119 0.461741
      vertex 20.7945 31.5008 0
      vertex 20.7573 31.6234 0
    endloop
  endfacet
  facet normal 0.186794 0.0566457 -0.980765
    outer loop
      vertex 26.2237 33.0882 1.67944
      vertex 24.8394 32.3482 1.37305
      vertex 24.7359 32.6895 1.37305
    endloop
  endfacet
  facet normal 0.307762 0.0933232 -0.946876
    outer loop
      vertex 23.2706 32.2969 0.966568
      vertex 23.4029 31.8606 0.966568
      vertex 21.9947 31.3825 0.461741
    endloop
  endfacet
  facet normal 0.348734 0.157991 -0.923809
    outer loop
      vertex 22.1895 30.8648 0.461741
      vertex 21.3651 29.9846 0
      vertex 21.1596 30.4382 0
    endloop
  endfacet
  facet normal 0.358384 0.134693 -0.923807
    outer loop
      vertex 21.1145 30.5582 0
      vertex 22.1895 30.8648 0.461741
      vertex 21.1596 30.4382 0
    endloop
  endfacet
  facet normal 0.358341 0.134836 -0.923802
    outer loop
      vertex 22.1895 30.8648 0.461741
      vertex 21.1145 30.5582 0
      vertex 21.9947 31.3825 0.461741
    endloop
  endfacet
  facet normal 0.325112 0.202186 -0.923809
    outer loop
      vertex 22.9708 29.4032 0.461741
      vertex 22.0439 28.7839 0
      vertex 21.7809 29.2068 0
    endloop
  endfacet
  facet normal 0.261422 0.187303 -0.946877
    outer loop
      vertex 24.4728 29.8589 0.966568
      vertex 23.293 28.9535 0.461741
      vertex 22.9708 29.4032 0.461741
    endloop
  endfacet
  facet normal 0.261413 0.187328 -0.946875
    outer loop
      vertex 24.2073 30.2294 0.966568
      vertex 24.4728 29.8589 0.966568
      vertex 22.9708 29.4032 0.461741
    endloop
  endfacet
  facet normal 0.17778 0.0805733 -0.980766
    outer loop
      vertex 26.3881 32.6039 1.67944
      vertex 26.4937 32.3709 1.67944
      vertex 24.965 32.0144 1.37305
    endloop
  endfacet
  facet normal 0.242358 0.0912179 -0.965889
    outer loop
      vertex 24.965 32.0144 1.37305
      vertex 23.5635 31.4339 0.966568
      vertex 23.4029 31.8606 0.966568
    endloop
  endfacet
  facet normal 0.106163 0.0760611 -0.991435
    outer loop
      vertex 28.044 32.7931 1.88443
      vertex 28.1337 32.6679 1.88443
      vertex 26.8984 31.7201 1.67944
    endloop
  endfacet
  facet normal 0.106149 0.0760762 -0.991436
    outer loop
      vertex 28.044 32.7931 1.88443
      vertex 26.8984 31.7201 1.67944
      vertex 26.7494 31.928 1.67944
    endloop
  endfacet
  facet normal 0.252174 0.0588139 -0.965893
    outer loop
      vertex 24.6549 33.0368 1.37305
      vertex 24.7359 32.6895 1.37305
      vertex 23.167 32.7408 0.966568
    endloop
  endfacet
  facet normal 0.190093 0.044335 -0.980764
    outer loop
      vertex 26.1656 33.3373 1.67944
      vertex 24.7359 32.6895 1.37305
      vertex 24.6549 33.0368 1.37305
    endloop
  endfacet
  facet normal 0.082839 0.100958 -0.991436
    outer loop
      vertex 28.4489 32.3314 1.88443
      vertex 27.6201 30.9984 1.67944
      vertex 27.4223 31.1607 1.67944
    endloop
  endfacet
  facet normal 0.188998 0.177011 -0.965892
    outer loop
      vertex 26.1464 30.2464 1.37305
      vertex 25.0737 29.1737 0.966568
      vertex 24.7621 29.5064 0.966568
    endloop
  endfacet
  facet normal 0.106834 0.235876 -0.965893
    outer loop
      vertex 27.5896 29.2122 1.37305
      vertex 27.3339 27.6635 0.966568
      vertex 26.9186 27.8516 0.966568
    endloop
  endfacet
  facet normal 0.0920177 0.172133 -0.980767
    outer loop
      vertex 28.0453 30.7143 1.67944
      vertex 28.2709 30.5937 1.67944
      vertex 27.2751 29.3803 1.37305
    endloop
  endfacet
  facet normal 0.0760762 0.106149 -0.991436
    outer loop
      vertex 28.6931 32.144 1.88443
      vertex 27.828 30.8494 1.67944
      vertex 27.6201 30.9984 1.67944
    endloop
  endfacet
  facet normal 0.0689542 0.110909 -0.991436
    outer loop
      vertex 28.6931 32.144 1.88443
      vertex 28.0453 30.7143 1.67944
      vertex 27.828 30.8494 1.67944
    endloop
  endfacet
  facet normal 0.158096 0.348718 -0.923797
    outer loop
      vertex 26.2609 26.5178 0.461741
      vertex 26.2214 25.3125 0
      vertex 25.7679 25.5181 0
    endloop
  endfacet
  facet normal 0.202186 0.325112 -0.923809
    outer loop
      vertex 25.3032 27.0708 0.461741
      vertex 25.1068 25.8809 0
      vertex 24.6839 26.1439 0
    endloop
  endfacet
  facet normal 0.0730651 0.313186 -0.946877
    outer loop
      vertex 28.6408 27.267 0.966568
      vertex 28.3507 25.8084 0.461741
      vertex 27.8119 25.9341 0.461741
    endloop
  endfacet
  facet normal 0.0523437 0.317307 -0.946877
    outer loop
      vertex 28.6408 27.267 0.966568
      vertex 29.0906 27.1928 0.966568
      vertex 28.3507 25.8084 0.461741
    endloop
  endfacet
  facet normal 0.0624093 0.37774 -0.923806
    outer loop
      vertex 28.6245 24.634 0
      vertex 28.8965 25.7183 0.461741
      vertex 28.751 24.6131 0
    endloop
  endfacet
  facet normal 0.0623589 0.377752 -0.923804
    outer loop
      vertex 28.8965 25.7183 0.461741
      vertex 28.6245 24.634 0
      vertex 28.3507 25.8084 0.461741
    endloop
  endfacet
  facet normal -0.0253904 0.25771 -0.965889
    outer loop
      vertex 30.9094 27.1928 0.966568
      vertex 30.4557 27.1481 0.966568
      vertex 30.3564 28.6618 1.37305
    endloop
  endfacet
  facet normal -0.00846263 0.25882 -0.965888
    outer loop
      vertex 30.3564 28.6618 1.37305
      vertex 30.4557 27.1481 0.966568
      vertex 30 27.1332 0.966568
    endloop
  endfacet
  facet normal 0.00634972 0.19509 -0.980765
    outer loop
      vertex 30 30.1905 1.67944
      vertex 30 28.6502 1.37305
      vertex 29.6436 28.6618 1.37305
    endloop
  endfacet
  facet normal 0.00842373 0.258812 -0.965891
    outer loop
      vertex 30 28.6502 1.37305
      vertex 30 27.1332 0.966568
      vertex 29.6436 28.6618 1.37305
    endloop
  endfacet
  facet normal 0.0933745 0.307741 -0.946877
    outer loop
      vertex 28.1968 27.3706 0.966568
      vertex 27.8119 25.9341 0.461741
      vertex 27.2826 26.0947 0.461741
    endloop
  endfacet
  facet normal 0.044335 0.190093 -0.980764
    outer loop
      vertex 29.2373 30.2656 1.67944
      vertex 28.9368 28.7549 1.37305
      vertex 28.5895 28.8359 1.37305
    endloop
  endfacet
  facet normal -0.151605 0.283621 -0.946877
    outer loop
      vertex 34.227 26.7786 0.461741
      vertex 33.7391 26.5178 0.461741
      vertex 33.4834 28.0665 0.966568
    endloop
  endfacet
  facet normal -0.219891 0.13675 -0.965892
    outer loop
      vertex 36.0335 30.6166 0.966568
      vertex 35.7927 30.2294 0.966568
      vertex 34.7197 31.3751 1.37305
    endloop
  endfacet
  facet normal -0.273094 0.169837 -0.946876
    outer loop
      vertex 36.0335 30.6166 0.966568
      vertex 37.3214 29.873 0.461741
      vertex 35.7927 30.2294 0.966568
    endloop
  endfacet
  facet normal -0.0869412 0.372861 -0.923805
    outer loop
      vertex 31.6493 25.8084 0.461741
      vertex 31.9916 24.7442 0
      vertex 31.8668 24.7151 0
    endloop
  endfacet
  facet normal -0.086984 0.372848 -0.923806
    outer loop
      vertex 31.9916 24.7442 0
      vertex 31.6493 25.8084 0.461741
      vertex 32.1881 25.9341 0.461741
    endloop
  endfacet
  facet normal -0.0869456 0.372844 -0.923812
    outer loop
      vertex 32.1881 25.9341 0.461741
      vertex 32.4766 24.8573 0
      vertex 31.9916 24.7442 0
    endloop
  endfacet
  facet normal -0.132715 0.292927 -0.946879
    outer loop
      vertex 33.7391 26.5178 0.461741
      vertex 33.2352 26.2895 0.461741
      vertex 32.6661 27.6635 0.966568
    endloop
  endfacet
  facet normal -0.113236 0.300995 -0.946879
    outer loop
      vertex 33.2352 26.2895 0.461741
      vertex 32.7174 26.0947 0.461741
      vertex 32.6661 27.6635 0.966568
    endloop
  endfacet
  facet normal -0.044335 0.190093 -0.980764
    outer loop
      vertex 31.4105 28.8359 1.37305
      vertex 31.0632 28.7549 1.37305
      vertex 30.7627 30.2656 1.67944
    endloop
  endfacet
  facet normal -0.0588139 0.252174 -0.965893
    outer loop
      vertex 31.4105 28.8359 1.37305
      vertex 31.3592 27.267 0.966568
      vertex 31.0632 28.7549 1.37305
    endloop
  endfacet
  facet normal -0.0805708 0.177781 -0.980766
    outer loop
      vertex 32.4104 29.2122 1.37305
      vertex 32.0856 29.065 1.37305
      vertex 31.4961 30.4881 1.67944
    endloop
  endfacet
  facet normal -0.0805731 0.17778 -0.980766
    outer loop
      vertex 31.7291 30.5937 1.67944
      vertex 32.4104 29.2122 1.37305
      vertex 31.4961 30.4881 1.67944
    endloop
  endfacet
  facet normal 0.0381314 -0.05318 -0.997857
    outer loop
      vertex 29.5637 34.7529 1.98715
      vertex 29.522 34.723 1.98715
      vertex 28.5679 35.9663 1.88443
    endloop
  endfacet
  facet normal -0.1137 0.158645 -0.980767
    outer loop
      vertex 32.3799 30.9984 1.67944
      vertex 33.0278 29.5686 1.37305
      vertex 32.172 30.8494 1.67944
    endloop
  endfacet
  facet normal -0.113742 0.158626 -0.980765
    outer loop
      vertex 33.3176 29.7764 1.37305
      vertex 33.0278 29.5686 1.37305
      vertex 32.3799 30.9984 1.67944
    endloop
  endfacet
  facet normal -0.0892825 0.0953082 -0.991436
    outer loop
      vertex 31.6634 32.4366 1.88443
      vertex 32.7644 31.3356 1.67944
      vertex 31.5511 32.3314 1.88443
    endloop
  endfacet
  facet normal 0.358341 -0.134836 -0.923802
    outer loop
      vertex 21.1145 37.6418 0
      vertex 22.1895 37.3352 0.461741
      vertex 21.9947 36.8175 0.461741
    endloop
  endfacet
  facet normal 0.358384 -0.134693 -0.923807
    outer loop
      vertex 22.1895 37.3352 0.461741
      vertex 21.1145 37.6418 0
      vertex 21.1596 37.7618 0
    endloop
  endfacet
  facet normal 0.348734 -0.157991 -0.923809
    outer loop
      vertex 21.3651 38.2154 0
      vertex 22.1895 37.3352 0.461741
      vertex 21.1596 37.7618 0
    endloop
  endfacet
  facet normal 0.295947 -0.242893 -0.923807
    outer loop
      vertex 22.8058 40.4091 0
      vertex 23.6439 39.6741 0.461741
      vertex 22.4899 40.0242 0
    endloop
  endfacet
  facet normal 0.279456 -0.261697 -0.923807
    outer loop
      vertex 23.1462 40.7726 0
      vertex 23.6439 39.6741 0.461741
      vertex 22.8058 40.4091 0
    endloop
  endfacet
  facet normal 0.337665 -0.180442 -0.923809
    outer loop
      vertex 21.7132 38.8844 0
      vertex 22.6786 38.327 0.461741
      vertex 21.4785 38.4452 0
    endloop
  endfacet
  facet normal 0.248598 -0.204006 -0.946879
    outer loop
      vertex 23.6439 39.6741 0.461741
      vertex 24.7621 38.6936 0.966568
      vertex 23.293 39.2465 0.461741
    endloop
  endfacet
  facet normal -0.034535 -0.0555878 -0.997856
    outer loop
      vertex 31.1762 36.1372 1.88443
      vertex 31.3069 36.056 1.88443
      vertex 30.3926 34.7801 1.98715
    endloop
  endfacet
  facet normal -0.124971 0.037915 -0.991436
    outer loop
      vertex 33.7763 33.0882 1.67944
      vertex 33.702 32.8433 1.67944
      vertex 32.2276 33.3438 1.88443
    endloop
  endfacet
  facet normal -0.186782 0.0566677 -0.980766
    outer loop
      vertex 33.7763 33.0882 1.67944
      vertex 35.1606 32.3482 1.37305
      vertex 33.702 32.8433 1.67944
    endloop
  endfacet
  facet normal -0.242361 0.0911938 -0.965891
    outer loop
      vertex 35.1606 32.3482 1.37305
      vertex 36.5971 31.8606 0.966568
      vertex 35.035 32.0144 1.37305
    endloop
  endfacet
  facet normal -0.247807 0.0751481 -0.96589
    outer loop
      vertex 35.2641 32.6895 1.37305
      vertex 36.5971 31.8606 0.966568
      vertex 35.1606 32.3482 1.37305
    endloop
  endfacet
  facet normal -0.165763 0.103048 -0.980767
    outer loop
      vertex 34.7197 31.3751 1.37305
      vertex 34.5314 31.0722 1.37305
      vertex 33.2506 31.928 1.67944
    endloop
  endfacet
  facet normal -0.16576 0.103056 -0.980767
    outer loop
      vertex 33.3857 32.1453 1.67944
      vertex 34.7197 31.3751 1.37305
      vertex 33.2506 31.928 1.67944
    endloop
  endfacet
  facet normal 0.0415254 0.0505785 -0.997856
    outer loop
      vertex 29.4822 33.5096 1.98715
      vertex 28.5679 32.2337 1.88443
      vertex 28.4489 32.3314 1.88443
    endloop
  endfacet
  facet normal 0.172133 -0.0920177 -0.980767
    outer loop
      vertex 26.6143 36.0547 1.67944
      vertex 26.4937 35.8291 1.67944
      vertex 25.2803 36.8249 1.37305
    endloop
  endfacet
  facet normal 0.115169 -0.0615663 -0.991436
    outer loop
      vertex 26.6143 36.0547 1.67944
      vertex 27.9628 35.2762 1.88443
      vertex 26.4937 35.8291 1.67944
    endloop
  endfacet
  facet normal 0.0612459 -0.0230468 -0.997857
    outer loop
      vertex 29.2745 34.4005 1.98715
      vertex 29.2564 34.3524 1.98715
      vertex 27.7724 34.8562 1.88443
    endloop
  endfacet
  facet normal 0.0626228 -0.0189908 -0.997857
    outer loop
      vertex 27.7724 34.8562 1.88443
      vertex 29.2564 34.3524 1.98715
      vertex 27.7277 34.7088 1.88443
    endloop
  endfacet
  facet normal 0.0149111 0.0637225 -0.997856
    outer loop
      vertex 29.7968 33.3415 1.98715
      vertex 29.8468 33.3298 1.98715
      vertex 29.5411 31.7928 1.88443
    endloop
  endfacet
  facet normal -0.0189667 -0.0626284 -0.997857
    outer loop
      vertex 30.6088 36.3723 1.88443
      vertex 30.2524 34.8436 1.98715
      vertex 30.2032 34.8585 1.98715
    endloop
  endfacet
  facet normal -0.0315317 -0.320044 -0.946878
    outer loop
      vertex 30.5529 42.5359 0.461741
      vertex 30.9094 41.0072 0.966568
      vertex 30.4557 41.0519 0.966568
    endloop
  endfacet
  facet normal 0.025415 -0.257708 -0.965889
    outer loop
      vertex 29.5443 41.0519 0.966568
      vertex 29.6436 39.5382 1.37305
      vertex 29.2887 39.5032 1.37305
    endloop
  endfacet
  facet normal 0.0128129 -0.129967 -0.991436
    outer loop
      vertex 29.7443 38.0011 1.67944
      vertex 29.8461 36.4474 1.88443
      vertex 29.4897 37.976 1.67944
    endloop
  endfacet
  facet normal 0.0042879 -0.130526 -0.991436
    outer loop
      vertex 30 38.0095 1.67944
      vertex 29.8461 36.4474 1.88443
      vertex 29.7443 38.0011 1.67944
    endloop
  endfacet
  facet normal -0.0128129 -0.129967 -0.991436
    outer loop
      vertex 30.2557 38.0011 1.67944
      vertex 30.5103 37.976 1.67944
      vertex 30.1539 36.4474 1.88443
    endloop
  endfacet
  facet normal -0.0042879 -0.130526 -0.991436
    outer loop
      vertex 30.2557 38.0011 1.67944
      vertex 30.1539 36.4474 1.88443
      vertex 30 38.0095 1.67944
    endloop
  endfacet
  facet normal 0.123813 -0.150895 -0.980765
    outer loop
      vertex 27.6201 37.2016 1.67944
      vertex 27.4223 37.0393 1.67944
      vertex 26.4067 38.1974 1.37305
    endloop
  endfacet
  facet normal 0.133445 -0.142449 -0.980765
    outer loop
      vertex 27.4223 37.0393 1.67944
      vertex 27.2356 36.8644 1.67944
      vertex 26.4067 38.1974 1.37305
    endloop
  endfacet
  facet normal 0.150901 -0.123807 -0.980765
    outer loop
      vertex 25.9026 37.6933 1.37305
      vertex 27.0607 36.6777 1.67944
      vertex 25.6764 37.4176 1.37305
    endloop
  endfacet
  facet normal 0.142461 -0.133431 -0.980766
    outer loop
      vertex 26.1464 37.9536 1.37305
      vertex 27.0607 36.6777 1.67944
      vertex 25.9026 37.6933 1.37305
    endloop
  endfacet
  facet normal 0.0892825 -0.0953082 -0.991436
    outer loop
      vertex 28.4489 35.8686 1.88443
      vertex 28.3366 35.7634 1.88443
      vertex 27.2356 36.8644 1.67944
    endloop
  endfacet
  facet normal 0.0414644 -0.0506222 -0.997857
    outer loop
      vertex 29.522 34.723 1.98715
      vertex 29.4822 34.6904 1.98715
      vertex 28.5679 35.9663 1.88443
    endloop
  endfacet
  facet normal 0.0381122 -0.0531957 -0.997857
    outer loop
      vertex 28.6931 36.056 1.88443
      vertex 29.5637 34.7529 1.98715
      vertex 28.5679 35.9663 1.88443
    endloop
  endfacet
  facet normal -0.0531819 0.0381328 -0.997856
    outer loop
      vertex 30.6529 33.6637 1.98715
      vertex 31.956 32.7931 1.88443
      vertex 30.623 33.622 1.98715
    endloop
  endfacet
  facet normal -0.0805731 -0.17778 -0.980766
    outer loop
      vertex 32.4104 38.9878 1.37305
      vertex 31.7291 37.6063 1.67944
      vertex 31.4961 37.7119 1.67944
    endloop
  endfacet
  facet normal -0.0539085 -0.118946 -0.991436
    outer loop
      vertex 31.4961 37.7119 1.67944
      vertex 31.7291 37.6063 1.67944
      vertex 31.0404 36.2098 1.88443
    endloop
  endfacet
  facet normal -0.00641894 -0.0651246 -0.997856
    outer loop
      vertex 30.1539 36.4474 1.88443
      vertex 30.3071 36.4323 1.88443
      vertex 30.0514 34.8836 1.98715
    endloop
  endfacet
  facet normal -0.00649841 -0.0651115 -0.997857
    outer loop
      vertex 30.3071 36.4323 1.88443
      vertex 30.1025 34.8785 1.98715
      vertex 30.0514 34.8836 1.98715
    endloop
  endfacet
  facet normal -0.0253899 -0.257704 -0.96589
    outer loop
      vertex 30.9094 41.0072 0.966568
      vertex 30.7113 39.5032 1.37305
      vertex 30.4557 41.0519 0.966568
    endloop
  endfacet
  facet normal -0.0315039 -0.320038 -0.946881
    outer loop
      vertex 31.1035 42.4817 0.461741
      vertex 30.9094 41.0072 0.966568
      vertex 30.5529 42.5359 0.461741
    endloop
  endfacet
  facet normal 0.0523779 -0.31729 -0.946881
    outer loop
      vertex 28.8965 42.4817 0.461741
      vertex 29.0906 41.0072 0.966568
      vertex 28.3507 42.3916 0.461741
    endloop
  endfacet
  facet normal 0.0624093 -0.37774 -0.923806
    outer loop
      vertex 28.8965 42.4817 0.461741
      vertex 28.6245 43.566 0
      vertex 28.751 43.5869 0
    endloop
  endfacet
  facet normal 0.0623589 -0.377752 -0.923804
    outer loop
      vertex 28.6245 43.566 0
      vertex 28.8965 42.4817 0.461741
      vertex 28.3507 42.3916 0.461741
    endloop
  endfacet
  facet normal -0.0730898 -0.313172 -0.94688
    outer loop
      vertex 32.1881 42.2659 0.461741
      vertex 31.8031 40.8294 0.966568
      vertex 31.3592 40.933 0.966568
    endloop
  endfacet
  facet normal -0.0730651 -0.313186 -0.946877
    outer loop
      vertex 31.6493 42.3916 0.461741
      vertex 32.1881 42.2659 0.461741
      vertex 31.3592 40.933 0.966568
    endloop
  endfacet
  facet normal -0.0105093 -0.321416 -0.94688
    outer loop
      vertex 30 42.554 0.461741
      vertex 30.4557 41.0519 0.966568
      vertex 30 41.0668 0.966568
    endloop
  endfacet
  facet normal 0.0105093 -0.321416 -0.94688
    outer loop
      vertex 30 42.554 0.461741
      vertex 30 41.0668 0.966568
      vertex 29.5443 41.0519 0.966568
    endloop
  endfacet
  facet normal 0.283623 -0.151607 -0.946876
    outer loop
      vertex 22.6786 38.327 0.461741
      vertex 23.7516 37.1814 0.966568
      vertex 22.4178 37.8391 0.461741
    endloop
  endfacet
  facet normal 0.337658 -0.18049 -0.923802
    outer loop
      vertex 22.4178 37.8391 0.461741
      vertex 21.4785 38.4452 0
      vertex 22.6786 38.327 0.461741
    endloop
  endfacet
  facet normal 0.337737 -0.180365 -0.923798
    outer loop
      vertex 21.4785 38.4452 0
      vertex 22.4178 37.8391 0.461741
      vertex 21.4181 38.3321 0
    endloop
  endfacet
  facet normal 0.295955 -0.242869 -0.92381
    outer loop
      vertex 23.293 39.2465 0.461741
      vertex 22.4899 40.0242 0
      vertex 23.6439 39.6741 0.461741
    endloop
  endfacet
  facet normal 0.295994 -0.242828 -0.923808
    outer loop
      vertex 22.4899 40.0242 0
      vertex 23.293 39.2465 0.461741
      vertex 22.4086 39.9251 0
    endloop
  endfacet
  facet normal 0.311229 -0.222965 -0.923809
    outer loop
      vertex 22.3339 39.8209 0
      vertex 22.9708 38.7968 0.461741
      vertex 22.0439 39.4161 0
    endloop
  endfacet
  facet normal 0.252166 -0.058852 -0.965893
    outer loop
      vertex 23.2706 35.9031 0.966568
      vertex 24.6549 35.1632 1.37305
      vertex 23.167 35.4592 0.966568
    endloop
  endfacet
  facet normal 0.31318 -0.0730919 -0.946877
    outer loop
      vertex 23.2706 35.9031 0.966568
      vertex 23.167 35.4592 0.966568
      vertex 21.7084 35.7493 0.461741
    endloop
  endfacet
  facet normal 0.235888 -0.106839 -0.965889
    outer loop
      vertex 23.7516 37.1814 0.966568
      vertex 24.965 36.1856 1.37305
      vertex 23.5635 36.7661 0.966568
    endloop
  endfacet
  facet normal 0.235849 -0.106887 -0.965893
    outer loop
      vertex 25.1122 36.5104 1.37305
      vertex 24.965 36.1856 1.37305
      vertex 23.7516 37.1814 0.966568
    endloop
  endfacet
  facet normal 0.279427 -0.261712 -0.923811
    outer loop
      vertex 23.1462 40.7726 0
      vertex 24.0221 40.0779 0.461741
      vertex 23.6439 39.6741 0.461741
    endloop
  endfacet
  facet normal 0.279251 -0.261929 -0.923803
    outer loop
      vertex 24.0221 40.0779 0.461741
      vertex 23.1462 40.7726 0
      vertex 23.2339 40.8661 0
    endloop
  endfacet
  facet normal 0.234717 -0.219836 -0.946879
    outer loop
      vertex 24.0221 40.0779 0.461741
      vertex 24.7621 38.6936 0.966568
      vertex 23.6439 39.6741 0.461741
    endloop
  endfacet
  facet normal 0.103055 -0.165758 -0.980767
    outer loop
      vertex 28.0453 37.4857 1.67944
      vertex 27.828 37.3506 1.67944
      vertex 26.9722 38.6314 1.37305
    endloop
  endfacet
  facet normal 0.0689542 -0.110909 -0.991436
    outer loop
      vertex 28.0453 37.4857 1.67944
      vertex 28.6931 36.056 1.88443
      vertex 27.828 37.3506 1.67944
    endloop
  endfacet
  facet normal 0.0189908 0.0626228 -0.997857
    outer loop
      vertex 29.7476 33.3564 1.98715
      vertex 29.3912 31.8277 1.88443
      vertex 29.2438 31.8724 1.88443
    endloop
  endfacet
  facet normal 0.0447213 -0.0477792 -0.997856
    outer loop
      vertex 29.4822 34.6904 1.98715
      vertex 29.4447 34.6553 1.98715
      vertex 28.3366 35.7634 1.88443
    endloop
  endfacet
  facet normal 0.0588156 -0.252181 -0.965891
    outer loop
      vertex 28.9368 39.4451 1.37305
      vertex 28.5895 39.3641 1.37305
      vertex 28.1968 40.8294 0.966568
    endloop
  endfacet
  facet normal 0.0912161 -0.242353 -0.965891
    outer loop
      vertex 27.7606 40.6971 0.966568
      vertex 28.2482 39.2606 1.37305
      vertex 27.3339 40.5365 0.966568
    endloop
  endfacet
  facet normal 0.0447399 -0.0477594 -0.997856
    outer loop
      vertex 28.4489 35.8686 1.88443
      vertex 29.4822 34.6904 1.98715
      vertex 28.3366 35.7634 1.88443
    endloop
  endfacet
  facet normal -0.0381314 0.05318 -0.997857
    outer loop
      vertex 30.478 33.477 1.98715
      vertex 31.4321 32.2337 1.88443
      vertex 30.4363 33.4471 1.98715
    endloop
  endfacet
  facet normal 0.0230893 -0.0612314 -0.997857
    outer loop
      vertex 29.2438 36.3276 1.88443
      vertex 29.7476 34.8436 1.98715
      vertex 29.0998 36.2733 1.88443
    endloop
  endfacet
  facet normal 0.0378985 -0.124972 -0.991436
    outer loop
      vertex 29.3912 36.3723 1.88443
      vertex 29.2438 36.3276 1.88443
      vertex 28.9881 37.8763 1.67944
    endloop
  endfacet
  facet normal 0.151616 -0.283619 -0.946875
    outer loop
      vertex 26.9186 40.3484 0.966568
      vertex 26.5166 40.1335 0.966568
      vertex 26.2609 41.6822 0.461741
    endloop
  endfacet
  facet normal 0.122076 -0.228359 -0.965893
    outer loop
      vertex 26.9186 40.3484 0.966568
      vertex 27.5896 38.9878 1.37305
      vertex 26.5166 40.1335 0.966568
    endloop
  endfacet
  facet normal 0.0443202 -0.190096 -0.980765
    outer loop
      vertex 29.2373 37.9344 1.67944
      vertex 28.9881 37.8763 1.67944
      vertex 28.9368 39.4451 1.37305
    endloop
  endfacet
  facet normal 0.0317969 -0.192587 -0.980765
    outer loop
      vertex 29.2887 39.5032 1.37305
      vertex 29.2373 37.9344 1.67944
      vertex 28.9368 39.4451 1.37305
    endloop
  endfacet
  facet normal 0.0911962 -0.242367 -0.965889
    outer loop
      vertex 28.2482 39.2606 1.37305
      vertex 27.9144 39.135 1.37305
      vertex 27.3339 40.5365 0.966568
    endloop
  endfacet
  facet normal 0.0687386 -0.182683 -0.980766
    outer loop
      vertex 28.2482 39.2606 1.37305
      vertex 28.5039 37.7119 1.67944
      vertex 27.9144 39.135 1.37305
    endloop
  endfacet
  facet normal -0.0566887 0.186775 -0.980766
    outer loop
      vertex 31.2567 30.398 1.67944
      vertex 31.7518 28.9394 1.37305
      vertex 31.0119 30.3237 1.67944
    endloop
  endfacet
  facet normal -0.0538777 0.118955 -0.991437
    outer loop
      vertex 31.0404 31.9902 1.88443
      vertex 31.4961 30.4881 1.67944
      vertex 30.9002 31.9267 1.88443
    endloop
  endfacet
  facet normal -0.0506279 0.0414691 -0.997856
    outer loop
      vertex 30.623 33.622 1.98715
      vertex 31.7686 32.5489 1.88443
      vertex 30.5904 33.5822 1.98715
    endloop
  endfacet
  facet normal -0.0230893 0.0612314 -0.997857
    outer loop
      vertex 30.9002 31.9267 1.88443
      vertex 30.7562 31.8724 1.88443
      vertex 30.2524 33.3564 1.98715
    endloop
  endfacet
  facet normal -0.0189908 0.0626228 -0.997857
    outer loop
      vertex 30.7562 31.8724 1.88443
      vertex 30.6088 31.8277 1.88443
      vertex 30.2524 33.3564 1.98715
    endloop
  endfacet
  facet normal -0.0612314 0.0230893 -0.997857
    outer loop
      vertex 32.2276 33.3438 1.88443
      vertex 32.1733 33.1998 1.88443
      vertex 30.7436 33.8476 1.98715
    endloop
  endfacet
  facet normal -0.11896 0.0538798 -0.991436
    outer loop
      vertex 32.1733 33.1998 1.88443
      vertex 33.5063 32.3709 1.67944
      vertex 32.1098 33.0596 1.88443
    endloop
  endfacet
  facet normal -0.118943 0.0539072 -0.991437
    outer loop
      vertex 33.6119 32.6039 1.67944
      vertex 33.5063 32.3709 1.67944
      vertex 32.1733 33.1998 1.88443
    endloop
  endfacet
  facet normal -0.0555605 -0.0345823 -0.997856
    outer loop
      vertex 32.0372 35.2762 1.88443
      vertex 30.6801 34.4926 1.98715
      vertex 30.6529 34.5363 1.98715
    endloop
  endfacet
  facet normal -0.0414644 0.0506222 -0.997857
    outer loop
      vertex 30.5178 33.5096 1.98715
      vertex 31.4321 32.2337 1.88443
      vertex 30.478 33.477 1.98715
    endloop
  endfacet
  facet normal -0.110932 0.0689188 -0.991435
    outer loop
      vertex 32.0372 32.9238 1.88443
      vertex 33.2506 31.928 1.67944
      vertex 31.956 32.7931 1.88443
    endloop
  endfacet
  facet normal -0.110905 0.068952 -0.991436
    outer loop
      vertex 33.3857 32.1453 1.67944
      vertex 33.2506 31.928 1.67944
      vertex 32.0372 32.9238 1.88443
    endloop
  endfacet
  facet normal -0.0230483 0.06125 -0.997856
    outer loop
      vertex 30.3005 33.3745 1.98715
      vertex 30.9002 31.9267 1.88443
      vertex 30.2524 33.3564 1.98715
    endloop
  endfacet
  facet normal -0.130529 0.0042407 -0.991435
    outer loop
      vertex 32.3524 34.1 1.88443
      vertex 33.9011 33.8443 1.67944
      vertex 32.3474 33.9461 1.88443
    endloop
  endfacet
  facet normal 0.0645752 0.0105715 -0.997857
    outer loop
      vertex 29.2215 33.9975 1.98715
      vertex 29.2298 33.9468 1.98715
      vertex 27.6677 33.7929 1.88443
    endloop
  endfacet
  facet normal 0.06125 0.0230483 -0.997856
    outer loop
      vertex 29.2564 33.8476 1.98715
      vertex 29.2745 33.7995 1.98715
      vertex 27.8267 33.1998 1.88443
    endloop
  endfacet
  facet normal 0.0270034 0.0596113 -0.997856
    outer loop
      vertex 29.6527 33.3957 1.98715
      vertex 29.6995 33.3745 1.98715
      vertex 28.9596 31.9902 1.88443
    endloop
  endfacet
  facet normal -0.115168 -0.0615697 -0.991436
    outer loop
      vertex 33.5063 35.8291 1.67944
      vertex 32.1098 35.1404 1.88443
      vertex 32.0372 35.2762 1.88443
    endloop
  endfacet
  facet normal -0.0577126 -0.0308537 -0.997856
    outer loop
      vertex 32.0372 35.2762 1.88443
      vertex 32.1098 35.1404 1.88443
      vertex 30.7043 34.4473 1.98715
    endloop
  endfacet
  facet normal 0.0626273 0.0189664 -0.997857
    outer loop
      vertex 29.2415 33.8968 1.98715
      vertex 29.2564 33.8476 1.98715
      vertex 27.7277 33.4911 1.88443
    endloop
  endfacet
  facet normal 0.0381122 0.0531957 -0.997857
    outer loop
      vertex 29.5637 33.4471 1.98715
      vertex 28.6931 32.144 1.88443
      vertex 28.5679 32.2337 1.88443
    endloop
  endfacet
  facet normal -0.0443356 -0.190096 -0.980764
    outer loop
      vertex 31.0632 39.4451 1.37305
      vertex 31.4105 39.3641 1.37305
      vertex 31.0119 37.8763 1.67944
    endloop
  endfacet
  facet normal -0.0443202 -0.190096 -0.980765
    outer loop
      vertex 31.0632 39.4451 1.37305
      vertex 31.0119 37.8763 1.67944
      vertex 30.7627 37.9344 1.67944
    endloop
  endfacet
  facet normal 0.133429 0.142459 -0.980766
    outer loop
      vertex 27.2356 31.3356 1.67944
      vertex 26.4067 30.0026 1.37305
      vertex 26.1464 30.2464 1.37305
    endloop
  endfacet
  facet normal 0.150901 0.123807 -0.980765
    outer loop
      vertex 27.0607 31.5223 1.67944
      vertex 25.9026 30.5067 1.37305
      vertex 25.6764 30.7824 1.37305
    endloop
  endfacet
  facet normal 0.110932 0.0689188 -0.991435
    outer loop
      vertex 27.9628 32.9238 1.88443
      vertex 28.044 32.7931 1.88443
      vertex 26.7494 31.928 1.67944
    endloop
  endfacet
  facet normal -0.0477772 0.0447195 -0.997856
    outer loop
      vertex 30.5904 33.5822 1.98715
      vertex 31.7686 32.5489 1.88443
      vertex 30.5553 33.5447 1.98715
    endloop
  endfacet
  facet normal -0.0596117 0.0270036 -0.997856
    outer loop
      vertex 30.7255 33.7995 1.98715
      vertex 32.1733 33.1998 1.88443
      vertex 30.7043 33.7527 1.98715
    endloop
  endfacet
  facet normal 0.0637146 0.0149092 -0.997857
    outer loop
      vertex 29.2298 33.9468 1.98715
      vertex 29.2415 33.8968 1.98715
      vertex 27.7277 33.4911 1.88443
    endloop
  endfacet
  facet normal 0.0637387 0.0148299 -0.997856
    outer loop
      vertex 29.2298 33.9468 1.98715
      vertex 27.7277 33.4911 1.88443
      vertex 27.6928 33.6411 1.88443
    endloop
  endfacet
  facet normal 0.0531819 0.0381328 -0.997856
    outer loop
      vertex 29.3471 33.6637 1.98715
      vertex 29.377 33.622 1.98715
      vertex 28.044 32.7931 1.88443
    endloop
  endfacet
  facet normal 0.0953081 0.0892824 -0.991436
    outer loop
      vertex 28.2314 32.5489 1.88443
      vertex 28.3366 32.4366 1.88443
      vertex 27.0607 31.5223 1.67944
    endloop
  endfacet
  facet normal 0.04776 0.0447405 -0.997856
    outer loop
      vertex 29.4447 33.5447 1.98715
      vertex 28.3366 32.4366 1.88443
      vertex 28.2314 32.5489 1.88443
    endloop
  endfacet
  facet normal 0.0230893 0.0612314 -0.997857
    outer loop
      vertex 29.7476 33.3564 1.98715
      vertex 29.2438 31.8724 1.88443
      vertex 29.0998 31.9267 1.88443
    endloop
  endfacet
  facet normal 0.0539085 0.118946 -0.991436
    outer loop
      vertex 28.9596 31.9902 1.88443
      vertex 28.5039 30.4881 1.67944
      vertex 28.2709 30.5937 1.67944
    endloop
  endfacet
  facet normal 0.0615663 0.115169 -0.991436
    outer loop
      vertex 28.8238 32.0628 1.88443
      vertex 28.2709 30.5937 1.67944
      vertex 28.0453 30.7143 1.67944
    endloop
  endfacet
  facet normal 0.0689152 0.110926 -0.991436
    outer loop
      vertex 28.6931 32.144 1.88443
      vertex 28.8238 32.0628 1.88443
      vertex 28.0453 30.7143 1.67944
    endloop
  endfacet
  facet normal 0.0105715 0.0645752 -0.997857
    outer loop
      vertex 29.8468 33.3298 1.98715
      vertex 29.8975 33.3215 1.98715
      vertex 29.6929 31.7677 1.88443
    endloop
  endfacet
  facet normal -0.034535 0.0555878 -0.997856
    outer loop
      vertex 31.3069 32.144 1.88443
      vertex 31.1762 32.0628 1.88443
      vertex 30.3926 33.4199 1.98715
    endloop
  endfacet
  facet normal -0.030854 0.0577132 -0.997856
    outer loop
      vertex 31.1762 32.0628 1.88443
      vertex 31.0404 31.9902 1.88443
      vertex 30.3926 33.4199 1.98715
    endloop
  endfacet
  facet normal -0.0555605 0.0345823 -0.997856
    outer loop
      vertex 30.6801 33.7074 1.98715
      vertex 32.0372 32.9238 1.88443
      vertex 30.6529 33.6637 1.98715
    endloop
  endfacet
  facet normal 0.0447399 0.0477594 -0.997856
    outer loop
      vertex 29.4822 33.5096 1.98715
      vertex 28.4489 32.3314 1.88443
      vertex 28.3366 32.4366 1.88443
    endloop
  endfacet
  facet normal 0.0651193 0.00649919 -0.997856
    outer loop
      vertex 29.2164 34.0486 1.98715
      vertex 29.2215 33.9975 1.98715
      vertex 27.6526 33.9461 1.88443
    endloop
  endfacet
  facet normal 0.27309 0.169853 -0.946875
    outer loop
      vertex 24.2073 30.2294 0.966568
      vertex 22.9708 29.4032 0.461741
      vertex 22.6786 29.873 0.461741
    endloop
  endfacet
  facet normal 0.325108 0.202206 -0.923806
    outer loop
      vertex 21.7809 29.2068 0
      vertex 22.6786 29.873 0.461741
      vertex 22.9708 29.4032 0.461741
    endloop
  endfacet
  facet normal 0.325063 0.202268 -0.923808
    outer loop
      vertex 22.6786 29.873 0.461741
      vertex 21.7809 29.2068 0
      vertex 21.7132 29.3156 0
    endloop
  endfacet
  facet normal 0.273094 0.169837 -0.946876
    outer loop
      vertex 23.9665 30.6166 0.966568
      vertex 24.2073 30.2294 0.966568
      vertex 22.6786 29.873 0.461741
    endloop
  endfacet
  facet normal 0.283616 0.151614 -0.946877
    outer loop
      vertex 23.7516 31.0186 0.966568
      vertex 23.9665 30.6166 0.966568
      vertex 22.6786 29.873 0.461741
    endloop
  endfacet
  facet normal 0.228366 0.122062 -0.965893
    outer loop
      vertex 25.1122 31.6896 1.37305
      vertex 25.2803 31.3751 1.37305
      vertex 23.7516 31.0186 0.966568
    endloop
  endfacet
  facet normal 0.17214 0.0920087 -0.980766
    outer loop
      vertex 26.4937 32.3709 1.67944
      vertex 25.2803 31.3751 1.37305
      vertex 25.1122 31.6896 1.37305
    endloop
  endfacet
  facet normal 0.235849 0.106887 -0.965893
    outer loop
      vertex 24.965 32.0144 1.37305
      vertex 25.1122 31.6896 1.37305
      vertex 23.7516 31.0186 0.966568
    endloop
  endfacet
  facet normal 0.177781 0.0805706 -0.980766
    outer loop
      vertex 26.4937 32.3709 1.67944
      vertex 25.1122 31.6896 1.37305
      vertex 24.965 32.0144 1.37305
    endloop
  endfacet
  facet normal 0.16576 0.103056 -0.980767
    outer loop
      vertex 26.6143 32.1453 1.67944
      vertex 26.7494 31.928 1.67944
      vertex 25.2803 31.3751 1.37305
    endloop
  endfacet
  facet normal 0.110905 0.068952 -0.991436
    outer loop
      vertex 27.9628 32.9238 1.88443
      vertex 26.7494 31.928 1.67944
      vertex 26.6143 32.1453 1.67944
    endloop
  endfacet
  facet normal 0.192587 0.0317969 -0.980765
    outer loop
      vertex 26.1656 33.3373 1.67944
      vertex 24.6549 33.0368 1.37305
      vertex 24.5968 33.3887 1.37305
    endloop
  endfacet
  facet normal 0.255483 0.0421811 -0.965893
    outer loop
      vertex 24.5968 33.3887 1.37305
      vertex 24.6549 33.0368 1.37305
      vertex 23.167 32.7408 0.966568
    endloop
  endfacet
  facet normal 0.0933443 0.307761 -0.946874
    outer loop
      vertex 27.7606 27.5029 0.966568
      vertex 28.1968 27.3706 0.966568
      vertex 27.2826 26.0947 0.461741
    endloop
  endfacet
  facet normal 0.164278 0.200166 -0.965891
    outer loop
      vertex 26.4067 30.0026 1.37305
      vertex 25.7589 28.5728 0.966568
      vertex 25.4064 28.8621 0.966568
    endloop
  endfacet
  facet normal 0.202268 0.325063 -0.923808
    outer loop
      vertex 25.1068 25.8809 0
      vertex 25.773 26.7786 0.461741
      vertex 25.2156 25.8132 0
    endloop
  endfacet
  facet normal 0.202206 0.325108 -0.923806
    outer loop
      vertex 25.773 26.7786 0.461741
      vertex 25.1068 25.8809 0
      vertex 25.3032 27.0708 0.461741
    endloop
  endfacet
  facet normal 0.204006 0.248598 -0.946879
    outer loop
      vertex 25.4064 28.8621 0.966568
      vertex 24.8535 27.393 0.461741
      vertex 24.4259 27.7439 0.461741
    endloop
  endfacet
  facet normal 0.134864 0.358305 -0.923812
    outer loop
      vertex 27.2826 26.0947 0.461741
      vertex 26.9242 25.0391 0
      vertex 26.4582 25.2145 0
    endloop
  endfacet
  facet normal 0.0687386 0.182683 -0.980766
    outer loop
      vertex 28.5039 30.4881 1.67944
      vertex 28.2482 28.9394 1.37305
      vertex 27.9144 29.065 1.37305
    endloop
  endfacet
  facet normal 0.0460009 0.122227 -0.991436
    outer loop
      vertex 29.2438 31.8724 1.88443
      vertex 28.7433 30.398 1.67944
      vertex 28.5039 30.4881 1.67944
    endloop
  endfacet
  facet normal 0.180365 0.337737 -0.923798
    outer loop
      vertex 25.6548 25.5785 0
      vertex 26.2609 26.5178 0.461741
      vertex 25.7679 25.5181 0
    endloop
  endfacet
  facet normal 0.18049 0.337658 -0.923802
    outer loop
      vertex 26.2609 26.5178 0.461741
      vertex 25.6548 25.5785 0
      vertex 25.773 26.7786 0.461741
    endloop
  endfacet
  facet normal 0.0760611 0.106163 -0.991435
    outer loop
      vertex 28.5679 32.2337 1.88443
      vertex 28.6931 32.144 1.88443
      vertex 27.6201 30.9984 1.67944
    endloop
  endfacet
  facet normal 0.0828712 0.100938 -0.991435
    outer loop
      vertex 28.4489 32.3314 1.88443
      vertex 28.5679 32.2337 1.88443
      vertex 27.6201 30.9984 1.67944
    endloop
  endfacet
  facet normal 0.279432 0.261746 -0.9238
    outer loop
      vertex 24.0221 28.1221 0.461741
      vertex 23.2339 27.3339 0
      vertex 22.8935 27.6973 0
    endloop
  endfacet
  facet normal 0.295955 0.242869 -0.92381
    outer loop
      vertex 22.4899 28.1758 0
      vertex 23.293 28.9535 0.461741
      vertex 23.6439 28.5259 0.461741
    endloop
  endfacet
  facet normal 0.295994 0.242828 -0.923808
    outer loop
      vertex 23.293 28.9535 0.461741
      vertex 22.4899 28.1758 0
      vertex 22.4086 28.2749 0
    endloop
  endfacet
  facet normal 0.180442 0.337665 -0.923809
    outer loop
      vertex 25.773 26.7786 0.461741
      vertex 25.6548 25.5785 0
      vertex 25.2156 25.8132 0
    endloop
  endfacet
  facet normal 0.187328 0.261413 -0.946875
    outer loop
      vertex 25.7589 28.5728 0.966568
      vertex 26.1294 28.3073 0.966568
      vertex 25.3032 27.0708 0.461741
    endloop
  endfacet
  facet normal 0.151605 0.283621 -0.946877
    outer loop
      vertex 26.5166 28.0665 0.966568
      vertex 26.2609 26.5178 0.461741
      vertex 25.773 26.7786 0.461741
    endloop
  endfacet
  facet normal -0.00424045 0.130521 -0.991436
    outer loop
      vertex 30 31.7476 1.88443
      vertex 30.1539 31.7526 1.88443
      vertex 30 30.1905 1.67944
    endloop
  endfacet
  facet normal 0.00424045 0.130521 -0.991436
    outer loop
      vertex 30 31.7476 1.88443
      vertex 30 30.1905 1.67944
      vertex 29.8461 31.7526 1.88443
    endloop
  endfacet
  facet normal 0.0254143 0.257701 -0.96589
    outer loop
      vertex 29.2887 28.6968 1.37305
      vertex 29.6436 28.6618 1.37305
      vertex 29.0906 27.1928 0.966568
    endloop
  endfacet
  facet normal 0.0315039 0.320038 -0.946881
    outer loop
      vertex 29.0906 27.1928 0.966568
      vertex 29.4471 25.6641 0.461741
      vertex 28.8965 25.7183 0.461741
    endloop
  endfacet
  facet normal 0.0213034 0.128839 -0.991437
    outer loop
      vertex 29.5411 31.7928 1.88443
      vertex 29.6929 31.7677 1.88443
      vertex 29.2373 30.2656 1.67944
    endloop
  endfacet
  facet normal 0.0296117 0.127186 -0.991437
    outer loop
      vertex 29.3912 31.8277 1.88443
      vertex 29.5411 31.7928 1.88443
      vertex 29.2373 30.2656 1.67944
    endloop
  endfacet
  facet normal 0.0421811 0.255483 -0.965893
    outer loop
      vertex 28.9368 28.7549 1.37305
      vertex 29.2887 28.6968 1.37305
      vertex 28.6408 27.267 0.966568
    endloop
  endfacet
  facet normal 0.0588139 0.252174 -0.965893
    outer loop
      vertex 28.9368 28.7549 1.37305
      vertex 28.6408 27.267 0.966568
      vertex 28.5895 28.8359 1.37305
    endloop
  endfacet
  facet normal -0.202186 0.325112 -0.923809
    outer loop
      vertex 35.3161 26.1439 0
      vertex 34.8932 25.8809 0
      vertex 34.6968 27.0708 0.461741
    endloop
  endfacet
  facet normal -0.0460009 0.122227 -0.991436
    outer loop
      vertex 31.4961 30.4881 1.67944
      vertex 31.2567 30.398 1.67944
      vertex 30.7562 31.8724 1.88443
    endloop
  endfacet
  facet normal -0.068753 0.18268 -0.980766
    outer loop
      vertex 31.4961 30.4881 1.67944
      vertex 31.7518 28.9394 1.37305
      vertex 31.2567 30.398 1.67944
    endloop
  endfacet
  facet normal -0.0577126 0.0308537 -0.997856
    outer loop
      vertex 32.1098 33.0596 1.88443
      vertex 32.0372 32.9238 1.88443
      vertex 30.7043 33.7527 1.98715
    endloop
  endfacet
  facet normal -0.0615663 0.115169 -0.991436
    outer loop
      vertex 31.9547 30.7143 1.67944
      vertex 31.7291 30.5937 1.67944
      vertex 31.1762 32.0628 1.88443
    endloop
  endfacet
  facet normal -0.082839 0.100958 -0.991436
    outer loop
      vertex 32.5777 31.1607 1.67944
      vertex 32.3799 30.9984 1.67944
      vertex 31.5511 32.3314 1.88443
    endloop
  endfacet
  facet normal -0.0760611 0.106163 -0.991435
    outer loop
      vertex 31.4321 32.2337 1.88443
      vertex 32.3799 30.9984 1.67944
      vertex 31.3069 32.144 1.88443
    endloop
  endfacet
  facet normal -0.0828712 0.100938 -0.991435
    outer loop
      vertex 31.5511 32.3314 1.88443
      vertex 32.3799 30.9984 1.67944
      vertex 31.4321 32.2337 1.88443
    endloop
  endfacet
  facet normal -0.0892834 0.0953071 -0.991436
    outer loop
      vertex 32.7644 31.3356 1.67944
      vertex 32.5777 31.1607 1.67944
      vertex 31.5511 32.3314 1.88443
    endloop
  endfacet
  facet normal -0.133445 0.142449 -0.980765
    outer loop
      vertex 32.7644 31.3356 1.67944
      vertex 33.5933 30.0026 1.37305
      vertex 32.5777 31.1607 1.67944
    endloop
  endfacet
  facet normal 0.0381314 0.05318 -0.997857
    outer loop
      vertex 29.522 33.477 1.98715
      vertex 29.5637 33.4471 1.98715
      vertex 28.5679 32.2337 1.88443
    endloop
  endfacet
  facet normal -0.0577232 0.0308367 -0.997856
    outer loop
      vertex 30.7043 33.7527 1.98715
      vertex 32.0372 32.9238 1.88443
      vertex 30.6801 33.7074 1.98715
    endloop
  endfacet
  facet normal -0.158645 0.1137 -0.980767
    outer loop
      vertex 33.2506 31.928 1.67944
      vertex 34.5314 31.0722 1.37305
      vertex 33.1016 31.7201 1.67944
    endloop
  endfacet
  facet normal -0.106149 0.0760762 -0.991436
    outer loop
      vertex 33.2506 31.928 1.67944
      vertex 33.1016 31.7201 1.67944
      vertex 31.956 32.7931 1.88443
    endloop
  endfacet
  facet normal 0.158654 -0.113706 -0.980765
    outer loop
      vertex 26.8984 36.4799 1.67944
      vertex 26.7494 36.272 1.67944
      vertex 25.6764 37.4176 1.37305
    endloop
  endfacet
  facet normal 0.15862 -0.113738 -0.980767
    outer loop
      vertex 25.6764 37.4176 1.37305
      vertex 26.7494 36.272 1.67944
      vertex 25.4686 37.1278 1.37305
    endloop
  endfacet
  facet normal 0.00842373 -0.258812 -0.965891
    outer loop
      vertex 30 41.0668 0.966568
      vertex 30 39.5498 1.37305
      vertex 29.6436 39.5382 1.37305
    endloop
  endfacet
  facet normal 0.00634972 -0.19509 -0.980765
    outer loop
      vertex 30 39.5498 1.37305
      vertex 30 38.0095 1.67944
      vertex 29.6436 39.5382 1.37305
    endloop
  endfacet
  facet normal 0.00640845 -0.195076 -0.980767
    outer loop
      vertex 30 38.0095 1.67944
      vertex 29.7443 38.0011 1.67944
      vertex 29.6436 39.5382 1.37305
    endloop
  endfacet
  facet normal 0.0191559 -0.194241 -0.980767
    outer loop
      vertex 29.6436 39.5382 1.37305
      vertex 29.7443 38.0011 1.67944
      vertex 29.2887 39.5032 1.37305
    endloop
  endfacet
  facet normal -0.0106752 -0.0645615 -0.997857
    outer loop
      vertex 30.3071 36.4323 1.88443
      vertex 30.4589 36.4072 1.88443
      vertex 30.1025 34.8785 1.98715
    endloop
  endfacet
  facet normal -0.0128101 -0.129968 -0.991435
    outer loop
      vertex 30.5103 37.976 1.67944
      vertex 30.3071 36.4323 1.88443
      vertex 30.1539 36.4474 1.88443
    endloop
  endfacet
  facet normal 0.0953081 -0.0892824 -0.991436
    outer loop
      vertex 28.3366 35.7634 1.88443
      vertex 28.2314 35.6511 1.88443
      vertex 27.0607 36.6777 1.67944
    endloop
  endfacet
  facet normal 0.0953072 -0.0892835 -0.991436
    outer loop
      vertex 27.2356 36.8644 1.67944
      vertex 28.3366 35.7634 1.88443
      vertex 27.0607 36.6777 1.67944
    endloop
  endfacet
  facet normal 0.053195 0.0381118 -0.997857
    outer loop
      vertex 29.377 33.622 1.98715
      vertex 28.1337 32.6679 1.88443
      vertex 28.044 32.7931 1.88443
    endloop
  endfacet
  facet normal -0.00216315 0.0654036 -0.997857
    outer loop
      vertex 30.0514 33.3164 1.98715
      vertex 30.1539 31.7526 1.88443
      vertex 30 33.3147 1.98715
    endloop
  endfacet
  facet normal -0.0615665 -0.115169 -0.991436
    outer loop
      vertex 31.7291 37.6063 1.67944
      vertex 31.9547 37.4857 1.67944
      vertex 31.0404 36.2098 1.88443
    endloop
  endfacet
  facet normal -0.0920189 -0.172135 -0.980766
    outer loop
      vertex 32.4104 38.9878 1.37305
      vertex 31.9547 37.4857 1.67944
      vertex 31.7291 37.6063 1.67944
    endloop
  endfacet
  facet normal -0.0213052 -0.12885 -0.991435
    outer loop
      vertex 30.5103 37.976 1.67944
      vertex 30.4589 36.4072 1.88443
      vertex 30.3071 36.4323 1.88443
    endloop
  endfacet
  facet normal -0.0212371 -0.128852 -0.991436
    outer loop
      vertex 30.5103 37.976 1.67944
      vertex 30.7627 37.9344 1.67944
      vertex 30.4589 36.4072 1.88443
    endloop
  endfacet
  facet normal 0.0869412 -0.372861 -0.923805
    outer loop
      vertex 28.3507 42.3916 0.461741
      vertex 28.0084 43.4558 0
      vertex 28.1332 43.4849 0
    endloop
  endfacet
  facet normal 0.086984 -0.372848 -0.923806
    outer loop
      vertex 28.0084 43.4558 0
      vertex 28.3507 42.3916 0.461741
      vertex 27.8119 42.2659 0.461741
    endloop
  endfacet
  facet normal 0.0730651 -0.313186 -0.946877
    outer loop
      vertex 28.3507 42.3916 0.461741
      vertex 28.6408 40.933 0.966568
      vertex 27.8119 42.2659 0.461741
    endloop
  endfacet
  facet normal -0.0421474 -0.255497 -0.965891
    outer loop
      vertex 30.9094 41.0072 0.966568
      vertex 31.3592 40.933 0.966568
      vertex 30.7113 39.5032 1.37305
    endloop
  endfacet
  facet normal -0.0421811 -0.255483 -0.965893
    outer loop
      vertex 31.3592 40.933 0.966568
      vertex 31.0632 39.4451 1.37305
      vertex 30.7113 39.5032 1.37305
    endloop
  endfacet
  facet normal -0.00846263 -0.25882 -0.965888
    outer loop
      vertex 30.4557 41.0519 0.966568
      vertex 30.3564 39.5382 1.37305
      vertex 30 41.0668 0.966568
    endloop
  endfacet
  facet normal -0.025415 -0.257708 -0.965889
    outer loop
      vertex 30.4557 41.0519 0.966568
      vertex 30.7113 39.5032 1.37305
      vertex 30.3564 39.5382 1.37305
    endloop
  endfacet
  facet normal 0.311212 -0.222977 -0.923812
    outer loop
      vertex 22.3339 39.8209 0
      vertex 23.293 39.2465 0.461741
      vertex 22.9708 38.7968 0.461741
    endloop
  endfacet
  facet normal 0.311158 -0.223066 -0.923809
    outer loop
      vertex 23.293 39.2465 0.461741
      vertex 22.3339 39.8209 0
      vertex 22.4086 39.9251 0
    endloop
  endfacet
  facet normal 0.261413 -0.187328 -0.946875
    outer loop
      vertex 24.4728 38.3411 0.966568
      vertex 24.2073 37.9706 0.966568
      vertex 22.9708 38.7968 0.461741
    endloop
  endfacet
  facet normal 0.307762 -0.0933232 -0.946876
    outer loop
      vertex 23.4029 36.3394 0.966568
      vertex 23.2706 35.9031 0.966568
      vertex 21.9947 36.8175 0.461741
    endloop
  endfacet
  facet normal 0.30774 -0.0933566 -0.94688
    outer loop
      vertex 21.9947 36.8175 0.461741
      vertex 23.2706 35.9031 0.966568
      vertex 21.8341 36.2881 0.461741
    endloop
  endfacet
  facet normal 0.255497 -0.0421474 -0.965891
    outer loop
      vertex 23.167 35.4592 0.966568
      vertex 24.5968 34.8113 1.37305
      vertex 23.0928 35.0094 0.966568
    endloop
  endfacet
  facet normal 0.317295 -0.0523417 -0.946881
    outer loop
      vertex 23.167 35.4592 0.966568
      vertex 23.0928 35.0094 0.966568
      vertex 21.6183 35.2035 0.461741
    endloop
  endfacet
  facet normal 0.228362 -0.122077 -0.965892
    outer loop
      vertex 23.9665 37.5834 0.966568
      vertex 25.2803 36.8249 1.37305
      vertex 23.7516 37.1814 0.966568
    endloop
  endfacet
  facet normal 0.219914 -0.136711 -0.965892
    outer loop
      vertex 25.4686 37.1278 1.37305
      vertex 25.2803 36.8249 1.37305
      vertex 23.9665 37.5834 0.966568
    endloop
  endfacet
  facet normal 0.261712 -0.279427 -0.923811
    outer loop
      vertex 24.0221 40.0779 0.461741
      vertex 23.3274 40.9538 0
      vertex 24.4259 40.4561 0.461741
    endloop
  endfacet
  facet normal 0.261929 -0.279251 -0.923803
    outer loop
      vertex 23.3274 40.9538 0
      vertex 24.0221 40.0779 0.461741
      vertex 23.2339 40.8661 0
    endloop
  endfacet
  facet normal 0.219836 -0.234717 -0.946879
    outer loop
      vertex 24.4259 40.4561 0.461741
      vertex 25.4064 39.3379 0.966568
      vertex 24.0221 40.0779 0.461741
    endloop
  endfacet
  facet normal 0.0539085 -0.118946 -0.991436
    outer loop
      vertex 28.5039 37.7119 1.67944
      vertex 28.9596 36.2098 1.88443
      vertex 28.2709 37.6063 1.67944
    endloop
  endfacet
  facet normal 0.0805731 -0.17778 -0.980766
    outer loop
      vertex 28.5039 37.7119 1.67944
      vertex 28.2709 37.6063 1.67944
      vertex 27.5896 38.9878 1.37305
    endloop
  endfacet
  facet normal 0.0128101 -0.129968 -0.991435
    outer loop
      vertex 29.8461 36.4474 1.88443
      vertex 29.6929 36.4323 1.88443
      vertex 29.4897 37.976 1.67944
    endloop
  endfacet
  facet normal 0.0213052 -0.12885 -0.991435
    outer loop
      vertex 29.6929 36.4323 1.88443
      vertex 29.5411 36.4072 1.88443
      vertex 29.4897 37.976 1.67944
    endloop
  endfacet
  facet normal 0.0189908 -0.0626228 -0.997857
    outer loop
      vertex 29.3912 36.3723 1.88443
      vertex 29.7476 34.8436 1.98715
      vertex 29.2438 36.3276 1.88443
    endloop
  endfacet
  facet normal 0.0189667 -0.0626284 -0.997857
    outer loop
      vertex 29.7968 34.8585 1.98715
      vertex 29.7476 34.8436 1.98715
      vertex 29.3912 36.3723 1.88443
    endloop
  endfacet
  facet normal 0.0751471 -0.247804 -0.965891
    outer loop
      vertex 28.5895 39.3641 1.37305
      vertex 28.2482 39.2606 1.37305
      vertex 28.1968 40.8294 0.966568
    endloop
  endfacet
  facet normal 0.0566467 -0.186797 -0.980764
    outer loop
      vertex 28.5895 39.3641 1.37305
      vertex 28.9881 37.8763 1.67944
      vertex 28.2482 39.2606 1.37305
    endloop
  endfacet
  facet normal 0.0447213 0.0477792 -0.997856
    outer loop
      vertex 29.4447 33.5447 1.98715
      vertex 29.4822 33.5096 1.98715
      vertex 28.3366 32.4366 1.88443
    endloop
  endfacet
  facet normal -0.0213034 0.128839 -0.991437
    outer loop
      vertex 30.4589 31.7928 1.88443
      vertex 30.7627 30.2656 1.67944
      vertex 30.3071 31.7677 1.88443
    endloop
  endfacet
  facet normal -0.0296117 0.127186 -0.991437
    outer loop
      vertex 30.6088 31.8277 1.88443
      vertex 30.7627 30.2656 1.67944
      vertex 30.4589 31.7928 1.88443
    endloop
  endfacet
  facet normal 0.0506279 0.0414691 -0.997856
    outer loop
      vertex 29.377 33.622 1.98715
      vertex 29.4096 33.5822 1.98715
      vertex 28.2314 32.5489 1.88443
    endloop
  endfacet
  facet normal -0.0477772 -0.0447195 -0.997856
    outer loop
      vertex 31.7686 35.6511 1.88443
      vertex 30.5904 34.6178 1.98715
      vertex 30.5553 34.6553 1.98715
    endloop
  endfacet
  facet normal -0.100961 0.0828413 -0.991435
    outer loop
      vertex 33.1016 31.7201 1.67944
      vertex 32.9393 31.5223 1.67944
      vertex 31.8663 32.6679 1.88443
    endloop
  endfacet
  facet normal -0.106163 0.0760611 -0.991435
    outer loop
      vertex 31.956 32.7931 1.88443
      vertex 33.1016 31.7201 1.67944
      vertex 31.8663 32.6679 1.88443
    endloop
  endfacet
  facet normal -0.0308358 0.0577215 -0.997856
    outer loop
      vertex 30.3926 33.4199 1.98715
      vertex 31.0404 31.9902 1.88443
      vertex 30.3473 33.3957 1.98715
    endloop
  endfacet
  facet normal -0.0953072 0.0892835 -0.991436
    outer loop
      vertex 32.9393 31.5223 1.67944
      vertex 32.7644 31.3356 1.67944
      vertex 31.6634 32.4366 1.88443
    endloop
  endfacet
  facet normal -0.127201 0.0295954 -0.991435
    outer loop
      vertex 32.3072 33.6411 1.88443
      vertex 33.7763 33.0882 1.67944
      vertex 32.2723 33.4911 1.88443
    endloop
  endfacet
  facet normal -0.0637387 0.0148299 -0.997856
    outer loop
      vertex 32.3072 33.6411 1.88443
      vertex 32.2723 33.4911 1.88443
      vertex 30.7702 33.9468 1.98715
    endloop
  endfacet
  facet normal -0.0654061 0.00212495 -0.997856
    outer loop
      vertex 32.3524 34.1 1.88443
      vertex 32.3474 33.9461 1.88443
      vertex 30.7836 34.0486 1.98715
    endloop
  endfacet
  facet normal -0.0654073 0.00216328 -0.997856
    outer loop
      vertex 30.7853 34.1 1.98715
      vertex 32.3524 34.1 1.88443
      vertex 30.7836 34.0486 1.98715
    endloop
  endfacet
  facet normal -0.0378985 -0.124972 -0.991436
    outer loop
      vertex 31.0119 37.8763 1.67944
      vertex 30.7562 36.3276 1.88443
      vertex 30.6088 36.3723 1.88443
    endloop
  endfacet
  facet normal -0.0296132 -0.127192 -0.991436
    outer loop
      vertex 31.0119 37.8763 1.67944
      vertex 30.6088 36.3723 1.88443
      vertex 30.4589 36.4072 1.88443
    endloop
  endfacet
  facet normal 0.219834 0.23472 -0.946879
    outer loop
      vertex 25.0737 29.1737 0.966568
      vertex 25.4064 28.8621 0.966568
      vertex 24.0221 28.1221 0.461741
    endloop
  endfacet
  facet normal 0.164242 0.200184 -0.965894
    outer loop
      vertex 26.4067 30.0026 1.37305
      vertex 26.6824 29.7764 1.37305
      vertex 25.7589 28.5728 0.966568
    endloop
  endfacet
  facet normal 0.165763 0.103048 -0.980767
    outer loop
      vertex 26.7494 31.928 1.67944
      vertex 25.4686 31.0722 1.37305
      vertex 25.2803 31.3751 1.37305
    endloop
  endfacet
  facet normal 0.219925 0.136718 -0.965889
    outer loop
      vertex 25.2803 31.3751 1.37305
      vertex 25.4686 31.0722 1.37305
      vertex 24.2073 30.2294 0.966568
    endloop
  endfacet
  facet normal -0.0308358 -0.0577215 -0.997856
    outer loop
      vertex 31.0404 36.2098 1.88443
      vertex 30.3926 34.7801 1.98715
      vertex 30.3473 34.8043 1.98715
    endloop
  endfacet
  facet normal 0.0555863 0.0345341 -0.997856
    outer loop
      vertex 29.3471 33.6637 1.98715
      vertex 28.044 32.7931 1.88443
      vertex 27.9628 32.9238 1.88443
    endloop
  endfacet
  facet normal -0.0149111 -0.0637225 -0.997856
    outer loop
      vertex 30.4589 36.4072 1.88443
      vertex 30.2032 34.8585 1.98715
      vertex 30.1532 34.8702 1.98715
    endloop
  endfacet
  facet normal 0.0912161 0.242353 -0.965891
    outer loop
      vertex 28.2482 28.9394 1.37305
      vertex 27.7606 27.5029 0.966568
      vertex 27.3339 27.6635 0.966568
    endloop
  endfacet
  facet normal 0.068753 0.18268 -0.980766
    outer loop
      vertex 28.5039 30.4881 1.67944
      vertex 28.7433 30.398 1.67944
      vertex 28.2482 28.9394 1.37305
    endloop
  endfacet
  facet normal 0.0538777 0.118955 -0.991437
    outer loop
      vertex 28.9596 31.9902 1.88443
      vertex 29.0998 31.9267 1.88443
      vertex 28.5039 30.4881 1.67944
    endloop
  endfacet
  facet normal 0.0460748 0.122187 -0.991437
    outer loop
      vertex 29.0998 31.9267 1.88443
      vertex 29.2438 31.8724 1.88443
      vertex 28.5039 30.4881 1.67944
    endloop
  endfacet
  facet normal 0.103055 0.165758 -0.980767
    outer loop
      vertex 27.828 30.8494 1.67944
      vertex 28.0453 30.7143 1.67944
      vertex 26.9722 29.5686 1.37305
    endloop
  endfacet
  facet normal 0.106894 0.235865 -0.965889
    outer loop
      vertex 27.5896 29.2122 1.37305
      vertex 27.9144 29.065 1.37305
      vertex 27.3339 27.6635 0.966568
    endloop
  endfacet
  facet normal 0.0414644 0.0506222 -0.997857
    outer loop
      vertex 29.4822 33.5096 1.98715
      vertex 29.522 33.477 1.98715
      vertex 28.5679 32.2337 1.88443
    endloop
  endfacet
  facet normal 0.337658 0.18049 -0.923802
    outer loop
      vertex 21.4785 29.7548 0
      vertex 22.4178 30.3609 0.461741
      vertex 22.6786 29.873 0.461741
    endloop
  endfacet
  facet normal 0.337737 0.180365 -0.923798
    outer loop
      vertex 22.4178 30.3609 0.461741
      vertex 21.4785 29.7548 0
      vertex 21.4181 29.8679 0
    endloop
  endfacet
  facet normal 0.283623 0.151607 -0.946876
    outer loop
      vertex 23.7516 31.0186 0.966568
      vertex 22.6786 29.873 0.461741
      vertex 22.4178 30.3609 0.461741
    endloop
  endfacet
  facet normal 0.150837 0.21049 -0.965889
    outer loop
      vertex 26.9722 29.5686 1.37305
      vertex 26.1294 28.3073 0.966568
      vertex 25.7589 28.5728 0.966568
    endloop
  endfacet
  facet normal 0.187303 0.261422 -0.946877
    outer loop
      vertex 25.7589 28.5728 0.966568
      vertex 25.3032 27.0708 0.461741
      vertex 24.8535 27.393 0.461741
    endloop
  endfacet
  facet normal 0.111161 0.366361 -0.923809
    outer loop
      vertex 27.0469 25.0019 0
      vertex 27.2826 26.0947 0.461741
      vertex 27.8119 25.9341 0.461741
    endloop
  endfacet
  facet normal 0.111079 0.36638 -0.923811
    outer loop
      vertex 27.2826 26.0947 0.461741
      vertex 27.0469 25.0019 0
      vertex 26.9242 25.0391 0
    endloop
  endfacet
  facet normal 0.0730753 0.31318 -0.946878
    outer loop
      vertex 28.1968 27.3706 0.966568
      vertex 28.6408 27.267 0.966568
      vertex 27.8119 25.9341 0.461741
    endloop
  endfacet
  facet normal 0.0805708 0.177781 -0.980766
    outer loop
      vertex 28.5039 30.4881 1.67944
      vertex 27.9144 29.065 1.37305
      vertex 27.5896 29.2122 1.37305
    endloop
  endfacet
  facet normal 0.0805731 0.17778 -0.980766
    outer loop
      vertex 28.2709 30.5937 1.67944
      vertex 28.5039 30.4881 1.67944
      vertex 27.5896 29.2122 1.37305
    endloop
  endfacet
  facet normal 0.0751591 0.247803 -0.965891
    outer loop
      vertex 28.2482 28.9394 1.37305
      vertex 28.1968 27.3706 0.966568
      vertex 27.7606 27.5029 0.966568
    endloop
  endfacet
  facet normal 0.0751471 0.247804 -0.965891
    outer loop
      vertex 28.2482 28.9394 1.37305
      vertex 28.5895 28.8359 1.37305
      vertex 28.1968 27.3706 0.966568
    endloop
  endfacet
  facet normal 0.295947 0.242893 -0.923807
    outer loop
      vertex 23.6439 28.5259 0.461741
      vertex 22.8058 27.7909 0
      vertex 22.4899 28.1758 0
    endloop
  endfacet
  facet normal 0.23472 0.219834 -0.946879
    outer loop
      vertex 24.7621 29.5064 0.966568
      vertex 25.0737 29.1737 0.966568
      vertex 24.0221 28.1221 0.461741
    endloop
  endfacet
  facet normal 0.188995 0.177015 -0.965891
    outer loop
      vertex 25.9026 30.5067 1.37305
      vertex 26.1464 30.2464 1.37305
      vertex 24.7621 29.5064 0.966568
    endloop
  endfacet
  facet normal 0.0315317 0.320044 -0.946878
    outer loop
      vertex 29.5443 27.1481 0.966568
      vertex 29.4471 25.6641 0.461741
      vertex 29.0906 27.1928 0.966568
    endloop
  endfacet
  facet normal 0.0253904 0.25771 -0.965889
    outer loop
      vertex 29.6436 28.6618 1.37305
      vertex 29.5443 27.1481 0.966568
      vertex 29.0906 27.1928 0.966568
    endloop
  endfacet
  facet normal -0.180442 0.337665 -0.923809
    outer loop
      vertex 34.7844 25.8132 0
      vertex 34.3452 25.5785 0
      vertex 34.227 26.7786 0.461741
    endloop
  endfacet
  facet normal -0.202268 0.325063 -0.923808
    outer loop
      vertex 34.227 26.7786 0.461741
      vertex 34.8932 25.8809 0
      vertex 34.7844 25.8132 0
    endloop
  endfacet
  facet normal -0.202206 0.325108 -0.923806
    outer loop
      vertex 34.8932 25.8809 0
      vertex 34.227 26.7786 0.461741
      vertex 34.6968 27.0708 0.461741
    endloop
  endfacet
  facet normal -0.222965 0.311229 -0.923809
    outer loop
      vertex 35.7209 26.4339 0
      vertex 35.3161 26.1439 0
      vertex 34.6968 27.0708 0.461741
    endloop
  endfacet
  facet normal -0.0447399 -0.0477594 -0.997856
    outer loop
      vertex 31.5511 35.8686 1.88443
      vertex 31.6634 35.7634 1.88443
      vertex 30.5178 34.6904 1.98715
    endloop
  endfacet
  facet normal -0.103055 0.165758 -0.980767
    outer loop
      vertex 32.172 30.8494 1.67944
      vertex 33.0278 29.5686 1.37305
      vertex 31.9547 30.7143 1.67944
    endloop
  endfacet
  facet normal -0.0689542 0.110909 -0.991436
    outer loop
      vertex 32.172 30.8494 1.67944
      vertex 31.9547 30.7143 1.67944
      vertex 31.3069 32.144 1.88443
    endloop
  endfacet
  facet normal -0.0953081 0.0892824 -0.991436
    outer loop
      vertex 31.7686 32.5489 1.88443
      vertex 32.9393 31.5223 1.67944
      vertex 31.6634 32.4366 1.88443
    endloop
  endfacet
  facet normal -0.04776 0.0447405 -0.997856
    outer loop
      vertex 31.7686 32.5489 1.88443
      vertex 31.6634 32.4366 1.88443
      vertex 30.5553 33.5447 1.98715
    endloop
  endfacet
  facet normal -0.200192 0.164249 -0.965891
    outer loop
      vertex 34.3236 30.7824 1.37305
      vertex 35.2379 29.5064 0.966568
      vertex 34.0974 30.5067 1.37305
    endloop
  endfacet
  facet normal -0.150901 0.123807 -0.980765
    outer loop
      vertex 34.3236 30.7824 1.37305
      vertex 34.0974 30.5067 1.37305
      vertex 32.9393 31.5223 1.67944
    endloop
  endfacet
  facet normal -0.0447213 -0.0477792 -0.997856
    outer loop
      vertex 31.6634 35.7634 1.88443
      vertex 30.5553 34.6553 1.98715
      vertex 30.5178 34.6904 1.98715
    endloop
  endfacet
  facet normal -0.0538777 -0.118955 -0.991437
    outer loop
      vertex 31.4961 37.7119 1.67944
      vertex 31.0404 36.2098 1.88443
      vertex 30.9002 36.2733 1.88443
    endloop
  endfacet
  facet normal -0.0460748 -0.122187 -0.991437
    outer loop
      vertex 31.4961 37.7119 1.67944
      vertex 30.9002 36.2733 1.88443
      vertex 30.7562 36.3276 1.88443
    endloop
  endfacet
  facet normal 0.0315039 -0.320038 -0.946881
    outer loop
      vertex 29.4471 42.5359 0.461741
      vertex 29.0906 41.0072 0.966568
      vertex 28.8965 42.4817 0.461741
    endloop
  endfacet
  facet normal 0.0375085 -0.381036 -0.923799
    outer loop
      vertex 28.8965 42.4817 0.461741
      vertex 28.8786 43.5994 0
      vertex 29.4471 42.5359 0.461741
    endloop
  endfacet
  facet normal 0.0373277 -0.381041 -0.923804
    outer loop
      vertex 28.8786 43.5994 0
      vertex 28.8965 42.4817 0.461741
      vertex 28.751 43.5869 0
    endloop
  endfacet
  facet normal 0.242358 -0.0912179 -0.965889
    outer loop
      vertex 23.5635 36.7661 0.966568
      vertex 24.965 36.1856 1.37305
      vertex 23.4029 36.3394 0.966568
    endloop
  endfacet
  facet normal 0.300977 -0.113281 -0.946879
    outer loop
      vertex 23.5635 36.7661 0.966568
      vertex 23.4029 36.3394 0.966568
      vertex 22.1895 37.3352 0.461741
    endloop
  endfacet
  facet normal 0.273098 -0.16984 -0.946875
    outer loop
      vertex 24.2073 37.9706 0.966568
      vertex 23.9665 37.5834 0.966568
      vertex 22.9708 38.7968 0.461741
    endloop
  endfacet
  facet normal 0.219899 -0.136756 -0.965889
    outer loop
      vertex 24.2073 37.9706 0.966568
      vertex 25.4686 37.1278 1.37305
      vertex 23.9665 37.5834 0.966568
    endloop
  endfacet
  facet normal -0.0414644 -0.0506222 -0.997857
    outer loop
      vertex 31.4321 35.9663 1.88443
      vertex 30.5178 34.6904 1.98715
      vertex 30.478 34.723 1.98715
    endloop
  endfacet
  facet normal -0.0148388 -0.0637345 -0.997857
    outer loop
      vertex 30.4589 36.4072 1.88443
      vertex 30.6088 36.3723 1.88443
      vertex 30.2032 34.8585 1.98715
    endloop
  endfacet
  facet normal -0.0381122 -0.0531957 -0.997857
    outer loop
      vertex 31.3069 36.056 1.88443
      vertex 31.4321 35.9663 1.88443
      vertex 30.4363 34.7529 1.98715
    endloop
  endfacet
  facet normal 0.234717 0.219836 -0.946879
    outer loop
      vertex 24.7621 29.5064 0.966568
      vertex 24.0221 28.1221 0.461741
      vertex 23.6439 28.5259 0.461741
    endloop
  endfacet
  facet normal 0.142461 0.133431 -0.980766
    outer loop
      vertex 27.0607 31.5223 1.67944
      vertex 26.1464 30.2464 1.37305
      vertex 25.9026 30.5067 1.37305
    endloop
  endfacet
  facet normal 0.123813 0.150895 -0.980765
    outer loop
      vertex 27.4223 31.1607 1.67944
      vertex 27.6201 30.9984 1.67944
      vertex 26.4067 30.0026 1.37305
    endloop
  endfacet
  facet normal 0.133445 0.142449 -0.980765
    outer loop
      vertex 27.2356 31.3356 1.67944
      vertex 27.4223 31.1607 1.67944
      vertex 26.4067 30.0026 1.37305
    endloop
  endfacet
  facet normal 0.292937 0.13272 -0.946876
    outer loop
      vertex 23.7516 31.0186 0.966568
      vertex 22.4178 30.3609 0.461741
      vertex 22.1895 30.8648 0.461741
    endloop
  endfacet
  facet normal 0.348608 0.158322 -0.9238
    outer loop
      vertex 21.3651 29.9846 0
      vertex 22.4178 30.3609 0.461741
      vertex 21.4181 29.8679 0
    endloop
  endfacet
  facet normal 0.348729 0.157997 -0.92381
    outer loop
      vertex 22.4178 30.3609 0.461741
      vertex 21.3651 29.9846 0
      vertex 22.1895 30.8648 0.461741
    endloop
  endfacet
  facet normal 0.242892 0.295945 -0.923808
    outer loop
      vertex 24.8535 27.393 0.461741
      vertex 24.1749 26.5086 0
      vertex 23.79 26.8245 0
    endloop
  endfacet
  facet normal 0.169851 0.273086 -0.946876
    outer loop
      vertex 26.5166 28.0665 0.966568
      vertex 25.773 26.7786 0.461741
      vertex 25.3032 27.0708 0.461741
    endloop
  endfacet
  facet normal 0.122076 0.228359 -0.965893
    outer loop
      vertex 27.5896 29.2122 1.37305
      vertex 26.9186 27.8516 0.966568
      vertex 26.5166 28.0665 0.966568
    endloop
  endfacet
  facet normal 0.136711 0.219914 -0.965892
    outer loop
      vertex 26.9722 29.5686 1.37305
      vertex 27.2751 29.3803 1.37305
      vertex 26.5166 28.0665 0.966568
    endloop
  endfacet
  facet normal 0.0869456 0.372844 -0.923812
    outer loop
      vertex 27.8119 25.9341 0.461741
      vertex 28.0084 24.7442 0
      vertex 27.5234 24.8573 0
    endloop
  endfacet
  facet normal 0.0869412 0.372861 -0.923805
    outer loop
      vertex 28.0084 24.7442 0
      vertex 28.3507 25.8084 0.461741
      vertex 28.1332 24.7151 0
    endloop
  endfacet
  facet normal 0.086984 0.372848 -0.923806
    outer loop
      vertex 28.3507 25.8084 0.461741
      vertex 28.0084 24.7442 0
      vertex 27.8119 25.9341 0.461741
    endloop
  endfacet
  facet normal 0.132715 0.292927 -0.946879
    outer loop
      vertex 27.3339 27.6635 0.966568
      vertex 26.7648 26.2895 0.461741
      vertex 26.2609 26.5178 0.461741
    endloop
  endfacet
  facet normal 0.157953 0.34875 -0.92381
    outer loop
      vertex 26.2214 25.3125 0
      vertex 26.7648 26.2895 0.461741
      vertex 26.3382 25.2596 0
    endloop
  endfacet
  facet normal 0.157996 0.348727 -0.923811
    outer loop
      vertex 26.7648 26.2895 0.461741
      vertex 26.2214 25.3125 0
      vertex 26.2609 26.5178 0.461741
    endloop
  endfacet
  facet normal 0.122064 0.22837 -0.965892
    outer loop
      vertex 27.2751 29.3803 1.37305
      vertex 27.5896 29.2122 1.37305
      vertex 26.5166 28.0665 0.966568
    endloop
  endfacet
  facet normal 0.0920087 0.17214 -0.980766
    outer loop
      vertex 28.2709 30.5937 1.67944
      vertex 27.5896 29.2122 1.37305
      vertex 27.2751 29.3803 1.37305
    endloop
  endfacet
  facet normal 0.261746 0.279432 -0.9238
    outer loop
      vertex 24.0221 28.1221 0.461741
      vertex 23.5973 26.9935 0
      vertex 23.2339 27.3339 0
    endloop
  endfacet
  facet normal 0.261776 0.279387 -0.923806
    outer loop
      vertex 23.5973 26.9935 0
      vertex 24.4259 27.7439 0.461741
      vertex 23.6909 26.9058 0
    endloop
  endfacet
  facet normal 0.261725 0.279441 -0.923803
    outer loop
      vertex 24.4259 27.7439 0.461741
      vertex 23.5973 26.9935 0
      vertex 24.0221 28.1221 0.461741
    endloop
  endfacet
  facet normal -0.0189908 -0.0626228 -0.997857
    outer loop
      vertex 30.6088 36.3723 1.88443
      vertex 30.7562 36.3276 1.88443
      vertex 30.2524 34.8436 1.98715
    endloop
  endfacet
  facet normal -0.0230483 -0.06125 -0.997856
    outer loop
      vertex 30.9002 36.2733 1.88443
      vertex 30.3005 34.8255 1.98715
      vertex 30.2524 34.8436 1.98715
    endloop
  endfacet
  facet normal -0.21049 0.150837 -0.965889
    outer loop
      vertex 35.7927 30.2294 0.966568
      vertex 35.5272 29.8589 0.966568
      vertex 34.5314 31.0722 1.37305
    endloop
  endfacet
  facet normal -0.219925 0.136718 -0.965889
    outer loop
      vertex 34.7197 31.3751 1.37305
      vertex 35.7927 30.2294 0.966568
      vertex 34.5314 31.0722 1.37305
    endloop
  endfacet
  facet normal -0.142461 0.133431 -0.980766
    outer loop
      vertex 34.0974 30.5067 1.37305
      vertex 33.8536 30.2464 1.37305
      vertex 32.9393 31.5223 1.67944
    endloop
  endfacet
  facet normal -0.188995 0.177015 -0.965891
    outer loop
      vertex 34.0974 30.5067 1.37305
      vertex 35.2379 29.5064 0.966568
      vertex 33.8536 30.2464 1.37305
    endloop
  endfacet
  facet normal 0.210476 -0.150827 -0.965894
    outer loop
      vertex 24.4728 38.3411 0.966568
      vertex 25.6764 37.4176 1.37305
      vertex 24.2073 37.9706 0.966568
    endloop
  endfacet
  facet normal 0.20016 -0.164273 -0.965894
    outer loop
      vertex 24.7621 38.6936 0.966568
      vertex 25.6764 37.4176 1.37305
      vertex 24.4728 38.3411 0.966568
    endloop
  endfacet
  facet normal 0.20016 0.164273 -0.965894
    outer loop
      vertex 25.6764 30.7824 1.37305
      vertex 24.7621 29.5064 0.966568
      vertex 24.4728 29.8589 0.966568
    endloop
  endfacet
  facet normal 0.248592 0.204021 -0.946878
    outer loop
      vertex 24.4728 29.8589 0.966568
      vertex 24.7621 29.5064 0.966568
      vertex 23.293 28.9535 0.461741
    endloop
  endfacet
  facet normal 0.222977 0.311212 -0.923812
    outer loop
      vertex 24.2791 26.4339 0
      vertex 24.8535 27.393 0.461741
      vertex 25.3032 27.0708 0.461741
    endloop
  endfacet
  facet normal 0.223066 0.311158 -0.923809
    outer loop
      vertex 24.8535 27.393 0.461741
      vertex 24.2791 26.4339 0
      vertex 24.1749 26.5086 0
    endloop
  endfacet
  facet normal 0.222965 0.311229 -0.923809
    outer loop
      vertex 25.3032 27.0708 0.461741
      vertex 24.6839 26.1439 0
      vertex 24.2791 26.4339 0
    endloop
  endfacet
  facet normal 0.16984 0.273098 -0.946875
    outer loop
      vertex 26.1294 28.3073 0.966568
      vertex 26.5166 28.0665 0.966568
      vertex 25.3032 27.0708 0.461741
    endloop
  endfacet
  facet normal 0.136756 0.219899 -0.965889
    outer loop
      vertex 26.9722 29.5686 1.37305
      vertex 26.5166 28.0665 0.966568
      vertex 26.1294 28.3073 0.966568
    endloop
  endfacet
  facet normal 0.151616 0.283619 -0.946875
    outer loop
      vertex 26.5166 28.0665 0.966568
      vertex 26.9186 27.8516 0.966568
      vertex 26.2609 26.5178 0.461741
    endloop
  endfacet
  facet normal 0.132686 0.292953 -0.946875
    outer loop
      vertex 26.9186 27.8516 0.966568
      vertex 27.3339 27.6635 0.966568
      vertex 26.2609 26.5178 0.461741
    endloop
  endfacet
  facet normal 0.134813 0.358348 -0.923803
    outer loop
      vertex 26.4582 25.2145 0
      vertex 26.7648 26.2895 0.461741
      vertex 27.2826 26.0947 0.461741
    endloop
  endfacet
  facet normal 0.134693 0.358384 -0.923807
    outer loop
      vertex 26.7648 26.2895 0.461741
      vertex 26.4582 25.2145 0
      vertex 26.3382 25.2596 0
    endloop
  endfacet
  facet normal 0.113236 0.300995 -0.946879
    outer loop
      vertex 27.3339 27.6635 0.966568
      vertex 27.2826 26.0947 0.461741
      vertex 26.7648 26.2895 0.461741
    endloop
  endfacet
  facet normal 0.177012 0.188998 -0.965892
    outer loop
      vertex 26.4067 30.0026 1.37305
      vertex 25.4064 28.8621 0.966568
      vertex 25.0737 29.1737 0.966568
    endloop
  endfacet
  facet normal 0.177014 0.188994 -0.965892
    outer loop
      vertex 26.1464 30.2464 1.37305
      vertex 26.4067 30.0026 1.37305
      vertex 25.0737 29.1737 0.966568
    endloop
  endfacet
  facet normal -0.671478 0.741024 0
    outer loop
      vertex 31.2021 18.7979 2.6
      vertex 31.0785 18.6859 5.6
      vertex 31.2021 18.7979 5.6
    endloop
  endfacet
  facet normal -0.671478 0.741024 0
    outer loop
      vertex 31.0785 18.6859 5.6
      vertex 31.2021 18.7979 2.6
      vertex 31.0785 18.6859 2.6
    endloop
  endfacet
  facet normal -0.671478 0.741024 0
    outer loop
      vertex 31.2021 18.7979 8.4
      vertex 31.0785 18.6859 11.5
      vertex 31.2021 18.7979 11.5
    endloop
  endfacet
  facet normal -0.671478 0.741024 0
    outer loop
      vertex 31.0785 18.6859 11.5
      vertex 31.2021 18.7979 8.4
      vertex 31.0785 18.6859 8.4
    endloop
  endfacet
  facet normal -0.989168 -0.146788 0
    outer loop
      vertex 31.6918 20.1666 2.6
      vertex 31.6673 20.3317 5.6
      vertex 31.6673 20.3317 2.6
    endloop
  endfacet
  facet normal -0.989168 -0.146788 0
    outer loop
      vertex 31.6673 20.3317 5.6
      vertex 31.6918 20.1666 2.6
      vertex 31.6918 20.1666 5.6
    endloop
  endfacet
  facet normal -0.989168 -0.146788 0
    outer loop
      vertex 31.6918 20.1666 8.4
      vertex 31.6673 20.3317 11.5
      vertex 31.6673 20.3317 8.4
    endloop
  endfacet
  facet normal -0.989168 -0.146788 0
    outer loop
      vertex 31.6673 20.3317 11.5
      vertex 31.6918 20.1666 8.4
      vertex 31.6918 20.1666 11.5
    endloop
  endfacet
  facet normal -0.998791 -0.0491602 0
    outer loop
      vertex 31.7 20 2.6
      vertex 31.6918 20.1666 5.6
      vertex 31.6918 20.1666 2.6
    endloop
  endfacet
  facet normal -0.998791 -0.0491602 0
    outer loop
      vertex 31.6918 20.1666 5.6
      vertex 31.7 20 2.6
      vertex 31.7 20 5.6
    endloop
  endfacet
  facet normal -0.998791 -0.0491602 0
    outer loop
      vertex 31.7 20 8.4
      vertex 31.6918 20.1666 11.5
      vertex 31.6918 20.1666 8.4
    endloop
  endfacet
  facet normal -0.998791 -0.0491602 0
    outer loop
      vertex 31.6918 20.1666 11.5
      vertex 31.7 20 8.4
      vertex 31.7 20 11.5
    endloop
  endfacet
  facet normal -0.970072 -0.242818 0
    outer loop
      vertex 31.6673 20.3317 2.6
      vertex 31.6268 20.4935 5.6
      vertex 31.6268 20.4935 2.6
    endloop
  endfacet
  facet normal -0.970072 -0.242818 0
    outer loop
      vertex 31.6268 20.4935 5.6
      vertex 31.6673 20.3317 2.6
      vertex 31.6673 20.3317 5.6
    endloop
  endfacet
  facet normal -0.970072 -0.242818 0
    outer loop
      vertex 31.6673 20.3317 8.4
      vertex 31.6268 20.4935 11.5
      vertex 31.6268 20.4935 8.4
    endloop
  endfacet
  facet normal -0.970072 -0.242818 0
    outer loop
      vertex 31.6268 20.4935 11.5
      vertex 31.6673 20.3317 8.4
      vertex 31.6673 20.3317 11.5
    endloop
  endfacet
  facet normal -0.427442 0.904043 0
    outer loop
      vertex 30.8014 18.5007 2.6
      vertex 30.6506 18.4294 5.6
      vertex 30.8014 18.5007 5.6
    endloop
  endfacet
  facet normal -0.427442 0.904043 0
    outer loop
      vertex 30.6506 18.4294 5.6
      vertex 30.8014 18.5007 2.6
      vertex 30.6506 18.4294 2.6
    endloop
  endfacet
  facet normal -0.427442 0.904043 0
    outer loop
      vertex 30.8014 18.5007 8.4
      vertex 30.6506 18.4294 11.5
      vertex 30.8014 18.5007 11.5
    endloop
  endfacet
  facet normal -0.427442 0.904043 0
    outer loop
      vertex 30.6506 18.4294 11.5
      vertex 30.8014 18.5007 8.4
      vertex 30.6506 18.4294 8.4
    endloop
  endfacet
  facet normal 0.0491602 -0.998791 0
    outer loop
      vertex 29.8334 21.6918 2.6
      vertex 30 21.7 5.6
      vertex 29.8334 21.6918 5.6
    endloop
  endfacet
  facet normal 0.0491602 -0.998791 0
    outer loop
      vertex 30 21.7 5.6
      vertex 29.8334 21.6918 2.6
      vertex 30 21.7 2.6
    endloop
  endfacet
  facet normal 0.0491602 -0.998791 0
    outer loop
      vertex 29.8334 21.6918 8.4
      vertex 30 21.7 11.5
      vertex 29.8334 21.6918 11.5
    endloop
  endfacet
  facet normal 0.0491602 -0.998791 0
    outer loop
      vertex 30 21.7 11.5
      vertex 29.8334 21.6918 8.4
      vertex 30 21.7 8.4
    endloop
  endfacet
  facet normal 0.427442 -0.904043 0
    outer loop
      vertex 29.1986 21.4993 2.6
      vertex 29.3494 21.5706 5.6
      vertex 29.1986 21.4993 5.6
    endloop
  endfacet
  facet normal 0.427442 -0.904043 0
    outer loop
      vertex 29.3494 21.5706 5.6
      vertex 29.1986 21.4993 2.6
      vertex 29.3494 21.5706 2.6
    endloop
  endfacet
  facet normal 0.427442 -0.904043 0
    outer loop
      vertex 29.1986 21.4993 8.4
      vertex 29.3494 21.5706 11.5
      vertex 29.1986 21.4993 11.5
    endloop
  endfacet
  facet normal 0.427442 -0.904043 0
    outer loop
      vertex 29.3494 21.5706 11.5
      vertex 29.1986 21.4993 8.4
      vertex 29.3494 21.5706 8.4
    endloop
  endfacet
  facet normal -0.741024 -0.671478 0
    outer loop
      vertex 31.3141 21.0785 2.6
      vertex 31.2021 21.2021 5.6
      vertex 31.2021 21.2021 2.6
    endloop
  endfacet
  facet normal -0.741024 -0.671478 0
    outer loop
      vertex 31.2021 21.2021 5.6
      vertex 31.3141 21.0785 2.6
      vertex 31.3141 21.0785 5.6
    endloop
  endfacet
  facet normal -0.741024 -0.671478 0
    outer loop
      vertex 31.3141 21.0785 8.4
      vertex 31.2021 21.2021 11.5
      vertex 31.2021 21.2021 8.4
    endloop
  endfacet
  facet normal -0.741024 -0.671478 0
    outer loop
      vertex 31.2021 21.2021 11.5
      vertex 31.3141 21.0785 8.4
      vertex 31.3141 21.0785 11.5
    endloop
  endfacet
  facet normal 0.146788 0.989168 -0
    outer loop
      vertex 29.8334 18.3082 2.6
      vertex 29.6683 18.3327 5.6
      vertex 29.8334 18.3082 5.6
    endloop
  endfacet
  facet normal 0.146788 0.989168 0
    outer loop
      vertex 29.6683 18.3327 5.6
      vertex 29.8334 18.3082 2.6
      vertex 29.6683 18.3327 2.6
    endloop
  endfacet
  facet normal 0.146788 0.989168 -0
    outer loop
      vertex 29.8334 18.3082 8.4
      vertex 29.6683 18.3327 11.5
      vertex 29.8334 18.3082 11.5
    endloop
  endfacet
  facet normal 0.146788 0.989168 0
    outer loop
      vertex 29.6683 18.3327 11.5
      vertex 29.8334 18.3082 8.4
      vertex 29.6683 18.3327 8.4
    endloop
  endfacet
  facet normal -0.427442 -0.904043 0
    outer loop
      vertex 30.6506 21.5706 2.6
      vertex 30.8014 21.4993 5.6
      vertex 30.6506 21.5706 5.6
    endloop
  endfacet
  facet normal -0.427442 -0.904043 -0
    outer loop
      vertex 30.8014 21.4993 5.6
      vertex 30.6506 21.5706 2.6
      vertex 30.8014 21.4993 2.6
    endloop
  endfacet
  facet normal -0.427442 -0.904043 0
    outer loop
      vertex 30.6506 21.5706 8.4
      vertex 30.8014 21.4993 11.5
      vertex 30.6506 21.5706 11.5
    endloop
  endfacet
  facet normal -0.427442 -0.904043 -0
    outer loop
      vertex 30.8014 21.4993 11.5
      vertex 30.6506 21.5706 8.4
      vertex 30.8014 21.4993 8.4
    endloop
  endfacet
  facet normal 0.146788 -0.989168 0
    outer loop
      vertex 29.6683 21.6673 2.6
      vertex 29.8334 21.6918 5.6
      vertex 29.6683 21.6673 5.6
    endloop
  endfacet
  facet normal 0.146788 -0.989168 0
    outer loop
      vertex 29.8334 21.6918 5.6
      vertex 29.6683 21.6673 2.6
      vertex 29.8334 21.6918 2.6
    endloop
  endfacet
  facet normal 0.146788 -0.989168 0
    outer loop
      vertex 29.6683 21.6673 8.4
      vertex 29.8334 21.6918 11.5
      vertex 29.6683 21.6673 11.5
    endloop
  endfacet
  facet normal 0.146788 -0.989168 0
    outer loop
      vertex 29.8334 21.6918 11.5
      vertex 29.6683 21.6673 8.4
      vertex 29.8334 21.6918 8.4
    endloop
  endfacet
  facet normal -0.242818 0.970072 0
    outer loop
      vertex 30.4935 18.3732 2.6
      vertex 30.3317 18.3327 5.6
      vertex 30.4935 18.3732 5.6
    endloop
  endfacet
  facet normal -0.242818 0.970072 0
    outer loop
      vertex 30.3317 18.3327 5.6
      vertex 30.4935 18.3732 2.6
      vertex 30.3317 18.3327 2.6
    endloop
  endfacet
  facet normal -0.242818 0.970072 0
    outer loop
      vertex 30.4935 18.3732 8.4
      vertex 30.3317 18.3327 11.5
      vertex 30.4935 18.3732 11.5
    endloop
  endfacet
  facet normal -0.242818 0.970072 0
    outer loop
      vertex 30.3317 18.3327 11.5
      vertex 30.4935 18.3732 8.4
      vertex 30.3317 18.3327 8.4
    endloop
  endfacet
  facet normal 0.595772 -0.803154 0
    outer loop
      vertex 28.9215 21.3141 2.6
      vertex 29.0555 21.4135 5.6
      vertex 28.9215 21.3141 5.6
    endloop
  endfacet
  facet normal 0.595772 -0.803154 0
    outer loop
      vertex 29.0555 21.4135 5.6
      vertex 28.9215 21.3141 2.6
      vertex 29.0555 21.4135 2.6
    endloop
  endfacet
  facet normal 0.595772 -0.803154 0
    outer loop
      vertex 28.9215 21.3141 8.4
      vertex 29.0555 21.4135 11.5
      vertex 28.9215 21.3141 11.5
    endloop
  endfacet
  facet normal 0.595772 -0.803154 0
    outer loop
      vertex 29.0555 21.4135 11.5
      vertex 28.9215 21.3141 8.4
      vertex 29.0555 21.4135 8.4
    endloop
  endfacet
  facet normal 0.904043 -0.427442 0
    outer loop
      vertex 28.4294 20.6506 5.6
      vertex 28.5007 20.8014 2.6
      vertex 28.5007 20.8014 5.6
    endloop
  endfacet
  facet normal 0.904043 -0.427442 0
    outer loop
      vertex 28.5007 20.8014 2.6
      vertex 28.4294 20.6506 5.6
      vertex 28.4294 20.6506 2.6
    endloop
  endfacet
  facet normal 0.904043 -0.427442 0
    outer loop
      vertex 28.4294 20.6506 11.5
      vertex 28.5007 20.8014 8.4
      vertex 28.5007 20.8014 11.5
    endloop
  endfacet
  facet normal 0.904043 -0.427442 0
    outer loop
      vertex 28.5007 20.8014 8.4
      vertex 28.4294 20.6506 11.5
      vertex 28.4294 20.6506 8.4
    endloop
  endfacet
  facet normal 0.427442 0.904043 -0
    outer loop
      vertex 29.3494 18.4294 2.6
      vertex 29.1986 18.5007 5.6
      vertex 29.3494 18.4294 5.6
    endloop
  endfacet
  facet normal 0.427442 0.904043 0
    outer loop
      vertex 29.1986 18.5007 5.6
      vertex 29.3494 18.4294 2.6
      vertex 29.1986 18.5007 2.6
    endloop
  endfacet
  facet normal 0.427442 0.904043 -0
    outer loop
      vertex 29.3494 18.4294 8.4
      vertex 29.1986 18.5007 11.5
      vertex 29.3494 18.4294 11.5
    endloop
  endfacet
  facet normal 0.427442 0.904043 0
    outer loop
      vertex 29.1986 18.5007 11.5
      vertex 29.3494 18.4294 8.4
      vertex 29.1986 18.5007 8.4
    endloop
  endfacet
  facet normal -0.33683 0.941566 0
    outer loop
      vertex 30.6506 18.4294 2.6
      vertex 30.4935 18.3732 5.6
      vertex 30.6506 18.4294 5.6
    endloop
  endfacet
  facet normal -0.33683 0.941566 0
    outer loop
      vertex 30.4935 18.3732 5.6
      vertex 30.6506 18.4294 2.6
      vertex 30.4935 18.3732 2.6
    endloop
  endfacet
  facet normal -0.33683 0.941566 0
    outer loop
      vertex 30.6506 18.4294 8.4
      vertex 30.4935 18.3732 11.5
      vertex 30.6506 18.4294 11.5
    endloop
  endfacet
  facet normal -0.33683 0.941566 0
    outer loop
      vertex 30.4935 18.3732 11.5
      vertex 30.6506 18.4294 8.4
      vertex 30.4935 18.3732 8.4
    endloop
  endfacet
  facet normal 0.595772 0.803154 -0
    outer loop
      vertex 29.0555 18.5865 2.6
      vertex 28.9215 18.6859 5.6
      vertex 29.0555 18.5865 5.6
    endloop
  endfacet
  facet normal 0.595772 0.803154 0
    outer loop
      vertex 28.9215 18.6859 5.6
      vertex 29.0555 18.5865 2.6
      vertex 28.9215 18.6859 2.6
    endloop
  endfacet
  facet normal 0.595772 0.803154 -0
    outer loop
      vertex 29.0555 18.5865 8.4
      vertex 28.9215 18.6859 11.5
      vertex 29.0555 18.5865 11.5
    endloop
  endfacet
  facet normal 0.595772 0.803154 0
    outer loop
      vertex 28.9215 18.6859 11.5
      vertex 29.0555 18.5865 8.4
      vertex 28.9215 18.6859 8.4
    endloop
  endfacet
  facet normal 0.904043 0.427442 0
    outer loop
      vertex 28.5007 19.1986 5.6
      vertex 28.4294 19.3494 2.6
      vertex 28.4294 19.3494 5.6
    endloop
  endfacet
  facet normal 0.904043 0.427442 0
    outer loop
      vertex 28.4294 19.3494 2.6
      vertex 28.5007 19.1986 5.6
      vertex 28.5007 19.1986 2.6
    endloop
  endfacet
  facet normal 0.904043 0.427442 0
    outer loop
      vertex 28.5007 19.1986 11.5
      vertex 28.4294 19.3494 8.4
      vertex 28.4294 19.3494 11.5
    endloop
  endfacet
  facet normal 0.904043 0.427442 0
    outer loop
      vertex 28.4294 19.3494 8.4
      vertex 28.5007 19.1986 11.5
      vertex 28.5007 19.1986 8.4
    endloop
  endfacet
  facet normal -0.514231 -0.857652 0
    outer loop
      vertex 30.8014 21.4993 2.6
      vertex 30.9445 21.4135 5.6
      vertex 30.8014 21.4993 5.6
    endloop
  endfacet
  facet normal -0.514231 -0.857652 -0
    outer loop
      vertex 30.9445 21.4135 5.6
      vertex 30.8014 21.4993 2.6
      vertex 30.9445 21.4135 2.6
    endloop
  endfacet
  facet normal -0.514231 -0.857652 0
    outer loop
      vertex 30.8014 21.4993 8.4
      vertex 30.9445 21.4135 11.5
      vertex 30.8014 21.4993 11.5
    endloop
  endfacet
  facet normal -0.514231 -0.857652 -0
    outer loop
      vertex 30.9445 21.4135 11.5
      vertex 30.8014 21.4993 8.4
      vertex 30.9445 21.4135 8.4
    endloop
  endfacet
  facet normal 0.998791 0.0491602 0
    outer loop
      vertex 28.3082 19.8334 5.6
      vertex 28.3 20 2.6
      vertex 28.3 20 5.6
    endloop
  endfacet
  facet normal 0.998791 0.0491602 0
    outer loop
      vertex 28.3 20 2.6
      vertex 28.3082 19.8334 5.6
      vertex 28.3082 19.8334 2.6
    endloop
  endfacet
  facet normal 0.998791 0.0491602 0
    outer loop
      vertex 28.3082 19.8334 11.5
      vertex 28.3 20 8.4
      vertex 28.3 20 11.5
    endloop
  endfacet
  facet normal 0.998791 0.0491602 0
    outer loop
      vertex 28.3 20 8.4
      vertex 28.3082 19.8334 11.5
      vertex 28.3082 19.8334 8.4
    endloop
  endfacet
  facet normal 0.33683 0.941566 -0
    outer loop
      vertex 29.5065 18.3732 2.6
      vertex 29.3494 18.4294 5.6
      vertex 29.5065 18.3732 5.6
    endloop
  endfacet
  facet normal 0.33683 0.941566 0
    outer loop
      vertex 29.3494 18.4294 5.6
      vertex 29.5065 18.3732 2.6
      vertex 29.3494 18.4294 2.6
    endloop
  endfacet
  facet normal 0.33683 0.941566 -0
    outer loop
      vertex 29.5065 18.3732 8.4
      vertex 29.3494 18.4294 11.5
      vertex 29.5065 18.3732 11.5
    endloop
  endfacet
  facet normal 0.33683 0.941566 0
    outer loop
      vertex 29.3494 18.4294 11.5
      vertex 29.5065 18.3732 8.4
      vertex 29.3494 18.4294 8.4
    endloop
  endfacet
  facet normal -0.595772 -0.803154 0
    outer loop
      vertex 30.9445 21.4135 2.6
      vertex 31.0785 21.3141 5.6
      vertex 30.9445 21.4135 5.6
    endloop
  endfacet
  facet normal -0.595772 -0.803154 -0
    outer loop
      vertex 31.0785 21.3141 5.6
      vertex 30.9445 21.4135 2.6
      vertex 31.0785 21.3141 2.6
    endloop
  endfacet
  facet normal -0.595772 -0.803154 0
    outer loop
      vertex 30.9445 21.4135 8.4
      vertex 31.0785 21.3141 11.5
      vertex 30.9445 21.4135 11.5
    endloop
  endfacet
  facet normal -0.595772 -0.803154 -0
    outer loop
      vertex 31.0785 21.3141 11.5
      vertex 30.9445 21.4135 8.4
      vertex 31.0785 21.3141 8.4
    endloop
  endfacet
  facet normal -0.970072 0.242818 0
    outer loop
      vertex 31.6268 19.5065 2.6
      vertex 31.6673 19.6683 5.6
      vertex 31.6673 19.6683 2.6
    endloop
  endfacet
  facet normal -0.970072 0.242818 0
    outer loop
      vertex 31.6673 19.6683 5.6
      vertex 31.6268 19.5065 2.6
      vertex 31.6268 19.5065 5.6
    endloop
  endfacet
  facet normal -0.970072 0.242818 0
    outer loop
      vertex 31.6268 19.5065 8.4
      vertex 31.6673 19.6683 11.5
      vertex 31.6673 19.6683 8.4
    endloop
  endfacet
  facet normal -0.970072 0.242818 0
    outer loop
      vertex 31.6673 19.6683 11.5
      vertex 31.6268 19.5065 8.4
      vertex 31.6268 19.5065 11.5
    endloop
  endfacet
  facet normal 0.514231 -0.857652 0
    outer loop
      vertex 29.0555 21.4135 2.6
      vertex 29.1986 21.4993 5.6
      vertex 29.0555 21.4135 5.6
    endloop
  endfacet
  facet normal 0.514231 -0.857652 0
    outer loop
      vertex 29.1986 21.4993 5.6
      vertex 29.0555 21.4135 2.6
      vertex 29.1986 21.4993 2.6
    endloop
  endfacet
  facet normal 0.514231 -0.857652 0
    outer loop
      vertex 29.0555 21.4135 8.4
      vertex 29.1986 21.4993 11.5
      vertex 29.0555 21.4135 11.5
    endloop
  endfacet
  facet normal 0.514231 -0.857652 0
    outer loop
      vertex 29.1986 21.4993 11.5
      vertex 29.0555 21.4135 8.4
      vertex 29.1986 21.4993 8.4
    endloop
  endfacet
  facet normal 0.941566 0.33683 0
    outer loop
      vertex 28.4294 19.3494 5.6
      vertex 28.3732 19.5065 2.6
      vertex 28.3732 19.5065 5.6
    endloop
  endfacet
  facet normal 0.941566 0.33683 0
    outer loop
      vertex 28.3732 19.5065 2.6
      vertex 28.4294 19.3494 5.6
      vertex 28.4294 19.3494 2.6
    endloop
  endfacet
  facet normal 0.941566 0.33683 0
    outer loop
      vertex 28.4294 19.3494 11.5
      vertex 28.3732 19.5065 8.4
      vertex 28.3732 19.5065 11.5
    endloop
  endfacet
  facet normal 0.941566 0.33683 0
    outer loop
      vertex 28.3732 19.5065 8.4
      vertex 28.4294 19.3494 11.5
      vertex 28.4294 19.3494 8.4
    endloop
  endfacet
  facet normal -0.242818 -0.970072 0
    outer loop
      vertex 30.3317 21.6673 2.6
      vertex 30.4935 21.6268 5.6
      vertex 30.3317 21.6673 5.6
    endloop
  endfacet
  facet normal -0.242818 -0.970072 -0
    outer loop
      vertex 30.4935 21.6268 5.6
      vertex 30.3317 21.6673 2.6
      vertex 30.4935 21.6268 2.6
    endloop
  endfacet
  facet normal -0.242818 -0.970072 0
    outer loop
      vertex 30.3317 21.6673 8.4
      vertex 30.4935 21.6268 11.5
      vertex 30.3317 21.6673 11.5
    endloop
  endfacet
  facet normal -0.242818 -0.970072 -0
    outer loop
      vertex 30.4935 21.6268 11.5
      vertex 30.3317 21.6673 8.4
      vertex 30.4935 21.6268 8.4
    endloop
  endfacet
  facet normal 0.741024 -0.671478 0
    outer loop
      vertex 28.6859 21.0785 5.6
      vertex 28.7979 21.2021 2.6
      vertex 28.7979 21.2021 5.6
    endloop
  endfacet
  facet normal 0.741024 -0.671478 0
    outer loop
      vertex 28.7979 21.2021 2.6
      vertex 28.6859 21.0785 5.6
      vertex 28.6859 21.0785 2.6
    endloop
  endfacet
  facet normal 0.741024 -0.671478 0
    outer loop
      vertex 28.6859 21.0785 11.5
      vertex 28.7979 21.2021 8.4
      vertex 28.7979 21.2021 11.5
    endloop
  endfacet
  facet normal 0.741024 -0.671478 0
    outer loop
      vertex 28.7979 21.2021 8.4
      vertex 28.6859 21.0785 11.5
      vertex 28.6859 21.0785 8.4
    endloop
  endfacet
  facet normal -0.0491602 0.998791 0
    outer loop
      vertex 30.1666 18.3082 2.6
      vertex 30 18.3 5.6
      vertex 30.1666 18.3082 5.6
    endloop
  endfacet
  facet normal -0.0491602 0.998791 0
    outer loop
      vertex 30 18.3 5.6
      vertex 30.1666 18.3082 2.6
      vertex 30 18.3 2.6
    endloop
  endfacet
  facet normal -0.0491602 0.998791 0
    outer loop
      vertex 30.1666 18.3082 8.4
      vertex 30 18.3 11.5
      vertex 30.1666 18.3082 11.5
    endloop
  endfacet
  facet normal -0.0491602 0.998791 0
    outer loop
      vertex 30 18.3 11.5
      vertex 30.1666 18.3082 8.4
      vertex 30 18.3 8.4
    endloop
  endfacet
  facet normal -0.803154 -0.595772 0
    outer loop
      vertex 31.4135 20.9445 2.6
      vertex 31.3141 21.0785 5.6
      vertex 31.3141 21.0785 2.6
    endloop
  endfacet
  facet normal -0.803154 -0.595772 0
    outer loop
      vertex 31.3141 21.0785 5.6
      vertex 31.4135 20.9445 2.6
      vertex 31.4135 20.9445 5.6
    endloop
  endfacet
  facet normal -0.803154 -0.595772 0
    outer loop
      vertex 31.4135 20.9445 8.4
      vertex 31.3141 21.0785 11.5
      vertex 31.3141 21.0785 8.4
    endloop
  endfacet
  facet normal -0.803154 -0.595772 0
    outer loop
      vertex 31.3141 21.0785 11.5
      vertex 31.4135 20.9445 8.4
      vertex 31.4135 20.9445 11.5
    endloop
  endfacet
  facet normal 0.970072 0.242818 0
    outer loop
      vertex 28.3732 19.5065 5.6
      vertex 28.3327 19.6683 2.6
      vertex 28.3327 19.6683 5.6
    endloop
  endfacet
  facet normal 0.970072 0.242818 0
    outer loop
      vertex 28.3327 19.6683 2.6
      vertex 28.3732 19.5065 5.6
      vertex 28.3732 19.5065 2.6
    endloop
  endfacet
  facet normal 0.970072 0.242818 0
    outer loop
      vertex 28.3732 19.5065 11.5
      vertex 28.3327 19.6683 8.4
      vertex 28.3327 19.6683 11.5
    endloop
  endfacet
  facet normal 0.970072 0.242818 0
    outer loop
      vertex 28.3327 19.6683 8.4
      vertex 28.3732 19.5065 11.5
      vertex 28.3732 19.5065 8.4
    endloop
  endfacet
  facet normal -0.989168 0.146788 0
    outer loop
      vertex 31.6673 19.6683 2.6
      vertex 31.6918 19.8334 5.6
      vertex 31.6918 19.8334 2.6
    endloop
  endfacet
  facet normal -0.989168 0.146788 0
    outer loop
      vertex 31.6918 19.8334 5.6
      vertex 31.6673 19.6683 2.6
      vertex 31.6673 19.6683 5.6
    endloop
  endfacet
  facet normal -0.989168 0.146788 0
    outer loop
      vertex 31.6673 19.6683 8.4
      vertex 31.6918 19.8334 11.5
      vertex 31.6918 19.8334 8.4
    endloop
  endfacet
  facet normal -0.989168 0.146788 0
    outer loop
      vertex 31.6918 19.8334 11.5
      vertex 31.6673 19.6683 8.4
      vertex 31.6673 19.6683 11.5
    endloop
  endfacet
  facet normal -0.514231 0.857652 0
    outer loop
      vertex 30.9445 18.5865 2.6
      vertex 30.8014 18.5007 5.6
      vertex 30.9445 18.5865 5.6
    endloop
  endfacet
  facet normal -0.514231 0.857652 0
    outer loop
      vertex 30.8014 18.5007 5.6
      vertex 30.9445 18.5865 2.6
      vertex 30.8014 18.5007 2.6
    endloop
  endfacet
  facet normal -0.514231 0.857652 0
    outer loop
      vertex 30.9445 18.5865 8.4
      vertex 30.8014 18.5007 11.5
      vertex 30.9445 18.5865 11.5
    endloop
  endfacet
  facet normal -0.514231 0.857652 0
    outer loop
      vertex 30.8014 18.5007 11.5
      vertex 30.9445 18.5865 8.4
      vertex 30.8014 18.5007 8.4
    endloop
  endfacet
  facet normal 0.941566 -0.33683 0
    outer loop
      vertex 28.3732 20.4935 5.6
      vertex 28.4294 20.6506 2.6
      vertex 28.4294 20.6506 5.6
    endloop
  endfacet
  facet normal 0.941566 -0.33683 0
    outer loop
      vertex 28.4294 20.6506 2.6
      vertex 28.3732 20.4935 5.6
      vertex 28.3732 20.4935 2.6
    endloop
  endfacet
  facet normal 0.941566 -0.33683 0
    outer loop
      vertex 28.3732 20.4935 11.5
      vertex 28.4294 20.6506 8.4
      vertex 28.4294 20.6506 11.5
    endloop
  endfacet
  facet normal 0.941566 -0.33683 0
    outer loop
      vertex 28.4294 20.6506 8.4
      vertex 28.3732 20.4935 11.5
      vertex 28.3732 20.4935 8.4
    endloop
  endfacet
  facet normal 0.989168 -0.146788 0
    outer loop
      vertex 28.3082 20.1666 5.6
      vertex 28.3327 20.3317 2.6
      vertex 28.3327 20.3317 5.6
    endloop
  endfacet
  facet normal 0.989168 -0.146788 0
    outer loop
      vertex 28.3327 20.3317 2.6
      vertex 28.3082 20.1666 5.6
      vertex 28.3082 20.1666 2.6
    endloop
  endfacet
  facet normal 0.989168 -0.146788 0
    outer loop
      vertex 28.3082 20.1666 11.5
      vertex 28.3327 20.3317 8.4
      vertex 28.3327 20.3317 11.5
    endloop
  endfacet
  facet normal 0.989168 -0.146788 0
    outer loop
      vertex 28.3327 20.3317 8.4
      vertex 28.3082 20.1666 11.5
      vertex 28.3082 20.1666 8.4
    endloop
  endfacet
  facet normal -0.904043 0.427442 0
    outer loop
      vertex 31.4993 19.1986 2.6
      vertex 31.5706 19.3494 5.6
      vertex 31.5706 19.3494 2.6
    endloop
  endfacet
  facet normal -0.904043 0.427442 0
    outer loop
      vertex 31.5706 19.3494 5.6
      vertex 31.4993 19.1986 2.6
      vertex 31.4993 19.1986 5.6
    endloop
  endfacet
  facet normal -0.904043 0.427442 0
    outer loop
      vertex 31.4993 19.1986 8.4
      vertex 31.5706 19.3494 11.5
      vertex 31.5706 19.3494 8.4
    endloop
  endfacet
  facet normal -0.904043 0.427442 0
    outer loop
      vertex 31.5706 19.3494 11.5
      vertex 31.4993 19.1986 8.4
      vertex 31.4993 19.1986 11.5
    endloop
  endfacet
  facet normal -0.998791 0.0491602 0
    outer loop
      vertex 31.6918 19.8334 2.6
      vertex 31.7 20 5.6
      vertex 31.7 20 2.6
    endloop
  endfacet
  facet normal -0.998791 0.0491602 0
    outer loop
      vertex 31.7 20 5.6
      vertex 31.6918 19.8334 2.6
      vertex 31.6918 19.8334 5.6
    endloop
  endfacet
  facet normal -0.998791 0.0491602 0
    outer loop
      vertex 31.6918 19.8334 8.4
      vertex 31.7 20 11.5
      vertex 31.7 20 8.4
    endloop
  endfacet
  facet normal -0.998791 0.0491602 0
    outer loop
      vertex 31.7 20 11.5
      vertex 31.6918 19.8334 8.4
      vertex 31.6918 19.8334 11.5
    endloop
  endfacet
  facet normal -0.146788 0.989168 0
    outer loop
      vertex 30.3317 18.3327 2.6
      vertex 30.1666 18.3082 5.6
      vertex 30.3317 18.3327 5.6
    endloop
  endfacet
  facet normal -0.146788 0.989168 0
    outer loop
      vertex 30.1666 18.3082 5.6
      vertex 30.3317 18.3327 2.6
      vertex 30.1666 18.3082 2.6
    endloop
  endfacet
  facet normal -0.146788 0.989168 0
    outer loop
      vertex 30.3317 18.3327 8.4
      vertex 30.1666 18.3082 11.5
      vertex 30.3317 18.3327 11.5
    endloop
  endfacet
  facet normal -0.146788 0.989168 0
    outer loop
      vertex 30.1666 18.3082 11.5
      vertex 30.3317 18.3327 8.4
      vertex 30.1666 18.3082 8.4
    endloop
  endfacet
  facet normal -0.941566 -0.33683 0
    outer loop
      vertex 31.6268 20.4935 2.6
      vertex 31.5706 20.6506 5.6
      vertex 31.5706 20.6506 2.6
    endloop
  endfacet
  facet normal -0.941566 -0.33683 0
    outer loop
      vertex 31.5706 20.6506 5.6
      vertex 31.6268 20.4935 2.6
      vertex 31.6268 20.4935 5.6
    endloop
  endfacet
  facet normal -0.941566 -0.33683 0
    outer loop
      vertex 31.6268 20.4935 8.4
      vertex 31.5706 20.6506 11.5
      vertex 31.5706 20.6506 8.4
    endloop
  endfacet
  facet normal -0.941566 -0.33683 0
    outer loop
      vertex 31.5706 20.6506 11.5
      vertex 31.6268 20.4935 8.4
      vertex 31.6268 20.4935 11.5
    endloop
  endfacet
  facet normal -0.803154 0.595772 0
    outer loop
      vertex 31.3141 18.9215 2.6
      vertex 31.4135 19.0555 5.6
      vertex 31.4135 19.0555 2.6
    endloop
  endfacet
  facet normal -0.803154 0.595772 0
    outer loop
      vertex 31.4135 19.0555 5.6
      vertex 31.3141 18.9215 2.6
      vertex 31.3141 18.9215 5.6
    endloop
  endfacet
  facet normal -0.803154 0.595772 0
    outer loop
      vertex 31.3141 18.9215 8.4
      vertex 31.4135 19.0555 11.5
      vertex 31.4135 19.0555 8.4
    endloop
  endfacet
  facet normal -0.803154 0.595772 0
    outer loop
      vertex 31.4135 19.0555 11.5
      vertex 31.3141 18.9215 8.4
      vertex 31.3141 18.9215 11.5
    endloop
  endfacet
  facet normal -0.857652 0.514231 0
    outer loop
      vertex 31.4135 19.0555 2.6
      vertex 31.4993 19.1986 5.6
      vertex 31.4993 19.1986 2.6
    endloop
  endfacet
  facet normal -0.857652 0.514231 0
    outer loop
      vertex 31.4993 19.1986 5.6
      vertex 31.4135 19.0555 2.6
      vertex 31.4135 19.0555 5.6
    endloop
  endfacet
  facet normal -0.857652 0.514231 0
    outer loop
      vertex 31.4135 19.0555 8.4
      vertex 31.4993 19.1986 11.5
      vertex 31.4993 19.1986 8.4
    endloop
  endfacet
  facet normal -0.857652 0.514231 0
    outer loop
      vertex 31.4993 19.1986 11.5
      vertex 31.4135 19.0555 8.4
      vertex 31.4135 19.0555 11.5
    endloop
  endfacet
  facet normal 0.242818 -0.970072 0
    outer loop
      vertex 29.5065 21.6268 2.6
      vertex 29.6683 21.6673 5.6
      vertex 29.5065 21.6268 5.6
    endloop
  endfacet
  facet normal 0.242818 -0.970072 0
    outer loop
      vertex 29.6683 21.6673 5.6
      vertex 29.5065 21.6268 2.6
      vertex 29.6683 21.6673 2.6
    endloop
  endfacet
  facet normal 0.242818 -0.970072 0
    outer loop
      vertex 29.5065 21.6268 8.4
      vertex 29.6683 21.6673 11.5
      vertex 29.5065 21.6268 11.5
    endloop
  endfacet
  facet normal 0.242818 -0.970072 0
    outer loop
      vertex 29.6683 21.6673 11.5
      vertex 29.5065 21.6268 8.4
      vertex 29.6683 21.6673 8.4
    endloop
  endfacet
  facet normal -0.941566 0.33683 0
    outer loop
      vertex 31.5706 19.3494 2.6
      vertex 31.6268 19.5065 5.6
      vertex 31.6268 19.5065 2.6
    endloop
  endfacet
  facet normal -0.941566 0.33683 0
    outer loop
      vertex 31.6268 19.5065 5.6
      vertex 31.5706 19.3494 2.6
      vertex 31.5706 19.3494 5.6
    endloop
  endfacet
  facet normal -0.941566 0.33683 0
    outer loop
      vertex 31.5706 19.3494 8.4
      vertex 31.6268 19.5065 11.5
      vertex 31.6268 19.5065 8.4
    endloop
  endfacet
  facet normal -0.941566 0.33683 0
    outer loop
      vertex 31.6268 19.5065 11.5
      vertex 31.5706 19.3494 8.4
      vertex 31.5706 19.3494 11.5
    endloop
  endfacet
  facet normal -0.0491602 -0.998791 0
    outer loop
      vertex 30 21.7 2.6
      vertex 30.1666 21.6918 5.6
      vertex 30 21.7 5.6
    endloop
  endfacet
  facet normal -0.0491602 -0.998791 -0
    outer loop
      vertex 30.1666 21.6918 5.6
      vertex 30 21.7 2.6
      vertex 30.1666 21.6918 2.6
    endloop
  endfacet
  facet normal -0.0491602 -0.998791 0
    outer loop
      vertex 30 21.7 8.4
      vertex 30.1666 21.6918 11.5
      vertex 30 21.7 11.5
    endloop
  endfacet
  facet normal -0.0491602 -0.998791 -0
    outer loop
      vertex 30.1666 21.6918 11.5
      vertex 30 21.7 8.4
      vertex 30.1666 21.6918 8.4
    endloop
  endfacet
  facet normal -0.904043 -0.427442 0
    outer loop
      vertex 31.5706 20.6506 2.6
      vertex 31.4993 20.8014 5.6
      vertex 31.4993 20.8014 2.6
    endloop
  endfacet
  facet normal -0.904043 -0.427442 0
    outer loop
      vertex 31.4993 20.8014 5.6
      vertex 31.5706 20.6506 2.6
      vertex 31.5706 20.6506 5.6
    endloop
  endfacet
  facet normal -0.904043 -0.427442 0
    outer loop
      vertex 31.5706 20.6506 8.4
      vertex 31.4993 20.8014 11.5
      vertex 31.4993 20.8014 8.4
    endloop
  endfacet
  facet normal -0.904043 -0.427442 0
    outer loop
      vertex 31.4993 20.8014 11.5
      vertex 31.5706 20.6506 8.4
      vertex 31.5706 20.6506 11.5
    endloop
  endfacet
  facet normal -0.146788 -0.989168 0
    outer loop
      vertex 30.1666 21.6918 2.6
      vertex 30.3317 21.6673 5.6
      vertex 30.1666 21.6918 5.6
    endloop
  endfacet
  facet normal -0.146788 -0.989168 -0
    outer loop
      vertex 30.3317 21.6673 5.6
      vertex 30.1666 21.6918 2.6
      vertex 30.3317 21.6673 2.6
    endloop
  endfacet
  facet normal -0.146788 -0.989168 0
    outer loop
      vertex 30.1666 21.6918 8.4
      vertex 30.3317 21.6673 11.5
      vertex 30.1666 21.6918 11.5
    endloop
  endfacet
  facet normal -0.146788 -0.989168 -0
    outer loop
      vertex 30.3317 21.6673 11.5
      vertex 30.1666 21.6918 8.4
      vertex 30.3317 21.6673 8.4
    endloop
  endfacet
  facet normal 0.242818 0.970072 -0
    outer loop
      vertex 29.6683 18.3327 2.6
      vertex 29.5065 18.3732 5.6
      vertex 29.6683 18.3327 5.6
    endloop
  endfacet
  facet normal 0.242818 0.970072 0
    outer loop
      vertex 29.5065 18.3732 5.6
      vertex 29.6683 18.3327 2.6
      vertex 29.5065 18.3732 2.6
    endloop
  endfacet
  facet normal 0.242818 0.970072 -0
    outer loop
      vertex 29.6683 18.3327 8.4
      vertex 29.5065 18.3732 11.5
      vertex 29.6683 18.3327 11.5
    endloop
  endfacet
  facet normal 0.242818 0.970072 0
    outer loop
      vertex 29.5065 18.3732 11.5
      vertex 29.6683 18.3327 8.4
      vertex 29.5065 18.3732 8.4
    endloop
  endfacet
  facet normal 0.857652 0.514231 0
    outer loop
      vertex 28.5865 19.0555 5.6
      vertex 28.5007 19.1986 2.6
      vertex 28.5007 19.1986 5.6
    endloop
  endfacet
  facet normal 0.857652 0.514231 0
    outer loop
      vertex 28.5007 19.1986 2.6
      vertex 28.5865 19.0555 5.6
      vertex 28.5865 19.0555 2.6
    endloop
  endfacet
  facet normal 0.857652 0.514231 0
    outer loop
      vertex 28.5865 19.0555 11.5
      vertex 28.5007 19.1986 8.4
      vertex 28.5007 19.1986 11.5
    endloop
  endfacet
  facet normal 0.857652 0.514231 0
    outer loop
      vertex 28.5007 19.1986 8.4
      vertex 28.5865 19.0555 11.5
      vertex 28.5865 19.0555 8.4
    endloop
  endfacet
  facet normal -0.857652 -0.514231 0
    outer loop
      vertex 31.4993 20.8014 2.6
      vertex 31.4135 20.9445 5.6
      vertex 31.4135 20.9445 2.6
    endloop
  endfacet
  facet normal -0.857652 -0.514231 0
    outer loop
      vertex 31.4135 20.9445 5.6
      vertex 31.4993 20.8014 2.6
      vertex 31.4993 20.8014 5.6
    endloop
  endfacet
  facet normal -0.857652 -0.514231 0
    outer loop
      vertex 31.4993 20.8014 8.4
      vertex 31.4135 20.9445 11.5
      vertex 31.4135 20.9445 8.4
    endloop
  endfacet
  facet normal -0.857652 -0.514231 0
    outer loop
      vertex 31.4135 20.9445 11.5
      vertex 31.4993 20.8014 8.4
      vertex 31.4993 20.8014 11.5
    endloop
  endfacet
  facet normal 0.33683 -0.941566 0
    outer loop
      vertex 29.3494 21.5706 2.6
      vertex 29.5065 21.6268 5.6
      vertex 29.3494 21.5706 5.6
    endloop
  endfacet
  facet normal 0.33683 -0.941566 0
    outer loop
      vertex 29.5065 21.6268 5.6
      vertex 29.3494 21.5706 2.6
      vertex 29.5065 21.6268 2.6
    endloop
  endfacet
  facet normal 0.33683 -0.941566 0
    outer loop
      vertex 29.3494 21.5706 8.4
      vertex 29.5065 21.6268 11.5
      vertex 29.3494 21.5706 11.5
    endloop
  endfacet
  facet normal 0.33683 -0.941566 0
    outer loop
      vertex 29.5065 21.6268 11.5
      vertex 29.3494 21.5706 8.4
      vertex 29.5065 21.6268 8.4
    endloop
  endfacet
  facet normal 0.741024 0.671478 0
    outer loop
      vertex 28.7979 18.7979 5.6
      vertex 28.6859 18.9215 2.6
      vertex 28.6859 18.9215 5.6
    endloop
  endfacet
  facet normal 0.741024 0.671478 0
    outer loop
      vertex 28.6859 18.9215 2.6
      vertex 28.7979 18.7979 5.6
      vertex 28.7979 18.7979 2.6
    endloop
  endfacet
  facet normal 0.741024 0.671478 0
    outer loop
      vertex 28.7979 18.7979 11.5
      vertex 28.6859 18.9215 8.4
      vertex 28.6859 18.9215 11.5
    endloop
  endfacet
  facet normal 0.741024 0.671478 0
    outer loop
      vertex 28.6859 18.9215 8.4
      vertex 28.7979 18.7979 11.5
      vertex 28.7979 18.7979 8.4
    endloop
  endfacet
  facet normal 0.671478 -0.741024 0
    outer loop
      vertex 28.7979 21.2021 2.6
      vertex 28.9215 21.3141 5.6
      vertex 28.7979 21.2021 5.6
    endloop
  endfacet
  facet normal 0.671478 -0.741024 0
    outer loop
      vertex 28.9215 21.3141 5.6
      vertex 28.7979 21.2021 2.6
      vertex 28.9215 21.3141 2.6
    endloop
  endfacet
  facet normal 0.671478 -0.741024 0
    outer loop
      vertex 28.7979 21.2021 8.4
      vertex 28.9215 21.3141 11.5
      vertex 28.7979 21.2021 11.5
    endloop
  endfacet
  facet normal 0.671478 -0.741024 0
    outer loop
      vertex 28.9215 21.3141 11.5
      vertex 28.7979 21.2021 8.4
      vertex 28.9215 21.3141 8.4
    endloop
  endfacet
  facet normal -0.33683 -0.941566 0
    outer loop
      vertex 30.4935 21.6268 2.6
      vertex 30.6506 21.5706 5.6
      vertex 30.4935 21.6268 5.6
    endloop
  endfacet
  facet normal -0.33683 -0.941566 -0
    outer loop
      vertex 30.6506 21.5706 5.6
      vertex 30.4935 21.6268 2.6
      vertex 30.6506 21.5706 2.6
    endloop
  endfacet
  facet normal -0.33683 -0.941566 0
    outer loop
      vertex 30.4935 21.6268 8.4
      vertex 30.6506 21.5706 11.5
      vertex 30.4935 21.6268 11.5
    endloop
  endfacet
  facet normal -0.33683 -0.941566 -0
    outer loop
      vertex 30.6506 21.5706 11.5
      vertex 30.4935 21.6268 8.4
      vertex 30.6506 21.5706 8.4
    endloop
  endfacet
  facet normal 0.514231 0.857652 -0
    outer loop
      vertex 29.1986 18.5007 2.6
      vertex 29.0555 18.5865 5.6
      vertex 29.1986 18.5007 5.6
    endloop
  endfacet
  facet normal 0.514231 0.857652 0
    outer loop
      vertex 29.0555 18.5865 5.6
      vertex 29.1986 18.5007 2.6
      vertex 29.0555 18.5865 2.6
    endloop
  endfacet
  facet normal 0.514231 0.857652 -0
    outer loop
      vertex 29.1986 18.5007 8.4
      vertex 29.0555 18.5865 11.5
      vertex 29.1986 18.5007 11.5
    endloop
  endfacet
  facet normal 0.514231 0.857652 0
    outer loop
      vertex 29.0555 18.5865 11.5
      vertex 29.1986 18.5007 8.4
      vertex 29.0555 18.5865 8.4
    endloop
  endfacet
  facet normal 0.970072 -0.242818 0
    outer loop
      vertex 28.3327 20.3317 5.6
      vertex 28.3732 20.4935 2.6
      vertex 28.3732 20.4935 5.6
    endloop
  endfacet
  facet normal 0.970072 -0.242818 0
    outer loop
      vertex 28.3732 20.4935 2.6
      vertex 28.3327 20.3317 5.6
      vertex 28.3327 20.3317 2.6
    endloop
  endfacet
  facet normal 0.970072 -0.242818 0
    outer loop
      vertex 28.3327 20.3317 11.5
      vertex 28.3732 20.4935 8.4
      vertex 28.3732 20.4935 11.5
    endloop
  endfacet
  facet normal 0.970072 -0.242818 0
    outer loop
      vertex 28.3732 20.4935 8.4
      vertex 28.3327 20.3317 11.5
      vertex 28.3327 20.3317 8.4
    endloop
  endfacet
  facet normal -0.671478 -0.741024 0
    outer loop
      vertex 31.0785 21.3141 2.6
      vertex 31.2021 21.2021 5.6
      vertex 31.0785 21.3141 5.6
    endloop
  endfacet
  facet normal -0.671478 -0.741024 -0
    outer loop
      vertex 31.2021 21.2021 5.6
      vertex 31.0785 21.3141 2.6
      vertex 31.2021 21.2021 2.6
    endloop
  endfacet
  facet normal -0.671478 -0.741024 0
    outer loop
      vertex 31.0785 21.3141 8.4
      vertex 31.2021 21.2021 11.5
      vertex 31.0785 21.3141 11.5
    endloop
  endfacet
  facet normal -0.671478 -0.741024 -0
    outer loop
      vertex 31.2021 21.2021 11.5
      vertex 31.0785 21.3141 8.4
      vertex 31.2021 21.2021 8.4
    endloop
  endfacet
  facet normal 0.803154 0.595772 0
    outer loop
      vertex 28.6859 18.9215 5.6
      vertex 28.5865 19.0555 2.6
      vertex 28.5865 19.0555 5.6
    endloop
  endfacet
  facet normal 0.803154 0.595772 0
    outer loop
      vertex 28.5865 19.0555 2.6
      vertex 28.6859 18.9215 5.6
      vertex 28.6859 18.9215 2.6
    endloop
  endfacet
  facet normal 0.803154 0.595772 0
    outer loop
      vertex 28.6859 18.9215 11.5
      vertex 28.5865 19.0555 8.4
      vertex 28.5865 19.0555 11.5
    endloop
  endfacet
  facet normal 0.803154 0.595772 0
    outer loop
      vertex 28.5865 19.0555 8.4
      vertex 28.6859 18.9215 11.5
      vertex 28.6859 18.9215 8.4
    endloop
  endfacet
  facet normal 0.989168 0.146788 0
    outer loop
      vertex 28.3327 19.6683 5.6
      vertex 28.3082 19.8334 2.6
      vertex 28.3082 19.8334 5.6
    endloop
  endfacet
  facet normal 0.989168 0.146788 0
    outer loop
      vertex 28.3082 19.8334 2.6
      vertex 28.3327 19.6683 5.6
      vertex 28.3327 19.6683 2.6
    endloop
  endfacet
  facet normal 0.989168 0.146788 0
    outer loop
      vertex 28.3327 19.6683 11.5
      vertex 28.3082 19.8334 8.4
      vertex 28.3082 19.8334 11.5
    endloop
  endfacet
  facet normal 0.989168 0.146788 0
    outer loop
      vertex 28.3082 19.8334 8.4
      vertex 28.3327 19.6683 11.5
      vertex 28.3327 19.6683 8.4
    endloop
  endfacet
  facet normal -0.595772 0.803154 0
    outer loop
      vertex 31.0785 18.6859 2.6
      vertex 30.9445 18.5865 5.6
      vertex 31.0785 18.6859 5.6
    endloop
  endfacet
  facet normal -0.595772 0.803154 0
    outer loop
      vertex 30.9445 18.5865 5.6
      vertex 31.0785 18.6859 2.6
      vertex 30.9445 18.5865 2.6
    endloop
  endfacet
  facet normal -0.595772 0.803154 0
    outer loop
      vertex 31.0785 18.6859 8.4
      vertex 30.9445 18.5865 11.5
      vertex 31.0785 18.6859 11.5
    endloop
  endfacet
  facet normal -0.595772 0.803154 0
    outer loop
      vertex 30.9445 18.5865 11.5
      vertex 31.0785 18.6859 8.4
      vertex 30.9445 18.5865 8.4
    endloop
  endfacet
  facet normal 0.671478 0.741024 -0
    outer loop
      vertex 28.9215 18.6859 2.6
      vertex 28.7979 18.7979 5.6
      vertex 28.9215 18.6859 5.6
    endloop
  endfacet
  facet normal 0.671478 0.741024 0
    outer loop
      vertex 28.7979 18.7979 5.6
      vertex 28.9215 18.6859 2.6
      vertex 28.7979 18.7979 2.6
    endloop
  endfacet
  facet normal 0.671478 0.741024 -0
    outer loop
      vertex 28.9215 18.6859 8.4
      vertex 28.7979 18.7979 11.5
      vertex 28.9215 18.6859 11.5
    endloop
  endfacet
  facet normal 0.671478 0.741024 0
    outer loop
      vertex 28.7979 18.7979 11.5
      vertex 28.9215 18.6859 8.4
      vertex 28.7979 18.7979 8.4
    endloop
  endfacet
  facet normal 0.803154 -0.595772 0
    outer loop
      vertex 28.5865 20.9445 5.6
      vertex 28.6859 21.0785 2.6
      vertex 28.6859 21.0785 5.6
    endloop
  endfacet
  facet normal 0.803154 -0.595772 0
    outer loop
      vertex 28.6859 21.0785 2.6
      vertex 28.5865 20.9445 5.6
      vertex 28.5865 20.9445 2.6
    endloop
  endfacet
  facet normal 0.803154 -0.595772 0
    outer loop
      vertex 28.5865 20.9445 11.5
      vertex 28.6859 21.0785 8.4
      vertex 28.6859 21.0785 11.5
    endloop
  endfacet
  facet normal 0.803154 -0.595772 0
    outer loop
      vertex 28.6859 21.0785 8.4
      vertex 28.5865 20.9445 11.5
      vertex 28.5865 20.9445 8.4
    endloop
  endfacet
  facet normal 0.857652 -0.514231 0
    outer loop
      vertex 28.5007 20.8014 5.6
      vertex 28.5865 20.9445 2.6
      vertex 28.5865 20.9445 5.6
    endloop
  endfacet
  facet normal 0.857652 -0.514231 0
    outer loop
      vertex 28.5865 20.9445 2.6
      vertex 28.5007 20.8014 5.6
      vertex 28.5007 20.8014 2.6
    endloop
  endfacet
  facet normal 0.857652 -0.514231 0
    outer loop
      vertex 28.5007 20.8014 11.5
      vertex 28.5865 20.9445 8.4
      vertex 28.5865 20.9445 11.5
    endloop
  endfacet
  facet normal 0.857652 -0.514231 0
    outer loop
      vertex 28.5865 20.9445 8.4
      vertex 28.5007 20.8014 11.5
      vertex 28.5007 20.8014 8.4
    endloop
  endfacet
  facet normal 0.0491602 0.998791 -0
    outer loop
      vertex 30 18.3 2.6
      vertex 29.8334 18.3082 5.6
      vertex 30 18.3 5.6
    endloop
  endfacet
  facet normal 0.0491602 0.998791 0
    outer loop
      vertex 29.8334 18.3082 5.6
      vertex 30 18.3 2.6
      vertex 29.8334 18.3082 2.6
    endloop
  endfacet
  facet normal 0.0491602 0.998791 -0
    outer loop
      vertex 30 18.3 8.4
      vertex 29.8334 18.3082 11.5
      vertex 30 18.3 11.5
    endloop
  endfacet
  facet normal 0.0491602 0.998791 0
    outer loop
      vertex 29.8334 18.3082 11.5
      vertex 30 18.3 8.4
      vertex 29.8334 18.3082 8.4
    endloop
  endfacet
  facet normal 0.998791 -0.0491602 0
    outer loop
      vertex 28.3 20 5.6
      vertex 28.3082 20.1666 2.6
      vertex 28.3082 20.1666 5.6
    endloop
  endfacet
  facet normal 0.998791 -0.0491602 0
    outer loop
      vertex 28.3082 20.1666 2.6
      vertex 28.3 20 5.6
      vertex 28.3 20 2.6
    endloop
  endfacet
  facet normal 0.998791 -0.0491602 0
    outer loop
      vertex 28.3 20 11.5
      vertex 28.3082 20.1666 8.4
      vertex 28.3082 20.1666 11.5
    endloop
  endfacet
  facet normal 0.998791 -0.0491602 0
    outer loop
      vertex 28.3082 20.1666 8.4
      vertex 28.3 20 11.5
      vertex 28.3 20 8.4
    endloop
  endfacet
  facet normal -0.741024 0.671478 0
    outer loop
      vertex 31.2021 18.7979 2.6
      vertex 31.3141 18.9215 5.6
      vertex 31.3141 18.9215 2.6
    endloop
  endfacet
  facet normal -0.741024 0.671478 0
    outer loop
      vertex 31.3141 18.9215 5.6
      vertex 31.2021 18.7979 2.6
      vertex 31.2021 18.7979 5.6
    endloop
  endfacet
  facet normal -0.741024 0.671478 0
    outer loop
      vertex 31.2021 18.7979 8.4
      vertex 31.3141 18.9215 11.5
      vertex 31.3141 18.9215 8.4
    endloop
  endfacet
  facet normal -0.741024 0.671478 0
    outer loop
      vertex 31.3141 18.9215 11.5
      vertex 31.2021 18.7979 8.4
      vertex 31.2021 18.7979 11.5
    endloop
  endfacet
  facet normal 0.671384 0.74111 -0
    outer loop
      vertex 27.9509 17.5032 11.5
      vertex 27.716 17.716 14
      vertex 27.9509 17.5032 14
    endloop
  endfacet
  facet normal 0.671384 0.74111 0
    outer loop
      vertex 27.716 17.716 14
      vertex 27.9509 17.5032 11.5
      vertex 27.716 17.716 11.5
    endloop
  endfacet
  facet normal 0.941549 -0.336876 0
    outer loop
      vertex 26.9091 20.9376 14
      vertex 27.0159 21.2361 11.5
      vertex 27.0159 21.2361 14
    endloop
  endfacet
  facet normal 0.941549 -0.336876 0
    outer loop
      vertex 27.0159 21.2361 11.5
      vertex 26.9091 20.9376 14
      vertex 26.9091 20.9376 11.5
    endloop
  endfacet
  facet normal -0.989178 -0.14672 0
    outer loop
      vertex 33.2144 20.3166 11.5
      vertex 33.1679 20.6301 14
      vertex 33.1679 20.6301 11.5
    endloop
  endfacet
  facet normal -0.989178 -0.14672 0
    outer loop
      vertex 33.1679 20.6301 14
      vertex 33.2144 20.3166 11.5
      vertex 33.2144 20.3166 14
    endloop
  endfacet
  facet normal -0.998788 -0.0492138 0
    outer loop
      vertex 33.23 20 11.5
      vertex 33.2144 20.3166 14
      vertex 33.2144 20.3166 11.5
    endloop
  endfacet
  facet normal -0.998788 -0.0492138 0
    outer loop
      vertex 33.2144 20.3166 14
      vertex 33.23 20 11.5
      vertex 33.23 20 14
    endloop
  endfacet
  facet normal 0.514171 0.857688 -0
    outer loop
      vertex 28.4774 17.1514 11.5
      vertex 28.2055 17.3144 14
      vertex 28.4774 17.1514 14
    endloop
  endfacet
  facet normal 0.514171 0.857688 0
    outer loop
      vertex 28.2055 17.3144 14
      vertex 28.4774 17.1514 11.5
      vertex 28.2055 17.3144 11.5
    endloop
  endfacet
  facet normal -0.671384 -0.74111 0
    outer loop
      vertex 32.0491 22.4968 11.5
      vertex 32.284 22.284 14
      vertex 32.0491 22.4968 14
    endloop
  endfacet
  facet normal -0.671384 -0.74111 -0
    outer loop
      vertex 32.284 22.284 14
      vertex 32.0491 22.4968 11.5
      vertex 32.284 22.284 11.5
    endloop
  endfacet
  facet normal 0.14672 0.989178 -0
    outer loop
      vertex 29.6834 16.7856 11.5
      vertex 29.3699 16.8321 14
      vertex 29.6834 16.7856 14
    endloop
  endfacet
  facet normal 0.14672 0.989178 0
    outer loop
      vertex 29.3699 16.8321 14
      vertex 29.6834 16.7856 11.5
      vertex 29.3699 16.8321 11.5
    endloop
  endfacet
  facet normal -0.74111 -0.671384 0
    outer loop
      vertex 32.4968 22.0491 11.5
      vertex 32.284 22.284 14
      vertex 32.284 22.284 11.5
    endloop
  endfacet
  facet normal -0.74111 -0.671384 0
    outer loop
      vertex 32.284 22.284 14
      vertex 32.4968 22.0491 11.5
      vertex 32.4968 22.0491 14
    endloop
  endfacet
  facet normal -0.427544 -0.903995 0
    outer loop
      vertex 31.2361 22.9841 11.5
      vertex 31.5226 22.8486 14
      vertex 31.2361 22.9841 14
    endloop
  endfacet
  facet normal -0.427544 -0.903995 -0
    outer loop
      vertex 31.5226 22.8486 14
      vertex 31.2361 22.9841 11.5
      vertex 31.5226 22.8486 11.5
    endloop
  endfacet
  facet normal -0.0492138 0.998788 0
    outer loop
      vertex 30.3166 16.7856 11.5
      vertex 30 16.77 14
      vertex 30.3166 16.7856 14
    endloop
  endfacet
  facet normal -0.0492138 0.998788 0
    outer loop
      vertex 30 16.77 14
      vertex 30.3166 16.7856 11.5
      vertex 30 16.77 11.5
    endloop
  endfacet
  facet normal -0.989178 0.14672 0
    outer loop
      vertex 33.1679 19.3699 11.5
      vertex 33.2144 19.6834 14
      vertex 33.2144 19.6834 11.5
    endloop
  endfacet
  facet normal -0.989178 0.14672 0
    outer loop
      vertex 33.2144 19.6834 14
      vertex 33.1679 19.3699 11.5
      vertex 33.1679 19.3699 14
    endloop
  endfacet
  facet normal -0.903995 -0.427544 0
    outer loop
      vertex 32.9841 21.2361 11.5
      vertex 32.8486 21.5226 14
      vertex 32.8486 21.5226 11.5
    endloop
  endfacet
  facet normal -0.903995 -0.427544 0
    outer loop
      vertex 32.8486 21.5226 14
      vertex 32.9841 21.2361 11.5
      vertex 32.9841 21.2361 14
    endloop
  endfacet
  facet normal 0.242907 -0.97005 0
    outer loop
      vertex 29.0624 23.0909 11.5
      vertex 29.3699 23.1679 14
      vertex 29.0624 23.0909 14
    endloop
  endfacet
  facet normal 0.242907 -0.97005 0
    outer loop
      vertex 29.3699 23.1679 14
      vertex 29.0624 23.0909 11.5
      vertex 29.3699 23.1679 11.5
    endloop
  endfacet
  facet normal 0.803244 -0.59565 0
    outer loop
      vertex 27.3144 21.7945 14
      vertex 27.5032 22.0491 11.5
      vertex 27.5032 22.0491 14
    endloop
  endfacet
  facet normal 0.803244 -0.59565 0
    outer loop
      vertex 27.5032 22.0491 11.5
      vertex 27.3144 21.7945 14
      vertex 27.3144 21.7945 11.5
    endloop
  endfacet
  facet normal -0.242907 -0.97005 0
    outer loop
      vertex 30.6301 23.1679 11.5
      vertex 30.9376 23.0909 14
      vertex 30.6301 23.1679 14
    endloop
  endfacet
  facet normal -0.242907 -0.97005 -0
    outer loop
      vertex 30.9376 23.0909 14
      vertex 30.6301 23.1679 11.5
      vertex 30.9376 23.0909 11.5
    endloop
  endfacet
  facet normal -0.336876 -0.941549 0
    outer loop
      vertex 30.9376 23.0909 11.5
      vertex 31.2361 22.9841 14
      vertex 30.9376 23.0909 14
    endloop
  endfacet
  facet normal -0.336876 -0.941549 -0
    outer loop
      vertex 31.2361 22.9841 14
      vertex 30.9376 23.0909 11.5
      vertex 31.2361 22.9841 11.5
    endloop
  endfacet
  facet normal -0.941549 -0.336876 0
    outer loop
      vertex 33.0909 20.9376 11.5
      vertex 32.9841 21.2361 14
      vertex 32.9841 21.2361 11.5
    endloop
  endfacet
  facet normal -0.941549 -0.336876 0
    outer loop
      vertex 32.9841 21.2361 14
      vertex 33.0909 20.9376 11.5
      vertex 33.0909 20.9376 14
    endloop
  endfacet
  facet normal -0.59565 -0.803244 0
    outer loop
      vertex 31.7945 22.6856 11.5
      vertex 32.0491 22.4968 14
      vertex 31.7945 22.6856 14
    endloop
  endfacet
  facet normal -0.59565 -0.803244 -0
    outer loop
      vertex 32.0491 22.4968 14
      vertex 31.7945 22.6856 11.5
      vertex 32.0491 22.4968 11.5
    endloop
  endfacet
  facet normal 0.857688 0.514171 0
    outer loop
      vertex 27.3144 18.2055 14
      vertex 27.1514 18.4774 11.5
      vertex 27.1514 18.4774 14
    endloop
  endfacet
  facet normal 0.857688 0.514171 0
    outer loop
      vertex 27.1514 18.4774 11.5
      vertex 27.3144 18.2055 14
      vertex 27.3144 18.2055 11.5
    endloop
  endfacet
  facet normal -0.514171 -0.857688 0
    outer loop
      vertex 31.5226 22.8486 11.5
      vertex 31.7945 22.6856 14
      vertex 31.5226 22.8486 14
    endloop
  endfacet
  facet normal -0.514171 -0.857688 -0
    outer loop
      vertex 31.7945 22.6856 14
      vertex 31.5226 22.8486 11.5
      vertex 31.7945 22.6856 11.5
    endloop
  endfacet
  facet normal -0.941549 0.336876 0
    outer loop
      vertex 32.9841 18.7639 11.5
      vertex 33.0909 19.0624 14
      vertex 33.0909 19.0624 11.5
    endloop
  endfacet
  facet normal -0.941549 0.336876 0
    outer loop
      vertex 33.0909 19.0624 14
      vertex 32.9841 18.7639 11.5
      vertex 32.9841 18.7639 14
    endloop
  endfacet
  facet normal 0.857688 -0.514171 0
    outer loop
      vertex 27.1514 21.5226 14
      vertex 27.3144 21.7945 11.5
      vertex 27.3144 21.7945 14
    endloop
  endfacet
  facet normal 0.857688 -0.514171 0
    outer loop
      vertex 27.3144 21.7945 11.5
      vertex 27.1514 21.5226 14
      vertex 27.1514 21.5226 11.5
    endloop
  endfacet
  facet normal 0.97005 0.242907 0
    outer loop
      vertex 26.9091 19.0624 14
      vertex 26.8321 19.3699 11.5
      vertex 26.8321 19.3699 14
    endloop
  endfacet
  facet normal 0.97005 0.242907 0
    outer loop
      vertex 26.8321 19.3699 11.5
      vertex 26.9091 19.0624 14
      vertex 26.9091 19.0624 11.5
    endloop
  endfacet
  facet normal -0.0492138 -0.998788 0
    outer loop
      vertex 30 23.23 11.5
      vertex 30.3166 23.2144 14
      vertex 30 23.23 14
    endloop
  endfacet
  facet normal -0.0492138 -0.998788 -0
    outer loop
      vertex 30.3166 23.2144 14
      vertex 30 23.23 11.5
      vertex 30.3166 23.2144 11.5
    endloop
  endfacet
  facet normal -0.857688 -0.514171 0
    outer loop
      vertex 32.8486 21.5226 11.5
      vertex 32.6856 21.7945 14
      vertex 32.6856 21.7945 11.5
    endloop
  endfacet
  facet normal -0.857688 -0.514171 0
    outer loop
      vertex 32.6856 21.7945 14
      vertex 32.8486 21.5226 11.5
      vertex 32.8486 21.5226 14
    endloop
  endfacet
  facet normal 0.941549 0.336876 0
    outer loop
      vertex 27.0159 18.7639 14
      vertex 26.9091 19.0624 11.5
      vertex 26.9091 19.0624 14
    endloop
  endfacet
  facet normal 0.941549 0.336876 0
    outer loop
      vertex 26.9091 19.0624 11.5
      vertex 27.0159 18.7639 14
      vertex 27.0159 18.7639 11.5
    endloop
  endfacet
  facet normal 0.671384 -0.74111 0
    outer loop
      vertex 27.716 22.284 11.5
      vertex 27.9509 22.4968 14
      vertex 27.716 22.284 14
    endloop
  endfacet
  facet normal 0.671384 -0.74111 0
    outer loop
      vertex 27.9509 22.4968 14
      vertex 27.716 22.284 11.5
      vertex 27.9509 22.4968 11.5
    endloop
  endfacet
  facet normal -0.97005 0.242907 0
    outer loop
      vertex 33.0909 19.0624 11.5
      vertex 33.1679 19.3699 14
      vertex 33.1679 19.3699 11.5
    endloop
  endfacet
  facet normal -0.97005 0.242907 0
    outer loop
      vertex 33.1679 19.3699 14
      vertex 33.0909 19.0624 11.5
      vertex 33.0909 19.0624 14
    endloop
  endfacet
  facet normal 0 0 1
    outer loop
      vertex 31.7 20 11.5
      vertex 33.23 20 11.5
      vertex 33.2144 20.3166 11.5
    endloop
  endfacet
  facet normal 0 0 1
    outer loop
      vertex 31.6918 20.1666 11.5
      vertex 33.2144 20.3166 11.5
      vertex 33.1679 20.6301 11.5
    endloop
  endfacet
  facet normal 0 0 1
    outer loop
      vertex 33.23 20 11.5
      vertex 31.7 20 11.5
      vertex 33.2144 19.6834 11.5
    endloop
  endfacet
  facet normal 0 0 1
    outer loop
      vertex 31.6673 20.3317 11.5
      vertex 33.1679 20.6301 11.5
      vertex 33.0909 20.9376 11.5
    endloop
  endfacet
  facet normal -0 0 1
    outer loop
      vertex 31.6918 19.8334 11.5
      vertex 33.2144 19.6834 11.5
      vertex 31.7 20 11.5
    endloop
  endfacet
  facet normal 0 0 1
    outer loop
      vertex 31.6268 20.4935 11.5
      vertex 33.0909 20.9376 11.5
      vertex 32.9841 21.2361 11.5
    endloop
  endfacet
  facet normal 0 0 1
    outer loop
      vertex 33.2144 19.6834 11.5
      vertex 31.6918 19.8334 11.5
      vertex 33.1679 19.3699 11.5
    endloop
  endfacet
  facet normal 0 0 1
    outer loop
      vertex 31.5706 20.6506 11.5
      vertex 32.9841 21.2361 11.5
      vertex 32.8486 21.5226 11.5
    endloop
  endfacet
  facet normal -0 0 1
    outer loop
      vertex 31.6673 19.6683 11.5
      vertex 33.1679 19.3699 11.5
      vertex 31.6918 19.8334 11.5
    endloop
  endfacet
  facet normal 0 0 1
    outer loop
      vertex 31.4993 20.8014 11.5
      vertex 32.8486 21.5226 11.5
      vertex 32.6856 21.7945 11.5
    endloop
  endfacet
  facet normal 0 0 1
    outer loop
      vertex 33.1679 19.3699 11.5
      vertex 31.6673 19.6683 11.5
      vertex 33.0909 19.0624 11.5
    endloop
  endfacet
  facet normal 0 0 1
    outer loop
      vertex 31.4135 20.9445 11.5
      vertex 32.6856 21.7945 11.5
      vertex 32.4968 22.0491 11.5
    endloop
  endfacet
  facet normal -0 0 1
    outer loop
      vertex 31.6268 19.5065 11.5
      vertex 33.0909 19.0624 11.5
      vertex 31.6673 19.6683 11.5
    endloop
  endfacet
  facet normal 0 0 1
    outer loop
      vertex 31.3141 21.0785 11.5
      vertex 32.4968 22.0491 11.5
      vertex 32.284 22.284 11.5
    endloop
  endfacet
  facet normal 0 0 1
    outer loop
      vertex 33.0909 19.0624 11.5
      vertex 31.6268 19.5065 11.5
      vertex 32.9841 18.7639 11.5
    endloop
  endfacet
  facet normal 0 0 1
    outer loop
      vertex 31.2021 21.2021 11.5
      vertex 32.284 22.284 11.5
      vertex 32.0491 22.4968 11.5
    endloop
  endfacet
  facet normal -0 0 1
    outer loop
      vertex 31.5706 19.3494 11.5
      vertex 32.9841 18.7639 11.5
      vertex 31.6268 19.5065 11.5
    endloop
  endfacet
  facet normal 0 0 1
    outer loop
      vertex 31.0785 21.3141 11.5
      vertex 32.0491 22.4968 11.5
      vertex 31.7945 22.6856 11.5
    endloop
  endfacet
  facet normal 0 0 1
    outer loop
      vertex 32.9841 18.7639 11.5
      vertex 31.5706 19.3494 11.5
      vertex 32.8486 18.4774 11.5
    endloop
  endfacet
  facet normal -0 0 1
    outer loop
      vertex 31.4993 19.1986 11.5
      vertex 32.8486 18.4774 11.5
      vertex 31.5706 19.3494 11.5
    endloop
  endfacet
  facet normal 0 0 1
    outer loop
      vertex 33.2144 20.3166 11.5
      vertex 31.6918 20.1666 11.5
      vertex 31.7 20 11.5
    endloop
  endfacet
  facet normal 0 0 1
    outer loop
      vertex 33.1679 20.6301 11.5
      vertex 31.6673 20.3317 11.5
      vertex 31.6918 20.1666 11.5
    endloop
  endfacet
  facet normal 0 0 1
    outer loop
      vertex 33.0909 20.9376 11.5
      vertex 31.6268 20.4935 11.5
      vertex 31.6673 20.3317 11.5
    endloop
  endfacet
  facet normal 0 0 1
    outer loop
      vertex 32.9841 21.2361 11.5
      vertex 31.5706 20.6506 11.5
      vertex 31.6268 20.4935 11.5
    endloop
  endfacet
  facet normal 0 0 1
    outer loop
      vertex 30.9445 21.4135 11.5
      vertex 31.7945 22.6856 11.5
      vertex 31.5226 22.8486 11.5
    endloop
  endfacet
  facet normal 0 0 1
    outer loop
      vertex 32.8486 21.5226 11.5
      vertex 31.4993 20.8014 11.5
      vertex 31.5706 20.6506 11.5
    endloop
  endfacet
  facet normal 0 0 1
    outer loop
      vertex 32.6856 21.7945 11.5
      vertex 31.4135 20.9445 11.5
      vertex 31.4993 20.8014 11.5
    endloop
  endfacet
  facet normal 0 0 1
    outer loop
      vertex 32.4968 22.0491 11.5
      vertex 31.3141 21.0785 11.5
      vertex 31.4135 20.9445 11.5
    endloop
  endfacet
  facet normal 0 0 1
    outer loop
      vertex 30.8014 21.4993 11.5
      vertex 31.5226 22.8486 11.5
      vertex 31.2361 22.9841 11.5
    endloop
  endfacet
  facet normal 0 0 1
    outer loop
      vertex 32.284 22.284 11.5
      vertex 31.2021 21.2021 11.5
      vertex 31.3141 21.0785 11.5
    endloop
  endfacet
  facet normal 0 0 1
    outer loop
      vertex 32.0491 22.4968 11.5
      vertex 31.0785 21.3141 11.5
      vertex 31.2021 21.2021 11.5
    endloop
  endfacet
  facet normal 0 0 1
    outer loop
      vertex 31.7945 22.6856 11.5
      vertex 30.9445 21.4135 11.5
      vertex 31.0785 21.3141 11.5
    endloop
  endfacet
  facet normal 0 0 1
    outer loop
      vertex 30.6506 21.5706 11.5
      vertex 31.2361 22.9841 11.5
      vertex 30.9376 23.0909 11.5
    endloop
  endfacet
  facet normal 0 0 1
    outer loop
      vertex 31.5226 22.8486 11.5
      vertex 30.8014 21.4993 11.5
      vertex 30.9445 21.4135 11.5
    endloop
  endfacet
  facet normal 0 0 1
    outer loop
      vertex 31.2361 22.9841 11.5
      vertex 30.6506 21.5706 11.5
      vertex 30.8014 21.4993 11.5
    endloop
  endfacet
  facet normal 0 0 1
    outer loop
      vertex 30.4935 21.6268 11.5
      vertex 30.9376 23.0909 11.5
      vertex 30.6301 23.1679 11.5
    endloop
  endfacet
  facet normal 0 0 1
    outer loop
      vertex 30.9376 23.0909 11.5
      vertex 30.4935 21.6268 11.5
      vertex 30.6506 21.5706 11.5
    endloop
  endfacet
  facet normal 0 0 1
    outer loop
      vertex 30.6301 23.1679 11.5
      vertex 30.3317 21.6673 11.5
      vertex 30.4935 21.6268 11.5
    endloop
  endfacet
  facet normal 0 0 1
    outer loop
      vertex 30.3166 23.2144 11.5
      vertex 30.3317 21.6673 11.5
      vertex 30.6301 23.1679 11.5
    endloop
  endfacet
  facet normal 0 0 1
    outer loop
      vertex 30.3166 23.2144 11.5
      vertex 30.1666 21.6918 11.5
      vertex 30.3317 21.6673 11.5
    endloop
  endfacet
  facet normal 0 0 1
    outer loop
      vertex 30 23.23 11.5
      vertex 30.1666 21.6918 11.5
      vertex 30.3166 23.2144 11.5
    endloop
  endfacet
  facet normal 0 0 1
    outer loop
      vertex 30 23.23 11.5
      vertex 30 21.7 11.5
      vertex 30.1666 21.6918 11.5
    endloop
  endfacet
  facet normal 0 0 1
    outer loop
      vertex 30 23.23 11.5
      vertex 29.8334 21.6918 11.5
      vertex 30 21.7 11.5
    endloop
  endfacet
  facet normal -0 0 1
    outer loop
      vertex 29.6834 23.2144 11.5
      vertex 29.8334 21.6918 11.5
      vertex 30 23.23 11.5
    endloop
  endfacet
  facet normal 0 0 1
    outer loop
      vertex 29.6834 23.2144 11.5
      vertex 29.6683 21.6673 11.5
      vertex 29.8334 21.6918 11.5
    endloop
  endfacet
  facet normal -0 0 1
    outer loop
      vertex 29.3699 23.1679 11.5
      vertex 29.6683 21.6673 11.5
      vertex 29.6834 23.2144 11.5
    endloop
  endfacet
  facet normal 0 0 1
    outer loop
      vertex 29.6683 21.6673 11.5
      vertex 29.3699 23.1679 11.5
      vertex 29.5065 21.6268 11.5
    endloop
  endfacet
  facet normal -0 0 1
    outer loop
      vertex 29.0624 23.0909 11.5
      vertex 29.5065 21.6268 11.5
      vertex 29.3699 23.1679 11.5
    endloop
  endfacet
  facet normal 0 0 1
    outer loop
      vertex 29.5065 21.6268 11.5
      vertex 29.0624 23.0909 11.5
      vertex 29.3494 21.5706 11.5
    endloop
  endfacet
  facet normal -0 0 1
    outer loop
      vertex 28.7639 22.9841 11.5
      vertex 29.3494 21.5706 11.5
      vertex 29.0624 23.0909 11.5
    endloop
  endfacet
  facet normal 0 0 1
    outer loop
      vertex 29.3494 21.5706 11.5
      vertex 28.7639 22.9841 11.5
      vertex 29.1986 21.4993 11.5
    endloop
  endfacet
  facet normal -0 0 1
    outer loop
      vertex 28.4774 22.8486 11.5
      vertex 29.1986 21.4993 11.5
      vertex 28.7639 22.9841 11.5
    endloop
  endfacet
  facet normal 0 0 1
    outer loop
      vertex 29.1986 21.4993 11.5
      vertex 28.4774 22.8486 11.5
      vertex 29.0555 21.4135 11.5
    endloop
  endfacet
  facet normal -0 0 1
    outer loop
      vertex 28.2055 22.6856 11.5
      vertex 29.0555 21.4135 11.5
      vertex 28.4774 22.8486 11.5
    endloop
  endfacet
  facet normal 0 0 1
    outer loop
      vertex 29.0555 21.4135 11.5
      vertex 28.2055 22.6856 11.5
      vertex 28.9215 21.3141 11.5
    endloop
  endfacet
  facet normal -0 0 1
    outer loop
      vertex 27.9509 22.4968 11.5
      vertex 28.9215 21.3141 11.5
      vertex 28.2055 22.6856 11.5
    endloop
  endfacet
  facet normal 0 0 1
    outer loop
      vertex 28.9215 21.3141 11.5
      vertex 27.9509 22.4968 11.5
      vertex 28.7979 21.2021 11.5
    endloop
  endfacet
  facet normal -0 0 1
    outer loop
      vertex 27.716 22.284 11.5
      vertex 28.7979 21.2021 11.5
      vertex 27.9509 22.4968 11.5
    endloop
  endfacet
  facet normal 0 0 1
    outer loop
      vertex 28.7979 21.2021 11.5
      vertex 27.716 22.284 11.5
      vertex 28.6859 21.0785 11.5
    endloop
  endfacet
  facet normal -0 0 1
    outer loop
      vertex 27.5032 22.0491 11.5
      vertex 28.6859 21.0785 11.5
      vertex 27.716 22.284 11.5
    endloop
  endfacet
  facet normal 0 0 1
    outer loop
      vertex 28.6859 21.0785 11.5
      vertex 27.5032 22.0491 11.5
      vertex 28.5865 20.9445 11.5
    endloop
  endfacet
  facet normal -0 0 1
    outer loop
      vertex 27.3144 21.7945 11.5
      vertex 28.5865 20.9445 11.5
      vertex 27.5032 22.0491 11.5
    endloop
  endfacet
  facet normal -0 0 1
    outer loop
      vertex 27.1514 21.5226 11.5
      vertex 28.5007 20.8014 11.5
      vertex 27.3144 21.7945 11.5
    endloop
  endfacet
  facet normal 0 0 1
    outer loop
      vertex 28.5865 20.9445 11.5
      vertex 27.3144 21.7945 11.5
      vertex 28.5007 20.8014 11.5
    endloop
  endfacet
  facet normal 0 0 1
    outer loop
      vertex 32.8486 18.4774 11.5
      vertex 31.4993 19.1986 11.5
      vertex 32.6856 18.2055 11.5
    endloop
  endfacet
  facet normal -0 0 1
    outer loop
      vertex 31.4135 19.0555 11.5
      vertex 32.6856 18.2055 11.5
      vertex 31.4993 19.1986 11.5
    endloop
  endfacet
  facet normal 0 0 1
    outer loop
      vertex 32.6856 18.2055 11.5
      vertex 31.4135 19.0555 11.5
      vertex 32.4968 17.9509 11.5
    endloop
  endfacet
  facet normal -0 0 1
    outer loop
      vertex 31.3141 18.9215 11.5
      vertex 32.4968 17.9509 11.5
      vertex 31.4135 19.0555 11.5
    endloop
  endfacet
  facet normal 0 0 1
    outer loop
      vertex 32.4968 17.9509 11.5
      vertex 31.3141 18.9215 11.5
      vertex 32.284 17.716 11.5
    endloop
  endfacet
  facet normal -0 0 1
    outer loop
      vertex 31.2021 18.7979 11.5
      vertex 32.284 17.716 11.5
      vertex 31.3141 18.9215 11.5
    endloop
  endfacet
  facet normal 0 0 1
    outer loop
      vertex 32.284 17.716 11.5
      vertex 31.2021 18.7979 11.5
      vertex 32.0491 17.5032 11.5
    endloop
  endfacet
  facet normal -0 0 1
    outer loop
      vertex 31.0785 18.6859 11.5
      vertex 32.0491 17.5032 11.5
      vertex 31.2021 18.7979 11.5
    endloop
  endfacet
  facet normal 0 0 1
    outer loop
      vertex 32.0491 17.5032 11.5
      vertex 31.0785 18.6859 11.5
      vertex 31.7945 17.3144 11.5
    endloop
  endfacet
  facet normal -0 0 1
    outer loop
      vertex 30.9445 18.5865 11.5
      vertex 31.7945 17.3144 11.5
      vertex 31.0785 18.6859 11.5
    endloop
  endfacet
  facet normal 0 0 1
    outer loop
      vertex 31.7945 17.3144 11.5
      vertex 30.9445 18.5865 11.5
      vertex 31.5226 17.1514 11.5
    endloop
  endfacet
  facet normal -0 0 1
    outer loop
      vertex 30.8014 18.5007 11.5
      vertex 31.5226 17.1514 11.5
      vertex 30.9445 18.5865 11.5
    endloop
  endfacet
  facet normal 0 0 1
    outer loop
      vertex 31.5226 17.1514 11.5
      vertex 30.8014 18.5007 11.5
      vertex 31.2361 17.0159 11.5
    endloop
  endfacet
  facet normal -0 0 1
    outer loop
      vertex 30.6506 18.4294 11.5
      vertex 31.2361 17.0159 11.5
      vertex 30.8014 18.5007 11.5
    endloop
  endfacet
  facet normal 0 0 1
    outer loop
      vertex 31.2361 17.0159 11.5
      vertex 30.6506 18.4294 11.5
      vertex 30.9376 16.9091 11.5
    endloop
  endfacet
  facet normal -0 0 1
    outer loop
      vertex 30.4935 18.3732 11.5
      vertex 30.9376 16.9091 11.5
      vertex 30.6506 18.4294 11.5
    endloop
  endfacet
  facet normal 0 0 1
    outer loop
      vertex 30.9376 16.9091 11.5
      vertex 30.4935 18.3732 11.5
      vertex 30.6301 16.8321 11.5
    endloop
  endfacet
  facet normal -0 0 1
    outer loop
      vertex 30.3317 18.3327 11.5
      vertex 30.6301 16.8321 11.5
      vertex 30.4935 18.3732 11.5
    endloop
  endfacet
  facet normal 0 0 1
    outer loop
      vertex 30.3317 18.3327 11.5
      vertex 30.3166 16.7856 11.5
      vertex 30.6301 16.8321 11.5
    endloop
  endfacet
  facet normal -0 0 1
    outer loop
      vertex 30.1666 18.3082 11.5
      vertex 30.3166 16.7856 11.5
      vertex 30.3317 18.3327 11.5
    endloop
  endfacet
  facet normal -0 0 1
    outer loop
      vertex 30 18.3 11.5
      vertex 30.3166 16.7856 11.5
      vertex 30.1666 18.3082 11.5
    endloop
  endfacet
  facet normal 0 0 1
    outer loop
      vertex 30 18.3 11.5
      vertex 30 16.77 11.5
      vertex 30.3166 16.7856 11.5
    endloop
  endfacet
  facet normal 0 0 1
    outer loop
      vertex 29.8334 18.3082 11.5
      vertex 30 16.77 11.5
      vertex 30 18.3 11.5
    endloop
  endfacet
  facet normal 0 0 1
    outer loop
      vertex 29.8334 18.3082 11.5
      vertex 29.6834 16.7856 11.5
      vertex 30 16.77 11.5
    endloop
  endfacet
  facet normal 0 0 1
    outer loop
      vertex 29.6683 18.3327 11.5
      vertex 29.6834 16.7856 11.5
      vertex 29.8334 18.3082 11.5
    endloop
  endfacet
  facet normal 0 0 1
    outer loop
      vertex 29.3699 16.8321 11.5
      vertex 29.6683 18.3327 11.5
      vertex 29.5065 18.3732 11.5
    endloop
  endfacet
  facet normal 0 0 1
    outer loop
      vertex 29.6683 18.3327 11.5
      vertex 29.3699 16.8321 11.5
      vertex 29.6834 16.7856 11.5
    endloop
  endfacet
  facet normal 0 0 1
    outer loop
      vertex 29.0624 16.9091 11.5
      vertex 29.5065 18.3732 11.5
      vertex 29.3494 18.4294 11.5
    endloop
  endfacet
  facet normal 0 0 1
    outer loop
      vertex 28.7639 17.0159 11.5
      vertex 29.3494 18.4294 11.5
      vertex 29.1986 18.5007 11.5
    endloop
  endfacet
  facet normal 0 0 1
    outer loop
      vertex 29.5065 18.3732 11.5
      vertex 29.0624 16.9091 11.5
      vertex 29.3699 16.8321 11.5
    endloop
  endfacet
  facet normal 0 0 1
    outer loop
      vertex 28.4774 17.1514 11.5
      vertex 29.1986 18.5007 11.5
      vertex 29.0555 18.5865 11.5
    endloop
  endfacet
  facet normal 0 0 1
    outer loop
      vertex 28.2055 17.3144 11.5
      vertex 29.0555 18.5865 11.5
      vertex 28.9215 18.6859 11.5
    endloop
  endfacet
  facet normal 0 0 1
    outer loop
      vertex 27.9509 17.5032 11.5
      vertex 28.9215 18.6859 11.5
      vertex 28.7979 18.7979 11.5
    endloop
  endfacet
  facet normal 0 0 1
    outer loop
      vertex 29.3494 18.4294 11.5
      vertex 28.7639 17.0159 11.5
      vertex 29.0624 16.9091 11.5
    endloop
  endfacet
  facet normal 0 0 1
    outer loop
      vertex 27.716 17.716 11.5
      vertex 28.7979 18.7979 11.5
      vertex 28.6859 18.9215 11.5
    endloop
  endfacet
  facet normal 0 0 1
    outer loop
      vertex 27.5032 17.9509 11.5
      vertex 28.6859 18.9215 11.5
      vertex 28.5865 19.0555 11.5
    endloop
  endfacet
  facet normal 0 0 1
    outer loop
      vertex 27.3144 18.2055 11.5
      vertex 28.5865 19.0555 11.5
      vertex 28.5007 19.1986 11.5
    endloop
  endfacet
  facet normal 0 0 1
    outer loop
      vertex 29.1986 18.5007 11.5
      vertex 28.4774 17.1514 11.5
      vertex 28.7639 17.0159 11.5
    endloop
  endfacet
  facet normal 0 0 1
    outer loop
      vertex 27.1514 18.4774 11.5
      vertex 28.5007 19.1986 11.5
      vertex 28.4294 19.3494 11.5
    endloop
  endfacet
  facet normal 0 0 1
    outer loop
      vertex 27.0159 18.7639 11.5
      vertex 28.4294 19.3494 11.5
      vertex 28.3732 19.5065 11.5
    endloop
  endfacet
  facet normal 0 0 1
    outer loop
      vertex 26.9091 19.0624 11.5
      vertex 28.3732 19.5065 11.5
      vertex 28.3327 19.6683 11.5
    endloop
  endfacet
  facet normal 0 0 1
    outer loop
      vertex 26.8321 19.3699 11.5
      vertex 28.3327 19.6683 11.5
      vertex 28.3082 19.8334 11.5
    endloop
  endfacet
  facet normal 0 0 1
    outer loop
      vertex 29.0555 18.5865 11.5
      vertex 28.2055 17.3144 11.5
      vertex 28.4774 17.1514 11.5
    endloop
  endfacet
  facet normal 0 0 1
    outer loop
      vertex 26.7856 19.6834 11.5
      vertex 28.3082 19.8334 11.5
      vertex 28.3 20 11.5
    endloop
  endfacet
  facet normal 0 0 1
    outer loop
      vertex 28.5007 20.8014 11.5
      vertex 27.1514 21.5226 11.5
      vertex 28.4294 20.6506 11.5
    endloop
  endfacet
  facet normal -0 0 1
    outer loop
      vertex 27.0159 21.2361 11.5
      vertex 28.4294 20.6506 11.5
      vertex 27.1514 21.5226 11.5
    endloop
  endfacet
  facet normal 0 0 1
    outer loop
      vertex 28.9215 18.6859 11.5
      vertex 27.9509 17.5032 11.5
      vertex 28.2055 17.3144 11.5
    endloop
  endfacet
  facet normal 0 0 1
    outer loop
      vertex 28.4294 20.6506 11.5
      vertex 27.0159 21.2361 11.5
      vertex 28.3732 20.4935 11.5
    endloop
  endfacet
  facet normal 0 0 1
    outer loop
      vertex 28.7979 18.7979 11.5
      vertex 27.716 17.716 11.5
      vertex 27.9509 17.5032 11.5
    endloop
  endfacet
  facet normal -0 0 1
    outer loop
      vertex 26.9091 20.9376 11.5
      vertex 28.3732 20.4935 11.5
      vertex 27.0159 21.2361 11.5
    endloop
  endfacet
  facet normal 0 0 1
    outer loop
      vertex 28.6859 18.9215 11.5
      vertex 27.5032 17.9509 11.5
      vertex 27.716 17.716 11.5
    endloop
  endfacet
  facet normal 0 0 1
    outer loop
      vertex 28.3732 20.4935 11.5
      vertex 26.9091 20.9376 11.5
      vertex 28.3327 20.3317 11.5
    endloop
  endfacet
  facet normal 0 0 1
    outer loop
      vertex 28.5865 19.0555 11.5
      vertex 27.3144 18.2055 11.5
      vertex 27.5032 17.9509 11.5
    endloop
  endfacet
  facet normal -0 0 1
    outer loop
      vertex 26.8321 20.6301 11.5
      vertex 28.3327 20.3317 11.5
      vertex 26.9091 20.9376 11.5
    endloop
  endfacet
  facet normal 0 0 1
    outer loop
      vertex 28.5007 19.1986 11.5
      vertex 27.1514 18.4774 11.5
      vertex 27.3144 18.2055 11.5
    endloop
  endfacet
  facet normal 0 0 1
    outer loop
      vertex 28.3327 20.3317 11.5
      vertex 26.8321 20.6301 11.5
      vertex 28.3082 20.1666 11.5
    endloop
  endfacet
  facet normal 0 0 1
    outer loop
      vertex 28.4294 19.3494 11.5
      vertex 27.0159 18.7639 11.5
      vertex 27.1514 18.4774 11.5
    endloop
  endfacet
  facet normal -0 0 1
    outer loop
      vertex 26.7856 20.3166 11.5
      vertex 28.3082 20.1666 11.5
      vertex 26.8321 20.6301 11.5
    endloop
  endfacet
  facet normal 0 0 1
    outer loop
      vertex 28.3732 19.5065 11.5
      vertex 26.9091 19.0624 11.5
      vertex 27.0159 18.7639 11.5
    endloop
  endfacet
  facet normal 0 0 1
    outer loop
      vertex 28.3082 20.1666 11.5
      vertex 26.7856 20.3166 11.5
      vertex 28.3 20 11.5
    endloop
  endfacet
  facet normal 0 0 1
    outer loop
      vertex 28.3327 19.6683 11.5
      vertex 26.8321 19.3699 11.5
      vertex 26.9091 19.0624 11.5
    endloop
  endfacet
  facet normal 0 0 1
    outer loop
      vertex 26.77 20 11.5
      vertex 28.3 20 11.5
      vertex 26.7856 20.3166 11.5
    endloop
  endfacet
  facet normal 0 0 1
    outer loop
      vertex 28.3082 19.8334 11.5
      vertex 26.7856 19.6834 11.5
      vertex 26.8321 19.3699 11.5
    endloop
  endfacet
  facet normal 0 0 1
    outer loop
      vertex 28.3 20 11.5
      vertex 26.77 20 11.5
      vertex 26.7856 19.6834 11.5
    endloop
  endfacet
  facet normal 0.514171 -0.857688 0
    outer loop
      vertex 28.2055 22.6856 11.5
      vertex 28.4774 22.8486 14
      vertex 28.2055 22.6856 14
    endloop
  endfacet
  facet normal 0.514171 -0.857688 0
    outer loop
      vertex 28.4774 22.8486 14
      vertex 28.2055 22.6856 11.5
      vertex 28.4774 22.8486 11.5
    endloop
  endfacet
  facet normal 0.998788 0.0492138 0
    outer loop
      vertex 26.7856 19.6834 14
      vertex 26.77 20 11.5
      vertex 26.77 20 14
    endloop
  endfacet
  facet normal 0.998788 0.0492138 0
    outer loop
      vertex 26.77 20 11.5
      vertex 26.7856 19.6834 14
      vertex 26.7856 19.6834 11.5
    endloop
  endfacet
  facet normal 0.97005 -0.242907 0
    outer loop
      vertex 26.8321 20.6301 14
      vertex 26.9091 20.9376 11.5
      vertex 26.9091 20.9376 14
    endloop
  endfacet
  facet normal 0.97005 -0.242907 0
    outer loop
      vertex 26.9091 20.9376 11.5
      vertex 26.8321 20.6301 14
      vertex 26.8321 20.6301 11.5
    endloop
  endfacet
  facet normal -0.427544 0.903995 0
    outer loop
      vertex 31.5226 17.1514 11.5
      vertex 31.2361 17.0159 14
      vertex 31.5226 17.1514 14
    endloop
  endfacet
  facet normal -0.427544 0.903995 0
    outer loop
      vertex 31.2361 17.0159 14
      vertex 31.5226 17.1514 11.5
      vertex 31.2361 17.0159 11.5
    endloop
  endfacet
  facet normal 0.336876 -0.941549 0
    outer loop
      vertex 28.7639 22.9841 11.5
      vertex 29.0624 23.0909 14
      vertex 28.7639 22.9841 14
    endloop
  endfacet
  facet normal 0.336876 -0.941549 0
    outer loop
      vertex 29.0624 23.0909 14
      vertex 28.7639 22.9841 11.5
      vertex 29.0624 23.0909 11.5
    endloop
  endfacet
  facet normal -0.514171 0.857688 0
    outer loop
      vertex 31.7945 17.3144 11.5
      vertex 31.5226 17.1514 14
      vertex 31.7945 17.3144 14
    endloop
  endfacet
  facet normal -0.514171 0.857688 0
    outer loop
      vertex 31.5226 17.1514 14
      vertex 31.7945 17.3144 11.5
      vertex 31.5226 17.1514 11.5
    endloop
  endfacet
  facet normal -0.14672 0.989178 0
    outer loop
      vertex 30.6301 16.8321 11.5
      vertex 30.3166 16.7856 14
      vertex 30.6301 16.8321 14
    endloop
  endfacet
  facet normal -0.14672 0.989178 0
    outer loop
      vertex 30.3166 16.7856 14
      vertex 30.6301 16.8321 11.5
      vertex 30.3166 16.7856 11.5
    endloop
  endfacet
  facet normal -0.74111 0.671384 0
    outer loop
      vertex 32.284 17.716 11.5
      vertex 32.4968 17.9509 14
      vertex 32.4968 17.9509 11.5
    endloop
  endfacet
  facet normal -0.74111 0.671384 0
    outer loop
      vertex 32.4968 17.9509 14
      vertex 32.284 17.716 11.5
      vertex 32.284 17.716 14
    endloop
  endfacet
  facet normal -0.803244 0.59565 0
    outer loop
      vertex 32.4968 17.9509 11.5
      vertex 32.6856 18.2055 14
      vertex 32.6856 18.2055 11.5
    endloop
  endfacet
  facet normal -0.803244 0.59565 0
    outer loop
      vertex 32.6856 18.2055 14
      vertex 32.4968 17.9509 11.5
      vertex 32.4968 17.9509 14
    endloop
  endfacet
  facet normal 0.0492138 -0.998788 0
    outer loop
      vertex 29.6834 23.2144 11.5
      vertex 30 23.23 14
      vertex 29.6834 23.2144 14
    endloop
  endfacet
  facet normal 0.0492138 -0.998788 0
    outer loop
      vertex 30 23.23 14
      vertex 29.6834 23.2144 11.5
      vertex 30 23.23 11.5
    endloop
  endfacet
  facet normal 0.427544 -0.903995 0
    outer loop
      vertex 28.4774 22.8486 11.5
      vertex 28.7639 22.9841 14
      vertex 28.4774 22.8486 14
    endloop
  endfacet
  facet normal 0.427544 -0.903995 0
    outer loop
      vertex 28.7639 22.9841 14
      vertex 28.4774 22.8486 11.5
      vertex 28.7639 22.9841 11.5
    endloop
  endfacet
  facet normal 0.59565 -0.803244 0
    outer loop
      vertex 27.9509 22.4968 11.5
      vertex 28.2055 22.6856 14
      vertex 27.9509 22.4968 14
    endloop
  endfacet
  facet normal 0.59565 -0.803244 0
    outer loop
      vertex 28.2055 22.6856 14
      vertex 27.9509 22.4968 11.5
      vertex 28.2055 22.6856 11.5
    endloop
  endfacet
  facet normal 0.989178 -0.14672 0
    outer loop
      vertex 26.7856 20.3166 14
      vertex 26.8321 20.6301 11.5
      vertex 26.8321 20.6301 14
    endloop
  endfacet
  facet normal 0.989178 -0.14672 0
    outer loop
      vertex 26.8321 20.6301 11.5
      vertex 26.7856 20.3166 14
      vertex 26.7856 20.3166 11.5
    endloop
  endfacet
  facet normal 0.242907 0.97005 -0
    outer loop
      vertex 29.3699 16.8321 11.5
      vertex 29.0624 16.9091 14
      vertex 29.3699 16.8321 14
    endloop
  endfacet
  facet normal 0.242907 0.97005 0
    outer loop
      vertex 29.0624 16.9091 14
      vertex 29.3699 16.8321 11.5
      vertex 29.0624 16.9091 11.5
    endloop
  endfacet
  facet normal -0.97005 -0.242907 0
    outer loop
      vertex 33.1679 20.6301 11.5
      vertex 33.0909 20.9376 14
      vertex 33.0909 20.9376 11.5
    endloop
  endfacet
  facet normal -0.97005 -0.242907 0
    outer loop
      vertex 33.0909 20.9376 14
      vertex 33.1679 20.6301 11.5
      vertex 33.1679 20.6301 14
    endloop
  endfacet
  facet normal -0.803244 -0.59565 0
    outer loop
      vertex 32.6856 21.7945 11.5
      vertex 32.4968 22.0491 14
      vertex 32.4968 22.0491 11.5
    endloop
  endfacet
  facet normal -0.803244 -0.59565 0
    outer loop
      vertex 32.4968 22.0491 14
      vertex 32.6856 21.7945 11.5
      vertex 32.6856 21.7945 14
    endloop
  endfacet
  facet normal 0.803244 0.59565 0
    outer loop
      vertex 27.5032 17.9509 14
      vertex 27.3144 18.2055 11.5
      vertex 27.3144 18.2055 14
    endloop
  endfacet
  facet normal 0.803244 0.59565 0
    outer loop
      vertex 27.3144 18.2055 11.5
      vertex 27.5032 17.9509 14
      vertex 27.5032 17.9509 11.5
    endloop
  endfacet
  facet normal 0.903995 0.427544 0
    outer loop
      vertex 27.1514 18.4774 14
      vertex 27.0159 18.7639 11.5
      vertex 27.0159 18.7639 14
    endloop
  endfacet
  facet normal 0.903995 0.427544 0
    outer loop
      vertex 27.0159 18.7639 11.5
      vertex 27.1514 18.4774 14
      vertex 27.1514 18.4774 11.5
    endloop
  endfacet
  facet normal -0.14672 -0.989178 0
    outer loop
      vertex 30.3166 23.2144 11.5
      vertex 30.6301 23.1679 14
      vertex 30.3166 23.2144 14
    endloop
  endfacet
  facet normal -0.14672 -0.989178 -0
    outer loop
      vertex 30.6301 23.1679 14
      vertex 30.3166 23.2144 11.5
      vertex 30.6301 23.1679 11.5
    endloop
  endfacet
  facet normal 0.427544 0.903995 -0
    outer loop
      vertex 28.7639 17.0159 11.5
      vertex 28.4774 17.1514 14
      vertex 28.7639 17.0159 14
    endloop
  endfacet
  facet normal 0.427544 0.903995 0
    outer loop
      vertex 28.4774 17.1514 14
      vertex 28.7639 17.0159 11.5
      vertex 28.4774 17.1514 11.5
    endloop
  endfacet
  facet normal -0.59565 0.803244 0
    outer loop
      vertex 32.0491 17.5032 11.5
      vertex 31.7945 17.3144 14
      vertex 32.0491 17.5032 14
    endloop
  endfacet
  facet normal -0.59565 0.803244 0
    outer loop
      vertex 31.7945 17.3144 14
      vertex 32.0491 17.5032 11.5
      vertex 31.7945 17.3144 11.5
    endloop
  endfacet
  facet normal -0.998788 0.0492138 0
    outer loop
      vertex 33.2144 19.6834 11.5
      vertex 33.23 20 14
      vertex 33.23 20 11.5
    endloop
  endfacet
  facet normal -0.998788 0.0492138 0
    outer loop
      vertex 33.23 20 14
      vertex 33.2144 19.6834 11.5
      vertex 33.2144 19.6834 14
    endloop
  endfacet
  facet normal 0.14672 -0.989178 0
    outer loop
      vertex 29.3699 23.1679 11.5
      vertex 29.6834 23.2144 14
      vertex 29.3699 23.1679 14
    endloop
  endfacet
  facet normal 0.14672 -0.989178 0
    outer loop
      vertex 29.6834 23.2144 14
      vertex 29.3699 23.1679 11.5
      vertex 29.6834 23.2144 11.5
    endloop
  endfacet
  facet normal 0.989178 0.14672 0
    outer loop
      vertex 26.8321 19.3699 14
      vertex 26.7856 19.6834 11.5
      vertex 26.7856 19.6834 14
    endloop
  endfacet
  facet normal 0.989178 0.14672 0
    outer loop
      vertex 26.7856 19.6834 11.5
      vertex 26.8321 19.3699 14
      vertex 26.8321 19.3699 11.5
    endloop
  endfacet
  facet normal -0.336876 0.941549 0
    outer loop
      vertex 31.2361 17.0159 11.5
      vertex 30.9376 16.9091 14
      vertex 31.2361 17.0159 14
    endloop
  endfacet
  facet normal -0.336876 0.941549 0
    outer loop
      vertex 30.9376 16.9091 14
      vertex 31.2361 17.0159 11.5
      vertex 30.9376 16.9091 11.5
    endloop
  endfacet
  facet normal -0.242907 0.97005 0
    outer loop
      vertex 30.9376 16.9091 11.5
      vertex 30.6301 16.8321 14
      vertex 30.9376 16.9091 14
    endloop
  endfacet
  facet normal -0.242907 0.97005 0
    outer loop
      vertex 30.6301 16.8321 14
      vertex 30.9376 16.9091 11.5
      vertex 30.6301 16.8321 11.5
    endloop
  endfacet
  facet normal 0.903995 -0.427544 0
    outer loop
      vertex 27.0159 21.2361 14
      vertex 27.1514 21.5226 11.5
      vertex 27.1514 21.5226 14
    endloop
  endfacet
  facet normal 0.903995 -0.427544 0
    outer loop
      vertex 27.1514 21.5226 11.5
      vertex 27.0159 21.2361 14
      vertex 27.0159 21.2361 11.5
    endloop
  endfacet
  facet normal 0.74111 0.671384 0
    outer loop
      vertex 27.716 17.716 14
      vertex 27.5032 17.9509 11.5
      vertex 27.5032 17.9509 14
    endloop
  endfacet
  facet normal 0.74111 0.671384 0
    outer loop
      vertex 27.5032 17.9509 11.5
      vertex 27.716 17.716 14
      vertex 27.716 17.716 11.5
    endloop
  endfacet
  facet normal 0.59565 0.803244 -0
    outer loop
      vertex 28.2055 17.3144 11.5
      vertex 27.9509 17.5032 14
      vertex 28.2055 17.3144 14
    endloop
  endfacet
  facet normal 0.59565 0.803244 0
    outer loop
      vertex 27.9509 17.5032 14
      vertex 28.2055 17.3144 11.5
      vertex 27.9509 17.5032 11.5
    endloop
  endfacet
  facet normal -0.903995 0.427544 0
    outer loop
      vertex 32.8486 18.4774 11.5
      vertex 32.9841 18.7639 14
      vertex 32.9841 18.7639 11.5
    endloop
  endfacet
  facet normal -0.903995 0.427544 0
    outer loop
      vertex 32.9841 18.7639 14
      vertex 32.8486 18.4774 11.5
      vertex 32.8486 18.4774 14
    endloop
  endfacet
  facet normal -0.857688 0.514171 0
    outer loop
      vertex 32.6856 18.2055 11.5
      vertex 32.8486 18.4774 14
      vertex 32.8486 18.4774 11.5
    endloop
  endfacet
  facet normal -0.857688 0.514171 0
    outer loop
      vertex 32.8486 18.4774 14
      vertex 32.6856 18.2055 11.5
      vertex 32.6856 18.2055 14
    endloop
  endfacet
  facet normal 0.74111 -0.671384 0
    outer loop
      vertex 27.5032 22.0491 14
      vertex 27.716 22.284 11.5
      vertex 27.716 22.284 14
    endloop
  endfacet
  facet normal 0.74111 -0.671384 0
    outer loop
      vertex 27.716 22.284 11.5
      vertex 27.5032 22.0491 14
      vertex 27.5032 22.0491 11.5
    endloop
  endfacet
  facet normal 0.0492138 0.998788 -0
    outer loop
      vertex 30 16.77 11.5
      vertex 29.6834 16.7856 14
      vertex 30 16.77 14
    endloop
  endfacet
  facet normal 0.0492138 0.998788 0
    outer loop
      vertex 29.6834 16.7856 14
      vertex 30 16.77 11.5
      vertex 29.6834 16.7856 11.5
    endloop
  endfacet
  facet normal 0.998788 -0.0492138 0
    outer loop
      vertex 26.77 20 14
      vertex 26.7856 20.3166 11.5
      vertex 26.7856 20.3166 14
    endloop
  endfacet
  facet normal 0.998788 -0.0492138 0
    outer loop
      vertex 26.7856 20.3166 11.5
      vertex 26.77 20 14
      vertex 26.77 20 11.5
    endloop
  endfacet
  facet normal 0.336876 0.941549 -0
    outer loop
      vertex 29.0624 16.9091 11.5
      vertex 28.7639 17.0159 14
      vertex 29.0624 16.9091 14
    endloop
  endfacet
  facet normal 0.336876 0.941549 0
    outer loop
      vertex 28.7639 17.0159 14
      vertex 29.0624 16.9091 11.5
      vertex 28.7639 17.0159 11.5
    endloop
  endfacet
  facet normal -0.671384 0.74111 0
    outer loop
      vertex 32.284 17.716 11.5
      vertex 32.0491 17.5032 14
      vertex 32.284 17.716 14
    endloop
  endfacet
  facet normal -0.671384 0.74111 0
    outer loop
      vertex 32.0491 17.5032 14
      vertex 32.284 17.716 11.5
      vertex 32.0491 17.5032 11.5
    endloop
  endfacet
  facet normal 0 1 -0
    outer loop
      vertex 31.6877 17.0768 0
      vertex 28.3123 17.0768 2.6
      vertex 31.6877 17.0768 2.6
    endloop
  endfacet
  facet normal 0 1 0
    outer loop
      vertex 28.3123 17.0768 2.6
      vertex 31.6877 17.0768 0
      vertex 28.3123 17.0768 0
    endloop
  endfacet
  facet normal -0.866027 0.499998 0
    outer loop
      vertex 31.6877 17.0768 0
      vertex 33.3754 20 2.6
      vertex 33.3754 20 0
    endloop
  endfacet
  facet normal -0.866027 0.499998 0
    outer loop
      vertex 33.3754 20 2.6
      vertex 31.6877 17.0768 0
      vertex 31.6877 17.0768 2.6
    endloop
  endfacet
  facet normal 0 -1 0
    outer loop
      vertex 28.3123 22.9232 0
      vertex 31.6877 22.9232 2.6
      vertex 28.3123 22.9232 2.6
    endloop
  endfacet
  facet normal 0 -1 -0
    outer loop
      vertex 31.6877 22.9232 2.6
      vertex 28.3123 22.9232 0
      vertex 31.6877 22.9232 0
    endloop
  endfacet
  facet normal -0.866027 -0.499998 0
    outer loop
      vertex 33.3754 20 0
      vertex 31.6877 22.9232 2.6
      vertex 31.6877 22.9232 0
    endloop
  endfacet
  facet normal -0.866027 -0.499998 0
    outer loop
      vertex 31.6877 22.9232 2.6
      vertex 33.3754 20 0
      vertex 33.3754 20 2.6
    endloop
  endfacet
  facet normal 0.866027 -0.499998 0
    outer loop
      vertex 26.6246 20 2.6
      vertex 28.3123 22.9232 0
      vertex 28.3123 22.9232 2.6
    endloop
  endfacet
  facet normal 0.866027 -0.499998 0
    outer loop
      vertex 28.3123 22.9232 0
      vertex 26.6246 20 2.6
      vertex 26.6246 20 0
    endloop
  endfacet
  facet normal 0.866027 0.499998 0
    outer loop
      vertex 28.3123 17.0768 2.6
      vertex 26.6246 20 0
      vertex 26.6246 20 2.6
    endloop
  endfacet
  facet normal 0.866027 0.499998 0
    outer loop
      vertex 26.6246 20 0
      vertex 28.3123 17.0768 2.6
      vertex 28.3123 17.0768 0
    endloop
  endfacet
  facet normal -0 0 -1
    outer loop
      vertex 33.3754 20 2.6
      vertex 31.6918 19.8334 2.6
      vertex 31.7 20 2.6
    endloop
  endfacet
  facet normal 0 0 -1
    outer loop
      vertex 31.4993 19.1986 2.6
      vertex 33.3754 20 2.6
      vertex 31.6877 17.0768 2.6
    endloop
  endfacet
  facet normal 0 0 -1
    outer loop
      vertex 33.3754 20 2.6
      vertex 31.6673 19.6683 2.6
      vertex 31.6918 19.8334 2.6
    endloop
  endfacet
  facet normal 0 0 -1
    outer loop
      vertex 33.3754 20 2.6
      vertex 31.6268 19.5065 2.6
      vertex 31.6673 19.6683 2.6
    endloop
  endfacet
  facet normal 0 0 -1
    outer loop
      vertex 33.3754 20 2.6
      vertex 31.5706 19.3494 2.6
      vertex 31.6268 19.5065 2.6
    endloop
  endfacet
  facet normal 0 0 -1
    outer loop
      vertex 33.3754 20 2.6
      vertex 31.4993 19.1986 2.6
      vertex 31.5706 19.3494 2.6
    endloop
  endfacet
  facet normal 0 0 -1
    outer loop
      vertex 31.6877 17.0768 2.6
      vertex 31.4135 19.0555 2.6
      vertex 31.4993 19.1986 2.6
    endloop
  endfacet
  facet normal 0 0 -1
    outer loop
      vertex 31.6877 17.0768 2.6
      vertex 31.3141 18.9215 2.6
      vertex 31.4135 19.0555 2.6
    endloop
  endfacet
  facet normal 0 0 -1
    outer loop
      vertex 31.6877 17.0768 2.6
      vertex 31.2021 18.7979 2.6
      vertex 31.3141 18.9215 2.6
    endloop
  endfacet
  facet normal 0 0 -1
    outer loop
      vertex 31.6877 17.0768 2.6
      vertex 31.0785 18.6859 2.6
      vertex 31.2021 18.7979 2.6
    endloop
  endfacet
  facet normal 0 0 -1
    outer loop
      vertex 31.6877 17.0768 2.6
      vertex 30.9445 18.5865 2.6
      vertex 31.0785 18.6859 2.6
    endloop
  endfacet
  facet normal 0 0 -1
    outer loop
      vertex 31.6877 17.0768 2.6
      vertex 30.8014 18.5007 2.6
      vertex 30.9445 18.5865 2.6
    endloop
  endfacet
  facet normal 0 0 -1
    outer loop
      vertex 31.6877 17.0768 2.6
      vertex 30.6506 18.4294 2.6
      vertex 30.8014 18.5007 2.6
    endloop
  endfacet
  facet normal 0 0 -1
    outer loop
      vertex 31.6877 17.0768 2.6
      vertex 30.4935 18.3732 2.6
      vertex 30.6506 18.4294 2.6
    endloop
  endfacet
  facet normal 0 0 -1
    outer loop
      vertex 31.6877 17.0768 2.6
      vertex 30.3317 18.3327 2.6
      vertex 30.4935 18.3732 2.6
    endloop
  endfacet
  facet normal 0 0 -1
    outer loop
      vertex 31.6877 17.0768 2.6
      vertex 30.1666 18.3082 2.6
      vertex 30.3317 18.3327 2.6
    endloop
  endfacet
  facet normal 0 0 -1
    outer loop
      vertex 31.6877 17.0768 2.6
      vertex 30 18.3 2.6
      vertex 30.1666 18.3082 2.6
    endloop
  endfacet
  facet normal 0 0 -1
    outer loop
      vertex 28.3123 17.0768 2.6
      vertex 30 18.3 2.6
      vertex 31.6877 17.0768 2.6
    endloop
  endfacet
  facet normal -0 0 -1
    outer loop
      vertex 30 18.3 2.6
      vertex 28.3123 17.0768 2.6
      vertex 29.8334 18.3082 2.6
    endloop
  endfacet
  facet normal -0 0 -1
    outer loop
      vertex 29.8334 18.3082 2.6
      vertex 28.3123 17.0768 2.6
      vertex 29.6683 18.3327 2.6
    endloop
  endfacet
  facet normal -0 0 -1
    outer loop
      vertex 29.6683 18.3327 2.6
      vertex 28.3123 17.0768 2.6
      vertex 29.5065 18.3732 2.6
    endloop
  endfacet
  facet normal -0 0 -1
    outer loop
      vertex 29.5065 18.3732 2.6
      vertex 28.3123 17.0768 2.6
      vertex 29.3494 18.4294 2.6
    endloop
  endfacet
  facet normal -0 0 -1
    outer loop
      vertex 29.3494 18.4294 2.6
      vertex 28.3123 17.0768 2.6
      vertex 29.1986 18.5007 2.6
    endloop
  endfacet
  facet normal 0 0 -1
    outer loop
      vertex 28.3123 17.0768 2.6
      vertex 29.0555 18.5865 2.6
      vertex 29.1986 18.5007 2.6
    endloop
  endfacet
  facet normal 0 0 -1
    outer loop
      vertex 28.3123 17.0768 2.6
      vertex 28.9215 18.6859 2.6
      vertex 29.0555 18.5865 2.6
    endloop
  endfacet
  facet normal 0 0 -1
    outer loop
      vertex 28.3123 17.0768 2.6
      vertex 28.7979 18.7979 2.6
      vertex 28.9215 18.6859 2.6
    endloop
  endfacet
  facet normal 0 0 -1
    outer loop
      vertex 28.3123 17.0768 2.6
      vertex 28.6859 18.9215 2.6
      vertex 28.7979 18.7979 2.6
    endloop
  endfacet
  facet normal 0 0 -1
    outer loop
      vertex 28.3123 17.0768 2.6
      vertex 28.5865 19.0555 2.6
      vertex 28.6859 18.9215 2.6
    endloop
  endfacet
  facet normal 0 0 -1
    outer loop
      vertex 28.3123 17.0768 2.6
      vertex 28.5007 19.1986 2.6
      vertex 28.5865 19.0555 2.6
    endloop
  endfacet
  facet normal 0 0 -1
    outer loop
      vertex 26.6246 20 2.6
      vertex 28.5007 19.1986 2.6
      vertex 28.3123 17.0768 2.6
    endloop
  endfacet
  facet normal 0 0 -1
    outer loop
      vertex 28.5007 19.1986 2.6
      vertex 26.6246 20 2.6
      vertex 28.4294 19.3494 2.6
    endloop
  endfacet
  facet normal 0 0 -1
    outer loop
      vertex 28.4294 19.3494 2.6
      vertex 26.6246 20 2.6
      vertex 28.3732 19.5065 2.6
    endloop
  endfacet
  facet normal 0 0 -1
    outer loop
      vertex 28.3732 19.5065 2.6
      vertex 26.6246 20 2.6
      vertex 28.3327 19.6683 2.6
    endloop
  endfacet
  facet normal 0 0 -1
    outer loop
      vertex 28.3327 19.6683 2.6
      vertex 26.6246 20 2.6
      vertex 28.3082 19.8334 2.6
    endloop
  endfacet
  facet normal 0 0 -1
    outer loop
      vertex 28.3082 19.8334 2.6
      vertex 26.6246 20 2.6
      vertex 28.3 20 2.6
    endloop
  endfacet
  facet normal 0 0 -1
    outer loop
      vertex 31.6918 20.1666 2.6
      vertex 33.3754 20 2.6
      vertex 31.7 20 2.6
    endloop
  endfacet
  facet normal 0 0 -1
    outer loop
      vertex 31.6673 20.3317 2.6
      vertex 33.3754 20 2.6
      vertex 31.6918 20.1666 2.6
    endloop
  endfacet
  facet normal 0 0 -1
    outer loop
      vertex 31.6268 20.4935 2.6
      vertex 33.3754 20 2.6
      vertex 31.6673 20.3317 2.6
    endloop
  endfacet
  facet normal 0 0 -1
    outer loop
      vertex 31.5706 20.6506 2.6
      vertex 33.3754 20 2.6
      vertex 31.6268 20.4935 2.6
    endloop
  endfacet
  facet normal 0 0 -1
    outer loop
      vertex 31.4993 20.8014 2.6
      vertex 33.3754 20 2.6
      vertex 31.5706 20.6506 2.6
    endloop
  endfacet
  facet normal 0 0 -1
    outer loop
      vertex 33.3754 20 2.6
      vertex 31.4993 20.8014 2.6
      vertex 31.6877 22.9232 2.6
    endloop
  endfacet
  facet normal 0 0 -1
    outer loop
      vertex 31.4135 20.9445 2.6
      vertex 31.6877 22.9232 2.6
      vertex 31.4993 20.8014 2.6
    endloop
  endfacet
  facet normal 0 0 -1
    outer loop
      vertex 31.3141 21.0785 2.6
      vertex 31.6877 22.9232 2.6
      vertex 31.4135 20.9445 2.6
    endloop
  endfacet
  facet normal 0 0 -1
    outer loop
      vertex 31.2021 21.2021 2.6
      vertex 31.6877 22.9232 2.6
      vertex 31.3141 21.0785 2.6
    endloop
  endfacet
  facet normal 0 0 -1
    outer loop
      vertex 31.0785 21.3141 2.6
      vertex 31.6877 22.9232 2.6
      vertex 31.2021 21.2021 2.6
    endloop
  endfacet
  facet normal 0 0 -1
    outer loop
      vertex 30.9445 21.4135 2.6
      vertex 31.6877 22.9232 2.6
      vertex 31.0785 21.3141 2.6
    endloop
  endfacet
  facet normal 0 0 -1
    outer loop
      vertex 30.8014 21.4993 2.6
      vertex 31.6877 22.9232 2.6
      vertex 30.9445 21.4135 2.6
    endloop
  endfacet
  facet normal 0 0 -1
    outer loop
      vertex 30.6506 21.5706 2.6
      vertex 31.6877 22.9232 2.6
      vertex 30.8014 21.4993 2.6
    endloop
  endfacet
  facet normal 0 0 -1
    outer loop
      vertex 30.4935 21.6268 2.6
      vertex 31.6877 22.9232 2.6
      vertex 30.6506 21.5706 2.6
    endloop
  endfacet
  facet normal 0 0 -1
    outer loop
      vertex 30.3317 21.6673 2.6
      vertex 31.6877 22.9232 2.6
      vertex 30.4935 21.6268 2.6
    endloop
  endfacet
  facet normal 0 0 -1
    outer loop
      vertex 30.1666 21.6918 2.6
      vertex 31.6877 22.9232 2.6
      vertex 30.3317 21.6673 2.6
    endloop
  endfacet
  facet normal 0 0 -1
    outer loop
      vertex 30 21.7 2.6
      vertex 31.6877 22.9232 2.6
      vertex 30.1666 21.6918 2.6
    endloop
  endfacet
  facet normal 0 0 -1
    outer loop
      vertex 28.3123 22.9232 2.6
      vertex 30 21.7 2.6
      vertex 29.8334 21.6918 2.6
    endloop
  endfacet
  facet normal 0 0 -1
    outer loop
      vertex 28.3123 22.9232 2.6
      vertex 29.8334 21.6918 2.6
      vertex 29.6683 21.6673 2.6
    endloop
  endfacet
  facet normal 0 0 -1
    outer loop
      vertex 28.3123 22.9232 2.6
      vertex 29.6683 21.6673 2.6
      vertex 29.5065 21.6268 2.6
    endloop
  endfacet
  facet normal 0 0 -1
    outer loop
      vertex 28.3123 22.9232 2.6
      vertex 29.5065 21.6268 2.6
      vertex 29.3494 21.5706 2.6
    endloop
  endfacet
  facet normal 0 0 -1
    outer loop
      vertex 28.3123 22.9232 2.6
      vertex 29.3494 21.5706 2.6
      vertex 29.1986 21.4993 2.6
    endloop
  endfacet
  facet normal 0 0 -1
    outer loop
      vertex 30 21.7 2.6
      vertex 28.3123 22.9232 2.6
      vertex 31.6877 22.9232 2.6
    endloop
  endfacet
  facet normal 0 0 -1
    outer loop
      vertex 29.0555 21.4135 2.6
      vertex 28.3123 22.9232 2.6
      vertex 29.1986 21.4993 2.6
    endloop
  endfacet
  facet normal 0 0 -1
    outer loop
      vertex 28.9215 21.3141 2.6
      vertex 28.3123 22.9232 2.6
      vertex 29.0555 21.4135 2.6
    endloop
  endfacet
  facet normal 0 0 -1
    outer loop
      vertex 28.7979 21.2021 2.6
      vertex 28.3123 22.9232 2.6
      vertex 28.9215 21.3141 2.6
    endloop
  endfacet
  facet normal 0 0 -1
    outer loop
      vertex 28.6859 21.0785 2.6
      vertex 28.3123 22.9232 2.6
      vertex 28.7979 21.2021 2.6
    endloop
  endfacet
  facet normal 0 0 -1
    outer loop
      vertex 28.5865 20.9445 2.6
      vertex 28.3123 22.9232 2.6
      vertex 28.6859 21.0785 2.6
    endloop
  endfacet
  facet normal 0 0 -1
    outer loop
      vertex 28.5007 20.8014 2.6
      vertex 28.3123 22.9232 2.6
      vertex 28.5865 20.9445 2.6
    endloop
  endfacet
  facet normal 0 0 -1
    outer loop
      vertex 26.6246 20 2.6
      vertex 28.5007 20.8014 2.6
      vertex 28.4294 20.6506 2.6
    endloop
  endfacet
  facet normal 0 0 -1
    outer loop
      vertex 26.6246 20 2.6
      vertex 28.4294 20.6506 2.6
      vertex 28.3732 20.4935 2.6
    endloop
  endfacet
  facet normal 0 0 -1
    outer loop
      vertex 26.6246 20 2.6
      vertex 28.3732 20.4935 2.6
      vertex 28.3327 20.3317 2.6
    endloop
  endfacet
  facet normal 0 0 -1
    outer loop
      vertex 26.6246 20 2.6
      vertex 28.3327 20.3317 2.6
      vertex 28.3082 20.1666 2.6
    endloop
  endfacet
  facet normal 0 0 -1
    outer loop
      vertex 26.6246 20 2.6
      vertex 28.3082 20.1666 2.6
      vertex 28.3 20 2.6
    endloop
  endfacet
  facet normal -0 0 -1
    outer loop
      vertex 28.5007 20.8014 2.6
      vertex 26.6246 20 2.6
      vertex 28.3123 22.9232 2.6
    endloop
  endfacet
  facet normal -0.705527 -0.0472635 -0.707105
    outer loop
      vertex 0.144458 30.8436 2
      vertex 0 33 2
      vertex 2.1311 31.1098 0
    endloop
  endfacet
  facet normal 0.108146 0.994135 -0
    outer loop
      vertex 35.8527 54.5773 2
      vertex 32.9405 54.8941 12
      vertex 35.8527 54.5773 12
    endloop
  endfacet
  facet normal 0.108146 0.994135 0
    outer loop
      vertex 32.9405 54.8941 12
      vertex 35.8527 54.5773 2
      vertex 32.9405 54.8941 2
    endloop
  endfacet
  facet normal 0.231709 0.66806 0.707111
    outer loop
      vertex 44.1419 52.4023 12
      vertex 40.898 51.4105 14
      vertex 43.4107 50.539 14
    endloop
  endfacet
  facet normal -0.705527 -0.0472635 0.707105
    outer loop
      vertex 2.1311 31.1098 14
      vertex 0 33 12
      vertex 0.144458 30.8436 12
    endloop
  endfacet
  facet normal -0.635496 0.310079 -0.707104
    outer loop
      vertex 3.14403 38.6216 0
      vertex 1.29179 39.3863 2
      vertex 2.28361 41.419 2
    endloop
  endfacet
  facet normal -0.693072 -0.140194 -0.707104
    outer loop
      vertex 2.511 29.2317 0
      vertex 0.576441 28.708 2
      vertex 2.1311 31.1098 0
    endloop
  endfacet
  facet normal 0.179458 0.683953 0.707109
    outer loop
      vertex 38.7085 54.0527 12
      vertex 38.2736 52.0991 14
      vertex 40.898 51.4105 14
    endloop
  endfacet
  facet normal 0.284521 0.647335 -0.70711
    outer loop
      vertex 45.7853 49.4953 0
      vertex 43.4107 50.539 0
      vertex 44.1419 52.4023 2
    endloop
  endfacet
  facet normal -0.635489 0.310084 0.707108
    outer loop
      vertex 4.02887 40.435 14
      vertex 2.28361 41.419 12
      vertex 3.14403 38.6216 14
    endloop
  endfacet
  facet normal 0.946312 -0.323254 0
    outer loop
      vertex 58.7082 26.6137 12
      vertex 59.4236 28.708 2
      vertex 59.4236 28.708 12
    endloop
  endfacet
  facet normal 0.946312 -0.323254 0
    outer loop
      vertex 59.4236 28.708 2
      vertex 58.7082 26.6137 12
      vertex 58.7082 26.6137 2
    endloop
  endfacet
  facet normal -0.997764 -0.0668405 0
    outer loop
      vertex 0.144458 30.8436 2
      vertex 0 33 12
      vertex 0 33 2
    endloop
  endfacet
  facet normal -0.997764 -0.0668405 0
    outer loop
      vertex 0 33 12
      vertex 0.144458 30.8436 2
      vertex 0.144458 30.8436 12
    endloop
  endfacet
  facet normal -0.391414 0.588896 0.707104
    outer loop
      vertex 10.9682 50.0062 12
      vertex 9.97183 46.9425 14
      vertex 12.0016 48.2916 14
    endloop
  endfacet
  facet normal -0.444794 0.549698 0.7071
    outer loop
      vertex 8.7868 48.5564 12
      vertex 6.80969 46.9566 12
      vertex 8.14513 45.4645 14
    endloop
  endfacet
  facet normal -0.59424 0.383256 -0.707102
    outer loop
      vertex 5.16214 42.1922 0
      vertex 2.28361 41.419 2
      vertex 3.54236 43.3707 2
    endloop
  endfacet
  facet normal 0.39141 0.588899 -0.707104
    outer loop
      vertex 50.0282 46.9425 0
      vertex 47.9984 48.2916 0
      vertex 49.0318 50.0062 2
    endloop
  endfacet
  facet normal -0.980149 0.198262 0
    outer loop
      vertex 0.144458 35.1564 2
      vertex 0.576441 37.292 12
      vertex 0.576441 37.292 2
    endloop
  endfacet
  facet normal -0.980149 0.198262 0
    outer loop
      vertex 0.576441 37.292 12
      vertex 0.144458 35.1564 2
      vertex 0.144458 35.1564 12
    endloop
  endfacet
  facet normal -0.655999 -0.263945 0.707105
    outer loop
      vertex 13.3511 2 14
      vertex 3.16718 27.3107 14
      vertex 12 0 12
    endloop
  endfacet
  facet normal 0.655999 -0.263945 -0.707105
    outer loop
      vertex 48 0 2
      vertex 46.6489 2 0
      vertex 56.8328 27.3107 0
    endloop
  endfacet
  facet normal -0.69307 0.140192 -0.707107
    outer loop
      vertex 2.1311 34.8901 0
      vertex 0.144458 35.1564 2
      vertex 0.576441 37.292 2
    endloop
  endfacet
  facet normal -0.898723 0.438516 0
    outer loop
      vertex 1.29179 39.3863 2
      vertex 2.28361 41.419 12
      vertex 2.28361 41.419 2
    endloop
  endfacet
  facet normal -0.898723 0.438516 0
    outer loop
      vertex 2.28361 41.419 12
      vertex 1.29179 39.3863 2
      vertex 1.29179 39.3863 12
    endloop
  endfacet
  facet normal 0.980157 -0.198225 0
    outer loop
      vertex 59.4236 28.708 12
      vertex 59.8555 30.8436 2
      vertex 59.8555 30.8436 12
    endloop
  endfacet
  facet normal 0.980157 -0.198225 0
    outer loop
      vertex 59.8555 30.8436 2
      vertex 59.4236 28.708 12
      vertex 59.4236 28.708 2
    endloop
  endfacet
  facet normal 0.66914 -0.228574 0.707111
    outer loop
      vertex 59.4236 28.708 12
      vertex 56.8328 27.3107 14
      vertex 58.7082 26.6137 12
    endloop
  endfacet
  facet normal 0.774287 0.632835 0
    outer loop
      vertex 56.4576 43.3707 12
      vertex 54.9441 45.2225 2
      vertex 54.9441 45.2225 12
    endloop
  endfacet
  facet normal 0.774287 0.632835 0
    outer loop
      vertex 54.9441 45.2225 2
      vertex 56.4576 43.3707 12
      vertex 56.4576 43.3707 2
    endloop
  endfacet
  facet normal 0.655994 -0.263944 0.70711
    outer loop
      vertex 56.8328 27.3107 14
      vertex 48 0 12
      vertex 58.7082 26.6137 12
    endloop
  endfacet
  facet normal -0.127753 0.695457 -0.707121
    outer loop
      vertex 24.4366 52.5969 0
      vertex 21.2915 54.0527 2
      vertex 24.1473 54.5773 2
    endloop
  endfacet
  facet normal 0 -0.707107 -0.707107
    outer loop
      vertex 13.3511 2 0
      vertex 48 0 2
      vertex 12 0 2
    endloop
  endfacet
  facet normal 0 -0.707107 -0.707107
    outer loop
      vertex 48 0 2
      vertex 13.3511 2 0
      vertex 46.6489 2 0
    endloop
  endfacet
  facet normal -0.693069 0.140193 -0.707108
    outer loop
      vertex 2.1311 34.8901 0
      vertex 0.576441 37.292 2
      vertex 2.511 36.7682 0
    endloop
  endfacet
  facet normal -0.655996 -0.263945 -0.707109
    outer loop
      vertex 12 0 2
      vertex 1.29179 26.6137 2
      vertex 3.16718 27.3107 0
    endloop
  endfacet
  facet normal -0.705524 0.0472602 -0.707108
    outer loop
      vertex 2.00449 33 0
      vertex 0 33 2
      vertex 2.1311 34.8901 0
    endloop
  endfacet
  facet normal 0.547508 0.447482 -0.707103
    outer loop
      vertex 54.8378 42.1922 0
      vertex 53.4626 43.8748 0
      vertex 54.9441 45.2225 2
    endloop
  endfacet
  facet normal -0.946319 -0.323234 0
    outer loop
      vertex 1.29179 26.6137 2
      vertex 0.576441 28.708 12
      vertex 0.576441 28.708 2
    endloop
  endfacet
  facet normal -0.946319 -0.323234 0
    outer loop
      vertex 0.576441 28.708 12
      vertex 1.29179 26.6137 2
      vertex 1.29179 26.6137 12
    endloop
  endfacet
  facet normal -0.69307 0.140192 0.707107
    outer loop
      vertex 0.576441 37.292 12
      vertex 0.144458 35.1564 12
      vertex 2.1311 34.8901 14
    endloop
  endfacet
  facet normal -0.669148 -0.228569 0.707104
    outer loop
      vertex 2.511 29.2317 14
      vertex 0.576441 28.708 12
      vertex 3.16718 27.3107 14
    endloop
  endfacet
  facet normal -0.997764 0.0668405 0
    outer loop
      vertex 0 33 2
      vertex 0.144458 35.1564 12
      vertex 0.144458 35.1564 2
    endloop
  endfacet
  facet normal -0.997764 0.0668405 0
    outer loop
      vertex 0.144458 35.1564 12
      vertex 0 33 2
      vertex 0 33 12
    endloop
  endfacet
  facet normal -0.497175 0.502817 -0.707101
    outer loop
      vertex 8.14513 45.4645 0
      vertex 5.05591 45.2225 2
      vertex 6.80969 46.9566 2
    endloop
  endfacet
  facet normal -0.669149 0.228548 -0.707111
    outer loop
      vertex 2.511 36.7682 0
      vertex 0.576441 37.292 2
      vertex 3.14403 38.6216 0
    endloop
  endfacet
  facet normal 0.693085 -0.140168 -0.707097
    outer loop
      vertex 59.4236 28.708 2
      vertex 57.8689 31.1098 0
      vertex 59.8555 30.8436 2
    endloop
  endfacet
  facet normal -0.669147 -0.22856 -0.707109
    outer loop
      vertex 1.29179 26.6137 2
      vertex 0.576441 28.708 2
      vertex 3.16718 27.3107 0
    endloop
  endfacet
  facet normal -0.946319 0.323234 0
    outer loop
      vertex 0.576441 37.292 2
      vertex 1.29179 39.3863 12
      vertex 1.29179 39.3863 2
    endloop
  endfacet
  facet normal -0.946319 0.323234 0
    outer loop
      vertex 1.29179 39.3863 12
      vertex 0.576441 37.292 2
      vertex 0.576441 37.292 12
    endloop
  endfacet
  facet normal -0.127741 0.695468 0.707111
    outer loop
      vertex 24.4366 52.5969 14
      vertex 21.2915 54.0527 12
      vertex 21.7264 52.0991 14
    endloop
  endfacet
  facet normal 0.635504 0.310077 0.707098
    outer loop
      vertex 57.7164 41.419 12
      vertex 56.856 38.6216 14
      vertex 58.7082 39.3863 12
    endloop
  endfacet
  facet normal -0.5475 0.447495 -0.707102
    outer loop
      vertex 5.16214 42.1922 0
      vertex 5.05591 45.2225 2
      vertex 6.5374 43.8748 0
    endloop
  endfacet
  facet normal 0.0764877 0.702945 -0.70712
    outer loop
      vertex 35.5634 52.5969 0
      vertex 32.7962 52.898 0
      vertex 35.8527 54.5773 2
    endloop
  endfacet
  facet normal 0.337856 0.621175 0.707103
    outer loop
      vertex 49.0318 50.0062 12
      vertex 45.7853 49.4953 14
      vertex 47.9984 48.2916 14
    endloop
  endfacet
  facet normal 0.49718 0.502809 -0.707104
    outer loop
      vertex 53.4626 43.8748 0
      vertex 51.8549 45.4645 0
      vertex 54.9441 45.2225 2
    endloop
  endfacet
  facet normal -0.655999 -0.263945 -0.707105
    outer loop
      vertex 12 0 2
      vertex 3.16718 27.3107 0
      vertex 13.3511 2 0
    endloop
  endfacet
  facet normal -0.705524 -0.0472577 -0.707108
    outer loop
      vertex 2.1311 31.1098 0
      vertex 0 33 2
      vertex 2.00449 33 0
    endloop
  endfacet
  facet normal -0.669147 -0.22856 0.707109
    outer loop
      vertex 3.16718 27.3107 14
      vertex 0.576441 28.708 12
      vertex 1.29179 26.6137 12
    endloop
  endfacet
  facet normal -0.693073 -0.140193 -0.707104
    outer loop
      vertex 0.576441 28.708 2
      vertex 0.144458 30.8436 2
      vertex 2.1311 31.1098 0
    endloop
  endfacet
  facet normal 0.655999 -0.263945 0.707105
    outer loop
      vertex 56.8328 27.3107 14
      vertex 46.6489 2 14
      vertex 48 0 12
    endloop
  endfacet
  facet normal -0.693072 -0.140194 0.707104
    outer loop
      vertex 2.1311 31.1098 14
      vertex 0.576441 28.708 12
      vertex 2.511 29.2317 14
    endloop
  endfacet
  facet normal -0.497175 0.502817 0.707101
    outer loop
      vertex 6.80969 46.9566 12
      vertex 5.05591 45.2225 12
      vertex 8.14513 45.4645 14
    endloop
  endfacet
  facet normal -0.705526 0.0472634 0.707107
    outer loop
      vertex 0.144458 35.1564 12
      vertex 0 33 12
      vertex 2.1311 34.8901 14
    endloop
  endfacet
  facet normal -0.693069 0.140193 0.707108
    outer loop
      vertex 2.511 36.7682 14
      vertex 0.576441 37.292 12
      vertex 2.1311 34.8901 14
    endloop
  endfacet
  facet normal 0.127741 0.695468 -0.707111
    outer loop
      vertex 38.2736 52.0991 0
      vertex 35.5634 52.5969 0
      vertex 38.7085 54.0527 2
    endloop
  endfacet
  facet normal -0.705526 0.0472634 -0.707107
    outer loop
      vertex 2.1311 34.8901 0
      vertex 0 33 2
      vertex 0.144458 35.1564 2
    endloop
  endfacet
  facet normal 0.39141 0.588899 0.707104
    outer loop
      vertex 49.0318 50.0062 12
      vertex 47.9984 48.2916 14
      vertex 50.0282 46.9425 14
    endloop
  endfacet
  facet normal 0.946312 0.323254 0
    outer loop
      vertex 59.4236 37.292 12
      vertex 58.7082 39.3863 2
      vertex 58.7082 39.3863 12
    endloop
  endfacet
  facet normal 0.946312 0.323254 0
    outer loop
      vertex 58.7082 39.3863 2
      vertex 59.4236 37.292 12
      vertex 59.4236 37.292 2
    endloop
  endfacet
  facet normal -0.127741 0.695468 -0.707111
    outer loop
      vertex 21.7264 52.0991 0
      vertex 21.2915 54.0527 2
      vertex 24.4366 52.5969 0
    endloop
  endfacet
  facet normal 0.62903 0.777381 -0
    outer loop
      vertex 53.1903 46.9566 2
      vertex 51.2132 48.5564 12
      vertex 53.1903 46.9566 12
    endloop
  endfacet
  facet normal 0.62903 0.777381 0
    outer loop
      vertex 51.2132 48.5564 12
      vertex 53.1903 46.9566 2
      vertex 51.2132 48.5564 2
    endloop
  endfacet
  facet normal 0.997762 -0.0668599 0
    outer loop
      vertex 59.8555 30.8436 12
      vertex 60 33 2
      vertex 60 33 12
    endloop
  endfacet
  facet normal 0.997762 -0.0668599 0
    outer loop
      vertex 60 33 2
      vertex 59.8555 30.8436 12
      vertex 59.8555 30.8436 2
    endloop
  endfacet
  facet normal 0.655994 -0.263944 -0.70711
    outer loop
      vertex 58.7082 26.6137 2
      vertex 48 0 2
      vertex 56.8328 27.3107 0
    endloop
  endfacet
  facet normal 0.66914 -0.228574 -0.707111
    outer loop
      vertex 58.7082 26.6137 2
      vertex 56.8328 27.3107 0
      vertex 59.4236 28.708 2
    endloop
  endfacet
  facet normal 0.444771 0.549704 -0.70711
    outer loop
      vertex 51.8549 45.4645 0
      vertex 50.0282 46.9425 0
      vertex 51.2132 48.5564 2
    endloop
  endfacet
  facet normal 0.0254494 0.706649 0.707107
    outer loop
      vertex 32.9405 54.8941 12
      vertex 30 55 12
      vertex 32.7962 52.898 14
    endloop
  endfacet
  facet normal 0.0254486 0.706648 0.707107
    outer loop
      vertex 30 55 12
      vertex 30 52.9987 14
      vertex 32.7962 52.898 14
    endloop
  endfacet
  facet normal 0.547506 0.447483 0.707104
    outer loop
      vertex 54.9441 45.2225 12
      vertex 54.8378 42.1922 14
      vertex 56.4576 43.3707 12
    endloop
  endfacet
  facet normal 0.693081 0.140168 0.707101
    outer loop
      vertex 59.4236 37.292 12
      vertex 57.8689 34.8901 14
      vertex 59.8555 35.1564 12
    endloop
  endfacet
  facet normal -0.391392 0.588897 0.707116
    outer loop
      vertex 10.9682 50.0062 12
      vertex 8.7868 48.5564 12
      vertex 9.97183 46.9425 14
    endloop
  endfacet
  facet normal -0.0764904 0.702944 0.70712
    outer loop
      vertex 27.2037 52.898 14
      vertex 24.1473 54.5773 12
      vertex 24.4366 52.5969 14
    endloop
  endfacet
  facet normal 0.0254494 0.706649 -0.707107
    outer loop
      vertex 32.7962 52.898 0
      vertex 30 55 2
      vertex 32.9405 54.8941 2
    endloop
  endfacet
  facet normal -0.444794 0.549698 -0.7071
    outer loop
      vertex 8.14513 45.4645 0
      vertex 6.80969 46.9566 2
      vertex 8.7868 48.5564 2
    endloop
  endfacet
  facet normal -0.444768 0.549701 0.707113
    outer loop
      vertex 8.7868 48.5564 12
      vertex 8.14513 45.4645 14
      vertex 9.97183 46.9425 14
    endloop
  endfacet
  facet normal -0.0254495 0.706649 0.707106
    outer loop
      vertex 30 55 12
      vertex 27.0595 54.8941 12
      vertex 27.2037 52.898 14
    endloop
  endfacet
  facet normal -0.669148 -0.228569 -0.707104
    outer loop
      vertex 3.16718 27.3107 0
      vertex 0.576441 28.708 2
      vertex 2.511 29.2317 0
    endloop
  endfacet
  facet normal -0.337856 0.621175 -0.707103
    outer loop
      vertex 12.0016 48.2916 0
      vertex 10.9682 50.0062 2
      vertex 14.2147 49.4953 0
    endloop
  endfacet
  facet normal 0 -0.707107 0.707107
    outer loop
      vertex 12 0 12
      vertex 46.6489 2 14
      vertex 13.3511 2 14
    endloop
  endfacet
  facet normal 0 -0.707107 0.707107
    outer loop
      vertex 46.6489 2 14
      vertex 12 0 12
      vertex 48 0 12
    endloop
  endfacet
  facet normal -0.655996 -0.263945 0.707109
    outer loop
      vertex 3.16718 27.3107 14
      vertex 1.29179 26.6137 12
      vertex 12 0 12
    endloop
  endfacet
  facet normal -0.693073 -0.140193 0.707104
    outer loop
      vertex 2.1311 31.1098 14
      vertex 0.144458 30.8436 12
      vertex 0.576441 28.708 12
    endloop
  endfacet
  facet normal -0.980149 -0.198262 0
    outer loop
      vertex 0.576441 28.708 2
      vertex 0.144458 30.8436 12
      vertex 0.144458 30.8436 2
    endloop
  endfacet
  facet normal -0.980149 -0.198262 0
    outer loop
      vertex 0.144458 30.8436 12
      vertex 0.576441 28.708 2
      vertex 0.576441 28.708 12
    endloop
  endfacet
  facet normal -0.927721 -0.373275 0
    outer loop
      vertex 12 0 2
      vertex 1.29179 26.6137 12
      vertex 1.29179 26.6137 2
    endloop
  endfacet
  facet normal -0.927721 -0.373275 0
    outer loop
      vertex 1.29179 26.6137 12
      vertex 12 0 2
      vertex 12 0 12
    endloop
  endfacet
  facet normal 0 -1 0
    outer loop
      vertex 12 0 12
      vertex 17.6 0 8.4
      vertex 48 0 12
    endloop
  endfacet
  facet normal 0 -1 0
    outer loop
      vertex 12 0 12
      vertex 17.6 0 5.6
      vertex 17.6 0 8.4
    endloop
  endfacet
  facet normal 0 -1 -0
    outer loop
      vertex 17.6 0 5.6
      vertex 12 0 2
      vertex 42.4 0 5.6
    endloop
  endfacet
  facet normal 0 -1 0
    outer loop
      vertex 12 0 2
      vertex 17.6 0 5.6
      vertex 12 0 12
    endloop
  endfacet
  facet normal 0 -1 0
    outer loop
      vertex 42.4 0 8.4
      vertex 48 0 12
      vertex 17.6 0 8.4
    endloop
  endfacet
  facet normal 0 -1 0
    outer loop
      vertex 42.4 0 5.6
      vertex 48 0 12
      vertex 42.4 0 8.4
    endloop
  endfacet
  facet normal 0 -1 0
    outer loop
      vertex 42.4 0 5.6
      vertex 48 0 2
      vertex 48 0 12
    endloop
  endfacet
  facet normal 0 -1 0
    outer loop
      vertex 48 0 2
      vertex 42.4 0 5.6
      vertex 12 0 2
    endloop
  endfacet
  facet normal -0.231696 0.668078 0.707099
    outer loop
      vertex 18.5195 53.3253 12
      vertex 15.8581 52.4023 12
      vertex 19.102 51.4105 14
    endloop
  endfacet
  facet normal -0.284521 0.647335 0.70711
    outer loop
      vertex 15.8581 52.4023 12
      vertex 14.2147 49.4953 14
      vertex 16.5893 50.539 14
    endloop
  endfacet
  facet normal -0.705524 0.0472602 0.707108
    outer loop
      vertex 2.1311 34.8901 14
      vertex 0 33 12
      vertex 2.00449 33 14
    endloop
  endfacet
  facet normal -0.705524 -0.0472577 0.707108
    outer loop
      vertex 2.00449 33 14
      vertex 0 33 12
      vertex 2.1311 31.1098 14
    endloop
  endfacet
  facet normal -0.840377 0.542002 0
    outer loop
      vertex 2.28361 41.419 2
      vertex 3.54236 43.3707 12
      vertex 3.54236 43.3707 2
    endloop
  endfacet
  facet normal -0.840377 0.542002 0
    outer loop
      vertex 3.54236 43.3707 12
      vertex 2.28361 41.419 2
      vertex 2.28361 41.419 12
    endloop
  endfacet
  facet normal -0.669151 0.228562 -0.707104
    outer loop
      vertex 3.14403 38.6216 0
      vertex 0.576441 37.292 2
      vertex 1.29179 39.3863 2
    endloop
  endfacet
  facet normal -0.108146 0.994135 0
    outer loop
      vertex 27.0595 54.8941 2
      vertex 24.1473 54.5773 12
      vertex 27.0595 54.8941 12
    endloop
  endfacet
  facet normal -0.108146 0.994135 0
    outer loop
      vertex 24.1473 54.5773 12
      vertex 27.0595 54.8941 2
      vertex 24.1473 54.5773 2
    endloop
  endfacet
  facet normal 0.337848 0.621188 0.707095
    outer loop
      vertex 46.6671 51.2923 12
      vertex 45.7853 49.4953 14
      vertex 49.0318 50.0062 12
    endloop
  endfacet
  facet normal 0.231696 0.668078 -0.707099
    outer loop
      vertex 44.1419 52.4023 2
      vertex 40.898 51.4105 0
      vertex 41.4805 53.3253 2
    endloop
  endfacet
  facet normal 0.927721 -0.373275 0
    outer loop
      vertex 48 0 12
      vertex 58.7082 26.6137 2
      vertex 58.7082 26.6137 12
    endloop
  endfacet
  facet normal 0.927721 -0.373275 0
    outer loop
      vertex 58.7082 26.6137 2
      vertex 48 0 12
      vertex 48 0 2
    endloop
  endfacet
  facet normal 0.66914 -0.228573 -0.707111
    outer loop
      vertex 59.4236 28.708 2
      vertex 56.8328 27.3107 0
      vertex 57.489 29.2317 0
    endloop
  endfacet
  facet normal -0.284551 0.64734 -0.707094
    outer loop
      vertex 14.2147 49.4953 0
      vertex 13.3329 51.2923 2
      vertex 15.8581 52.4023 2
    endloop
  endfacet
  facet normal 0.705522 0.0472769 -0.707109
    outer loop
      vertex 60 33 2
      vertex 57.9955 33 0
      vertex 59.8555 35.1564 2
    endloop
  endfacet
  facet normal 0.035991 0.999352 -0
    outer loop
      vertex 32.9405 54.8941 2
      vertex 30 55 12
      vertex 32.9405 54.8941 12
    endloop
  endfacet
  facet normal 0.035991 0.999352 0
    outer loop
      vertex 30 55 12
      vertex 32.9405 54.8941 2
      vertex 30 55 2
    endloop
  endfacet
  facet normal 0.693062 0.140192 -0.707115
    outer loop
      vertex 57.8689 34.8901 0
      vertex 57.489 36.7682 0
      vertex 59.4236 37.292 2
    endloop
  endfacet
  facet normal 0.594232 0.383248 -0.707114
    outer loop
      vertex 55.9711 40.435 0
      vertex 54.8378 42.1922 0
      vertex 57.7164 41.419 2
    endloop
  endfacet
  facet normal -0.179478 0.68396 -0.707097
    outer loop
      vertex 19.102 51.4105 0
      vertex 18.5195 53.3253 2
      vertex 21.2915 54.0527 2
    endloop
  endfacet
  facet normal 0.59423 0.383264 0.707106
    outer loop
      vertex 56.4576 43.3707 12
      vertex 54.8378 42.1922 14
      vertex 57.7164 41.419 12
    endloop
  endfacet
  facet normal -0.180673 0.983543 0
    outer loop
      vertex 24.1473 54.5773 2
      vertex 21.2915 54.0527 12
      vertex 24.1473 54.5773 12
    endloop
  endfacet
  facet normal -0.180673 0.983543 0
    outer loop
      vertex 21.2915 54.0527 12
      vertex 24.1473 54.5773 2
      vertex 21.2915 54.0527 2
    endloop
  endfacet
  facet normal 0.0764706 0.70296 0.707106
    outer loop
      vertex 32.9405 54.8941 12
      vertex 32.7962 52.898 14
      vertex 35.8527 54.5773 12
    endloop
  endfacet
  facet normal 0.444771 0.549704 0.70711
    outer loop
      vertex 51.2132 48.5564 12
      vertex 50.0282 46.9425 14
      vertex 51.8549 45.4645 14
    endloop
  endfacet
  facet normal 0.127741 0.695468 0.707111
    outer loop
      vertex 38.7085 54.0527 12
      vertex 35.5634 52.5969 14
      vertex 38.2736 52.0991 14
    endloop
  endfacet
  facet normal 0.0254486 0.706648 -0.707107
    outer loop
      vertex 32.7962 52.898 0
      vertex 30 52.9987 0
      vertex 30 55 2
    endloop
  endfacet
  facet normal 0.693085 -0.140168 0.707097
    outer loop
      vertex 59.8555 30.8436 12
      vertex 57.8689 31.1098 14
      vertex 59.4236 28.708 12
    endloop
  endfacet
  facet normal -0.0254477 0.706648 -0.707107
    outer loop
      vertex 30 52.9987 0
      vertex 27.2037 52.898 0
      vertex 30 55 2
    endloop
  endfacet
  facet normal 0.705535 -0.0472547 -0.707098
    outer loop
      vertex 59.8555 30.8436 2
      vertex 57.8689 31.1098 0
      vertex 57.9955 33 0
    endloop
  endfacet
  facet normal 0.49718 0.502809 0.707104
    outer loop
      vertex 54.9441 45.2225 12
      vertex 51.8549 45.4645 14
      vertex 53.4626 43.8748 14
    endloop
  endfacet
  facet normal 0.705534 0.0472571 -0.707099
    outer loop
      vertex 57.9955 33 0
      vertex 57.8689 34.8901 0
      vertex 59.8555 35.1564 2
    endloop
  endfacet
  facet normal -0.402408 0.91546 0
    outer loop
      vertex 15.8581 52.4023 2
      vertex 13.3329 51.2923 12
      vertex 15.8581 52.4023 12
    endloop
  endfacet
  facet normal -0.402408 0.91546 0
    outer loop
      vertex 13.3329 51.2923 12
      vertex 15.8581 52.4023 2
      vertex 13.3329 51.2923 2
    endloop
  endfacet
  facet normal -0.284521 0.647335 -0.70711
    outer loop
      vertex 16.5893 50.539 0
      vertex 14.2147 49.4953 0
      vertex 15.8581 52.4023 2
    endloop
  endfacet
  facet normal 0.127753 0.695457 0.707121
    outer loop
      vertex 35.8527 54.5773 12
      vertex 35.5634 52.5969 14
      vertex 38.7085 54.0527 12
    endloop
  endfacet
  facet normal -0.179478 0.68396 0.707097
    outer loop
      vertex 21.2915 54.0527 12
      vertex 18.5195 53.3253 12
      vertex 19.102 51.4105 14
    endloop
  endfacet
  facet normal 0.669152 0.228578 0.707098
    outer loop
      vertex 58.7082 39.3863 12
      vertex 56.856 38.6216 14
      vertex 59.4236 37.292 12
    endloop
  endfacet
  facet normal -0.669149 0.228548 0.707111
    outer loop
      vertex 3.14403 38.6216 14
      vertex 0.576441 37.292 12
      vertex 2.511 36.7682 14
    endloop
  endfacet
  facet normal 0.179478 0.68396 0.707097
    outer loop
      vertex 41.4805 53.3253 12
      vertex 38.7085 54.0527 12
      vertex 40.898 51.4105 14
    endloop
  endfacet
  facet normal -0.179458 0.683953 0.707109
    outer loop
      vertex 21.2915 54.0527 12
      vertex 19.102 51.4105 14
      vertex 21.7264 52.0991 14
    endloop
  endfacet
  facet normal 0.231709 0.66806 -0.707111
    outer loop
      vertex 43.4107 50.539 0
      vertex 40.898 51.4105 0
      vertex 44.1419 52.4023 2
    endloop
  endfacet
  facet normal -0.444768 0.549701 -0.707113
    outer loop
      vertex 9.97183 46.9425 0
      vertex 8.14513 45.4645 0
      vertex 8.7868 48.5564 2
    endloop
  endfacet
  facet normal -0.497176 0.502815 -0.707102
    outer loop
      vertex 6.5374 43.8748 0
      vertex 5.05591 45.2225 2
      vertex 8.14513 45.4645 0
    endloop
  endfacet
  facet normal 0.0764706 0.70296 -0.707106
    outer loop
      vertex 35.8527 54.5773 2
      vertex 32.7962 52.898 0
      vertex 32.9405 54.8941 2
    endloop
  endfacet
  facet normal 0 0 -1
    outer loop
      vertex 39.5483 33.4742 0
      vertex 57.9955 33 0
      vertex 57.8689 31.1098 0
    endloop
  endfacet
  facet normal 0 0 -1
    outer loop
      vertex 39.4869 32.851 0
      vertex 57.8689 31.1098 0
      vertex 57.489 29.2317 0
    endloop
  endfacet
  facet normal 0 -0 -1
    outer loop
      vertex 39.5525 33.6023 0
      vertex 57.9955 33 0
      vertex 39.5483 33.4742 0
    endloop
  endfacet
  facet normal 0 0 -1
    outer loop
      vertex 57.9955 33 0
      vertex 39.5525 33.6023 0
      vertex 57.8689 34.8901 0
    endloop
  endfacet
  facet normal 0 0 -1
    outer loop
      vertex 39.4869 32.851 0
      vertex 57.489 29.2317 0
      vertex 56.8328 27.3107 0
    endloop
  endfacet
  facet normal 0 -0 -1
    outer loop
      vertex 39.5687 34.1 0
      vertex 57.8689 34.8901 0
      vertex 39.5525 33.6023 0
    endloop
  endfacet
  facet normal 0 0 -1
    outer loop
      vertex 39.5525 34.5977 0
      vertex 57.489 36.7682 0
      vertex 39.5687 34.1 0
    endloop
  endfacet
  facet normal 0 0 -1
    outer loop
      vertex 39.5483 34.7258 0
      vertex 56.856 38.6216 0
      vertex 39.5525 34.5977 0
    endloop
  endfacet
  facet normal -0 0 -1
    outer loop
      vertex 56.856 38.6216 0
      vertex 39.5483 34.7258 0
      vertex 55.9711 40.435 0
    endloop
  endfacet
  facet normal -0 0 -1
    outer loop
      vertex 55.9711 40.435 0
      vertex 39.4869 35.349 0
      vertex 54.8378 42.1922 0
    endloop
  endfacet
  facet normal 0 0 -1
    outer loop
      vertex 39.3849 35.9668 0
      vertex 54.8378 42.1922 0
      vertex 39.4058 35.8403 0
    endloop
  endfacet
  facet normal 0 0 -1
    outer loop
      vertex 33.3754 20 0
      vertex 56.8328 27.3107 0
      vertex 46.6489 2 0
    endloop
  endfacet
  facet normal 0 -0 -1
    outer loop
      vertex 39.4058 32.3597 0
      vertex 56.8328 27.3107 0
      vertex 39.3849 32.2332 0
    endloop
  endfacet
  facet normal 0 0 -1
    outer loop
      vertex 57.8689 31.1098 0
      vertex 39.5357 33.3466 0
      vertex 39.5483 33.4742 0
    endloop
  endfacet
  facet normal 0 0 -1
    outer loop
      vertex 39.5357 34.8534 0
      vertex 55.9711 40.435 0
      vertex 39.5483 34.7258 0
    endloop
  endfacet
  facet normal -0 0 -1
    outer loop
      vertex 54.8378 42.1922 0
      vertex 39.3849 35.9668 0
      vertex 53.4626 43.8748 0
    endloop
  endfacet
  facet normal 0 0 -1
    outer loop
      vertex 39.4058 35.8403 0
      vertex 54.8378 42.1922 0
      vertex 39.4869 35.349 0
    endloop
  endfacet
  facet normal 0 0 -1
    outer loop
      vertex 39.4869 35.349 0
      vertex 55.9711 40.435 0
      vertex 39.5357 34.8534 0
    endloop
  endfacet
  facet normal -0 0 -1
    outer loop
      vertex 57.489 36.7682 0
      vertex 39.5525 34.5977 0
      vertex 56.856 38.6216 0
    endloop
  endfacet
  facet normal -0 0 -1
    outer loop
      vertex 57.8689 34.8901 0
      vertex 39.5687 34.1 0
      vertex 57.489 36.7682 0
    endloop
  endfacet
  facet normal 0 0 -1
    outer loop
      vertex 57.8689 31.1098 0
      vertex 39.4869 32.851 0
      vertex 39.5357 33.3466 0
    endloop
  endfacet
  facet normal 0 -0 -1
    outer loop
      vertex 39.4869 32.851 0
      vertex 56.8328 27.3107 0
      vertex 39.4058 32.3597 0
    endloop
  endfacet
  facet normal 0 0 -1
    outer loop
      vertex 56.8328 27.3107 0
      vertex 39.2718 31.7483 0
      vertex 39.3849 32.2332 0
    endloop
  endfacet
  facet normal 0 0 -1
    outer loop
      vertex 56.8328 27.3107 0
      vertex 39.2427 31.6234 0
      vertex 39.2718 31.7483 0
    endloop
  endfacet
  facet normal 0 0 -1
    outer loop
      vertex 56.8328 27.3107 0
      vertex 39.2055 31.5008 0
      vertex 39.2427 31.6234 0
    endloop
  endfacet
  facet normal 0 0 -1
    outer loop
      vertex 56.8328 27.3107 0
      vertex 39.0609 31.0242 0
      vertex 39.2055 31.5008 0
    endloop
  endfacet
  facet normal 0 0 -1
    outer loop
      vertex 56.8328 27.3107 0
      vertex 38.8855 30.5582 0
      vertex 39.0609 31.0242 0
    endloop
  endfacet
  facet normal 0 0 -1
    outer loop
      vertex 56.8328 27.3107 0
      vertex 38.8404 30.4382 0
      vertex 38.8855 30.5582 0
    endloop
  endfacet
  facet normal 0 0 -1
    outer loop
      vertex 56.8328 27.3107 0
      vertex 38.6349 29.9846 0
      vertex 38.8404 30.4382 0
    endloop
  endfacet
  facet normal 0 0 -1
    outer loop
      vertex 56.8328 27.3107 0
      vertex 38.5819 29.8679 0
      vertex 38.6349 29.9846 0
    endloop
  endfacet
  facet normal 0 0 -1
    outer loop
      vertex 56.8328 27.3107 0
      vertex 38.5215 29.7548 0
      vertex 38.5819 29.8679 0
    endloop
  endfacet
  facet normal 0 0 -1
    outer loop
      vertex 56.8328 27.3107 0
      vertex 38.2868 29.3156 0
      vertex 38.5215 29.7548 0
    endloop
  endfacet
  facet normal 0 0 -1
    outer loop
      vertex 56.8328 27.3107 0
      vertex 38.2191 29.2068 0
      vertex 38.2868 29.3156 0
    endloop
  endfacet
  facet normal 0 0 -1
    outer loop
      vertex 56.8328 27.3107 0
      vertex 37.9561 28.7839 0
      vertex 38.2191 29.2068 0
    endloop
  endfacet
  facet normal 0 0 -1
    outer loop
      vertex 56.8328 27.3107 0
      vertex 37.6661 28.3791 0
      vertex 37.9561 28.7839 0
    endloop
  endfacet
  facet normal 0 0 -1
    outer loop
      vertex 56.8328 27.3107 0
      vertex 37.5914 28.2749 0
      vertex 37.6661 28.3791 0
    endloop
  endfacet
  facet normal 0 0 -1
    outer loop
      vertex 56.8328 27.3107 0
      vertex 37.5101 28.1758 0
      vertex 37.5914 28.2749 0
    endloop
  endfacet
  facet normal 0 0 -1
    outer loop
      vertex 56.8328 27.3107 0
      vertex 37.1942 27.7909 0
      vertex 37.5101 28.1758 0
    endloop
  endfacet
  facet normal 0 -0 -1
    outer loop
      vertex 37.1065 27.6973 0
      vertex 56.8328 27.3107 0
      vertex 33.3754 20 0
    endloop
  endfacet
  facet normal 0 0 -1
    outer loop
      vertex 56.8328 27.3107 0
      vertex 37.1065 27.6973 0
      vertex 37.1942 27.7909 0
    endloop
  endfacet
  facet normal 0 0 -1
    outer loop
      vertex 37.1065 27.6973 0
      vertex 33.3754 20 0
      vertex 36.7661 27.3339 0
    endloop
  endfacet
  facet normal 0 0 -1
    outer loop
      vertex 36.7661 27.3339 0
      vertex 33.3754 20 0
      vertex 36.4027 26.9935 0
    endloop
  endfacet
  facet normal 0 0 -1
    outer loop
      vertex 36.4027 26.9935 0
      vertex 33.3754 20 0
      vertex 36.3091 26.9058 0
    endloop
  endfacet
  facet normal 0 0 -1
    outer loop
      vertex 36.3091 26.9058 0
      vertex 33.3754 20 0
      vertex 36.21 26.8245 0
    endloop
  endfacet
  facet normal 0 0 -1
    outer loop
      vertex 36.21 26.8245 0
      vertex 33.3754 20 0
      vertex 35.8251 26.5086 0
    endloop
  endfacet
  facet normal 0 0 -1
    outer loop
      vertex 35.8251 26.5086 0
      vertex 33.3754 20 0
      vertex 35.7209 26.4339 0
    endloop
  endfacet
  facet normal 0 0 -1
    outer loop
      vertex 35.7209 26.4339 0
      vertex 33.3754 20 0
      vertex 35.3161 26.1439 0
    endloop
  endfacet
  facet normal 0 0 -1
    outer loop
      vertex 35.3161 26.1439 0
      vertex 33.3754 20 0
      vertex 34.8932 25.8809 0
    endloop
  endfacet
  facet normal 0 0 -1
    outer loop
      vertex 34.8932 25.8809 0
      vertex 33.3754 20 0
      vertex 34.7844 25.8132 0
    endloop
  endfacet
  facet normal 0 0 -1
    outer loop
      vertex 34.7844 25.8132 0
      vertex 33.3754 20 0
      vertex 34.3452 25.5785 0
    endloop
  endfacet
  facet normal 0 0 -1
    outer loop
      vertex 34.3452 25.5785 0
      vertex 33.3754 20 0
      vertex 34.2321 25.5181 0
    endloop
  endfacet
  facet normal 0 0 -1
    outer loop
      vertex 34.2321 25.5181 0
      vertex 33.3754 20 0
      vertex 33.7786 25.3125 0
    endloop
  endfacet
  facet normal 0 0 -1
    outer loop
      vertex 33.7786 25.3125 0
      vertex 33.3754 20 0
      vertex 33.6618 25.2596 0
    endloop
  endfacet
  facet normal 0 0 -1
    outer loop
      vertex 33.6618 25.2596 0
      vertex 33.3754 20 0
      vertex 33.5418 25.2145 0
    endloop
  endfacet
  facet normal 0 0 -1
    outer loop
      vertex 46.6489 2 0
      vertex 31.6877 17.0768 0
      vertex 33.3754 20 0
    endloop
  endfacet
  facet normal 0 0 -1
    outer loop
      vertex 46.6489 2 0
      vertex 28.3123 17.0768 0
      vertex 31.6877 17.0768 0
    endloop
  endfacet
  facet normal 0 0 -1
    outer loop
      vertex 26.6246 20 0
      vertex 26.3382 25.2596 0
      vertex 26.4582 25.2145 0
    endloop
  endfacet
  facet normal 0 0 -1
    outer loop
      vertex 26.6246 20 0
      vertex 26.2214 25.3125 0
      vertex 26.3382 25.2596 0
    endloop
  endfacet
  facet normal 0 0 -1
    outer loop
      vertex 26.6246 20 0
      vertex 25.7679 25.5181 0
      vertex 26.2214 25.3125 0
    endloop
  endfacet
  facet normal 0 0 -1
    outer loop
      vertex 26.6246 20 0
      vertex 25.6548 25.5785 0
      vertex 25.7679 25.5181 0
    endloop
  endfacet
  facet normal 0 0 -1
    outer loop
      vertex 26.6246 20 0
      vertex 25.2156 25.8132 0
      vertex 25.6548 25.5785 0
    endloop
  endfacet
  facet normal 0 0 -1
    outer loop
      vertex 26.6246 20 0
      vertex 25.1068 25.8809 0
      vertex 25.2156 25.8132 0
    endloop
  endfacet
  facet normal 0 0 -1
    outer loop
      vertex 26.6246 20 0
      vertex 24.6839 26.1439 0
      vertex 25.1068 25.8809 0
    endloop
  endfacet
  facet normal 0 0 -1
    outer loop
      vertex 26.6246 20 0
      vertex 24.2791 26.4339 0
      vertex 24.6839 26.1439 0
    endloop
  endfacet
  facet normal 0 0 -1
    outer loop
      vertex 26.6246 20 0
      vertex 24.1749 26.5086 0
      vertex 24.2791 26.4339 0
    endloop
  endfacet
  facet normal 0 0 -1
    outer loop
      vertex 26.6246 20 0
      vertex 23.79 26.8245 0
      vertex 24.1749 26.5086 0
    endloop
  endfacet
  facet normal 0 0 -1
    outer loop
      vertex 26.6246 20 0
      vertex 23.6909 26.9058 0
      vertex 23.79 26.8245 0
    endloop
  endfacet
  facet normal 0 0 -1
    outer loop
      vertex 26.6246 20 0
      vertex 23.5973 26.9935 0
      vertex 23.6909 26.9058 0
    endloop
  endfacet
  facet normal 0 0 -1
    outer loop
      vertex 26.6246 20 0
      vertex 23.2339 27.3339 0
      vertex 23.5973 26.9935 0
    endloop
  endfacet
  facet normal 0 0 -1
    outer loop
      vertex 26.6246 20 0
      vertex 22.8935 27.6973 0
      vertex 23.2339 27.3339 0
    endloop
  endfacet
  facet normal 0 0 -1
    outer loop
      vertex 3.16718 27.3107 0
      vertex 22.8935 27.6973 0
      vertex 26.6246 20 0
    endloop
  endfacet
  facet normal -0 0 -1
    outer loop
      vertex 22.8935 27.6973 0
      vertex 3.16718 27.3107 0
      vertex 22.8058 27.7909 0
    endloop
  endfacet
  facet normal -0 0 -1
    outer loop
      vertex 22.8058 27.7909 0
      vertex 3.16718 27.3107 0
      vertex 22.4899 28.1758 0
    endloop
  endfacet
  facet normal -0 0 -1
    outer loop
      vertex 22.4899 28.1758 0
      vertex 3.16718 27.3107 0
      vertex 22.4086 28.2749 0
    endloop
  endfacet
  facet normal -0 0 -1
    outer loop
      vertex 22.4086 28.2749 0
      vertex 3.16718 27.3107 0
      vertex 22.3339 28.3791 0
    endloop
  endfacet
  facet normal -0 0 -1
    outer loop
      vertex 22.3339 28.3791 0
      vertex 3.16718 27.3107 0
      vertex 22.0439 28.7839 0
    endloop
  endfacet
  facet normal -0 0 -1
    outer loop
      vertex 22.0439 28.7839 0
      vertex 3.16718 27.3107 0
      vertex 21.7809 29.2068 0
    endloop
  endfacet
  facet normal -0 0 -1
    outer loop
      vertex 21.7809 29.2068 0
      vertex 3.16718 27.3107 0
      vertex 21.7132 29.3156 0
    endloop
  endfacet
  facet normal -0 0 -1
    outer loop
      vertex 21.7132 29.3156 0
      vertex 3.16718 27.3107 0
      vertex 21.4785 29.7548 0
    endloop
  endfacet
  facet normal 0 0 -1
    outer loop
      vertex 3.16718 27.3107 0
      vertex 20.7945 31.5008 0
      vertex 20.9391 31.0242 0
    endloop
  endfacet
  facet normal 0 0 -1
    outer loop
      vertex 2.1311 31.1098 0
      vertex 20.4643 33.3466 0
      vertex 20.5131 32.851 0
    endloop
  endfacet
  facet normal 0 0 -1
    outer loop
      vertex 2.1311 34.8901 0
      vertex 20.4313 34.1 0
      vertex 20.4475 33.6023 0
    endloop
  endfacet
  facet normal 0 0 -1
    outer loop
      vertex 2.00449 33 0
      vertex 20.4475 33.6023 0
      vertex 20.4517 33.4742 0
    endloop
  endfacet
  facet normal 0 0 -1
    outer loop
      vertex 20.4313 34.1 0
      vertex 16.5893 50.539 0
      vertex 19.102 51.4105 0
    endloop
  endfacet
  facet normal -0 0 -1
    outer loop
      vertex 20.4643 33.3466 0
      vertex 2.1311 31.1098 0
      vertex 20.4517 33.4742 0
    endloop
  endfacet
  facet normal 0 0 -1
    outer loop
      vertex 3.16718 27.3107 0
      vertex 20.5131 32.851 0
      vertex 20.5942 32.3597 0
    endloop
  endfacet
  facet normal 0 0 -1
    outer loop
      vertex 3.16718 27.3107 0
      vertex 20.5942 32.3597 0
      vertex 20.6151 32.2332 0
    endloop
  endfacet
  facet normal 0 0 -1
    outer loop
      vertex 20.4313 34.1 0
      vertex 14.2147 49.4953 0
      vertex 16.5893 50.539 0
    endloop
  endfacet
  facet normal 0 0 -1
    outer loop
      vertex 3.16718 27.3107 0
      vertex 20.6151 32.2332 0
      vertex 20.7282 31.7483 0
    endloop
  endfacet
  facet normal 0 0 -1
    outer loop
      vertex 3.16718 27.3107 0
      vertex 20.7282 31.7483 0
      vertex 20.7573 31.6234 0
    endloop
  endfacet
  facet normal -0 0 -1
    outer loop
      vertex 20.7945 31.5008 0
      vertex 3.16718 27.3107 0
      vertex 20.7573 31.6234 0
    endloop
  endfacet
  facet normal 0 0 -1
    outer loop
      vertex 13.3511 2 0
      vertex 28.3123 17.0768 0
      vertex 46.6489 2 0
    endloop
  endfacet
  facet normal 0 0 -1
    outer loop
      vertex 13.3511 2 0
      vertex 26.6246 20 0
      vertex 28.3123 17.0768 0
    endloop
  endfacet
  facet normal 0 0 -1
    outer loop
      vertex 3.16718 27.3107 0
      vertex 26.6246 20 0
      vertex 13.3511 2 0
    endloop
  endfacet
  facet normal -0 0 -1
    outer loop
      vertex 21.4785 29.7548 0
      vertex 3.16718 27.3107 0
      vertex 21.4181 29.8679 0
    endloop
  endfacet
  facet normal -0 0 -1
    outer loop
      vertex 21.4181 29.8679 0
      vertex 3.16718 27.3107 0
      vertex 21.3651 29.9846 0
    endloop
  endfacet
  facet normal -0 0 -1
    outer loop
      vertex 21.3651 29.9846 0
      vertex 3.16718 27.3107 0
      vertex 21.1596 30.4382 0
    endloop
  endfacet
  facet normal -0 0 -1
    outer loop
      vertex 21.1596 30.4382 0
      vertex 3.16718 27.3107 0
      vertex 21.1145 30.5582 0
    endloop
  endfacet
  facet normal -0 0 -1
    outer loop
      vertex 21.1145 30.5582 0
      vertex 3.16718 27.3107 0
      vertex 20.9391 31.0242 0
    endloop
  endfacet
  facet normal 0 0 -1
    outer loop
      vertex 20.5131 32.851 0
      vertex 3.16718 27.3107 0
      vertex 2.511 29.2317 0
    endloop
  endfacet
  facet normal 0 0 -1
    outer loop
      vertex 20.4313 34.1 0
      vertex 12.0016 48.2916 0
      vertex 14.2147 49.4953 0
    endloop
  endfacet
  facet normal 0 0 -1
    outer loop
      vertex 20.4313 34.1 0
      vertex 9.97183 46.9425 0
      vertex 12.0016 48.2916 0
    endloop
  endfacet
  facet normal 0 0 -1
    outer loop
      vertex 20.4313 34.1 0
      vertex 8.14513 45.4645 0
      vertex 9.97183 46.9425 0
    endloop
  endfacet
  facet normal 0 0 -1
    outer loop
      vertex 20.4313 34.1 0
      vertex 6.5374 43.8748 0
      vertex 8.14513 45.4645 0
    endloop
  endfacet
  facet normal 0 0 -1
    outer loop
      vertex 20.4313 34.1 0
      vertex 5.16214 42.1922 0
      vertex 6.5374 43.8748 0
    endloop
  endfacet
  facet normal 0 0 -1
    outer loop
      vertex 20.4313 34.1 0
      vertex 4.02887 40.435 0
      vertex 5.16214 42.1922 0
    endloop
  endfacet
  facet normal 0 0 -1
    outer loop
      vertex 20.4313 34.1 0
      vertex 3.14403 38.6216 0
      vertex 4.02887 40.435 0
    endloop
  endfacet
  facet normal 0 0 -1
    outer loop
      vertex 20.5131 32.851 0
      vertex 2.511 29.2317 0
      vertex 2.1311 31.1098 0
    endloop
  endfacet
  facet normal 0 0 -1
    outer loop
      vertex 20.4313 34.1 0
      vertex 2.511 36.7682 0
      vertex 3.14403 38.6216 0
    endloop
  endfacet
  facet normal 0 0 -1
    outer loop
      vertex 20.4517 33.4742 0
      vertex 2.1311 31.1098 0
      vertex 2.00449 33 0
    endloop
  endfacet
  facet normal 0 0 -1
    outer loop
      vertex 20.4313 34.1 0
      vertex 2.1311 34.8901 0
      vertex 2.511 36.7682 0
    endloop
  endfacet
  facet normal -0 0 -1
    outer loop
      vertex 20.4475 33.6023 0
      vertex 2.00449 33 0
      vertex 2.1311 34.8901 0
    endloop
  endfacet
  facet normal 0 0 -1
    outer loop
      vertex 39.3558 36.0916 0
      vertex 53.4626 43.8748 0
      vertex 39.3849 35.9668 0
    endloop
  endfacet
  facet normal 0 0 -1
    outer loop
      vertex 39.2427 36.5766 0
      vertex 53.4626 43.8748 0
      vertex 39.3558 36.0916 0
    endloop
  endfacet
  facet normal -0 0 -1
    outer loop
      vertex 53.4626 43.8748 0
      vertex 39.2427 36.5766 0
      vertex 51.8549 45.4645 0
    endloop
  endfacet
  facet normal 0 0 -1
    outer loop
      vertex 39.2055 36.6992 0
      vertex 51.8549 45.4645 0
      vertex 39.2427 36.5766 0
    endloop
  endfacet
  facet normal 0 0 -1
    outer loop
      vertex 39.0609 37.1758 0
      vertex 51.8549 45.4645 0
      vertex 39.2055 36.6992 0
    endloop
  endfacet
  facet normal 0 0 -1
    outer loop
      vertex 38.8855 37.6418 0
      vertex 51.8549 45.4645 0
      vertex 39.0609 37.1758 0
    endloop
  endfacet
  facet normal -0 0 -1
    outer loop
      vertex 51.8549 45.4645 0
      vertex 38.8855 37.6418 0
      vertex 50.0282 46.9425 0
    endloop
  endfacet
  facet normal 0 0 -1
    outer loop
      vertex 38.8404 37.7618 0
      vertex 50.0282 46.9425 0
      vertex 38.8855 37.6418 0
    endloop
  endfacet
  facet normal 0 0 -1
    outer loop
      vertex 38.6349 38.2154 0
      vertex 50.0282 46.9425 0
      vertex 38.8404 37.7618 0
    endloop
  endfacet
  facet normal 0 0 -1
    outer loop
      vertex 38.5819 38.3321 0
      vertex 50.0282 46.9425 0
      vertex 38.6349 38.2154 0
    endloop
  endfacet
  facet normal -0 0 -1
    outer loop
      vertex 50.0282 46.9425 0
      vertex 38.5819 38.3321 0
      vertex 47.9984 48.2916 0
    endloop
  endfacet
  facet normal 0 0 -1
    outer loop
      vertex 38.5215 38.4452 0
      vertex 47.9984 48.2916 0
      vertex 38.5819 38.3321 0
    endloop
  endfacet
  facet normal 0 0 -1
    outer loop
      vertex 38.2868 38.8844 0
      vertex 47.9984 48.2916 0
      vertex 38.5215 38.4452 0
    endloop
  endfacet
  facet normal 0 0 -1
    outer loop
      vertex 38.2191 38.9932 0
      vertex 47.9984 48.2916 0
      vertex 38.2868 38.8844 0
    endloop
  endfacet
  facet normal 0 0 -1
    outer loop
      vertex 37.9561 39.4161 0
      vertex 47.9984 48.2916 0
      vertex 38.2191 38.9932 0
    endloop
  endfacet
  facet normal -0 0 -1
    outer loop
      vertex 47.9984 48.2916 0
      vertex 37.9561 39.4161 0
      vertex 45.7853 49.4953 0
    endloop
  endfacet
  facet normal 0 0 -1
    outer loop
      vertex 37.6661 39.8209 0
      vertex 45.7853 49.4953 0
      vertex 37.9561 39.4161 0
    endloop
  endfacet
  facet normal 0 0 -1
    outer loop
      vertex 37.5914 39.9251 0
      vertex 45.7853 49.4953 0
      vertex 37.6661 39.8209 0
    endloop
  endfacet
  facet normal 0 0 -1
    outer loop
      vertex 37.5101 40.0242 0
      vertex 45.7853 49.4953 0
      vertex 37.5914 39.9251 0
    endloop
  endfacet
  facet normal 0 0 -1
    outer loop
      vertex 37.1942 40.4091 0
      vertex 45.7853 49.4953 0
      vertex 37.5101 40.0242 0
    endloop
  endfacet
  facet normal -0 0 -1
    outer loop
      vertex 45.7853 49.4953 0
      vertex 37.1942 40.4091 0
      vertex 43.4107 50.539 0
    endloop
  endfacet
  facet normal 0 0 -1
    outer loop
      vertex 36.8538 40.7726 0
      vertex 43.4107 50.539 0
      vertex 37.1942 40.4091 0
    endloop
  endfacet
  facet normal 0 0 -1
    outer loop
      vertex 36.7661 40.8661 0
      vertex 43.4107 50.539 0
      vertex 36.8538 40.7726 0
    endloop
  endfacet
  facet normal 0 0 -1
    outer loop
      vertex 36.6726 40.9538 0
      vertex 43.4107 50.539 0
      vertex 36.7661 40.8661 0
    endloop
  endfacet
  facet normal 0 0 -1
    outer loop
      vertex 36.3091 41.2942 0
      vertex 43.4107 50.539 0
      vertex 36.6726 40.9538 0
    endloop
  endfacet
  facet normal -0 0 -1
    outer loop
      vertex 43.4107 50.539 0
      vertex 36.3091 41.2942 0
      vertex 40.898 51.4105 0
    endloop
  endfacet
  facet normal 0 0 -1
    outer loop
      vertex 36.21 41.3755 0
      vertex 40.898 51.4105 0
      vertex 36.3091 41.2942 0
    endloop
  endfacet
  facet normal 0 0 -1
    outer loop
      vertex 35.8251 41.6914 0
      vertex 40.898 51.4105 0
      vertex 36.21 41.3755 0
    endloop
  endfacet
  facet normal 0 0 -1
    outer loop
      vertex 35.7209 41.7661 0
      vertex 40.898 51.4105 0
      vertex 35.8251 41.6914 0
    endloop
  endfacet
  facet normal 0 0 -1
    outer loop
      vertex 35.3161 42.0561 0
      vertex 40.898 51.4105 0
      vertex 35.7209 41.7661 0
    endloop
  endfacet
  facet normal -0 0 -1
    outer loop
      vertex 40.898 51.4105 0
      vertex 35.3161 42.0561 0
      vertex 38.2736 52.0991 0
    endloop
  endfacet
  facet normal 0 0 -1
    outer loop
      vertex 34.8932 42.3191 0
      vertex 38.2736 52.0991 0
      vertex 35.3161 42.0561 0
    endloop
  endfacet
  facet normal 0 0 -1
    outer loop
      vertex 34.7844 42.3868 0
      vertex 38.2736 52.0991 0
      vertex 34.8932 42.3191 0
    endloop
  endfacet
  facet normal 0 0 -1
    outer loop
      vertex 34.3452 42.6215 0
      vertex 38.2736 52.0991 0
      vertex 34.7844 42.3868 0
    endloop
  endfacet
  facet normal 0 0 -1
    outer loop
      vertex 34.2321 42.6819 0
      vertex 38.2736 52.0991 0
      vertex 34.3452 42.6215 0
    endloop
  endfacet
  facet normal 0 0 -1
    outer loop
      vertex 34.1154 42.7349 0
      vertex 38.2736 52.0991 0
      vertex 34.2321 42.6819 0
    endloop
  endfacet
  facet normal -0 0 -1
    outer loop
      vertex 38.2736 52.0991 0
      vertex 34.1154 42.7349 0
      vertex 35.5634 52.5969 0
    endloop
  endfacet
  facet normal 0 0 -1
    outer loop
      vertex 33.6618 42.9404 0
      vertex 35.5634 52.5969 0
      vertex 34.1154 42.7349 0
    endloop
  endfacet
  facet normal 0 0 -1
    outer loop
      vertex 33.1957 43.1158 0
      vertex 35.5634 52.5969 0
      vertex 33.6618 42.9404 0
    endloop
  endfacet
  facet normal 0 0 -1
    outer loop
      vertex 33.0758 43.1609 0
      vertex 35.5634 52.5969 0
      vertex 33.1957 43.1158 0
    endloop
  endfacet
  facet normal 0 0 -1
    outer loop
      vertex 32.9531 43.1981 0
      vertex 35.5634 52.5969 0
      vertex 33.0758 43.1609 0
    endloop
  endfacet
  facet normal 0 0 -1
    outer loop
      vertex 32.4766 43.3427 0
      vertex 35.5634 52.5969 0
      vertex 32.9531 43.1981 0
    endloop
  endfacet
  facet normal -0 0 -1
    outer loop
      vertex 35.5634 52.5969 0
      vertex 32.4766 43.3427 0
      vertex 32.7962 52.898 0
    endloop
  endfacet
  facet normal 0 0 -1
    outer loop
      vertex 31.9916 43.4558 0
      vertex 32.7962 52.898 0
      vertex 32.4766 43.3427 0
    endloop
  endfacet
  facet normal 0 0 -1
    outer loop
      vertex 31.8668 43.4849 0
      vertex 32.7962 52.898 0
      vertex 31.9916 43.4558 0
    endloop
  endfacet
  facet normal 0 0 -1
    outer loop
      vertex 31.3755 43.566 0
      vertex 32.7962 52.898 0
      vertex 31.8668 43.4849 0
    endloop
  endfacet
  facet normal 0 0 -1
    outer loop
      vertex 31.249 43.5869 0
      vertex 32.7962 52.898 0
      vertex 31.3755 43.566 0
    endloop
  endfacet
  facet normal 0 0 -1
    outer loop
      vertex 31.1214 43.5994 0
      vertex 32.7962 52.898 0
      vertex 31.249 43.5869 0
    endloop
  endfacet
  facet normal 0 0 -1
    outer loop
      vertex 30.6258 43.6483 0
      vertex 32.7962 52.898 0
      vertex 31.1214 43.5994 0
    endloop
  endfacet
  facet normal 0 0 -1
    outer loop
      vertex 30 52.9987 0
      vertex 30.6258 43.6483 0
      vertex 30.1281 43.6646 0
    endloop
  endfacet
  facet normal 0 0 -1
    outer loop
      vertex 30 52.9987 0
      vertex 30.1281 43.6646 0
      vertex 30 43.6687 0
    endloop
  endfacet
  facet normal 0 0 -1
    outer loop
      vertex 30.6258 43.6483 0
      vertex 30 52.9987 0
      vertex 32.7962 52.898 0
    endloop
  endfacet
  facet normal 0 0 -1
    outer loop
      vertex 29.8719 43.6646 0
      vertex 30 52.9987 0
      vertex 30 43.6687 0
    endloop
  endfacet
  facet normal 0 0 -1
    outer loop
      vertex 29.3742 43.6483 0
      vertex 30 52.9987 0
      vertex 29.8719 43.6646 0
    endloop
  endfacet
  facet normal 0 0 -1
    outer loop
      vertex 27.2037 52.898 0
      vertex 29.3742 43.6483 0
      vertex 28.8786 43.5994 0
    endloop
  endfacet
  facet normal 0 0 -1
    outer loop
      vertex 27.2037 52.898 0
      vertex 28.8786 43.5994 0
      vertex 28.751 43.5869 0
    endloop
  endfacet
  facet normal 0 0 -1
    outer loop
      vertex 27.2037 52.898 0
      vertex 28.751 43.5869 0
      vertex 28.6245 43.566 0
    endloop
  endfacet
  facet normal 0 0 -1
    outer loop
      vertex 27.2037 52.898 0
      vertex 28.6245 43.566 0
      vertex 28.1332 43.4849 0
    endloop
  endfacet
  facet normal 0 0 -1
    outer loop
      vertex 27.2037 52.898 0
      vertex 28.1332 43.4849 0
      vertex 28.0084 43.4558 0
    endloop
  endfacet
  facet normal 0 0 -1
    outer loop
      vertex 27.2037 52.898 0
      vertex 28.0084 43.4558 0
      vertex 27.5234 43.3427 0
    endloop
  endfacet
  facet normal 0 0 -1
    outer loop
      vertex 29.3742 43.6483 0
      vertex 27.2037 52.898 0
      vertex 30 52.9987 0
    endloop
  endfacet
  facet normal 0 0 -1
    outer loop
      vertex 24.4366 52.5969 0
      vertex 27.5234 43.3427 0
      vertex 27.0469 43.1981 0
    endloop
  endfacet
  facet normal 0 0 -1
    outer loop
      vertex 24.4366 52.5969 0
      vertex 27.0469 43.1981 0
      vertex 26.9242 43.1609 0
    endloop
  endfacet
  facet normal 0 0 -1
    outer loop
      vertex 24.4366 52.5969 0
      vertex 26.9242 43.1609 0
      vertex 26.8043 43.1158 0
    endloop
  endfacet
  facet normal 0 0 -1
    outer loop
      vertex 24.4366 52.5969 0
      vertex 26.8043 43.1158 0
      vertex 26.3382 42.9404 0
    endloop
  endfacet
  facet normal 0 0 -1
    outer loop
      vertex 24.4366 52.5969 0
      vertex 26.3382 42.9404 0
      vertex 25.8846 42.7349 0
    endloop
  endfacet
  facet normal 0 0 -1
    outer loop
      vertex 21.7264 52.0991 0
      vertex 25.8846 42.7349 0
      vertex 25.7679 42.6819 0
    endloop
  endfacet
  facet normal 0 0 -1
    outer loop
      vertex 21.7264 52.0991 0
      vertex 25.7679 42.6819 0
      vertex 25.6548 42.6215 0
    endloop
  endfacet
  facet normal 0 0 -1
    outer loop
      vertex 21.7264 52.0991 0
      vertex 25.6548 42.6215 0
      vertex 25.2156 42.3868 0
    endloop
  endfacet
  facet normal 0 0 -1
    outer loop
      vertex 21.7264 52.0991 0
      vertex 25.2156 42.3868 0
      vertex 25.1068 42.3191 0
    endloop
  endfacet
  facet normal 0 0 -1
    outer loop
      vertex 21.7264 52.0991 0
      vertex 25.1068 42.3191 0
      vertex 24.6839 42.0561 0
    endloop
  endfacet
  facet normal 0 0 -1
    outer loop
      vertex 27.5234 43.3427 0
      vertex 24.4366 52.5969 0
      vertex 27.2037 52.898 0
    endloop
  endfacet
  facet normal 0 0 -1
    outer loop
      vertex 19.102 51.4105 0
      vertex 24.6839 42.0561 0
      vertex 24.2791 41.7661 0
    endloop
  endfacet
  facet normal 0 0 -1
    outer loop
      vertex 19.102 51.4105 0
      vertex 24.2791 41.7661 0
      vertex 24.1749 41.6914 0
    endloop
  endfacet
  facet normal 0 0 -1
    outer loop
      vertex 19.102 51.4105 0
      vertex 24.1749 41.6914 0
      vertex 23.79 41.3755 0
    endloop
  endfacet
  facet normal 0 0 -1
    outer loop
      vertex 19.102 51.4105 0
      vertex 23.79 41.3755 0
      vertex 23.6909 41.2942 0
    endloop
  endfacet
  facet normal 0 0 -1
    outer loop
      vertex 19.102 51.4105 0
      vertex 23.6909 41.2942 0
      vertex 23.3274 40.9538 0
    endloop
  endfacet
  facet normal 0 0 -1
    outer loop
      vertex 19.102 51.4105 0
      vertex 23.3274 40.9538 0
      vertex 23.2339 40.8661 0
    endloop
  endfacet
  facet normal 0 0 -1
    outer loop
      vertex 19.102 51.4105 0
      vertex 23.2339 40.8661 0
      vertex 23.1462 40.7726 0
    endloop
  endfacet
  facet normal 0 0 -1
    outer loop
      vertex 19.102 51.4105 0
      vertex 23.1462 40.7726 0
      vertex 22.8058 40.4091 0
    endloop
  endfacet
  facet normal 0 0 -1
    outer loop
      vertex 19.102 51.4105 0
      vertex 22.8058 40.4091 0
      vertex 22.4899 40.0242 0
    endloop
  endfacet
  facet normal 0 0 -1
    outer loop
      vertex 19.102 51.4105 0
      vertex 22.4899 40.0242 0
      vertex 22.4086 39.9251 0
    endloop
  endfacet
  facet normal 0 0 -1
    outer loop
      vertex 19.102 51.4105 0
      vertex 22.4086 39.9251 0
      vertex 22.3339 39.8209 0
    endloop
  endfacet
  facet normal 0 0 -1
    outer loop
      vertex 19.102 51.4105 0
      vertex 22.3339 39.8209 0
      vertex 22.0439 39.4161 0
    endloop
  endfacet
  facet normal 0 0 -1
    outer loop
      vertex 19.102 51.4105 0
      vertex 22.0439 39.4161 0
      vertex 21.7809 38.9932 0
    endloop
  endfacet
  facet normal 0 0 -1
    outer loop
      vertex 25.8846 42.7349 0
      vertex 21.7264 52.0991 0
      vertex 24.4366 52.5969 0
    endloop
  endfacet
  facet normal 0 0 -1
    outer loop
      vertex 19.102 51.4105 0
      vertex 21.7809 38.9932 0
      vertex 21.7132 38.8844 0
    endloop
  endfacet
  facet normal 0 0 -1
    outer loop
      vertex 19.102 51.4105 0
      vertex 21.7132 38.8844 0
      vertex 21.4785 38.4452 0
    endloop
  endfacet
  facet normal 0 0 -1
    outer loop
      vertex 19.102 51.4105 0
      vertex 21.4785 38.4452 0
      vertex 21.4181 38.3321 0
    endloop
  endfacet
  facet normal 0 0 -1
    outer loop
      vertex 19.102 51.4105 0
      vertex 21.4181 38.3321 0
      vertex 21.3651 38.2154 0
    endloop
  endfacet
  facet normal 0 0 -1
    outer loop
      vertex 19.102 51.4105 0
      vertex 21.3651 38.2154 0
      vertex 21.1596 37.7618 0
    endloop
  endfacet
  facet normal 0 0 -1
    outer loop
      vertex 19.102 51.4105 0
      vertex 21.1596 37.7618 0
      vertex 21.1145 37.6418 0
    endloop
  endfacet
  facet normal 0 0 -1
    outer loop
      vertex 19.102 51.4105 0
      vertex 21.1145 37.6418 0
      vertex 20.9391 37.1758 0
    endloop
  endfacet
  facet normal 0 0 -1
    outer loop
      vertex 19.102 51.4105 0
      vertex 20.9391 37.1758 0
      vertex 20.7945 36.6992 0
    endloop
  endfacet
  facet normal 0 0 -1
    outer loop
      vertex 19.102 51.4105 0
      vertex 20.7945 36.6992 0
      vertex 20.7573 36.5766 0
    endloop
  endfacet
  facet normal 0 0 -1
    outer loop
      vertex 19.102 51.4105 0
      vertex 20.7573 36.5766 0
      vertex 20.6442 36.0916 0
    endloop
  endfacet
  facet normal 0 0 -1
    outer loop
      vertex 19.102 51.4105 0
      vertex 20.6442 36.0916 0
      vertex 20.6151 35.9668 0
    endloop
  endfacet
  facet normal 0 0 -1
    outer loop
      vertex 19.102 51.4105 0
      vertex 20.6151 35.9668 0
      vertex 20.5942 35.8403 0
    endloop
  endfacet
  facet normal 0 0 -1
    outer loop
      vertex 19.102 51.4105 0
      vertex 20.5942 35.8403 0
      vertex 20.5131 35.349 0
    endloop
  endfacet
  facet normal 0 0 -1
    outer loop
      vertex 19.102 51.4105 0
      vertex 20.5131 35.349 0
      vertex 20.4643 34.8534 0
    endloop
  endfacet
  facet normal 0 0 -1
    outer loop
      vertex 19.102 51.4105 0
      vertex 20.4643 34.8534 0
      vertex 20.4517 34.7258 0
    endloop
  endfacet
  facet normal 0 0 -1
    outer loop
      vertex 24.6839 42.0561 0
      vertex 19.102 51.4105 0
      vertex 21.7264 52.0991 0
    endloop
  endfacet
  facet normal 0 0 -1
    outer loop
      vertex 20.4475 34.5977 0
      vertex 19.102 51.4105 0
      vertex 20.4517 34.7258 0
    endloop
  endfacet
  facet normal 0 0 -1
    outer loop
      vertex 19.102 51.4105 0
      vertex 20.4475 34.5977 0
      vertex 20.4313 34.1 0
    endloop
  endfacet
  facet normal 0 0 -1
    outer loop
      vertex 31.6877 22.9232 0
      vertex 33.5418 25.2145 0
      vertex 33.3754 20 0
    endloop
  endfacet
  facet normal 0 0 -1
    outer loop
      vertex 33.5418 25.2145 0
      vertex 31.6877 22.9232 0
      vertex 33.0758 25.0391 0
    endloop
  endfacet
  facet normal 0 0 -1
    outer loop
      vertex 33.0758 25.0391 0
      vertex 31.6877 22.9232 0
      vertex 32.9531 25.0019 0
    endloop
  endfacet
  facet normal 0 0 -1
    outer loop
      vertex 32.9531 25.0019 0
      vertex 31.6877 22.9232 0
      vertex 32.4766 24.8573 0
    endloop
  endfacet
  facet normal 0 0 -1
    outer loop
      vertex 32.4766 24.8573 0
      vertex 31.6877 22.9232 0
      vertex 31.9916 24.7442 0
    endloop
  endfacet
  facet normal 0 0 -1
    outer loop
      vertex 31.9916 24.7442 0
      vertex 31.6877 22.9232 0
      vertex 31.8668 24.7151 0
    endloop
  endfacet
  facet normal 0 0 -1
    outer loop
      vertex 31.6877 22.9232 0
      vertex 31.3755 24.634 0
      vertex 31.8668 24.7151 0
    endloop
  endfacet
  facet normal 0 0 -1
    outer loop
      vertex 31.6877 22.9232 0
      vertex 31.249 24.6131 0
      vertex 31.3755 24.634 0
    endloop
  endfacet
  facet normal 0 0 -1
    outer loop
      vertex 31.6877 22.9232 0
      vertex 31.1214 24.6005 0
      vertex 31.249 24.6131 0
    endloop
  endfacet
  facet normal 0 0 -1
    outer loop
      vertex 31.6877 22.9232 0
      vertex 30.6258 24.5517 0
      vertex 31.1214 24.6005 0
    endloop
  endfacet
  facet normal 0 0 -1
    outer loop
      vertex 31.6877 22.9232 0
      vertex 30.4977 24.5475 0
      vertex 30.6258 24.5517 0
    endloop
  endfacet
  facet normal 0 0 -1
    outer loop
      vertex 31.6877 22.9232 0
      vertex 30 24.5313 0
      vertex 30.4977 24.5475 0
    endloop
  endfacet
  facet normal 0 0 -1
    outer loop
      vertex 28.3123 22.9232 0
      vertex 30 24.5313 0
      vertex 31.6877 22.9232 0
    endloop
  endfacet
  facet normal -0 0 -1
    outer loop
      vertex 30 24.5313 0
      vertex 28.3123 22.9232 0
      vertex 29.5023 24.5475 0
    endloop
  endfacet
  facet normal -0 0 -1
    outer loop
      vertex 29.5023 24.5475 0
      vertex 28.3123 22.9232 0
      vertex 29.3742 24.5517 0
    endloop
  endfacet
  facet normal -0 0 -1
    outer loop
      vertex 29.3742 24.5517 0
      vertex 28.3123 22.9232 0
      vertex 28.8786 24.6005 0
    endloop
  endfacet
  facet normal -0 0 -1
    outer loop
      vertex 28.8786 24.6005 0
      vertex 28.3123 22.9232 0
      vertex 28.751 24.6131 0
    endloop
  endfacet
  facet normal -0 0 -1
    outer loop
      vertex 28.751 24.6131 0
      vertex 28.3123 22.9232 0
      vertex 28.6245 24.634 0
    endloop
  endfacet
  facet normal 0 0 -1
    outer loop
      vertex 28.3123 22.9232 0
      vertex 28.1332 24.7151 0
      vertex 28.6245 24.634 0
    endloop
  endfacet
  facet normal 0 0 -1
    outer loop
      vertex 28.3123 22.9232 0
      vertex 28.0084 24.7442 0
      vertex 28.1332 24.7151 0
    endloop
  endfacet
  facet normal 0 0 -1
    outer loop
      vertex 28.3123 22.9232 0
      vertex 27.5234 24.8573 0
      vertex 28.0084 24.7442 0
    endloop
  endfacet
  facet normal 0 0 -1
    outer loop
      vertex 28.3123 22.9232 0
      vertex 27.0469 25.0019 0
      vertex 27.5234 24.8573 0
    endloop
  endfacet
  facet normal 0 0 -1
    outer loop
      vertex 28.3123 22.9232 0
      vertex 26.9242 25.0391 0
      vertex 27.0469 25.0019 0
    endloop
  endfacet
  facet normal 0 0 -1
    outer loop
      vertex 26.4582 25.2145 0
      vertex 28.3123 22.9232 0
      vertex 26.6246 20 0
    endloop
  endfacet
  facet normal 0 0 -1
    outer loop
      vertex 28.3123 22.9232 0
      vertex 26.4582 25.2145 0
      vertex 26.9242 25.0391 0
    endloop
  endfacet
  facet normal 0.127753 0.695457 -0.707121
    outer loop
      vertex 38.7085 54.0527 2
      vertex 35.5634 52.5969 0
      vertex 35.8527 54.5773 2
    endloop
  endfacet
  facet normal 0.703102 0.711089 -0
    outer loop
      vertex 54.9441 45.2225 2
      vertex 53.1903 46.9566 12
      vertex 54.9441 45.2225 12
    endloop
  endfacet
  facet normal 0.703102 0.711089 0
    outer loop
      vertex 53.1903 46.9566 12
      vertex 54.9441 45.2225 2
      vertex 53.1903 46.9566 2
    endloop
  endfacet
  facet normal 0.497176 0.502824 -0.707096
    outer loop
      vertex 54.9441 45.2225 2
      vertex 51.8549 45.4645 0
      vertex 53.1903 46.9566 2
    endloop
  endfacet
  facet normal 0.669145 0.228536 -0.707118
    outer loop
      vertex 57.489 36.7682 0
      vertex 56.856 38.6216 0
      vertex 59.4236 37.292 2
    endloop
  endfacet
  facet normal 0.705522 -0.0472769 -0.707109
    outer loop
      vertex 59.8555 30.8436 2
      vertex 57.9955 33 0
      vertex 60 33 2
    endloop
  endfacet
  facet normal -0.337848 0.621188 -0.707095
    outer loop
      vertex 14.2147 49.4953 0
      vertex 10.9682 50.0062 2
      vertex 13.3329 51.2923 2
    endloop
  endfacet
  facet normal 0.635504 0.310077 -0.707098
    outer loop
      vertex 58.7082 39.3863 2
      vertex 56.856 38.6216 0
      vertex 57.7164 41.419 2
    endloop
  endfacet
  facet normal -0.127753 0.695457 0.707121
    outer loop
      vertex 24.1473 54.5773 12
      vertex 21.2915 54.0527 12
      vertex 24.4366 52.5969 14
    endloop
  endfacet
  facet normal -0.0764708 0.702962 0.707105
    outer loop
      vertex 27.0595 54.8941 12
      vertex 24.1473 54.5773 12
      vertex 27.2037 52.898 14
    endloop
  endfacet
  facet normal 0.284521 0.647335 0.70711
    outer loop
      vertex 44.1419 52.4023 12
      vertex 43.4107 50.539 14
      vertex 45.7853 49.4953 14
    endloop
  endfacet
  facet normal 0.391394 0.588899 0.707113
    outer loop
      vertex 51.2132 48.5564 12
      vertex 49.0318 50.0062 12
      vertex 50.0282 46.9425 14
    endloop
  endfacet
  facet normal 0.547508 0.447482 0.707103
    outer loop
      vertex 54.9441 45.2225 12
      vertex 53.4626 43.8748 14
      vertex 54.8378 42.1922 14
    endloop
  endfacet
  facet normal 0.477782 0.878478 -0
    outer loop
      vertex 49.0318 50.0062 2
      vertex 46.6671 51.2923 12
      vertex 49.0318 50.0062 12
    endloop
  endfacet
  facet normal 0.477782 0.878478 0
    outer loop
      vertex 46.6671 51.2923 12
      vertex 49.0318 50.0062 2
      vertex 46.6671 51.2923 2
    endloop
  endfacet
  facet normal 0.693065 -0.140192 0.707111
    outer loop
      vertex 57.8689 31.1098 14
      vertex 57.489 29.2317 14
      vertex 59.4236 28.708 12
    endloop
  endfacet
  facet normal 0.66914 -0.228573 0.707111
    outer loop
      vertex 57.489 29.2317 14
      vertex 56.8328 27.3107 14
      vertex 59.4236 28.708 12
    endloop
  endfacet
  facet normal 0.180673 0.983543 -0
    outer loop
      vertex 38.7085 54.0527 2
      vertex 35.8527 54.5773 12
      vertex 38.7085 54.0527 12
    endloop
  endfacet
  facet normal 0.180673 0.983543 0
    outer loop
      vertex 35.8527 54.5773 12
      vertex 38.7085 54.0527 2
      vertex 35.8527 54.5773 2
    endloop
  endfacet
  facet normal -0.231709 0.66806 0.707111
    outer loop
      vertex 19.102 51.4105 14
      vertex 15.8581 52.4023 12
      vertex 16.5893 50.539 14
    endloop
  endfacet
  facet normal 0.705535 -0.0472547 0.707098
    outer loop
      vertex 57.9955 33 14
      vertex 57.8689 31.1098 14
      vertex 59.8555 30.8436 12
    endloop
  endfacet
  facet normal 0.705522 -0.0472769 0.707109
    outer loop
      vertex 60 33 12
      vertex 57.9955 33 14
      vertex 59.8555 30.8436 12
    endloop
  endfacet
  facet normal 0.0764877 0.702945 0.70712
    outer loop
      vertex 35.8527 54.5773 12
      vertex 32.7962 52.898 14
      vertex 35.5634 52.5969 14
    endloop
  endfacet
  facet normal -0.231696 0.668078 -0.707099
    outer loop
      vertex 19.102 51.4105 0
      vertex 15.8581 52.4023 2
      vertex 18.5195 53.3253 2
    endloop
  endfacet
  facet normal 0.693065 -0.140192 -0.707111
    outer loop
      vertex 59.4236 28.708 2
      vertex 57.489 29.2317 0
      vertex 57.8689 31.1098 0
    endloop
  endfacet
  facet normal -0.179458 0.683953 -0.707109
    outer loop
      vertex 21.7264 52.0991 0
      vertex 19.102 51.4105 0
      vertex 21.2915 54.0527 2
    endloop
  endfacet
  facet normal -0.547501 0.447494 -0.707101
    outer loop
      vertex 5.16214 42.1922 0
      vertex 3.54236 43.3707 2
      vertex 5.05591 45.2225 2
    endloop
  endfacet
  facet normal -0.327664 0.944794 0
    outer loop
      vertex 18.5195 53.3253 2
      vertex 15.8581 52.4023 12
      vertex 18.5195 53.3253 12
    endloop
  endfacet
  facet normal -0.327664 0.944794 0
    outer loop
      vertex 15.8581 52.4023 12
      vertex 18.5195 53.3253 2
      vertex 15.8581 52.4023 2
    endloop
  endfacet
  facet normal -0.391414 0.588896 -0.707104
    outer loop
      vertex 12.0016 48.2916 0
      vertex 9.97183 46.9425 0
      vertex 10.9682 50.0062 2
    endloop
  endfacet
  facet normal -0.231709 0.66806 -0.707111
    outer loop
      vertex 16.5893 50.539 0
      vertex 15.8581 52.4023 2
      vertex 19.102 51.4105 0
    endloop
  endfacet
  facet normal -0.391392 0.588897 -0.707116
    outer loop
      vertex 9.97183 46.9425 0
      vertex 8.7868 48.5564 2
      vertex 10.9682 50.0062 2
    endloop
  endfacet
  facet normal 0.337856 0.621175 -0.707103
    outer loop
      vertex 47.9984 48.2916 0
      vertex 45.7853 49.4953 0
      vertex 49.0318 50.0062 2
    endloop
  endfacet
  facet normal 0.669145 0.228536 0.707118
    outer loop
      vertex 59.4236 37.292 12
      vertex 56.856 38.6216 14
      vertex 57.489 36.7682 14
    endloop
  endfacet
  facet normal 0.635474 0.310098 0.707115
    outer loop
      vertex 57.7164 41.419 12
      vertex 55.9711 40.435 14
      vertex 56.856 38.6216 14
    endloop
  endfacet
  facet normal 0.693081 0.140168 -0.707101
    outer loop
      vertex 59.8555 35.1564 2
      vertex 57.8689 34.8901 0
      vertex 59.4236 37.292 2
    endloop
  endfacet
  facet normal 0.997762 0.0668599 0
    outer loop
      vertex 60 33 12
      vertex 59.8555 35.1564 2
      vertex 59.8555 35.1564 12
    endloop
  endfacet
  facet normal 0.997762 0.0668599 0
    outer loop
      vertex 59.8555 35.1564 2
      vertex 60 33 12
      vertex 60 33 2
    endloop
  endfacet
  facet normal 0.693062 0.140192 0.707115
    outer loop
      vertex 59.4236 37.292 12
      vertex 57.489 36.7682 14
      vertex 57.8689 34.8901 14
    endloop
  endfacet
  facet normal 0.980157 0.198225 0
    outer loop
      vertex 59.8555 35.1564 12
      vertex 59.4236 37.292 2
      vertex 59.4236 37.292 12
    endloop
  endfacet
  facet normal 0.980157 0.198225 0
    outer loop
      vertex 59.4236 37.292 2
      vertex 59.8555 35.1564 12
      vertex 59.8555 35.1564 2
    endloop
  endfacet
  facet normal 0.402408 0.91546 -0
    outer loop
      vertex 46.6671 51.2923 2
      vertex 44.1419 52.4023 12
      vertex 46.6671 51.2923 12
    endloop
  endfacet
  facet normal 0.402408 0.91546 0
    outer loop
      vertex 44.1419 52.4023 12
      vertex 46.6671 51.2923 2
      vertex 44.1419 52.4023 2
    endloop
  endfacet
  facet normal 0.327664 0.944794 -0
    outer loop
      vertex 44.1419 52.4023 2
      vertex 41.4805 53.3253 12
      vertex 44.1419 52.4023 12
    endloop
  endfacet
  facet normal 0.327664 0.944794 0
    outer loop
      vertex 41.4805 53.3253 12
      vertex 44.1419 52.4023 2
      vertex 41.4805 53.3253 2
    endloop
  endfacet
  facet normal 0.253817 0.967252 -0
    outer loop
      vertex 41.4805 53.3253 2
      vertex 38.7085 54.0527 12
      vertex 41.4805 53.3253 12
    endloop
  endfacet
  facet normal 0.253817 0.967252 0
    outer loop
      vertex 38.7085 54.0527 12
      vertex 41.4805 53.3253 2
      vertex 38.7085 54.0527 2
    endloop
  endfacet
  facet normal 0.553519 0.832837 -0
    outer loop
      vertex 51.2132 48.5564 2
      vertex 49.0318 50.0062 12
      vertex 51.2132 48.5564 12
    endloop
  endfacet
  facet normal 0.553519 0.832837 0
    outer loop
      vertex 49.0318 50.0062 12
      vertex 51.2132 48.5564 2
      vertex 49.0318 50.0062 2
    endloop
  endfacet
  facet normal 0.391394 0.588899 -0.707113
    outer loop
      vertex 50.0282 46.9425 0
      vertex 49.0318 50.0062 2
      vertex 51.2132 48.5564 2
    endloop
  endfacet
  facet normal 0.444798 0.5497 -0.707096
    outer loop
      vertex 51.8549 45.4645 0
      vertex 51.2132 48.5564 2
      vertex 53.1903 46.9566 2
    endloop
  endfacet
  facet normal -0.0764708 0.702962 -0.707105
    outer loop
      vertex 27.2037 52.898 0
      vertex 24.1473 54.5773 2
      vertex 27.0595 54.8941 2
    endloop
  endfacet
  facet normal -0.284551 0.64734 0.707094
    outer loop
      vertex 15.8581 52.4023 12
      vertex 13.3329 51.2923 12
      vertex 14.2147 49.4953 14
    endloop
  endfacet
  facet normal 0.594232 0.383248 0.707114
    outer loop
      vertex 57.7164 41.419 12
      vertex 54.8378 42.1922 14
      vertex 55.9711 40.435 14
    endloop
  endfacet
  facet normal -0.547501 0.447494 0.707101
    outer loop
      vertex 5.05591 45.2225 12
      vertex 3.54236 43.3707 12
      vertex 5.16214 42.1922 14
    endloop
  endfacet
  facet normal -0.0254477 0.706648 0.707107
    outer loop
      vertex 30 55 12
      vertex 27.2037 52.898 14
      vertex 30 52.9987 14
    endloop
  endfacet
  facet normal 0.547506 0.447483 -0.707104
    outer loop
      vertex 56.4576 43.3707 2
      vertex 54.8378 42.1922 0
      vertex 54.9441 45.2225 2
    endloop
  endfacet
  facet normal 0.635474 0.310098 -0.707115
    outer loop
      vertex 56.856 38.6216 0
      vertex 55.9711 40.435 0
      vertex 57.7164 41.419 2
    endloop
  endfacet
  facet normal 0.669152 0.228578 -0.707098
    outer loop
      vertex 59.4236 37.292 2
      vertex 56.856 38.6216 0
      vertex 58.7082 39.3863 2
    endloop
  endfacet
  facet normal -0.253817 0.967252 0
    outer loop
      vertex 21.2915 54.0527 2
      vertex 18.5195 53.3253 12
      vertex 21.2915 54.0527 12
    endloop
  endfacet
  facet normal -0.253817 0.967252 0
    outer loop
      vertex 18.5195 53.3253 12
      vertex 21.2915 54.0527 2
      vertex 18.5195 53.3253 2
    endloop
  endfacet
  facet normal -0.594241 0.383243 -0.707108
    outer loop
      vertex 4.02887 40.435 0
      vertex 2.28361 41.419 2
      vertex 5.16214 42.1922 0
    endloop
  endfacet
  facet normal -0.635489 0.310084 -0.707108
    outer loop
      vertex 3.14403 38.6216 0
      vertex 2.28361 41.419 2
      vertex 4.02887 40.435 0
    endloop
  endfacet
  facet normal -0.629028 0.777383 0
    outer loop
      vertex 8.7868 48.5564 2
      vertex 6.80969 46.9566 12
      vertex 8.7868 48.5564 12
    endloop
  endfacet
  facet normal -0.629028 0.777383 0
    outer loop
      vertex 6.80969 46.9566 12
      vertex 8.7868 48.5564 2
      vertex 6.80969 46.9566 2
    endloop
  endfacet
  facet normal -0.0764904 0.702944 -0.70712
    outer loop
      vertex 24.4366 52.5969 0
      vertex 24.1473 54.5773 2
      vertex 27.2037 52.898 0
    endloop
  endfacet
  facet normal -0.5475 0.447495 0.707102
    outer loop
      vertex 6.5374 43.8748 14
      vertex 5.05591 45.2225 12
      vertex 5.16214 42.1922 14
    endloop
  endfacet
  facet normal 0.179458 0.683953 -0.707109
    outer loop
      vertex 40.898 51.4105 0
      vertex 38.2736 52.0991 0
      vertex 38.7085 54.0527 2
    endloop
  endfacet
  facet normal 0.179478 0.68396 -0.707097
    outer loop
      vertex 40.898 51.4105 0
      vertex 38.7085 54.0527 2
      vertex 41.4805 53.3253 2
    endloop
  endfacet
  facet normal 0.705534 0.0472571 0.707099
    outer loop
      vertex 59.8555 35.1564 12
      vertex 57.8689 34.8901 14
      vertex 57.9955 33 14
    endloop
  endfacet
  facet normal 0.705522 0.0472769 0.707109
    outer loop
      vertex 59.8555 35.1564 12
      vertex 57.9955 33 14
      vertex 60 33 12
    endloop
  endfacet
  facet normal 0.898727 0.438509 0
    outer loop
      vertex 58.7082 39.3863 12
      vertex 57.7164 41.419 2
      vertex 57.7164 41.419 12
    endloop
  endfacet
  facet normal 0.898727 0.438509 0
    outer loop
      vertex 57.7164 41.419 2
      vertex 58.7082 39.3863 12
      vertex 58.7082 39.3863 2
    endloop
  endfacet
  facet normal 0.231696 0.668078 0.707099
    outer loop
      vertex 41.4805 53.3253 12
      vertex 40.898 51.4105 14
      vertex 44.1419 52.4023 12
    endloop
  endfacet
  facet normal 0.284551 0.64734 0.707094
    outer loop
      vertex 46.6671 51.2923 12
      vertex 44.1419 52.4023 12
      vertex 45.7853 49.4953 14
    endloop
  endfacet
  facet normal 0.444798 0.5497 0.707096
    outer loop
      vertex 53.1903 46.9566 12
      vertex 51.2132 48.5564 12
      vertex 51.8549 45.4645 14
    endloop
  endfacet
  facet normal 0.497176 0.502824 0.707096
    outer loop
      vertex 53.1903 46.9566 12
      vertex 51.8549 45.4645 14
      vertex 54.9441 45.2225 12
    endloop
  endfacet
  facet normal 0.59423 0.383264 -0.707106
    outer loop
      vertex 57.7164 41.419 2
      vertex 54.8378 42.1922 0
      vertex 56.4576 43.3707 2
    endloop
  endfacet
  facet normal -0.0254495 0.706649 -0.707106
    outer loop
      vertex 27.2037 52.898 0
      vertex 27.0595 54.8941 2
      vertex 30 55 2
    endloop
  endfacet
  facet normal -0.035991 0.999352 0
    outer loop
      vertex 30 55 2
      vertex 27.0595 54.8941 12
      vertex 30 55 12
    endloop
  endfacet
  facet normal -0.035991 0.999352 0
    outer loop
      vertex 27.0595 54.8941 12
      vertex 30 55 2
      vertex 27.0595 54.8941 2
    endloop
  endfacet
  facet normal -0.669151 0.228562 0.707104
    outer loop
      vertex 1.29179 39.3863 12
      vertex 0.576441 37.292 12
      vertex 3.14403 38.6216 14
    endloop
  endfacet
  facet normal -0.774277 0.632847 0
    outer loop
      vertex 3.54236 43.3707 2
      vertex 5.05591 45.2225 12
      vertex 5.05591 45.2225 2
    endloop
  endfacet
  facet normal -0.774277 0.632847 0
    outer loop
      vertex 5.05591 45.2225 12
      vertex 3.54236 43.3707 2
      vertex 3.54236 43.3707 12
    endloop
  endfacet
  facet normal -0.703106 0.711085 0
    outer loop
      vertex 6.80969 46.9566 2
      vertex 5.05591 45.2225 12
      vertex 6.80969 46.9566 12
    endloop
  endfacet
  facet normal -0.703106 0.711085 0
    outer loop
      vertex 5.05591 45.2225 12
      vertex 6.80969 46.9566 2
      vertex 5.05591 45.2225 2
    endloop
  endfacet
  facet normal -0.337856 0.621175 0.707103
    outer loop
      vertex 14.2147 49.4953 14
      vertex 10.9682 50.0062 12
      vertex 12.0016 48.2916 14
    endloop
  endfacet
  facet normal -0.337848 0.621188 0.707095
    outer loop
      vertex 13.3329 51.2923 12
      vertex 10.9682 50.0062 12
      vertex 14.2147 49.4953 14
    endloop
  endfacet
  facet normal -0.594241 0.383243 0.707108
    outer loop
      vertex 5.16214 42.1922 14
      vertex 2.28361 41.419 12
      vertex 4.02887 40.435 14
    endloop
  endfacet
  facet normal -0.59424 0.383256 0.707102
    outer loop
      vertex 3.54236 43.3707 12
      vertex 2.28361 41.419 12
      vertex 5.16214 42.1922 14
    endloop
  endfacet
  facet normal 0.337848 0.621188 -0.707095
    outer loop
      vertex 49.0318 50.0062 2
      vertex 45.7853 49.4953 0
      vertex 46.6671 51.2923 2
    endloop
  endfacet
  facet normal 0.284551 0.64734 -0.707094
    outer loop
      vertex 45.7853 49.4953 0
      vertex 44.1419 52.4023 2
      vertex 46.6671 51.2923 2
    endloop
  endfacet
  facet normal 0.840368 0.542017 0
    outer loop
      vertex 57.7164 41.419 12
      vertex 56.4576 43.3707 2
      vertex 56.4576 43.3707 12
    endloop
  endfacet
  facet normal 0.840368 0.542017 0
    outer loop
      vertex 56.4576 43.3707 2
      vertex 57.7164 41.419 12
      vertex 57.7164 41.419 2
    endloop
  endfacet
  facet normal -0.635496 0.310079 0.707104
    outer loop
      vertex 2.28361 41.419 12
      vertex 1.29179 39.3863 12
      vertex 3.14403 38.6216 14
    endloop
  endfacet
  facet normal -0.497176 0.502815 0.707102
    outer loop
      vertex 8.14513 45.4645 14
      vertex 5.05591 45.2225 12
      vertex 6.5374 43.8748 14
    endloop
  endfacet
  facet normal -0.477782 0.878478 0
    outer loop
      vertex 13.3329 51.2923 2
      vertex 10.9682 50.0062 12
      vertex 13.3329 51.2923 12
    endloop
  endfacet
  facet normal -0.477782 0.878478 0
    outer loop
      vertex 10.9682 50.0062 12
      vertex 13.3329 51.2923 2
      vertex 10.9682 50.0062 2
    endloop
  endfacet
  facet normal -0.553519 0.832837 0
    outer loop
      vertex 10.9682 50.0062 2
      vertex 8.7868 48.5564 12
      vertex 10.9682 50.0062 12
    endloop
  endfacet
  facet normal -0.553519 0.832837 0
    outer loop
      vertex 8.7868 48.5564 12
      vertex 10.9682 50.0062 2
      vertex 8.7868 48.5564 2
    endloop
  endfacet
  facet normal 0 0 1
    outer loop
      vertex 36.21 26.8245 14
      vertex 33.2144 20.3166 14
      vertex 33.23 20 14
    endloop
  endfacet
  facet normal 0 0 1
    outer loop
      vertex 33.6618 25.2596 14
      vertex 33.1679 20.6301 14
      vertex 33.2144 20.3166 14
    endloop
  endfacet
  facet normal 0 0 1
    outer loop
      vertex 33.6618 25.2596 14
      vertex 33.0909 20.9376 14
      vertex 33.1679 20.6301 14
    endloop
  endfacet
  facet normal 0 0 1
    outer loop
      vertex 32.4968 22.0491 14
      vertex 33.5418 25.2145 14
      vertex 33.0758 25.0391 14
    endloop
  endfacet
  facet normal 0 0 1
    outer loop
      vertex 33.6618 25.2596 14
      vertex 32.9841 21.2361 14
      vertex 33.0909 20.9376 14
    endloop
  endfacet
  facet normal 0 0 1
    outer loop
      vertex 32.284 22.284 14
      vertex 33.0758 25.0391 14
      vertex 32.9531 25.0019 14
    endloop
  endfacet
  facet normal 0 0 1
    outer loop
      vertex 33.6618 25.2596 14
      vertex 32.8486 21.5226 14
      vertex 32.9841 21.2361 14
    endloop
  endfacet
  facet normal 0 0 1
    outer loop
      vertex 33.6618 25.2596 14
      vertex 32.6856 21.7945 14
      vertex 32.8486 21.5226 14
    endloop
  endfacet
  facet normal 0 0 1
    outer loop
      vertex 33.5418 25.2145 14
      vertex 32.4968 22.0491 14
      vertex 32.6856 21.7945 14
    endloop
  endfacet
  facet normal 0 0 1
    outer loop
      vertex 32.0491 22.4968 14
      vertex 32.9531 25.0019 14
      vertex 32.4766 24.8573 14
    endloop
  endfacet
  facet normal 0 0 1
    outer loop
      vertex 33.0758 25.0391 14
      vertex 32.284 22.284 14
      vertex 32.4968 22.0491 14
    endloop
  endfacet
  facet normal 0 0 1
    outer loop
      vertex 32.9531 25.0019 14
      vertex 32.0491 22.4968 14
      vertex 32.284 22.284 14
    endloop
  endfacet
  facet normal 0 0 1
    outer loop
      vertex 31.7945 22.6856 14
      vertex 32.4766 24.8573 14
      vertex 31.9916 24.7442 14
    endloop
  endfacet
  facet normal 0 0 1
    outer loop
      vertex 31.5226 22.8486 14
      vertex 31.9916 24.7442 14
      vertex 31.8668 24.7151 14
    endloop
  endfacet
  facet normal 0 0 1
    outer loop
      vertex 32.4766 24.8573 14
      vertex 31.7945 22.6856 14
      vertex 32.0491 22.4968 14
    endloop
  endfacet
  facet normal 0 0 1
    outer loop
      vertex 31.9916 24.7442 14
      vertex 31.5226 22.8486 14
      vertex 31.7945 22.6856 14
    endloop
  endfacet
  facet normal 0 0 1
    outer loop
      vertex 31.2361 22.9841 14
      vertex 31.8668 24.7151 14
      vertex 31.3755 24.634 14
    endloop
  endfacet
  facet normal 0 0 1
    outer loop
      vertex 31.2361 22.9841 14
      vertex 31.3755 24.634 14
      vertex 31.249 24.6131 14
    endloop
  endfacet
  facet normal 0 0 1
    outer loop
      vertex 31.8668 24.7151 14
      vertex 31.2361 22.9841 14
      vertex 31.5226 22.8486 14
    endloop
  endfacet
  facet normal 0 0 1
    outer loop
      vertex 30.9376 23.0909 14
      vertex 31.249 24.6131 14
      vertex 31.1214 24.6005 14
    endloop
  endfacet
  facet normal 0 0 1
    outer loop
      vertex 31.249 24.6131 14
      vertex 30.9376 23.0909 14
      vertex 31.2361 22.9841 14
    endloop
  endfacet
  facet normal 0 0 1
    outer loop
      vertex 31.1214 24.6005 14
      vertex 30.6301 23.1679 14
      vertex 30.9376 23.0909 14
    endloop
  endfacet
  facet normal -0 0 1
    outer loop
      vertex 30.6258 24.5517 14
      vertex 30.6301 23.1679 14
      vertex 31.1214 24.6005 14
    endloop
  endfacet
  facet normal -0 0 1
    outer loop
      vertex 30.4977 24.5475 14
      vertex 30.6301 23.1679 14
      vertex 30.6258 24.5517 14
    endloop
  endfacet
  facet normal 0 0 1
    outer loop
      vertex 30.4977 24.5475 14
      vertex 30.3166 23.2144 14
      vertex 30.6301 23.1679 14
    endloop
  endfacet
  facet normal -0 0 1
    outer loop
      vertex 30 24.5313 14
      vertex 30.3166 23.2144 14
      vertex 30.4977 24.5475 14
    endloop
  endfacet
  facet normal 0 0 1
    outer loop
      vertex 30 24.5313 14
      vertex 30 23.23 14
      vertex 30.3166 23.2144 14
    endloop
  endfacet
  facet normal 0 0 1
    outer loop
      vertex 30 24.5313 14
      vertex 29.6834 23.2144 14
      vertex 30 23.23 14
    endloop
  endfacet
  facet normal 0 0 1
    outer loop
      vertex 29.5023 24.5475 14
      vertex 29.6834 23.2144 14
      vertex 30 24.5313 14
    endloop
  endfacet
  facet normal 0 0 1
    outer loop
      vertex 29.3699 23.1679 14
      vertex 29.5023 24.5475 14
      vertex 29.3742 24.5517 14
    endloop
  endfacet
  facet normal 0 0 1
    outer loop
      vertex 29.5023 24.5475 14
      vertex 29.3699 23.1679 14
      vertex 29.6834 23.2144 14
    endloop
  endfacet
  facet normal 0 0 1
    outer loop
      vertex 28.8786 24.6005 14
      vertex 29.3699 23.1679 14
      vertex 29.3742 24.5517 14
    endloop
  endfacet
  facet normal 0 0 1
    outer loop
      vertex 29.3699 23.1679 14
      vertex 28.8786 24.6005 14
      vertex 29.0624 23.0909 14
    endloop
  endfacet
  facet normal 0 0 1
    outer loop
      vertex 28.751 24.6131 14
      vertex 29.0624 23.0909 14
      vertex 28.8786 24.6005 14
    endloop
  endfacet
  facet normal 0 0 1
    outer loop
      vertex 29.0624 23.0909 14
      vertex 28.751 24.6131 14
      vertex 28.7639 22.9841 14
    endloop
  endfacet
  facet normal 0 0 1
    outer loop
      vertex 28.6245 24.634 14
      vertex 28.7639 22.9841 14
      vertex 28.751 24.6131 14
    endloop
  endfacet
  facet normal 0 0 1
    outer loop
      vertex 28.1332 24.7151 14
      vertex 28.7639 22.9841 14
      vertex 28.6245 24.634 14
    endloop
  endfacet
  facet normal 0 0 1
    outer loop
      vertex 28.7639 22.9841 14
      vertex 28.1332 24.7151 14
      vertex 28.4774 22.8486 14
    endloop
  endfacet
  facet normal 0 0 1
    outer loop
      vertex 28.0084 24.7442 14
      vertex 28.4774 22.8486 14
      vertex 28.1332 24.7151 14
    endloop
  endfacet
  facet normal 0 0 1
    outer loop
      vertex 28.4774 22.8486 14
      vertex 28.0084 24.7442 14
      vertex 28.2055 22.6856 14
    endloop
  endfacet
  facet normal 0 0 1
    outer loop
      vertex 27.5234 24.8573 14
      vertex 28.2055 22.6856 14
      vertex 28.0084 24.7442 14
    endloop
  endfacet
  facet normal 0 0 1
    outer loop
      vertex 28.2055 22.6856 14
      vertex 27.5234 24.8573 14
      vertex 27.9509 22.4968 14
    endloop
  endfacet
  facet normal 0 0 1
    outer loop
      vertex 27.0469 25.0019 14
      vertex 27.9509 22.4968 14
      vertex 27.5234 24.8573 14
    endloop
  endfacet
  facet normal 0 0 1
    outer loop
      vertex 27.9509 22.4968 14
      vertex 27.0469 25.0019 14
      vertex 27.716 22.284 14
    endloop
  endfacet
  facet normal 0 0 1
    outer loop
      vertex 26.9242 25.0391 14
      vertex 27.716 22.284 14
      vertex 27.0469 25.0019 14
    endloop
  endfacet
  facet normal 0 0 1
    outer loop
      vertex 27.716 22.284 14
      vertex 26.9242 25.0391 14
      vertex 27.5032 22.0491 14
    endloop
  endfacet
  facet normal 0 0 1
    outer loop
      vertex 26.4582 25.2145 14
      vertex 27.5032 22.0491 14
      vertex 26.9242 25.0391 14
    endloop
  endfacet
  facet normal 0 0 1
    outer loop
      vertex 27.5032 22.0491 14
      vertex 26.4582 25.2145 14
      vertex 27.3144 21.7945 14
    endloop
  endfacet
  facet normal 0 0 1
    outer loop
      vertex 26.3382 25.2596 14
      vertex 27.3144 21.7945 14
      vertex 26.4582 25.2145 14
    endloop
  endfacet
  facet normal 0 0 1
    outer loop
      vertex 26.2214 25.3125 14
      vertex 27.3144 21.7945 14
      vertex 26.3382 25.2596 14
    endloop
  endfacet
  facet normal 0 0 1
    outer loop
      vertex 27.3144 21.7945 14
      vertex 26.2214 25.3125 14
      vertex 27.1514 21.5226 14
    endloop
  endfacet
  facet normal 0 0 1
    outer loop
      vertex 25.7679 25.5181 14
      vertex 27.1514 21.5226 14
      vertex 26.2214 25.3125 14
    endloop
  endfacet
  facet normal 0 0 1
    outer loop
      vertex 27.1514 21.5226 14
      vertex 25.7679 25.5181 14
      vertex 27.0159 21.2361 14
    endloop
  endfacet
  facet normal 0 0 1
    outer loop
      vertex 25.6548 25.5785 14
      vertex 27.0159 21.2361 14
      vertex 25.7679 25.5181 14
    endloop
  endfacet
  facet normal 0 0 1
    outer loop
      vertex 57.489 36.7682 14
      vertex 39.5525 34.5977 14
      vertex 39.5687 34.1 14
    endloop
  endfacet
  facet normal 0 0 1
    outer loop
      vertex 43.4107 50.539 14
      vertex 39.5483 34.7258 14
      vertex 39.5525 34.5977 14
    endloop
  endfacet
  facet normal 0 0 1
    outer loop
      vertex 43.4107 50.539 14
      vertex 39.5357 34.8534 14
      vertex 39.5483 34.7258 14
    endloop
  endfacet
  facet normal 0 0 1
    outer loop
      vertex 43.4107 50.539 14
      vertex 39.4869 35.349 14
      vertex 39.5357 34.8534 14
    endloop
  endfacet
  facet normal 0 0 1
    outer loop
      vertex 43.4107 50.539 14
      vertex 39.4058 35.8403 14
      vertex 39.4869 35.349 14
    endloop
  endfacet
  facet normal 0 0 1
    outer loop
      vertex 43.4107 50.539 14
      vertex 39.3849 35.9668 14
      vertex 39.4058 35.8403 14
    endloop
  endfacet
  facet normal 0 0 1
    outer loop
      vertex 43.4107 50.539 14
      vertex 39.3558 36.0916 14
      vertex 39.3849 35.9668 14
    endloop
  endfacet
  facet normal 0 0 1
    outer loop
      vertex 43.4107 50.539 14
      vertex 39.2427 36.5766 14
      vertex 39.3558 36.0916 14
    endloop
  endfacet
  facet normal 0 0 1
    outer loop
      vertex 43.4107 50.539 14
      vertex 39.2055 36.6992 14
      vertex 39.2427 36.5766 14
    endloop
  endfacet
  facet normal 0 0 1
    outer loop
      vertex 43.4107 50.539 14
      vertex 39.0609 37.1758 14
      vertex 39.2055 36.6992 14
    endloop
  endfacet
  facet normal 0 0 1
    outer loop
      vertex 43.4107 50.539 14
      vertex 38.8855 37.6418 14
      vertex 39.0609 37.1758 14
    endloop
  endfacet
  facet normal 0 0 1
    outer loop
      vertex 43.4107 50.539 14
      vertex 38.8404 37.7618 14
      vertex 38.8855 37.6418 14
    endloop
  endfacet
  facet normal 0 0 1
    outer loop
      vertex 43.4107 50.539 14
      vertex 38.6349 38.2154 14
      vertex 38.8404 37.7618 14
    endloop
  endfacet
  facet normal 0 0 1
    outer loop
      vertex 43.4107 50.539 14
      vertex 38.5819 38.3321 14
      vertex 38.6349 38.2154 14
    endloop
  endfacet
  facet normal 0 0 1
    outer loop
      vertex 43.4107 50.539 14
      vertex 38.5215 38.4452 14
      vertex 38.5819 38.3321 14
    endloop
  endfacet
  facet normal 0 0 1
    outer loop
      vertex 43.4107 50.539 14
      vertex 38.2868 38.8844 14
      vertex 38.5215 38.4452 14
    endloop
  endfacet
  facet normal 0 0 1
    outer loop
      vertex 35.3161 42.0561 14
      vertex 40.898 51.4105 14
      vertex 38.2736 52.0991 14
    endloop
  endfacet
  facet normal 0 0 1
    outer loop
      vertex 43.4107 50.539 14
      vertex 38.2191 38.9932 14
      vertex 38.2868 38.8844 14
    endloop
  endfacet
  facet normal 0 0 1
    outer loop
      vertex 43.4107 50.539 14
      vertex 37.9561 39.4161 14
      vertex 38.2191 38.9932 14
    endloop
  endfacet
  facet normal 0 0 1
    outer loop
      vertex 43.4107 50.539 14
      vertex 37.6661 39.8209 14
      vertex 37.9561 39.4161 14
    endloop
  endfacet
  facet normal 0 0 1
    outer loop
      vertex 43.4107 50.539 14
      vertex 37.5914 39.9251 14
      vertex 37.6661 39.8209 14
    endloop
  endfacet
  facet normal 0 0 1
    outer loop
      vertex 43.4107 50.539 14
      vertex 37.5101 40.0242 14
      vertex 37.5914 39.9251 14
    endloop
  endfacet
  facet normal 0 0 1
    outer loop
      vertex 43.4107 50.539 14
      vertex 37.1942 40.4091 14
      vertex 37.5101 40.0242 14
    endloop
  endfacet
  facet normal 0 0 1
    outer loop
      vertex 43.4107 50.539 14
      vertex 36.8538 40.7726 14
      vertex 37.1942 40.4091 14
    endloop
  endfacet
  facet normal 0 0 1
    outer loop
      vertex 43.4107 50.539 14
      vertex 36.7661 40.8661 14
      vertex 36.8538 40.7726 14
    endloop
  endfacet
  facet normal 0 0 1
    outer loop
      vertex 43.4107 50.539 14
      vertex 36.6726 40.9538 14
      vertex 36.7661 40.8661 14
    endloop
  endfacet
  facet normal 0 0 1
    outer loop
      vertex 43.4107 50.539 14
      vertex 36.3091 41.2942 14
      vertex 36.6726 40.9538 14
    endloop
  endfacet
  facet normal 0 0 1
    outer loop
      vertex 40.898 51.4105 14
      vertex 36.21 41.3755 14
      vertex 36.3091 41.2942 14
    endloop
  endfacet
  facet normal 0 0 1
    outer loop
      vertex 40.898 51.4105 14
      vertex 35.8251 41.6914 14
      vertex 36.21 41.3755 14
    endloop
  endfacet
  facet normal 0 0 1
    outer loop
      vertex 40.898 51.4105 14
      vertex 35.7209 41.7661 14
      vertex 35.8251 41.6914 14
    endloop
  endfacet
  facet normal 0 0 1
    outer loop
      vertex 34.1154 42.7349 14
      vertex 38.2736 52.0991 14
      vertex 35.5634 52.5969 14
    endloop
  endfacet
  facet normal 0 0 1
    outer loop
      vertex 40.898 51.4105 14
      vertex 35.3161 42.0561 14
      vertex 35.7209 41.7661 14
    endloop
  endfacet
  facet normal 0 0 1
    outer loop
      vertex 38.2736 52.0991 14
      vertex 34.8932 42.3191 14
      vertex 35.3161 42.0561 14
    endloop
  endfacet
  facet normal 0 0 1
    outer loop
      vertex 38.2736 52.0991 14
      vertex 34.7844 42.3868 14
      vertex 34.8932 42.3191 14
    endloop
  endfacet
  facet normal 0 0 1
    outer loop
      vertex 38.2736 52.0991 14
      vertex 34.3452 42.6215 14
      vertex 34.7844 42.3868 14
    endloop
  endfacet
  facet normal 0 0 1
    outer loop
      vertex 38.2736 52.0991 14
      vertex 34.2321 42.6819 14
      vertex 34.3452 42.6215 14
    endloop
  endfacet
  facet normal 0 0 1
    outer loop
      vertex 38.2736 52.0991 14
      vertex 34.1154 42.7349 14
      vertex 34.2321 42.6819 14
    endloop
  endfacet
  facet normal 0 0 1
    outer loop
      vertex 35.5634 52.5969 14
      vertex 33.6618 42.9404 14
      vertex 34.1154 42.7349 14
    endloop
  endfacet
  facet normal 0 0 1
    outer loop
      vertex 35.5634 52.5969 14
      vertex 33.1957 43.1158 14
      vertex 33.6618 42.9404 14
    endloop
  endfacet
  facet normal 0 0 1
    outer loop
      vertex 35.5634 52.5969 14
      vertex 33.0758 43.1609 14
      vertex 33.1957 43.1158 14
    endloop
  endfacet
  facet normal 0 0 1
    outer loop
      vertex 35.5634 52.5969 14
      vertex 32.9531 43.1981 14
      vertex 33.0758 43.1609 14
    endloop
  endfacet
  facet normal 0 0 1
    outer loop
      vertex 32.4766 43.3427 14
      vertex 35.5634 52.5969 14
      vertex 32.7962 52.898 14
    endloop
  endfacet
  facet normal 0 0 1
    outer loop
      vertex 35.5634 52.5969 14
      vertex 32.4766 43.3427 14
      vertex 32.9531 43.1981 14
    endloop
  endfacet
  facet normal 0 0 1
    outer loop
      vertex 32.7962 52.898 14
      vertex 31.9916 43.4558 14
      vertex 32.4766 43.3427 14
    endloop
  endfacet
  facet normal 0 0 1
    outer loop
      vertex 32.7962 52.898 14
      vertex 31.8668 43.4849 14
      vertex 31.9916 43.4558 14
    endloop
  endfacet
  facet normal 0 0 1
    outer loop
      vertex 32.7962 52.898 14
      vertex 31.3755 43.566 14
      vertex 31.8668 43.4849 14
    endloop
  endfacet
  facet normal 0 0 1
    outer loop
      vertex 32.7962 52.898 14
      vertex 31.249 43.5869 14
      vertex 31.3755 43.566 14
    endloop
  endfacet
  facet normal 0 0 1
    outer loop
      vertex 32.7962 52.898 14
      vertex 31.1214 43.5994 14
      vertex 31.249 43.5869 14
    endloop
  endfacet
  facet normal 0 0 1
    outer loop
      vertex 32.7962 52.898 14
      vertex 30.6258 43.6483 14
      vertex 31.1214 43.5994 14
    endloop
  endfacet
  facet normal 0 0 1
    outer loop
      vertex 30 52.9987 14
      vertex 30.6258 43.6483 14
      vertex 32.7962 52.898 14
    endloop
  endfacet
  facet normal 0 0 1
    outer loop
      vertex 30.6258 43.6483 14
      vertex 30 52.9987 14
      vertex 30.1281 43.6646 14
    endloop
  endfacet
  facet normal 0 0 1
    outer loop
      vertex 30 52.9987 14
      vertex 30 43.6687 14
      vertex 30.1281 43.6646 14
    endloop
  endfacet
  facet normal 0 0 1
    outer loop
      vertex 30 52.9987 14
      vertex 29.8719 43.6646 14
      vertex 30 43.6687 14
    endloop
  endfacet
  facet normal 0 0 1
    outer loop
      vertex 30 52.9987 14
      vertex 29.3742 43.6483 14
      vertex 29.8719 43.6646 14
    endloop
  endfacet
  facet normal -0 0 1
    outer loop
      vertex 27.2037 52.898 14
      vertex 29.3742 43.6483 14
      vertex 30 52.9987 14
    endloop
  endfacet
  facet normal 0 0 1
    outer loop
      vertex 29.3742 43.6483 14
      vertex 27.2037 52.898 14
      vertex 28.8786 43.5994 14
    endloop
  endfacet
  facet normal 0 0 1
    outer loop
      vertex 28.8786 43.5994 14
      vertex 27.2037 52.898 14
      vertex 28.751 43.5869 14
    endloop
  endfacet
  facet normal 0 0 1
    outer loop
      vertex 28.751 43.5869 14
      vertex 27.2037 52.898 14
      vertex 28.6245 43.566 14
    endloop
  endfacet
  facet normal 0 0 1
    outer loop
      vertex 28.6245 43.566 14
      vertex 27.2037 52.898 14
      vertex 28.1332 43.4849 14
    endloop
  endfacet
  facet normal 0 0 1
    outer loop
      vertex 28.1332 43.4849 14
      vertex 27.2037 52.898 14
      vertex 28.0084 43.4558 14
    endloop
  endfacet
  facet normal 0 0 1
    outer loop
      vertex 28.0084 43.4558 14
      vertex 27.2037 52.898 14
      vertex 27.5234 43.3427 14
    endloop
  endfacet
  facet normal -0 0 1
    outer loop
      vertex 24.4366 52.5969 14
      vertex 27.5234 43.3427 14
      vertex 27.2037 52.898 14
    endloop
  endfacet
  facet normal 0 0 1
    outer loop
      vertex 27.5234 43.3427 14
      vertex 24.4366 52.5969 14
      vertex 27.0469 43.1981 14
    endloop
  endfacet
  facet normal 0 0 1
    outer loop
      vertex 27.0469 43.1981 14
      vertex 24.4366 52.5969 14
      vertex 26.9242 43.1609 14
    endloop
  endfacet
  facet normal 0 0 1
    outer loop
      vertex 26.9242 43.1609 14
      vertex 24.4366 52.5969 14
      vertex 26.8043 43.1158 14
    endloop
  endfacet
  facet normal 0 0 1
    outer loop
      vertex 26.8043 43.1158 14
      vertex 24.4366 52.5969 14
      vertex 26.3382 42.9404 14
    endloop
  endfacet
  facet normal 0 0 1
    outer loop
      vertex 26.3382 42.9404 14
      vertex 24.4366 52.5969 14
      vertex 25.8846 42.7349 14
    endloop
  endfacet
  facet normal -0 0 1
    outer loop
      vertex 21.7264 52.0991 14
      vertex 25.8846 42.7349 14
      vertex 24.4366 52.5969 14
    endloop
  endfacet
  facet normal 0 0 1
    outer loop
      vertex 25.8846 42.7349 14
      vertex 21.7264 52.0991 14
      vertex 25.7679 42.6819 14
    endloop
  endfacet
  facet normal 0 0 1
    outer loop
      vertex 25.7679 42.6819 14
      vertex 21.7264 52.0991 14
      vertex 25.6548 42.6215 14
    endloop
  endfacet
  facet normal 0 0 1
    outer loop
      vertex 25.6548 42.6215 14
      vertex 21.7264 52.0991 14
      vertex 25.2156 42.3868 14
    endloop
  endfacet
  facet normal 0 0 1
    outer loop
      vertex 25.2156 42.3868 14
      vertex 21.7264 52.0991 14
      vertex 25.1068 42.3191 14
    endloop
  endfacet
  facet normal 0 0 1
    outer loop
      vertex 25.1068 42.3191 14
      vertex 21.7264 52.0991 14
      vertex 24.6839 42.0561 14
    endloop
  endfacet
  facet normal -0 0 1
    outer loop
      vertex 19.102 51.4105 14
      vertex 24.6839 42.0561 14
      vertex 21.7264 52.0991 14
    endloop
  endfacet
  facet normal 0 0 1
    outer loop
      vertex 24.6839 42.0561 14
      vertex 19.102 51.4105 14
      vertex 24.2791 41.7661 14
    endloop
  endfacet
  facet normal 0 0 1
    outer loop
      vertex 24.2791 41.7661 14
      vertex 19.102 51.4105 14
      vertex 24.1749 41.6914 14
    endloop
  endfacet
  facet normal 0 0 1
    outer loop
      vertex 24.1749 41.6914 14
      vertex 19.102 51.4105 14
      vertex 23.79 41.3755 14
    endloop
  endfacet
  facet normal 0 0 1
    outer loop
      vertex 23.79 41.3755 14
      vertex 19.102 51.4105 14
      vertex 23.6909 41.2942 14
    endloop
  endfacet
  facet normal -0 0 1
    outer loop
      vertex 16.5893 50.539 14
      vertex 23.6909 41.2942 14
      vertex 19.102 51.4105 14
    endloop
  endfacet
  facet normal 0 0 1
    outer loop
      vertex 23.6909 41.2942 14
      vertex 16.5893 50.539 14
      vertex 23.3274 40.9538 14
    endloop
  endfacet
  facet normal 0 0 1
    outer loop
      vertex 23.3274 40.9538 14
      vertex 16.5893 50.539 14
      vertex 23.2339 40.8661 14
    endloop
  endfacet
  facet normal 0 0 1
    outer loop
      vertex 23.2339 40.8661 14
      vertex 16.5893 50.539 14
      vertex 23.1462 40.7726 14
    endloop
  endfacet
  facet normal 0 0 1
    outer loop
      vertex 23.1462 40.7726 14
      vertex 16.5893 50.539 14
      vertex 22.8058 40.4091 14
    endloop
  endfacet
  facet normal -0 0 1
    outer loop
      vertex 14.2147 49.4953 14
      vertex 22.8058 40.4091 14
      vertex 16.5893 50.539 14
    endloop
  endfacet
  facet normal 0 0 1
    outer loop
      vertex 22.8058 40.4091 14
      vertex 14.2147 49.4953 14
      vertex 22.4899 40.0242 14
    endloop
  endfacet
  facet normal 0 0 1
    outer loop
      vertex 22.4899 40.0242 14
      vertex 14.2147 49.4953 14
      vertex 22.4086 39.9251 14
    endloop
  endfacet
  facet normal 0 0 1
    outer loop
      vertex 22.4086 39.9251 14
      vertex 14.2147 49.4953 14
      vertex 22.3339 39.8209 14
    endloop
  endfacet
  facet normal 0 0 1
    outer loop
      vertex 22.3339 39.8209 14
      vertex 14.2147 49.4953 14
      vertex 22.0439 39.4161 14
    endloop
  endfacet
  facet normal -0 0 1
    outer loop
      vertex 12.0016 48.2916 14
      vertex 22.0439 39.4161 14
      vertex 14.2147 49.4953 14
    endloop
  endfacet
  facet normal 0 0 1
    outer loop
      vertex 22.0439 39.4161 14
      vertex 12.0016 48.2916 14
      vertex 21.7809 38.9932 14
    endloop
  endfacet
  facet normal 0 0 1
    outer loop
      vertex 21.7809 38.9932 14
      vertex 12.0016 48.2916 14
      vertex 21.7132 38.8844 14
    endloop
  endfacet
  facet normal 0 0 1
    outer loop
      vertex 21.7132 38.8844 14
      vertex 12.0016 48.2916 14
      vertex 21.4785 38.4452 14
    endloop
  endfacet
  facet normal 0 0 1
    outer loop
      vertex 21.4785 38.4452 14
      vertex 12.0016 48.2916 14
      vertex 21.4181 38.3321 14
    endloop
  endfacet
  facet normal -0 0 1
    outer loop
      vertex 9.97183 46.9425 14
      vertex 21.4181 38.3321 14
      vertex 12.0016 48.2916 14
    endloop
  endfacet
  facet normal 0 0 1
    outer loop
      vertex 21.4181 38.3321 14
      vertex 9.97183 46.9425 14
      vertex 21.3651 38.2154 14
    endloop
  endfacet
  facet normal 0 0 1
    outer loop
      vertex 21.3651 38.2154 14
      vertex 9.97183 46.9425 14
      vertex 21.1596 37.7618 14
    endloop
  endfacet
  facet normal 0 0 1
    outer loop
      vertex 21.1596 37.7618 14
      vertex 9.97183 46.9425 14
      vertex 21.1145 37.6418 14
    endloop
  endfacet
  facet normal -0 0 1
    outer loop
      vertex 8.14513 45.4645 14
      vertex 21.1145 37.6418 14
      vertex 9.97183 46.9425 14
    endloop
  endfacet
  facet normal 0 0 1
    outer loop
      vertex 21.1145 37.6418 14
      vertex 8.14513 45.4645 14
      vertex 20.9391 37.1758 14
    endloop
  endfacet
  facet normal 0 0 1
    outer loop
      vertex 20.9391 37.1758 14
      vertex 8.14513 45.4645 14
      vertex 20.7945 36.6992 14
    endloop
  endfacet
  facet normal 0 0 1
    outer loop
      vertex 20.7945 36.6992 14
      vertex 8.14513 45.4645 14
      vertex 20.7573 36.5766 14
    endloop
  endfacet
  facet normal 0 0 1
    outer loop
      vertex 20.6442 36.0916 14
      vertex 6.5374 43.8748 14
      vertex 20.6151 35.9668 14
    endloop
  endfacet
  facet normal 0 0 1
    outer loop
      vertex 20.7573 36.5766 14
      vertex 6.5374 43.8748 14
      vertex 20.6442 36.0916 14
    endloop
  endfacet
  facet normal -0 0 1
    outer loop
      vertex 6.5374 43.8748 14
      vertex 20.7573 36.5766 14
      vertex 8.14513 45.4645 14
    endloop
  endfacet
  facet normal -0 0 1
    outer loop
      vertex 39.5525 33.6023 14
      vertex 57.9955 33 14
      vertex 57.8689 34.8901 14
    endloop
  endfacet
  facet normal 0 0 1
    outer loop
      vertex 39.5687 34.1 14
      vertex 57.8689 34.8901 14
      vertex 57.489 36.7682 14
    endloop
  endfacet
  facet normal 0 0 1
    outer loop
      vertex 57.9955 33 14
      vertex 39.5525 33.6023 14
      vertex 39.5483 33.4742 14
    endloop
  endfacet
  facet normal 0 0 1
    outer loop
      vertex 39.5525 34.5977 14
      vertex 57.489 36.7682 14
      vertex 56.856 38.6216 14
    endloop
  endfacet
  facet normal 0 0 1
    outer loop
      vertex 57.9955 33 14
      vertex 39.5483 33.4742 14
      vertex 57.8689 31.1098 14
    endloop
  endfacet
  facet normal 0 0 1
    outer loop
      vertex 39.5525 34.5977 14
      vertex 56.856 38.6216 14
      vertex 55.9711 40.435 14
    endloop
  endfacet
  facet normal 0 0 1
    outer loop
      vertex 39.5525 34.5977 14
      vertex 55.9711 40.435 14
      vertex 54.8378 42.1922 14
    endloop
  endfacet
  facet normal 0 0 1
    outer loop
      vertex 39.5525 34.5977 14
      vertex 54.8378 42.1922 14
      vertex 53.4626 43.8748 14
    endloop
  endfacet
  facet normal 0 0 1
    outer loop
      vertex 39.5525 34.5977 14
      vertex 53.4626 43.8748 14
      vertex 51.8549 45.4645 14
    endloop
  endfacet
  facet normal 0 0 1
    outer loop
      vertex 39.5525 34.5977 14
      vertex 51.8549 45.4645 14
      vertex 50.0282 46.9425 14
    endloop
  endfacet
  facet normal 0 0 1
    outer loop
      vertex 39.5525 34.5977 14
      vertex 50.0282 46.9425 14
      vertex 47.9984 48.2916 14
    endloop
  endfacet
  facet normal 0 0 1
    outer loop
      vertex 57.8689 34.8901 14
      vertex 39.5687 34.1 14
      vertex 39.5525 33.6023 14
    endloop
  endfacet
  facet normal 0 0 1
    outer loop
      vertex 39.5525 34.5977 14
      vertex 47.9984 48.2916 14
      vertex 45.7853 49.4953 14
    endloop
  endfacet
  facet normal 0 0 1
    outer loop
      vertex 39.5525 34.5977 14
      vertex 45.7853 49.4953 14
      vertex 43.4107 50.539 14
    endloop
  endfacet
  facet normal 0 0 1
    outer loop
      vertex 36.3091 41.2942 14
      vertex 43.4107 50.539 14
      vertex 40.898 51.4105 14
    endloop
  endfacet
  facet normal -0 0 1
    outer loop
      vertex 39.5357 33.3466 14
      vertex 57.8689 31.1098 14
      vertex 39.5483 33.4742 14
    endloop
  endfacet
  facet normal -0 0 1
    outer loop
      vertex 39.4869 32.851 14
      vertex 57.8689 31.1098 14
      vertex 39.5357 33.3466 14
    endloop
  endfacet
  facet normal 0 0 1
    outer loop
      vertex 57.8689 31.1098 14
      vertex 39.4869 32.851 14
      vertex 57.489 29.2317 14
    endloop
  endfacet
  facet normal 0 0 1
    outer loop
      vertex 57.489 29.2317 14
      vertex 39.4869 32.851 14
      vertex 56.8328 27.3107 14
    endloop
  endfacet
  facet normal 0 0 1
    outer loop
      vertex 56.8328 27.3107 14
      vertex 39.4869 32.851 14
      vertex 39.4058 32.3597 14
    endloop
  endfacet
  facet normal 0 0 1
    outer loop
      vertex 56.8328 27.3107 14
      vertex 39.4058 32.3597 14
      vertex 39.3849 32.2332 14
    endloop
  endfacet
  facet normal -0 0 1
    outer loop
      vertex 39.2718 31.7483 14
      vertex 56.8328 27.3107 14
      vertex 39.3849 32.2332 14
    endloop
  endfacet
  facet normal -0 0 1
    outer loop
      vertex 39.2427 31.6234 14
      vertex 56.8328 27.3107 14
      vertex 39.2718 31.7483 14
    endloop
  endfacet
  facet normal -0 0 1
    outer loop
      vertex 39.2055 31.5008 14
      vertex 56.8328 27.3107 14
      vertex 39.2427 31.6234 14
    endloop
  endfacet
  facet normal -0 0 1
    outer loop
      vertex 39.0609 31.0242 14
      vertex 56.8328 27.3107 14
      vertex 39.2055 31.5008 14
    endloop
  endfacet
  facet normal -0 0 1
    outer loop
      vertex 38.8855 30.5582 14
      vertex 56.8328 27.3107 14
      vertex 39.0609 31.0242 14
    endloop
  endfacet
  facet normal -0 0 1
    outer loop
      vertex 38.8404 30.4382 14
      vertex 56.8328 27.3107 14
      vertex 38.8855 30.5582 14
    endloop
  endfacet
  facet normal -0 0 1
    outer loop
      vertex 38.6349 29.9846 14
      vertex 56.8328 27.3107 14
      vertex 38.8404 30.4382 14
    endloop
  endfacet
  facet normal -0 0 1
    outer loop
      vertex 38.5819 29.8679 14
      vertex 56.8328 27.3107 14
      vertex 38.6349 29.9846 14
    endloop
  endfacet
  facet normal -0 0 1
    outer loop
      vertex 38.5215 29.7548 14
      vertex 56.8328 27.3107 14
      vertex 38.5819 29.8679 14
    endloop
  endfacet
  facet normal -0 0 1
    outer loop
      vertex 38.2868 29.3156 14
      vertex 56.8328 27.3107 14
      vertex 38.5215 29.7548 14
    endloop
  endfacet
  facet normal -0 0 1
    outer loop
      vertex 38.2191 29.2068 14
      vertex 56.8328 27.3107 14
      vertex 38.2868 29.3156 14
    endloop
  endfacet
  facet normal -0 0 1
    outer loop
      vertex 37.9561 28.7839 14
      vertex 56.8328 27.3107 14
      vertex 38.2191 29.2068 14
    endloop
  endfacet
  facet normal -0 0 1
    outer loop
      vertex 37.6661 28.3791 14
      vertex 56.8328 27.3107 14
      vertex 37.9561 28.7839 14
    endloop
  endfacet
  facet normal -0 0 1
    outer loop
      vertex 37.5914 28.2749 14
      vertex 56.8328 27.3107 14
      vertex 37.6661 28.3791 14
    endloop
  endfacet
  facet normal -0 0 1
    outer loop
      vertex 37.5101 28.1758 14
      vertex 56.8328 27.3107 14
      vertex 37.5914 28.2749 14
    endloop
  endfacet
  facet normal -0 0 1
    outer loop
      vertex 37.1942 27.7909 14
      vertex 56.8328 27.3107 14
      vertex 37.5101 28.1758 14
    endloop
  endfacet
  facet normal -0 0 1
    outer loop
      vertex 37.1065 27.6973 14
      vertex 56.8328 27.3107 14
      vertex 37.1942 27.7909 14
    endloop
  endfacet
  facet normal -0 0 1
    outer loop
      vertex 36.7661 27.3339 14
      vertex 56.8328 27.3107 14
      vertex 37.1065 27.6973 14
    endloop
  endfacet
  facet normal 0 0 1
    outer loop
      vertex 56.8328 27.3107 14
      vertex 36.7661 27.3339 14
      vertex 33.2144 19.6834 14
    endloop
  endfacet
  facet normal 0 0 1
    outer loop
      vertex 33.2144 19.6834 14
      vertex 36.7661 27.3339 14
      vertex 36.4027 26.9935 14
    endloop
  endfacet
  facet normal 0 0 1
    outer loop
      vertex 33.23 20 14
      vertex 36.4027 26.9935 14
      vertex 36.3091 26.9058 14
    endloop
  endfacet
  facet normal 0 0 1
    outer loop
      vertex 33.23 20 14
      vertex 36.3091 26.9058 14
      vertex 36.21 26.8245 14
    endloop
  endfacet
  facet normal 0 0 1
    outer loop
      vertex 33.2144 20.3166 14
      vertex 36.21 26.8245 14
      vertex 35.8251 26.5086 14
    endloop
  endfacet
  facet normal 0 0 1
    outer loop
      vertex 33.2144 20.3166 14
      vertex 35.8251 26.5086 14
      vertex 35.7209 26.4339 14
    endloop
  endfacet
  facet normal 0 0 1
    outer loop
      vertex 33.2144 20.3166 14
      vertex 35.7209 26.4339 14
      vertex 35.3161 26.1439 14
    endloop
  endfacet
  facet normal 0 0 1
    outer loop
      vertex 33.2144 20.3166 14
      vertex 35.3161 26.1439 14
      vertex 34.8932 25.8809 14
    endloop
  endfacet
  facet normal 0 0 1
    outer loop
      vertex 33.2144 20.3166 14
      vertex 34.8932 25.8809 14
      vertex 34.7844 25.8132 14
    endloop
  endfacet
  facet normal 0 0 1
    outer loop
      vertex 33.2144 20.3166 14
      vertex 34.7844 25.8132 14
      vertex 34.3452 25.5785 14
    endloop
  endfacet
  facet normal 0 0 1
    outer loop
      vertex 33.2144 20.3166 14
      vertex 34.3452 25.5785 14
      vertex 34.2321 25.5181 14
    endloop
  endfacet
  facet normal 0 0 1
    outer loop
      vertex 33.2144 20.3166 14
      vertex 34.2321 25.5181 14
      vertex 33.7786 25.3125 14
    endloop
  endfacet
  facet normal 0 0 1
    outer loop
      vertex 33.2144 20.3166 14
      vertex 33.7786 25.3125 14
      vertex 33.6618 25.2596 14
    endloop
  endfacet
  facet normal 0 0 1
    outer loop
      vertex 32.6856 21.7945 14
      vertex 33.6618 25.2596 14
      vertex 33.5418 25.2145 14
    endloop
  endfacet
  facet normal 0 0 1
    outer loop
      vertex 36.4027 26.9935 14
      vertex 33.23 20 14
      vertex 33.2144 19.6834 14
    endloop
  endfacet
  facet normal 0 0 1
    outer loop
      vertex 33.1679 19.3699 14
      vertex 56.8328 27.3107 14
      vertex 33.2144 19.6834 14
    endloop
  endfacet
  facet normal 0 0 1
    outer loop
      vertex 56.8328 27.3107 14
      vertex 33.1679 19.3699 14
      vertex 46.6489 2 14
    endloop
  endfacet
  facet normal -0 0 1
    outer loop
      vertex 33.0909 19.0624 14
      vertex 46.6489 2 14
      vertex 33.1679 19.3699 14
    endloop
  endfacet
  facet normal -0 0 1
    outer loop
      vertex 32.9841 18.7639 14
      vertex 46.6489 2 14
      vertex 33.0909 19.0624 14
    endloop
  endfacet
  facet normal -0 0 1
    outer loop
      vertex 32.8486 18.4774 14
      vertex 46.6489 2 14
      vertex 32.9841 18.7639 14
    endloop
  endfacet
  facet normal -0 0 1
    outer loop
      vertex 32.6856 18.2055 14
      vertex 46.6489 2 14
      vertex 32.8486 18.4774 14
    endloop
  endfacet
  facet normal -0 0 1
    outer loop
      vertex 32.4968 17.9509 14
      vertex 46.6489 2 14
      vertex 32.6856 18.2055 14
    endloop
  endfacet
  facet normal -0 0 1
    outer loop
      vertex 32.284 17.716 14
      vertex 46.6489 2 14
      vertex 32.4968 17.9509 14
    endloop
  endfacet
  facet normal -0 0 1
    outer loop
      vertex 32.0491 17.5032 14
      vertex 46.6489 2 14
      vertex 32.284 17.716 14
    endloop
  endfacet
  facet normal -0 0 1
    outer loop
      vertex 31.7945 17.3144 14
      vertex 46.6489 2 14
      vertex 32.0491 17.5032 14
    endloop
  endfacet
  facet normal -0 0 1
    outer loop
      vertex 31.5226 17.1514 14
      vertex 46.6489 2 14
      vertex 31.7945 17.3144 14
    endloop
  endfacet
  facet normal -0 0 1
    outer loop
      vertex 31.2361 17.0159 14
      vertex 46.6489 2 14
      vertex 31.5226 17.1514 14
    endloop
  endfacet
  facet normal -0 0 1
    outer loop
      vertex 30.9376 16.9091 14
      vertex 46.6489 2 14
      vertex 31.2361 17.0159 14
    endloop
  endfacet
  facet normal -0 0 1
    outer loop
      vertex 30.6301 16.8321 14
      vertex 46.6489 2 14
      vertex 30.9376 16.9091 14
    endloop
  endfacet
  facet normal -0 0 1
    outer loop
      vertex 30.3166 16.7856 14
      vertex 46.6489 2 14
      vertex 30.6301 16.8321 14
    endloop
  endfacet
  facet normal -0 0 1
    outer loop
      vertex 30 16.77 14
      vertex 46.6489 2 14
      vertex 30.3166 16.7856 14
    endloop
  endfacet
  facet normal 0 0 1
    outer loop
      vertex 13.3511 2 14
      vertex 30 16.77 14
      vertex 29.6834 16.7856 14
    endloop
  endfacet
  facet normal 0 0 1
    outer loop
      vertex 13.3511 2 14
      vertex 29.6834 16.7856 14
      vertex 29.3699 16.8321 14
    endloop
  endfacet
  facet normal 0 0 1
    outer loop
      vertex 13.3511 2 14
      vertex 29.3699 16.8321 14
      vertex 29.0624 16.9091 14
    endloop
  endfacet
  facet normal 0 0 1
    outer loop
      vertex 13.3511 2 14
      vertex 29.0624 16.9091 14
      vertex 28.7639 17.0159 14
    endloop
  endfacet
  facet normal 0 0 1
    outer loop
      vertex 13.3511 2 14
      vertex 28.7639 17.0159 14
      vertex 28.4774 17.1514 14
    endloop
  endfacet
  facet normal 0 0 1
    outer loop
      vertex 13.3511 2 14
      vertex 28.4774 17.1514 14
      vertex 28.2055 17.3144 14
    endloop
  endfacet
  facet normal 0 0 1
    outer loop
      vertex 13.3511 2 14
      vertex 28.2055 17.3144 14
      vertex 27.9509 17.5032 14
    endloop
  endfacet
  facet normal 0 0 1
    outer loop
      vertex 25.2156 25.8132 14
      vertex 27.0159 21.2361 14
      vertex 25.6548 25.5785 14
    endloop
  endfacet
  facet normal 0 0 1
    outer loop
      vertex 27.0159 21.2361 14
      vertex 25.2156 25.8132 14
      vertex 26.9091 20.9376 14
    endloop
  endfacet
  facet normal 0 0 1
    outer loop
      vertex 25.1068 25.8809 14
      vertex 26.9091 20.9376 14
      vertex 25.2156 25.8132 14
    endloop
  endfacet
  facet normal 0 0 1
    outer loop
      vertex 24.6839 26.1439 14
      vertex 26.9091 20.9376 14
      vertex 25.1068 25.8809 14
    endloop
  endfacet
  facet normal 0 0 1
    outer loop
      vertex 26.9091 20.9376 14
      vertex 24.6839 26.1439 14
      vertex 26.8321 20.6301 14
    endloop
  endfacet
  facet normal 0 0 1
    outer loop
      vertex 24.2791 26.4339 14
      vertex 26.8321 20.6301 14
      vertex 24.6839 26.1439 14
    endloop
  endfacet
  facet normal 0 0 1
    outer loop
      vertex 26.8321 20.6301 14
      vertex 24.2791 26.4339 14
      vertex 26.7856 20.3166 14
    endloop
  endfacet
  facet normal 0 0 1
    outer loop
      vertex 24.1749 26.5086 14
      vertex 26.7856 20.3166 14
      vertex 24.2791 26.4339 14
    endloop
  endfacet
  facet normal 0 0 1
    outer loop
      vertex 23.79 26.8245 14
      vertex 26.7856 20.3166 14
      vertex 24.1749 26.5086 14
    endloop
  endfacet
  facet normal 0 0 1
    outer loop
      vertex 26.7856 20.3166 14
      vertex 23.79 26.8245 14
      vertex 26.77 20 14
    endloop
  endfacet
  facet normal 0 0 1
    outer loop
      vertex 23.6909 26.9058 14
      vertex 26.77 20 14
      vertex 23.79 26.8245 14
    endloop
  endfacet
  facet normal 0 0 1
    outer loop
      vertex 23.5973 26.9935 14
      vertex 26.77 20 14
      vertex 23.6909 26.9058 14
    endloop
  endfacet
  facet normal 0 0 1
    outer loop
      vertex 26.77 20 14
      vertex 23.5973 26.9935 14
      vertex 26.7856 19.6834 14
    endloop
  endfacet
  facet normal 0 0 1
    outer loop
      vertex 23.2339 27.3339 14
      vertex 26.7856 19.6834 14
      vertex 23.5973 26.9935 14
    endloop
  endfacet
  facet normal -0 0 1
    outer loop
      vertex 3.16718 27.3107 14
      vertex 26.7856 19.6834 14
      vertex 23.2339 27.3339 14
    endloop
  endfacet
  facet normal 0 0 1
    outer loop
      vertex 26.7856 19.6834 14
      vertex 3.16718 27.3107 14
      vertex 26.8321 19.3699 14
    endloop
  endfacet
  facet normal 0 -0 1
    outer loop
      vertex 13.3511 2 14
      vertex 26.8321 19.3699 14
      vertex 3.16718 27.3107 14
    endloop
  endfacet
  facet normal 0 0 1
    outer loop
      vertex 3.16718 27.3107 14
      vertex 23.2339 27.3339 14
      vertex 22.8935 27.6973 14
    endloop
  endfacet
  facet normal 0 0 1
    outer loop
      vertex 3.16718 27.3107 14
      vertex 22.8935 27.6973 14
      vertex 22.8058 27.7909 14
    endloop
  endfacet
  facet normal 0 0 1
    outer loop
      vertex 3.16718 27.3107 14
      vertex 22.8058 27.7909 14
      vertex 22.4899 28.1758 14
    endloop
  endfacet
  facet normal 0 0 1
    outer loop
      vertex 26.8321 19.3699 14
      vertex 13.3511 2 14
      vertex 26.9091 19.0624 14
    endloop
  endfacet
  facet normal 0 0 1
    outer loop
      vertex 3.16718 27.3107 14
      vertex 22.4899 28.1758 14
      vertex 22.4086 28.2749 14
    endloop
  endfacet
  facet normal 0 0 1
    outer loop
      vertex 3.16718 27.3107 14
      vertex 22.4086 28.2749 14
      vertex 22.3339 28.3791 14
    endloop
  endfacet
  facet normal 0 0 1
    outer loop
      vertex 3.16718 27.3107 14
      vertex 22.3339 28.3791 14
      vertex 22.0439 28.7839 14
    endloop
  endfacet
  facet normal 0 0 1
    outer loop
      vertex 3.16718 27.3107 14
      vertex 22.0439 28.7839 14
      vertex 21.7809 29.2068 14
    endloop
  endfacet
  facet normal 0 0 1
    outer loop
      vertex 3.16718 27.3107 14
      vertex 21.7809 29.2068 14
      vertex 21.7132 29.3156 14
    endloop
  endfacet
  facet normal 0 0 1
    outer loop
      vertex 3.16718 27.3107 14
      vertex 21.7132 29.3156 14
      vertex 21.4785 29.7548 14
    endloop
  endfacet
  facet normal 0 0 1
    outer loop
      vertex 3.16718 27.3107 14
      vertex 21.4785 29.7548 14
      vertex 21.4181 29.8679 14
    endloop
  endfacet
  facet normal 0 0 1
    outer loop
      vertex 3.16718 27.3107 14
      vertex 21.3651 29.9846 14
      vertex 21.1596 30.4382 14
    endloop
  endfacet
  facet normal 0 0 1
    outer loop
      vertex 3.16718 27.3107 14
      vertex 20.7282 31.7483 14
      vertex 20.6151 32.2332 14
    endloop
  endfacet
  facet normal 0 0 1
    outer loop
      vertex 3.16718 27.3107 14
      vertex 20.5942 32.3597 14
      vertex 20.5131 32.851 14
    endloop
  endfacet
  facet normal 0 0 1
    outer loop
      vertex 2.1311 31.1098 14
      vertex 20.4643 33.3466 14
      vertex 20.4517 33.4742 14
    endloop
  endfacet
  facet normal -0 0 1
    outer loop
      vertex 5.16214 42.1922 14
      vertex 20.6151 35.9668 14
      vertex 6.5374 43.8748 14
    endloop
  endfacet
  facet normal 0 0 1
    outer loop
      vertex 20.6151 35.9668 14
      vertex 5.16214 42.1922 14
      vertex 20.5942 35.8403 14
    endloop
  endfacet
  facet normal 0 0 1
    outer loop
      vertex 20.5942 35.8403 14
      vertex 5.16214 42.1922 14
      vertex 20.5131 35.349 14
    endloop
  endfacet
  facet normal -0 0 1
    outer loop
      vertex 4.02887 40.435 14
      vertex 20.5131 35.349 14
      vertex 5.16214 42.1922 14
    endloop
  endfacet
  facet normal 0 0 1
    outer loop
      vertex 20.5131 35.349 14
      vertex 4.02887 40.435 14
      vertex 20.4643 34.8534 14
    endloop
  endfacet
  facet normal 0 0 1
    outer loop
      vertex 20.4643 34.8534 14
      vertex 4.02887 40.435 14
      vertex 20.4517 34.7258 14
    endloop
  endfacet
  facet normal -0 0 1
    outer loop
      vertex 3.14403 38.6216 14
      vertex 20.4517 34.7258 14
      vertex 4.02887 40.435 14
    endloop
  endfacet
  facet normal 0 0 1
    outer loop
      vertex 20.4517 34.7258 14
      vertex 3.14403 38.6216 14
      vertex 20.4475 34.5977 14
    endloop
  endfacet
  facet normal -0 0 1
    outer loop
      vertex 2.511 36.7682 14
      vertex 20.4475 34.5977 14
      vertex 3.14403 38.6216 14
    endloop
  endfacet
  facet normal 0 0 1
    outer loop
      vertex 30 16.77 14
      vertex 13.3511 2 14
      vertex 46.6489 2 14
    endloop
  endfacet
  facet normal 0 0 1
    outer loop
      vertex 27.716 17.716 14
      vertex 13.3511 2 14
      vertex 27.9509 17.5032 14
    endloop
  endfacet
  facet normal 0 0 1
    outer loop
      vertex 27.5032 17.9509 14
      vertex 13.3511 2 14
      vertex 27.716 17.716 14
    endloop
  endfacet
  facet normal 0 0 1
    outer loop
      vertex 27.3144 18.2055 14
      vertex 13.3511 2 14
      vertex 27.5032 17.9509 14
    endloop
  endfacet
  facet normal 0 0 1
    outer loop
      vertex 27.1514 18.4774 14
      vertex 13.3511 2 14
      vertex 27.3144 18.2055 14
    endloop
  endfacet
  facet normal 0 0 1
    outer loop
      vertex 26.9091 19.0624 14
      vertex 13.3511 2 14
      vertex 27.0159 18.7639 14
    endloop
  endfacet
  facet normal 0 0 1
    outer loop
      vertex 21.3651 29.9846 14
      vertex 3.16718 27.3107 14
      vertex 21.4181 29.8679 14
    endloop
  endfacet
  facet normal 0 0 1
    outer loop
      vertex 3.16718 27.3107 14
      vertex 21.1596 30.4382 14
      vertex 21.1145 30.5582 14
    endloop
  endfacet
  facet normal 0 0 1
    outer loop
      vertex 3.16718 27.3107 14
      vertex 21.1145 30.5582 14
      vertex 20.9391 31.0242 14
    endloop
  endfacet
  facet normal 0 0 1
    outer loop
      vertex 20.4475 34.5977 14
      vertex 2.511 36.7682 14
      vertex 20.4313 34.1 14
    endloop
  endfacet
  facet normal -0 0 1
    outer loop
      vertex 2.1311 34.8901 14
      vertex 20.4313 34.1 14
      vertex 2.511 36.7682 14
    endloop
  endfacet
  facet normal 0 0 1
    outer loop
      vertex 20.4313 34.1 14
      vertex 2.1311 34.8901 14
      vertex 20.4475 33.6023 14
    endloop
  endfacet
  facet normal 0 0 1
    outer loop
      vertex 2.00449 33 14
      vertex 20.4475 33.6023 14
      vertex 2.1311 34.8901 14
    endloop
  endfacet
  facet normal 0 0 1
    outer loop
      vertex 20.4475 33.6023 14
      vertex 2.00449 33 14
      vertex 20.4517 33.4742 14
    endloop
  endfacet
  facet normal 0 -0 1
    outer loop
      vertex 2.1311 31.1098 14
      vertex 20.4517 33.4742 14
      vertex 2.00449 33 14
    endloop
  endfacet
  facet normal 0 0 1
    outer loop
      vertex 20.4643 33.3466 14
      vertex 2.1311 31.1098 14
      vertex 20.5131 32.851 14
    endloop
  endfacet
  facet normal 0 0 1
    outer loop
      vertex 27.0159 18.7639 14
      vertex 13.3511 2 14
      vertex 27.1514 18.4774 14
    endloop
  endfacet
  facet normal 0 -0 1
    outer loop
      vertex 2.511 29.2317 14
      vertex 20.5131 32.851 14
      vertex 2.1311 31.1098 14
    endloop
  endfacet
  facet normal 0 -0 1
    outer loop
      vertex 3.16718 27.3107 14
      vertex 20.5131 32.851 14
      vertex 2.511 29.2317 14
    endloop
  endfacet
  facet normal 0 0 1
    outer loop
      vertex 20.7945 31.5008 14
      vertex 3.16718 27.3107 14
      vertex 20.9391 31.0242 14
    endloop
  endfacet
  facet normal 0 0 1
    outer loop
      vertex 20.5942 32.3597 14
      vertex 3.16718 27.3107 14
      vertex 20.6151 32.2332 14
    endloop
  endfacet
  facet normal 0 0 1
    outer loop
      vertex 20.7573 31.6234 14
      vertex 3.16718 27.3107 14
      vertex 20.7945 31.5008 14
    endloop
  endfacet
  facet normal 0 0 1
    outer loop
      vertex 20.7282 31.7483 14
      vertex 3.16718 27.3107 14
      vertex 20.7573 31.6234 14
    endloop
  endfacet
  facet normal -1 0 0
    outer loop
      vertex 42.4 0 5.6
      vertex 42.4 25 8.4
      vertex 42.4 25 5.6
    endloop
  endfacet
  facet normal -1 -0 0
    outer loop
      vertex 42.4 25 8.4
      vertex 42.4 0 5.6
      vertex 42.4 0 8.4
    endloop
  endfacet
  facet normal 0 0 -1
    outer loop
      vertex 31.4135 19.0555 8.4
      vertex 42.4 25 8.4
      vertex 42.4 0 8.4
    endloop
  endfacet
  facet normal 0 0 -1
    outer loop
      vertex 42.4 25 8.4
      vertex 31.6918 19.8334 8.4
      vertex 31.7 20 8.4
    endloop
  endfacet
  facet normal 0 0 -1
    outer loop
      vertex 42.4 25 8.4
      vertex 31.6673 19.6683 8.4
      vertex 31.6918 19.8334 8.4
    endloop
  endfacet
  facet normal 0 0 -1
    outer loop
      vertex 42.4 25 8.4
      vertex 31.6268 19.5065 8.4
      vertex 31.6673 19.6683 8.4
    endloop
  endfacet
  facet normal 0 0 -1
    outer loop
      vertex 42.4 25 8.4
      vertex 31.5706 19.3494 8.4
      vertex 31.6268 19.5065 8.4
    endloop
  endfacet
  facet normal 0 0 -1
    outer loop
      vertex 42.4 25 8.4
      vertex 31.4993 19.1986 8.4
      vertex 31.5706 19.3494 8.4
    endloop
  endfacet
  facet normal 0 0 -1
    outer loop
      vertex 42.4 25 8.4
      vertex 31.4135 19.0555 8.4
      vertex 31.4993 19.1986 8.4
    endloop
  endfacet
  facet normal 0 0 -1
    outer loop
      vertex 42.4 0 8.4
      vertex 31.3141 18.9215 8.4
      vertex 31.4135 19.0555 8.4
    endloop
  endfacet
  facet normal 0 0 -1
    outer loop
      vertex 42.4 0 8.4
      vertex 31.2021 18.7979 8.4
      vertex 31.3141 18.9215 8.4
    endloop
  endfacet
  facet normal 0 0 -1
    outer loop
      vertex 42.4 0 8.4
      vertex 31.0785 18.6859 8.4
      vertex 31.2021 18.7979 8.4
    endloop
  endfacet
  facet normal 0 0 -1
    outer loop
      vertex 42.4 0 8.4
      vertex 30.9445 18.5865 8.4
      vertex 31.0785 18.6859 8.4
    endloop
  endfacet
  facet normal 0 0 -1
    outer loop
      vertex 42.4 0 8.4
      vertex 30.8014 18.5007 8.4
      vertex 30.9445 18.5865 8.4
    endloop
  endfacet
  facet normal 0 0 -1
    outer loop
      vertex 42.4 0 8.4
      vertex 30.6506 18.4294 8.4
      vertex 30.8014 18.5007 8.4
    endloop
  endfacet
  facet normal 0 0 -1
    outer loop
      vertex 42.4 0 8.4
      vertex 30.4935 18.3732 8.4
      vertex 30.6506 18.4294 8.4
    endloop
  endfacet
  facet normal 0 0 -1
    outer loop
      vertex 42.4 0 8.4
      vertex 30.3317 18.3327 8.4
      vertex 30.4935 18.3732 8.4
    endloop
  endfacet
  facet normal 0 0 -1
    outer loop
      vertex 42.4 0 8.4
      vertex 30.1666 18.3082 8.4
      vertex 30.3317 18.3327 8.4
    endloop
  endfacet
  facet normal 0 0 -1
    outer loop
      vertex 42.4 0 8.4
      vertex 30 18.3 8.4
      vertex 30.1666 18.3082 8.4
    endloop
  endfacet
  facet normal 0 0 -1
    outer loop
      vertex 17.6 0 8.4
      vertex 30 18.3 8.4
      vertex 42.4 0 8.4
    endloop
  endfacet
  facet normal -0 0 -1
    outer loop
      vertex 30 18.3 8.4
      vertex 17.6 0 8.4
      vertex 29.8334 18.3082 8.4
    endloop
  endfacet
  facet normal -0 0 -1
    outer loop
      vertex 29.8334 18.3082 8.4
      vertex 17.6 0 8.4
      vertex 29.6683 18.3327 8.4
    endloop
  endfacet
  facet normal -0 0 -1
    outer loop
      vertex 29.6683 18.3327 8.4
      vertex 17.6 0 8.4
      vertex 29.5065 18.3732 8.4
    endloop
  endfacet
  facet normal -0 0 -1
    outer loop
      vertex 29.5065 18.3732 8.4
      vertex 17.6 0 8.4
      vertex 29.3494 18.4294 8.4
    endloop
  endfacet
  facet normal -0 0 -1
    outer loop
      vertex 29.3494 18.4294 8.4
      vertex 17.6 0 8.4
      vertex 29.1986 18.5007 8.4
    endloop
  endfacet
  facet normal -0 0 -1
    outer loop
      vertex 29.1986 18.5007 8.4
      vertex 17.6 0 8.4
      vertex 29.0555 18.5865 8.4
    endloop
  endfacet
  facet normal -0 0 -1
    outer loop
      vertex 29.0555 18.5865 8.4
      vertex 17.6 0 8.4
      vertex 28.9215 18.6859 8.4
    endloop
  endfacet
  facet normal -0 0 -1
    outer loop
      vertex 28.9215 18.6859 8.4
      vertex 17.6 0 8.4
      vertex 28.7979 18.7979 8.4
    endloop
  endfacet
  facet normal -0 0 -1
    outer loop
      vertex 28.7979 18.7979 8.4
      vertex 17.6 0 8.4
      vertex 28.6859 18.9215 8.4
    endloop
  endfacet
  facet normal 0 0 -1
    outer loop
      vertex 28.3327 19.6683 8.4
      vertex 17.6 25 8.4
      vertex 28.3082 19.8334 8.4
    endloop
  endfacet
  facet normal 0 0 -1
    outer loop
      vertex 28.3732 19.5065 8.4
      vertex 17.6 25 8.4
      vertex 28.3327 19.6683 8.4
    endloop
  endfacet
  facet normal 0 0 -1
    outer loop
      vertex 28.4294 19.3494 8.4
      vertex 17.6 25 8.4
      vertex 28.3732 19.5065 8.4
    endloop
  endfacet
  facet normal 0 0 -1
    outer loop
      vertex 28.5007 19.1986 8.4
      vertex 17.6 25 8.4
      vertex 28.4294 19.3494 8.4
    endloop
  endfacet
  facet normal 0 0 -1
    outer loop
      vertex 28.5865 19.0555 8.4
      vertex 17.6 25 8.4
      vertex 28.5007 19.1986 8.4
    endloop
  endfacet
  facet normal 0 0 -1
    outer loop
      vertex 17.6 25 8.4
      vertex 28.5865 19.0555 8.4
      vertex 17.6 0 8.4
    endloop
  endfacet
  facet normal -0 0 -1
    outer loop
      vertex 28.6859 18.9215 8.4
      vertex 17.6 0 8.4
      vertex 28.5865 19.0555 8.4
    endloop
  endfacet
  facet normal 0 0 -1
    outer loop
      vertex 31.6918 20.1666 8.4
      vertex 42.4 25 8.4
      vertex 31.7 20 8.4
    endloop
  endfacet
  facet normal 0 0 -1
    outer loop
      vertex 31.6673 20.3317 8.4
      vertex 42.4 25 8.4
      vertex 31.6918 20.1666 8.4
    endloop
  endfacet
  facet normal 0 0 -1
    outer loop
      vertex 31.6268 20.4935 8.4
      vertex 42.4 25 8.4
      vertex 31.6673 20.3317 8.4
    endloop
  endfacet
  facet normal 0 0 -1
    outer loop
      vertex 31.5706 20.6506 8.4
      vertex 42.4 25 8.4
      vertex 31.6268 20.4935 8.4
    endloop
  endfacet
  facet normal 0 0 -1
    outer loop
      vertex 31.4993 20.8014 8.4
      vertex 42.4 25 8.4
      vertex 31.5706 20.6506 8.4
    endloop
  endfacet
  facet normal 0 0 -1
    outer loop
      vertex 31.4135 20.9445 8.4
      vertex 42.4 25 8.4
      vertex 31.4993 20.8014 8.4
    endloop
  endfacet
  facet normal 0 0 -1
    outer loop
      vertex 31.3141 21.0785 8.4
      vertex 42.4 25 8.4
      vertex 31.4135 20.9445 8.4
    endloop
  endfacet
  facet normal 0 0 -1
    outer loop
      vertex 31.2021 21.2021 8.4
      vertex 42.4 25 8.4
      vertex 31.3141 21.0785 8.4
    endloop
  endfacet
  facet normal 0 0 -1
    outer loop
      vertex 31.0785 21.3141 8.4
      vertex 42.4 25 8.4
      vertex 31.2021 21.2021 8.4
    endloop
  endfacet
  facet normal 0 0 -1
    outer loop
      vertex 30.9445 21.4135 8.4
      vertex 42.4 25 8.4
      vertex 31.0785 21.3141 8.4
    endloop
  endfacet
  facet normal 0 0 -1
    outer loop
      vertex 30.8014 21.4993 8.4
      vertex 42.4 25 8.4
      vertex 30.9445 21.4135 8.4
    endloop
  endfacet
  facet normal 0 0 -1
    outer loop
      vertex 30.6506 21.5706 8.4
      vertex 42.4 25 8.4
      vertex 30.8014 21.4993 8.4
    endloop
  endfacet
  facet normal 0 0 -1
    outer loop
      vertex 30.4935 21.6268 8.4
      vertex 42.4 25 8.4
      vertex 30.6506 21.5706 8.4
    endloop
  endfacet
  facet normal 0 0 -1
    outer loop
      vertex 30.3317 21.6673 8.4
      vertex 42.4 25 8.4
      vertex 30.4935 21.6268 8.4
    endloop
  endfacet
  facet normal 0 0 -1
    outer loop
      vertex 30.1666 21.6918 8.4
      vertex 42.4 25 8.4
      vertex 30.3317 21.6673 8.4
    endloop
  endfacet
  facet normal 0 0 -1
    outer loop
      vertex 30 21.7 8.4
      vertex 42.4 25 8.4
      vertex 30.1666 21.6918 8.4
    endloop
  endfacet
  facet normal 0 0 -1
    outer loop
      vertex 17.6 25 8.4
      vertex 30 21.7 8.4
      vertex 29.8334 21.6918 8.4
    endloop
  endfacet
  facet normal 0 0 -1
    outer loop
      vertex 17.6 25 8.4
      vertex 29.8334 21.6918 8.4
      vertex 29.6683 21.6673 8.4
    endloop
  endfacet
  facet normal 0 0 -1
    outer loop
      vertex 17.6 25 8.4
      vertex 29.6683 21.6673 8.4
      vertex 29.5065 21.6268 8.4
    endloop
  endfacet
  facet normal 0 0 -1
    outer loop
      vertex 28.3082 19.8334 8.4
      vertex 17.6 25 8.4
      vertex 28.3 20 8.4
    endloop
  endfacet
  facet normal 0 0 -1
    outer loop
      vertex 28.3 20 8.4
      vertex 17.6 25 8.4
      vertex 28.3082 20.1666 8.4
    endloop
  endfacet
  facet normal 0 0 -1
    outer loop
      vertex 28.3082 20.1666 8.4
      vertex 17.6 25 8.4
      vertex 28.3327 20.3317 8.4
    endloop
  endfacet
  facet normal 0 0 -1
    outer loop
      vertex 28.3327 20.3317 8.4
      vertex 17.6 25 8.4
      vertex 28.3732 20.4935 8.4
    endloop
  endfacet
  facet normal 0 0 -1
    outer loop
      vertex 28.3732 20.4935 8.4
      vertex 17.6 25 8.4
      vertex 28.4294 20.6506 8.4
    endloop
  endfacet
  facet normal 0 0 -1
    outer loop
      vertex 30 21.7 8.4
      vertex 17.6 25 8.4
      vertex 42.4 25 8.4
    endloop
  endfacet
  facet normal 0 0 -1
    outer loop
      vertex 29.3494 21.5706 8.4
      vertex 17.6 25 8.4
      vertex 29.5065 21.6268 8.4
    endloop
  endfacet
  facet normal 0 0 -1
    outer loop
      vertex 29.1986 21.4993 8.4
      vertex 17.6 25 8.4
      vertex 29.3494 21.5706 8.4
    endloop
  endfacet
  facet normal 0 0 -1
    outer loop
      vertex 29.0555 21.4135 8.4
      vertex 17.6 25 8.4
      vertex 29.1986 21.4993 8.4
    endloop
  endfacet
  facet normal 0 0 -1
    outer loop
      vertex 28.9215 21.3141 8.4
      vertex 17.6 25 8.4
      vertex 29.0555 21.4135 8.4
    endloop
  endfacet
  facet normal 0 0 -1
    outer loop
      vertex 28.7979 21.2021 8.4
      vertex 17.6 25 8.4
      vertex 28.9215 21.3141 8.4
    endloop
  endfacet
  facet normal 0 0 -1
    outer loop
      vertex 28.6859 21.0785 8.4
      vertex 17.6 25 8.4
      vertex 28.7979 21.2021 8.4
    endloop
  endfacet
  facet normal 0 0 -1
    outer loop
      vertex 28.5865 20.9445 8.4
      vertex 17.6 25 8.4
      vertex 28.6859 21.0785 8.4
    endloop
  endfacet
  facet normal 0 0 -1
    outer loop
      vertex 28.5007 20.8014 8.4
      vertex 17.6 25 8.4
      vertex 28.5865 20.9445 8.4
    endloop
  endfacet
  facet normal 0 0 -1
    outer loop
      vertex 28.4294 20.6506 8.4
      vertex 17.6 25 8.4
      vertex 28.5007 20.8014 8.4
    endloop
  endfacet
  facet normal 0 0 1
    outer loop
      vertex 31.6918 19.8334 5.6
      vertex 42.4 25 5.6
      vertex 31.7 20 5.6
    endloop
  endfacet
  facet normal 0 0 1
    outer loop
      vertex 42.4 25 5.6
      vertex 31.6918 20.1666 5.6
      vertex 31.7 20 5.6
    endloop
  endfacet
  facet normal 0 0 1
    outer loop
      vertex 42.4 25 5.6
      vertex 31.6673 20.3317 5.6
      vertex 31.6918 20.1666 5.6
    endloop
  endfacet
  facet normal 0 0 1
    outer loop
      vertex 42.4 25 5.6
      vertex 31.6268 20.4935 5.6
      vertex 31.6673 20.3317 5.6
    endloop
  endfacet
  facet normal 0 0 1
    outer loop
      vertex 42.4 25 5.6
      vertex 31.5706 20.6506 5.6
      vertex 31.6268 20.4935 5.6
    endloop
  endfacet
  facet normal 0 0 1
    outer loop
      vertex 42.4 25 5.6
      vertex 31.4993 20.8014 5.6
      vertex 31.5706 20.6506 5.6
    endloop
  endfacet
  facet normal 0 0 1
    outer loop
      vertex 42.4 25 5.6
      vertex 31.4135 20.9445 5.6
      vertex 31.4993 20.8014 5.6
    endloop
  endfacet
  facet normal 0 0 1
    outer loop
      vertex 42.4 25 5.6
      vertex 31.3141 21.0785 5.6
      vertex 31.4135 20.9445 5.6
    endloop
  endfacet
  facet normal 0 0 1
    outer loop
      vertex 42.4 25 5.6
      vertex 31.2021 21.2021 5.6
      vertex 31.3141 21.0785 5.6
    endloop
  endfacet
  facet normal 0 0 1
    outer loop
      vertex 42.4 25 5.6
      vertex 31.0785 21.3141 5.6
      vertex 31.2021 21.2021 5.6
    endloop
  endfacet
  facet normal 0 0 1
    outer loop
      vertex 42.4 25 5.6
      vertex 30.9445 21.4135 5.6
      vertex 31.0785 21.3141 5.6
    endloop
  endfacet
  facet normal 0 0 1
    outer loop
      vertex 42.4 25 5.6
      vertex 30.8014 21.4993 5.6
      vertex 30.9445 21.4135 5.6
    endloop
  endfacet
  facet normal 0 0 1
    outer loop
      vertex 42.4 25 5.6
      vertex 30.6506 21.5706 5.6
      vertex 30.8014 21.4993 5.6
    endloop
  endfacet
  facet normal 0 0 1
    outer loop
      vertex 42.4 25 5.6
      vertex 30.4935 21.6268 5.6
      vertex 30.6506 21.5706 5.6
    endloop
  endfacet
  facet normal 0 0 1
    outer loop
      vertex 42.4 25 5.6
      vertex 30.3317 21.6673 5.6
      vertex 30.4935 21.6268 5.6
    endloop
  endfacet
  facet normal 0 0 1
    outer loop
      vertex 42.4 25 5.6
      vertex 30.1666 21.6918 5.6
      vertex 30.3317 21.6673 5.6
    endloop
  endfacet
  facet normal 0 0 1
    outer loop
      vertex 42.4 25 5.6
      vertex 30 21.7 5.6
      vertex 30.1666 21.6918 5.6
    endloop
  endfacet
  facet normal -0 0 1
    outer loop
      vertex 17.6 25 5.6
      vertex 30 21.7 5.6
      vertex 42.4 25 5.6
    endloop
  endfacet
  facet normal 0 0 1
    outer loop
      vertex 30 21.7 5.6
      vertex 17.6 25 5.6
      vertex 29.8334 21.6918 5.6
    endloop
  endfacet
  facet normal 0 0 1
    outer loop
      vertex 29.8334 21.6918 5.6
      vertex 17.6 25 5.6
      vertex 29.6683 21.6673 5.6
    endloop
  endfacet
  facet normal 0 0 1
    outer loop
      vertex 28.3082 20.1666 5.6
      vertex 17.6 25 5.6
      vertex 28.3 20 5.6
    endloop
  endfacet
  facet normal 0 0 1
    outer loop
      vertex 28.3327 20.3317 5.6
      vertex 17.6 25 5.6
      vertex 28.3082 20.1666 5.6
    endloop
  endfacet
  facet normal 0 0 1
    outer loop
      vertex 28.3732 20.4935 5.6
      vertex 17.6 25 5.6
      vertex 28.3327 20.3317 5.6
    endloop
  endfacet
  facet normal 0 0 1
    outer loop
      vertex 28.4294 20.6506 5.6
      vertex 17.6 25 5.6
      vertex 28.3732 20.4935 5.6
    endloop
  endfacet
  facet normal 0 0 1
    outer loop
      vertex 28.5007 20.8014 5.6
      vertex 17.6 25 5.6
      vertex 28.4294 20.6506 5.6
    endloop
  endfacet
  facet normal 0 0 1
    outer loop
      vertex 28.5865 20.9445 5.6
      vertex 17.6 25 5.6
      vertex 28.5007 20.8014 5.6
    endloop
  endfacet
  facet normal 0 0 1
    outer loop
      vertex 28.6859 21.0785 5.6
      vertex 17.6 25 5.6
      vertex 28.5865 20.9445 5.6
    endloop
  endfacet
  facet normal 0 0 1
    outer loop
      vertex 28.7979 21.2021 5.6
      vertex 17.6 25 5.6
      vertex 28.6859 21.0785 5.6
    endloop
  endfacet
  facet normal 0 0 1
    outer loop
      vertex 28.9215 21.3141 5.6
      vertex 17.6 25 5.6
      vertex 28.7979 21.2021 5.6
    endloop
  endfacet
  facet normal 0 0 1
    outer loop
      vertex 29.0555 21.4135 5.6
      vertex 17.6 25 5.6
      vertex 28.9215 21.3141 5.6
    endloop
  endfacet
  facet normal 0 0 1
    outer loop
      vertex 29.1986 21.4993 5.6
      vertex 17.6 25 5.6
      vertex 29.0555 21.4135 5.6
    endloop
  endfacet
  facet normal 0 0 1
    outer loop
      vertex 29.3494 21.5706 5.6
      vertex 17.6 25 5.6
      vertex 29.1986 21.4993 5.6
    endloop
  endfacet
  facet normal 0 0 1
    outer loop
      vertex 29.5065 21.6268 5.6
      vertex 17.6 25 5.6
      vertex 29.3494 21.5706 5.6
    endloop
  endfacet
  facet normal 0 0 1
    outer loop
      vertex 29.6683 21.6673 5.6
      vertex 17.6 25 5.6
      vertex 29.5065 21.6268 5.6
    endloop
  endfacet
  facet normal 0 0 1
    outer loop
      vertex 31.6673 19.6683 5.6
      vertex 42.4 25 5.6
      vertex 31.6918 19.8334 5.6
    endloop
  endfacet
  facet normal 0 0 1
    outer loop
      vertex 31.6268 19.5065 5.6
      vertex 42.4 25 5.6
      vertex 31.6673 19.6683 5.6
    endloop
  endfacet
  facet normal 0 0 1
    outer loop
      vertex 31.5706 19.3494 5.6
      vertex 42.4 25 5.6
      vertex 31.6268 19.5065 5.6
    endloop
  endfacet
  facet normal 0 0 1
    outer loop
      vertex 31.4993 19.1986 5.6
      vertex 42.4 25 5.6
      vertex 31.5706 19.3494 5.6
    endloop
  endfacet
  facet normal 0 0 1
    outer loop
      vertex 31.4135 19.0555 5.6
      vertex 42.4 25 5.6
      vertex 31.4993 19.1986 5.6
    endloop
  endfacet
  facet normal 0 0 1
    outer loop
      vertex 42.4 25 5.6
      vertex 31.4135 19.0555 5.6
      vertex 42.4 0 5.6
    endloop
  endfacet
  facet normal -0 0 1
    outer loop
      vertex 31.3141 18.9215 5.6
      vertex 42.4 0 5.6
      vertex 31.4135 19.0555 5.6
    endloop
  endfacet
  facet normal -0 0 1
    outer loop
      vertex 31.2021 18.7979 5.6
      vertex 42.4 0 5.6
      vertex 31.3141 18.9215 5.6
    endloop
  endfacet
  facet normal -0 0 1
    outer loop
      vertex 31.0785 18.6859 5.6
      vertex 42.4 0 5.6
      vertex 31.2021 18.7979 5.6
    endloop
  endfacet
  facet normal -0 0 1
    outer loop
      vertex 30.9445 18.5865 5.6
      vertex 42.4 0 5.6
      vertex 31.0785 18.6859 5.6
    endloop
  endfacet
  facet normal -0 0 1
    outer loop
      vertex 30.8014 18.5007 5.6
      vertex 42.4 0 5.6
      vertex 30.9445 18.5865 5.6
    endloop
  endfacet
  facet normal -0 0 1
    outer loop
      vertex 30.6506 18.4294 5.6
      vertex 42.4 0 5.6
      vertex 30.8014 18.5007 5.6
    endloop
  endfacet
  facet normal -0 0 1
    outer loop
      vertex 30.4935 18.3732 5.6
      vertex 42.4 0 5.6
      vertex 30.6506 18.4294 5.6
    endloop
  endfacet
  facet normal -0 0 1
    outer loop
      vertex 30.3317 18.3327 5.6
      vertex 42.4 0 5.6
      vertex 30.4935 18.3732 5.6
    endloop
  endfacet
  facet normal -0 0 1
    outer loop
      vertex 30.1666 18.3082 5.6
      vertex 42.4 0 5.6
      vertex 30.3317 18.3327 5.6
    endloop
  endfacet
  facet normal -0 0 1
    outer loop
      vertex 30 18.3 5.6
      vertex 42.4 0 5.6
      vertex 30.1666 18.3082 5.6
    endloop
  endfacet
  facet normal 0 0 1
    outer loop
      vertex 17.6 0 5.6
      vertex 30 18.3 5.6
      vertex 29.8334 18.3082 5.6
    endloop
  endfacet
  facet normal 0 0 1
    outer loop
      vertex 17.6 0 5.6
      vertex 29.8334 18.3082 5.6
      vertex 29.6683 18.3327 5.6
    endloop
  endfacet
  facet normal 0 0 1
    outer loop
      vertex 17.6 0 5.6
      vertex 29.6683 18.3327 5.6
      vertex 29.5065 18.3732 5.6
    endloop
  endfacet
  facet normal 0 0 1
    outer loop
      vertex 17.6 0 5.6
      vertex 29.5065 18.3732 5.6
      vertex 29.3494 18.4294 5.6
    endloop
  endfacet
  facet normal 0 0 1
    outer loop
      vertex 17.6 0 5.6
      vertex 29.3494 18.4294 5.6
      vertex 29.1986 18.5007 5.6
    endloop
  endfacet
  facet normal 0 0 1
    outer loop
      vertex 17.6 0 5.6
      vertex 29.1986 18.5007 5.6
      vertex 29.0555 18.5865 5.6
    endloop
  endfacet
  facet normal 0 0 1
    outer loop
      vertex 17.6 0 5.6
      vertex 29.0555 18.5865 5.6
      vertex 28.9215 18.6859 5.6
    endloop
  endfacet
  facet normal 0 0 1
    outer loop
      vertex 17.6 0 5.6
      vertex 28.9215 18.6859 5.6
      vertex 28.7979 18.7979 5.6
    endloop
  endfacet
  facet normal 0 0 1
    outer loop
      vertex 17.6 0 5.6
      vertex 28.7979 18.7979 5.6
      vertex 28.6859 18.9215 5.6
    endloop
  endfacet
  facet normal 0 0 1
    outer loop
      vertex 17.6 0 5.6
      vertex 28.6859 18.9215 5.6
      vertex 28.5865 19.0555 5.6
    endloop
  endfacet
  facet normal 0 0 1
    outer loop
      vertex 17.6 25 5.6
      vertex 28.3082 19.8334 5.6
      vertex 28.3 20 5.6
    endloop
  endfacet
  facet normal 0 0 1
    outer loop
      vertex 17.6 25 5.6
      vertex 28.3327 19.6683 5.6
      vertex 28.3082 19.8334 5.6
    endloop
  endfacet
  facet normal 0 0 1
    outer loop
      vertex 17.6 25 5.6
      vertex 28.3732 19.5065 5.6
      vertex 28.3327 19.6683 5.6
    endloop
  endfacet
  facet normal 0 0 1
    outer loop
      vertex 17.6 25 5.6
      vertex 28.4294 19.3494 5.6
      vertex 28.3732 19.5065 5.6
    endloop
  endfacet
  facet normal 0 0 1
    outer loop
      vertex 17.6 25 5.6
      vertex 28.5007 19.1986 5.6
      vertex 28.4294 19.3494 5.6
    endloop
  endfacet
  facet normal 0 0 1
    outer loop
      vertex 17.6 25 5.6
      vertex 28.5865 19.0555 5.6
      vertex 28.5007 19.1986 5.6
    endloop
  endfacet
  facet normal 0 0 1
    outer loop
      vertex 17.6 0 5.6
      vertex 28.5865 19.0555 5.6
      vertex 17.6 25 5.6
    endloop
  endfacet
  facet normal 0 0 1
    outer loop
      vertex 30 18.3 5.6
      vertex 17.6 0 5.6
      vertex 42.4 0 5.6
    endloop
  endfacet
  facet normal 1 -0 0
    outer loop
      vertex 17.6 0 8.4
      vertex 17.6 25 5.6
      vertex 17.6 25 8.4
    endloop
  endfacet
  facet normal 1 0 0
    outer loop
      vertex 17.6 25 5.6
      vertex 17.6 0 8.4
      vertex 17.6 0 5.6
    endloop
  endfacet
  facet normal 0 -1 0
    outer loop
      vertex 17.6 25 5.6
      vertex 42.4 25 8.4
      vertex 17.6 25 8.4
    endloop
  endfacet
  facet normal 0 -1 -0
    outer loop
      vertex 42.4 25 8.4
      vertex 17.6 25 5.6
      vertex 42.4 25 5.6
    endloop
  endfacet
endsolid OpenSCAD_Model
