solid OpenSCAD_Model
  facet normal 0.849199 -0.528074 0
    outer loop
      vertex 13.9736 1.9635 14
      vertex 14.1093 2.18172 0
      vertex 14.1093 2.18172 14
    endloop
  endfacet
  facet normal 0.849199 -0.528074 0
    outer loop
      vertex 14.1093 2.18172 0
      vertex 13.9736 1.9635 14
      vertex 13.9736 1.9635 0
    endloop
  endfacet
  facet normal 0.935929 -0.352189 0
    outer loop
      vertex 13.6559 1.26229 14
      vertex 13.7464 1.50279 0
      vertex 13.7464 1.50279 14
    endloop
  endfacet
  facet normal 0.935929 -0.352189 0
    outer loop
      vertex 13.7464 1.50279 0
      vertex 13.6559 1.26229 14
      vertex 13.6559 1.26229 0
    endloop
  endfacet
  facet normal 0.99518 0.0980634 0
    outer loop
      vertex 13.4811 -0.512575 14
      vertex 13.4559 -0.256837 0
      vertex 13.4559 -0.256837 14
    endloop
  endfacet
  facet normal 0.99518 0.0980634 0
    outer loop
      vertex 13.4559 -0.256837 0
      vertex 13.4811 -0.512575 14
      vertex 13.4811 -0.512575 0
    endloop
  endfacet
  facet normal 0.683388 -0.730055 -0.000678657
    outer loop
      vertex 14.5976 2.7768 14
      vertex 14.7696 2.93786 13.941
      vertex 14.7179 2.88941 14
    endloop
  endfacet
  facet normal 0.683489 -0.729961 -0.000123941
    outer loop
      vertex 14.5976 2.7768 14
      vertex 14.7852 2.95247 13.9225
      vertex 14.7696 2.93786 13.941
    endloop
  endfacet
  facet normal 0.683516 -0.729935 0
    outer loop
      vertex 14.5976 2.7768 14
      vertex 14.7852 2.95247 0.0774756
      vertex 14.7852 2.95247 13.9225
    endloop
  endfacet
  facet normal 0.683516 -0.729935 0
    outer loop
      vertex 14.5976 2.7768 0
      vertex 14.7852 2.95247 0.0774756
      vertex 14.5976 2.7768 14
    endloop
  endfacet
  facet normal 0.683489 -0.729961 0.0001237
    outer loop
      vertex 14.7852 2.95247 0.0774756
      vertex 14.5976 2.7768 0
      vertex 14.7696 2.93786 0.0589541
    endloop
  endfacet
  facet normal 0.683388 -0.730055 0.000679186
    outer loop
      vertex 14.7696 2.93786 0.0589541
      vertex 14.5976 2.7768 0
      vertex 14.7179 2.88941 0
    endloop
  endfacet
  facet normal 0.729998 0.683449 0
    outer loop
      vertex 14.5976 -2.7768 14
      vertex 14.422 -2.58924 0
      vertex 14.422 -2.58924 14
    endloop
  endfacet
  facet normal 0.729998 0.683449 0
    outer loop
      vertex 14.422 -2.58924 0
      vertex 14.5976 -2.7768 14
      vertex 14.5976 -2.7768 0
    endloop
  endfacet
  facet normal 0.582438 -0.812875 0
    outer loop
      vertex 14.9838 3.11549 13.6919
      vertex 15.1927 3.26517 0.545614
      vertex 15.1927 3.26517 13.4544
    endloop
  endfacet
  facet normal 0.582438 -0.812875 0
    outer loop
      vertex 15.1927 3.26517 0.545614
      vertex 14.9838 3.11549 13.6919
      vertex 14.9838 3.11549 0.308073
    endloop
  endfacet
  facet normal 0.986681 0.162668 0
    outer loop
      vertex 13.5229 -0.766117 14
      vertex 13.4811 -0.512575 0
      vertex 13.4811 -0.512575 14
    endloop
  endfacet
  facet normal 0.986681 0.162668 0
    outer loop
      vertex 13.4811 -0.512575 0
      vertex 13.5229 -0.766117 14
      vertex 13.5229 -0.766117 0
    endloop
  endfacet
  facet normal 0.63447 -0.772947 0
    outer loop
      vertex 14.7852 2.95247 13.9225
      vertex 14.9838 3.11549 0.308073
      vertex 14.9838 3.11549 13.6919
    endloop
  endfacet
  facet normal 0.63447 -0.772947 0
    outer loop
      vertex 14.9838 3.11549 0.308073
      vertex 14.7852 2.95247 13.9225
      vertex 14.7852 2.95247 0.0774756
    endloop
  endfacet
  facet normal 0.935929 0.352189 0
    outer loop
      vertex 13.7464 -1.50279 14
      vertex 13.6559 -1.26229 0
      vertex 13.6559 -1.26229 14
    endloop
  endfacet
  facet normal 0.935929 0.352189 0
    outer loop
      vertex 13.6559 -1.26229 0
      vertex 13.7464 -1.50279 14
      vertex 13.7464 -1.50279 0
    endloop
  endfacet
  facet normal 0.773048 -0.634348 0
    outer loop
      vertex 14.259 2.3906 14
      vertex 14.422 2.58924 0
      vertex 14.422 2.58924 14
    endloop
  endfacet
  facet normal 0.773048 -0.634348 0
    outer loop
      vertex 14.422 2.58924 0
      vertex 14.259 2.3906 14
      vertex 14.259 2.3906 0
    endloop
  endfacet
  facet normal 0.773048 0.634348 0
    outer loop
      vertex 14.422 -2.58924 14
      vertex 14.259 -2.3906 0
      vertex 14.259 -2.3906 14
    endloop
  endfacet
  facet normal 0.773048 0.634348 0
    outer loop
      vertex 14.259 -2.3906 0
      vertex 14.422 -2.58924 14
      vertex 14.422 -2.58924 0
    endloop
  endfacet
  facet normal 0.973837 0.227249 0
    outer loop
      vertex 13.5813 -1.01638 14
      vertex 13.5229 -0.766117 0
      vertex 13.5229 -0.766117 14
    endloop
  endfacet
  facet normal 0.973837 0.227249 0
    outer loop
      vertex 13.5229 -0.766117 0
      vertex 13.5813 -1.01638 14
      vertex 13.5813 -1.01638 0
    endloop
  endfacet
  facet normal 0.527934 -0.849285 0
    outer loop
      vertex 15.1927 3.26517 13.4544
      vertex 15.411 3.40087 0.789082
      vertex 15.411 3.40087 13.2109
    endloop
  endfacet
  facet normal 0.527934 -0.849285 0
    outer loop
      vertex 15.411 3.40087 0.789082
      vertex 15.1927 3.26517 13.4544
      vertex 15.1927 3.26517 0.545614
    endloop
  endfacet
  facet normal 0.729998 -0.683449 0
    outer loop
      vertex 14.422 2.58924 14
      vertex 14.5976 2.7768 0
      vertex 14.5976 2.7768 14
    endloop
  endfacet
  facet normal 0.729998 -0.683449 0
    outer loop
      vertex 14.5976 2.7768 0
      vertex 14.422 2.58924 14
      vertex 14.422 2.58924 0
    endloop
  endfacet
  facet normal 0.47154 0.881845 -0
    outer loop
      vertex 15.6034 -3.50375 1
      vertex 15.411 -3.40087 13.2109
      vertex 15.6034 -3.50375 13
    endloop
  endfacet
  facet normal 0.47154 0.881845 0
    outer loop
      vertex 15.411 -3.40087 13.2109
      vertex 15.6034 -3.50375 1
      vertex 15.411 -3.40087 0.789082
    endloop
  endfacet
  facet normal 0.999466 0.0326881 0
    outer loop
      vertex 13.4559 -0.256837 14
      vertex 13.4475 0 0
      vertex 13.4475 0 14
    endloop
  endfacet
  facet normal 0.999466 0.0326881 0
    outer loop
      vertex 13.4475 0 0
      vertex 13.4559 -0.256837 14
      vertex 13.4559 -0.256837 0
    endloop
  endfacet
  facet normal 0.956936 0.290299 0
    outer loop
      vertex 13.6559 -1.26229 14
      vertex 13.5813 -1.01638 0
      vertex 13.5813 -1.01638 14
    endloop
  endfacet
  facet normal 0.956936 0.290299 0
    outer loop
      vertex 13.5813 -1.01638 0
      vertex 13.6559 -1.26229 14
      vertex 13.6559 -1.26229 0
    endloop
  endfacet
  facet normal 0.881827 0.471573 0
    outer loop
      vertex 13.9736 -1.9635 14
      vertex 13.8524 -1.73686 0
      vertex 13.8524 -1.73686 14
    endloop
  endfacet
  facet normal 0.881827 0.471573 0
    outer loop
      vertex 13.8524 -1.73686 0
      vertex 13.9736 -1.9635 14
      vertex 13.9736 -1.9635 0
    endloop
  endfacet
  facet normal 0.956936 -0.290299 0
    outer loop
      vertex 13.5813 1.01638 14
      vertex 13.6559 1.26229 0
      vertex 13.6559 1.26229 14
    endloop
  endfacet
  facet normal 0.956936 -0.290299 0
    outer loop
      vertex 13.6559 1.26229 0
      vertex 13.5813 1.01638 14
      vertex 13.5813 1.01638 0
    endloop
  endfacet
  facet normal 0.986681 -0.162668 0
    outer loop
      vertex 13.4811 0.512575 14
      vertex 13.5229 0.766117 0
      vertex 13.5229 0.766117 14
    endloop
  endfacet
  facet normal 0.986681 -0.162668 0
    outer loop
      vertex 13.5229 0.766117 0
      vertex 13.4811 0.512575 14
      vertex 13.4811 0.512575 0
    endloop
  endfacet
  facet normal 0.910945 0.412527 0
    outer loop
      vertex 13.8524 -1.73686 14
      vertex 13.7464 -1.50279 0
      vertex 13.7464 -1.50279 14
    endloop
  endfacet
  facet normal 0.910945 0.412527 0
    outer loop
      vertex 13.7464 -1.50279 0
      vertex 13.8524 -1.73686 14
      vertex 13.8524 -1.73686 0
    endloop
  endfacet
  facet normal 0.99518 -0.0980634 0
    outer loop
      vertex 13.4559 0.256837 14
      vertex 13.4811 0.512575 0
      vertex 13.4811 0.512575 14
    endloop
  endfacet
  facet normal 0.99518 -0.0980634 0
    outer loop
      vertex 13.4811 0.512575 0
      vertex 13.4559 0.256837 14
      vertex 13.4559 0.256837 0
    endloop
  endfacet
  facet normal 0.47154 -0.881845 0
    outer loop
      vertex 15.411 3.40087 13.2109
      vertex 15.6034 3.50375 1
      vertex 15.6034 3.50375 13
    endloop
  endfacet
  facet normal 0.47154 -0.881845 0
    outer loop
      vertex 15.6034 3.50375 1
      vertex 15.411 3.40087 13.2109
      vertex 15.411 3.40087 0.789082
    endloop
  endfacet
  facet normal 0.849199 0.528074 0
    outer loop
      vertex 14.1093 -2.18172 14
      vertex 13.9736 -1.9635 0
      vertex 13.9736 -1.9635 14
    endloop
  endfacet
  facet normal 0.849199 0.528074 0
    outer loop
      vertex 13.9736 -1.9635 0
      vertex 14.1093 -2.18172 14
      vertex 14.1093 -2.18172 0
    endloop
  endfacet
  facet normal 0.910945 -0.412527 0
    outer loop
      vertex 13.7464 1.50279 14
      vertex 13.8524 1.73686 0
      vertex 13.8524 1.73686 14
    endloop
  endfacet
  facet normal 0.910945 -0.412527 0
    outer loop
      vertex 13.8524 1.73686 0
      vertex 13.7464 1.50279 14
      vertex 13.7464 1.50279 0
    endloop
  endfacet
  facet normal 0.973837 -0.227249 0
    outer loop
      vertex 13.5229 0.766117 14
      vertex 13.5813 1.01638 0
      vertex 13.5813 1.01638 14
    endloop
  endfacet
  facet normal 0.973837 -0.227249 0
    outer loop
      vertex 13.5813 1.01638 0
      vertex 13.5229 0.766117 14
      vertex 13.5229 0.766117 0
    endloop
  endfacet
  facet normal 0.683388 0.730055 -0.000678657
    outer loop
      vertex 14.7696 -2.93786 13.941
      vertex 14.5976 -2.7768 14
      vertex 14.7179 -2.88941 14
    endloop
  endfacet
  facet normal 0.683489 0.729961 -0.000123941
    outer loop
      vertex 14.7852 -2.95247 13.9225
      vertex 14.5976 -2.7768 14
      vertex 14.7696 -2.93786 13.941
    endloop
  endfacet
  facet normal 0.683516 0.729935 -0
    outer loop
      vertex 14.7852 -2.95247 0.0774756
      vertex 14.5976 -2.7768 14
      vertex 14.7852 -2.95247 13.9225
    endloop
  endfacet
  facet normal 0.683489 0.729961 0.0001237
    outer loop
      vertex 14.5976 -2.7768 0
      vertex 14.7852 -2.95247 0.0774756
      vertex 14.7696 -2.93786 0.0589541
    endloop
  endfacet
  facet normal 0.683388 0.730055 0.000679186
    outer loop
      vertex 14.5976 -2.7768 0
      vertex 14.7696 -2.93786 0.0589541
      vertex 14.7179 -2.88941 0
    endloop
  endfacet
  facet normal 0.683516 0.729935 0
    outer loop
      vertex 14.7852 -2.95247 0.0774756
      vertex 14.5976 -2.7768 0
      vertex 14.5976 -2.7768 14
    endloop
  endfacet
  facet normal 0.812812 0.582526 0
    outer loop
      vertex 14.259 -2.3906 14
      vertex 14.1093 -2.18172 0
      vertex 14.1093 -2.18172 14
    endloop
  endfacet
  facet normal 0.812812 0.582526 0
    outer loop
      vertex 14.1093 -2.18172 0
      vertex 14.259 -2.3906 14
      vertex 14.259 -2.3906 0
    endloop
  endfacet
  facet normal 0.812812 -0.582526 0
    outer loop
      vertex 14.1093 2.18172 14
      vertex 14.259 2.3906 0
      vertex 14.259 2.3906 14
    endloop
  endfacet
  facet normal 0.812812 -0.582526 0
    outer loop
      vertex 14.259 2.3906 0
      vertex 14.1093 2.18172 14
      vertex 14.1093 2.18172 0
    endloop
  endfacet
  facet normal 0.527934 0.849285 -0
    outer loop
      vertex 15.411 -3.40087 0.789082
      vertex 15.1927 -3.26517 13.4544
      vertex 15.411 -3.40087 13.2109
    endloop
  endfacet
  facet normal 0.527934 0.849285 0
    outer loop
      vertex 15.1927 -3.26517 13.4544
      vertex 15.411 -3.40087 0.789082
      vertex 15.1927 -3.26517 0.545614
    endloop
  endfacet
  facet normal 0.999466 -0.0326881 0
    outer loop
      vertex 13.4475 0 14
      vertex 13.4559 0.256837 0
      vertex 13.4559 0.256837 14
    endloop
  endfacet
  facet normal 0.999466 -0.0326881 0
    outer loop
      vertex 13.4559 0.256837 0
      vertex 13.4475 0 14
      vertex 13.4475 0 0
    endloop
  endfacet
  facet normal 0.63447 0.772947 -0
    outer loop
      vertex 14.9838 -3.11549 0.308073
      vertex 14.7852 -2.95247 13.9225
      vertex 14.9838 -3.11549 13.6919
    endloop
  endfacet
  facet normal 0.63447 0.772947 0
    outer loop
      vertex 14.7852 -2.95247 13.9225
      vertex 14.9838 -3.11549 0.308073
      vertex 14.7852 -2.95247 0.0774756
    endloop
  endfacet
  facet normal 0.582438 0.812875 -0
    outer loop
      vertex 15.1927 -3.26517 0.545614
      vertex 14.9838 -3.11549 13.6919
      vertex 15.1927 -3.26517 13.4544
    endloop
  endfacet
  facet normal 0.582438 0.812875 0
    outer loop
      vertex 14.9838 -3.11549 13.6919
      vertex 15.1927 -3.26517 0.545614
      vertex 14.9838 -3.11549 0.308073
    endloop
  endfacet
  facet normal 0.881827 -0.471573 0
    outer loop
      vertex 13.8524 1.73686 14
      vertex 13.9736 1.9635 0
      vertex 13.9736 1.9635 14
    endloop
  endfacet
  facet normal 0.881827 -0.471573 0
    outer loop
      vertex 13.9736 1.9635 0
      vertex 13.8524 1.73686 14
      vertex 13.8524 1.73686 0
    endloop
  endfacet
  facet normal 0.773025 0.634375 0
    outer loop
      vertex 9.33312 9.69634 14
      vertex 9.1701 9.89499 0
      vertex 9.1701 9.89499 14
    endloop
  endfacet
  facet normal 0.773025 0.634375 0
    outer loop
      vertex 9.1701 9.89499 0
      vertex 9.33312 9.69634 14
      vertex 9.33312 9.69634 0
    endloop
  endfacet
  facet normal 0.986639 0.162922 0
    outer loop
      vertex 8.43405 11.5195 14
      vertex 8.39219 11.773 0
      vertex 8.39219 11.773 14
    endloop
  endfacet
  facet normal 0.986639 0.162922 0
    outer loop
      vertex 8.39219 11.773 0
      vertex 8.43405 11.5195 14
      vertex 8.43405 11.5195 0
    endloop
  endfacet
  facet normal 0.986639 -0.162922 0
    outer loop
      vertex 8.39219 12.7982 13.6919
      vertex 8.43405 13.0517 0.545614
      vertex 8.43405 13.0517 13.4544
    endloop
  endfacet
  facet normal 0.986639 -0.162922 0
    outer loop
      vertex 8.43405 13.0517 0.545614
      vertex 8.39219 12.7982 13.6919
      vertex 8.39219 12.7982 0.308072
    endloop
  endfacet
  facet normal 0.849177 0.528109 0
    outer loop
      vertex 9.02042 10.1039 14
      vertex 8.88472 10.3221 0
      vertex 8.88472 10.3221 14
    endloop
  endfacet
  facet normal 0.849177 0.528109 0
    outer loop
      vertex 8.88472 10.3221 0
      vertex 9.02042 10.1039 14
      vertex 9.02042 10.1039 0
    endloop
  endfacet
  facet normal 0.910877 0.412677 0
    outer loop
      vertex 8.76358 10.5487 14
      vertex 8.65752 10.7828 0
      vertex 8.65752 10.7828 14
    endloop
  endfacet
  facet normal 0.910877 0.412677 0
    outer loop
      vertex 8.65752 10.7828 0
      vertex 8.76358 10.5487 14
      vertex 8.76358 10.5487 0
    endloop
  endfacet
  facet normal 0.973879 -0.22707 0
    outer loop
      vertex 8.43405 13.0517 13.4544
      vertex 8.49241 13.302 0.789082
      vertex 8.49241 13.302 13.2109
    endloop
  endfacet
  facet normal 0.973879 -0.22707 0
    outer loop
      vertex 8.49241 13.302 0.789082
      vertex 8.43405 13.0517 13.4544
      vertex 8.43405 13.0517 0.545614
    endloop
  endfacet
  facet normal 0.352258 0.935903 -0
    outer loop
      vertex 11.0233 8.567 0
      vertex 10.7828 8.65752 14
      vertex 11.0233 8.567 14
    endloop
  endfacet
  facet normal 0.352258 0.935903 0
    outer loop
      vertex 10.7828 8.65752 14
      vertex 11.0233 8.567 0
      vertex 10.7828 8.65752 0
    endloop
  endfacet
  facet normal -0.0327285 0.999464 -2.87137e-05
    outer loop
      vertex 12.5211 8.36631 13.941
      vertex 12.2856 8.3586 14
      vertex 12.4502 8.36399 14
    endloop
  endfacet
  facet normal -0.0326707 0.999466 0.000202147
    outer loop
      vertex 12.5424 8.36701 13.9225
      vertex 12.2856 8.3586 14
      vertex 12.5211 8.36631 13.941
    endloop
  endfacet
  facet normal -0.0327317 0.999464 0
    outer loop
      vertex 12.5424 8.36701 0.0774756
      vertex 12.2856 8.3586 14
      vertex 12.5424 8.36701 13.9225
    endloop
  endfacet
  facet normal -0.0326709 0.999466 -0.000201769
    outer loop
      vertex 12.2856 8.3586 0
      vertex 12.5424 8.36701 0.0774756
      vertex 12.5211 8.36631 0.058955
    endloop
  endfacet
  facet normal -0.0327285 0.999464 2.87356e-05
    outer loop
      vertex 12.2856 8.3586 0
      vertex 12.5211 8.36631 0.058955
      vertex 12.4502 8.36399 0
    endloop
  endfacet
  facet normal -0.0327317 0.999464 0
    outer loop
      vertex 12.5424 8.36701 0.0774756
      vertex 12.2856 8.3586 0
      vertex 12.2856 8.3586 14
    endloop
  endfacet
  facet normal 0.881889 0.471457 0
    outer loop
      vertex 8.88472 10.3221 14
      vertex 8.76358 10.5487 0
      vertex 8.76358 10.5487 14
    endloop
  endfacet
  facet normal 0.881889 0.471457 0
    outer loop
      vertex 8.76358 10.5487 0
      vertex 8.88472 10.3221 14
      vertex 8.88472 10.3221 0
    endloop
  endfacet
  facet normal 0.956926 -0.290332 0
    outer loop
      vertex 8.49241 13.302 13.2109
      vertex 8.55576 13.5108 1
      vertex 8.55576 13.5108 13
    endloop
  endfacet
  facet normal 0.956926 -0.290332 0
    outer loop
      vertex 8.55576 13.5108 1
      vertex 8.49241 13.302 13.2109
      vertex 8.49241 13.302 0.789082
    endloop
  endfacet
  facet normal 0.683614 0.729844 -0
    outer loop
      vertex 9.69634 9.33312 0
      vertex 9.50879 9.50879 14
      vertex 9.69634 9.33312 14
    endloop
  endfacet
  facet normal 0.683614 0.729844 0
    outer loop
      vertex 9.50879 9.50879 14
      vertex 9.69634 9.33312 0
      vertex 9.50879 9.50879 0
    endloop
  endfacet
  facet normal 0.99519 0.0979628 0
    outer loop
      vertex 8.39219 11.773 14
      vertex 8.36701 12.0288 0
      vertex 8.36701 12.0288 14
    endloop
  endfacet
  facet normal 0.99519 0.0979628 0
    outer loop
      vertex 8.36701 12.0288 0
      vertex 8.39219 11.773 14
      vertex 8.39219 11.773 0
    endloop
  endfacet
  facet normal 0.634375 0.773025 -0
    outer loop
      vertex 9.89499 9.1701 0
      vertex 9.69634 9.33312 14
      vertex 9.89499 9.1701 14
    endloop
  endfacet
  facet normal 0.634375 0.773025 0
    outer loop
      vertex 9.69634 9.33312 14
      vertex 9.89499 9.1701 0
      vertex 9.69634 9.33312 0
    endloop
  endfacet
  facet normal 0.935903 0.352258 0
    outer loop
      vertex 8.65752 10.7828 14
      vertex 8.567 11.0233 0
      vertex 8.567 11.0233 14
    endloop
  endfacet
  facet normal 0.935903 0.352258 0
    outer loop
      vertex 8.567 11.0233 0
      vertex 8.65752 10.7828 14
      vertex 8.65752 10.7828 0
    endloop
  endfacet
  facet normal 0.162922 0.986639 -0
    outer loop
      vertex 11.773 8.39219 0
      vertex 11.5195 8.43405 14
      vertex 11.773 8.39219 14
    endloop
  endfacet
  facet normal 0.162922 0.986639 0
    outer loop
      vertex 11.5195 8.43405 14
      vertex 11.773 8.39219 0
      vertex 11.5195 8.43405 0
    endloop
  endfacet
  facet normal 0.290274 0.956944 -0
    outer loop
      vertex 11.2692 8.49241 0
      vertex 11.0233 8.567 14
      vertex 11.2692 8.49241 14
    endloop
  endfacet
  facet normal 0.290274 0.956944 0
    outer loop
      vertex 11.0233 8.567 14
      vertex 11.2692 8.49241 0
      vertex 11.0233 8.567 0
    endloop
  endfacet
  facet normal 0.956944 0.290274 0
    outer loop
      vertex 8.567 11.0233 14
      vertex 8.49241 11.2692 0
      vertex 8.49241 11.2692 14
    endloop
  endfacet
  facet normal 0.956944 0.290274 0
    outer loop
      vertex 8.49241 11.2692 0
      vertex 8.567 11.0233 14
      vertex 8.567 11.0233 0
    endloop
  endfacet
  facet normal 0.729844 0.683614 0
    outer loop
      vertex 9.50879 9.50879 14
      vertex 9.33312 9.69634 0
      vertex 9.33312 9.69634 14
    endloop
  endfacet
  facet normal 0.729844 0.683614 0
    outer loop
      vertex 9.33312 9.69634 0
      vertex 9.50879 9.50879 14
      vertex 9.50879 9.50879 0
    endloop
  endfacet
  facet normal 0.471457 0.881889 -0
    outer loop
      vertex 10.5487 8.76358 0
      vertex 10.3221 8.88472 14
      vertex 10.5487 8.76358 14
    endloop
  endfacet
  facet normal 0.471457 0.881889 0
    outer loop
      vertex 10.3221 8.88472 14
      vertex 10.5487 8.76358 0
      vertex 10.3221 8.88472 0
    endloop
  endfacet
  facet normal 0.412677 0.910877 -0
    outer loop
      vertex 10.7828 8.65752 0
      vertex 10.5487 8.76358 14
      vertex 10.7828 8.65752 14
    endloop
  endfacet
  facet normal 0.412677 0.910877 0
    outer loop
      vertex 10.5487 8.76358 14
      vertex 10.7828 8.65752 0
      vertex 10.5487 8.76358 0
    endloop
  endfacet
  facet normal 0.528109 0.849177 -0
    outer loop
      vertex 10.3221 8.88472 0
      vertex 10.1039 9.02042 14
      vertex 10.3221 8.88472 14
    endloop
  endfacet
  facet normal 0.528109 0.849177 0
    outer loop
      vertex 10.1039 9.02042 14
      vertex 10.3221 8.88472 0
      vertex 10.1039 9.02042 0
    endloop
  endfacet
  facet normal 0.0327317 0.999464 -0
    outer loop
      vertex 12.2856 8.3586 0
      vertex 12.0288 8.36701 14
      vertex 12.2856 8.3586 14
    endloop
  endfacet
  facet normal 0.0327317 0.999464 0
    outer loop
      vertex 12.0288 8.36701 14
      vertex 12.2856 8.3586 0
      vertex 12.0288 8.36701 0
    endloop
  endfacet
  facet normal 0.99519 -0.0979628 0
    outer loop
      vertex 8.36701 12.5424 13.9225
      vertex 8.39219 12.7982 0.308072
      vertex 8.39219 12.7982 13.6919
    endloop
  endfacet
  facet normal 0.99519 -0.0979628 0
    outer loop
      vertex 8.39219 12.7982 0.308072
      vertex 8.36701 12.5424 13.9225
      vertex 8.36701 12.5424 0.0774756
    endloop
  endfacet
  facet normal -0.22707 0.973879 0
    outer loop
      vertex 13.302 8.49241 0.789082
      vertex 13.0517 8.43405 13.4544
      vertex 13.302 8.49241 13.2109
    endloop
  endfacet
  facet normal -0.22707 0.973879 0
    outer loop
      vertex 13.0517 8.43405 13.4544
      vertex 13.302 8.49241 0.789082
      vertex 13.0517 8.43405 0.545614
    endloop
  endfacet
  facet normal -0.290332 0.956926 0
    outer loop
      vertex 13.5108 8.55576 1
      vertex 13.302 8.49241 13.2109
      vertex 13.5108 8.55576 13
    endloop
  endfacet
  facet normal -0.290332 0.956926 0
    outer loop
      vertex 13.302 8.49241 13.2109
      vertex 13.5108 8.55576 1
      vertex 13.302 8.49241 0.789082
    endloop
  endfacet
  facet normal -0.0979628 0.99519 0
    outer loop
      vertex 12.7982 8.39219 0.308072
      vertex 12.5424 8.36701 13.9225
      vertex 12.7982 8.39219 13.6919
    endloop
  endfacet
  facet normal -0.0979628 0.99519 0
    outer loop
      vertex 12.5424 8.36701 13.9225
      vertex 12.7982 8.39219 0.308072
      vertex 12.5424 8.36701 0.0774756
    endloop
  endfacet
  facet normal 0.0979628 0.99519 -0
    outer loop
      vertex 12.0288 8.36701 0
      vertex 11.773 8.39219 14
      vertex 12.0288 8.36701 14
    endloop
  endfacet
  facet normal 0.0979628 0.99519 0
    outer loop
      vertex 11.773 8.39219 14
      vertex 12.0288 8.36701 0
      vertex 11.773 8.39219 0
    endloop
  endfacet
  facet normal 0.999466 -0.0326707 0.000202147
    outer loop
      vertex 8.3586 12.2856 14
      vertex 8.36701 12.5424 13.9225
      vertex 8.36631 12.5211 13.941
    endloop
  endfacet
  facet normal 0.999464 -0.0327317 0
    outer loop
      vertex 8.36701 12.5424 13.9225
      vertex 8.3586 12.2856 14
      vertex 8.36701 12.5424 0.0774756
    endloop
  endfacet
  facet normal 0.999464 -0.0327285 -2.87137e-05
    outer loop
      vertex 8.3586 12.2856 14
      vertex 8.36631 12.5211 13.941
      vertex 8.36399 12.4502 14
    endloop
  endfacet
  facet normal 0.999464 -0.0327317 0
    outer loop
      vertex 8.3586 12.2856 0
      vertex 8.36701 12.5424 0.0774756
      vertex 8.3586 12.2856 14
    endloop
  endfacet
  facet normal 0.999466 -0.0326709 -0.000201769
    outer loop
      vertex 8.36701 12.5424 0.0774756
      vertex 8.3586 12.2856 0
      vertex 8.36631 12.5211 0.058955
    endloop
  endfacet
  facet normal 0.999464 -0.0327285 2.87356e-05
    outer loop
      vertex 8.36631 12.5211 0.058955
      vertex 8.3586 12.2856 0
      vertex 8.36399 12.4502 0
    endloop
  endfacet
  facet normal 0.582419 0.812889 -0
    outer loop
      vertex 10.1039 9.02042 0
      vertex 9.89499 9.1701 14
      vertex 10.1039 9.02042 14
    endloop
  endfacet
  facet normal 0.582419 0.812889 0
    outer loop
      vertex 9.89499 9.1701 14
      vertex 10.1039 9.02042 0
      vertex 9.89499 9.1701 0
    endloop
  endfacet
  facet normal -0.162922 0.986639 0
    outer loop
      vertex 13.0517 8.43405 0.545614
      vertex 12.7982 8.39219 13.6919
      vertex 13.0517 8.43405 13.4544
    endloop
  endfacet
  facet normal -0.162922 0.986639 0
    outer loop
      vertex 12.7982 8.39219 13.6919
      vertex 13.0517 8.43405 0.545614
      vertex 12.7982 8.39219 0.308072
    endloop
  endfacet
  facet normal 0.973879 0.22707 0
    outer loop
      vertex 8.49241 11.2692 14
      vertex 8.43405 11.5195 0
      vertex 8.43405 11.5195 14
    endloop
  endfacet
  facet normal 0.973879 0.22707 0
    outer loop
      vertex 8.43405 11.5195 0
      vertex 8.49241 11.2692 14
      vertex 8.49241 11.2692 0
    endloop
  endfacet
  facet normal 0.812889 0.582419 0
    outer loop
      vertex 9.1701 9.89499 14
      vertex 9.02042 10.1039 0
      vertex 9.02042 10.1039 14
    endloop
  endfacet
  facet normal 0.812889 0.582419 0
    outer loop
      vertex 9.02042 10.1039 0
      vertex 9.1701 9.89499 14
      vertex 9.1701 9.89499 0
    endloop
  endfacet
  facet normal 0.22707 0.973879 -0
    outer loop
      vertex 11.5195 8.43405 0
      vertex 11.2692 8.49241 14
      vertex 11.5195 8.43405 14
    endloop
  endfacet
  facet normal 0.22707 0.973879 0
    outer loop
      vertex 11.2692 8.49241 14
      vertex 11.5195 8.43405 0
      vertex 11.2692 8.49241 0
    endloop
  endfacet
  facet normal 0.999464 0.0327317 0
    outer loop
      vertex 8.36701 12.0288 14
      vertex 8.3586 12.2856 0
      vertex 8.3586 12.2856 14
    endloop
  endfacet
  facet normal 0.999464 0.0327317 0
    outer loop
      vertex 8.3586 12.2856 0
      vertex 8.36701 12.0288 14
      vertex 8.36701 12.0288 0
    endloop
  endfacet
  facet normal 0.412527 0.910945 -0
    outer loop
      vertex -1.50279 13.7464 0
      vertex -1.73686 13.8524 14
      vertex -1.50279 13.7464 14
    endloop
  endfacet
  facet normal 0.412527 0.910945 0
    outer loop
      vertex -1.73686 13.8524 14
      vertex -1.50279 13.7464 0
      vertex -1.73686 13.8524 0
    endloop
  endfacet
  facet normal 0.528074 0.849199 -0
    outer loop
      vertex -1.9635 13.9736 0
      vertex -2.18172 14.1093 14
      vertex -1.9635 13.9736 14
    endloop
  endfacet
  facet normal 0.528074 0.849199 0
    outer loop
      vertex -2.18172 14.1093 14
      vertex -1.9635 13.9736 0
      vertex -2.18172 14.1093 0
    endloop
  endfacet
  facet normal 0.162668 0.986681 -0
    outer loop
      vertex -0.512575 13.4811 0
      vertex -0.766117 13.5229 14
      vertex -0.512575 13.4811 14
    endloop
  endfacet
  facet normal 0.162668 0.986681 0
    outer loop
      vertex -0.766117 13.5229 14
      vertex -0.512575 13.4811 0
      vertex -0.766117 13.5229 0
    endloop
  endfacet
  facet normal -0.0980634 0.99518 0
    outer loop
      vertex 0.512575 13.4811 0
      vertex 0.256837 13.4559 14
      vertex 0.512575 13.4811 14
    endloop
  endfacet
  facet normal -0.0980634 0.99518 0
    outer loop
      vertex 0.256837 13.4559 14
      vertex 0.512575 13.4811 0
      vertex 0.256837 13.4559 0
    endloop
  endfacet
  facet normal 0.582526 0.812812 -0
    outer loop
      vertex -2.18172 14.1093 0
      vertex -2.3906 14.259 14
      vertex -2.18172 14.1093 14
    endloop
  endfacet
  facet normal 0.582526 0.812812 0
    outer loop
      vertex -2.3906 14.259 14
      vertex -2.18172 14.1093 0
      vertex -2.3906 14.259 0
    endloop
  endfacet
  facet normal 0.812875 0.582438 0
    outer loop
      vertex -3.11549 14.9838 13.6919
      vertex -3.26517 15.1927 0.545614
      vertex -3.26517 15.1927 13.4544
    endloop
  endfacet
  facet normal 0.812875 0.582438 0
    outer loop
      vertex -3.26517 15.1927 0.545614
      vertex -3.11549 14.9838 13.6919
      vertex -3.11549 14.9838 0.308073
    endloop
  endfacet
  facet normal -0.683449 0.729998 0
    outer loop
      vertex 2.7768 14.5976 0
      vertex 2.58924 14.422 14
      vertex 2.7768 14.5976 14
    endloop
  endfacet
  facet normal -0.683449 0.729998 0
    outer loop
      vertex 2.58924 14.422 14
      vertex 2.7768 14.5976 0
      vertex 2.58924 14.422 0
    endloop
  endfacet
  facet normal -0.162668 0.986681 0
    outer loop
      vertex 0.766117 13.5229 0
      vertex 0.512575 13.4811 14
      vertex 0.766117 13.5229 14
    endloop
  endfacet
  facet normal -0.162668 0.986681 0
    outer loop
      vertex 0.512575 13.4811 14
      vertex 0.766117 13.5229 0
      vertex 0.512575 13.4811 0
    endloop
  endfacet
  facet normal 0.729961 0.683489 -0.000123941
    outer loop
      vertex -2.7768 14.5976 14
      vertex -2.95247 14.7852 13.9225
      vertex -2.93786 14.7696 13.941
    endloop
  endfacet
  facet normal 0.729935 0.683516 0
    outer loop
      vertex -2.95247 14.7852 13.9225
      vertex -2.7768 14.5976 14
      vertex -2.95247 14.7852 0.0774756
    endloop
  endfacet
  facet normal 0.730055 0.683388 -0.000678657
    outer loop
      vertex -2.7768 14.5976 14
      vertex -2.93786 14.7696 13.941
      vertex -2.88941 14.7179 14
    endloop
  endfacet
  facet normal 0.729935 0.683516 -0
    outer loop
      vertex -2.7768 14.5976 0
      vertex -2.95247 14.7852 0.0774756
      vertex -2.7768 14.5976 14
    endloop
  endfacet
  facet normal 0.729961 0.683489 0.0001237
    outer loop
      vertex -2.95247 14.7852 0.0774756
      vertex -2.7768 14.5976 0
      vertex -2.93786 14.7696 0.0589541
    endloop
  endfacet
  facet normal 0.730055 0.683388 0.000679186
    outer loop
      vertex -2.93786 14.7696 0.0589541
      vertex -2.7768 14.5976 0
      vertex -2.88941 14.7179 0
    endloop
  endfacet
  facet normal 0.772947 0.63447 0
    outer loop
      vertex -2.95247 14.7852 13.9225
      vertex -3.11549 14.9838 0.308073
      vertex -3.11549 14.9838 13.6919
    endloop
  endfacet
  facet normal 0.772947 0.63447 0
    outer loop
      vertex -3.11549 14.9838 0.308073
      vertex -2.95247 14.7852 13.9225
      vertex -2.95247 14.7852 0.0774756
    endloop
  endfacet
  facet normal 0.352189 0.935929 -0
    outer loop
      vertex -1.26229 13.6559 0
      vertex -1.50279 13.7464 14
      vertex -1.26229 13.6559 14
    endloop
  endfacet
  facet normal 0.352189 0.935929 0
    outer loop
      vertex -1.50279 13.7464 14
      vertex -1.26229 13.6559 0
      vertex -1.50279 13.7464 0
    endloop
  endfacet
  facet normal -0.352189 0.935929 0
    outer loop
      vertex 1.50279 13.7464 0
      vertex 1.26229 13.6559 14
      vertex 1.50279 13.7464 14
    endloop
  endfacet
  facet normal -0.352189 0.935929 0
    outer loop
      vertex 1.26229 13.6559 14
      vertex 1.50279 13.7464 0
      vertex 1.26229 13.6559 0
    endloop
  endfacet
  facet normal 0.634348 0.773048 -0
    outer loop
      vertex -2.3906 14.259 0
      vertex -2.58924 14.422 14
      vertex -2.3906 14.259 14
    endloop
  endfacet
  facet normal 0.634348 0.773048 0
    outer loop
      vertex -2.58924 14.422 14
      vertex -2.3906 14.259 0
      vertex -2.58924 14.422 0
    endloop
  endfacet
  facet normal -0.634348 0.773048 0
    outer loop
      vertex 2.58924 14.422 0
      vertex 2.3906 14.259 14
      vertex 2.58924 14.422 14
    endloop
  endfacet
  facet normal -0.634348 0.773048 0
    outer loop
      vertex 2.3906 14.259 14
      vertex 2.58924 14.422 0
      vertex 2.3906 14.259 0
    endloop
  endfacet
  facet normal -0.227249 0.973837 0
    outer loop
      vertex 1.01638 13.5813 0
      vertex 0.766117 13.5229 14
      vertex 1.01638 13.5813 14
    endloop
  endfacet
  facet normal -0.227249 0.973837 0
    outer loop
      vertex 0.766117 13.5229 14
      vertex 1.01638 13.5813 0
      vertex 0.766117 13.5229 0
    endloop
  endfacet
  facet normal 0.849285 0.527934 0
    outer loop
      vertex -3.26517 15.1927 13.4544
      vertex -3.40087 15.411 0.789082
      vertex -3.40087 15.411 13.2109
    endloop
  endfacet
  facet normal 0.849285 0.527934 0
    outer loop
      vertex -3.40087 15.411 0.789082
      vertex -3.26517 15.1927 13.4544
      vertex -3.26517 15.1927 0.545614
    endloop
  endfacet
  facet normal -0.881845 0.47154 0
    outer loop
      vertex 3.40087 15.411 0.789082
      vertex 3.50375 15.6034 13
      vertex 3.50375 15.6034 1
    endloop
  endfacet
  facet normal -0.881845 0.47154 0
    outer loop
      vertex 3.50375 15.6034 13
      vertex 3.40087 15.411 0.789082
      vertex 3.40087 15.411 13.2109
    endloop
  endfacet
  facet normal -0.0326881 0.999466 0
    outer loop
      vertex 0.256837 13.4559 0
      vertex 0 13.4475 14
      vertex 0.256837 13.4559 14
    endloop
  endfacet
  facet normal -0.0326881 0.999466 0
    outer loop
      vertex 0 13.4475 14
      vertex 0.256837 13.4559 0
      vertex 0 13.4475 0
    endloop
  endfacet
  facet normal -0.290299 0.956936 0
    outer loop
      vertex 1.26229 13.6559 0
      vertex 1.01638 13.5813 14
      vertex 1.26229 13.6559 14
    endloop
  endfacet
  facet normal -0.290299 0.956936 0
    outer loop
      vertex 1.01638 13.5813 14
      vertex 1.26229 13.6559 0
      vertex 1.01638 13.5813 0
    endloop
  endfacet
  facet normal -0.471573 0.881827 0
    outer loop
      vertex 1.9635 13.9736 0
      vertex 1.73686 13.8524 14
      vertex 1.9635 13.9736 14
    endloop
  endfacet
  facet normal -0.471573 0.881827 0
    outer loop
      vertex 1.73686 13.8524 14
      vertex 1.9635 13.9736 0
      vertex 1.73686 13.8524 0
    endloop
  endfacet
  facet normal 0.290299 0.956936 -0
    outer loop
      vertex -1.01638 13.5813 0
      vertex -1.26229 13.6559 14
      vertex -1.01638 13.5813 14
    endloop
  endfacet
  facet normal 0.290299 0.956936 0
    outer loop
      vertex -1.26229 13.6559 14
      vertex -1.01638 13.5813 0
      vertex -1.26229 13.6559 0
    endloop
  endfacet
  facet normal -0.412527 0.910945 0
    outer loop
      vertex 1.73686 13.8524 0
      vertex 1.50279 13.7464 14
      vertex 1.73686 13.8524 14
    endloop
  endfacet
  facet normal -0.412527 0.910945 0
    outer loop
      vertex 1.50279 13.7464 14
      vertex 1.73686 13.8524 0
      vertex 1.50279 13.7464 0
    endloop
  endfacet
  facet normal 0.0980634 0.99518 -0
    outer loop
      vertex -0.256837 13.4559 0
      vertex -0.512575 13.4811 14
      vertex -0.256837 13.4559 14
    endloop
  endfacet
  facet normal 0.0980634 0.99518 0
    outer loop
      vertex -0.512575 13.4811 14
      vertex -0.256837 13.4559 0
      vertex -0.512575 13.4811 0
    endloop
  endfacet
  facet normal 0.881845 0.47154 0
    outer loop
      vertex -3.40087 15.411 13.2109
      vertex -3.50375 15.6034 1
      vertex -3.50375 15.6034 13
    endloop
  endfacet
  facet normal 0.881845 0.47154 0
    outer loop
      vertex -3.50375 15.6034 1
      vertex -3.40087 15.411 13.2109
      vertex -3.40087 15.411 0.789082
    endloop
  endfacet
  facet normal -0.528074 0.849199 0
    outer loop
      vertex 2.18172 14.1093 0
      vertex 1.9635 13.9736 14
      vertex 2.18172 14.1093 14
    endloop
  endfacet
  facet normal -0.528074 0.849199 0
    outer loop
      vertex 1.9635 13.9736 14
      vertex 2.18172 14.1093 0
      vertex 1.9635 13.9736 0
    endloop
  endfacet
  facet normal 0.683449 0.729998 -0
    outer loop
      vertex -2.58924 14.422 0
      vertex -2.7768 14.5976 14
      vertex -2.58924 14.422 14
    endloop
  endfacet
  facet normal 0.683449 0.729998 0
    outer loop
      vertex -2.7768 14.5976 14
      vertex -2.58924 14.422 0
      vertex -2.7768 14.5976 0
    endloop
  endfacet
  facet normal 0.227249 0.973837 -0
    outer loop
      vertex -0.766117 13.5229 0
      vertex -1.01638 13.5813 14
      vertex -0.766117 13.5229 14
    endloop
  endfacet
  facet normal 0.227249 0.973837 0
    outer loop
      vertex -1.01638 13.5813 14
      vertex -0.766117 13.5229 0
      vertex -1.01638 13.5813 0
    endloop
  endfacet
  facet normal -0.729961 0.683489 0.0001237
    outer loop
      vertex 2.7768 14.5976 0
      vertex 2.95247 14.7852 0.0774756
      vertex 2.93786 14.7696 0.0589541
    endloop
  endfacet
  facet normal -0.729935 0.683516 0
    outer loop
      vertex 2.95247 14.7852 0.0774756
      vertex 2.7768 14.5976 0
      vertex 2.95247 14.7852 13.9225
    endloop
  endfacet
  facet normal -0.730055 0.683388 0.000679186
    outer loop
      vertex 2.7768 14.5976 0
      vertex 2.93786 14.7696 0.0589541
      vertex 2.88941 14.7179 0
    endloop
  endfacet
  facet normal -0.729935 0.683516 0
    outer loop
      vertex 2.7768 14.5976 14
      vertex 2.95247 14.7852 13.9225
      vertex 2.7768 14.5976 0
    endloop
  endfacet
  facet normal -0.729961 0.683489 -0.000123941
    outer loop
      vertex 2.95247 14.7852 13.9225
      vertex 2.7768 14.5976 14
      vertex 2.93786 14.7696 13.941
    endloop
  endfacet
  facet normal -0.730055 0.683388 -0.000678657
    outer loop
      vertex 2.93786 14.7696 13.941
      vertex 2.7768 14.5976 14
      vertex 2.88941 14.7179 14
    endloop
  endfacet
  facet normal -0.582526 0.812812 0
    outer loop
      vertex 2.3906 14.259 0
      vertex 2.18172 14.1093 14
      vertex 2.3906 14.259 14
    endloop
  endfacet
  facet normal -0.582526 0.812812 0
    outer loop
      vertex 2.18172 14.1093 14
      vertex 2.3906 14.259 0
      vertex 2.18172 14.1093 0
    endloop
  endfacet
  facet normal -0.849285 0.527934 0
    outer loop
      vertex 3.26517 15.1927 0.545614
      vertex 3.40087 15.411 13.2109
      vertex 3.40087 15.411 0.789082
    endloop
  endfacet
  facet normal -0.849285 0.527934 0
    outer loop
      vertex 3.40087 15.411 13.2109
      vertex 3.26517 15.1927 0.545614
      vertex 3.26517 15.1927 13.4544
    endloop
  endfacet
  facet normal 0.0326881 0.999466 -0
    outer loop
      vertex 0 13.4475 0
      vertex -0.256837 13.4559 14
      vertex 0 13.4475 14
    endloop
  endfacet
  facet normal 0.0326881 0.999466 0
    outer loop
      vertex -0.256837 13.4559 14
      vertex 0 13.4475 0
      vertex -0.256837 13.4559 0
    endloop
  endfacet
  facet normal -0.772947 0.63447 0
    outer loop
      vertex 2.95247 14.7852 0.0774756
      vertex 3.11549 14.9838 13.6919
      vertex 3.11549 14.9838 0.308073
    endloop
  endfacet
  facet normal -0.772947 0.63447 0
    outer loop
      vertex 3.11549 14.9838 13.6919
      vertex 2.95247 14.7852 0.0774756
      vertex 2.95247 14.7852 13.9225
    endloop
  endfacet
  facet normal -0.812875 0.582438 0
    outer loop
      vertex 3.11549 14.9838 0.308073
      vertex 3.26517 15.1927 13.4544
      vertex 3.26517 15.1927 0.545614
    endloop
  endfacet
  facet normal -0.812875 0.582438 0
    outer loop
      vertex 3.26517 15.1927 13.4544
      vertex 3.11549 14.9838 0.308073
      vertex 3.11549 14.9838 13.6919
    endloop
  endfacet
  facet normal 0.471573 0.881827 -0
    outer loop
      vertex -1.73686 13.8524 0
      vertex -1.9635 13.9736 14
      vertex -1.73686 13.8524 14
    endloop
  endfacet
  facet normal 0.471573 0.881827 0
    outer loop
      vertex -1.9635 13.9736 14
      vertex -1.73686 13.8524 0
      vertex -1.9635 13.9736 0
    endloop
  endfacet
  facet normal -0.634375 0.773025 0
    outer loop
      vertex -9.69634 9.33312 0
      vertex -9.89499 9.1701 14
      vertex -9.69634 9.33312 14
    endloop
  endfacet
  facet normal -0.634375 0.773025 0
    outer loop
      vertex -9.89499 9.1701 14
      vertex -9.69634 9.33312 0
      vertex -9.89499 9.1701 0
    endloop
  endfacet
  facet normal -0.162922 0.986639 0
    outer loop
      vertex -11.5195 8.43405 0
      vertex -11.773 8.39219 14
      vertex -11.5195 8.43405 14
    endloop
  endfacet
  facet normal -0.162922 0.986639 0
    outer loop
      vertex -11.773 8.39219 14
      vertex -11.5195 8.43405 0
      vertex -11.773 8.39219 0
    endloop
  endfacet
  facet normal 0.162922 0.986639 0
    outer loop
      vertex -12.7982 8.39219 13.6919
      vertex -13.0517 8.43405 0.545614
      vertex -13.0517 8.43405 13.4544
    endloop
  endfacet
  facet normal 0.162922 0.986639 0
    outer loop
      vertex -13.0517 8.43405 0.545614
      vertex -12.7982 8.39219 13.6919
      vertex -12.7982 8.39219 0.308072
    endloop
  endfacet
  facet normal -0.528109 0.849177 0
    outer loop
      vertex -10.1039 9.02042 0
      vertex -10.3221 8.88472 14
      vertex -10.1039 9.02042 14
    endloop
  endfacet
  facet normal -0.528109 0.849177 0
    outer loop
      vertex -10.3221 8.88472 14
      vertex -10.1039 9.02042 0
      vertex -10.3221 8.88472 0
    endloop
  endfacet
  facet normal 0.290332 0.956926 0
    outer loop
      vertex -13.302 8.49241 13.2109
      vertex -13.5108 8.55576 1
      vertex -13.5108 8.55576 13
    endloop
  endfacet
  facet normal 0.290332 0.956926 0
    outer loop
      vertex -13.5108 8.55576 1
      vertex -13.302 8.49241 13.2109
      vertex -13.302 8.49241 0.789082
    endloop
  endfacet
  facet normal -0.412677 0.910877 0
    outer loop
      vertex -10.5487 8.76358 0
      vertex -10.7828 8.65752 14
      vertex -10.5487 8.76358 14
    endloop
  endfacet
  facet normal -0.412677 0.910877 0
    outer loop
      vertex -10.7828 8.65752 14
      vertex -10.5487 8.76358 0
      vertex -10.7828 8.65752 0
    endloop
  endfacet
  facet normal -0.935903 0.352258 0
    outer loop
      vertex -8.65752 10.7828 0
      vertex -8.567 11.0233 14
      vertex -8.567 11.0233 0
    endloop
  endfacet
  facet normal -0.935903 0.352258 0
    outer loop
      vertex -8.567 11.0233 14
      vertex -8.65752 10.7828 0
      vertex -8.65752 10.7828 14
    endloop
  endfacet
  facet normal -0.999466 -0.0326709 -0.000201769
    outer loop
      vertex -8.3586 12.2856 0
      vertex -8.36701 12.5424 0.0774756
      vertex -8.36631 12.5211 0.058955
    endloop
  endfacet
  facet normal -0.999464 -0.0327317 0
    outer loop
      vertex -8.36701 12.5424 0.0774756
      vertex -8.3586 12.2856 0
      vertex -8.36701 12.5424 13.9225
    endloop
  endfacet
  facet normal -0.999464 -0.0327285 2.87356e-05
    outer loop
      vertex -8.3586 12.2856 0
      vertex -8.36631 12.5211 0.058955
      vertex -8.36399 12.4502 0
    endloop
  endfacet
  facet normal -0.999464 -0.0327317 -0
    outer loop
      vertex -8.3586 12.2856 14
      vertex -8.36701 12.5424 13.9225
      vertex -8.3586 12.2856 0
    endloop
  endfacet
  facet normal -0.999466 -0.0326707 0.000202147
    outer loop
      vertex -8.36701 12.5424 13.9225
      vertex -8.3586 12.2856 14
      vertex -8.36631 12.5211 13.941
    endloop
  endfacet
  facet normal -0.999464 -0.0327285 -2.87137e-05
    outer loop
      vertex -8.36631 12.5211 13.941
      vertex -8.3586 12.2856 14
      vertex -8.36399 12.4502 14
    endloop
  endfacet
  facet normal -0.471457 0.881889 0
    outer loop
      vertex -10.3221 8.88472 0
      vertex -10.5487 8.76358 14
      vertex -10.3221 8.88472 14
    endloop
  endfacet
  facet normal -0.471457 0.881889 0
    outer loop
      vertex -10.5487 8.76358 14
      vertex -10.3221 8.88472 0
      vertex -10.5487 8.76358 0
    endloop
  endfacet
  facet normal -0.986639 -0.162922 0
    outer loop
      vertex -8.39219 12.7982 0.308072
      vertex -8.43405 13.0517 13.4544
      vertex -8.43405 13.0517 0.545614
    endloop
  endfacet
  facet normal -0.986639 -0.162922 0
    outer loop
      vertex -8.43405 13.0517 13.4544
      vertex -8.39219 12.7982 0.308072
      vertex -8.39219 12.7982 13.6919
    endloop
  endfacet
  facet normal -0.729844 0.683614 0
    outer loop
      vertex -9.50879 9.50879 0
      vertex -9.33312 9.69634 14
      vertex -9.33312 9.69634 0
    endloop
  endfacet
  facet normal -0.729844 0.683614 0
    outer loop
      vertex -9.33312 9.69634 14
      vertex -9.50879 9.50879 0
      vertex -9.50879 9.50879 14
    endloop
  endfacet
  facet normal -0.0979628 0.99519 0
    outer loop
      vertex -11.773 8.39219 0
      vertex -12.0288 8.36701 14
      vertex -11.773 8.39219 14
    endloop
  endfacet
  facet normal -0.0979628 0.99519 0
    outer loop
      vertex -12.0288 8.36701 14
      vertex -11.773 8.39219 0
      vertex -12.0288 8.36701 0
    endloop
  endfacet
  facet normal -0.99519 -0.0979628 0
    outer loop
      vertex -8.36701 12.5424 0.0774756
      vertex -8.39219 12.7982 13.6919
      vertex -8.39219 12.7982 0.308072
    endloop
  endfacet
  facet normal -0.99519 -0.0979628 0
    outer loop
      vertex -8.39219 12.7982 13.6919
      vertex -8.36701 12.5424 0.0774756
      vertex -8.36701 12.5424 13.9225
    endloop
  endfacet
  facet normal -0.773025 0.634375 0
    outer loop
      vertex -9.33312 9.69634 0
      vertex -9.1701 9.89499 14
      vertex -9.1701 9.89499 0
    endloop
  endfacet
  facet normal -0.773025 0.634375 0
    outer loop
      vertex -9.1701 9.89499 14
      vertex -9.33312 9.69634 0
      vertex -9.33312 9.69634 14
    endloop
  endfacet
  facet normal -0.352258 0.935903 0
    outer loop
      vertex -10.7828 8.65752 0
      vertex -11.0233 8.567 14
      vertex -10.7828 8.65752 14
    endloop
  endfacet
  facet normal -0.352258 0.935903 0
    outer loop
      vertex -11.0233 8.567 14
      vertex -10.7828 8.65752 0
      vertex -11.0233 8.567 0
    endloop
  endfacet
  facet normal -0.956926 -0.290332 0
    outer loop
      vertex -8.49241 13.302 0.789082
      vertex -8.55576 13.5108 13
      vertex -8.55576 13.5108 1
    endloop
  endfacet
  facet normal -0.956926 -0.290332 0
    outer loop
      vertex -8.55576 13.5108 13
      vertex -8.49241 13.302 0.789082
      vertex -8.49241 13.302 13.2109
    endloop
  endfacet
  facet normal -0.986639 0.162922 0
    outer loop
      vertex -8.43405 11.5195 0
      vertex -8.39219 11.773 14
      vertex -8.39219 11.773 0
    endloop
  endfacet
  facet normal -0.986639 0.162922 0
    outer loop
      vertex -8.39219 11.773 14
      vertex -8.43405 11.5195 0
      vertex -8.43405 11.5195 14
    endloop
  endfacet
  facet normal -0.956944 0.290274 0
    outer loop
      vertex -8.567 11.0233 0
      vertex -8.49241 11.2692 14
      vertex -8.49241 11.2692 0
    endloop
  endfacet
  facet normal -0.956944 0.290274 0
    outer loop
      vertex -8.49241 11.2692 14
      vertex -8.567 11.0233 0
      vertex -8.567 11.0233 14
    endloop
  endfacet
  facet normal -0.290274 0.956944 0
    outer loop
      vertex -11.0233 8.567 0
      vertex -11.2692 8.49241 14
      vertex -11.0233 8.567 14
    endloop
  endfacet
  facet normal -0.290274 0.956944 0
    outer loop
      vertex -11.2692 8.49241 14
      vertex -11.0233 8.567 0
      vertex -11.2692 8.49241 0
    endloop
  endfacet
  facet normal -0.683614 0.729844 0
    outer loop
      vertex -9.50879 9.50879 0
      vertex -9.69634 9.33312 14
      vertex -9.50879 9.50879 14
    endloop
  endfacet
  facet normal -0.683614 0.729844 0
    outer loop
      vertex -9.69634 9.33312 14
      vertex -9.50879 9.50879 0
      vertex -9.69634 9.33312 0
    endloop
  endfacet
  facet normal -0.881889 0.471457 0
    outer loop
      vertex -8.88472 10.3221 0
      vertex -8.76358 10.5487 14
      vertex -8.76358 10.5487 0
    endloop
  endfacet
  facet normal -0.881889 0.471457 0
    outer loop
      vertex -8.76358 10.5487 14
      vertex -8.88472 10.3221 0
      vertex -8.88472 10.3221 14
    endloop
  endfacet
  facet normal -0.910877 0.412677 0
    outer loop
      vertex -8.76358 10.5487 0
      vertex -8.65752 10.7828 14
      vertex -8.65752 10.7828 0
    endloop
  endfacet
  facet normal -0.910877 0.412677 0
    outer loop
      vertex -8.65752 10.7828 14
      vertex -8.76358 10.5487 0
      vertex -8.76358 10.5487 14
    endloop
  endfacet
  facet normal -0.849177 0.528109 0
    outer loop
      vertex -9.02042 10.1039 0
      vertex -8.88472 10.3221 14
      vertex -8.88472 10.3221 0
    endloop
  endfacet
  facet normal -0.849177 0.528109 0
    outer loop
      vertex -8.88472 10.3221 14
      vertex -9.02042 10.1039 0
      vertex -9.02042 10.1039 14
    endloop
  endfacet
  facet normal -0.999464 0.0327317 0
    outer loop
      vertex -8.36701 12.0288 0
      vertex -8.3586 12.2856 14
      vertex -8.3586 12.2856 0
    endloop
  endfacet
  facet normal -0.999464 0.0327317 0
    outer loop
      vertex -8.3586 12.2856 14
      vertex -8.36701 12.0288 0
      vertex -8.36701 12.0288 14
    endloop
  endfacet
  facet normal 0.0979628 0.99519 0
    outer loop
      vertex -12.5424 8.36701 13.9225
      vertex -12.7982 8.39219 0.308072
      vertex -12.7982 8.39219 13.6919
    endloop
  endfacet
  facet normal 0.0979628 0.99519 0
    outer loop
      vertex -12.7982 8.39219 0.308072
      vertex -12.5424 8.36701 13.9225
      vertex -12.5424 8.36701 0.0774756
    endloop
  endfacet
  facet normal -0.973879 -0.22707 0
    outer loop
      vertex -8.43405 13.0517 0.545614
      vertex -8.49241 13.302 13.2109
      vertex -8.49241 13.302 0.789082
    endloop
  endfacet
  facet normal -0.973879 -0.22707 0
    outer loop
      vertex -8.49241 13.302 13.2109
      vertex -8.43405 13.0517 0.545614
      vertex -8.43405 13.0517 13.4544
    endloop
  endfacet
  facet normal 0.22707 0.973879 0
    outer loop
      vertex -13.0517 8.43405 13.4544
      vertex -13.302 8.49241 0.789082
      vertex -13.302 8.49241 13.2109
    endloop
  endfacet
  facet normal 0.22707 0.973879 0
    outer loop
      vertex -13.302 8.49241 0.789082
      vertex -13.0517 8.43405 13.4544
      vertex -13.0517 8.43405 0.545614
    endloop
  endfacet
  facet normal -0.99519 0.0979628 0
    outer loop
      vertex -8.39219 11.773 0
      vertex -8.36701 12.0288 14
      vertex -8.36701 12.0288 0
    endloop
  endfacet
  facet normal -0.99519 0.0979628 0
    outer loop
      vertex -8.36701 12.0288 14
      vertex -8.39219 11.773 0
      vertex -8.39219 11.773 14
    endloop
  endfacet
  facet normal 0.0327285 0.999464 -2.87137e-05
    outer loop
      vertex -12.2856 8.3586 14
      vertex -12.5211 8.36631 13.941
      vertex -12.4502 8.36399 14
    endloop
  endfacet
  facet normal 0.0326707 0.999466 0.000202147
    outer loop
      vertex -12.2856 8.3586 14
      vertex -12.5424 8.36701 13.9225
      vertex -12.5211 8.36631 13.941
    endloop
  endfacet
  facet normal 0.0327317 0.999464 0
    outer loop
      vertex -12.2856 8.3586 14
      vertex -12.5424 8.36701 0.0774756
      vertex -12.5424 8.36701 13.9225
    endloop
  endfacet
  facet normal 0.0327317 0.999464 -0
    outer loop
      vertex -12.2856 8.3586 0
      vertex -12.5424 8.36701 0.0774756
      vertex -12.2856 8.3586 14
    endloop
  endfacet
  facet normal 0.0326709 0.999466 -0.000201769
    outer loop
      vertex -12.5424 8.36701 0.0774756
      vertex -12.2856 8.3586 0
      vertex -12.5211 8.36631 0.058955
    endloop
  endfacet
  facet normal 0.0327285 0.999464 2.87356e-05
    outer loop
      vertex -12.5211 8.36631 0.058955
      vertex -12.2856 8.3586 0
      vertex -12.4502 8.36399 0
    endloop
  endfacet
  facet normal -0.812889 0.582419 0
    outer loop
      vertex -9.1701 9.89499 0
      vertex -9.02042 10.1039 14
      vertex -9.02042 10.1039 0
    endloop
  endfacet
  facet normal -0.812889 0.582419 0
    outer loop
      vertex -9.02042 10.1039 14
      vertex -9.1701 9.89499 0
      vertex -9.1701 9.89499 14
    endloop
  endfacet
  facet normal -0.22707 0.973879 0
    outer loop
      vertex -11.2692 8.49241 0
      vertex -11.5195 8.43405 14
      vertex -11.2692 8.49241 14
    endloop
  endfacet
  facet normal -0.22707 0.973879 0
    outer loop
      vertex -11.5195 8.43405 14
      vertex -11.2692 8.49241 0
      vertex -11.5195 8.43405 0
    endloop
  endfacet
  facet normal -0.582419 0.812889 0
    outer loop
      vertex -9.89499 9.1701 0
      vertex -10.1039 9.02042 14
      vertex -9.89499 9.1701 14
    endloop
  endfacet
  facet normal -0.582419 0.812889 0
    outer loop
      vertex -10.1039 9.02042 14
      vertex -9.89499 9.1701 0
      vertex -10.1039 9.02042 0
    endloop
  endfacet
  facet normal -0.973879 0.22707 0
    outer loop
      vertex -8.49241 11.2692 0
      vertex -8.43405 11.5195 14
      vertex -8.43405 11.5195 0
    endloop
  endfacet
  facet normal -0.973879 0.22707 0
    outer loop
      vertex -8.43405 11.5195 14
      vertex -8.49241 11.2692 0
      vertex -8.49241 11.2692 14
    endloop
  endfacet
  facet normal -0.0327317 0.999464 0
    outer loop
      vertex -12.0288 8.36701 0
      vertex -12.2856 8.3586 14
      vertex -12.0288 8.36701 14
    endloop
  endfacet
  facet normal -0.0327317 0.999464 0
    outer loop
      vertex -12.2856 8.3586 14
      vertex -12.0288 8.36701 0
      vertex -12.2856 8.3586 0
    endloop
  endfacet
  facet normal -0.910945 0.412527 0
    outer loop
      vertex -13.8524 -1.73686 0
      vertex -13.7464 -1.50279 14
      vertex -13.7464 -1.50279 0
    endloop
  endfacet
  facet normal -0.910945 0.412527 0
    outer loop
      vertex -13.7464 -1.50279 14
      vertex -13.8524 -1.73686 0
      vertex -13.8524 -1.73686 14
    endloop
  endfacet
  facet normal -0.849199 0.528074 0
    outer loop
      vertex -14.1093 -2.18172 0
      vertex -13.9736 -1.9635 14
      vertex -13.9736 -1.9635 0
    endloop
  endfacet
  facet normal -0.849199 0.528074 0
    outer loop
      vertex -13.9736 -1.9635 14
      vertex -14.1093 -2.18172 0
      vertex -14.1093 -2.18172 14
    endloop
  endfacet
  facet normal -0.986681 0.162668 0
    outer loop
      vertex -13.5229 -0.766117 0
      vertex -13.4811 -0.512575 14
      vertex -13.4811 -0.512575 0
    endloop
  endfacet
  facet normal -0.986681 0.162668 0
    outer loop
      vertex -13.4811 -0.512575 14
      vertex -13.5229 -0.766117 0
      vertex -13.5229 -0.766117 14
    endloop
  endfacet
  facet normal -0.973837 -0.227249 0
    outer loop
      vertex -13.5229 0.766117 0
      vertex -13.5813 1.01638 14
      vertex -13.5813 1.01638 0
    endloop
  endfacet
  facet normal -0.973837 -0.227249 0
    outer loop
      vertex -13.5813 1.01638 14
      vertex -13.5229 0.766117 0
      vertex -13.5229 0.766117 14
    endloop
  endfacet
  facet normal -0.812812 0.582526 0
    outer loop
      vertex -14.259 -2.3906 0
      vertex -14.1093 -2.18172 14
      vertex -14.1093 -2.18172 0
    endloop
  endfacet
  facet normal -0.812812 0.582526 0
    outer loop
      vertex -14.1093 -2.18172 14
      vertex -14.259 -2.3906 0
      vertex -14.259 -2.3906 14
    endloop
  endfacet
  facet normal -0.935929 -0.352189 0
    outer loop
      vertex -13.6559 1.26229 0
      vertex -13.7464 1.50279 14
      vertex -13.7464 1.50279 0
    endloop
  endfacet
  facet normal -0.935929 -0.352189 0
    outer loop
      vertex -13.7464 1.50279 14
      vertex -13.6559 1.26229 0
      vertex -13.6559 1.26229 14
    endloop
  endfacet
  facet normal -0.582438 0.812875 0
    outer loop
      vertex -14.9838 -3.11549 13.6919
      vertex -15.1927 -3.26517 0.545614
      vertex -15.1927 -3.26517 13.4544
    endloop
  endfacet
  facet normal -0.582438 0.812875 0
    outer loop
      vertex -15.1927 -3.26517 0.545614
      vertex -14.9838 -3.11549 13.6919
      vertex -14.9838 -3.11549 0.308073
    endloop
  endfacet
  facet normal -0.683388 0.730055 -0.000678657
    outer loop
      vertex -14.5976 -2.7768 14
      vertex -14.7696 -2.93786 13.941
      vertex -14.7179 -2.88941 14
    endloop
  endfacet
  facet normal -0.683489 0.729961 -0.000123941
    outer loop
      vertex -14.5976 -2.7768 14
      vertex -14.7852 -2.95247 13.9225
      vertex -14.7696 -2.93786 13.941
    endloop
  endfacet
  facet normal -0.683516 0.729935 0
    outer loop
      vertex -14.5976 -2.7768 14
      vertex -14.7852 -2.95247 0.0774756
      vertex -14.7852 -2.95247 13.9225
    endloop
  endfacet
  facet normal -0.683516 0.729935 0
    outer loop
      vertex -14.5976 -2.7768 0
      vertex -14.7852 -2.95247 0.0774756
      vertex -14.5976 -2.7768 14
    endloop
  endfacet
  facet normal -0.683489 0.729961 0.0001237
    outer loop
      vertex -14.7852 -2.95247 0.0774756
      vertex -14.5976 -2.7768 0
      vertex -14.7696 -2.93786 0.0589541
    endloop
  endfacet
  facet normal -0.683388 0.730055 0.000679186
    outer loop
      vertex -14.7696 -2.93786 0.0589541
      vertex -14.5976 -2.7768 0
      vertex -14.7179 -2.88941 0
    endloop
  endfacet
  facet normal -0.63447 0.772947 0
    outer loop
      vertex -14.7852 -2.95247 13.9225
      vertex -14.9838 -3.11549 0.308073
      vertex -14.9838 -3.11549 13.6919
    endloop
  endfacet
  facet normal -0.63447 0.772947 0
    outer loop
      vertex -14.9838 -3.11549 0.308073
      vertex -14.7852 -2.95247 13.9225
      vertex -14.7852 -2.95247 0.0774756
    endloop
  endfacet
  facet normal -0.935929 0.352189 0
    outer loop
      vertex -13.7464 -1.50279 0
      vertex -13.6559 -1.26229 14
      vertex -13.6559 -1.26229 0
    endloop
  endfacet
  facet normal -0.935929 0.352189 0
    outer loop
      vertex -13.6559 -1.26229 14
      vertex -13.7464 -1.50279 0
      vertex -13.7464 -1.50279 14
    endloop
  endfacet
  facet normal -0.773048 0.634348 0
    outer loop
      vertex -14.422 -2.58924 0
      vertex -14.259 -2.3906 14
      vertex -14.259 -2.3906 0
    endloop
  endfacet
  facet normal -0.773048 0.634348 0
    outer loop
      vertex -14.259 -2.3906 14
      vertex -14.422 -2.58924 0
      vertex -14.422 -2.58924 14
    endloop
  endfacet
  facet normal -0.910945 -0.412527 0
    outer loop
      vertex -13.7464 1.50279 0
      vertex -13.8524 1.73686 14
      vertex -13.8524 1.73686 0
    endloop
  endfacet
  facet normal -0.910945 -0.412527 0
    outer loop
      vertex -13.8524 1.73686 14
      vertex -13.7464 1.50279 0
      vertex -13.7464 1.50279 14
    endloop
  endfacet
  facet normal -0.527934 0.849285 0
    outer loop
      vertex -15.1927 -3.26517 13.4544
      vertex -15.411 -3.40087 0.789082
      vertex -15.411 -3.40087 13.2109
    endloop
  endfacet
  facet normal -0.527934 0.849285 0
    outer loop
      vertex -15.411 -3.40087 0.789082
      vertex -15.1927 -3.26517 13.4544
      vertex -15.1927 -3.26517 0.545614
    endloop
  endfacet
  facet normal -0.986681 -0.162668 0
    outer loop
      vertex -13.4811 0.512575 0
      vertex -13.5229 0.766117 14
      vertex -13.5229 0.766117 0
    endloop
  endfacet
  facet normal -0.986681 -0.162668 0
    outer loop
      vertex -13.5229 0.766117 14
      vertex -13.4811 0.512575 0
      vertex -13.4811 0.512575 14
    endloop
  endfacet
  facet normal -0.973837 0.227249 0
    outer loop
      vertex -13.5813 -1.01638 0
      vertex -13.5229 -0.766117 14
      vertex -13.5229 -0.766117 0
    endloop
  endfacet
  facet normal -0.973837 0.227249 0
    outer loop
      vertex -13.5229 -0.766117 14
      vertex -13.5813 -1.01638 0
      vertex -13.5813 -1.01638 14
    endloop
  endfacet
  facet normal -0.999466 -0.0326881 0
    outer loop
      vertex -13.4475 0 0
      vertex -13.4559 0.256837 14
      vertex -13.4559 0.256837 0
    endloop
  endfacet
  facet normal -0.999466 -0.0326881 0
    outer loop
      vertex -13.4559 0.256837 14
      vertex -13.4475 0 0
      vertex -13.4475 0 14
    endloop
  endfacet
  facet normal -0.956936 -0.290299 0
    outer loop
      vertex -13.5813 1.01638 0
      vertex -13.6559 1.26229 14
      vertex -13.6559 1.26229 0
    endloop
  endfacet
  facet normal -0.956936 -0.290299 0
    outer loop
      vertex -13.6559 1.26229 14
      vertex -13.5813 1.01638 0
      vertex -13.5813 1.01638 14
    endloop
  endfacet
  facet normal -0.956936 0.290299 0
    outer loop
      vertex -13.6559 -1.26229 0
      vertex -13.5813 -1.01638 14
      vertex -13.5813 -1.01638 0
    endloop
  endfacet
  facet normal -0.956936 0.290299 0
    outer loop
      vertex -13.5813 -1.01638 14
      vertex -13.6559 -1.26229 0
      vertex -13.6559 -1.26229 14
    endloop
  endfacet
  facet normal -0.729998 -0.683449 0
    outer loop
      vertex -14.422 2.58924 0
      vertex -14.5976 2.7768 14
      vertex -14.5976 2.7768 0
    endloop
  endfacet
  facet normal -0.729998 -0.683449 0
    outer loop
      vertex -14.5976 2.7768 14
      vertex -14.422 2.58924 0
      vertex -14.422 2.58924 14
    endloop
  endfacet
  facet normal -0.99518 0.0980634 0
    outer loop
      vertex -13.4811 -0.512575 0
      vertex -13.4559 -0.256837 14
      vertex -13.4559 -0.256837 0
    endloop
  endfacet
  facet normal -0.99518 0.0980634 0
    outer loop
      vertex -13.4559 -0.256837 14
      vertex -13.4811 -0.512575 0
      vertex -13.4811 -0.512575 14
    endloop
  endfacet
  facet normal -0.849199 -0.528074 0
    outer loop
      vertex -13.9736 1.9635 0
      vertex -14.1093 2.18172 14
      vertex -14.1093 2.18172 0
    endloop
  endfacet
  facet normal -0.849199 -0.528074 0
    outer loop
      vertex -14.1093 2.18172 14
      vertex -13.9736 1.9635 0
      vertex -13.9736 1.9635 14
    endloop
  endfacet
  facet normal -0.812812 -0.582526 0
    outer loop
      vertex -14.1093 2.18172 0
      vertex -14.259 2.3906 14
      vertex -14.259 2.3906 0
    endloop
  endfacet
  facet normal -0.812812 -0.582526 0
    outer loop
      vertex -14.259 2.3906 14
      vertex -14.1093 2.18172 0
      vertex -14.1093 2.18172 14
    endloop
  endfacet
  facet normal -0.881827 -0.471573 0
    outer loop
      vertex -13.8524 1.73686 0
      vertex -13.9736 1.9635 14
      vertex -13.9736 1.9635 0
    endloop
  endfacet
  facet normal -0.881827 -0.471573 0
    outer loop
      vertex -13.9736 1.9635 14
      vertex -13.8524 1.73686 0
      vertex -13.8524 1.73686 14
    endloop
  endfacet
  facet normal -0.47154 -0.881845 0
    outer loop
      vertex -15.6034 3.50375 1
      vertex -15.411 3.40087 13.2109
      vertex -15.6034 3.50375 13
    endloop
  endfacet
  facet normal -0.47154 -0.881845 -0
    outer loop
      vertex -15.411 3.40087 13.2109
      vertex -15.6034 3.50375 1
      vertex -15.411 3.40087 0.789082
    endloop
  endfacet
  facet normal -0.99518 -0.0980634 0
    outer loop
      vertex -13.4559 0.256837 0
      vertex -13.4811 0.512575 14
      vertex -13.4811 0.512575 0
    endloop
  endfacet
  facet normal -0.99518 -0.0980634 0
    outer loop
      vertex -13.4811 0.512575 14
      vertex -13.4559 0.256837 0
      vertex -13.4559 0.256837 14
    endloop
  endfacet
  facet normal -0.47154 0.881845 0
    outer loop
      vertex -15.411 -3.40087 13.2109
      vertex -15.6034 -3.50375 1
      vertex -15.6034 -3.50375 13
    endloop
  endfacet
  facet normal -0.47154 0.881845 0
    outer loop
      vertex -15.6034 -3.50375 1
      vertex -15.411 -3.40087 13.2109
      vertex -15.411 -3.40087 0.789082
    endloop
  endfacet
  facet normal -0.729998 0.683449 0
    outer loop
      vertex -14.5976 -2.7768 0
      vertex -14.422 -2.58924 14
      vertex -14.422 -2.58924 0
    endloop
  endfacet
  facet normal -0.729998 0.683449 0
    outer loop
      vertex -14.422 -2.58924 14
      vertex -14.5976 -2.7768 0
      vertex -14.5976 -2.7768 14
    endloop
  endfacet
  facet normal -0.683388 -0.730055 -0.000678657
    outer loop
      vertex -14.7696 2.93786 13.941
      vertex -14.5976 2.7768 14
      vertex -14.7179 2.88941 14
    endloop
  endfacet
  facet normal -0.683489 -0.729961 -0.000123941
    outer loop
      vertex -14.7852 2.95247 13.9225
      vertex -14.5976 2.7768 14
      vertex -14.7696 2.93786 13.941
    endloop
  endfacet
  facet normal -0.683516 -0.729935 0
    outer loop
      vertex -14.7852 2.95247 0.0774756
      vertex -14.5976 2.7768 14
      vertex -14.7852 2.95247 13.9225
    endloop
  endfacet
  facet normal -0.683489 -0.729961 0.0001237
    outer loop
      vertex -14.5976 2.7768 0
      vertex -14.7852 2.95247 0.0774756
      vertex -14.7696 2.93786 0.0589541
    endloop
  endfacet
  facet normal -0.683388 -0.730055 0.000679186
    outer loop
      vertex -14.5976 2.7768 0
      vertex -14.7696 2.93786 0.0589541
      vertex -14.7179 2.88941 0
    endloop
  endfacet
  facet normal -0.683516 -0.729935 0
    outer loop
      vertex -14.7852 2.95247 0.0774756
      vertex -14.5976 2.7768 0
      vertex -14.5976 2.7768 14
    endloop
  endfacet
  facet normal -0.527934 -0.849285 0
    outer loop
      vertex -15.411 3.40087 0.789082
      vertex -15.1927 3.26517 13.4544
      vertex -15.411 3.40087 13.2109
    endloop
  endfacet
  facet normal -0.527934 -0.849285 -0
    outer loop
      vertex -15.1927 3.26517 13.4544
      vertex -15.411 3.40087 0.789082
      vertex -15.1927 3.26517 0.545614
    endloop
  endfacet
  facet normal -0.999466 0.0326881 0
    outer loop
      vertex -13.4559 -0.256837 0
      vertex -13.4475 0 14
      vertex -13.4475 0 0
    endloop
  endfacet
  facet normal -0.999466 0.0326881 0
    outer loop
      vertex -13.4475 0 14
      vertex -13.4559 -0.256837 0
      vertex -13.4559 -0.256837 14
    endloop
  endfacet
  facet normal -0.773048 -0.634348 0
    outer loop
      vertex -14.259 2.3906 0
      vertex -14.422 2.58924 14
      vertex -14.422 2.58924 0
    endloop
  endfacet
  facet normal -0.773048 -0.634348 0
    outer loop
      vertex -14.422 2.58924 14
      vertex -14.259 2.3906 0
      vertex -14.259 2.3906 14
    endloop
  endfacet
  facet normal -0.63447 -0.772947 0
    outer loop
      vertex -14.9838 3.11549 0.308073
      vertex -14.7852 2.95247 13.9225
      vertex -14.9838 3.11549 13.6919
    endloop
  endfacet
  facet normal -0.63447 -0.772947 -0
    outer loop
      vertex -14.7852 2.95247 13.9225
      vertex -14.9838 3.11549 0.308073
      vertex -14.7852 2.95247 0.0774756
    endloop
  endfacet
  facet normal -0.582438 -0.812875 0
    outer loop
      vertex -15.1927 3.26517 0.545614
      vertex -14.9838 3.11549 13.6919
      vertex -15.1927 3.26517 13.4544
    endloop
  endfacet
  facet normal -0.582438 -0.812875 -0
    outer loop
      vertex -14.9838 3.11549 13.6919
      vertex -15.1927 3.26517 0.545614
      vertex -14.9838 3.11549 0.308073
    endloop
  endfacet
  facet normal -0.881827 0.471573 0
    outer loop
      vertex -13.9736 -1.9635 0
      vertex -13.8524 -1.73686 14
      vertex -13.8524 -1.73686 0
    endloop
  endfacet
  facet normal -0.881827 0.471573 0
    outer loop
      vertex -13.8524 -1.73686 14
      vertex -13.9736 -1.9635 0
      vertex -13.9736 -1.9635 14
    endloop
  endfacet
  facet normal -0.773025 -0.634375 0
    outer loop
      vertex -9.1701 -9.89499 0
      vertex -9.33312 -9.69634 14
      vertex -9.33312 -9.69634 0
    endloop
  endfacet
  facet normal -0.773025 -0.634375 0
    outer loop
      vertex -9.33312 -9.69634 14
      vertex -9.1701 -9.89499 0
      vertex -9.1701 -9.89499 14
    endloop
  endfacet
  facet normal -0.973879 -0.22707 0
    outer loop
      vertex -8.43405 -11.5195 0
      vertex -8.49241 -11.2692 14
      vertex -8.49241 -11.2692 0
    endloop
  endfacet
  facet normal -0.973879 -0.22707 0
    outer loop
      vertex -8.49241 -11.2692 14
      vertex -8.43405 -11.5195 0
      vertex -8.43405 -11.5195 14
    endloop
  endfacet
  facet normal -0.986639 0.162922 0
    outer loop
      vertex -8.43405 -13.0517 0.545614
      vertex -8.39219 -12.7982 13.6919
      vertex -8.39219 -12.7982 0.308072
    endloop
  endfacet
  facet normal -0.986639 0.162922 0
    outer loop
      vertex -8.39219 -12.7982 13.6919
      vertex -8.43405 -13.0517 0.545614
      vertex -8.43405 -13.0517 13.4544
    endloop
  endfacet
  facet normal -0.849177 -0.528109 0
    outer loop
      vertex -8.88472 -10.3221 0
      vertex -9.02042 -10.1039 14
      vertex -9.02042 -10.1039 0
    endloop
  endfacet
  facet normal -0.849177 -0.528109 0
    outer loop
      vertex -9.02042 -10.1039 14
      vertex -8.88472 -10.3221 0
      vertex -8.88472 -10.3221 14
    endloop
  endfacet
  facet normal -0.956926 0.290332 0
    outer loop
      vertex -8.55576 -13.5108 1
      vertex -8.49241 -13.302 13.2109
      vertex -8.49241 -13.302 0.789082
    endloop
  endfacet
  facet normal -0.956926 0.290332 0
    outer loop
      vertex -8.49241 -13.302 13.2109
      vertex -8.55576 -13.5108 1
      vertex -8.55576 -13.5108 13
    endloop
  endfacet
  facet normal -0.986639 -0.162922 0
    outer loop
      vertex -8.39219 -11.773 0
      vertex -8.43405 -11.5195 14
      vertex -8.43405 -11.5195 0
    endloop
  endfacet
  facet normal -0.986639 -0.162922 0
    outer loop
      vertex -8.43405 -11.5195 14
      vertex -8.39219 -11.773 0
      vertex -8.39219 -11.773 14
    endloop
  endfacet
  facet normal 0.0327285 -0.999464 -2.87137e-05
    outer loop
      vertex -12.5211 -8.36631 13.941
      vertex -12.2856 -8.3586 14
      vertex -12.4502 -8.36399 14
    endloop
  endfacet
  facet normal 0.0326707 -0.999466 0.000202147
    outer loop
      vertex -12.5424 -8.36701 13.9225
      vertex -12.2856 -8.3586 14
      vertex -12.5211 -8.36631 13.941
    endloop
  endfacet
  facet normal 0.0327317 -0.999464 0
    outer loop
      vertex -12.5424 -8.36701 0.0774756
      vertex -12.2856 -8.3586 14
      vertex -12.5424 -8.36701 13.9225
    endloop
  endfacet
  facet normal 0.0326709 -0.999466 -0.000201769
    outer loop
      vertex -12.2856 -8.3586 0
      vertex -12.5424 -8.36701 0.0774756
      vertex -12.5211 -8.36631 0.058955
    endloop
  endfacet
  facet normal 0.0327285 -0.999464 2.87356e-05
    outer loop
      vertex -12.2856 -8.3586 0
      vertex -12.5211 -8.36631 0.058955
      vertex -12.4502 -8.36399 0
    endloop
  endfacet
  facet normal 0.0327317 -0.999464 0
    outer loop
      vertex -12.5424 -8.36701 0.0774756
      vertex -12.2856 -8.3586 0
      vertex -12.2856 -8.3586 14
    endloop
  endfacet
  facet normal -0.881889 -0.471457 0
    outer loop
      vertex -8.76358 -10.5487 0
      vertex -8.88472 -10.3221 14
      vertex -8.88472 -10.3221 0
    endloop
  endfacet
  facet normal -0.881889 -0.471457 0
    outer loop
      vertex -8.88472 -10.3221 14
      vertex -8.76358 -10.5487 0
      vertex -8.76358 -10.5487 14
    endloop
  endfacet
  facet normal -0.99519 -0.0979628 0
    outer loop
      vertex -8.36701 -12.0288 0
      vertex -8.39219 -11.773 14
      vertex -8.39219 -11.773 0
    endloop
  endfacet
  facet normal -0.99519 -0.0979628 0
    outer loop
      vertex -8.39219 -11.773 14
      vertex -8.36701 -12.0288 0
      vertex -8.36701 -12.0288 14
    endloop
  endfacet
  facet normal -0.999464 -0.0327317 0
    outer loop
      vertex -8.3586 -12.2856 0
      vertex -8.36701 -12.0288 14
      vertex -8.36701 -12.0288 0
    endloop
  endfacet
  facet normal -0.999464 -0.0327317 0
    outer loop
      vertex -8.36701 -12.0288 14
      vertex -8.3586 -12.2856 0
      vertex -8.3586 -12.2856 14
    endloop
  endfacet
  facet normal 0.162922 -0.986639 0
    outer loop
      vertex -13.0517 -8.43405 0.545614
      vertex -12.7982 -8.39219 13.6919
      vertex -13.0517 -8.43405 13.4544
    endloop
  endfacet
  facet normal 0.162922 -0.986639 0
    outer loop
      vertex -12.7982 -8.39219 13.6919
      vertex -13.0517 -8.43405 0.545614
      vertex -12.7982 -8.39219 0.308072
    endloop
  endfacet
  facet normal -0.683614 -0.729844 0
    outer loop
      vertex -9.69634 -9.33312 0
      vertex -9.50879 -9.50879 14
      vertex -9.69634 -9.33312 14
    endloop
  endfacet
  facet normal -0.683614 -0.729844 -0
    outer loop
      vertex -9.50879 -9.50879 14
      vertex -9.69634 -9.33312 0
      vertex -9.50879 -9.50879 0
    endloop
  endfacet
  facet normal -0.352258 -0.935903 0
    outer loop
      vertex -11.0233 -8.567 0
      vertex -10.7828 -8.65752 14
      vertex -11.0233 -8.567 14
    endloop
  endfacet
  facet normal -0.352258 -0.935903 -0
    outer loop
      vertex -10.7828 -8.65752 14
      vertex -11.0233 -8.567 0
      vertex -10.7828 -8.65752 0
    endloop
  endfacet
  facet normal 0.0979628 -0.99519 0
    outer loop
      vertex -12.7982 -8.39219 0.308072
      vertex -12.5424 -8.36701 13.9225
      vertex -12.7982 -8.39219 13.6919
    endloop
  endfacet
  facet normal 0.0979628 -0.99519 0
    outer loop
      vertex -12.5424 -8.36701 13.9225
      vertex -12.7982 -8.39219 0.308072
      vertex -12.5424 -8.36701 0.0774756
    endloop
  endfacet
  facet normal -0.412677 -0.910877 0
    outer loop
      vertex -10.7828 -8.65752 0
      vertex -10.5487 -8.76358 14
      vertex -10.7828 -8.65752 14
    endloop
  endfacet
  facet normal -0.412677 -0.910877 -0
    outer loop
      vertex -10.5487 -8.76358 14
      vertex -10.7828 -8.65752 0
      vertex -10.5487 -8.76358 0
    endloop
  endfacet
  facet normal -0.634375 -0.773025 0
    outer loop
      vertex -9.89499 -9.1701 0
      vertex -9.69634 -9.33312 14
      vertex -9.89499 -9.1701 14
    endloop
  endfacet
  facet normal -0.634375 -0.773025 -0
    outer loop
      vertex -9.69634 -9.33312 14
      vertex -9.89499 -9.1701 0
      vertex -9.69634 -9.33312 0
    endloop
  endfacet
  facet normal -0.935903 -0.352258 0
    outer loop
      vertex -8.567 -11.0233 0
      vertex -8.65752 -10.7828 14
      vertex -8.65752 -10.7828 0
    endloop
  endfacet
  facet normal -0.935903 -0.352258 0
    outer loop
      vertex -8.65752 -10.7828 14
      vertex -8.567 -11.0233 0
      vertex -8.567 -11.0233 14
    endloop
  endfacet
  facet normal 0.290332 -0.956926 0
    outer loop
      vertex -13.5108 -8.55576 1
      vertex -13.302 -8.49241 13.2109
      vertex -13.5108 -8.55576 13
    endloop
  endfacet
  facet normal 0.290332 -0.956926 0
    outer loop
      vertex -13.302 -8.49241 13.2109
      vertex -13.5108 -8.55576 1
      vertex -13.302 -8.49241 0.789082
    endloop
  endfacet
  facet normal -0.162922 -0.986639 0
    outer loop
      vertex -11.773 -8.39219 0
      vertex -11.5195 -8.43405 14
      vertex -11.773 -8.39219 14
    endloop
  endfacet
  facet normal -0.162922 -0.986639 -0
    outer loop
      vertex -11.5195 -8.43405 14
      vertex -11.773 -8.39219 0
      vertex -11.5195 -8.43405 0
    endloop
  endfacet
  facet normal -0.910877 -0.412677 0
    outer loop
      vertex -8.65752 -10.7828 0
      vertex -8.76358 -10.5487 14
      vertex -8.76358 -10.5487 0
    endloop
  endfacet
  facet normal -0.910877 -0.412677 0
    outer loop
      vertex -8.76358 -10.5487 14
      vertex -8.65752 -10.7828 0
      vertex -8.65752 -10.7828 14
    endloop
  endfacet
  facet normal -0.0327317 -0.999464 0
    outer loop
      vertex -12.2856 -8.3586 0
      vertex -12.0288 -8.36701 14
      vertex -12.2856 -8.3586 14
    endloop
  endfacet
  facet normal -0.0327317 -0.999464 -0
    outer loop
      vertex -12.0288 -8.36701 14
      vertex -12.2856 -8.3586 0
      vertex -12.0288 -8.36701 0
    endloop
  endfacet
  facet normal -0.956944 -0.290274 0
    outer loop
      vertex -8.49241 -11.2692 0
      vertex -8.567 -11.0233 14
      vertex -8.567 -11.0233 0
    endloop
  endfacet
  facet normal -0.956944 -0.290274 0
    outer loop
      vertex -8.567 -11.0233 14
      vertex -8.49241 -11.2692 0
      vertex -8.49241 -11.2692 14
    endloop
  endfacet
  facet normal -0.729844 -0.683614 0
    outer loop
      vertex -9.33312 -9.69634 0
      vertex -9.50879 -9.50879 14
      vertex -9.50879 -9.50879 0
    endloop
  endfacet
  facet normal -0.729844 -0.683614 0
    outer loop
      vertex -9.50879 -9.50879 14
      vertex -9.33312 -9.69634 0
      vertex -9.33312 -9.69634 14
    endloop
  endfacet
  facet normal -0.471457 -0.881889 0
    outer loop
      vertex -10.5487 -8.76358 0
      vertex -10.3221 -8.88472 14
      vertex -10.5487 -8.76358 14
    endloop
  endfacet
  facet normal -0.471457 -0.881889 -0
    outer loop
      vertex -10.3221 -8.88472 14
      vertex -10.5487 -8.76358 0
      vertex -10.3221 -8.88472 0
    endloop
  endfacet
  facet normal -0.528109 -0.849177 0
    outer loop
      vertex -10.3221 -8.88472 0
      vertex -10.1039 -9.02042 14
      vertex -10.3221 -8.88472 14
    endloop
  endfacet
  facet normal -0.528109 -0.849177 -0
    outer loop
      vertex -10.1039 -9.02042 14
      vertex -10.3221 -8.88472 0
      vertex -10.1039 -9.02042 0
    endloop
  endfacet
  facet normal -0.99519 0.0979628 0
    outer loop
      vertex -8.39219 -12.7982 0.308072
      vertex -8.36701 -12.5424 13.9225
      vertex -8.36701 -12.5424 0.0774756
    endloop
  endfacet
  facet normal -0.99519 0.0979628 0
    outer loop
      vertex -8.36701 -12.5424 13.9225
      vertex -8.39219 -12.7982 0.308072
      vertex -8.39219 -12.7982 13.6919
    endloop
  endfacet
  facet normal 0.22707 -0.973879 0
    outer loop
      vertex -13.302 -8.49241 0.789082
      vertex -13.0517 -8.43405 13.4544
      vertex -13.302 -8.49241 13.2109
    endloop
  endfacet
  facet normal 0.22707 -0.973879 0
    outer loop
      vertex -13.0517 -8.43405 13.4544
      vertex -13.302 -8.49241 0.789082
      vertex -13.0517 -8.43405 0.545614
    endloop
  endfacet
  facet normal -0.973879 0.22707 0
    outer loop
      vertex -8.49241 -13.302 0.789082
      vertex -8.43405 -13.0517 13.4544
      vertex -8.43405 -13.0517 0.545614
    endloop
  endfacet
  facet normal -0.973879 0.22707 0
    outer loop
      vertex -8.43405 -13.0517 13.4544
      vertex -8.49241 -13.302 0.789082
      vertex -8.49241 -13.302 13.2109
    endloop
  endfacet
  facet normal -0.0979628 -0.99519 0
    outer loop
      vertex -12.0288 -8.36701 0
      vertex -11.773 -8.39219 14
      vertex -12.0288 -8.36701 14
    endloop
  endfacet
  facet normal -0.0979628 -0.99519 -0
    outer loop
      vertex -11.773 -8.39219 14
      vertex -12.0288 -8.36701 0
      vertex -11.773 -8.39219 0
    endloop
  endfacet
  facet normal -0.290274 -0.956944 0
    outer loop
      vertex -11.2692 -8.49241 0
      vertex -11.0233 -8.567 14
      vertex -11.2692 -8.49241 14
    endloop
  endfacet
  facet normal -0.290274 -0.956944 -0
    outer loop
      vertex -11.0233 -8.567 14
      vertex -11.2692 -8.49241 0
      vertex -11.0233 -8.567 0
    endloop
  endfacet
  facet normal -0.999464 0.0327285 2.87356e-05
    outer loop
      vertex -8.36631 -12.5211 0.058955
      vertex -8.3586 -12.2856 0
      vertex -8.36399 -12.4502 0
    endloop
  endfacet
  facet normal -0.999464 0.0327317 0
    outer loop
      vertex -8.3586 -12.2856 0
      vertex -8.36701 -12.5424 0.0774756
      vertex -8.3586 -12.2856 14
    endloop
  endfacet
  facet normal -0.999466 0.0326709 -0.000201769
    outer loop
      vertex -8.3586 -12.2856 0
      vertex -8.36631 -12.5211 0.058955
      vertex -8.36701 -12.5424 0.0774756
    endloop
  endfacet
  facet normal -0.999464 0.0327317 0
    outer loop
      vertex -8.36701 -12.5424 13.9225
      vertex -8.3586 -12.2856 14
      vertex -8.36701 -12.5424 0.0774756
    endloop
  endfacet
  facet normal -0.999466 0.0326707 0.000202147
    outer loop
      vertex -8.36631 -12.5211 13.941
      vertex -8.3586 -12.2856 14
      vertex -8.36701 -12.5424 13.9225
    endloop
  endfacet
  facet normal -0.999464 0.0327285 -2.87137e-05
    outer loop
      vertex -8.3586 -12.2856 14
      vertex -8.36631 -12.5211 13.941
      vertex -8.36399 -12.4502 14
    endloop
  endfacet
  facet normal -0.582419 -0.812889 0
    outer loop
      vertex -10.1039 -9.02042 0
      vertex -9.89499 -9.1701 14
      vertex -10.1039 -9.02042 14
    endloop
  endfacet
  facet normal -0.582419 -0.812889 -0
    outer loop
      vertex -9.89499 -9.1701 14
      vertex -10.1039 -9.02042 0
      vertex -9.89499 -9.1701 0
    endloop
  endfacet
  facet normal -0.812889 -0.582419 0
    outer loop
      vertex -9.02042 -10.1039 0
      vertex -9.1701 -9.89499 14
      vertex -9.1701 -9.89499 0
    endloop
  endfacet
  facet normal -0.812889 -0.582419 0
    outer loop
      vertex -9.1701 -9.89499 14
      vertex -9.02042 -10.1039 0
      vertex -9.02042 -10.1039 14
    endloop
  endfacet
  facet normal -0.22707 -0.973879 0
    outer loop
      vertex -11.5195 -8.43405 0
      vertex -11.2692 -8.49241 14
      vertex -11.5195 -8.43405 14
    endloop
  endfacet
  facet normal -0.22707 -0.973879 -0
    outer loop
      vertex -11.2692 -8.49241 14
      vertex -11.5195 -8.43405 0
      vertex -11.2692 -8.49241 0
    endloop
  endfacet
  facet normal -0.471573 -0.881827 0
    outer loop
      vertex 1.73686 -13.8524 0
      vertex 1.9635 -13.9736 14
      vertex 1.73686 -13.8524 14
    endloop
  endfacet
  facet normal -0.471573 -0.881827 -0
    outer loop
      vertex 1.9635 -13.9736 14
      vertex 1.73686 -13.8524 0
      vertex 1.9635 -13.9736 0
    endloop
  endfacet
  facet normal -0.0980634 -0.99518 0
    outer loop
      vertex 0.256837 -13.4559 0
      vertex 0.512575 -13.4811 14
      vertex 0.256837 -13.4559 14
    endloop
  endfacet
  facet normal -0.0980634 -0.99518 -0
    outer loop
      vertex 0.512575 -13.4811 14
      vertex 0.256837 -13.4559 0
      vertex 0.512575 -13.4811 0
    endloop
  endfacet
  facet normal 0.227249 -0.973837 0
    outer loop
      vertex -1.01638 -13.5813 0
      vertex -0.766117 -13.5229 14
      vertex -1.01638 -13.5813 14
    endloop
  endfacet
  facet normal 0.227249 -0.973837 0
    outer loop
      vertex -0.766117 -13.5229 14
      vertex -1.01638 -13.5813 0
      vertex -0.766117 -13.5229 0
    endloop
  endfacet
  facet normal 0.471573 -0.881827 0
    outer loop
      vertex -1.9635 -13.9736 0
      vertex -1.73686 -13.8524 14
      vertex -1.9635 -13.9736 14
    endloop
  endfacet
  facet normal 0.471573 -0.881827 0
    outer loop
      vertex -1.73686 -13.8524 14
      vertex -1.9635 -13.9736 0
      vertex -1.73686 -13.8524 0
    endloop
  endfacet
  facet normal 0.683449 -0.729998 0
    outer loop
      vertex -2.7768 -14.5976 0
      vertex -2.58924 -14.422 14
      vertex -2.7768 -14.5976 14
    endloop
  endfacet
  facet normal 0.683449 -0.729998 0
    outer loop
      vertex -2.58924 -14.422 14
      vertex -2.7768 -14.5976 0
      vertex -2.58924 -14.422 0
    endloop
  endfacet
  facet normal -0.683449 -0.729998 0
    outer loop
      vertex 2.58924 -14.422 0
      vertex 2.7768 -14.5976 14
      vertex 2.58924 -14.422 14
    endloop
  endfacet
  facet normal -0.683449 -0.729998 -0
    outer loop
      vertex 2.7768 -14.5976 14
      vertex 2.58924 -14.422 0
      vertex 2.7768 -14.5976 0
    endloop
  endfacet
  facet normal 0.730055 -0.683388 -0.000678657
    outer loop
      vertex -2.93786 -14.7696 13.941
      vertex -2.7768 -14.5976 14
      vertex -2.88941 -14.7179 14
    endloop
  endfacet
  facet normal 0.729935 -0.683516 0
    outer loop
      vertex -2.7768 -14.5976 14
      vertex -2.95247 -14.7852 13.9225
      vertex -2.7768 -14.5976 0
    endloop
  endfacet
  facet normal 0.729961 -0.683489 -0.000123941
    outer loop
      vertex -2.7768 -14.5976 14
      vertex -2.93786 -14.7696 13.941
      vertex -2.95247 -14.7852 13.9225
    endloop
  endfacet
  facet normal 0.729935 -0.683516 0
    outer loop
      vertex -2.95247 -14.7852 0.0774756
      vertex -2.7768 -14.5976 0
      vertex -2.95247 -14.7852 13.9225
    endloop
  endfacet
  facet normal 0.729961 -0.683489 0.0001237
    outer loop
      vertex -2.93786 -14.7696 0.0589541
      vertex -2.7768 -14.5976 0
      vertex -2.95247 -14.7852 0.0774756
    endloop
  endfacet
  facet normal 0.730055 -0.683388 0.000679186
    outer loop
      vertex -2.7768 -14.5976 0
      vertex -2.93786 -14.7696 0.0589541
      vertex -2.88941 -14.7179 0
    endloop
  endfacet
  facet normal -0.730055 -0.683388 0.000679186
    outer loop
      vertex 2.93786 -14.7696 0.0589541
      vertex 2.7768 -14.5976 0
      vertex 2.88941 -14.7179 0
    endloop
  endfacet
  facet normal -0.729935 -0.683516 0
    outer loop
      vertex 2.7768 -14.5976 0
      vertex 2.95247 -14.7852 0.0774756
      vertex 2.7768 -14.5976 14
    endloop
  endfacet
  facet normal -0.729961 -0.683489 0.0001237
    outer loop
      vertex 2.7768 -14.5976 0
      vertex 2.93786 -14.7696 0.0589541
      vertex 2.95247 -14.7852 0.0774756
    endloop
  endfacet
  facet normal -0.729935 -0.683516 -0
    outer loop
      vertex 2.95247 -14.7852 13.9225
      vertex 2.7768 -14.5976 14
      vertex 2.95247 -14.7852 0.0774756
    endloop
  endfacet
  facet normal -0.729961 -0.683489 -0.000123941
    outer loop
      vertex 2.93786 -14.7696 13.941
      vertex 2.7768 -14.5976 14
      vertex 2.95247 -14.7852 13.9225
    endloop
  endfacet
  facet normal -0.730055 -0.683388 -0.000678657
    outer loop
      vertex 2.7768 -14.5976 14
      vertex 2.93786 -14.7696 13.941
      vertex 2.88941 -14.7179 14
    endloop
  endfacet
  facet normal -0.582526 -0.812812 0
    outer loop
      vertex 2.18172 -14.1093 0
      vertex 2.3906 -14.259 14
      vertex 2.18172 -14.1093 14
    endloop
  endfacet
  facet normal -0.582526 -0.812812 -0
    outer loop
      vertex 2.3906 -14.259 14
      vertex 2.18172 -14.1093 0
      vertex 2.3906 -14.259 0
    endloop
  endfacet
  facet normal -0.162668 -0.986681 0
    outer loop
      vertex 0.512575 -13.4811 0
      vertex 0.766117 -13.5229 14
      vertex 0.512575 -13.4811 14
    endloop
  endfacet
  facet normal -0.162668 -0.986681 -0
    outer loop
      vertex 0.766117 -13.5229 14
      vertex 0.512575 -13.4811 0
      vertex 0.766117 -13.5229 0
    endloop
  endfacet
  facet normal 0.634348 -0.773048 0
    outer loop
      vertex -2.58924 -14.422 0
      vertex -2.3906 -14.259 14
      vertex -2.58924 -14.422 14
    endloop
  endfacet
  facet normal 0.634348 -0.773048 0
    outer loop
      vertex -2.3906 -14.259 14
      vertex -2.58924 -14.422 0
      vertex -2.3906 -14.259 0
    endloop
  endfacet
  facet normal 0.352189 -0.935929 0
    outer loop
      vertex -1.50279 -13.7464 0
      vertex -1.26229 -13.6559 14
      vertex -1.50279 -13.7464 14
    endloop
  endfacet
  facet normal 0.352189 -0.935929 0
    outer loop
      vertex -1.26229 -13.6559 14
      vertex -1.50279 -13.7464 0
      vertex -1.26229 -13.6559 0
    endloop
  endfacet
  facet normal -0.634348 -0.773048 0
    outer loop
      vertex 2.3906 -14.259 0
      vertex 2.58924 -14.422 14
      vertex 2.3906 -14.259 14
    endloop
  endfacet
  facet normal -0.634348 -0.773048 -0
    outer loop
      vertex 2.58924 -14.422 14
      vertex 2.3906 -14.259 0
      vertex 2.58924 -14.422 0
    endloop
  endfacet
  facet normal -0.881845 -0.47154 0
    outer loop
      vertex 3.50375 -15.6034 1
      vertex 3.40087 -15.411 13.2109
      vertex 3.40087 -15.411 0.789082
    endloop
  endfacet
  facet normal -0.881845 -0.47154 0
    outer loop
      vertex 3.40087 -15.411 13.2109
      vertex 3.50375 -15.6034 1
      vertex 3.50375 -15.6034 13
    endloop
  endfacet
  facet normal 0.162668 -0.986681 0
    outer loop
      vertex -0.766117 -13.5229 0
      vertex -0.512575 -13.4811 14
      vertex -0.766117 -13.5229 14
    endloop
  endfacet
  facet normal 0.162668 -0.986681 0
    outer loop
      vertex -0.512575 -13.4811 14
      vertex -0.766117 -13.5229 0
      vertex -0.512575 -13.4811 0
    endloop
  endfacet
  facet normal -0.0326881 -0.999466 0
    outer loop
      vertex 0 -13.4475 0
      vertex 0.256837 -13.4559 14
      vertex 0 -13.4475 14
    endloop
  endfacet
  facet normal -0.0326881 -0.999466 -0
    outer loop
      vertex 0.256837 -13.4559 14
      vertex 0 -13.4475 0
      vertex 0.256837 -13.4559 0
    endloop
  endfacet
  facet normal 0.772947 -0.63447 0
    outer loop
      vertex -3.11549 -14.9838 13.6919
      vertex -2.95247 -14.7852 0.0774756
      vertex -2.95247 -14.7852 13.9225
    endloop
  endfacet
  facet normal 0.772947 -0.63447 0
    outer loop
      vertex -2.95247 -14.7852 0.0774756
      vertex -3.11549 -14.9838 13.6919
      vertex -3.11549 -14.9838 0.308073
    endloop
  endfacet
  facet normal 0.0326881 -0.999466 0
    outer loop
      vertex -0.256837 -13.4559 0
      vertex 0 -13.4475 14
      vertex -0.256837 -13.4559 14
    endloop
  endfacet
  facet normal 0.0326881 -0.999466 0
    outer loop
      vertex 0 -13.4475 14
      vertex -0.256837 -13.4559 0
      vertex 0 -13.4475 0
    endloop
  endfacet
  facet normal 0.881845 -0.47154 0
    outer loop
      vertex -3.50375 -15.6034 13
      vertex -3.40087 -15.411 0.789082
      vertex -3.40087 -15.411 13.2109
    endloop
  endfacet
  facet normal 0.881845 -0.47154 0
    outer loop
      vertex -3.40087 -15.411 0.789082
      vertex -3.50375 -15.6034 13
      vertex -3.50375 -15.6034 1
    endloop
  endfacet
  facet normal 0.412527 -0.910945 0
    outer loop
      vertex -1.73686 -13.8524 0
      vertex -1.50279 -13.7464 14
      vertex -1.73686 -13.8524 14
    endloop
  endfacet
  facet normal 0.412527 -0.910945 0
    outer loop
      vertex -1.50279 -13.7464 14
      vertex -1.73686 -13.8524 0
      vertex -1.50279 -13.7464 0
    endloop
  endfacet
  facet normal -0.849285 -0.527934 0
    outer loop
      vertex 3.40087 -15.411 0.789082
      vertex 3.26517 -15.1927 13.4544
      vertex 3.26517 -15.1927 0.545614
    endloop
  endfacet
  facet normal -0.849285 -0.527934 0
    outer loop
      vertex 3.26517 -15.1927 13.4544
      vertex 3.40087 -15.411 0.789082
      vertex 3.40087 -15.411 13.2109
    endloop
  endfacet
  facet normal -0.412527 -0.910945 0
    outer loop
      vertex 1.50279 -13.7464 0
      vertex 1.73686 -13.8524 14
      vertex 1.50279 -13.7464 14
    endloop
  endfacet
  facet normal -0.412527 -0.910945 -0
    outer loop
      vertex 1.73686 -13.8524 14
      vertex 1.50279 -13.7464 0
      vertex 1.73686 -13.8524 0
    endloop
  endfacet
  facet normal 0.290299 -0.956936 0
    outer loop
      vertex -1.26229 -13.6559 0
      vertex -1.01638 -13.5813 14
      vertex -1.26229 -13.6559 14
    endloop
  endfacet
  facet normal 0.290299 -0.956936 0
    outer loop
      vertex -1.01638 -13.5813 14
      vertex -1.26229 -13.6559 0
      vertex -1.01638 -13.5813 0
    endloop
  endfacet
  facet normal 0.0980634 -0.99518 0
    outer loop
      vertex -0.512575 -13.4811 0
      vertex -0.256837 -13.4559 14
      vertex -0.512575 -13.4811 14
    endloop
  endfacet
  facet normal 0.0980634 -0.99518 0
    outer loop
      vertex -0.256837 -13.4559 14
      vertex -0.512575 -13.4811 0
      vertex -0.256837 -13.4559 0
    endloop
  endfacet
  facet normal -0.352189 -0.935929 0
    outer loop
      vertex 1.26229 -13.6559 0
      vertex 1.50279 -13.7464 14
      vertex 1.26229 -13.6559 14
    endloop
  endfacet
  facet normal -0.352189 -0.935929 -0
    outer loop
      vertex 1.50279 -13.7464 14
      vertex 1.26229 -13.6559 0
      vertex 1.50279 -13.7464 0
    endloop
  endfacet
  facet normal 0.849285 -0.527934 0
    outer loop
      vertex -3.40087 -15.411 13.2109
      vertex -3.26517 -15.1927 0.545614
      vertex -3.26517 -15.1927 13.4544
    endloop
  endfacet
  facet normal 0.849285 -0.527934 0
    outer loop
      vertex -3.26517 -15.1927 0.545614
      vertex -3.40087 -15.411 13.2109
      vertex -3.40087 -15.411 0.789082
    endloop
  endfacet
  facet normal -0.290299 -0.956936 0
    outer loop
      vertex 1.01638 -13.5813 0
      vertex 1.26229 -13.6559 14
      vertex 1.01638 -13.5813 14
    endloop
  endfacet
  facet normal -0.290299 -0.956936 -0
    outer loop
      vertex 1.26229 -13.6559 14
      vertex 1.01638 -13.5813 0
      vertex 1.26229 -13.6559 0
    endloop
  endfacet
  facet normal 0.528074 -0.849199 0
    outer loop
      vertex -2.18172 -14.1093 0
      vertex -1.9635 -13.9736 14
      vertex -2.18172 -14.1093 14
    endloop
  endfacet
  facet normal 0.528074 -0.849199 0
    outer loop
      vertex -1.9635 -13.9736 14
      vertex -2.18172 -14.1093 0
      vertex -1.9635 -13.9736 0
    endloop
  endfacet
  facet normal -0.227249 -0.973837 0
    outer loop
      vertex 0.766117 -13.5229 0
      vertex 1.01638 -13.5813 14
      vertex 0.766117 -13.5229 14
    endloop
  endfacet
  facet normal -0.227249 -0.973837 -0
    outer loop
      vertex 1.01638 -13.5813 14
      vertex 0.766117 -13.5229 0
      vertex 1.01638 -13.5813 0
    endloop
  endfacet
  facet normal 0.812875 -0.582438 0
    outer loop
      vertex -3.26517 -15.1927 13.4544
      vertex -3.11549 -14.9838 0.308073
      vertex -3.11549 -14.9838 13.6919
    endloop
  endfacet
  facet normal 0.812875 -0.582438 0
    outer loop
      vertex -3.11549 -14.9838 0.308073
      vertex -3.26517 -15.1927 13.4544
      vertex -3.26517 -15.1927 0.545614
    endloop
  endfacet
  facet normal -0.528074 -0.849199 0
    outer loop
      vertex 1.9635 -13.9736 0
      vertex 2.18172 -14.1093 14
      vertex 1.9635 -13.9736 14
    endloop
  endfacet
  facet normal -0.528074 -0.849199 -0
    outer loop
      vertex 2.18172 -14.1093 14
      vertex 1.9635 -13.9736 0
      vertex 2.18172 -14.1093 0
    endloop
  endfacet
  facet normal -0.812875 -0.582438 0
    outer loop
      vertex 3.26517 -15.1927 0.545614
      vertex 3.11549 -14.9838 13.6919
      vertex 3.11549 -14.9838 0.308073
    endloop
  endfacet
  facet normal -0.812875 -0.582438 0
    outer loop
      vertex 3.11549 -14.9838 13.6919
      vertex 3.26517 -15.1927 0.545614
      vertex 3.26517 -15.1927 13.4544
    endloop
  endfacet
  facet normal -0.772947 -0.63447 0
    outer loop
      vertex 3.11549 -14.9838 0.308073
      vertex 2.95247 -14.7852 13.9225
      vertex 2.95247 -14.7852 0.0774756
    endloop
  endfacet
  facet normal -0.772947 -0.63447 0
    outer loop
      vertex 2.95247 -14.7852 13.9225
      vertex 3.11549 -14.9838 0.308073
      vertex 3.11549 -14.9838 13.6919
    endloop
  endfacet
  facet normal 0.582526 -0.812812 0
    outer loop
      vertex -2.3906 -14.259 0
      vertex -2.18172 -14.1093 14
      vertex -2.3906 -14.259 14
    endloop
  endfacet
  facet normal 0.582526 -0.812812 0
    outer loop
      vertex -2.18172 -14.1093 14
      vertex -2.3906 -14.259 0
      vertex -2.18172 -14.1093 0
    endloop
  endfacet
  facet normal 0.634375 -0.773025 0
    outer loop
      vertex 9.69634 -9.33312 0
      vertex 9.89499 -9.1701 14
      vertex 9.69634 -9.33312 14
    endloop
  endfacet
  facet normal 0.634375 -0.773025 0
    outer loop
      vertex 9.89499 -9.1701 14
      vertex 9.69634 -9.33312 0
      vertex 9.89499 -9.1701 0
    endloop
  endfacet
  facet normal -0.162922 -0.986639 0
    outer loop
      vertex 12.7982 -8.39219 13.6919
      vertex 13.0517 -8.43405 0.545614
      vertex 13.0517 -8.43405 13.4544
    endloop
  endfacet
  facet normal -0.162922 -0.986639 0
    outer loop
      vertex 13.0517 -8.43405 0.545614
      vertex 12.7982 -8.39219 13.6919
      vertex 12.7982 -8.39219 0.308072
    endloop
  endfacet
  facet normal 0.528109 -0.849177 0
    outer loop
      vertex 10.1039 -9.02042 0
      vertex 10.3221 -8.88472 14
      vertex 10.1039 -9.02042 14
    endloop
  endfacet
  facet normal 0.528109 -0.849177 0
    outer loop
      vertex 10.3221 -8.88472 14
      vertex 10.1039 -9.02042 0
      vertex 10.3221 -8.88472 0
    endloop
  endfacet
  facet normal 0.162922 -0.986639 0
    outer loop
      vertex 11.5195 -8.43405 0
      vertex 11.773 -8.39219 14
      vertex 11.5195 -8.43405 14
    endloop
  endfacet
  facet normal 0.162922 -0.986639 0
    outer loop
      vertex 11.773 -8.39219 14
      vertex 11.5195 -8.43405 0
      vertex 11.773 -8.39219 0
    endloop
  endfacet
  facet normal -0.22707 -0.973879 0
    outer loop
      vertex 13.0517 -8.43405 13.4544
      vertex 13.302 -8.49241 0.789082
      vertex 13.302 -8.49241 13.2109
    endloop
  endfacet
  facet normal -0.22707 -0.973879 0
    outer loop
      vertex 13.302 -8.49241 0.789082
      vertex 13.0517 -8.43405 13.4544
      vertex 13.0517 -8.43405 0.545614
    endloop
  endfacet
  facet normal 0.999464 0.0327285 -2.87137e-05
    outer loop
      vertex 8.36631 -12.5211 13.941
      vertex 8.3586 -12.2856 14
      vertex 8.36399 -12.4502 14
    endloop
  endfacet
  facet normal 0.999464 0.0327317 0
    outer loop
      vertex 8.3586 -12.2856 14
      vertex 8.36701 -12.5424 13.9225
      vertex 8.3586 -12.2856 0
    endloop
  endfacet
  facet normal 0.999466 0.0326707 0.000202147
    outer loop
      vertex 8.3586 -12.2856 14
      vertex 8.36631 -12.5211 13.941
      vertex 8.36701 -12.5424 13.9225
    endloop
  endfacet
  facet normal 0.999464 0.0327317 -0
    outer loop
      vertex 8.36701 -12.5424 0.0774756
      vertex 8.3586 -12.2856 0
      vertex 8.36701 -12.5424 13.9225
    endloop
  endfacet
  facet normal 0.999466 0.0326709 -0.000201769
    outer loop
      vertex 8.36631 -12.5211 0.058955
      vertex 8.3586 -12.2856 0
      vertex 8.36701 -12.5424 0.0774756
    endloop
  endfacet
  facet normal 0.999464 0.0327285 2.87356e-05
    outer loop
      vertex 8.3586 -12.2856 0
      vertex 8.36631 -12.5211 0.058955
      vertex 8.36399 -12.4502 0
    endloop
  endfacet
  facet normal 0.471457 -0.881889 0
    outer loop
      vertex 10.3221 -8.88472 0
      vertex 10.5487 -8.76358 14
      vertex 10.3221 -8.88472 14
    endloop
  endfacet
  facet normal 0.471457 -0.881889 0
    outer loop
      vertex 10.5487 -8.76358 14
      vertex 10.3221 -8.88472 0
      vertex 10.5487 -8.76358 0
    endloop
  endfacet
  facet normal 0.0979628 -0.99519 0
    outer loop
      vertex 11.773 -8.39219 0
      vertex 12.0288 -8.36701 14
      vertex 11.773 -8.39219 14
    endloop
  endfacet
  facet normal 0.0979628 -0.99519 0
    outer loop
      vertex 12.0288 -8.36701 14
      vertex 11.773 -8.39219 0
      vertex 12.0288 -8.36701 0
    endloop
  endfacet
  facet normal -0.290332 -0.956926 0
    outer loop
      vertex 13.302 -8.49241 13.2109
      vertex 13.5108 -8.55576 1
      vertex 13.5108 -8.55576 13
    endloop
  endfacet
  facet normal -0.290332 -0.956926 0
    outer loop
      vertex 13.5108 -8.55576 1
      vertex 13.302 -8.49241 13.2109
      vertex 13.302 -8.49241 0.789082
    endloop
  endfacet
  facet normal 0.0327317 -0.999464 0
    outer loop
      vertex 12.0288 -8.36701 0
      vertex 12.2856 -8.3586 14
      vertex 12.0288 -8.36701 14
    endloop
  endfacet
  facet normal 0.0327317 -0.999464 0
    outer loop
      vertex 12.2856 -8.3586 14
      vertex 12.0288 -8.36701 0
      vertex 12.2856 -8.3586 0
    endloop
  endfacet
  facet normal 0.729844 -0.683614 0
    outer loop
      vertex 9.33312 -9.69634 14
      vertex 9.50879 -9.50879 0
      vertex 9.50879 -9.50879 14
    endloop
  endfacet
  facet normal 0.729844 -0.683614 0
    outer loop
      vertex 9.50879 -9.50879 0
      vertex 9.33312 -9.69634 14
      vertex 9.33312 -9.69634 0
    endloop
  endfacet
  facet normal 0.935903 -0.352258 0
    outer loop
      vertex 8.567 -11.0233 14
      vertex 8.65752 -10.7828 0
      vertex 8.65752 -10.7828 14
    endloop
  endfacet
  facet normal 0.935903 -0.352258 0
    outer loop
      vertex 8.65752 -10.7828 0
      vertex 8.567 -11.0233 14
      vertex 8.567 -11.0233 0
    endloop
  endfacet
  facet normal 0.910877 -0.412677 0
    outer loop
      vertex 8.65752 -10.7828 14
      vertex 8.76358 -10.5487 0
      vertex 8.76358 -10.5487 14
    endloop
  endfacet
  facet normal 0.910877 -0.412677 0
    outer loop
      vertex 8.76358 -10.5487 0
      vertex 8.65752 -10.7828 14
      vertex 8.65752 -10.7828 0
    endloop
  endfacet
  facet normal 0.773025 -0.634375 0
    outer loop
      vertex 9.1701 -9.89499 14
      vertex 9.33312 -9.69634 0
      vertex 9.33312 -9.69634 14
    endloop
  endfacet
  facet normal 0.773025 -0.634375 0
    outer loop
      vertex 9.33312 -9.69634 0
      vertex 9.1701 -9.89499 14
      vertex 9.1701 -9.89499 0
    endloop
  endfacet
  facet normal 0.352258 -0.935903 0
    outer loop
      vertex 10.7828 -8.65752 0
      vertex 11.0233 -8.567 14
      vertex 10.7828 -8.65752 14
    endloop
  endfacet
  facet normal 0.352258 -0.935903 0
    outer loop
      vertex 11.0233 -8.567 14
      vertex 10.7828 -8.65752 0
      vertex 11.0233 -8.567 0
    endloop
  endfacet
  facet normal 0.986639 -0.162922 0
    outer loop
      vertex 8.39219 -11.773 14
      vertex 8.43405 -11.5195 0
      vertex 8.43405 -11.5195 14
    endloop
  endfacet
  facet normal 0.986639 -0.162922 0
    outer loop
      vertex 8.43405 -11.5195 0
      vertex 8.39219 -11.773 14
      vertex 8.39219 -11.773 0
    endloop
  endfacet
  facet normal 0.412677 -0.910877 0
    outer loop
      vertex 10.5487 -8.76358 0
      vertex 10.7828 -8.65752 14
      vertex 10.5487 -8.76358 14
    endloop
  endfacet
  facet normal 0.412677 -0.910877 0
    outer loop
      vertex 10.7828 -8.65752 14
      vertex 10.5487 -8.76358 0
      vertex 10.7828 -8.65752 0
    endloop
  endfacet
  facet normal 0.999464 -0.0327317 0
    outer loop
      vertex 8.3586 -12.2856 14
      vertex 8.36701 -12.0288 0
      vertex 8.36701 -12.0288 14
    endloop
  endfacet
  facet normal 0.999464 -0.0327317 0
    outer loop
      vertex 8.36701 -12.0288 0
      vertex 8.3586 -12.2856 14
      vertex 8.3586 -12.2856 0
    endloop
  endfacet
  facet normal 0.290274 -0.956944 0
    outer loop
      vertex 11.0233 -8.567 0
      vertex 11.2692 -8.49241 14
      vertex 11.0233 -8.567 14
    endloop
  endfacet
  facet normal 0.290274 -0.956944 0
    outer loop
      vertex 11.2692 -8.49241 14
      vertex 11.0233 -8.567 0
      vertex 11.2692 -8.49241 0
    endloop
  endfacet
  facet normal 0.683614 -0.729844 0
    outer loop
      vertex 9.50879 -9.50879 0
      vertex 9.69634 -9.33312 14
      vertex 9.50879 -9.50879 14
    endloop
  endfacet
  facet normal 0.683614 -0.729844 0
    outer loop
      vertex 9.69634 -9.33312 14
      vertex 9.50879 -9.50879 0
      vertex 9.69634 -9.33312 0
    endloop
  endfacet
  facet normal 0.881889 -0.471457 0
    outer loop
      vertex 8.76358 -10.5487 14
      vertex 8.88472 -10.3221 0
      vertex 8.88472 -10.3221 14
    endloop
  endfacet
  facet normal 0.881889 -0.471457 0
    outer loop
      vertex 8.88472 -10.3221 0
      vertex 8.76358 -10.5487 14
      vertex 8.76358 -10.5487 0
    endloop
  endfacet
  facet normal 0.849177 -0.528109 0
    outer loop
      vertex 8.88472 -10.3221 14
      vertex 9.02042 -10.1039 0
      vertex 9.02042 -10.1039 14
    endloop
  endfacet
  facet normal 0.849177 -0.528109 0
    outer loop
      vertex 9.02042 -10.1039 0
      vertex 8.88472 -10.3221 14
      vertex 8.88472 -10.3221 0
    endloop
  endfacet
  facet normal -0.0979628 -0.99519 0
    outer loop
      vertex 12.5424 -8.36701 13.9225
      vertex 12.7982 -8.39219 0.308072
      vertex 12.7982 -8.39219 13.6919
    endloop
  endfacet
  facet normal -0.0979628 -0.99519 0
    outer loop
      vertex 12.7982 -8.39219 0.308072
      vertex 12.5424 -8.36701 13.9225
      vertex 12.5424 -8.36701 0.0774756
    endloop
  endfacet
  facet normal 0.973879 0.22707 0
    outer loop
      vertex 8.49241 -13.302 13.2109
      vertex 8.43405 -13.0517 0.545614
      vertex 8.43405 -13.0517 13.4544
    endloop
  endfacet
  facet normal 0.973879 0.22707 0
    outer loop
      vertex 8.43405 -13.0517 0.545614
      vertex 8.49241 -13.302 13.2109
      vertex 8.49241 -13.302 0.789082
    endloop
  endfacet
  facet normal 0.956926 0.290332 0
    outer loop
      vertex 8.55576 -13.5108 13
      vertex 8.49241 -13.302 0.789082
      vertex 8.49241 -13.302 13.2109
    endloop
  endfacet
  facet normal 0.956926 0.290332 0
    outer loop
      vertex 8.49241 -13.302 0.789082
      vertex 8.55576 -13.5108 13
      vertex 8.55576 -13.5108 1
    endloop
  endfacet
  facet normal 0.99519 0.0979628 0
    outer loop
      vertex 8.39219 -12.7982 13.6919
      vertex 8.36701 -12.5424 0.0774756
      vertex 8.36701 -12.5424 13.9225
    endloop
  endfacet
  facet normal 0.99519 0.0979628 0
    outer loop
      vertex 8.36701 -12.5424 0.0774756
      vertex 8.39219 -12.7982 13.6919
      vertex 8.39219 -12.7982 0.308072
    endloop
  endfacet
  facet normal 0.99519 -0.0979628 0
    outer loop
      vertex 8.36701 -12.0288 14
      vertex 8.39219 -11.773 0
      vertex 8.39219 -11.773 14
    endloop
  endfacet
  facet normal 0.99519 -0.0979628 0
    outer loop
      vertex 8.39219 -11.773 0
      vertex 8.36701 -12.0288 14
      vertex 8.36701 -12.0288 0
    endloop
  endfacet
  facet normal 0.956944 -0.290274 0
    outer loop
      vertex 8.49241 -11.2692 14
      vertex 8.567 -11.0233 0
      vertex 8.567 -11.0233 14
    endloop
  endfacet
  facet normal 0.956944 -0.290274 0
    outer loop
      vertex 8.567 -11.0233 0
      vertex 8.49241 -11.2692 14
      vertex 8.49241 -11.2692 0
    endloop
  endfacet
  facet normal -0.0327285 -0.999464 -2.87137e-05
    outer loop
      vertex 12.2856 -8.3586 14
      vertex 12.5211 -8.36631 13.941
      vertex 12.4502 -8.36399 14
    endloop
  endfacet
  facet normal -0.0326707 -0.999466 0.000202147
    outer loop
      vertex 12.2856 -8.3586 14
      vertex 12.5424 -8.36701 13.9225
      vertex 12.5211 -8.36631 13.941
    endloop
  endfacet
  facet normal -0.0327317 -0.999464 0
    outer loop
      vertex 12.2856 -8.3586 14
      vertex 12.5424 -8.36701 0.0774756
      vertex 12.5424 -8.36701 13.9225
    endloop
  endfacet
  facet normal -0.0327317 -0.999464 0
    outer loop
      vertex 12.2856 -8.3586 0
      vertex 12.5424 -8.36701 0.0774756
      vertex 12.2856 -8.3586 14
    endloop
  endfacet
  facet normal -0.0326709 -0.999466 -0.000201769
    outer loop
      vertex 12.5424 -8.36701 0.0774756
      vertex 12.2856 -8.3586 0
      vertex 12.5211 -8.36631 0.058955
    endloop
  endfacet
  facet normal -0.0327285 -0.999464 2.87356e-05
    outer loop
      vertex 12.5211 -8.36631 0.058955
      vertex 12.2856 -8.3586 0
      vertex 12.4502 -8.36399 0
    endloop
  endfacet
  facet normal 0.812889 -0.582419 0
    outer loop
      vertex 9.02042 -10.1039 14
      vertex 9.1701 -9.89499 0
      vertex 9.1701 -9.89499 14
    endloop
  endfacet
  facet normal 0.812889 -0.582419 0
    outer loop
      vertex 9.1701 -9.89499 0
      vertex 9.02042 -10.1039 14
      vertex 9.02042 -10.1039 0
    endloop
  endfacet
  facet normal 0.986639 0.162922 0
    outer loop
      vertex 8.43405 -13.0517 13.4544
      vertex 8.39219 -12.7982 0.308072
      vertex 8.39219 -12.7982 13.6919
    endloop
  endfacet
  facet normal 0.986639 0.162922 0
    outer loop
      vertex 8.39219 -12.7982 0.308072
      vertex 8.43405 -13.0517 13.4544
      vertex 8.43405 -13.0517 0.545614
    endloop
  endfacet
  facet normal 0.22707 -0.973879 0
    outer loop
      vertex 11.2692 -8.49241 0
      vertex 11.5195 -8.43405 14
      vertex 11.2692 -8.49241 14
    endloop
  endfacet
  facet normal 0.22707 -0.973879 0
    outer loop
      vertex 11.5195 -8.43405 14
      vertex 11.2692 -8.49241 0
      vertex 11.5195 -8.43405 0
    endloop
  endfacet
  facet normal 0.582419 -0.812889 0
    outer loop
      vertex 9.89499 -9.1701 0
      vertex 10.1039 -9.02042 14
      vertex 9.89499 -9.1701 14
    endloop
  endfacet
  facet normal 0.582419 -0.812889 0
    outer loop
      vertex 10.1039 -9.02042 14
      vertex 9.89499 -9.1701 0
      vertex 10.1039 -9.02042 0
    endloop
  endfacet
  facet normal 0.973879 -0.22707 0
    outer loop
      vertex 8.43405 -11.5195 14
      vertex 8.49241 -11.2692 0
      vertex 8.49241 -11.2692 14
    endloop
  endfacet
  facet normal 0.973879 -0.22707 0
    outer loop
      vertex 8.49241 -11.2692 0
      vertex 8.43405 -11.5195 14
      vertex 8.43405 -11.5195 0
    endloop
  endfacet
  facet normal 0.661947 0.249168 -0.706924
    outer loop
      vertex 14.204 4.82159 0
      vertex 13.8582 5.74025 0
      vertex 14.7821 6.12293 1
    endloop
  endfacet
  facet normal 0.676856 0.2053 -0.706907
    outer loop
      vertex 15.4548 4.1411 1
      vertex 14.204 4.82159 0
      vertex 15.1509 5.14303 1
    endloop
  endfacet
  facet normal 0.160616 -0.688828 -0.706908
    outer loop
      vertex 4.1411 -15.4548 1
      vertex 2.92635 -14.7118 0
      vertex 3.88229 -14.4889 0
    endloop
  endfacet
  facet normal 0.910868 -0.412698 0
    outer loop
      vertex 14.35 -7.07662 13
      vertex 14.7821 -6.12293 1
      vertex 14.7821 -6.12293 13
    endloop
  endfacet
  facet normal 0.910868 -0.412698 0
    outer loop
      vertex 14.7821 -6.12293 1
      vertex 14.35 -7.07662 13
      vertex 14.35 -7.07662 1
    endloop
  endfacet
  facet normal -0.373539 -0.600623 0.706909
    outer loop
      vertex -7.5 -12.9904 14
      vertex -8.33355 -12.472 14
      vertex -8 -13.8564 13
    endloop
  endfacet
  facet normal 0.698233 -0.115301 0.706525
    outer loop
      vertex 14.7179 -2.88941 14
      vertex 14.7118 -2.92635 14
      vertex 14.7696 -2.93786 13.941
    endloop
  endfacet
  facet normal 0.574918 -0.411735 0.707067
    outer loop
      vertex 12.472 -8.33355 14
      vertex 12.4502 -8.36399 14
      vertex 12.5211 -8.36631 13.941
    endloop
  endfacet
  facet normal -0.661974 -0.249144 -0.706908
    outer loop
      vertex -14.7821 -6.12293 1
      vertex -15.1509 -5.14303 1
      vertex -14.204 -4.82159 0
    endloop
  endfacet
  facet normal 0.676856 0.205298 -0.706908
    outer loop
      vertex 14.4889 3.88229 0
      vertex 14.204 4.82159 0
      vertex 15.4548 4.1411 1
    endloop
  endfacet
  facet normal 0.661974 0.249144 -0.706908
    outer loop
      vertex 15.1509 5.14303 1
      vertex 14.204 4.82159 0
      vertex 14.7821 6.12293 1
    endloop
  endfacet
  facet normal 0.676856 0.2053 0.706907
    outer loop
      vertex 15.1509 5.14303 13
      vertex 14.204 4.82159 14
      vertex 15.4548 4.1411 13
    endloop
  endfacet
  facet normal -0.688828 -0.160616 0.706908
    outer loop
      vertex -14.7118 -2.92635 14
      vertex -15.4548 -4.1411 13
      vertex -14.4889 -3.88229 14
    endloop
  endfacet
  facet normal 0.661974 -0.249144 -0.706908
    outer loop
      vertex 14.7821 -6.12293 1
      vertex 14.204 -4.82159 0
      vertex 15.1509 -5.14303 1
    endloop
  endfacet
  facet normal -0.158231 -0.689728 0.706568
    outer loop
      vertex -2.92635 -14.7118 14
      vertex -2.95247 -14.7852 13.9225
      vertex -2.93786 -14.7696 13.941
    endloop
  endfacet
  facet normal -0.159985 -0.689215 0.706673
    outer loop
      vertex -2.92635 -14.7118 14
      vertex -3.11549 -14.9838 13.6919
      vertex -2.95247 -14.7852 13.9225
    endloop
  endfacet
  facet normal -0.160354 -0.689048 0.706752
    outer loop
      vertex -4.1411 -15.4548 13
      vertex -3.11549 -14.9838 13.6919
      vertex -2.92635 -14.7118 14
    endloop
  endfacet
  facet normal -0.160621 -0.688907 0.70683
    outer loop
      vertex -3.40087 -15.411 13.2109
      vertex -4.1411 -15.4548 13
      vertex -3.50375 -15.6034 13
    endloop
  endfacet
  facet normal -0.160678 -0.688726 0.706993
    outer loop
      vertex -3.26517 -15.1927 13.4544
      vertex -4.1411 -15.4548 13
      vertex -3.40087 -15.411 13.2109
    endloop
  endfacet
  facet normal -0.160713 -0.688677 0.707032
    outer loop
      vertex -3.11549 -14.9838 13.6919
      vertex -4.1411 -15.4548 13
      vertex -3.26517 -15.1927 13.4544
    endloop
  endfacet
  facet normal -0.249168 -0.661947 -0.706924
    outer loop
      vertex -4.82159 -14.204 0
      vertex -6.12293 -14.7821 1
      vertex -5.74025 -13.8582 0
    endloop
  endfacet
  facet normal -0.291902 -0.644246 -0.706924
    outer loop
      vertex -6.12293 -14.7821 1
      vertex -6.63433 -13.4531 0
      vertex -5.74025 -13.8582 0
    endloop
  endfacet
  facet normal 0.115256 -0.697961 -0.7068
    outer loop
      vertex 2.93786 -14.7696 0.0589541
      vertex 2.88941 -14.7179 0
      vertex 2.92635 -14.7118 0
    endloop
  endfacet
  facet normal -0.910868 0.412698 0
    outer loop
      vertex -14.7821 6.12293 1
      vertex -14.35 7.07662 13
      vertex -14.35 7.07662 1
    endloop
  endfacet
  facet normal -0.910868 0.412698 0
    outer loop
      vertex -14.35 7.07662 13
      vertex -14.7821 6.12293 1
      vertex -14.7821 6.12293 13
    endloop
  endfacet
  facet normal 0.676856 -0.2053 0.706907
    outer loop
      vertex 15.4548 -4.1411 13
      vertex 14.204 -4.82159 14
      vertex 15.1509 -5.14303 13
    endloop
  endfacet
  facet normal -0.644245 0.291896 -0.706926
    outer loop
      vertex -13.4531 6.63433 0
      vertex -14.7821 6.12293 1
      vertex -14.35 7.07662 1
    endloop
  endfacet
  facet normal -0.115301 0.698233 0.706525
    outer loop
      vertex -2.88941 14.7179 14
      vertex -2.93786 14.7696 13.941
      vertex -2.92635 14.7118 14
    endloop
  endfacet
  facet normal 0.661974 0.249144 0.706908
    outer loop
      vertex 14.7821 6.12293 13
      vertex 14.204 4.82159 14
      vertex 15.1509 5.14303 13
    endloop
  endfacet
  facet normal 0.411578 0.574699 -0.707336
    outer loop
      vertex 8.36399 12.4502 0
      vertex 8.33355 12.472 0
      vertex 8.36631 12.5211 0.058955
    endloop
  endfacet
  facet normal -0.333415 -0.62379 -0.706909
    outer loop
      vertex -6.63433 -13.4531 0
      vertex -8 -13.8564 1
      vertex -7.5 -12.9904 0
    endloop
  endfacet
  facet normal -0.115256 -0.697961 -0.7068
    outer loop
      vertex -2.88941 -14.7179 0
      vertex -2.93786 -14.7696 0.0589541
      vertex -2.92635 -14.7118 0
    endloop
  endfacet
  facet normal 0.249168 0.661947 -0.706924
    outer loop
      vertex 5.74025 13.8582 0
      vertex 4.82159 14.204 0
      vertex 6.12293 14.7821 1
    endloop
  endfacet
  facet normal -0.62379 -0.333415 -0.706909
    outer loop
      vertex -12.9904 -7.5 0
      vertex -13.8564 -8 1
      vertex -13.4531 -6.63433 0
    endloop
  endfacet
  facet normal -0.644245 -0.291896 -0.706926
    outer loop
      vertex -14.35 -7.07662 1
      vertex -14.7821 -6.12293 1
      vertex -13.4531 -6.63433 0
    endloop
  endfacet
  facet normal 0.371253 0.601891 0.707035
    outer loop
      vertex 8.36701 12.5424 13.9225
      vertex 8.33355 12.472 14
      vertex 8.36631 12.5211 13.941
    endloop
  endfacet
  facet normal 0.373958 0.600416 0.706864
    outer loop
      vertex 8.39219 12.7982 13.6919
      vertex 8.33355 12.472 14
      vertex 8.36701 12.5424 13.9225
    endloop
  endfacet
  facet normal 0.373473 0.60064 0.70693
    outer loop
      vertex 8 13.8564 13
      vertex 8.39219 12.7982 13.6919
      vertex 8.43405 13.0517 13.4544
    endloop
  endfacet
  facet normal 0.373369 0.600638 0.706986
    outer loop
      vertex 8.39219 12.7982 13.6919
      vertex 8 13.8564 13
      vertex 8.33355 12.472 14
    endloop
  endfacet
  facet normal 0.373478 0.600641 0.706926
    outer loop
      vertex 8.49241 13.302 13.2109
      vertex 8 13.8564 13
      vertex 8.43405 13.0517 13.4544
    endloop
  endfacet
  facet normal 0.373524 0.600664 0.706882
    outer loop
      vertex 8 13.8564 13
      vertex 8.49241 13.302 13.2109
      vertex 8.55576 13.5108 13
    endloop
  endfacet
  facet normal 0.600623 -0.373539 -0.706909
    outer loop
      vertex 13.8564 -8 1
      vertex 12.472 -8.33355 0
      vertex 12.9904 -7.5 0
    endloop
  endfacet
  facet normal -0.600623 0.373539 -0.706909
    outer loop
      vertex -12.9904 7.5 0
      vertex -13.8564 8 1
      vertex -12.472 8.33355 0
    endloop
  endfacet
  facet normal 0.160616 0.688828 0.706908
    outer loop
      vertex 4.1411 15.4548 13
      vertex 2.92635 14.7118 14
      vertex 3.88229 14.4889 14
    endloop
  endfacet
  facet normal 0.97388 0.227063 0
    outer loop
      vertex 15.6034 3.50375 13
      vertex 15.4548 4.1411 1
      vertex 15.4548 4.1411 13
    endloop
  endfacet
  facet normal 0.97388 0.227063 0
    outer loop
      vertex 15.4548 4.1411 1
      vertex 15.6034 3.50375 13
      vertex 15.6034 3.50375 1
    endloop
  endfacet
  facet normal -0.371253 -0.601891 0.707035
    outer loop
      vertex -8.36701 -12.5424 13.9225
      vertex -8.33355 -12.472 14
      vertex -8.36631 -12.5211 13.941
    endloop
  endfacet
  facet normal -0.373958 -0.600416 0.706864
    outer loop
      vertex -8.39219 -12.7982 13.6919
      vertex -8.33355 -12.472 14
      vertex -8.36701 -12.5424 13.9225
    endloop
  endfacet
  facet normal -0.373369 -0.600638 0.706986
    outer loop
      vertex -8.33355 -12.472 14
      vertex -8.39219 -12.7982 13.6919
      vertex -8 -13.8564 13
    endloop
  endfacet
  facet normal -0.373473 -0.60064 0.70693
    outer loop
      vertex -8.43405 -13.0517 13.4544
      vertex -8 -13.8564 13
      vertex -8.39219 -12.7982 13.6919
    endloop
  endfacet
  facet normal -0.373478 -0.600641 0.706926
    outer loop
      vertex -8.49241 -13.302 13.2109
      vertex -8 -13.8564 13
      vertex -8.43405 -13.0517 13.4544
    endloop
  endfacet
  facet normal -0.373524 -0.600664 0.706882
    outer loop
      vertex -8 -13.8564 13
      vertex -8.49241 -13.302 13.2109
      vertex -8.55576 -13.5108 13
    endloop
  endfacet
  facet normal -0.373539 -0.600623 -0.706909
    outer loop
      vertex -8 -13.8564 1
      vertex -8.33355 -12.472 0
      vertex -7.5 -12.9904 0
    endloop
  endfacet
  facet normal 0.2053 -0.676856 0.706907
    outer loop
      vertex 4.82159 -14.204 14
      vertex 4.1411 -15.4548 13
      vertex 5.14303 -15.1509 13
    endloop
  endfacet
  facet normal -0.291896 0.644245 0.706926
    outer loop
      vertex -6.12293 14.7821 13
      vertex -7.07662 14.35 13
      vertex -6.63433 13.4531 14
    endloop
  endfacet
  facet normal 0.291902 -0.644246 0.706924
    outer loop
      vertex 6.63433 -13.4531 14
      vertex 5.74025 -13.8582 14
      vertex 6.12293 -14.7821 13
    endloop
  endfacet
  facet normal 0.60069 -0.37354 -0.706852
    outer loop
      vertex 13.302 -8.49241 0.789082
      vertex 13.8564 -8 1
      vertex 13.5108 -8.55576 1
    endloop
  endfacet
  facet normal 0.600621 -0.373406 -0.706981
    outer loop
      vertex 13.0517 -8.43405 0.545614
      vertex 13.8564 -8 1
      vertex 13.302 -8.49241 0.789082
    endloop
  endfacet
  facet normal 0.600654 -0.373612 -0.706844
    outer loop
      vertex 12.7982 -8.39219 0.308072
      vertex 13.8564 -8 1
      vertex 13.0517 -8.43405 0.545614
    endloop
  endfacet
  facet normal 0.600589 -0.373409 -0.707006
    outer loop
      vertex 12.472 -8.33355 0
      vertex 12.7982 -8.39219 0.308072
      vertex 12.5424 -8.36701 0.0774756
    endloop
  endfacet
  facet normal 0.602839 -0.369273 -0.707264
    outer loop
      vertex 12.472 -8.33355 0
      vertex 12.5424 -8.36701 0.0774756
      vertex 12.5211 -8.36631 0.058955
    endloop
  endfacet
  facet normal 0.600648 -0.373252 -0.707039
    outer loop
      vertex 12.7982 -8.39219 0.308072
      vertex 12.472 -8.33355 0
      vertex 13.8564 -8 1
    endloop
  endfacet
  facet normal 0.205298 -0.676856 -0.706908
    outer loop
      vertex 4.1411 -15.4548 1
      vertex 3.88229 -14.4889 0
      vertex 4.82159 -14.204 0
    endloop
  endfacet
  facet normal 0.412698 0.910868 -0
    outer loop
      vertex 7.07662 14.35 1
      vertex 6.12293 14.7821 13
      vertex 7.07662 14.35 13
    endloop
  endfacet
  facet normal 0.412698 0.910868 0
    outer loop
      vertex 6.12293 14.7821 13
      vertex 7.07662 14.35 1
      vertex 6.12293 14.7821 1
    endloop
  endfacet
  facet normal -0.333436 -0.62376 -0.706926
    outer loop
      vertex -7.07662 -14.35 1
      vertex -8 -13.8564 1
      vertex -6.63433 -13.4531 0
    endloop
  endfacet
  facet normal 0.373539 0.600623 -0.706909
    outer loop
      vertex 8.33355 12.472 0
      vertex 7.5 12.9904 0
      vertex 8 13.8564 1
    endloop
  endfacet
  facet normal 0.644245 -0.291896 0.706926
    outer loop
      vertex 14.7821 -6.12293 13
      vertex 13.4531 -6.63433 14
      vertex 14.35 -7.07662 13
    endloop
  endfacet
  facet normal 0.688828 -0.160616 -0.706908
    outer loop
      vertex 15.4548 -4.1411 1
      vertex 14.4889 -3.88229 0
      vertex 14.7118 -2.92635 0
    endloop
  endfacet
  facet normal 0.411735 -0.574918 0.707067
    outer loop
      vertex 8.36399 -12.4502 14
      vertex 8.33355 -12.472 14
      vertex 8.36631 -12.5211 13.941
    endloop
  endfacet
  facet normal -0.352243 -0.935909 0
    outer loop
      vertex -6.12293 -14.7821 1
      vertex -5.14303 -15.1509 13
      vertex -6.12293 -14.7821 13
    endloop
  endfacet
  facet normal -0.352243 -0.935909 -0
    outer loop
      vertex -5.14303 -15.1509 13
      vertex -6.12293 -14.7821 1
      vertex -5.14303 -15.1509 1
    endloop
  endfacet
  facet normal -0.373252 -0.600648 -0.707039
    outer loop
      vertex -8.39219 -12.7982 0.308072
      vertex -8.33355 -12.472 0
      vertex -8 -13.8564 1
    endloop
  endfacet
  facet normal -0.369273 -0.602839 -0.707264
    outer loop
      vertex -8.33355 -12.472 0
      vertex -8.36701 -12.5424 0.0774756
      vertex -8.36631 -12.5211 0.058955
    endloop
  endfacet
  facet normal -0.373409 -0.600589 -0.707006
    outer loop
      vertex -8.33355 -12.472 0
      vertex -8.39219 -12.7982 0.308072
      vertex -8.36701 -12.5424 0.0774756
    endloop
  endfacet
  facet normal -0.373612 -0.600654 -0.706844
    outer loop
      vertex -8 -13.8564 1
      vertex -8.43405 -13.0517 0.545614
      vertex -8.39219 -12.7982 0.308072
    endloop
  endfacet
  facet normal -0.373406 -0.600621 -0.706981
    outer loop
      vertex -8 -13.8564 1
      vertex -8.49241 -13.302 0.789082
      vertex -8.43405 -13.0517 0.545614
    endloop
  endfacet
  facet normal -0.37354 -0.60069 -0.706852
    outer loop
      vertex -8.49241 -13.302 0.789082
      vertex -8 -13.8564 1
      vertex -8.55576 -13.5108 1
    endloop
  endfacet
  facet normal 0.62376 0.333436 -0.706926
    outer loop
      vertex 14.35 7.07662 1
      vertex 13.4531 6.63433 0
      vertex 13.8564 8 1
    endloop
  endfacet
  facet normal 0.333415 0.62379 -0.706909
    outer loop
      vertex 7.5 12.9904 0
      vertex 6.63433 13.4531 0
      vertex 8 13.8564 1
    endloop
  endfacet
  facet normal 0.249144 -0.661974 -0.706908
    outer loop
      vertex 5.14303 -15.1509 1
      vertex 4.82159 -14.204 0
      vertex 6.12293 -14.7821 1
    endloop
  endfacet
  facet normal 0.574699 -0.411578 -0.707336
    outer loop
      vertex 12.5211 -8.36631 0.058955
      vertex 12.4502 -8.36399 0
      vertex 12.472 -8.33355 0
    endloop
  endfacet
  facet normal 0.333415 0.62379 0.706909
    outer loop
      vertex 8 13.8564 13
      vertex 6.63433 13.4531 14
      vertex 7.5 12.9904 14
    endloop
  endfacet
  facet normal 0.249168 -0.661947 0.706924
    outer loop
      vertex 5.74025 -13.8582 14
      vertex 4.82159 -14.204 14
      vertex 6.12293 -14.7821 13
    endloop
  endfacet
  facet normal -0.935909 0.352243 0
    outer loop
      vertex -15.1509 5.14303 1
      vertex -14.7821 6.12293 13
      vertex -14.7821 6.12293 1
    endloop
  endfacet
  facet normal -0.935909 0.352243 0
    outer loop
      vertex -14.7821 6.12293 13
      vertex -15.1509 5.14303 1
      vertex -15.1509 5.14303 13
    endloop
  endfacet
  facet normal 0.644245 -0.291896 -0.706926
    outer loop
      vertex 14.35 -7.07662 1
      vertex 13.4531 -6.63433 0
      vertex 14.7821 -6.12293 1
    endloop
  endfacet
  facet normal -0.2053 0.676856 -0.706907
    outer loop
      vertex -4.82159 14.204 0
      vertex -5.14303 15.1509 1
      vertex -4.1411 15.4548 1
    endloop
  endfacet
  facet normal 0.471429 -0.881904 0
    outer loop
      vertex 7.07662 -14.35 1
      vertex 8 -13.8564 13
      vertex 7.07662 -14.35 13
    endloop
  endfacet
  facet normal 0.471429 -0.881904 0
    outer loop
      vertex 8 -13.8564 13
      vertex 7.07662 -14.35 1
      vertex 8 -13.8564 1
    endloop
  endfacet
  facet normal -0.333415 -0.62379 0.706909
    outer loop
      vertex -7.5 -12.9904 14
      vertex -8 -13.8564 13
      vertex -6.63433 -13.4531 14
    endloop
  endfacet
  facet normal -0.205298 0.676856 0.706908
    outer loop
      vertex -4.1411 15.4548 13
      vertex -4.82159 14.204 14
      vertex -3.88229 14.4889 14
    endloop
  endfacet
  facet normal 0.600623 0.373539 0.706909
    outer loop
      vertex 13.8564 8 13
      vertex 12.472 8.33355 14
      vertex 12.9904 7.5 14
    endloop
  endfacet
  facet normal -0.62376 0.333436 0.706926
    outer loop
      vertex -13.8564 8 13
      vertex -14.35 7.07662 13
      vertex -13.4531 6.63433 14
    endloop
  endfacet
  facet normal -0.688828 -0.160616 -0.706908
    outer loop
      vertex -14.4889 -3.88229 0
      vertex -15.4548 -4.1411 1
      vertex -14.7118 -2.92635 0
    endloop
  endfacet
  facet normal -0.62379 0.333415 -0.706909
    outer loop
      vertex -13.4531 6.63433 0
      vertex -13.8564 8 1
      vertex -12.9904 7.5 0
    endloop
  endfacet
  facet normal 0.644246 0.291902 0.706924
    outer loop
      vertex 14.7821 6.12293 13
      vertex 13.4531 6.63433 14
      vertex 13.8582 5.74025 14
    endloop
  endfacet
  facet normal -0.249144 -0.661974 -0.706908
    outer loop
      vertex -5.14303 -15.1509 1
      vertex -6.12293 -14.7821 1
      vertex -4.82159 -14.204 0
    endloop
  endfacet
  facet normal 0.62376 0.333436 0.706926
    outer loop
      vertex 13.8564 8 13
      vertex 13.4531 6.63433 14
      vertex 14.35 7.07662 13
    endloop
  endfacet
  facet normal 0.644245 0.291896 -0.706926
    outer loop
      vertex 14.7821 6.12293 1
      vertex 13.4531 6.63433 0
      vertex 14.35 7.07662 1
    endloop
  endfacet
  facet normal 0.881904 0.471429 0
    outer loop
      vertex 14.35 7.07662 13
      vertex 13.8564 8 1
      vertex 13.8564 8 13
    endloop
  endfacet
  facet normal 0.881904 0.471429 0
    outer loop
      vertex 13.8564 8 1
      vertex 14.35 7.07662 13
      vertex 14.35 7.07662 1
    endloop
  endfacet
  facet normal 0.688907 0.160621 0.70683
    outer loop
      vertex 15.4548 4.1411 13
      vertex 15.411 3.40087 13.2109
      vertex 15.6034 3.50375 13
    endloop
  endfacet
  facet normal 0.688726 0.160678 0.706993
    outer loop
      vertex 15.4548 4.1411 13
      vertex 15.1927 3.26517 13.4544
      vertex 15.411 3.40087 13.2109
    endloop
  endfacet
  facet normal 0.688677 0.160713 0.707032
    outer loop
      vertex 15.4548 4.1411 13
      vertex 14.9838 3.11549 13.6919
      vertex 15.1927 3.26517 13.4544
    endloop
  endfacet
  facet normal 0.689048 0.160354 0.706752
    outer loop
      vertex 14.7118 2.92635 14
      vertex 14.9838 3.11549 13.6919
      vertex 15.4548 4.1411 13
    endloop
  endfacet
  facet normal 0.689215 0.159985 0.706673
    outer loop
      vertex 14.9838 3.11549 13.6919
      vertex 14.7118 2.92635 14
      vertex 14.7852 2.95247 13.9225
    endloop
  endfacet
  facet normal 0.689728 0.158231 0.706568
    outer loop
      vertex 14.7852 2.95247 13.9225
      vertex 14.7118 2.92635 14
      vertex 14.7696 2.93786 13.941
    endloop
  endfacet
  facet normal 0.600623 0.373539 -0.706909
    outer loop
      vertex 12.9904 7.5 0
      vertex 12.472 8.33355 0
      vertex 13.8564 8 1
    endloop
  endfacet
  facet normal 0.62379 0.333415 -0.706909
    outer loop
      vertex 13.4531 6.63433 0
      vertex 12.9904 7.5 0
      vertex 13.8564 8 1
    endloop
  endfacet
  facet normal 0.935909 -0.352243 0
    outer loop
      vertex 14.7821 -6.12293 13
      vertex 15.1509 -5.14303 1
      vertex 15.1509 -5.14303 13
    endloop
  endfacet
  facet normal 0.935909 -0.352243 0
    outer loop
      vertex 15.1509 -5.14303 1
      vertex 14.7821 -6.12293 13
      vertex 14.7821 -6.12293 1
    endloop
  endfacet
  facet normal 0.688828 0.160616 -0.706908
    outer loop
      vertex 14.7118 2.92635 0
      vertex 14.4889 3.88229 0
      vertex 15.4548 4.1411 1
    endloop
  endfacet
  facet normal -0.62379 -0.333415 0.706909
    outer loop
      vertex -13.4531 -6.63433 14
      vertex -13.8564 -8 13
      vertex -12.9904 -7.5 14
    endloop
  endfacet
  facet normal -0.160616 0.688828 -0.706908
    outer loop
      vertex -3.88229 14.4889 0
      vertex -4.1411 15.4548 1
      vertex -2.92635 14.7118 0
    endloop
  endfacet
  facet normal 0.205298 0.676856 0.706908
    outer loop
      vertex 4.1411 15.4548 13
      vertex 3.88229 14.4889 14
      vertex 4.82159 14.204 14
    endloop
  endfacet
  facet normal -0.2053 -0.676856 -0.706907
    outer loop
      vertex -4.1411 -15.4548 1
      vertex -5.14303 -15.1509 1
      vertex -4.82159 -14.204 0
    endloop
  endfacet
  facet normal 0.676856 0.205298 0.706908
    outer loop
      vertex 15.4548 4.1411 13
      vertex 14.204 4.82159 14
      vertex 14.4889 3.88229 14
    endloop
  endfacet
  facet normal 0.600623 -0.373539 0.706909
    outer loop
      vertex 12.9904 -7.5 14
      vertex 12.472 -8.33355 14
      vertex 13.8564 -8 13
    endloop
  endfacet
  facet normal -0.644245 0.291896 0.706926
    outer loop
      vertex -14.35 7.07662 13
      vertex -14.7821 6.12293 13
      vertex -13.4531 6.63433 14
    endloop
  endfacet
  facet normal -0.333436 -0.62376 0.706926
    outer loop
      vertex -6.63433 -13.4531 14
      vertex -8 -13.8564 13
      vertex -7.07662 -14.35 13
    endloop
  endfacet
  facet normal 0.688828 -0.160616 0.706908
    outer loop
      vertex 14.7118 -2.92635 14
      vertex 14.4889 -3.88229 14
      vertex 15.4548 -4.1411 13
    endloop
  endfacet
  facet normal -0.62376 -0.333436 -0.706926
    outer loop
      vertex -13.8564 -8 1
      vertex -14.35 -7.07662 1
      vertex -13.4531 -6.63433 0
    endloop
  endfacet
  facet normal 0.697961 0.115256 -0.7068
    outer loop
      vertex 14.7179 2.88941 0
      vertex 14.7118 2.92635 0
      vertex 14.7696 2.93786 0.0589541
    endloop
  endfacet
  facet normal 0.291902 0.644246 0.706924
    outer loop
      vertex 6.12293 14.7821 13
      vertex 5.74025 13.8582 14
      vertex 6.63433 13.4531 14
    endloop
  endfacet
  facet normal -0.688987 -0.160367 -0.706809
    outer loop
      vertex -14.7118 -2.92635 0
      vertex -14.7852 -2.95247 0.0774756
      vertex -14.7696 -2.93786 0.0589541
    endloop
  endfacet
  facet normal -0.688947 -0.160503 -0.706817
    outer loop
      vertex -14.7118 -2.92635 0
      vertex -14.9838 -3.11549 0.308073
      vertex -14.7852 -2.95247 0.0774756
    endloop
  endfacet
  facet normal -0.688976 -0.16044 -0.706803
    outer loop
      vertex -15.4548 -4.1411 1
      vertex -14.9838 -3.11549 0.308073
      vertex -14.7118 -2.92635 0
    endloop
  endfacet
  facet normal -0.688783 -0.160627 -0.706949
    outer loop
      vertex -14.9838 -3.11549 0.308073
      vertex -15.4548 -4.1411 1
      vertex -15.1927 -3.26517 0.545614
    endloop
  endfacet
  facet normal -0.688661 -0.160715 -0.707048
    outer loop
      vertex -15.4548 -4.1411 1
      vertex -15.411 -3.40087 0.789082
      vertex -15.1927 -3.26517 0.545614
    endloop
  endfacet
  facet normal -0.688936 -0.160628 -0.706799
    outer loop
      vertex -15.411 -3.40087 0.789082
      vertex -15.4548 -4.1411 1
      vertex -15.6034 -3.50375 1
    endloop
  endfacet
  facet normal -0.644246 0.291902 0.706924
    outer loop
      vertex -13.4531 6.63433 14
      vertex -14.7821 6.12293 13
      vertex -13.8582 5.74025 14
    endloop
  endfacet
  facet normal 0.160616 -0.688828 0.706908
    outer loop
      vertex 3.88229 -14.4889 14
      vertex 2.92635 -14.7118 14
      vertex 4.1411 -15.4548 13
    endloop
  endfacet
  facet normal 0.62379 0.333415 0.706909
    outer loop
      vertex 13.8564 8 13
      vertex 12.9904 7.5 14
      vertex 13.4531 6.63433 14
    endloop
  endfacet
  facet normal -0.373369 0.600638 0.706986
    outer loop
      vertex -8.39219 12.7982 13.6919
      vertex -8.33355 12.472 14
      vertex -8 13.8564 13
    endloop
  endfacet
  facet normal -0.371253 0.601891 0.707035
    outer loop
      vertex -8.33355 12.472 14
      vertex -8.36701 12.5424 13.9225
      vertex -8.36631 12.5211 13.941
    endloop
  endfacet
  facet normal -0.373958 0.600416 0.706864
    outer loop
      vertex -8.33355 12.472 14
      vertex -8.39219 12.7982 13.6919
      vertex -8.36701 12.5424 13.9225
    endloop
  endfacet
  facet normal -0.373473 0.60064 0.70693
    outer loop
      vertex -8 13.8564 13
      vertex -8.43405 13.0517 13.4544
      vertex -8.39219 12.7982 13.6919
    endloop
  endfacet
  facet normal -0.373478 0.600641 0.706926
    outer loop
      vertex -8 13.8564 13
      vertex -8.49241 13.302 13.2109
      vertex -8.43405 13.0517 13.4544
    endloop
  endfacet
  facet normal -0.373524 0.600664 0.706882
    outer loop
      vertex -8.49241 13.302 13.2109
      vertex -8 13.8564 13
      vertex -8.55576 13.5108 13
    endloop
  endfacet
  facet normal 0.676856 -0.205298 0.706908
    outer loop
      vertex 14.4889 -3.88229 14
      vertex 14.204 -4.82159 14
      vertex 15.4548 -4.1411 13
    endloop
  endfacet
  facet normal 0.160628 -0.688936 -0.706799
    outer loop
      vertex 3.40087 -15.411 0.789082
      vertex 4.1411 -15.4548 1
      vertex 3.50375 -15.6034 1
    endloop
  endfacet
  facet normal 0.160715 -0.688661 -0.707048
    outer loop
      vertex 3.26517 -15.1927 0.545614
      vertex 4.1411 -15.4548 1
      vertex 3.40087 -15.411 0.789082
    endloop
  endfacet
  facet normal 0.160627 -0.688783 -0.706949
    outer loop
      vertex 3.11549 -14.9838 0.308073
      vertex 4.1411 -15.4548 1
      vertex 3.26517 -15.1927 0.545614
    endloop
  endfacet
  facet normal 0.160503 -0.688947 -0.706817
    outer loop
      vertex 2.92635 -14.7118 0
      vertex 3.11549 -14.9838 0.308073
      vertex 2.95247 -14.7852 0.0774756
    endloop
  endfacet
  facet normal 0.160367 -0.688987 -0.706809
    outer loop
      vertex 2.92635 -14.7118 0
      vertex 2.95247 -14.7852 0.0774756
      vertex 2.93786 -14.7696 0.0589541
    endloop
  endfacet
  facet normal 0.16044 -0.688976 -0.706803
    outer loop
      vertex 3.11549 -14.9838 0.308073
      vertex 2.92635 -14.7118 0
      vertex 4.1411 -15.4548 1
    endloop
  endfacet
  facet normal 0.227063 -0.97388 0
    outer loop
      vertex 3.50375 -15.6034 1
      vertex 4.1411 -15.4548 13
      vertex 3.50375 -15.6034 13
    endloop
  endfacet
  facet normal 0.227063 -0.97388 0
    outer loop
      vertex 4.1411 -15.4548 13
      vertex 3.50375 -15.6034 1
      vertex 4.1411 -15.4548 1
    endloop
  endfacet
  facet normal 0.2053 -0.676856 -0.706907
    outer loop
      vertex 5.14303 -15.1509 1
      vertex 4.1411 -15.4548 1
      vertex 4.82159 -14.204 0
    endloop
  endfacet
  facet normal 0.528075 -0.849198 0
    outer loop
      vertex 8 -13.8564 1
      vertex 8.55576 -13.5108 13
      vertex 8 -13.8564 13
    endloop
  endfacet
  facet normal 0.528075 -0.849198 0
    outer loop
      vertex 8.55576 -13.5108 13
      vertex 8 -13.8564 1
      vertex 8.55576 -13.5108 1
    endloop
  endfacet
  facet normal 0.160621 -0.688907 0.70683
    outer loop
      vertex 4.1411 -15.4548 13
      vertex 3.40087 -15.411 13.2109
      vertex 3.50375 -15.6034 13
    endloop
  endfacet
  facet normal 0.160678 -0.688726 0.706993
    outer loop
      vertex 4.1411 -15.4548 13
      vertex 3.26517 -15.1927 13.4544
      vertex 3.40087 -15.411 13.2109
    endloop
  endfacet
  facet normal 0.160713 -0.688677 0.707032
    outer loop
      vertex 4.1411 -15.4548 13
      vertex 3.11549 -14.9838 13.6919
      vertex 3.26517 -15.1927 13.4544
    endloop
  endfacet
  facet normal 0.160354 -0.689048 0.706752
    outer loop
      vertex 2.92635 -14.7118 14
      vertex 3.11549 -14.9838 13.6919
      vertex 4.1411 -15.4548 13
    endloop
  endfacet
  facet normal 0.159985 -0.689215 0.706673
    outer loop
      vertex 3.11549 -14.9838 13.6919
      vertex 2.92635 -14.7118 14
      vertex 2.95247 -14.7852 13.9225
    endloop
  endfacet
  facet normal 0.158231 -0.689728 0.706568
    outer loop
      vertex 2.95247 -14.7852 13.9225
      vertex 2.92635 -14.7118 14
      vertex 2.93786 -14.7696 13.941
    endloop
  endfacet
  facet normal 0.2053 0.676856 0.706907
    outer loop
      vertex 5.14303 15.1509 13
      vertex 4.1411 15.4548 13
      vertex 4.82159 14.204 14
    endloop
  endfacet
  facet normal 0.661947 -0.249168 0.706924
    outer loop
      vertex 14.204 -4.82159 14
      vertex 13.8582 -5.74025 14
      vertex 14.7821 -6.12293 13
    endloop
  endfacet
  facet normal -0.676856 -0.205298 0.706908
    outer loop
      vertex -14.4889 -3.88229 14
      vertex -15.4548 -4.1411 13
      vertex -14.204 -4.82159 14
    endloop
  endfacet
  facet normal -0.574918 -0.411735 0.707067
    outer loop
      vertex -12.472 -8.33355 14
      vertex -12.5211 -8.36631 13.941
      vertex -12.4502 -8.36399 14
    endloop
  endfacet
  facet normal 0.661974 -0.249144 0.706908
    outer loop
      vertex 15.1509 -5.14303 13
      vertex 14.204 -4.82159 14
      vertex 14.7821 -6.12293 13
    endloop
  endfacet
  facet normal 0.291902 0.644246 -0.706924
    outer loop
      vertex 6.63433 13.4531 0
      vertex 5.74025 13.8582 0
      vertex 6.12293 14.7821 1
    endloop
  endfacet
  facet normal -0.644246 0.291902 -0.706924
    outer loop
      vertex -13.8582 5.74025 0
      vertex -14.7821 6.12293 1
      vertex -13.4531 6.63433 0
    endloop
  endfacet
  facet normal -0.62376 -0.333436 0.706926
    outer loop
      vertex -13.4531 -6.63433 14
      vertex -14.35 -7.07662 13
      vertex -13.8564 -8 13
    endloop
  endfacet
  facet normal 0.333415 -0.62379 0.706909
    outer loop
      vertex 7.5 -12.9904 14
      vertex 6.63433 -13.4531 14
      vertex 8 -13.8564 13
    endloop
  endfacet
  facet normal 0.688907 -0.160621 0.70683
    outer loop
      vertex 15.411 -3.40087 13.2109
      vertex 15.4548 -4.1411 13
      vertex 15.6034 -3.50375 13
    endloop
  endfacet
  facet normal 0.688726 -0.160678 0.706993
    outer loop
      vertex 15.1927 -3.26517 13.4544
      vertex 15.4548 -4.1411 13
      vertex 15.411 -3.40087 13.2109
    endloop
  endfacet
  facet normal 0.688677 -0.160713 0.707032
    outer loop
      vertex 14.9838 -3.11549 13.6919
      vertex 15.4548 -4.1411 13
      vertex 15.1927 -3.26517 13.4544
    endloop
  endfacet
  facet normal 0.689215 -0.159985 0.706673
    outer loop
      vertex 14.7118 -2.92635 14
      vertex 14.9838 -3.11549 13.6919
      vertex 14.7852 -2.95247 13.9225
    endloop
  endfacet
  facet normal 0.689728 -0.158231 0.706568
    outer loop
      vertex 14.7118 -2.92635 14
      vertex 14.7852 -2.95247 13.9225
      vertex 14.7696 -2.93786 13.941
    endloop
  endfacet
  facet normal 0.689048 -0.160354 0.706752
    outer loop
      vertex 14.9838 -3.11549 13.6919
      vertex 14.7118 -2.92635 14
      vertex 15.4548 -4.1411 13
    endloop
  endfacet
  facet normal -0.115301 -0.698233 0.706525
    outer loop
      vertex -2.92635 -14.7118 14
      vertex -2.93786 -14.7696 13.941
      vertex -2.88941 -14.7179 14
    endloop
  endfacet
  facet normal -0.676856 0.2053 0.706907
    outer loop
      vertex -15.1509 5.14303 13
      vertex -15.4548 4.1411 13
      vertex -14.204 4.82159 14
    endloop
  endfacet
  facet normal 0.115301 -0.698233 0.706525
    outer loop
      vertex 2.92635 -14.7118 14
      vertex 2.88941 -14.7179 14
      vertex 2.93786 -14.7696 13.941
    endloop
  endfacet
  facet normal 0.935909 0.352243 0
    outer loop
      vertex 15.1509 5.14303 13
      vertex 14.7821 6.12293 1
      vertex 14.7821 6.12293 13
    endloop
  endfacet
  facet normal 0.935909 0.352243 0
    outer loop
      vertex 14.7821 6.12293 1
      vertex 15.1509 5.14303 13
      vertex 15.1509 5.14303 1
    endloop
  endfacet
  facet normal 0.661947 0.249168 0.706924
    outer loop
      vertex 14.7821 6.12293 13
      vertex 13.8582 5.74025 14
      vertex 14.204 4.82159 14
    endloop
  endfacet
  facet normal 0.249144 -0.661974 0.706908
    outer loop
      vertex 6.12293 -14.7821 13
      vertex 4.82159 -14.204 14
      vertex 5.14303 -15.1509 13
    endloop
  endfacet
  facet normal 0.373539 0.600623 0.706909
    outer loop
      vertex 8 13.8564 13
      vertex 7.5 12.9904 14
      vertex 8.33355 12.472 14
    endloop
  endfacet
  facet normal -0.291896 -0.644245 0.706926
    outer loop
      vertex -6.63433 -13.4531 14
      vertex -7.07662 -14.35 13
      vertex -6.12293 -14.7821 13
    endloop
  endfacet
  facet normal -0.411735 0.574918 0.707067
    outer loop
      vertex -8.33355 12.472 14
      vertex -8.36631 12.5211 13.941
      vertex -8.36399 12.4502 14
    endloop
  endfacet
  facet normal 0.644246 -0.291902 0.706924
    outer loop
      vertex 13.8582 -5.74025 14
      vertex 13.4531 -6.63433 14
      vertex 14.7821 -6.12293 13
    endloop
  endfacet
  facet normal 0.160621 0.688907 0.70683
    outer loop
      vertex 3.40087 15.411 13.2109
      vertex 4.1411 15.4548 13
      vertex 3.50375 15.6034 13
    endloop
  endfacet
  facet normal 0.160678 0.688726 0.706993
    outer loop
      vertex 3.26517 15.1927 13.4544
      vertex 4.1411 15.4548 13
      vertex 3.40087 15.411 13.2109
    endloop
  endfacet
  facet normal 0.160713 0.688677 0.707032
    outer loop
      vertex 3.11549 14.9838 13.6919
      vertex 4.1411 15.4548 13
      vertex 3.26517 15.1927 13.4544
    endloop
  endfacet
  facet normal 0.159985 0.689215 0.706673
    outer loop
      vertex 2.92635 14.7118 14
      vertex 3.11549 14.9838 13.6919
      vertex 2.95247 14.7852 13.9225
    endloop
  endfacet
  facet normal 0.158231 0.689728 0.706568
    outer loop
      vertex 2.92635 14.7118 14
      vertex 2.95247 14.7852 13.9225
      vertex 2.93786 14.7696 13.941
    endloop
  endfacet
  facet normal 0.160354 0.689048 0.706752
    outer loop
      vertex 3.11549 14.9838 13.6919
      vertex 2.92635 14.7118 14
      vertex 4.1411 15.4548 13
    endloop
  endfacet
  facet normal -0.601891 -0.371253 0.707035
    outer loop
      vertex -12.472 -8.33355 14
      vertex -12.5424 -8.36701 13.9225
      vertex -12.5211 -8.36631 13.941
    endloop
  endfacet
  facet normal -0.600416 -0.373958 0.706864
    outer loop
      vertex -12.472 -8.33355 14
      vertex -12.7982 -8.39219 13.6919
      vertex -12.5424 -8.36701 13.9225
    endloop
  endfacet
  facet normal -0.600638 -0.373369 0.706986
    outer loop
      vertex -13.8564 -8 13
      vertex -12.7982 -8.39219 13.6919
      vertex -12.472 -8.33355 14
    endloop
  endfacet
  facet normal -0.600664 -0.373524 0.706882
    outer loop
      vertex -13.302 -8.49241 13.2109
      vertex -13.8564 -8 13
      vertex -13.5108 -8.55576 13
    endloop
  endfacet
  facet normal -0.600641 -0.373478 0.706926
    outer loop
      vertex -13.0517 -8.43405 13.4544
      vertex -13.8564 -8 13
      vertex -13.302 -8.49241 13.2109
    endloop
  endfacet
  facet normal -0.60064 -0.373473 0.70693
    outer loop
      vertex -12.7982 -8.39219 13.6919
      vertex -13.8564 -8 13
      vertex -13.0517 -8.43405 13.4544
    endloop
  endfacet
  facet normal 0.661947 -0.249168 -0.706924
    outer loop
      vertex 14.7821 -6.12293 1
      vertex 13.8582 -5.74025 0
      vertex 14.204 -4.82159 0
    endloop
  endfacet
  facet normal 0.849198 -0.528075 0
    outer loop
      vertex 13.5108 -8.55576 13
      vertex 13.8564 -8 1
      vertex 13.8564 -8 13
    endloop
  endfacet
  facet normal 0.849198 -0.528075 0
    outer loop
      vertex 13.8564 -8 1
      vertex 13.5108 -8.55576 13
      vertex 13.5108 -8.55576 1
    endloop
  endfacet
  facet normal 0.644246 0.291902 -0.706924
    outer loop
      vertex 13.8582 5.74025 0
      vertex 13.4531 6.63433 0
      vertex 14.7821 6.12293 1
    endloop
  endfacet
  facet normal 0.644245 0.291896 0.706926
    outer loop
      vertex 14.35 7.07662 13
      vertex 13.4531 6.63433 14
      vertex 14.7821 6.12293 13
    endloop
  endfacet
  facet normal 0.910868 0.412698 0
    outer loop
      vertex 14.7821 6.12293 13
      vertex 14.35 7.07662 1
      vertex 14.35 7.07662 13
    endloop
  endfacet
  facet normal 0.910868 0.412698 0
    outer loop
      vertex 14.35 7.07662 1
      vertex 14.7821 6.12293 13
      vertex 14.7821 6.12293 1
    endloop
  endfacet
  facet normal 0.688936 0.160628 -0.706799
    outer loop
      vertex 15.411 3.40087 0.789082
      vertex 15.4548 4.1411 1
      vertex 15.6034 3.50375 1
    endloop
  endfacet
  facet normal 0.688661 0.160715 -0.707048
    outer loop
      vertex 15.1927 3.26517 0.545614
      vertex 15.4548 4.1411 1
      vertex 15.411 3.40087 0.789082
    endloop
  endfacet
  facet normal 0.688783 0.160627 -0.706949
    outer loop
      vertex 14.9838 3.11549 0.308073
      vertex 15.4548 4.1411 1
      vertex 15.1927 3.26517 0.545614
    endloop
  endfacet
  facet normal 0.688947 0.160503 -0.706817
    outer loop
      vertex 14.7118 2.92635 0
      vertex 14.9838 3.11549 0.308073
      vertex 14.7852 2.95247 0.0774756
    endloop
  endfacet
  facet normal 0.688987 0.160367 -0.706809
    outer loop
      vertex 14.7118 2.92635 0
      vertex 14.7852 2.95247 0.0774756
      vertex 14.7696 2.93786 0.0589541
    endloop
  endfacet
  facet normal 0.688976 0.16044 -0.706803
    outer loop
      vertex 14.9838 3.11549 0.308073
      vertex 14.7118 2.92635 0
      vertex 15.4548 4.1411 1
    endloop
  endfacet
  facet normal -0.881904 -0.471429 0
    outer loop
      vertex -13.8564 -8 1
      vertex -14.35 -7.07662 13
      vertex -14.35 -7.07662 1
    endloop
  endfacet
  facet normal -0.881904 -0.471429 0
    outer loop
      vertex -14.35 -7.07662 13
      vertex -13.8564 -8 1
      vertex -13.8564 -8 13
    endloop
  endfacet
  facet normal -0.688828 0.160616 0.706908
    outer loop
      vertex -14.4889 3.88229 14
      vertex -15.4548 4.1411 13
      vertex -14.7118 2.92635 14
    endloop
  endfacet
  facet normal 0.291902 -0.644246 -0.706924
    outer loop
      vertex 6.12293 -14.7821 1
      vertex 5.74025 -13.8582 0
      vertex 6.63433 -13.4531 0
    endloop
  endfacet
  facet normal 0.62379 -0.333415 -0.706909
    outer loop
      vertex 13.8564 -8 1
      vertex 12.9904 -7.5 0
      vertex 13.4531 -6.63433 0
    endloop
  endfacet
  facet normal -0.291896 -0.644245 -0.706926
    outer loop
      vertex -6.12293 -14.7821 1
      vertex -7.07662 -14.35 1
      vertex -6.63433 -13.4531 0
    endloop
  endfacet
  facet normal -0.205298 -0.676856 -0.706908
    outer loop
      vertex -4.1411 -15.4548 1
      vertex -4.82159 -14.204 0
      vertex -3.88229 -14.4889 0
    endloop
  endfacet
  facet normal -0.411578 0.574699 -0.707336
    outer loop
      vertex -8.36399 12.4502 0
      vertex -8.36631 12.5211 0.058955
      vertex -8.33355 12.472 0
    endloop
  endfacet
  facet normal 0.688828 0.160616 0.706908
    outer loop
      vertex 15.4548 4.1411 13
      vertex 14.4889 3.88229 14
      vertex 14.7118 2.92635 14
    endloop
  endfacet
  facet normal 0.698233 0.115301 0.706525
    outer loop
      vertex 14.7696 2.93786 13.941
      vertex 14.7118 2.92635 14
      vertex 14.7179 2.88941 14
    endloop
  endfacet
  facet normal 0.291896 -0.644245 0.706926
    outer loop
      vertex 6.63433 -13.4531 14
      vertex 6.12293 -14.7821 13
      vertex 7.07662 -14.35 13
    endloop
  endfacet
  facet normal 0.62379 -0.333415 0.706909
    outer loop
      vertex 13.4531 -6.63433 14
      vertex 12.9904 -7.5 14
      vertex 13.8564 -8 13
    endloop
  endfacet
  facet normal -0.661974 0.249144 0.706908
    outer loop
      vertex -14.7821 6.12293 13
      vertex -15.1509 5.14303 13
      vertex -14.204 4.82159 14
    endloop
  endfacet
  facet normal -0.688828 0.160616 -0.706908
    outer loop
      vertex -14.7118 2.92635 0
      vertex -15.4548 4.1411 1
      vertex -14.4889 3.88229 0
    endloop
  endfacet
  facet normal -0.676856 -0.205298 -0.706908
    outer loop
      vertex -14.204 -4.82159 0
      vertex -15.4548 -4.1411 1
      vertex -14.4889 -3.88229 0
    endloop
  endfacet
  facet normal -0.676856 -0.2053 -0.706907
    outer loop
      vertex -15.1509 -5.14303 1
      vertex -15.4548 -4.1411 1
      vertex -14.204 -4.82159 0
    endloop
  endfacet
  facet normal 0.62376 -0.333436 0.706926
    outer loop
      vertex 14.35 -7.07662 13
      vertex 13.4531 -6.63433 14
      vertex 13.8564 -8 13
    endloop
  endfacet
  facet normal -0.661947 0.249168 0.706924
    outer loop
      vertex -13.8582 5.74025 14
      vertex -14.7821 6.12293 13
      vertex -14.204 4.82159 14
    endloop
  endfacet
  facet normal -0.160616 -0.688828 0.706908
    outer loop
      vertex -3.88229 -14.4889 14
      vertex -4.1411 -15.4548 13
      vertex -2.92635 -14.7118 14
    endloop
  endfacet
  facet normal -0.62376 0.333436 -0.706926
    outer loop
      vertex -13.4531 6.63433 0
      vertex -14.35 7.07662 1
      vertex -13.8564 8 1
    endloop
  endfacet
  facet normal 0 0 1
    outer loop
      vertex 9.69634 -9.33312 14
      vertex 2.48107 -2.17584 14
      vertex 9.50879 -9.50879 14
    endloop
  endfacet
  facet normal 0 0 1
    outer loop
      vertex 8.33355 12.472 14
      vertex 8.3586 12.2856 14
      vertex 8.36399 12.4502 14
    endloop
  endfacet
  facet normal 0 0 1
    outer loop
      vertex 14.7118 2.92635 14
      vertex 14.5976 2.7768 14
      vertex 14.7179 2.88941 14
    endloop
  endfacet
  facet normal 0 0 1
    outer loop
      vertex 14.4889 3.88229 14
      vertex 14.5976 2.7768 14
      vertex 14.7118 2.92635 14
    endloop
  endfacet
  facet normal 0 0 1
    outer loop
      vertex 14.4889 3.88229 14
      vertex 14.422 2.58924 14
      vertex 14.5976 2.7768 14
    endloop
  endfacet
  facet normal 0 0 1
    outer loop
      vertex 14.4889 3.88229 14
      vertex 14.259 2.3906 14
      vertex 14.422 2.58924 14
    endloop
  endfacet
  facet normal 0 0 1
    outer loop
      vertex 14.1093 2.18172 14
      vertex 14.4889 3.88229 14
      vertex 14.204 4.82159 14
    endloop
  endfacet
  facet normal 0 0 1
    outer loop
      vertex 14.4889 3.88229 14
      vertex 14.1093 2.18172 14
      vertex 14.259 2.3906 14
    endloop
  endfacet
  facet normal 0 0 1
    outer loop
      vertex 14.204 4.82159 14
      vertex 13.9736 1.9635 14
      vertex 14.1093 2.18172 14
    endloop
  endfacet
  facet normal 0 0 1
    outer loop
      vertex 13.8524 1.73686 14
      vertex 14.204 4.82159 14
      vertex 13.8582 5.74025 14
    endloop
  endfacet
  facet normal 0 0 1
    outer loop
      vertex 14.204 4.82159 14
      vertex 13.8524 1.73686 14
      vertex 13.9736 1.9635 14
    endloop
  endfacet
  facet normal 0 0 1
    outer loop
      vertex 13.8582 5.74025 14
      vertex 13.7464 1.50279 14
      vertex 13.8524 1.73686 14
    endloop
  endfacet
  facet normal 0 0 1
    outer loop
      vertex 10.7828 8.65752 14
      vertex 13.7464 1.50279 14
      vertex 13.8582 5.74025 14
    endloop
  endfacet
  facet normal 0 0 1
    outer loop
      vertex 13.7464 1.50279 14
      vertex 10.7828 8.65752 14
      vertex 13.6559 1.26229 14
    endloop
  endfacet
  facet normal 0 0 1
    outer loop
      vertex 10.5487 8.76358 14
      vertex 13.6559 1.26229 14
      vertex 10.7828 8.65752 14
    endloop
  endfacet
  facet normal 0 0 1
    outer loop
      vertex 3.3 0 14
      vertex 13.6559 1.26229 14
      vertex 10.5487 8.76358 14
    endloop
  endfacet
  facet normal 0 0 1
    outer loop
      vertex 3.3 0 14
      vertex 10.5487 8.76358 14
      vertex 10.3221 8.88472 14
    endloop
  endfacet
  facet normal 0 0 1
    outer loop
      vertex 11.0233 8.567 14
      vertex 13.8582 5.74025 14
      vertex 13.4531 6.63433 14
    endloop
  endfacet
  facet normal 0 0 1
    outer loop
      vertex 13.6559 1.26229 14
      vertex 3.3 0 14
      vertex 13.5813 1.01638 14
    endloop
  endfacet
  facet normal 0 0 1
    outer loop
      vertex 11.5195 8.43405 14
      vertex 13.4531 6.63433 14
      vertex 12.9904 7.5 14
    endloop
  endfacet
  facet normal 0 0 1
    outer loop
      vertex 14.5976 -2.7768 14
      vertex 14.7118 -2.92635 14
      vertex 14.7179 -2.88941 14
    endloop
  endfacet
  facet normal 0 0 1
    outer loop
      vertex 14.5976 -2.7768 14
      vertex 14.4889 -3.88229 14
      vertex 14.7118 -2.92635 14
    endloop
  endfacet
  facet normal 0 0 1
    outer loop
      vertex 14.422 -2.58924 14
      vertex 14.4889 -3.88229 14
      vertex 14.5976 -2.7768 14
    endloop
  endfacet
  facet normal 0 0 1
    outer loop
      vertex 14.259 -2.3906 14
      vertex 14.4889 -3.88229 14
      vertex 14.422 -2.58924 14
    endloop
  endfacet
  facet normal 0 0 1
    outer loop
      vertex 14.1093 -2.18172 14
      vertex 14.4889 -3.88229 14
      vertex 14.259 -2.3906 14
    endloop
  endfacet
  facet normal 0 0 1
    outer loop
      vertex 14.4889 -3.88229 14
      vertex 14.1093 -2.18172 14
      vertex 14.204 -4.82159 14
    endloop
  endfacet
  facet normal 0 0 1
    outer loop
      vertex 13.9736 -1.9635 14
      vertex 14.204 -4.82159 14
      vertex 14.1093 -2.18172 14
    endloop
  endfacet
  facet normal 0 0 1
    outer loop
      vertex 13.8524 -1.73686 14
      vertex 14.204 -4.82159 14
      vertex 13.9736 -1.9635 14
    endloop
  endfacet
  facet normal 0 0 1
    outer loop
      vertex 14.204 -4.82159 14
      vertex 13.8524 -1.73686 14
      vertex 13.8582 -5.74025 14
    endloop
  endfacet
  facet normal 0 0 1
    outer loop
      vertex 13.7464 -1.50279 14
      vertex 13.8582 -5.74025 14
      vertex 13.8524 -1.73686 14
    endloop
  endfacet
  facet normal -0 0 1
    outer loop
      vertex 3.0488 -1.26285 14
      vertex 13.7464 -1.50279 14
      vertex 13.6559 -1.26229 14
    endloop
  endfacet
  facet normal 0 0 1
    outer loop
      vertex 3.23659 -0.643798 14
      vertex 13.4811 -0.512575 14
      vertex 3.27177 -0.430736 14
    endloop
  endfacet
  facet normal 0 0 1
    outer loop
      vertex 13.4559 -0.256837 14
      vertex 3.27177 -0.430736 14
      vertex 13.4811 -0.512575 14
    endloop
  endfacet
  facet normal 0 0 1
    outer loop
      vertex 3.27177 -0.430736 14
      vertex 13.4559 -0.256837 14
      vertex 3.29293 -0.21583 14
    endloop
  endfacet
  facet normal -0 0 1
    outer loop
      vertex 3.29293 -0.21583 14
      vertex 13.4559 -0.256837 14
      vertex 3.3 0 14
    endloop
  endfacet
  facet normal 0 0 1
    outer loop
      vertex 13.7464 -1.50279 14
      vertex 10.7828 -8.65752 14
      vertex 13.8582 -5.74025 14
    endloop
  endfacet
  facet normal -0 0 1
    outer loop
      vertex 3.3 0 14
      vertex 13.4559 -0.256837 14
      vertex 13.4475 0 14
    endloop
  endfacet
  facet normal 0 0 1
    outer loop
      vertex 13.8582 5.74025 14
      vertex 11.0233 8.567 14
      vertex 10.7828 8.65752 14
    endloop
  endfacet
  facet normal 0 0 1
    outer loop
      vertex 3.3 0 14
      vertex 10.3221 8.88472 14
      vertex 10.1039 9.02042 14
    endloop
  endfacet
  facet normal 0 0 1
    outer loop
      vertex 12.2856 8.3586 14
      vertex 12.9904 7.5 14
      vertex 12.472 8.33355 14
    endloop
  endfacet
  facet normal 0 0 1
    outer loop
      vertex 11.773 8.39219 14
      vertex 12.9904 7.5 14
      vertex 12.0288 8.36701 14
    endloop
  endfacet
  facet normal -0 0 1
    outer loop
      vertex 12.2856 8.3586 14
      vertex 12.472 8.33355 14
      vertex 12.4502 8.36399 14
    endloop
  endfacet
  facet normal 0 0 1
    outer loop
      vertex 12.9904 7.5 14
      vertex 12.2856 8.3586 14
      vertex 12.0288 8.36701 14
    endloop
  endfacet
  facet normal 0 0 1
    outer loop
      vertex 11.5195 8.43405 14
      vertex 12.9904 7.5 14
      vertex 11.773 8.39219 14
    endloop
  endfacet
  facet normal 0 0 1
    outer loop
      vertex 12.472 -8.33355 14
      vertex 12.2856 -8.3586 14
      vertex 12.4502 -8.36399 14
    endloop
  endfacet
  facet normal 0 -0 1
    outer loop
      vertex 12.2856 -8.3586 14
      vertex 12.9904 -7.5 14
      vertex 12.0288 -8.36701 14
    endloop
  endfacet
  facet normal 0 0 1
    outer loop
      vertex 12.9904 -7.5 14
      vertex 12.2856 -8.3586 14
      vertex 12.472 -8.33355 14
    endloop
  endfacet
  facet normal 0 0 1
    outer loop
      vertex 13.4531 6.63433 14
      vertex 11.5195 8.43405 14
      vertex 11.2692 8.49241 14
    endloop
  endfacet
  facet normal 0 0 1
    outer loop
      vertex 12.9904 -7.5 14
      vertex 11.773 -8.39219 14
      vertex 12.0288 -8.36701 14
    endloop
  endfacet
  facet normal 0 0 1
    outer loop
      vertex 13.4531 6.63433 14
      vertex 11.2692 8.49241 14
      vertex 11.0233 8.567 14
    endloop
  endfacet
  facet normal 0 0 1
    outer loop
      vertex 12.9904 -7.5 14
      vertex 11.5195 -8.43405 14
      vertex 11.773 -8.39219 14
    endloop
  endfacet
  facet normal 0 0 1
    outer loop
      vertex 13.5813 1.01638 14
      vertex 3.3 0 14
      vertex 13.5229 0.766117 14
    endloop
  endfacet
  facet normal 0 0 1
    outer loop
      vertex 13.4531 -6.63433 14
      vertex 11.5195 -8.43405 14
      vertex 12.9904 -7.5 14
    endloop
  endfacet
  facet normal 0 -0 1
    outer loop
      vertex 11.2692 -8.49241 14
      vertex 13.4531 -6.63433 14
      vertex 11.0233 -8.567 14
    endloop
  endfacet
  facet normal 0 -0 1
    outer loop
      vertex 11.5195 -8.43405 14
      vertex 13.4531 -6.63433 14
      vertex 11.2692 -8.49241 14
    endloop
  endfacet
  facet normal 0 0 1
    outer loop
      vertex 3.3 0 14
      vertex 10.1039 9.02042 14
      vertex 9.89499 9.1701 14
    endloop
  endfacet
  facet normal 0 0 1
    outer loop
      vertex 13.8582 -5.74025 14
      vertex 11.0233 -8.567 14
      vertex 13.4531 -6.63433 14
    endloop
  endfacet
  facet normal 0 0 1
    outer loop
      vertex 13.7464 -1.50279 14
      vertex 3.0488 -1.26285 14
      vertex 10.7828 -8.65752 14
    endloop
  endfacet
  facet normal 0 -0 1
    outer loop
      vertex 11.0233 -8.567 14
      vertex 13.8582 -5.74025 14
      vertex 10.7828 -8.65752 14
    endloop
  endfacet
  facet normal 0 0 1
    outer loop
      vertex 13.5229 0.766117 14
      vertex 3.3 0 14
      vertex 13.4811 0.512575 14
    endloop
  endfacet
  facet normal 0 0 1
    outer loop
      vertex 13.4811 -0.512575 14
      vertex 3.23659 -0.643798 14
      vertex 13.5229 -0.766117 14
    endloop
  endfacet
  facet normal 0 0 1
    outer loop
      vertex 3.3 0 14
      vertex 9.89499 9.1701 14
      vertex 9.69634 9.33312 14
    endloop
  endfacet
  facet normal 0 0 1
    outer loop
      vertex 3.18755 -0.854102 14
      vertex 13.5229 -0.766117 14
      vertex 3.23659 -0.643798 14
    endloop
  endfacet
  facet normal 0 0 1
    outer loop
      vertex 13.4811 0.512575 14
      vertex 3.3 0 14
      vertex 13.4559 0.256837 14
    endloop
  endfacet
  facet normal 0 0 1
    outer loop
      vertex 13.5229 -0.766117 14
      vertex 3.18755 -0.854102 14
      vertex 13.5813 -1.01638 14
    endloop
  endfacet
  facet normal 0 0 1
    outer loop
      vertex 3.3 0 14
      vertex 9.69634 9.33312 14
      vertex 9.50879 9.50879 14
    endloop
  endfacet
  facet normal 0 0 1
    outer loop
      vertex 3.12487 -1.06075 14
      vertex 13.5813 -1.01638 14
      vertex 3.18755 -0.854102 14
    endloop
  endfacet
  facet normal 0 0 1
    outer loop
      vertex 13.4559 0.256837 14
      vertex 3.3 0 14
      vertex 13.4475 0 14
    endloop
  endfacet
  facet normal 0 0 1
    outer loop
      vertex 13.5813 -1.01638 14
      vertex 3.12487 -1.06075 14
      vertex 13.6559 -1.26229 14
    endloop
  endfacet
  facet normal 0 0 1
    outer loop
      vertex 3.3 0 14
      vertex 9.50879 9.50879 14
      vertex 9.33312 9.69634 14
    endloop
  endfacet
  facet normal 0 0 1
    outer loop
      vertex 3.0488 -1.26285 14
      vertex 13.6559 -1.26229 14
      vertex 3.12487 -1.06075 14
    endloop
  endfacet
  facet normal 0 0 1
    outer loop
      vertex 3.3 0 14
      vertex 9.33312 9.69634 14
      vertex 9.1701 9.89499 14
    endloop
  endfacet
  facet normal 0 0 1
    outer loop
      vertex 10.7828 -8.65752 14
      vertex 3.0488 -1.26285 14
      vertex 10.5487 -8.76358 14
    endloop
  endfacet
  facet normal 0 0 1
    outer loop
      vertex 3.3 0 14
      vertex 9.1701 9.89499 14
      vertex 9.02042 10.1039 14
    endloop
  endfacet
  facet normal -0 0 1
    outer loop
      vertex 2.95968 -1.45955 14
      vertex 10.5487 -8.76358 14
      vertex 3.0488 -1.26285 14
    endloop
  endfacet
  facet normal 0 0 1
    outer loop
      vertex 3.3 0 14
      vertex 9.02042 10.1039 14
      vertex 8.88472 10.3221 14
    endloop
  endfacet
  facet normal 0 0 1
    outer loop
      vertex 10.5487 -8.76358 14
      vertex 2.95968 -1.45955 14
      vertex 10.3221 -8.88472 14
    endloop
  endfacet
  facet normal 0 0 1
    outer loop
      vertex 3.3 0 14
      vertex 8.88472 10.3221 14
      vertex 8.76358 10.5487 14
    endloop
  endfacet
  facet normal -0 0 1
    outer loop
      vertex 2.85788 -1.65 14
      vertex 10.3221 -8.88472 14
      vertex 2.95968 -1.45955 14
    endloop
  endfacet
  facet normal 0 0 1
    outer loop
      vertex 3.3 0 14
      vertex 8.76358 10.5487 14
      vertex 8.65752 10.7828 14
    endloop
  endfacet
  facet normal 0 0 1
    outer loop
      vertex 10.3221 -8.88472 14
      vertex 2.85788 -1.65 14
      vertex 10.1039 -9.02042 14
    endloop
  endfacet
  facet normal 0 0 1
    outer loop
      vertex 3.3 0 14
      vertex 8.65752 10.7828 14
      vertex 8.567 11.0233 14
    endloop
  endfacet
  facet normal -0 0 1
    outer loop
      vertex 2.74385 -1.83338 14
      vertex 10.1039 -9.02042 14
      vertex 2.85788 -1.65 14
    endloop
  endfacet
  facet normal 0 0 1
    outer loop
      vertex 3.3 0 14
      vertex 8.567 11.0233 14
      vertex 8.49241 11.2692 14
    endloop
  endfacet
  facet normal 0 0 1
    outer loop
      vertex 10.1039 -9.02042 14
      vertex 2.74385 -1.83338 14
      vertex 9.89499 -9.1701 14
    endloop
  endfacet
  facet normal 0 0 1
    outer loop
      vertex 3.3 0 14
      vertex 8.49241 11.2692 14
      vertex 8.43405 11.5195 14
    endloop
  endfacet
  facet normal -0 0 1
    outer loop
      vertex 2.61807 -2.00891 14
      vertex 9.89499 -9.1701 14
      vertex 2.74385 -1.83338 14
    endloop
  endfacet
  facet normal 0 0 1
    outer loop
      vertex 3.3 0 14
      vertex 8.43405 11.5195 14
      vertex 8.39219 11.773 14
    endloop
  endfacet
  facet normal 0 0 1
    outer loop
      vertex 9.89499 -9.1701 14
      vertex 2.61807 -2.00891 14
      vertex 9.69634 -9.33312 14
    endloop
  endfacet
  facet normal 0 0 1
    outer loop
      vertex 3.3 0 14
      vertex 8.39219 11.773 14
      vertex 8.36701 12.0288 14
    endloop
  endfacet
  facet normal -0 0 1
    outer loop
      vertex 2.48107 -2.17584 14
      vertex 9.69634 -9.33312 14
      vertex 2.61807 -2.00891 14
    endloop
  endfacet
  facet normal 0 0 1
    outer loop
      vertex 8.33355 12.472 14
      vertex 8.36701 12.0288 14
      vertex 8.3586 12.2856 14
    endloop
  endfacet
  facet normal 0 0 1
    outer loop
      vertex 3.3 0 14
      vertex 8.36701 12.0288 14
      vertex 8.33355 12.472 14
    endloop
  endfacet
  facet normal 0 0 1
    outer loop
      vertex 8.3586 -12.2856 14
      vertex 8.33355 -12.472 14
      vertex 8.36399 -12.4502 14
    endloop
  endfacet
  facet normal -0 0 1
    outer loop
      vertex 2.33345 -2.33345 14
      vertex 9.50879 -9.50879 14
      vertex 2.48107 -2.17584 14
    endloop
  endfacet
  facet normal 0 0 1
    outer loop
      vertex 1.83338 2.74385 14
      vertex 8.33355 12.472 14
      vertex 7.5 12.9904 14
    endloop
  endfacet
  facet normal 0 0 1
    outer loop
      vertex 9.50879 -9.50879 14
      vertex 2.33345 -2.33345 14
      vertex 9.33312 -9.69634 14
    endloop
  endfacet
  facet normal 0 0 1
    outer loop
      vertex 1.65 2.85788 14
      vertex 7.5 12.9904 14
      vertex 6.63433 13.4531 14
    endloop
  endfacet
  facet normal -0 0 1
    outer loop
      vertex 2.17584 -2.48107 14
      vertex 9.33312 -9.69634 14
      vertex 2.33345 -2.33345 14
    endloop
  endfacet
  facet normal 0 0 1
    outer loop
      vertex 1.45955 2.95968 14
      vertex 6.63433 13.4531 14
      vertex 5.74025 13.8582 14
    endloop
  endfacet
  facet normal -0 0 1
    outer loop
      vertex 2.00891 -2.61807 14
      vertex 9.33312 -9.69634 14
      vertex 2.17584 -2.48107 14
    endloop
  endfacet
  facet normal 0 0 1
    outer loop
      vertex 1.73686 13.8524 14
      vertex 5.74025 13.8582 14
      vertex 4.82159 14.204 14
    endloop
  endfacet
  facet normal 0 0 1
    outer loop
      vertex 9.33312 -9.69634 14
      vertex 2.00891 -2.61807 14
      vertex 9.1701 -9.89499 14
    endloop
  endfacet
  facet normal 0 0 1
    outer loop
      vertex 2.18172 14.1093 14
      vertex 4.82159 14.204 14
      vertex 3.88229 14.4889 14
    endloop
  endfacet
  facet normal -0 0 1
    outer loop
      vertex 1.83338 -2.74385 14
      vertex 9.1701 -9.89499 14
      vertex 2.00891 -2.61807 14
    endloop
  endfacet
  facet normal 0 0 1
    outer loop
      vertex 9.1701 -9.89499 14
      vertex 1.83338 -2.74385 14
      vertex 9.02042 -10.1039 14
    endloop
  endfacet
  facet normal 0 0 1
    outer loop
      vertex 8.33355 12.472 14
      vertex 3.29293 0.21583 14
      vertex 3.3 0 14
    endloop
  endfacet
  facet normal 0 0 1
    outer loop
      vertex 8.33355 12.472 14
      vertex 3.27177 0.430736 14
      vertex 3.29293 0.21583 14
    endloop
  endfacet
  facet normal 0 0 1
    outer loop
      vertex 8.33355 12.472 14
      vertex 3.23659 0.643798 14
      vertex 3.27177 0.430736 14
    endloop
  endfacet
  facet normal 0 0 1
    outer loop
      vertex 8.33355 12.472 14
      vertex 3.18755 0.854102 14
      vertex 3.23659 0.643798 14
    endloop
  endfacet
  facet normal 0 0 1
    outer loop
      vertex 8.33355 12.472 14
      vertex 3.12487 1.06075 14
      vertex 3.18755 0.854102 14
    endloop
  endfacet
  facet normal 0 0 1
    outer loop
      vertex 8.33355 12.472 14
      vertex 3.0488 1.26285 14
      vertex 3.12487 1.06075 14
    endloop
  endfacet
  facet normal 0 0 1
    outer loop
      vertex 8.33355 12.472 14
      vertex 2.95968 1.45955 14
      vertex 3.0488 1.26285 14
    endloop
  endfacet
  facet normal -0 0 1
    outer loop
      vertex 2.7768 14.5976 14
      vertex 3.88229 14.4889 14
      vertex 2.92635 14.7118 14
    endloop
  endfacet
  facet normal 0 0 1
    outer loop
      vertex 2.7768 14.5976 14
      vertex 2.92635 14.7118 14
      vertex 2.88941 14.7179 14
    endloop
  endfacet
  facet normal 0 0 1
    outer loop
      vertex 8.33355 12.472 14
      vertex 2.85788 1.65 14
      vertex 2.95968 1.45955 14
    endloop
  endfacet
  facet normal 0 0 1
    outer loop
      vertex 3.88229 14.4889 14
      vertex 2.7768 14.5976 14
      vertex 2.58924 14.422 14
    endloop
  endfacet
  facet normal 0 0 1
    outer loop
      vertex 8.33355 12.472 14
      vertex 2.74385 1.83338 14
      vertex 2.85788 1.65 14
    endloop
  endfacet
  facet normal 0 0 1
    outer loop
      vertex 8.33355 12.472 14
      vertex 2.61807 2.00891 14
      vertex 2.74385 1.83338 14
    endloop
  endfacet
  facet normal 0 0 1
    outer loop
      vertex 2.3906 14.259 14
      vertex 3.88229 14.4889 14
      vertex 2.58924 14.422 14
    endloop
  endfacet
  facet normal 0 0 1
    outer loop
      vertex 8.33355 12.472 14
      vertex 2.48107 2.17584 14
      vertex 2.61807 2.00891 14
    endloop
  endfacet
  facet normal 0 0 1
    outer loop
      vertex 2.18172 14.1093 14
      vertex 3.88229 14.4889 14
      vertex 2.3906 14.259 14
    endloop
  endfacet
  facet normal 0 0 1
    outer loop
      vertex 8.33355 12.472 14
      vertex 2.33345 2.33345 14
      vertex 2.48107 2.17584 14
    endloop
  endfacet
  facet normal 0 0 1
    outer loop
      vertex 4.82159 14.204 14
      vertex 2.18172 14.1093 14
      vertex 1.9635 13.9736 14
    endloop
  endfacet
  facet normal 0 0 1
    outer loop
      vertex 8.33355 12.472 14
      vertex 2.17584 2.48107 14
      vertex 2.33345 2.33345 14
    endloop
  endfacet
  facet normal 0 0 1
    outer loop
      vertex 8.33355 12.472 14
      vertex 2.00891 2.61807 14
      vertex 2.17584 2.48107 14
    endloop
  endfacet
  facet normal 0 0 1
    outer loop
      vertex 4.82159 14.204 14
      vertex 1.9635 13.9736 14
      vertex 1.73686 13.8524 14
    endloop
  endfacet
  facet normal 0 0 1
    outer loop
      vertex 8.33355 12.472 14
      vertex 1.83338 2.74385 14
      vertex 2.00891 2.61807 14
    endloop
  endfacet
  facet normal 0 0 1
    outer loop
      vertex 5.74025 13.8582 14
      vertex 1.73686 13.8524 14
      vertex 1.50279 13.7464 14
    endloop
  endfacet
  facet normal 0 0 1
    outer loop
      vertex 7.5 12.9904 14
      vertex 1.65 2.85788 14
      vertex 1.83338 2.74385 14
    endloop
  endfacet
  facet normal 0 0 1
    outer loop
      vertex 5.74025 13.8582 14
      vertex 1.50279 13.7464 14
      vertex 1.45955 2.95968 14
    endloop
  endfacet
  facet normal 0 0 1
    outer loop
      vertex 6.63433 13.4531 14
      vertex 1.45955 2.95968 14
      vertex 1.65 2.85788 14
    endloop
  endfacet
  facet normal 0 0 1
    outer loop
      vertex 1.50279 13.7464 14
      vertex 1.26285 3.0488 14
      vertex 1.45955 2.95968 14
    endloop
  endfacet
  facet normal -0 0 1
    outer loop
      vertex 1.26229 13.6559 14
      vertex 1.26285 3.0488 14
      vertex 1.50279 13.7464 14
    endloop
  endfacet
  facet normal 0 0 1
    outer loop
      vertex 1.26229 13.6559 14
      vertex 1.06075 3.12487 14
      vertex 1.26285 3.0488 14
    endloop
  endfacet
  facet normal -0 0 1
    outer loop
      vertex 1.01638 13.5813 14
      vertex 1.06075 3.12487 14
      vertex 1.26229 13.6559 14
    endloop
  endfacet
  facet normal 0 0 1
    outer loop
      vertex 1.01638 13.5813 14
      vertex 0.854102 3.18755 14
      vertex 1.06075 3.12487 14
    endloop
  endfacet
  facet normal -0 0 1
    outer loop
      vertex 0.766117 13.5229 14
      vertex 0.854102 3.18755 14
      vertex 1.01638 13.5813 14
    endloop
  endfacet
  facet normal 0 0 1
    outer loop
      vertex 0.766117 13.5229 14
      vertex 0.643798 3.23659 14
      vertex 0.854102 3.18755 14
    endloop
  endfacet
  facet normal -0 0 1
    outer loop
      vertex 0.512575 13.4811 14
      vertex 0.643798 3.23659 14
      vertex 0.766117 13.5229 14
    endloop
  endfacet
  facet normal 0 0 1
    outer loop
      vertex 0.512575 13.4811 14
      vertex 0.430736 3.27177 14
      vertex 0.643798 3.23659 14
    endloop
  endfacet
  facet normal -0 0 1
    outer loop
      vertex 0.256837 13.4559 14
      vertex 0.430736 3.27177 14
      vertex 0.512575 13.4811 14
    endloop
  endfacet
  facet normal 0 0 1
    outer loop
      vertex 0.256837 13.4559 14
      vertex 0.21583 3.29293 14
      vertex 0.430736 3.27177 14
    endloop
  endfacet
  facet normal -0 0 1
    outer loop
      vertex 0 13.4475 14
      vertex 0.21583 3.29293 14
      vertex 0.256837 13.4559 14
    endloop
  endfacet
  facet normal 0 0 1
    outer loop
      vertex 0 13.4475 14
      vertex 0 3.3 14
      vertex 0.21583 3.29293 14
    endloop
  endfacet
  facet normal 0 0 1
    outer loop
      vertex 0 13.4475 14
      vertex -0.21583 3.29293 14
      vertex 0 3.3 14
    endloop
  endfacet
  facet normal 0 0 1
    outer loop
      vertex -0.256837 13.4559 14
      vertex -0.21583 3.29293 14
      vertex 0 13.4475 14
    endloop
  endfacet
  facet normal 0 0 1
    outer loop
      vertex -0.256837 13.4559 14
      vertex -0.430736 3.27177 14
      vertex -0.21583 3.29293 14
    endloop
  endfacet
  facet normal 0 0 1
    outer loop
      vertex -0.512575 13.4811 14
      vertex -0.430736 3.27177 14
      vertex -0.256837 13.4559 14
    endloop
  endfacet
  facet normal 0 0 1
    outer loop
      vertex -0.512575 13.4811 14
      vertex -0.643798 3.23659 14
      vertex -0.430736 3.27177 14
    endloop
  endfacet
  facet normal 0 0 1
    outer loop
      vertex -0.766117 13.5229 14
      vertex -0.643798 3.23659 14
      vertex -0.512575 13.4811 14
    endloop
  endfacet
  facet normal 0 0 1
    outer loop
      vertex -0.766117 13.5229 14
      vertex -0.854102 3.18755 14
      vertex -0.643798 3.23659 14
    endloop
  endfacet
  facet normal 0 0 1
    outer loop
      vertex -1.01638 13.5813 14
      vertex -0.854102 3.18755 14
      vertex -0.766117 13.5229 14
    endloop
  endfacet
  facet normal 0 0 1
    outer loop
      vertex -1.01638 13.5813 14
      vertex -1.06075 3.12487 14
      vertex -0.854102 3.18755 14
    endloop
  endfacet
  facet normal 0 0 1
    outer loop
      vertex -1.26229 13.6559 14
      vertex -1.06075 3.12487 14
      vertex -1.01638 13.5813 14
    endloop
  endfacet
  facet normal 0 0 1
    outer loop
      vertex -1.26229 13.6559 14
      vertex -1.26285 3.0488 14
      vertex -1.06075 3.12487 14
    endloop
  endfacet
  facet normal 0 0 1
    outer loop
      vertex -1.50279 13.7464 14
      vertex -1.26285 3.0488 14
      vertex -1.26229 13.6559 14
    endloop
  endfacet
  facet normal -0 0 1
    outer loop
      vertex -8.65752 10.7828 14
      vertex -1.26285 3.0488 14
      vertex -1.50279 13.7464 14
    endloop
  endfacet
  facet normal -0 0 1
    outer loop
      vertex -8.76358 10.5487 14
      vertex -1.26285 3.0488 14
      vertex -8.65752 10.7828 14
    endloop
  endfacet
  facet normal 0 0 1
    outer loop
      vertex -8.65752 10.7828 14
      vertex -1.50279 13.7464 14
      vertex -1.73686 13.8524 14
    endloop
  endfacet
  facet normal 0 0 1
    outer loop
      vertex -1.26285 3.0488 14
      vertex -8.76358 10.5487 14
      vertex -1.45955 2.95968 14
    endloop
  endfacet
  facet normal 0 0 1
    outer loop
      vertex -4.82159 14.204 14
      vertex -1.73686 13.8524 14
      vertex -1.9635 13.9736 14
    endloop
  endfacet
  facet normal -0 0 1
    outer loop
      vertex -8.88472 10.3221 14
      vertex -1.45955 2.95968 14
      vertex -8.76358 10.5487 14
    endloop
  endfacet
  facet normal 0 0 1
    outer loop
      vertex -1.45955 2.95968 14
      vertex -8.88472 10.3221 14
      vertex -1.65 2.85788 14
    endloop
  endfacet
  facet normal 0 0 1
    outer loop
      vertex -4.82159 14.204 14
      vertex -1.9635 13.9736 14
      vertex -2.18172 14.1093 14
    endloop
  endfacet
  facet normal -0 0 1
    outer loop
      vertex -9.02042 10.1039 14
      vertex -1.65 2.85788 14
      vertex -8.88472 10.3221 14
    endloop
  endfacet
  facet normal 0 0 1
    outer loop
      vertex -3.88229 14.4889 14
      vertex -2.18172 14.1093 14
      vertex -2.3906 14.259 14
    endloop
  endfacet
  facet normal 0 0 1
    outer loop
      vertex -1.65 2.85788 14
      vertex -9.02042 10.1039 14
      vertex -1.83338 2.74385 14
    endloop
  endfacet
  facet normal 0 0 1
    outer loop
      vertex -3.88229 14.4889 14
      vertex -2.3906 14.259 14
      vertex -2.58924 14.422 14
    endloop
  endfacet
  facet normal 0 0 1
    outer loop
      vertex -1.83338 2.74385 14
      vertex -9.1701 9.89499 14
      vertex -2.00891 2.61807 14
    endloop
  endfacet
  facet normal -0 0 1
    outer loop
      vertex -9.33312 9.69634 14
      vertex -2.00891 2.61807 14
      vertex -9.1701 9.89499 14
    endloop
  endfacet
  facet normal -0 0 1
    outer loop
      vertex -3.88229 14.4889 14
      vertex -2.58924 14.422 14
      vertex -2.7768 14.5976 14
    endloop
  endfacet
  facet normal 0 0 1
    outer loop
      vertex -1.73686 13.8524 14
      vertex -4.82159 14.204 14
      vertex -5.74025 13.8582 14
    endloop
  endfacet
  facet normal -0 0 1
    outer loop
      vertex -2.92635 14.7118 14
      vertex -2.7768 14.5976 14
      vertex -2.88941 14.7179 14
    endloop
  endfacet
  facet normal 0 0 1
    outer loop
      vertex -3.88229 14.4889 14
      vertex -2.7768 14.5976 14
      vertex -2.92635 14.7118 14
    endloop
  endfacet
  facet normal 0 0 1
    outer loop
      vertex -2.18172 14.1093 14
      vertex -3.88229 14.4889 14
      vertex -4.82159 14.204 14
    endloop
  endfacet
  facet normal 0 0 1
    outer loop
      vertex -2.00891 2.61807 14
      vertex -9.33312 9.69634 14
      vertex -2.17584 2.48107 14
    endloop
  endfacet
  facet normal 0 0 1
    outer loop
      vertex -2.17584 2.48107 14
      vertex -9.33312 9.69634 14
      vertex -2.33345 2.33345 14
    endloop
  endfacet
  facet normal -0 0 1
    outer loop
      vertex -9.50879 9.50879 14
      vertex -2.33345 2.33345 14
      vertex -9.33312 9.69634 14
    endloop
  endfacet
  facet normal 0 0 1
    outer loop
      vertex -2.33345 2.33345 14
      vertex -9.50879 9.50879 14
      vertex -2.48107 2.17584 14
    endloop
  endfacet
  facet normal -0 0 1
    outer loop
      vertex -9.69634 9.33312 14
      vertex -2.48107 2.17584 14
      vertex -9.50879 9.50879 14
    endloop
  endfacet
  facet normal 0 0 1
    outer loop
      vertex -2.48107 2.17584 14
      vertex -9.69634 9.33312 14
      vertex -2.61807 2.00891 14
    endloop
  endfacet
  facet normal -0 0 1
    outer loop
      vertex -9.89499 9.1701 14
      vertex -2.61807 2.00891 14
      vertex -9.69634 9.33312 14
    endloop
  endfacet
  facet normal 0 0 1
    outer loop
      vertex -2.61807 2.00891 14
      vertex -9.89499 9.1701 14
      vertex -2.74385 1.83338 14
    endloop
  endfacet
  facet normal 0 0 1
    outer loop
      vertex -8.49241 11.2692 14
      vertex -6.63433 13.4531 14
      vertex -8.43405 11.5195 14
    endloop
  endfacet
  facet normal 0 0 1
    outer loop
      vertex -3.3 0 14
      vertex -8.36701 -12.0288 14
      vertex -8.3586 -12.2856 14
    endloop
  endfacet
  facet normal 0 0 1
    outer loop
      vertex -8.567 11.0233 14
      vertex -6.63433 13.4531 14
      vertex -8.49241 11.2692 14
    endloop
  endfacet
  facet normal 0 0 1
    outer loop
      vertex -3.3 0 14
      vertex -8.39219 -11.773 14
      vertex -8.36701 -12.0288 14
    endloop
  endfacet
  facet normal -0 0 1
    outer loop
      vertex -6.63433 13.4531 14
      vertex -8.567 11.0233 14
      vertex -5.74025 13.8582 14
    endloop
  endfacet
  facet normal 0 0 1
    outer loop
      vertex -3.3 0 14
      vertex -8.43405 -11.5195 14
      vertex -8.39219 -11.773 14
    endloop
  endfacet
  facet normal 0 0 1
    outer loop
      vertex -8.65752 10.7828 14
      vertex -5.74025 13.8582 14
      vertex -8.567 11.0233 14
    endloop
  endfacet
  facet normal 0 0 1
    outer loop
      vertex -3.3 0 14
      vertex -8.49241 -11.2692 14
      vertex -8.43405 -11.5195 14
    endloop
  endfacet
  facet normal -0 0 1
    outer loop
      vertex -9.1701 9.89499 14
      vertex -1.83338 2.74385 14
      vertex -9.02042 10.1039 14
    endloop
  endfacet
  facet normal 0 0 1
    outer loop
      vertex -3.3 0 14
      vertex -8.567 -11.0233 14
      vertex -8.49241 -11.2692 14
    endloop
  endfacet
  facet normal 0 0 1
    outer loop
      vertex -2.74385 1.83338 14
      vertex -10.1039 9.02042 14
      vertex -2.85788 1.65 14
    endloop
  endfacet
  facet normal 0 0 1
    outer loop
      vertex -3.3 0 14
      vertex -8.65752 -10.7828 14
      vertex -8.567 -11.0233 14
    endloop
  endfacet
  facet normal -0 0 1
    outer loop
      vertex -10.3221 8.88472 14
      vertex -2.85788 1.65 14
      vertex -10.1039 9.02042 14
    endloop
  endfacet
  facet normal 0 0 1
    outer loop
      vertex -3.3 0 14
      vertex -8.76358 -10.5487 14
      vertex -8.65752 -10.7828 14
    endloop
  endfacet
  facet normal 0 0 1
    outer loop
      vertex -2.85788 1.65 14
      vertex -10.3221 8.88472 14
      vertex -2.95968 1.45955 14
    endloop
  endfacet
  facet normal 0 0 1
    outer loop
      vertex -3.3 0 14
      vertex -8.88472 -10.3221 14
      vertex -8.76358 -10.5487 14
    endloop
  endfacet
  facet normal -0 0 1
    outer loop
      vertex -10.5487 8.76358 14
      vertex -2.95968 1.45955 14
      vertex -10.3221 8.88472 14
    endloop
  endfacet
  facet normal 0 0 1
    outer loop
      vertex -3.3 0 14
      vertex -9.02042 -10.1039 14
      vertex -8.88472 -10.3221 14
    endloop
  endfacet
  facet normal 0 0 1
    outer loop
      vertex -2.95968 1.45955 14
      vertex -10.5487 8.76358 14
      vertex -3.0488 1.26285 14
    endloop
  endfacet
  facet normal 0 0 1
    outer loop
      vertex -3.3 0 14
      vertex -9.1701 -9.89499 14
      vertex -9.02042 -10.1039 14
    endloop
  endfacet
  facet normal -0 0 1
    outer loop
      vertex -10.7828 8.65752 14
      vertex -3.0488 1.26285 14
      vertex -10.5487 8.76358 14
    endloop
  endfacet
  facet normal 0 0 1
    outer loop
      vertex -3.3 0 14
      vertex -9.33312 -9.69634 14
      vertex -9.1701 -9.89499 14
    endloop
  endfacet
  facet normal 0 0 1
    outer loop
      vertex -3.0488 1.26285 14
      vertex -13.6559 1.26229 14
      vertex -3.12487 1.06075 14
    endloop
  endfacet
  facet normal 0 0 1
    outer loop
      vertex -3.3 0 14
      vertex -9.50879 -9.50879 14
      vertex -9.33312 -9.69634 14
    endloop
  endfacet
  facet normal 0 -0 1
    outer loop
      vertex -13.5813 1.01638 14
      vertex -3.12487 1.06075 14
      vertex -13.6559 1.26229 14
    endloop
  endfacet
  facet normal 0 0 1
    outer loop
      vertex -13.4559 -0.256837 14
      vertex -3.3 0 14
      vertex -13.4475 0 14
    endloop
  endfacet
  facet normal 0 0 1
    outer loop
      vertex -3.12487 1.06075 14
      vertex -13.5813 1.01638 14
      vertex -3.18755 0.854102 14
    endloop
  endfacet
  facet normal 0 0 1
    outer loop
      vertex -3.3 0 14
      vertex -9.69634 -9.33312 14
      vertex -9.50879 -9.50879 14
    endloop
  endfacet
  facet normal 0 -0 1
    outer loop
      vertex -13.5229 0.766117 14
      vertex -3.18755 0.854102 14
      vertex -13.5813 1.01638 14
    endloop
  endfacet
  facet normal 0 0 1
    outer loop
      vertex -13.4811 -0.512575 14
      vertex -3.3 0 14
      vertex -13.4559 -0.256837 14
    endloop
  endfacet
  facet normal 0 0 1
    outer loop
      vertex -3.18755 0.854102 14
      vertex -13.5229 0.766117 14
      vertex -3.23659 0.643798 14
    endloop
  endfacet
  facet normal 0 0 1
    outer loop
      vertex -3.3 0 14
      vertex -9.89499 -9.1701 14
      vertex -9.69634 -9.33312 14
    endloop
  endfacet
  facet normal 0 -0 1
    outer loop
      vertex -13.4811 0.512575 14
      vertex -3.23659 0.643798 14
      vertex -13.5229 0.766117 14
    endloop
  endfacet
  facet normal 0 0 1
    outer loop
      vertex -13.5229 -0.766117 14
      vertex -3.3 0 14
      vertex -13.4811 -0.512575 14
    endloop
  endfacet
  facet normal -0 0 1
    outer loop
      vertex -13.7464 1.50279 14
      vertex -3.0488 1.26285 14
      vertex -10.7828 8.65752 14
    endloop
  endfacet
  facet normal 0 0 1
    outer loop
      vertex -3.3 0 14
      vertex -10.1039 -9.02042 14
      vertex -9.89499 -9.1701 14
    endloop
  endfacet
  facet normal 0 0 1
    outer loop
      vertex -13.7464 1.50279 14
      vertex -10.7828 8.65752 14
      vertex -11.0233 8.567 14
    endloop
  endfacet
  facet normal 0 0 1
    outer loop
      vertex -13.5813 -1.01638 14
      vertex -3.3 0 14
      vertex -13.5229 -0.766117 14
    endloop
  endfacet
  facet normal 0 0 1
    outer loop
      vertex -13.4531 6.63433 14
      vertex -11.0233 8.567 14
      vertex -11.2692 8.49241 14
    endloop
  endfacet
  facet normal 0 0 1
    outer loop
      vertex -3.3 0 14
      vertex -10.3221 -8.88472 14
      vertex -10.1039 -9.02042 14
    endloop
  endfacet
  facet normal 0 0 1
    outer loop
      vertex -13.4531 6.63433 14
      vertex -11.2692 8.49241 14
      vertex -11.5195 8.43405 14
    endloop
  endfacet
  facet normal 0 0 1
    outer loop
      vertex -13.6559 -1.26229 14
      vertex -3.3 0 14
      vertex -13.5813 -1.01638 14
    endloop
  endfacet
  facet normal 0 0 1
    outer loop
      vertex -12.9904 7.5 14
      vertex -11.5195 8.43405 14
      vertex -11.773 8.39219 14
    endloop
  endfacet
  facet normal 0 0 1
    outer loop
      vertex -3.3 0 14
      vertex -10.5487 -8.76358 14
      vertex -10.3221 -8.88472 14
    endloop
  endfacet
  facet normal 0 0 1
    outer loop
      vertex -12.9904 7.5 14
      vertex -11.773 8.39219 14
      vertex -12.0288 8.36701 14
    endloop
  endfacet
  facet normal 0 0 1
    outer loop
      vertex -3.3 0 14
      vertex -13.6559 -1.26229 14
      vertex -10.5487 -8.76358 14
    endloop
  endfacet
  facet normal 0 0 1
    outer loop
      vertex -12.9904 7.5 14
      vertex -12.0288 8.36701 14
      vertex -12.2856 8.3586 14
    endloop
  endfacet
  facet normal 0 0 1
    outer loop
      vertex -10.5487 -8.76358 14
      vertex -13.6559 -1.26229 14
      vertex -10.7828 -8.65752 14
    endloop
  endfacet
  facet normal 0 0 1
    outer loop
      vertex -12.472 8.33355 14
      vertex -12.2856 8.3586 14
      vertex -12.4502 8.36399 14
    endloop
  endfacet
  facet normal -0 0 1
    outer loop
      vertex -13.7464 -1.50279 14
      vertex -10.7828 -8.65752 14
      vertex -13.6559 -1.26229 14
    endloop
  endfacet
  facet normal 0 0 1
    outer loop
      vertex -12.9904 7.5 14
      vertex -12.2856 8.3586 14
      vertex -12.472 8.33355 14
    endloop
  endfacet
  facet normal 0 0 1
    outer loop
      vertex -10.7828 -8.65752 14
      vertex -13.7464 -1.50279 14
      vertex -11.0233 -8.567 14
    endloop
  endfacet
  facet normal 0 0 1
    outer loop
      vertex -11.5195 8.43405 14
      vertex -12.9904 7.5 14
      vertex -13.4531 6.63433 14
    endloop
  endfacet
  facet normal -0 0 1
    outer loop
      vertex -13.8582 -5.74025 14
      vertex -11.0233 -8.567 14
      vertex -13.7464 -1.50279 14
    endloop
  endfacet
  facet normal -0 -0 1
    outer loop
      vertex -13.4531 -6.63433 14
      vertex -11.0233 -8.567 14
      vertex -13.8582 -5.74025 14
    endloop
  endfacet
  facet normal 0 0 1
    outer loop
      vertex -11.0233 8.567 14
      vertex -13.4531 6.63433 14
      vertex -13.8582 5.74025 14
    endloop
  endfacet
  facet normal 0 0 1
    outer loop
      vertex -3.3 0 14
      vertex -13.4559 0.256837 14
      vertex -13.4475 0 14
    endloop
  endfacet
  facet normal 0 0 1
    outer loop
      vertex -3.29293 0.21583 14
      vertex -13.4559 0.256837 14
      vertex -3.3 0 14
    endloop
  endfacet
  facet normal 0 0 1
    outer loop
      vertex -3.27177 0.430736 14
      vertex -13.4559 0.256837 14
      vertex -3.29293 0.21583 14
    endloop
  endfacet
  facet normal 0 -0 1
    outer loop
      vertex -13.4559 0.256837 14
      vertex -3.27177 0.430736 14
      vertex -13.4811 0.512575 14
    endloop
  endfacet
  facet normal 0 0 1
    outer loop
      vertex -3.23659 0.643798 14
      vertex -13.4811 0.512575 14
      vertex -3.27177 0.430736 14
    endloop
  endfacet
  facet normal 0 0 1
    outer loop
      vertex -3.0488 1.26285 14
      vertex -13.7464 1.50279 14
      vertex -13.6559 1.26229 14
    endloop
  endfacet
  facet normal 0 0 1
    outer loop
      vertex -11.0233 8.567 14
      vertex -13.8582 5.74025 14
      vertex -13.7464 1.50279 14
    endloop
  endfacet
  facet normal 0 0 1
    outer loop
      vertex -13.7464 1.50279 14
      vertex -13.8582 5.74025 14
      vertex -13.8524 1.73686 14
    endloop
  endfacet
  facet normal -0 0 1
    outer loop
      vertex -14.204 4.82159 14
      vertex -13.8524 1.73686 14
      vertex -13.8582 5.74025 14
    endloop
  endfacet
  facet normal 0 0 1
    outer loop
      vertex -13.8524 1.73686 14
      vertex -14.204 4.82159 14
      vertex -13.9736 1.9635 14
    endloop
  endfacet
  facet normal 0 0 1
    outer loop
      vertex -13.9736 1.9635 14
      vertex -14.204 4.82159 14
      vertex -14.1093 2.18172 14
    endloop
  endfacet
  facet normal -0 0 1
    outer loop
      vertex -14.4889 3.88229 14
      vertex -14.1093 2.18172 14
      vertex -14.204 4.82159 14
    endloop
  endfacet
  facet normal 0 0 1
    outer loop
      vertex -14.1093 2.18172 14
      vertex -14.4889 3.88229 14
      vertex -14.259 2.3906 14
    endloop
  endfacet
  facet normal 0 0 1
    outer loop
      vertex -14.259 2.3906 14
      vertex -14.4889 3.88229 14
      vertex -14.422 2.58924 14
    endloop
  endfacet
  facet normal 0 0 1
    outer loop
      vertex -14.4889 3.88229 14
      vertex -14.5976 2.7768 14
      vertex -14.422 2.58924 14
    endloop
  endfacet
  facet normal -0 0 1
    outer loop
      vertex -14.7118 2.92635 14
      vertex -14.5976 2.7768 14
      vertex -14.4889 3.88229 14
    endloop
  endfacet
  facet normal 0 0 1
    outer loop
      vertex -14.5976 2.7768 14
      vertex -14.7118 2.92635 14
      vertex -14.7179 2.88941 14
    endloop
  endfacet
  facet normal 0 0 1
    outer loop
      vertex -7.5 -12.9904 14
      vertex -8.3586 -12.2856 14
      vertex -8.33355 -12.472 14
    endloop
  endfacet
  facet normal 0 0 1
    outer loop
      vertex -8.33355 -12.472 14
      vertex -8.3586 -12.2856 14
      vertex -8.36399 -12.4502 14
    endloop
  endfacet
  facet normal 0 0 1
    outer loop
      vertex -11.0233 -8.567 14
      vertex -13.4531 -6.63433 14
      vertex -11.2692 -8.49241 14
    endloop
  endfacet
  facet normal 0 0 1
    outer loop
      vertex -11.2692 -8.49241 14
      vertex -13.4531 -6.63433 14
      vertex -11.5195 -8.43405 14
    endloop
  endfacet
  facet normal 0 0 1
    outer loop
      vertex -12.2856 -8.3586 14
      vertex -12.472 -8.33355 14
      vertex -12.4502 -8.36399 14
    endloop
  endfacet
  facet normal 0 0 1
    outer loop
      vertex -12.2856 -8.3586 14
      vertex -12.9904 -7.5 14
      vertex -12.472 -8.33355 14
    endloop
  endfacet
  facet normal 0 0 1
    outer loop
      vertex -11.773 -8.39219 14
      vertex -12.9904 -7.5 14
      vertex -12.0288 -8.36701 14
    endloop
  endfacet
  facet normal 0 0 1
    outer loop
      vertex -12.0288 -8.36701 14
      vertex -12.9904 -7.5 14
      vertex -12.2856 -8.3586 14
    endloop
  endfacet
  facet normal 0 0 1
    outer loop
      vertex -11.5195 -8.43405 14
      vertex -12.9904 -7.5 14
      vertex -11.773 -8.39219 14
    endloop
  endfacet
  facet normal 0 0 1
    outer loop
      vertex -13.8582 -5.74025 14
      vertex -13.7464 -1.50279 14
      vertex -13.8524 -1.73686 14
    endloop
  endfacet
  facet normal -0 -0 1
    outer loop
      vertex -12.9904 -7.5 14
      vertex -11.5195 -8.43405 14
      vertex -13.4531 -6.63433 14
    endloop
  endfacet
  facet normal 0 0 1
    outer loop
      vertex -14.204 -4.82159 14
      vertex -13.8524 -1.73686 14
      vertex -13.9736 -1.9635 14
    endloop
  endfacet
  facet normal 0 0 1
    outer loop
      vertex -14.204 -4.82159 14
      vertex -13.9736 -1.9635 14
      vertex -14.1093 -2.18172 14
    endloop
  endfacet
  facet normal 0 0 1
    outer loop
      vertex -13.8524 -1.73686 14
      vertex -14.204 -4.82159 14
      vertex -13.8582 -5.74025 14
    endloop
  endfacet
  facet normal 0 0 1
    outer loop
      vertex -14.4889 -3.88229 14
      vertex -14.1093 -2.18172 14
      vertex -14.259 -2.3906 14
    endloop
  endfacet
  facet normal 0 0 1
    outer loop
      vertex -14.4889 -3.88229 14
      vertex -14.259 -2.3906 14
      vertex -14.422 -2.58924 14
    endloop
  endfacet
  facet normal 0 0 1
    outer loop
      vertex -14.1093 -2.18172 14
      vertex -14.4889 -3.88229 14
      vertex -14.204 -4.82159 14
    endloop
  endfacet
  facet normal -0 0 1
    outer loop
      vertex -14.5976 -2.7768 14
      vertex -14.4889 -3.88229 14
      vertex -14.422 -2.58924 14
    endloop
  endfacet
  facet normal 0 0 1
    outer loop
      vertex -14.5976 -2.7768 14
      vertex -14.7118 -2.92635 14
      vertex -14.4889 -3.88229 14
    endloop
  endfacet
  facet normal 0 -0 1
    outer loop
      vertex -14.7118 -2.92635 14
      vertex -14.5976 -2.7768 14
      vertex -14.7179 -2.88941 14
    endloop
  endfacet
  facet normal -0 0 1
    outer loop
      vertex 1.65 -2.85788 14
      vertex 9.02042 -10.1039 14
      vertex 1.83338 -2.74385 14
    endloop
  endfacet
  facet normal 0 0 1
    outer loop
      vertex 9.02042 -10.1039 14
      vertex 1.65 -2.85788 14
      vertex 8.88472 -10.3221 14
    endloop
  endfacet
  facet normal -0 0 1
    outer loop
      vertex 1.45955 -2.95968 14
      vertex 8.88472 -10.3221 14
      vertex 1.65 -2.85788 14
    endloop
  endfacet
  facet normal 0 0 1
    outer loop
      vertex 8.88472 -10.3221 14
      vertex 1.45955 -2.95968 14
      vertex 8.76358 -10.5487 14
    endloop
  endfacet
  facet normal -0 0 1
    outer loop
      vertex 1.26285 -3.0488 14
      vertex 8.76358 -10.5487 14
      vertex 1.45955 -2.95968 14
    endloop
  endfacet
  facet normal 0 0 1
    outer loop
      vertex 8.76358 -10.5487 14
      vertex 1.26285 -3.0488 14
      vertex 8.65752 -10.7828 14
    endloop
  endfacet
  facet normal 0 -0 1
    outer loop
      vertex 1.50279 -13.7464 14
      vertex 8.65752 -10.7828 14
      vertex 1.26285 -3.0488 14
    endloop
  endfacet
  facet normal 0 0 1
    outer loop
      vertex 8.65752 -10.7828 14
      vertex 1.50279 -13.7464 14
      vertex 8.567 -11.0233 14
    endloop
  endfacet
  facet normal 0 -0 1
    outer loop
      vertex 5.74025 -13.8582 14
      vertex 8.567 -11.0233 14
      vertex 1.50279 -13.7464 14
    endloop
  endfacet
  facet normal 0 -0 1
    outer loop
      vertex 6.63433 -13.4531 14
      vertex 8.567 -11.0233 14
      vertex 5.74025 -13.8582 14
    endloop
  endfacet
  facet normal 0 0 1
    outer loop
      vertex 8.3586 -12.2856 14
      vertex 7.5 -12.9904 14
      vertex 8.33355 -12.472 14
    endloop
  endfacet
  facet normal 0 0 1
    outer loop
      vertex 8.39219 -11.773 14
      vertex 7.5 -12.9904 14
      vertex 8.36701 -12.0288 14
    endloop
  endfacet
  facet normal 0 0 1
    outer loop
      vertex 8.36701 -12.0288 14
      vertex 7.5 -12.9904 14
      vertex 8.3586 -12.2856 14
    endloop
  endfacet
  facet normal 0 0 1
    outer loop
      vertex 2.92635 -14.7118 14
      vertex 2.7768 -14.5976 14
      vertex 2.88941 -14.7179 14
    endloop
  endfacet
  facet normal 0 -0 1
    outer loop
      vertex 2.7768 -14.5976 14
      vertex 3.88229 -14.4889 14
      vertex 2.58924 -14.422 14
    endloop
  endfacet
  facet normal 0 0 1
    outer loop
      vertex 3.88229 -14.4889 14
      vertex 2.7768 -14.5976 14
      vertex 2.92635 -14.7118 14
    endloop
  endfacet
  facet normal 0 0 1
    outer loop
      vertex 8.43405 -11.5195 14
      vertex 7.5 -12.9904 14
      vertex 8.39219 -11.773 14
    endloop
  endfacet
  facet normal 0 0 1
    outer loop
      vertex 3.88229 -14.4889 14
      vertex 2.3906 -14.259 14
      vertex 2.58924 -14.422 14
    endloop
  endfacet
  facet normal 0 -0 1
    outer loop
      vertex 7.5 -12.9904 14
      vertex 8.43405 -11.5195 14
      vertex 6.63433 -13.4531 14
    endloop
  endfacet
  facet normal 0 0 1
    outer loop
      vertex 3.88229 -14.4889 14
      vertex 2.18172 -14.1093 14
      vertex 2.3906 -14.259 14
    endloop
  endfacet
  facet normal 0 0 1
    outer loop
      vertex 8.49241 -11.2692 14
      vertex 6.63433 -13.4531 14
      vertex 8.43405 -11.5195 14
    endloop
  endfacet
  facet normal 0 0 1
    outer loop
      vertex 4.82159 -14.204 14
      vertex 2.18172 -14.1093 14
      vertex 3.88229 -14.4889 14
    endloop
  endfacet
  facet normal -0 -0 1
    outer loop
      vertex 1.9635 -13.9736 14
      vertex 4.82159 -14.204 14
      vertex 1.73686 -13.8524 14
    endloop
  endfacet
  facet normal -0 -0 1
    outer loop
      vertex 2.18172 -14.1093 14
      vertex 4.82159 -14.204 14
      vertex 1.9635 -13.9736 14
    endloop
  endfacet
  facet normal -0 -0 1
    outer loop
      vertex 1.73686 -13.8524 14
      vertex 5.74025 -13.8582 14
      vertex 1.50279 -13.7464 14
    endloop
  endfacet
  facet normal 0 0 1
    outer loop
      vertex 5.74025 -13.8582 14
      vertex 1.73686 -13.8524 14
      vertex 4.82159 -14.204 14
    endloop
  endfacet
  facet normal 0 0 1
    outer loop
      vertex 8.567 -11.0233 14
      vertex 6.63433 -13.4531 14
      vertex 8.49241 -11.2692 14
    endloop
  endfacet
  facet normal 0 0 1
    outer loop
      vertex 1.26285 -3.0488 14
      vertex 1.26229 -13.6559 14
      vertex 1.50279 -13.7464 14
    endloop
  endfacet
  facet normal -0 0 1
    outer loop
      vertex 1.06075 -3.12487 14
      vertex 1.26229 -13.6559 14
      vertex 1.26285 -3.0488 14
    endloop
  endfacet
  facet normal 0 0 1
    outer loop
      vertex 1.06075 -3.12487 14
      vertex 1.01638 -13.5813 14
      vertex 1.26229 -13.6559 14
    endloop
  endfacet
  facet normal -0 0 1
    outer loop
      vertex 0.854102 -3.18755 14
      vertex 1.01638 -13.5813 14
      vertex 1.06075 -3.12487 14
    endloop
  endfacet
  facet normal 0 0 1
    outer loop
      vertex 0.854102 -3.18755 14
      vertex 0.766117 -13.5229 14
      vertex 1.01638 -13.5813 14
    endloop
  endfacet
  facet normal -0 0 1
    outer loop
      vertex 0.643798 -3.23659 14
      vertex 0.766117 -13.5229 14
      vertex 0.854102 -3.18755 14
    endloop
  endfacet
  facet normal 0 0 1
    outer loop
      vertex 0.643798 -3.23659 14
      vertex 0.512575 -13.4811 14
      vertex 0.766117 -13.5229 14
    endloop
  endfacet
  facet normal -0 0 1
    outer loop
      vertex 0.430736 -3.27177 14
      vertex 0.512575 -13.4811 14
      vertex 0.643798 -3.23659 14
    endloop
  endfacet
  facet normal 0 0 1
    outer loop
      vertex 0.430736 -3.27177 14
      vertex 0.256837 -13.4559 14
      vertex 0.512575 -13.4811 14
    endloop
  endfacet
  facet normal -0 0 1
    outer loop
      vertex 0.21583 -3.29293 14
      vertex 0.256837 -13.4559 14
      vertex 0.430736 -3.27177 14
    endloop
  endfacet
  facet normal -0 0 1
    outer loop
      vertex 0 -3.3 14
      vertex 0.256837 -13.4559 14
      vertex 0.21583 -3.29293 14
    endloop
  endfacet
  facet normal 0 0 1
    outer loop
      vertex 0 -3.3 14
      vertex 0 -13.4475 14
      vertex 0.256837 -13.4559 14
    endloop
  endfacet
  facet normal 0 0 1
    outer loop
      vertex -0.21583 -3.29293 14
      vertex 0 -13.4475 14
      vertex 0 -3.3 14
    endloop
  endfacet
  facet normal 0 0 1
    outer loop
      vertex -0.21583 -3.29293 14
      vertex -0.256837 -13.4559 14
      vertex 0 -13.4475 14
    endloop
  endfacet
  facet normal 0 0 1
    outer loop
      vertex -0.430736 -3.27177 14
      vertex -0.256837 -13.4559 14
      vertex -0.21583 -3.29293 14
    endloop
  endfacet
  facet normal 0 0 1
    outer loop
      vertex -0.430736 -3.27177 14
      vertex -0.512575 -13.4811 14
      vertex -0.256837 -13.4559 14
    endloop
  endfacet
  facet normal 0 0 1
    outer loop
      vertex -0.643798 -3.23659 14
      vertex -0.512575 -13.4811 14
      vertex -0.430736 -3.27177 14
    endloop
  endfacet
  facet normal 0 0 1
    outer loop
      vertex -0.643798 -3.23659 14
      vertex -0.766117 -13.5229 14
      vertex -0.512575 -13.4811 14
    endloop
  endfacet
  facet normal 0 0 1
    outer loop
      vertex -0.854102 -3.18755 14
      vertex -0.766117 -13.5229 14
      vertex -0.643798 -3.23659 14
    endloop
  endfacet
  facet normal 0 0 1
    outer loop
      vertex -0.854102 -3.18755 14
      vertex -1.01638 -13.5813 14
      vertex -0.766117 -13.5229 14
    endloop
  endfacet
  facet normal 0 0 1
    outer loop
      vertex -1.06075 -3.12487 14
      vertex -1.01638 -13.5813 14
      vertex -0.854102 -3.18755 14
    endloop
  endfacet
  facet normal 0 0 1
    outer loop
      vertex -1.06075 -3.12487 14
      vertex -1.26229 -13.6559 14
      vertex -1.01638 -13.5813 14
    endloop
  endfacet
  facet normal 0 0 1
    outer loop
      vertex -1.26285 -3.0488 14
      vertex -1.26229 -13.6559 14
      vertex -1.06075 -3.12487 14
    endloop
  endfacet
  facet normal 0 0 1
    outer loop
      vertex -1.50279 -13.7464 14
      vertex -1.26285 -3.0488 14
      vertex -1.45955 -2.95968 14
    endloop
  endfacet
  facet normal 0 0 1
    outer loop
      vertex -1.26285 -3.0488 14
      vertex -1.50279 -13.7464 14
      vertex -1.26229 -13.6559 14
    endloop
  endfacet
  facet normal 0 0 1
    outer loop
      vertex -6.63433 -13.4531 14
      vertex -1.45955 -2.95968 14
      vertex -1.65 -2.85788 14
    endloop
  endfacet
  facet normal 0 0 1
    outer loop
      vertex -1.45955 -2.95968 14
      vertex -5.74025 -13.8582 14
      vertex -1.50279 -13.7464 14
    endloop
  endfacet
  facet normal 0 0 1
    outer loop
      vertex -8.3586 -12.2856 14
      vertex -1.65 -2.85788 14
      vertex -1.83338 -2.74385 14
    endloop
  endfacet
  facet normal 0 0 1
    outer loop
      vertex -1.50279 -13.7464 14
      vertex -5.74025 -13.8582 14
      vertex -1.73686 -13.8524 14
    endloop
  endfacet
  facet normal 0 0 1
    outer loop
      vertex -8.3586 -12.2856 14
      vertex -1.83338 -2.74385 14
      vertex -2.00891 -2.61807 14
    endloop
  endfacet
  facet normal 0 0 1
    outer loop
      vertex -8.3586 -12.2856 14
      vertex -2.00891 -2.61807 14
      vertex -2.17584 -2.48107 14
    endloop
  endfacet
  facet normal 0 -0 1
    outer loop
      vertex -4.82159 -14.204 14
      vertex -1.73686 -13.8524 14
      vertex -5.74025 -13.8582 14
    endloop
  endfacet
  facet normal 0 0 1
    outer loop
      vertex -8.3586 -12.2856 14
      vertex -2.17584 -2.48107 14
      vertex -2.33345 -2.33345 14
    endloop
  endfacet
  facet normal 0 0 1
    outer loop
      vertex -1.73686 -13.8524 14
      vertex -4.82159 -14.204 14
      vertex -1.9635 -13.9736 14
    endloop
  endfacet
  facet normal 0 0 1
    outer loop
      vertex -8.3586 -12.2856 14
      vertex -2.33345 -2.33345 14
      vertex -2.48107 -2.17584 14
    endloop
  endfacet
  facet normal 0 0 1
    outer loop
      vertex -1.9635 -13.9736 14
      vertex -4.82159 -14.204 14
      vertex -2.18172 -14.1093 14
    endloop
  endfacet
  facet normal 0 0 1
    outer loop
      vertex -8.3586 -12.2856 14
      vertex -2.48107 -2.17584 14
      vertex -2.61807 -2.00891 14
    endloop
  endfacet
  facet normal 0 0 1
    outer loop
      vertex -8.3586 -12.2856 14
      vertex -2.61807 -2.00891 14
      vertex -2.74385 -1.83338 14
    endloop
  endfacet
  facet normal 0 0 1
    outer loop
      vertex -2.18172 -14.1093 14
      vertex -3.88229 -14.4889 14
      vertex -2.3906 -14.259 14
    endloop
  endfacet
  facet normal 0 0 1
    outer loop
      vertex -8.3586 -12.2856 14
      vertex -2.74385 -1.83338 14
      vertex -2.85788 -1.65 14
    endloop
  endfacet
  facet normal 0 0 1
    outer loop
      vertex -2.3906 -14.259 14
      vertex -3.88229 -14.4889 14
      vertex -2.58924 -14.422 14
    endloop
  endfacet
  facet normal 0 0 1
    outer loop
      vertex -2.7768 -14.5976 14
      vertex -2.92635 -14.7118 14
      vertex -2.88941 -14.7179 14
    endloop
  endfacet
  facet normal 0 0 1
    outer loop
      vertex -8.3586 -12.2856 14
      vertex -2.85788 -1.65 14
      vertex -2.95968 -1.45955 14
    endloop
  endfacet
  facet normal 0 0 1
    outer loop
      vertex -8.3586 -12.2856 14
      vertex -2.95968 -1.45955 14
      vertex -3.0488 -1.26285 14
    endloop
  endfacet
  facet normal 0 0 1
    outer loop
      vertex -8.3586 -12.2856 14
      vertex -3.0488 -1.26285 14
      vertex -3.12487 -1.06075 14
    endloop
  endfacet
  facet normal 0 0 1
    outer loop
      vertex -8.3586 -12.2856 14
      vertex -3.12487 -1.06075 14
      vertex -3.18755 -0.854102 14
    endloop
  endfacet
  facet normal 0 0 1
    outer loop
      vertex -8.3586 -12.2856 14
      vertex -3.18755 -0.854102 14
      vertex -3.23659 -0.643798 14
    endloop
  endfacet
  facet normal 0 0 1
    outer loop
      vertex -8.3586 -12.2856 14
      vertex -3.23659 -0.643798 14
      vertex -3.27177 -0.430736 14
    endloop
  endfacet
  facet normal 0 0 1
    outer loop
      vertex -8.3586 -12.2856 14
      vertex -3.27177 -0.430736 14
      vertex -3.29293 -0.21583 14
    endloop
  endfacet
  facet normal 0 0 1
    outer loop
      vertex -8.3586 -12.2856 14
      vertex -3.29293 -0.21583 14
      vertex -3.3 0 14
    endloop
  endfacet
  facet normal 0 0 1
    outer loop
      vertex -1.73686 13.8524 14
      vertex -5.74025 13.8582 14
      vertex -8.65752 10.7828 14
    endloop
  endfacet
  facet normal -0 0 1
    outer loop
      vertex -7.5 12.9904 14
      vertex -8.43405 11.5195 14
      vertex -6.63433 13.4531 14
    endloop
  endfacet
  facet normal -0 0 1
    outer loop
      vertex -10.1039 9.02042 14
      vertex -2.74385 1.83338 14
      vertex -9.89499 9.1701 14
    endloop
  endfacet
  facet normal 0 0 1
    outer loop
      vertex -2.7768 -14.5976 14
      vertex -3.88229 -14.4889 14
      vertex -2.92635 -14.7118 14
    endloop
  endfacet
  facet normal 0 0 1
    outer loop
      vertex -8.43405 11.5195 14
      vertex -7.5 12.9904 14
      vertex -8.39219 11.773 14
    endloop
  endfacet
  facet normal 0 0 1
    outer loop
      vertex -2.58924 -14.422 14
      vertex -3.88229 -14.4889 14
      vertex -2.7768 -14.5976 14
    endloop
  endfacet
  facet normal 0 0 1
    outer loop
      vertex -8.39219 11.773 14
      vertex -7.5 12.9904 14
      vertex -8.36701 12.0288 14
    endloop
  endfacet
  facet normal 0 -0 1
    outer loop
      vertex -3.88229 -14.4889 14
      vertex -2.18172 -14.1093 14
      vertex -4.82159 -14.204 14
    endloop
  endfacet
  facet normal 0 0 1
    outer loop
      vertex -8.36701 12.0288 14
      vertex -7.5 12.9904 14
      vertex -8.3586 12.2856 14
    endloop
  endfacet
  facet normal 0 0 1
    outer loop
      vertex -1.45955 -2.95968 14
      vertex -6.63433 -13.4531 14
      vertex -5.74025 -13.8582 14
    endloop
  endfacet
  facet normal 0 0 1
    outer loop
      vertex -8.3586 12.2856 14
      vertex -7.5 12.9904 14
      vertex -8.33355 12.472 14
    endloop
  endfacet
  facet normal -0 0 1
    outer loop
      vertex -8.3586 -12.2856 14
      vertex -6.63433 -13.4531 14
      vertex -1.65 -2.85788 14
    endloop
  endfacet
  facet normal 0 0 1
    outer loop
      vertex -6.63433 -13.4531 14
      vertex -8.3586 -12.2856 14
      vertex -7.5 -12.9904 14
    endloop
  endfacet
  facet normal 0 -0 1
    outer loop
      vertex -8.3586 12.2856 14
      vertex -8.33355 12.472 14
      vertex -8.36399 12.4502 14
    endloop
  endfacet
  facet normal 0.62376 -0.333436 -0.706926
    outer loop
      vertex 13.8564 -8 1
      vertex 13.4531 -6.63433 0
      vertex 14.35 -7.07662 1
    endloop
  endfacet
  facet normal -0.661947 -0.249168 -0.706924
    outer loop
      vertex -13.8582 -5.74025 0
      vertex -14.7821 -6.12293 1
      vertex -14.204 -4.82159 0
    endloop
  endfacet
  facet normal -0.644246 -0.291902 -0.706924
    outer loop
      vertex -13.4531 -6.63433 0
      vertex -14.7821 -6.12293 1
      vertex -13.8582 -5.74025 0
    endloop
  endfacet
  facet normal 0.290257 -0.956949 0
    outer loop
      vertex 4.1411 -15.4548 1
      vertex 5.14303 -15.1509 13
      vertex 4.1411 -15.4548 13
    endloop
  endfacet
  facet normal 0.290257 -0.956949 0
    outer loop
      vertex 5.14303 -15.1509 13
      vertex 4.1411 -15.4548 1
      vertex 5.14303 -15.1509 1
    endloop
  endfacet
  facet normal 0.352243 -0.935909 0
    outer loop
      vertex 5.14303 -15.1509 1
      vertex 6.12293 -14.7821 13
      vertex 5.14303 -15.1509 13
    endloop
  endfacet
  facet normal 0.352243 -0.935909 0
    outer loop
      vertex 6.12293 -14.7821 13
      vertex 5.14303 -15.1509 1
      vertex 6.12293 -14.7821 1
    endloop
  endfacet
  facet normal 0.333415 -0.62379 -0.706909
    outer loop
      vertex 8 -13.8564 1
      vertex 6.63433 -13.4531 0
      vertex 7.5 -12.9904 0
    endloop
  endfacet
  facet normal 0.333436 -0.62376 0.706926
    outer loop
      vertex 8 -13.8564 13
      vertex 6.63433 -13.4531 14
      vertex 7.07662 -14.35 13
    endloop
  endfacet
  facet normal 0.881904 -0.471429 0
    outer loop
      vertex 13.8564 -8 13
      vertex 14.35 -7.07662 1
      vertex 14.35 -7.07662 13
    endloop
  endfacet
  facet normal 0.881904 -0.471429 0
    outer loop
      vertex 14.35 -7.07662 1
      vertex 13.8564 -8 13
      vertex 13.8564 -8 1
    endloop
  endfacet
  facet normal -0.62379 0.333415 0.706909
    outer loop
      vertex -12.9904 7.5 14
      vertex -13.8564 8 13
      vertex -13.4531 6.63433 14
    endloop
  endfacet
  facet normal 0.600664 -0.373524 0.706882
    outer loop
      vertex 13.8564 -8 13
      vertex 13.302 -8.49241 13.2109
      vertex 13.5108 -8.55576 13
    endloop
  endfacet
  facet normal 0.600641 -0.373478 0.706926
    outer loop
      vertex 13.8564 -8 13
      vertex 13.0517 -8.43405 13.4544
      vertex 13.302 -8.49241 13.2109
    endloop
  endfacet
  facet normal 0.60064 -0.373473 0.70693
    outer loop
      vertex 13.8564 -8 13
      vertex 12.7982 -8.39219 13.6919
      vertex 13.0517 -8.43405 13.4544
    endloop
  endfacet
  facet normal 0.600638 -0.373369 0.706986
    outer loop
      vertex 12.472 -8.33355 14
      vertex 12.7982 -8.39219 13.6919
      vertex 13.8564 -8 13
    endloop
  endfacet
  facet normal 0.600416 -0.373958 0.706864
    outer loop
      vertex 12.7982 -8.39219 13.6919
      vertex 12.472 -8.33355 14
      vertex 12.5424 -8.36701 13.9225
    endloop
  endfacet
  facet normal 0.601891 -0.371253 0.707035
    outer loop
      vertex 12.5424 -8.36701 13.9225
      vertex 12.472 -8.33355 14
      vertex 12.5211 -8.36631 13.941
    endloop
  endfacet
  facet normal 0.697961 -0.115256 -0.7068
    outer loop
      vertex 14.7696 -2.93786 0.0589541
      vertex 14.7118 -2.92635 0
      vertex 14.7179 -2.88941 0
    endloop
  endfacet
  facet normal 0.956949 -0.290257 0
    outer loop
      vertex 15.1509 -5.14303 13
      vertex 15.4548 -4.1411 1
      vertex 15.4548 -4.1411 13
    endloop
  endfacet
  facet normal 0.956949 -0.290257 0
    outer loop
      vertex 15.4548 -4.1411 1
      vertex 15.1509 -5.14303 13
      vertex 15.1509 -5.14303 1
    endloop
  endfacet
  facet normal -0.160616 -0.688828 -0.706908
    outer loop
      vertex -2.92635 -14.7118 0
      vertex -4.1411 -15.4548 1
      vertex -3.88229 -14.4889 0
    endloop
  endfacet
  facet normal 0.676856 -0.205298 -0.706908
    outer loop
      vertex 15.4548 -4.1411 1
      vertex 14.204 -4.82159 0
      vertex 14.4889 -3.88229 0
    endloop
  endfacet
  facet normal 0.97388 -0.227063 0
    outer loop
      vertex 15.4548 -4.1411 13
      vertex 15.6034 -3.50375 1
      vertex 15.6034 -3.50375 13
    endloop
  endfacet
  facet normal 0.97388 -0.227063 0
    outer loop
      vertex 15.6034 -3.50375 1
      vertex 15.4548 -4.1411 13
      vertex 15.4548 -4.1411 1
    endloop
  endfacet
  facet normal 0.688936 -0.160628 -0.706799
    outer loop
      vertex 15.4548 -4.1411 1
      vertex 15.411 -3.40087 0.789082
      vertex 15.6034 -3.50375 1
    endloop
  endfacet
  facet normal 0.688661 -0.160715 -0.707048
    outer loop
      vertex 15.4548 -4.1411 1
      vertex 15.1927 -3.26517 0.545614
      vertex 15.411 -3.40087 0.789082
    endloop
  endfacet
  facet normal 0.688783 -0.160627 -0.706949
    outer loop
      vertex 15.4548 -4.1411 1
      vertex 14.9838 -3.11549 0.308073
      vertex 15.1927 -3.26517 0.545614
    endloop
  endfacet
  facet normal 0.688976 -0.16044 -0.706803
    outer loop
      vertex 14.7118 -2.92635 0
      vertex 14.9838 -3.11549 0.308073
      vertex 15.4548 -4.1411 1
    endloop
  endfacet
  facet normal 0.688947 -0.160503 -0.706817
    outer loop
      vertex 14.9838 -3.11549 0.308073
      vertex 14.7118 -2.92635 0
      vertex 14.7852 -2.95247 0.0774756
    endloop
  endfacet
  facet normal 0.688987 -0.160367 -0.706809
    outer loop
      vertex 14.7852 -2.95247 0.0774756
      vertex 14.7118 -2.92635 0
      vertex 14.7696 -2.93786 0.0589541
    endloop
  endfacet
  facet normal 0.205298 -0.676856 0.706908
    outer loop
      vertex 4.82159 -14.204 14
      vertex 3.88229 -14.4889 14
      vertex 4.1411 -15.4548 13
    endloop
  endfacet
  facet normal -0.600623 0.373539 0.706909
    outer loop
      vertex -12.472 8.33355 14
      vertex -13.8564 8 13
      vertex -12.9904 7.5 14
    endloop
  endfacet
  facet normal 0.956949 0.290257 0
    outer loop
      vertex 15.4548 4.1411 13
      vertex 15.1509 5.14303 1
      vertex 15.1509 5.14303 13
    endloop
  endfacet
  facet normal 0.956949 0.290257 0
    outer loop
      vertex 15.1509 5.14303 1
      vertex 15.4548 4.1411 13
      vertex 15.4548 4.1411 1
    endloop
  endfacet
  facet normal -0.97388 -0.227063 0
    outer loop
      vertex -15.4548 -4.1411 1
      vertex -15.6034 -3.50375 13
      vertex -15.6034 -3.50375 1
    endloop
  endfacet
  facet normal -0.97388 -0.227063 0
    outer loop
      vertex -15.6034 -3.50375 13
      vertex -15.4548 -4.1411 1
      vertex -15.4548 -4.1411 13
    endloop
  endfacet
  facet normal -0.910868 -0.412698 0
    outer loop
      vertex -14.35 -7.07662 1
      vertex -14.7821 -6.12293 13
      vertex -14.7821 -6.12293 1
    endloop
  endfacet
  facet normal -0.910868 -0.412698 0
    outer loop
      vertex -14.7821 -6.12293 13
      vertex -14.35 -7.07662 1
      vertex -14.35 -7.07662 13
    endloop
  endfacet
  facet normal 0.373539 -0.600623 0.706909
    outer loop
      vertex 8.33355 -12.472 14
      vertex 7.5 -12.9904 14
      vertex 8 -13.8564 13
    endloop
  endfacet
  facet normal 0.371253 -0.601891 0.707035
    outer loop
      vertex 8.33355 -12.472 14
      vertex 8.36701 -12.5424 13.9225
      vertex 8.36631 -12.5211 13.941
    endloop
  endfacet
  facet normal 0.373958 -0.600416 0.706864
    outer loop
      vertex 8.33355 -12.472 14
      vertex 8.39219 -12.7982 13.6919
      vertex 8.36701 -12.5424 13.9225
    endloop
  endfacet
  facet normal 0.373369 -0.600638 0.706986
    outer loop
      vertex 8 -13.8564 13
      vertex 8.39219 -12.7982 13.6919
      vertex 8.33355 -12.472 14
    endloop
  endfacet
  facet normal 0.373524 -0.600664 0.706882
    outer loop
      vertex 8.49241 -13.302 13.2109
      vertex 8 -13.8564 13
      vertex 8.55576 -13.5108 13
    endloop
  endfacet
  facet normal 0.373478 -0.600641 0.706926
    outer loop
      vertex 8.43405 -13.0517 13.4544
      vertex 8 -13.8564 13
      vertex 8.49241 -13.302 13.2109
    endloop
  endfacet
  facet normal 0.373473 -0.60064 0.70693
    outer loop
      vertex 8.39219 -12.7982 13.6919
      vertex 8 -13.8564 13
      vertex 8.43405 -13.0517 13.4544
    endloop
  endfacet
  facet normal 0 0 -1
    outer loop
      vertex 8.49241 11.2692 0
      vertex 6.63433 13.4531 0
      vertex 8.43405 11.5195 0
    endloop
  endfacet
  facet normal 0 0 -1
    outer loop
      vertex 8.33355 -12.472 0
      vertex 8.3586 -12.2856 0
      vertex 8.36399 -12.4502 0
    endloop
  endfacet
  facet normal 0 0 -1
    outer loop
      vertex 14.7118 -2.92635 0
      vertex 14.5976 -2.7768 0
      vertex 14.7179 -2.88941 0
    endloop
  endfacet
  facet normal 0 0 -1
    outer loop
      vertex 14.4889 -3.88229 0
      vertex 14.5976 -2.7768 0
      vertex 14.7118 -2.92635 0
    endloop
  endfacet
  facet normal 0 0 -1
    outer loop
      vertex 14.4889 -3.88229 0
      vertex 14.422 -2.58924 0
      vertex 14.5976 -2.7768 0
    endloop
  endfacet
  facet normal 0 0 -1
    outer loop
      vertex 14.4889 -3.88229 0
      vertex 14.259 -2.3906 0
      vertex 14.422 -2.58924 0
    endloop
  endfacet
  facet normal 0 0 -1
    outer loop
      vertex 14.1093 -2.18172 0
      vertex 14.4889 -3.88229 0
      vertex 14.204 -4.82159 0
    endloop
  endfacet
  facet normal 0 0 -1
    outer loop
      vertex 14.4889 -3.88229 0
      vertex 14.1093 -2.18172 0
      vertex 14.259 -2.3906 0
    endloop
  endfacet
  facet normal 0 0 -1
    outer loop
      vertex 14.204 -4.82159 0
      vertex 13.9736 -1.9635 0
      vertex 14.1093 -2.18172 0
    endloop
  endfacet
  facet normal 0 0 -1
    outer loop
      vertex 13.8524 -1.73686 0
      vertex 14.204 -4.82159 0
      vertex 13.8582 -5.74025 0
    endloop
  endfacet
  facet normal 0 0 -1
    outer loop
      vertex 14.204 -4.82159 0
      vertex 13.8524 -1.73686 0
      vertex 13.9736 -1.9635 0
    endloop
  endfacet
  facet normal 0 0 -1
    outer loop
      vertex 5.91784 0 0
      vertex 13.8524 -1.73686 0
      vertex 13.8582 -5.74025 0
    endloop
  endfacet
  facet normal 0 0 -1
    outer loop
      vertex 5.91784 0 0
      vertex 13.8582 -5.74025 0
      vertex 10.7828 -8.65752 0
    endloop
  endfacet
  facet normal 0 0 -1
    outer loop
      vertex 13.8524 -1.73686 0
      vertex 5.91784 0 0
      vertex 13.7464 -1.50279 0
    endloop
  endfacet
  facet normal 0 0 -1
    outer loop
      vertex 5.91784 0 0
      vertex 10.7828 -8.65752 0
      vertex 10.5487 -8.76358 0
    endloop
  endfacet
  facet normal 0 0 -1
    outer loop
      vertex 13.7464 -1.50279 0
      vertex 5.91784 0 0
      vertex 13.6559 -1.26229 0
    endloop
  endfacet
  facet normal 0 0 -1
    outer loop
      vertex 5.91784 0 0
      vertex 10.5487 -8.76358 0
      vertex 10.3221 -8.88472 0
    endloop
  endfacet
  facet normal 0 0 -1
    outer loop
      vertex 11.0233 -8.567 0
      vertex 13.8582 -5.74025 0
      vertex 13.4531 -6.63433 0
    endloop
  endfacet
  facet normal 0 0 -1
    outer loop
      vertex 13.6559 -1.26229 0
      vertex 5.91784 0 0
      vertex 13.5813 -1.01638 0
    endloop
  endfacet
  facet normal 0 0 -1
    outer loop
      vertex 11.5195 -8.43405 0
      vertex 13.4531 -6.63433 0
      vertex 12.9904 -7.5 0
    endloop
  endfacet
  facet normal 0 0 -1
    outer loop
      vertex 14.5976 2.7768 0
      vertex 14.7118 2.92635 0
      vertex 14.7179 2.88941 0
    endloop
  endfacet
  facet normal 0 0 -1
    outer loop
      vertex 14.5976 2.7768 0
      vertex 14.4889 3.88229 0
      vertex 14.7118 2.92635 0
    endloop
  endfacet
  facet normal 0 0 -1
    outer loop
      vertex 14.422 2.58924 0
      vertex 14.4889 3.88229 0
      vertex 14.5976 2.7768 0
    endloop
  endfacet
  facet normal 0 0 -1
    outer loop
      vertex 14.259 2.3906 0
      vertex 14.4889 3.88229 0
      vertex 14.422 2.58924 0
    endloop
  endfacet
  facet normal 0 0 -1
    outer loop
      vertex 14.1093 2.18172 0
      vertex 14.4889 3.88229 0
      vertex 14.259 2.3906 0
    endloop
  endfacet
  facet normal -0 0 -1
    outer loop
      vertex 14.4889 3.88229 0
      vertex 14.1093 2.18172 0
      vertex 14.204 4.82159 0
    endloop
  endfacet
  facet normal 0 0 -1
    outer loop
      vertex 13.9736 1.9635 0
      vertex 14.204 4.82159 0
      vertex 14.1093 2.18172 0
    endloop
  endfacet
  facet normal 0 0 -1
    outer loop
      vertex 13.8524 1.73686 0
      vertex 14.204 4.82159 0
      vertex 13.9736 1.9635 0
    endloop
  endfacet
  facet normal -0 0 -1
    outer loop
      vertex 14.204 4.82159 0
      vertex 13.8524 1.73686 0
      vertex 13.8582 5.74025 0
    endloop
  endfacet
  facet normal 0 0 -1
    outer loop
      vertex 5.91784 0 0
      vertex 13.8524 1.73686 0
      vertex 13.7464 1.50279 0
    endloop
  endfacet
  facet normal 0 0 -1
    outer loop
      vertex 5.91784 0 0
      vertex 13.7464 1.50279 0
      vertex 13.6559 1.26229 0
    endloop
  endfacet
  facet normal 0 0 -1
    outer loop
      vertex 5.91784 0 0
      vertex 13.6559 1.26229 0
      vertex 13.5813 1.01638 0
    endloop
  endfacet
  facet normal 0 0 -1
    outer loop
      vertex 5.91784 0 0
      vertex 13.5813 1.01638 0
      vertex 13.5229 0.766117 0
    endloop
  endfacet
  facet normal 0 0 -1
    outer loop
      vertex 5.91784 0 0
      vertex 13.5229 0.766117 0
      vertex 13.4811 0.512575 0
    endloop
  endfacet
  facet normal 0 0 -1
    outer loop
      vertex 5.91784 0 0
      vertex 13.4811 0.512575 0
      vertex 13.4559 0.256837 0
    endloop
  endfacet
  facet normal -0 0 -1
    outer loop
      vertex 13.8524 1.73686 0
      vertex 5.91784 0 0
      vertex 13.8582 5.74025 0
    endloop
  endfacet
  facet normal 0 0 -1
    outer loop
      vertex 5.91784 0 0
      vertex 13.4559 0.256837 0
      vertex 13.4475 0 0
    endloop
  endfacet
  facet normal 0 0 -1
    outer loop
      vertex 13.8582 -5.74025 0
      vertex 11.0233 -8.567 0
      vertex 10.7828 -8.65752 0
    endloop
  endfacet
  facet normal 0 0 -1
    outer loop
      vertex 5.91784 0 0
      vertex 10.3221 -8.88472 0
      vertex 10.1039 -9.02042 0
    endloop
  endfacet
  facet normal 0 0 -1
    outer loop
      vertex 12.2856 -8.3586 0
      vertex 12.9904 -7.5 0
      vertex 12.472 -8.33355 0
    endloop
  endfacet
  facet normal 0 0 -1
    outer loop
      vertex 11.773 -8.39219 0
      vertex 12.9904 -7.5 0
      vertex 12.0288 -8.36701 0
    endloop
  endfacet
  facet normal 0 0 -1
    outer loop
      vertex 12.2856 -8.3586 0
      vertex 12.472 -8.33355 0
      vertex 12.4502 -8.36399 0
    endloop
  endfacet
  facet normal 0 0 -1
    outer loop
      vertex 12.9904 -7.5 0
      vertex 12.2856 -8.3586 0
      vertex 12.0288 -8.36701 0
    endloop
  endfacet
  facet normal 0 0 -1
    outer loop
      vertex 11.5195 -8.43405 0
      vertex 12.9904 -7.5 0
      vertex 11.773 -8.39219 0
    endloop
  endfacet
  facet normal 0 0 -1
    outer loop
      vertex 12.472 8.33355 0
      vertex 12.2856 8.3586 0
      vertex 12.4502 8.36399 0
    endloop
  endfacet
  facet normal -0 -0 -1
    outer loop
      vertex 12.2856 8.3586 0
      vertex 12.9904 7.5 0
      vertex 12.0288 8.36701 0
    endloop
  endfacet
  facet normal 0 0 -1
    outer loop
      vertex 12.9904 7.5 0
      vertex 12.2856 8.3586 0
      vertex 12.472 8.33355 0
    endloop
  endfacet
  facet normal 0 0 -1
    outer loop
      vertex 13.4531 -6.63433 0
      vertex 11.5195 -8.43405 0
      vertex 11.2692 -8.49241 0
    endloop
  endfacet
  facet normal 0 0 -1
    outer loop
      vertex 12.9904 7.5 0
      vertex 11.773 8.39219 0
      vertex 12.0288 8.36701 0
    endloop
  endfacet
  facet normal 0 0 -1
    outer loop
      vertex 13.4531 -6.63433 0
      vertex 11.2692 -8.49241 0
      vertex 11.0233 -8.567 0
    endloop
  endfacet
  facet normal 0 0 -1
    outer loop
      vertex 12.9904 7.5 0
      vertex 11.5195 8.43405 0
      vertex 11.773 8.39219 0
    endloop
  endfacet
  facet normal 0 0 -1
    outer loop
      vertex 13.5813 -1.01638 0
      vertex 5.91784 0 0
      vertex 13.5229 -0.766117 0
    endloop
  endfacet
  facet normal 0 0 -1
    outer loop
      vertex 13.4531 6.63433 0
      vertex 11.5195 8.43405 0
      vertex 12.9904 7.5 0
    endloop
  endfacet
  facet normal -0 -0 -1
    outer loop
      vertex 11.2692 8.49241 0
      vertex 13.4531 6.63433 0
      vertex 11.0233 8.567 0
    endloop
  endfacet
  facet normal -0 -0 -1
    outer loop
      vertex 11.5195 8.43405 0
      vertex 13.4531 6.63433 0
      vertex 11.2692 8.49241 0
    endloop
  endfacet
  facet normal 0 0 -1
    outer loop
      vertex 5.91784 0 0
      vertex 10.1039 -9.02042 0
      vertex 9.89499 -9.1701 0
    endloop
  endfacet
  facet normal 0 0 -1
    outer loop
      vertex 13.8582 5.74025 0
      vertex 11.0233 8.567 0
      vertex 13.4531 6.63433 0
    endloop
  endfacet
  facet normal -0 0 -1
    outer loop
      vertex 13.8582 5.74025 0
      vertex 5.91784 0 0
      vertex 10.7828 8.65752 0
    endloop
  endfacet
  facet normal -0 -0 -1
    outer loop
      vertex 11.0233 8.567 0
      vertex 13.8582 5.74025 0
      vertex 10.7828 8.65752 0
    endloop
  endfacet
  facet normal 0 0 -1
    outer loop
      vertex 13.5229 -0.766117 0
      vertex 5.91784 0 0
      vertex 13.4811 -0.512575 0
    endloop
  endfacet
  facet normal -0 0 -1
    outer loop
      vertex 10.7828 8.65752 0
      vertex 5.91784 0 0
      vertex 10.5487 8.76358 0
    endloop
  endfacet
  facet normal 0 0 -1
    outer loop
      vertex 5.91784 0 0
      vertex 9.89499 -9.1701 0
      vertex 9.69634 -9.33312 0
    endloop
  endfacet
  facet normal -0 0 -1
    outer loop
      vertex 10.5487 8.76358 0
      vertex 5.91784 0 0
      vertex 10.3221 8.88472 0
    endloop
  endfacet
  facet normal 0 0 -1
    outer loop
      vertex 13.4811 -0.512575 0
      vertex 5.91784 0 0
      vertex 13.4559 -0.256837 0
    endloop
  endfacet
  facet normal 0 0 -1
    outer loop
      vertex 2.95892 5.125 0
      vertex 10.3221 8.88472 0
      vertex 5.91784 0 0
    endloop
  endfacet
  facet normal 0 0 -1
    outer loop
      vertex 5.91784 0 0
      vertex 9.69634 -9.33312 0
      vertex 9.50879 -9.50879 0
    endloop
  endfacet
  facet normal -0 0 -1
    outer loop
      vertex 10.3221 8.88472 0
      vertex 2.95892 5.125 0
      vertex 10.1039 9.02042 0
    endloop
  endfacet
  facet normal 0 0 -1
    outer loop
      vertex 13.4559 -0.256837 0
      vertex 5.91784 0 0
      vertex 13.4475 0 0
    endloop
  endfacet
  facet normal -0 0 -1
    outer loop
      vertex 10.1039 9.02042 0
      vertex 2.95892 5.125 0
      vertex 9.89499 9.1701 0
    endloop
  endfacet
  facet normal 0 0 -1
    outer loop
      vertex 5.91784 0 0
      vertex 9.50879 -9.50879 0
      vertex 9.33312 -9.69634 0
    endloop
  endfacet
  facet normal -0 0 -1
    outer loop
      vertex 9.89499 9.1701 0
      vertex 2.95892 5.125 0
      vertex 9.69634 9.33312 0
    endloop
  endfacet
  facet normal 0 0 -1
    outer loop
      vertex 5.91784 0 0
      vertex 9.33312 -9.69634 0
      vertex 9.1701 -9.89499 0
    endloop
  endfacet
  facet normal -0 0 -1
    outer loop
      vertex 9.69634 9.33312 0
      vertex 2.95892 5.125 0
      vertex 9.50879 9.50879 0
    endloop
  endfacet
  facet normal 0 0 -1
    outer loop
      vertex 5.91784 0 0
      vertex 9.1701 -9.89499 0
      vertex 9.02042 -10.1039 0
    endloop
  endfacet
  facet normal -0 0 -1
    outer loop
      vertex 9.50879 9.50879 0
      vertex 2.95892 5.125 0
      vertex 9.33312 9.69634 0
    endloop
  endfacet
  facet normal 0 0 -1
    outer loop
      vertex 5.91784 0 0
      vertex 9.02042 -10.1039 0
      vertex 8.88472 -10.3221 0
    endloop
  endfacet
  facet normal -0 0 -1
    outer loop
      vertex 9.33312 9.69634 0
      vertex 2.95892 5.125 0
      vertex 9.1701 9.89499 0
    endloop
  endfacet
  facet normal 0 0 -1
    outer loop
      vertex 5.91784 0 0
      vertex 8.88472 -10.3221 0
      vertex 8.76358 -10.5487 0
    endloop
  endfacet
  facet normal -0 0 -1
    outer loop
      vertex 9.1701 9.89499 0
      vertex 2.95892 5.125 0
      vertex 9.02042 10.1039 0
    endloop
  endfacet
  facet normal 0 0 -1
    outer loop
      vertex 5.91784 0 0
      vertex 8.76358 -10.5487 0
      vertex 8.65752 -10.7828 0
    endloop
  endfacet
  facet normal -0 0 -1
    outer loop
      vertex 9.02042 10.1039 0
      vertex 2.95892 5.125 0
      vertex 8.88472 10.3221 0
    endloop
  endfacet
  facet normal 0 0 -1
    outer loop
      vertex 5.91784 0 0
      vertex 8.65752 -10.7828 0
      vertex 8.567 -11.0233 0
    endloop
  endfacet
  facet normal -0 0 -1
    outer loop
      vertex 8.88472 10.3221 0
      vertex 2.95892 5.125 0
      vertex 8.76358 10.5487 0
    endloop
  endfacet
  facet normal 0 0 -1
    outer loop
      vertex 5.91784 0 0
      vertex 8.567 -11.0233 0
      vertex 8.49241 -11.2692 0
    endloop
  endfacet
  facet normal -0 0 -1
    outer loop
      vertex 8.76358 10.5487 0
      vertex 2.95892 5.125 0
      vertex 8.65752 10.7828 0
    endloop
  endfacet
  facet normal 0 0 -1
    outer loop
      vertex 5.91784 0 0
      vertex 8.49241 -11.2692 0
      vertex 8.43405 -11.5195 0
    endloop
  endfacet
  facet normal -0 0 -1
    outer loop
      vertex 8.65752 10.7828 0
      vertex 2.95892 5.125 0
      vertex 8.567 11.0233 0
    endloop
  endfacet
  facet normal 0 0 -1
    outer loop
      vertex 5.91784 0 0
      vertex 8.43405 -11.5195 0
      vertex 8.39219 -11.773 0
    endloop
  endfacet
  facet normal 0 -0 -1
    outer loop
      vertex 6.63433 13.4531 0
      vertex 8.567 11.0233 0
      vertex 2.95892 5.125 0
    endloop
  endfacet
  facet normal 0 0 -1
    outer loop
      vertex 5.91784 0 0
      vertex 8.39219 -11.773 0
      vertex 8.36701 -12.0288 0
    endloop
  endfacet
  facet normal 0 0 -1
    outer loop
      vertex 8.567 11.0233 0
      vertex 6.63433 13.4531 0
      vertex 8.49241 11.2692 0
    endloop
  endfacet
  facet normal 0 0 -1
    outer loop
      vertex 8.33355 -12.472 0
      vertex 8.36701 -12.0288 0
      vertex 8.3586 -12.2856 0
    endloop
  endfacet
  facet normal 0 0 -1
    outer loop
      vertex 5.91784 0 0
      vertex 8.36701 -12.0288 0
      vertex 8.33355 -12.472 0
    endloop
  endfacet
  facet normal 0 0 -1
    outer loop
      vertex 8.3586 12.2856 0
      vertex 8.33355 12.472 0
      vertex 8.36399 12.4502 0
    endloop
  endfacet
  facet normal -0 -0 -1
    outer loop
      vertex 7.5 12.9904 0
      vertex 8.43405 11.5195 0
      vertex 6.63433 13.4531 0
    endloop
  endfacet
  facet normal 0 0 -1
    outer loop
      vertex 2.95892 -5.125 0
      vertex 8.33355 -12.472 0
      vertex 7.5 -12.9904 0
    endloop
  endfacet
  facet normal 0 0 -1
    outer loop
      vertex 8.43405 11.5195 0
      vertex 7.5 12.9904 0
      vertex 8.39219 11.773 0
    endloop
  endfacet
  facet normal 0 0 -1
    outer loop
      vertex 2.95892 -5.125 0
      vertex 7.5 -12.9904 0
      vertex 6.63433 -13.4531 0
    endloop
  endfacet
  facet normal 0 0 -1
    outer loop
      vertex 8.36701 12.0288 0
      vertex 7.5 12.9904 0
      vertex 8.3586 12.2856 0
    endloop
  endfacet
  facet normal 0 0 -1
    outer loop
      vertex 8.3586 12.2856 0
      vertex 7.5 12.9904 0
      vertex 8.33355 12.472 0
    endloop
  endfacet
  facet normal 0 0 -1
    outer loop
      vertex 2.95892 -5.125 0
      vertex 6.63433 -13.4531 0
      vertex 5.74025 -13.8582 0
    endloop
  endfacet
  facet normal 0 0 -1
    outer loop
      vertex 1.73686 -13.8524 0
      vertex 5.74025 -13.8582 0
      vertex 4.82159 -14.204 0
    endloop
  endfacet
  facet normal 0 0 -1
    outer loop
      vertex 2.18172 -14.1093 0
      vertex 4.82159 -14.204 0
      vertex 3.88229 -14.4889 0
    endloop
  endfacet
  facet normal 0 0 -1
    outer loop
      vertex 8.33355 -12.472 0
      vertex 2.95892 -5.125 0
      vertex 5.91784 0 0
    endloop
  endfacet
  facet normal 0 0 -1
    outer loop
      vertex 2.7768 -14.5976 0
      vertex 3.88229 -14.4889 0
      vertex 2.92635 -14.7118 0
    endloop
  endfacet
  facet normal 0 0 -1
    outer loop
      vertex 2.7768 -14.5976 0
      vertex 2.92635 -14.7118 0
      vertex 2.88941 -14.7179 0
    endloop
  endfacet
  facet normal -0 0 -1
    outer loop
      vertex 3.88229 -14.4889 0
      vertex 2.7768 -14.5976 0
      vertex 2.58924 -14.422 0
    endloop
  endfacet
  facet normal 0 0 -1
    outer loop
      vertex 2.3906 -14.259 0
      vertex 3.88229 -14.4889 0
      vertex 2.58924 -14.422 0
    endloop
  endfacet
  facet normal 0 0 -1
    outer loop
      vertex 2.18172 -14.1093 0
      vertex 3.88229 -14.4889 0
      vertex 2.3906 -14.259 0
    endloop
  endfacet
  facet normal 0 0 -1
    outer loop
      vertex 4.82159 -14.204 0
      vertex 2.18172 -14.1093 0
      vertex 1.9635 -13.9736 0
    endloop
  endfacet
  facet normal 0 0 -1
    outer loop
      vertex 1.73686 -13.8524 0
      vertex 4.82159 -14.204 0
      vertex 1.9635 -13.9736 0
    endloop
  endfacet
  facet normal 0 0 -1
    outer loop
      vertex 5.74025 -13.8582 0
      vertex 1.73686 -13.8524 0
      vertex 2.95892 -5.125 0
    endloop
  endfacet
  facet normal 0 0 -1
    outer loop
      vertex 1.50279 -13.7464 0
      vertex 2.95892 -5.125 0
      vertex 1.73686 -13.8524 0
    endloop
  endfacet
  facet normal 0 0 -1
    outer loop
      vertex 1.26229 -13.6559 0
      vertex 2.95892 -5.125 0
      vertex 1.50279 -13.7464 0
    endloop
  endfacet
  facet normal 0 0 -1
    outer loop
      vertex 1.01638 -13.5813 0
      vertex 2.95892 -5.125 0
      vertex 1.26229 -13.6559 0
    endloop
  endfacet
  facet normal 0 0 -1
    outer loop
      vertex 0.766117 -13.5229 0
      vertex 2.95892 -5.125 0
      vertex 1.01638 -13.5813 0
    endloop
  endfacet
  facet normal 0 0 -1
    outer loop
      vertex 0.512575 -13.4811 0
      vertex 2.95892 -5.125 0
      vertex 0.766117 -13.5229 0
    endloop
  endfacet
  facet normal 0 0 -1
    outer loop
      vertex 0.256837 -13.4559 0
      vertex 2.95892 -5.125 0
      vertex 0.512575 -13.4811 0
    endloop
  endfacet
  facet normal 0 0 -1
    outer loop
      vertex 0 -13.4475 0
      vertex 2.95892 -5.125 0
      vertex 0.256837 -13.4559 0
    endloop
  endfacet
  facet normal 0 0 -1
    outer loop
      vertex -2.95892 -5.125 0
      vertex 0 -13.4475 0
      vertex -0.256837 -13.4559 0
    endloop
  endfacet
  facet normal 0 0 -1
    outer loop
      vertex -2.95892 -5.125 0
      vertex -0.256837 -13.4559 0
      vertex -0.512575 -13.4811 0
    endloop
  endfacet
  facet normal 0 0 -1
    outer loop
      vertex -2.95892 -5.125 0
      vertex -0.512575 -13.4811 0
      vertex -0.766117 -13.5229 0
    endloop
  endfacet
  facet normal 0 0 -1
    outer loop
      vertex -2.95892 -5.125 0
      vertex -0.766117 -13.5229 0
      vertex -1.01638 -13.5813 0
    endloop
  endfacet
  facet normal 0 0 -1
    outer loop
      vertex -2.95892 -5.125 0
      vertex -1.01638 -13.5813 0
      vertex -1.26229 -13.6559 0
    endloop
  endfacet
  facet normal 0 0 -1
    outer loop
      vertex -2.95892 -5.125 0
      vertex -1.26229 -13.6559 0
      vertex -1.50279 -13.7464 0
    endloop
  endfacet
  facet normal 0 0 -1
    outer loop
      vertex -2.95892 -5.125 0
      vertex -1.50279 -13.7464 0
      vertex -1.73686 -13.8524 0
    endloop
  endfacet
  facet normal 0 0 -1
    outer loop
      vertex -4.82159 -14.204 0
      vertex -1.73686 -13.8524 0
      vertex -1.9635 -13.9736 0
    endloop
  endfacet
  facet normal 0 0 -1
    outer loop
      vertex -4.82159 -14.204 0
      vertex -1.9635 -13.9736 0
      vertex -2.18172 -14.1093 0
    endloop
  endfacet
  facet normal 0 0 -1
    outer loop
      vertex -3.88229 -14.4889 0
      vertex -2.18172 -14.1093 0
      vertex -2.3906 -14.259 0
    endloop
  endfacet
  facet normal 0 0 -1
    outer loop
      vertex -3.88229 -14.4889 0
      vertex -2.3906 -14.259 0
      vertex -2.58924 -14.422 0
    endloop
  endfacet
  facet normal 0 0 -1
    outer loop
      vertex -3.88229 -14.4889 0
      vertex -2.58924 -14.422 0
      vertex -2.7768 -14.5976 0
    endloop
  endfacet
  facet normal 0 0 -1
    outer loop
      vertex -2.92635 -14.7118 0
      vertex -2.7768 -14.5976 0
      vertex -2.88941 -14.7179 0
    endloop
  endfacet
  facet normal 0 0 -1
    outer loop
      vertex -3.88229 -14.4889 0
      vertex -2.7768 -14.5976 0
      vertex -2.92635 -14.7118 0
    endloop
  endfacet
  facet normal 0 0 -1
    outer loop
      vertex 0 -13.4475 0
      vertex -2.95892 -5.125 0
      vertex 2.95892 -5.125 0
    endloop
  endfacet
  facet normal 0 0 -1
    outer loop
      vertex -2.18172 -14.1093 0
      vertex -3.88229 -14.4889 0
      vertex -4.82159 -14.204 0
    endloop
  endfacet
  facet normal 0 0 -1
    outer loop
      vertex -1.73686 -13.8524 0
      vertex -4.82159 -14.204 0
      vertex -5.74025 -13.8582 0
    endloop
  endfacet
  facet normal -0 0 -1
    outer loop
      vertex -1.73686 -13.8524 0
      vertex -5.74025 -13.8582 0
      vertex -2.95892 -5.125 0
    endloop
  endfacet
  facet normal 0 0 -1
    outer loop
      vertex -8.567 -11.0233 0
      vertex -2.95892 -5.125 0
      vertex -5.74025 -13.8582 0
    endloop
  endfacet
  facet normal 0 0 -1
    outer loop
      vertex -8.567 -11.0233 0
      vertex -5.74025 -13.8582 0
      vertex -6.63433 -13.4531 0
    endloop
  endfacet
  facet normal 0 0 -1
    outer loop
      vertex -7.5 -12.9904 0
      vertex -8.43405 -11.5195 0
      vertex -6.63433 -13.4531 0
    endloop
  endfacet
  facet normal 0 0 -1
    outer loop
      vertex -5.91784 0 0
      vertex -8.36701 12.0288 0
      vertex -8.3586 12.2856 0
    endloop
  endfacet
  facet normal 0 0 -1
    outer loop
      vertex -8.49241 -11.2692 0
      vertex -6.63433 -13.4531 0
      vertex -8.43405 -11.5195 0
    endloop
  endfacet
  facet normal 0 0 -1
    outer loop
      vertex -5.91784 0 0
      vertex -8.39219 11.773 0
      vertex -8.36701 12.0288 0
    endloop
  endfacet
  facet normal 0 0 -1
    outer loop
      vertex -8.567 -11.0233 0
      vertex -6.63433 -13.4531 0
      vertex -8.49241 -11.2692 0
    endloop
  endfacet
  facet normal 0 0 -1
    outer loop
      vertex -5.91784 0 0
      vertex -8.43405 11.5195 0
      vertex -8.39219 11.773 0
    endloop
  endfacet
  facet normal 0 0 -1
    outer loop
      vertex -2.95892 -5.125 0
      vertex -8.567 -11.0233 0
      vertex -8.65752 -10.7828 0
    endloop
  endfacet
  facet normal 0 0 -1
    outer loop
      vertex -5.91784 0 0
      vertex -8.49241 11.2692 0
      vertex -8.43405 11.5195 0
    endloop
  endfacet
  facet normal 0 0 -1
    outer loop
      vertex -2.95892 -5.125 0
      vertex -8.65752 -10.7828 0
      vertex -8.76358 -10.5487 0
    endloop
  endfacet
  facet normal 0 0 -1
    outer loop
      vertex -5.91784 0 0
      vertex -8.567 11.0233 0
      vertex -8.49241 11.2692 0
    endloop
  endfacet
  facet normal 0 0 -1
    outer loop
      vertex -8.88472 -10.3221 0
      vertex -2.95892 -5.125 0
      vertex -8.76358 -10.5487 0
    endloop
  endfacet
  facet normal 0 0 -1
    outer loop
      vertex -5.91784 0 0
      vertex -8.65752 10.7828 0
      vertex -8.567 11.0233 0
    endloop
  endfacet
  facet normal 0 0 -1
    outer loop
      vertex -9.02042 -10.1039 0
      vertex -2.95892 -5.125 0
      vertex -8.88472 -10.3221 0
    endloop
  endfacet
  facet normal 0 0 -1
    outer loop
      vertex -5.91784 0 0
      vertex -8.76358 10.5487 0
      vertex -8.65752 10.7828 0
    endloop
  endfacet
  facet normal 0 0 -1
    outer loop
      vertex -9.1701 -9.89499 0
      vertex -2.95892 -5.125 0
      vertex -9.02042 -10.1039 0
    endloop
  endfacet
  facet normal 0 0 -1
    outer loop
      vertex -5.91784 0 0
      vertex -8.88472 10.3221 0
      vertex -8.76358 10.5487 0
    endloop
  endfacet
  facet normal 0 0 -1
    outer loop
      vertex -9.33312 -9.69634 0
      vertex -2.95892 -5.125 0
      vertex -9.1701 -9.89499 0
    endloop
  endfacet
  facet normal 0 0 -1
    outer loop
      vertex -5.91784 0 0
      vertex -9.02042 10.1039 0
      vertex -8.88472 10.3221 0
    endloop
  endfacet
  facet normal 0 0 -1
    outer loop
      vertex -9.50879 -9.50879 0
      vertex -2.95892 -5.125 0
      vertex -9.33312 -9.69634 0
    endloop
  endfacet
  facet normal 0 0 -1
    outer loop
      vertex -5.91784 0 0
      vertex -9.1701 9.89499 0
      vertex -9.02042 10.1039 0
    endloop
  endfacet
  facet normal 0 0 -1
    outer loop
      vertex -9.69634 -9.33312 0
      vertex -2.95892 -5.125 0
      vertex -9.50879 -9.50879 0
    endloop
  endfacet
  facet normal 0 0 -1
    outer loop
      vertex -5.91784 0 0
      vertex -9.33312 9.69634 0
      vertex -9.1701 9.89499 0
    endloop
  endfacet
  facet normal 0 0 -1
    outer loop
      vertex -9.89499 -9.1701 0
      vertex -2.95892 -5.125 0
      vertex -9.69634 -9.33312 0
    endloop
  endfacet
  facet normal 0 0 -1
    outer loop
      vertex -5.91784 0 0
      vertex -9.50879 9.50879 0
      vertex -9.33312 9.69634 0
    endloop
  endfacet
  facet normal 0 0 -1
    outer loop
      vertex -10.1039 -9.02042 0
      vertex -2.95892 -5.125 0
      vertex -9.89499 -9.1701 0
    endloop
  endfacet
  facet normal 0 0 -1
    outer loop
      vertex -13.4559 0.256837 0
      vertex -5.91784 0 0
      vertex -13.4475 0 0
    endloop
  endfacet
  facet normal 0 0 -1
    outer loop
      vertex -10.3221 -8.88472 0
      vertex -2.95892 -5.125 0
      vertex -10.1039 -9.02042 0
    endloop
  endfacet
  facet normal 0 0 -1
    outer loop
      vertex -5.91784 0 0
      vertex -9.69634 9.33312 0
      vertex -9.50879 9.50879 0
    endloop
  endfacet
  facet normal -0 0 -1
    outer loop
      vertex -2.95892 -5.125 0
      vertex -10.3221 -8.88472 0
      vertex -5.91784 0 0
    endloop
  endfacet
  facet normal 0 0 -1
    outer loop
      vertex -13.4811 0.512575 0
      vertex -5.91784 0 0
      vertex -13.4559 0.256837 0
    endloop
  endfacet
  facet normal 0 0 -1
    outer loop
      vertex -10.5487 -8.76358 0
      vertex -5.91784 0 0
      vertex -10.3221 -8.88472 0
    endloop
  endfacet
  facet normal 0 0 -1
    outer loop
      vertex -5.91784 0 0
      vertex -9.89499 9.1701 0
      vertex -9.69634 9.33312 0
    endloop
  endfacet
  facet normal 0 0 -1
    outer loop
      vertex -10.7828 -8.65752 0
      vertex -5.91784 0 0
      vertex -10.5487 -8.76358 0
    endloop
  endfacet
  facet normal 0 0 -1
    outer loop
      vertex -13.5229 0.766117 0
      vertex -5.91784 0 0
      vertex -13.4811 0.512575 0
    endloop
  endfacet
  facet normal 0 0 -1
    outer loop
      vertex -11.0233 -8.567 0
      vertex -5.91784 0 0
      vertex -10.7828 -8.65752 0
    endloop
  endfacet
  facet normal 0 0 -1
    outer loop
      vertex -5.91784 0 0
      vertex -10.1039 9.02042 0
      vertex -9.89499 9.1701 0
    endloop
  endfacet
  facet normal 0 0 -1
    outer loop
      vertex -13.8582 -5.74025 0
      vertex -5.91784 0 0
      vertex -11.0233 -8.567 0
    endloop
  endfacet
  facet normal 0 0 -1
    outer loop
      vertex -13.5813 1.01638 0
      vertex -5.91784 0 0
      vertex -13.5229 0.766117 0
    endloop
  endfacet
  facet normal 0 0 -1
    outer loop
      vertex -13.4531 -6.63433 0
      vertex -11.0233 -8.567 0
      vertex -11.2692 -8.49241 0
    endloop
  endfacet
  facet normal 0 0 -1
    outer loop
      vertex -5.91784 0 0
      vertex -10.3221 8.88472 0
      vertex -10.1039 9.02042 0
    endloop
  endfacet
  facet normal 0 0 -1
    outer loop
      vertex -13.4531 -6.63433 0
      vertex -11.2692 -8.49241 0
      vertex -11.5195 -8.43405 0
    endloop
  endfacet
  facet normal 0 0 -1
    outer loop
      vertex -13.6559 1.26229 0
      vertex -5.91784 0 0
      vertex -13.5813 1.01638 0
    endloop
  endfacet
  facet normal 0 0 -1
    outer loop
      vertex -12.9904 -7.5 0
      vertex -11.5195 -8.43405 0
      vertex -11.773 -8.39219 0
    endloop
  endfacet
  facet normal 0 0 -1
    outer loop
      vertex -5.91784 0 0
      vertex -10.5487 8.76358 0
      vertex -10.3221 8.88472 0
    endloop
  endfacet
  facet normal 0 0 -1
    outer loop
      vertex -12.9904 -7.5 0
      vertex -11.773 -8.39219 0
      vertex -12.0288 -8.36701 0
    endloop
  endfacet
  facet normal 0 0 -1
    outer loop
      vertex -13.7464 1.50279 0
      vertex -5.91784 0 0
      vertex -13.6559 1.26229 0
    endloop
  endfacet
  facet normal 0 0 -1
    outer loop
      vertex -12.9904 -7.5 0
      vertex -12.0288 -8.36701 0
      vertex -12.2856 -8.3586 0
    endloop
  endfacet
  facet normal 0 0 -1
    outer loop
      vertex -5.91784 0 0
      vertex -10.7828 8.65752 0
      vertex -10.5487 8.76358 0
    endloop
  endfacet
  facet normal 0 0 -1
    outer loop
      vertex -12.472 -8.33355 0
      vertex -12.2856 -8.3586 0
      vertex -12.4502 -8.36399 0
    endloop
  endfacet
  facet normal 0 0 -1
    outer loop
      vertex -13.8524 1.73686 0
      vertex -5.91784 0 0
      vertex -13.7464 1.50279 0
    endloop
  endfacet
  facet normal 0 0 -1
    outer loop
      vertex -12.9904 -7.5 0
      vertex -12.2856 -8.3586 0
      vertex -12.472 -8.33355 0
    endloop
  endfacet
  facet normal 0 0 -1
    outer loop
      vertex -5.91784 0 0
      vertex -11.0233 8.567 0
      vertex -10.7828 8.65752 0
    endloop
  endfacet
  facet normal 0 0 -1
    outer loop
      vertex -11.5195 -8.43405 0
      vertex -12.9904 -7.5 0
      vertex -13.4531 -6.63433 0
    endloop
  endfacet
  facet normal 0 0 -1
    outer loop
      vertex -5.91784 0 0
      vertex -13.8582 5.74025 0
      vertex -11.0233 8.567 0
    endloop
  endfacet
  facet normal 0 -0 -1
    outer loop
      vertex -13.4531 6.63433 0
      vertex -11.0233 8.567 0
      vertex -13.8582 5.74025 0
    endloop
  endfacet
  facet normal 0 0 -1
    outer loop
      vertex -11.0233 -8.567 0
      vertex -13.4531 -6.63433 0
      vertex -13.8582 -5.74025 0
    endloop
  endfacet
  facet normal -0 0 -1
    outer loop
      vertex -5.91784 0 0
      vertex -13.4559 -0.256837 0
      vertex -13.4475 0 0
    endloop
  endfacet
  facet normal 0 0 -1
    outer loop
      vertex -5.91784 0 0
      vertex -13.4811 -0.512575 0
      vertex -13.4559 -0.256837 0
    endloop
  endfacet
  facet normal 0 0 -1
    outer loop
      vertex -5.91784 0 0
      vertex -13.5229 -0.766117 0
      vertex -13.4811 -0.512575 0
    endloop
  endfacet
  facet normal 0 0 -1
    outer loop
      vertex -5.91784 0 0
      vertex -13.5813 -1.01638 0
      vertex -13.5229 -0.766117 0
    endloop
  endfacet
  facet normal 0 0 -1
    outer loop
      vertex -5.91784 0 0
      vertex -13.6559 -1.26229 0
      vertex -13.5813 -1.01638 0
    endloop
  endfacet
  facet normal 0 0 -1
    outer loop
      vertex -5.91784 0 0
      vertex -13.7464 -1.50279 0
      vertex -13.6559 -1.26229 0
    endloop
  endfacet
  facet normal 0 -0 -1
    outer loop
      vertex -13.8524 -1.73686 0
      vertex -5.91784 0 0
      vertex -13.8582 -5.74025 0
    endloop
  endfacet
  facet normal 0 0 -1
    outer loop
      vertex -5.91784 0 0
      vertex -13.8524 -1.73686 0
      vertex -13.7464 -1.50279 0
    endloop
  endfacet
  facet normal 0 0 -1
    outer loop
      vertex -14.204 -4.82159 0
      vertex -13.8524 -1.73686 0
      vertex -13.8582 -5.74025 0
    endloop
  endfacet
  facet normal 0 0 -1
    outer loop
      vertex -13.8524 -1.73686 0
      vertex -14.204 -4.82159 0
      vertex -13.9736 -1.9635 0
    endloop
  endfacet
  facet normal 0 0 -1
    outer loop
      vertex -13.9736 -1.9635 0
      vertex -14.204 -4.82159 0
      vertex -14.1093 -2.18172 0
    endloop
  endfacet
  facet normal 0 0 -1
    outer loop
      vertex -14.4889 -3.88229 0
      vertex -14.1093 -2.18172 0
      vertex -14.204 -4.82159 0
    endloop
  endfacet
  facet normal 0 0 -1
    outer loop
      vertex -14.1093 -2.18172 0
      vertex -14.4889 -3.88229 0
      vertex -14.259 -2.3906 0
    endloop
  endfacet
  facet normal 0 0 -1
    outer loop
      vertex -14.259 -2.3906 0
      vertex -14.4889 -3.88229 0
      vertex -14.422 -2.58924 0
    endloop
  endfacet
  facet normal 0 0 -1
    outer loop
      vertex -14.4889 -3.88229 0
      vertex -14.5976 -2.7768 0
      vertex -14.422 -2.58924 0
    endloop
  endfacet
  facet normal 0 0 -1
    outer loop
      vertex -14.7118 -2.92635 0
      vertex -14.5976 -2.7768 0
      vertex -14.4889 -3.88229 0
    endloop
  endfacet
  facet normal 0 0 -1
    outer loop
      vertex -14.5976 -2.7768 0
      vertex -14.7118 -2.92635 0
      vertex -14.7179 -2.88941 0
    endloop
  endfacet
  facet normal 0 0 -1
    outer loop
      vertex -7.5 12.9904 0
      vertex -8.3586 12.2856 0
      vertex -8.33355 12.472 0
    endloop
  endfacet
  facet normal 0 0 -1
    outer loop
      vertex -8.33355 12.472 0
      vertex -8.3586 12.2856 0
      vertex -8.36399 12.4502 0
    endloop
  endfacet
  facet normal 0 0 -1
    outer loop
      vertex -11.0233 8.567 0
      vertex -13.4531 6.63433 0
      vertex -11.2692 8.49241 0
    endloop
  endfacet
  facet normal 0 0 -1
    outer loop
      vertex -11.2692 8.49241 0
      vertex -13.4531 6.63433 0
      vertex -11.5195 8.43405 0
    endloop
  endfacet
  facet normal -0 0 -1
    outer loop
      vertex -12.2856 8.3586 0
      vertex -12.472 8.33355 0
      vertex -12.4502 8.36399 0
    endloop
  endfacet
  facet normal 0 0 -1
    outer loop
      vertex -12.2856 8.3586 0
      vertex -12.9904 7.5 0
      vertex -12.472 8.33355 0
    endloop
  endfacet
  facet normal 0 0 -1
    outer loop
      vertex -11.773 8.39219 0
      vertex -12.9904 7.5 0
      vertex -12.0288 8.36701 0
    endloop
  endfacet
  facet normal 0 0 -1
    outer loop
      vertex -12.0288 8.36701 0
      vertex -12.9904 7.5 0
      vertex -12.2856 8.3586 0
    endloop
  endfacet
  facet normal 0 0 -1
    outer loop
      vertex -11.5195 8.43405 0
      vertex -12.9904 7.5 0
      vertex -11.773 8.39219 0
    endloop
  endfacet
  facet normal 0 0 -1
    outer loop
      vertex -5.91784 0 0
      vertex -13.8524 1.73686 0
      vertex -13.8582 5.74025 0
    endloop
  endfacet
  facet normal 0 -0 -1
    outer loop
      vertex -12.9904 7.5 0
      vertex -11.5195 8.43405 0
      vertex -13.4531 6.63433 0
    endloop
  endfacet
  facet normal 0 0 -1
    outer loop
      vertex -14.204 4.82159 0
      vertex -13.8524 1.73686 0
      vertex -13.9736 1.9635 0
    endloop
  endfacet
  facet normal 0 0 -1
    outer loop
      vertex -14.204 4.82159 0
      vertex -13.9736 1.9635 0
      vertex -14.1093 2.18172 0
    endloop
  endfacet
  facet normal 0 0 -1
    outer loop
      vertex -13.8524 1.73686 0
      vertex -14.204 4.82159 0
      vertex -13.8582 5.74025 0
    endloop
  endfacet
  facet normal 0 0 -1
    outer loop
      vertex -14.4889 3.88229 0
      vertex -14.1093 2.18172 0
      vertex -14.259 2.3906 0
    endloop
  endfacet
  facet normal 0 0 -1
    outer loop
      vertex -14.4889 3.88229 0
      vertex -14.259 2.3906 0
      vertex -14.422 2.58924 0
    endloop
  endfacet
  facet normal 0 0 -1
    outer loop
      vertex -14.1093 2.18172 0
      vertex -14.4889 3.88229 0
      vertex -14.204 4.82159 0
    endloop
  endfacet
  facet normal 0 0 -1
    outer loop
      vertex -14.5976 2.7768 0
      vertex -14.4889 3.88229 0
      vertex -14.422 2.58924 0
    endloop
  endfacet
  facet normal 0 0 -1
    outer loop
      vertex -14.5976 2.7768 0
      vertex -14.7118 2.92635 0
      vertex -14.4889 3.88229 0
    endloop
  endfacet
  facet normal 0 -0 -1
    outer loop
      vertex -14.7118 2.92635 0
      vertex -14.5976 2.7768 0
      vertex -14.7179 2.88941 0
    endloop
  endfacet
  facet normal 0 0 -1
    outer loop
      vertex 8.39219 11.773 0
      vertex 7.5 12.9904 0
      vertex 8.36701 12.0288 0
    endloop
  endfacet
  facet normal -0 0 -1
    outer loop
      vertex 6.63433 13.4531 0
      vertex 2.95892 5.125 0
      vertex 5.74025 13.8582 0
    endloop
  endfacet
  facet normal 0 0 -1
    outer loop
      vertex 1.73686 13.8524 0
      vertex 5.74025 13.8582 0
      vertex 2.95892 5.125 0
    endloop
  endfacet
  facet normal -0 0 -1
    outer loop
      vertex 5.74025 13.8582 0
      vertex 1.73686 13.8524 0
      vertex 4.82159 14.204 0
    endloop
  endfacet
  facet normal 0 -0 -1
    outer loop
      vertex 2.18172 14.1093 0
      vertex 4.82159 14.204 0
      vertex 1.9635 13.9736 0
    endloop
  endfacet
  facet normal 0 -0 -1
    outer loop
      vertex 2.7768 14.5976 0
      vertex 3.88229 14.4889 0
      vertex 2.58924 14.422 0
    endloop
  endfacet
  facet normal -0 0 -1
    outer loop
      vertex 2.92635 14.7118 0
      vertex 2.7768 14.5976 0
      vertex 2.88941 14.7179 0
    endloop
  endfacet
  facet normal 0 0 -1
    outer loop
      vertex 3.88229 14.4889 0
      vertex 2.7768 14.5976 0
      vertex 2.92635 14.7118 0
    endloop
  endfacet
  facet normal 0 0 -1
    outer loop
      vertex 3.88229 14.4889 0
      vertex 2.3906 14.259 0
      vertex 2.58924 14.422 0
    endloop
  endfacet
  facet normal 0 0 -1
    outer loop
      vertex 3.88229 14.4889 0
      vertex 2.18172 14.1093 0
      vertex 2.3906 14.259 0
    endloop
  endfacet
  facet normal -0 0 -1
    outer loop
      vertex 4.82159 14.204 0
      vertex 2.18172 14.1093 0
      vertex 3.88229 14.4889 0
    endloop
  endfacet
  facet normal 0 0 -1
    outer loop
      vertex 4.82159 14.204 0
      vertex 1.73686 13.8524 0
      vertex 1.9635 13.9736 0
    endloop
  endfacet
  facet normal 0 0 -1
    outer loop
      vertex 2.95892 5.125 0
      vertex 1.50279 13.7464 0
      vertex 1.73686 13.8524 0
    endloop
  endfacet
  facet normal 0 0 -1
    outer loop
      vertex 2.95892 5.125 0
      vertex 1.26229 13.6559 0
      vertex 1.50279 13.7464 0
    endloop
  endfacet
  facet normal 0 0 -1
    outer loop
      vertex 2.95892 5.125 0
      vertex 1.01638 13.5813 0
      vertex 1.26229 13.6559 0
    endloop
  endfacet
  facet normal 0 0 -1
    outer loop
      vertex 2.95892 5.125 0
      vertex 0.766117 13.5229 0
      vertex 1.01638 13.5813 0
    endloop
  endfacet
  facet normal 0 0 -1
    outer loop
      vertex 2.95892 5.125 0
      vertex 0.512575 13.4811 0
      vertex 0.766117 13.5229 0
    endloop
  endfacet
  facet normal 0 0 -1
    outer loop
      vertex 2.95892 5.125 0
      vertex 0.256837 13.4559 0
      vertex 0.512575 13.4811 0
    endloop
  endfacet
  facet normal 0 0 -1
    outer loop
      vertex 2.95892 5.125 0
      vertex 0 13.4475 0
      vertex 0.256837 13.4559 0
    endloop
  endfacet
  facet normal 0 0 -1
    outer loop
      vertex -2.95892 5.125 0
      vertex 0 13.4475 0
      vertex 2.95892 5.125 0
    endloop
  endfacet
  facet normal -0 0 -1
    outer loop
      vertex 0 13.4475 0
      vertex -2.95892 5.125 0
      vertex -0.256837 13.4559 0
    endloop
  endfacet
  facet normal -0 0 -1
    outer loop
      vertex -0.256837 13.4559 0
      vertex -2.95892 5.125 0
      vertex -0.512575 13.4811 0
    endloop
  endfacet
  facet normal -0 0 -1
    outer loop
      vertex -0.512575 13.4811 0
      vertex -2.95892 5.125 0
      vertex -0.766117 13.5229 0
    endloop
  endfacet
  facet normal -0 0 -1
    outer loop
      vertex -0.766117 13.5229 0
      vertex -2.95892 5.125 0
      vertex -1.01638 13.5813 0
    endloop
  endfacet
  facet normal -0 0 -1
    outer loop
      vertex -1.01638 13.5813 0
      vertex -2.95892 5.125 0
      vertex -1.26229 13.6559 0
    endloop
  endfacet
  facet normal -0 0 -1
    outer loop
      vertex -1.26229 13.6559 0
      vertex -2.95892 5.125 0
      vertex -1.50279 13.7464 0
    endloop
  endfacet
  facet normal -0 0 -1
    outer loop
      vertex -1.50279 13.7464 0
      vertex -2.95892 5.125 0
      vertex -1.73686 13.8524 0
    endloop
  endfacet
  facet normal 0 0 -1
    outer loop
      vertex -5.74025 13.8582 0
      vertex -1.73686 13.8524 0
      vertex -2.95892 5.125 0
    endloop
  endfacet
  facet normal 0 -0 -1
    outer loop
      vertex -4.82159 14.204 0
      vertex -1.73686 13.8524 0
      vertex -5.74025 13.8582 0
    endloop
  endfacet
  facet normal 0 0 -1
    outer loop
      vertex -1.9635 13.9736 0
      vertex -4.82159 14.204 0
      vertex -2.18172 14.1093 0
    endloop
  endfacet
  facet normal 0 -0 -1
    outer loop
      vertex -3.88229 14.4889 0
      vertex -2.18172 14.1093 0
      vertex -4.82159 14.204 0
    endloop
  endfacet
  facet normal 0 0 -1
    outer loop
      vertex -2.18172 14.1093 0
      vertex -3.88229 14.4889 0
      vertex -2.3906 14.259 0
    endloop
  endfacet
  facet normal 0 0 -1
    outer loop
      vertex -2.58924 14.422 0
      vertex -3.88229 14.4889 0
      vertex -2.7768 14.5976 0
    endloop
  endfacet
  facet normal 0 0 -1
    outer loop
      vertex -2.7768 14.5976 0
      vertex -2.92635 14.7118 0
      vertex -2.88941 14.7179 0
    endloop
  endfacet
  facet normal -0 0 -1
    outer loop
      vertex -2.7768 14.5976 0
      vertex -3.88229 14.4889 0
      vertex -2.92635 14.7118 0
    endloop
  endfacet
  facet normal 0 0 -1
    outer loop
      vertex -2.3906 14.259 0
      vertex -3.88229 14.4889 0
      vertex -2.58924 14.422 0
    endloop
  endfacet
  facet normal 0 0 -1
    outer loop
      vertex -1.73686 13.8524 0
      vertex -4.82159 14.204 0
      vertex -1.9635 13.9736 0
    endloop
  endfacet
  facet normal 0 0 -1
    outer loop
      vertex -8.3586 12.2856 0
      vertex -2.95892 5.125 0
      vertex -5.91784 0 0
    endloop
  endfacet
  facet normal 0 0 -1
    outer loop
      vertex -8.39219 -11.773 0
      vertex -7.5 -12.9904 0
      vertex -8.36701 -12.0288 0
    endloop
  endfacet
  facet normal 0 0 -1
    outer loop
      vertex -8.43405 -11.5195 0
      vertex -7.5 -12.9904 0
      vertex -8.39219 -11.773 0
    endloop
  endfacet
  facet normal 0 0 -1
    outer loop
      vertex -8.36701 -12.0288 0
      vertex -7.5 -12.9904 0
      vertex -8.3586 -12.2856 0
    endloop
  endfacet
  facet normal 0 0 -1
    outer loop
      vertex -2.95892 5.125 0
      vertex -6.63433 13.4531 0
      vertex -5.74025 13.8582 0
    endloop
  endfacet
  facet normal 0 0 -1
    outer loop
      vertex -8.3586 -12.2856 0
      vertex -7.5 -12.9904 0
      vertex -8.33355 -12.472 0
    endloop
  endfacet
  facet normal 0 0 -1
    outer loop
      vertex -2.95892 5.125 0
      vertex -7.5 12.9904 0
      vertex -6.63433 13.4531 0
    endloop
  endfacet
  facet normal 0 0 -1
    outer loop
      vertex -8.3586 12.2856 0
      vertex -7.5 12.9904 0
      vertex -2.95892 5.125 0
    endloop
  endfacet
  facet normal 0 -0 -1
    outer loop
      vertex -8.3586 -12.2856 0
      vertex -8.33355 -12.472 0
      vertex -8.36399 -12.4502 0
    endloop
  endfacet
  facet normal 0.249144 0.661974 -0.706908
    outer loop
      vertex 6.12293 14.7821 1
      vertex 4.82159 14.204 0
      vertex 5.14303 15.1509 1
    endloop
  endfacet
  facet normal 0.227063 0.97388 -0
    outer loop
      vertex 4.1411 15.4548 1
      vertex 3.50375 15.6034 13
      vertex 4.1411 15.4548 13
    endloop
  endfacet
  facet normal 0.227063 0.97388 0
    outer loop
      vertex 3.50375 15.6034 13
      vertex 4.1411 15.4548 1
      vertex 3.50375 15.6034 1
    endloop
  endfacet
  facet normal -0.249168 -0.661947 0.706924
    outer loop
      vertex -5.74025 -13.8582 14
      vertex -6.12293 -14.7821 13
      vertex -4.82159 -14.204 14
    endloop
  endfacet
  facet normal -0.697961 -0.115256 -0.7068
    outer loop
      vertex -14.7118 -2.92635 0
      vertex -14.7696 -2.93786 0.0589541
      vertex -14.7179 -2.88941 0
    endloop
  endfacet
  facet normal -0.411578 -0.574699 -0.707336
    outer loop
      vertex -8.33355 -12.472 0
      vertex -8.36631 -12.5211 0.058955
      vertex -8.36399 -12.4502 0
    endloop
  endfacet
  facet normal 0.676856 -0.2053 -0.706907
    outer loop
      vertex 15.1509 -5.14303 1
      vertex 14.204 -4.82159 0
      vertex 15.4548 -4.1411 1
    endloop
  endfacet
  facet normal 0.333436 0.62376 0.706926
    outer loop
      vertex 7.07662 14.35 13
      vertex 6.63433 13.4531 14
      vertex 8 13.8564 13
    endloop
  endfacet
  facet normal -0.249144 0.661974 0.706908
    outer loop
      vertex -5.14303 15.1509 13
      vertex -6.12293 14.7821 13
      vertex -4.82159 14.204 14
    endloop
  endfacet
  facet normal -0.602839 0.369273 -0.707264
    outer loop
      vertex -12.472 8.33355 0
      vertex -12.5424 8.36701 0.0774756
      vertex -12.5211 8.36631 0.058955
    endloop
  endfacet
  facet normal -0.600589 0.373409 -0.707006
    outer loop
      vertex -12.472 8.33355 0
      vertex -12.7982 8.39219 0.308072
      vertex -12.5424 8.36701 0.0774756
    endloop
  endfacet
  facet normal -0.600648 0.373252 -0.707039
    outer loop
      vertex -13.8564 8 1
      vertex -12.7982 8.39219 0.308072
      vertex -12.472 8.33355 0
    endloop
  endfacet
  facet normal -0.60069 0.37354 -0.706852
    outer loop
      vertex -13.302 8.49241 0.789082
      vertex -13.8564 8 1
      vertex -13.5108 8.55576 1
    endloop
  endfacet
  facet normal -0.600621 0.373406 -0.706981
    outer loop
      vertex -13.0517 8.43405 0.545614
      vertex -13.8564 8 1
      vertex -13.302 8.49241 0.789082
    endloop
  endfacet
  facet normal -0.600654 0.373612 -0.706844
    outer loop
      vertex -12.7982 8.39219 0.308072
      vertex -13.8564 8 1
      vertex -13.0517 8.43405 0.545614
    endloop
  endfacet
  facet normal 0.60069 0.37354 -0.706852
    outer loop
      vertex 13.8564 8 1
      vertex 13.302 8.49241 0.789082
      vertex 13.5108 8.55576 1
    endloop
  endfacet
  facet normal 0.600621 0.373406 -0.706981
    outer loop
      vertex 13.8564 8 1
      vertex 13.0517 8.43405 0.545614
      vertex 13.302 8.49241 0.789082
    endloop
  endfacet
  facet normal 0.600654 0.373612 -0.706844
    outer loop
      vertex 13.8564 8 1
      vertex 12.7982 8.39219 0.308072
      vertex 13.0517 8.43405 0.545614
    endloop
  endfacet
  facet normal 0.600648 0.373252 -0.707039
    outer loop
      vertex 12.472 8.33355 0
      vertex 12.7982 8.39219 0.308072
      vertex 13.8564 8 1
    endloop
  endfacet
  facet normal 0.600589 0.373409 -0.707006
    outer loop
      vertex 12.7982 8.39219 0.308072
      vertex 12.472 8.33355 0
      vertex 12.5424 8.36701 0.0774756
    endloop
  endfacet
  facet normal 0.602839 0.369273 -0.707264
    outer loop
      vertex 12.5424 8.36701 0.0774756
      vertex 12.472 8.33355 0
      vertex 12.5211 8.36631 0.058955
    endloop
  endfacet
  facet normal 0.249168 0.661947 0.706924
    outer loop
      vertex 6.12293 14.7821 13
      vertex 4.82159 14.204 14
      vertex 5.74025 13.8582 14
    endloop
  endfacet
  facet normal -0.574699 -0.411578 -0.707336
    outer loop
      vertex -12.4502 -8.36399 0
      vertex -12.5211 -8.36631 0.058955
      vertex -12.472 -8.33355 0
    endloop
  endfacet
  facet normal -0.600623 -0.373539 -0.706909
    outer loop
      vertex -12.472 -8.33355 0
      vertex -13.8564 -8 1
      vertex -12.9904 -7.5 0
    endloop
  endfacet
  facet normal -0.205298 -0.676856 0.706908
    outer loop
      vertex -3.88229 -14.4889 14
      vertex -4.82159 -14.204 14
      vertex -4.1411 -15.4548 13
    endloop
  endfacet
  facet normal -0.602839 -0.369273 -0.707264
    outer loop
      vertex -12.5424 -8.36701 0.0774756
      vertex -12.472 -8.33355 0
      vertex -12.5211 -8.36631 0.058955
    endloop
  endfacet
  facet normal -0.600589 -0.373409 -0.707006
    outer loop
      vertex -12.7982 -8.39219 0.308072
      vertex -12.472 -8.33355 0
      vertex -12.5424 -8.36701 0.0774756
    endloop
  endfacet
  facet normal -0.600654 -0.373612 -0.706844
    outer loop
      vertex -13.8564 -8 1
      vertex -12.7982 -8.39219 0.308072
      vertex -13.0517 -8.43405 0.545614
    endloop
  endfacet
  facet normal -0.600648 -0.373252 -0.707039
    outer loop
      vertex -12.7982 -8.39219 0.308072
      vertex -13.8564 -8 1
      vertex -12.472 -8.33355 0
    endloop
  endfacet
  facet normal -0.600621 -0.373406 -0.706981
    outer loop
      vertex -13.302 -8.49241 0.789082
      vertex -13.8564 -8 1
      vertex -13.0517 -8.43405 0.545614
    endloop
  endfacet
  facet normal -0.60069 -0.37354 -0.706852
    outer loop
      vertex -13.8564 -8 1
      vertex -13.302 -8.49241 0.789082
      vertex -13.5108 -8.55576 1
    endloop
  endfacet
  facet normal -0.411735 -0.574918 0.707067
    outer loop
      vertex -8.36399 -12.4502 14
      vertex -8.36631 -12.5211 13.941
      vertex -8.33355 -12.472 14
    endloop
  endfacet
  facet normal -0.471429 -0.881904 0
    outer loop
      vertex -8 -13.8564 1
      vertex -7.07662 -14.35 13
      vertex -8 -13.8564 13
    endloop
  endfacet
  facet normal -0.471429 -0.881904 -0
    outer loop
      vertex -7.07662 -14.35 13
      vertex -8 -13.8564 1
      vertex -7.07662 -14.35 1
    endloop
  endfacet
  facet normal 0.644246 -0.291902 -0.706924
    outer loop
      vertex 14.7821 -6.12293 1
      vertex 13.4531 -6.63433 0
      vertex 13.8582 -5.74025 0
    endloop
  endfacet
  facet normal -0.2053 -0.676856 0.706907
    outer loop
      vertex -4.82159 -14.204 14
      vertex -5.14303 -15.1509 13
      vertex -4.1411 -15.4548 13
    endloop
  endfacet
  facet normal -0.290257 -0.956949 0
    outer loop
      vertex -5.14303 -15.1509 1
      vertex -4.1411 -15.4548 13
      vertex -5.14303 -15.1509 13
    endloop
  endfacet
  facet normal -0.290257 -0.956949 -0
    outer loop
      vertex -4.1411 -15.4548 13
      vertex -5.14303 -15.1509 1
      vertex -4.1411 -15.4548 1
    endloop
  endfacet
  facet normal -0.412698 -0.910868 0
    outer loop
      vertex -7.07662 -14.35 1
      vertex -6.12293 -14.7821 13
      vertex -7.07662 -14.35 13
    endloop
  endfacet
  facet normal -0.412698 -0.910868 -0
    outer loop
      vertex -6.12293 -14.7821 13
      vertex -7.07662 -14.35 1
      vertex -6.12293 -14.7821 1
    endloop
  endfacet
  facet normal 0.205298 0.676856 -0.706908
    outer loop
      vertex 4.82159 14.204 0
      vertex 3.88229 14.4889 0
      vertex 4.1411 15.4548 1
    endloop
  endfacet
  facet normal -0.227063 -0.97388 0
    outer loop
      vertex -4.1411 -15.4548 1
      vertex -3.50375 -15.6034 13
      vertex -4.1411 -15.4548 13
    endloop
  endfacet
  facet normal -0.227063 -0.97388 -0
    outer loop
      vertex -3.50375 -15.6034 13
      vertex -4.1411 -15.4548 1
      vertex -3.50375 -15.6034 1
    endloop
  endfacet
  facet normal -0.160367 -0.688987 -0.706809
    outer loop
      vertex -2.95247 -14.7852 0.0774756
      vertex -2.92635 -14.7118 0
      vertex -2.93786 -14.7696 0.0589541
    endloop
  endfacet
  facet normal -0.160503 -0.688947 -0.706817
    outer loop
      vertex -3.11549 -14.9838 0.308073
      vertex -2.92635 -14.7118 0
      vertex -2.95247 -14.7852 0.0774756
    endloop
  endfacet
  facet normal -0.160627 -0.688783 -0.706949
    outer loop
      vertex -4.1411 -15.4548 1
      vertex -3.11549 -14.9838 0.308073
      vertex -3.26517 -15.1927 0.545614
    endloop
  endfacet
  facet normal -0.16044 -0.688976 -0.706803
    outer loop
      vertex -3.11549 -14.9838 0.308073
      vertex -4.1411 -15.4548 1
      vertex -2.92635 -14.7118 0
    endloop
  endfacet
  facet normal -0.160715 -0.688661 -0.707048
    outer loop
      vertex -3.40087 -15.411 0.789082
      vertex -4.1411 -15.4548 1
      vertex -3.26517 -15.1927 0.545614
    endloop
  endfacet
  facet normal -0.160628 -0.688936 -0.706799
    outer loop
      vertex -4.1411 -15.4548 1
      vertex -3.40087 -15.411 0.789082
      vertex -3.50375 -15.6034 1
    endloop
  endfacet
  facet normal -0.661947 -0.249168 0.706924
    outer loop
      vertex -14.204 -4.82159 14
      vertex -14.7821 -6.12293 13
      vertex -13.8582 -5.74025 14
    endloop
  endfacet
  facet normal -0.600623 -0.373539 0.706909
    outer loop
      vertex -12.9904 -7.5 14
      vertex -13.8564 -8 13
      vertex -12.472 -8.33355 14
    endloop
  endfacet
  facet normal 0.373539 -0.600623 -0.706909
    outer loop
      vertex 8 -13.8564 1
      vertex 7.5 -12.9904 0
      vertex 8.33355 -12.472 0
    endloop
  endfacet
  facet normal 0.160616 0.688828 -0.706908
    outer loop
      vertex 3.88229 14.4889 0
      vertex 2.92635 14.7118 0
      vertex 4.1411 15.4548 1
    endloop
  endfacet
  facet normal 0.115256 0.697961 -0.7068
    outer loop
      vertex 2.92635 14.7118 0
      vertex 2.88941 14.7179 0
      vertex 2.93786 14.7696 0.0589541
    endloop
  endfacet
  facet normal 0.249168 -0.661947 -0.706924
    outer loop
      vertex 6.12293 -14.7821 1
      vertex 4.82159 -14.204 0
      vertex 5.74025 -13.8582 0
    endloop
  endfacet
  facet normal 0.369273 0.602839 -0.707264
    outer loop
      vertex 8.33355 12.472 0
      vertex 8.36701 12.5424 0.0774756
      vertex 8.36631 12.5211 0.058955
    endloop
  endfacet
  facet normal 0.373409 0.600589 -0.707006
    outer loop
      vertex 8.33355 12.472 0
      vertex 8.39219 12.7982 0.308072
      vertex 8.36701 12.5424 0.0774756
    endloop
  endfacet
  facet normal 0.373252 0.600648 -0.707039
    outer loop
      vertex 8 13.8564 1
      vertex 8.39219 12.7982 0.308072
      vertex 8.33355 12.472 0
    endloop
  endfacet
  facet normal 0.37354 0.60069 -0.706852
    outer loop
      vertex 8.49241 13.302 0.789082
      vertex 8 13.8564 1
      vertex 8.55576 13.5108 1
    endloop
  endfacet
  facet normal 0.373406 0.600621 -0.706981
    outer loop
      vertex 8.43405 13.0517 0.545614
      vertex 8 13.8564 1
      vertex 8.49241 13.302 0.789082
    endloop
  endfacet
  facet normal 0.373612 0.600654 -0.706844
    outer loop
      vertex 8.39219 12.7982 0.308072
      vertex 8 13.8564 1
      vertex 8.43405 13.0517 0.545614
    endloop
  endfacet
  facet normal -0.574918 0.411735 0.707067
    outer loop
      vertex -12.4502 8.36399 14
      vertex -12.5211 8.36631 13.941
      vertex -12.472 8.33355 14
    endloop
  endfacet
  facet normal -0.373539 0.600623 -0.706909
    outer loop
      vertex -7.5 12.9904 0
      vertex -8.33355 12.472 0
      vertex -8 13.8564 1
    endloop
  endfacet
  facet normal -0.227063 0.97388 0
    outer loop
      vertex -3.50375 15.6034 1
      vertex -4.1411 15.4548 13
      vertex -3.50375 15.6034 13
    endloop
  endfacet
  facet normal -0.227063 0.97388 0
    outer loop
      vertex -4.1411 15.4548 13
      vertex -3.50375 15.6034 1
      vertex -4.1411 15.4548 1
    endloop
  endfacet
  facet normal -0.205298 0.676856 -0.706908
    outer loop
      vertex -3.88229 14.4889 0
      vertex -4.82159 14.204 0
      vertex -4.1411 15.4548 1
    endloop
  endfacet
  facet normal -0.661947 0.249168 -0.706924
    outer loop
      vertex -14.204 4.82159 0
      vertex -14.7821 6.12293 1
      vertex -13.8582 5.74025 0
    endloop
  endfacet
  facet normal -0.676856 0.205298 0.706908
    outer loop
      vertex -14.204 4.82159 14
      vertex -15.4548 4.1411 13
      vertex -14.4889 3.88229 14
    endloop
  endfacet
  facet normal -0.291902 0.644246 0.706924
    outer loop
      vertex -6.12293 14.7821 13
      vertex -6.63433 13.4531 14
      vertex -5.74025 13.8582 14
    endloop
  endfacet
  facet normal -0.291902 -0.644246 0.706924
    outer loop
      vertex -5.74025 -13.8582 14
      vertex -6.63433 -13.4531 14
      vertex -6.12293 -14.7821 13
    endloop
  endfacet
  facet normal -0.661974 0.249144 -0.706908
    outer loop
      vertex -14.204 4.82159 0
      vertex -15.1509 5.14303 1
      vertex -14.7821 6.12293 1
    endloop
  endfacet
  facet normal -0.676856 0.205298 -0.706908
    outer loop
      vertex -14.4889 3.88229 0
      vertex -15.4548 4.1411 1
      vertex -14.204 4.82159 0
    endloop
  endfacet
  facet normal -0.115256 0.697961 -0.7068
    outer loop
      vertex -2.92635 14.7118 0
      vertex -2.93786 14.7696 0.0589541
      vertex -2.88941 14.7179 0
    endloop
  endfacet
  facet normal -0.249168 0.661947 0.706924
    outer loop
      vertex -4.82159 14.204 14
      vertex -6.12293 14.7821 13
      vertex -5.74025 13.8582 14
    endloop
  endfacet
  facet normal 0.333436 0.62376 -0.706926
    outer loop
      vertex 8 13.8564 1
      vertex 6.63433 13.4531 0
      vertex 7.07662 14.35 1
    endloop
  endfacet
  facet normal 0.291896 0.644245 -0.706926
    outer loop
      vertex 6.63433 13.4531 0
      vertex 6.12293 14.7821 1
      vertex 7.07662 14.35 1
    endloop
  endfacet
  facet normal 0.2053 0.676856 -0.706907
    outer loop
      vertex 4.82159 14.204 0
      vertex 4.1411 15.4548 1
      vertex 5.14303 15.1509 1
    endloop
  endfacet
  facet normal 0.290257 0.956949 -0
    outer loop
      vertex 5.14303 15.1509 1
      vertex 4.1411 15.4548 13
      vertex 5.14303 15.1509 13
    endloop
  endfacet
  facet normal 0.290257 0.956949 0
    outer loop
      vertex 4.1411 15.4548 13
      vertex 5.14303 15.1509 1
      vertex 4.1411 15.4548 1
    endloop
  endfacet
  facet normal -0.160367 0.688987 -0.706809
    outer loop
      vertex -2.92635 14.7118 0
      vertex -2.95247 14.7852 0.0774756
      vertex -2.93786 14.7696 0.0589541
    endloop
  endfacet
  facet normal -0.160503 0.688947 -0.706817
    outer loop
      vertex -2.92635 14.7118 0
      vertex -3.11549 14.9838 0.308073
      vertex -2.95247 14.7852 0.0774756
    endloop
  endfacet
  facet normal -0.16044 0.688976 -0.706803
    outer loop
      vertex -4.1411 15.4548 1
      vertex -3.11549 14.9838 0.308073
      vertex -2.92635 14.7118 0
    endloop
  endfacet
  facet normal -0.160628 0.688936 -0.706799
    outer loop
      vertex -3.40087 15.411 0.789082
      vertex -4.1411 15.4548 1
      vertex -3.50375 15.6034 1
    endloop
  endfacet
  facet normal -0.160715 0.688661 -0.707048
    outer loop
      vertex -3.26517 15.1927 0.545614
      vertex -4.1411 15.4548 1
      vertex -3.40087 15.411 0.789082
    endloop
  endfacet
  facet normal -0.160627 0.688783 -0.706949
    outer loop
      vertex -3.11549 14.9838 0.308073
      vertex -4.1411 15.4548 1
      vertex -3.26517 15.1927 0.545614
    endloop
  endfacet
  facet normal -0.2053 0.676856 0.706907
    outer loop
      vertex -4.1411 15.4548 13
      vertex -5.14303 15.1509 13
      vertex -4.82159 14.204 14
    endloop
  endfacet
  facet normal -0.160616 0.688828 0.706908
    outer loop
      vertex -2.92635 14.7118 14
      vertex -4.1411 15.4548 13
      vertex -3.88229 14.4889 14
    endloop
  endfacet
  facet normal -0.158231 0.689728 0.706568
    outer loop
      vertex -2.95247 14.7852 13.9225
      vertex -2.92635 14.7118 14
      vertex -2.93786 14.7696 13.941
    endloop
  endfacet
  facet normal -0.159985 0.689215 0.706673
    outer loop
      vertex -3.11549 14.9838 13.6919
      vertex -2.92635 14.7118 14
      vertex -2.95247 14.7852 13.9225
    endloop
  endfacet
  facet normal -0.160713 0.688677 0.707032
    outer loop
      vertex -4.1411 15.4548 13
      vertex -3.11549 14.9838 13.6919
      vertex -3.26517 15.1927 13.4544
    endloop
  endfacet
  facet normal -0.160354 0.689048 0.706752
    outer loop
      vertex -3.11549 14.9838 13.6919
      vertex -4.1411 15.4548 13
      vertex -2.92635 14.7118 14
    endloop
  endfacet
  facet normal -0.160678 0.688726 0.706993
    outer loop
      vertex -3.40087 15.411 13.2109
      vertex -4.1411 15.4548 13
      vertex -3.26517 15.1927 13.4544
    endloop
  endfacet
  facet normal -0.160621 0.688907 0.70683
    outer loop
      vertex -4.1411 15.4548 13
      vertex -3.40087 15.411 13.2109
      vertex -3.50375 15.6034 13
    endloop
  endfacet
  facet normal -0.373539 0.600623 0.706909
    outer loop
      vertex -8 13.8564 13
      vertex -8.33355 12.472 14
      vertex -7.5 12.9904 14
    endloop
  endfacet
  facet normal -0.333415 0.62379 0.706909
    outer loop
      vertex -6.63433 13.4531 14
      vertex -8 13.8564 13
      vertex -7.5 12.9904 14
    endloop
  endfacet
  facet normal 0.528075 0.849198 -0
    outer loop
      vertex 8.55576 13.5108 1
      vertex 8 13.8564 13
      vertex 8.55576 13.5108 13
    endloop
  endfacet
  facet normal 0.528075 0.849198 0
    outer loop
      vertex 8 13.8564 13
      vertex 8.55576 13.5108 1
      vertex 8 13.8564 1
    endloop
  endfacet
  facet normal 0.574699 0.411578 -0.707336
    outer loop
      vertex 12.472 8.33355 0
      vertex 12.4502 8.36399 0
      vertex 12.5211 8.36631 0.058955
    endloop
  endfacet
  facet normal 0.574918 0.411735 0.707067
    outer loop
      vertex 12.5211 8.36631 13.941
      vertex 12.4502 8.36399 14
      vertex 12.472 8.33355 14
    endloop
  endfacet
  facet normal 0.600664 0.373524 0.706882
    outer loop
      vertex 13.302 8.49241 13.2109
      vertex 13.8564 8 13
      vertex 13.5108 8.55576 13
    endloop
  endfacet
  facet normal 0.600641 0.373478 0.706926
    outer loop
      vertex 13.0517 8.43405 13.4544
      vertex 13.8564 8 13
      vertex 13.302 8.49241 13.2109
    endloop
  endfacet
  facet normal 0.60064 0.373473 0.70693
    outer loop
      vertex 12.7982 8.39219 13.6919
      vertex 13.8564 8 13
      vertex 13.0517 8.43405 13.4544
    endloop
  endfacet
  facet normal 0.600416 0.373958 0.706864
    outer loop
      vertex 12.472 8.33355 14
      vertex 12.7982 8.39219 13.6919
      vertex 12.5424 8.36701 13.9225
    endloop
  endfacet
  facet normal 0.601891 0.371253 0.707035
    outer loop
      vertex 12.472 8.33355 14
      vertex 12.5424 8.36701 13.9225
      vertex 12.5211 8.36631 13.941
    endloop
  endfacet
  facet normal 0.600638 0.373369 0.706986
    outer loop
      vertex 12.7982 8.39219 13.6919
      vertex 12.472 8.33355 14
      vertex 13.8564 8 13
    endloop
  endfacet
  facet normal 0.411578 -0.574699 -0.707336
    outer loop
      vertex 8.36631 -12.5211 0.058955
      vertex 8.33355 -12.472 0
      vertex 8.36399 -12.4502 0
    endloop
  endfacet
  facet normal -0.528075 -0.849198 0
    outer loop
      vertex -8.55576 -13.5108 1
      vertex -8 -13.8564 13
      vertex -8.55576 -13.5108 13
    endloop
  endfacet
  facet normal -0.528075 -0.849198 -0
    outer loop
      vertex -8 -13.8564 13
      vertex -8.55576 -13.5108 1
      vertex -8 -13.8564 1
    endloop
  endfacet
  facet normal 0.115301 0.698233 0.706525
    outer loop
      vertex 2.93786 14.7696 13.941
      vertex 2.88941 14.7179 14
      vertex 2.92635 14.7118 14
    endloop
  endfacet
  facet normal -0.249144 -0.661974 0.706908
    outer loop
      vertex -4.82159 -14.204 14
      vertex -6.12293 -14.7821 13
      vertex -5.14303 -15.1509 13
    endloop
  endfacet
  facet normal -0.97388 0.227063 0
    outer loop
      vertex -15.6034 3.50375 1
      vertex -15.4548 4.1411 13
      vertex -15.4548 4.1411 1
    endloop
  endfacet
  facet normal -0.97388 0.227063 0
    outer loop
      vertex -15.4548 4.1411 13
      vertex -15.6034 3.50375 1
      vertex -15.6034 3.50375 13
    endloop
  endfacet
  facet normal -0.644245 -0.291896 0.706926
    outer loop
      vertex -13.4531 -6.63433 14
      vertex -14.7821 -6.12293 13
      vertex -14.35 -7.07662 13
    endloop
  endfacet
  facet normal -0.644246 -0.291902 0.706924
    outer loop
      vertex -13.8582 -5.74025 14
      vertex -14.7821 -6.12293 13
      vertex -13.4531 -6.63433 14
    endloop
  endfacet
  facet normal -0.291896 0.644245 -0.706926
    outer loop
      vertex -6.63433 13.4531 0
      vertex -7.07662 14.35 1
      vertex -6.12293 14.7821 1
    endloop
  endfacet
  facet normal -0.881904 0.471429 0
    outer loop
      vertex -14.35 7.07662 1
      vertex -13.8564 8 13
      vertex -13.8564 8 1
    endloop
  endfacet
  facet normal -0.881904 0.471429 0
    outer loop
      vertex -13.8564 8 13
      vertex -14.35 7.07662 1
      vertex -14.35 7.07662 13
    endloop
  endfacet
  facet normal -0.849198 0.528075 0
    outer loop
      vertex -13.8564 8 1
      vertex -13.5108 8.55576 13
      vertex -13.5108 8.55576 1
    endloop
  endfacet
  facet normal -0.849198 0.528075 0
    outer loop
      vertex -13.5108 8.55576 13
      vertex -13.8564 8 1
      vertex -13.8564 8 13
    endloop
  endfacet
  facet normal -0.601891 0.371253 0.707035
    outer loop
      vertex -12.5424 8.36701 13.9225
      vertex -12.472 8.33355 14
      vertex -12.5211 8.36631 13.941
    endloop
  endfacet
  facet normal -0.600416 0.373958 0.706864
    outer loop
      vertex -12.7982 8.39219 13.6919
      vertex -12.472 8.33355 14
      vertex -12.5424 8.36701 13.9225
    endloop
  endfacet
  facet normal -0.60064 0.373473 0.70693
    outer loop
      vertex -13.8564 8 13
      vertex -12.7982 8.39219 13.6919
      vertex -13.0517 8.43405 13.4544
    endloop
  endfacet
  facet normal -0.600638 0.373369 0.706986
    outer loop
      vertex -12.7982 8.39219 13.6919
      vertex -13.8564 8 13
      vertex -12.472 8.33355 14
    endloop
  endfacet
  facet normal -0.600641 0.373478 0.706926
    outer loop
      vertex -13.302 8.49241 13.2109
      vertex -13.8564 8 13
      vertex -13.0517 8.43405 13.4544
    endloop
  endfacet
  facet normal -0.600664 0.373524 0.706882
    outer loop
      vertex -13.8564 8 13
      vertex -13.302 8.49241 13.2109
      vertex -13.5108 8.55576 13
    endloop
  endfacet
  facet normal -0.412698 0.910868 0
    outer loop
      vertex -6.12293 14.7821 1
      vertex -7.07662 14.35 13
      vertex -6.12293 14.7821 13
    endloop
  endfacet
  facet normal -0.412698 0.910868 0
    outer loop
      vertex -7.07662 14.35 13
      vertex -6.12293 14.7821 1
      vertex -7.07662 14.35 1
    endloop
  endfacet
  facet normal -0.369273 0.602839 -0.707264
    outer loop
      vertex -8.36701 12.5424 0.0774756
      vertex -8.33355 12.472 0
      vertex -8.36631 12.5211 0.058955
    endloop
  endfacet
  facet normal -0.373409 0.600589 -0.707006
    outer loop
      vertex -8.39219 12.7982 0.308072
      vertex -8.33355 12.472 0
      vertex -8.36701 12.5424 0.0774756
    endloop
  endfacet
  facet normal -0.373252 0.600648 -0.707039
    outer loop
      vertex -8.33355 12.472 0
      vertex -8.39219 12.7982 0.308072
      vertex -8 13.8564 1
    endloop
  endfacet
  facet normal -0.373612 0.600654 -0.706844
    outer loop
      vertex -8.43405 13.0517 0.545614
      vertex -8 13.8564 1
      vertex -8.39219 12.7982 0.308072
    endloop
  endfacet
  facet normal -0.373406 0.600621 -0.706981
    outer loop
      vertex -8.49241 13.302 0.789082
      vertex -8 13.8564 1
      vertex -8.43405 13.0517 0.545614
    endloop
  endfacet
  facet normal -0.37354 0.60069 -0.706852
    outer loop
      vertex -8 13.8564 1
      vertex -8.49241 13.302 0.789082
      vertex -8.55576 13.5108 1
    endloop
  endfacet
  facet normal 0.369273 -0.602839 -0.707264
    outer loop
      vertex 8.36701 -12.5424 0.0774756
      vertex 8.33355 -12.472 0
      vertex 8.36631 -12.5211 0.058955
    endloop
  endfacet
  facet normal 0.373409 -0.600589 -0.707006
    outer loop
      vertex 8.39219 -12.7982 0.308072
      vertex 8.33355 -12.472 0
      vertex 8.36701 -12.5424 0.0774756
    endloop
  endfacet
  facet normal 0.373612 -0.600654 -0.706844
    outer loop
      vertex 8 -13.8564 1
      vertex 8.39219 -12.7982 0.308072
      vertex 8.43405 -13.0517 0.545614
    endloop
  endfacet
  facet normal 0.373252 -0.600648 -0.707039
    outer loop
      vertex 8.39219 -12.7982 0.308072
      vertex 8 -13.8564 1
      vertex 8.33355 -12.472 0
    endloop
  endfacet
  facet normal 0.373406 -0.600621 -0.706981
    outer loop
      vertex 8.49241 -13.302 0.789082
      vertex 8 -13.8564 1
      vertex 8.43405 -13.0517 0.545614
    endloop
  endfacet
  facet normal 0.37354 -0.60069 -0.706852
    outer loop
      vertex 8 -13.8564 1
      vertex 8.49241 -13.302 0.789082
      vertex 8.55576 -13.5108 1
    endloop
  endfacet
  facet normal -0.574699 0.411578 -0.707336
    outer loop
      vertex -12.472 8.33355 0
      vertex -12.5211 8.36631 0.058955
      vertex -12.4502 8.36399 0
    endloop
  endfacet
  facet normal -0.698233 -0.115301 0.706525
    outer loop
      vertex -14.7179 -2.88941 14
      vertex -14.7696 -2.93786 13.941
      vertex -14.7118 -2.92635 14
    endloop
  endfacet
  facet normal 0.160628 0.688936 -0.706799
    outer loop
      vertex 4.1411 15.4548 1
      vertex 3.40087 15.411 0.789082
      vertex 3.50375 15.6034 1
    endloop
  endfacet
  facet normal 0.160715 0.688661 -0.707048
    outer loop
      vertex 4.1411 15.4548 1
      vertex 3.26517 15.1927 0.545614
      vertex 3.40087 15.411 0.789082
    endloop
  endfacet
  facet normal 0.160627 0.688783 -0.706949
    outer loop
      vertex 4.1411 15.4548 1
      vertex 3.11549 14.9838 0.308073
      vertex 3.26517 15.1927 0.545614
    endloop
  endfacet
  facet normal 0.16044 0.688976 -0.706803
    outer loop
      vertex 2.92635 14.7118 0
      vertex 3.11549 14.9838 0.308073
      vertex 4.1411 15.4548 1
    endloop
  endfacet
  facet normal 0.160503 0.688947 -0.706817
    outer loop
      vertex 3.11549 14.9838 0.308073
      vertex 2.92635 14.7118 0
      vertex 2.95247 14.7852 0.0774756
    endloop
  endfacet
  facet normal 0.160367 0.688987 -0.706809
    outer loop
      vertex 2.95247 14.7852 0.0774756
      vertex 2.92635 14.7118 0
      vertex 2.93786 14.7696 0.0589541
    endloop
  endfacet
  facet normal -0.333436 0.62376 -0.706926
    outer loop
      vertex -6.63433 13.4531 0
      vertex -8 13.8564 1
      vertex -7.07662 14.35 1
    endloop
  endfacet
  facet normal -0.333415 0.62379 -0.706909
    outer loop
      vertex -7.5 12.9904 0
      vertex -8 13.8564 1
      vertex -6.63433 13.4531 0
    endloop
  endfacet
  facet normal -0.290257 0.956949 0
    outer loop
      vertex -4.1411 15.4548 1
      vertex -5.14303 15.1509 13
      vertex -4.1411 15.4548 13
    endloop
  endfacet
  facet normal -0.290257 0.956949 0
    outer loop
      vertex -5.14303 15.1509 13
      vertex -4.1411 15.4548 1
      vertex -5.14303 15.1509 1
    endloop
  endfacet
  facet normal -0.471429 0.881904 0
    outer loop
      vertex -7.07662 14.35 1
      vertex -8 13.8564 13
      vertex -7.07662 14.35 13
    endloop
  endfacet
  facet normal -0.471429 0.881904 0
    outer loop
      vertex -8 13.8564 13
      vertex -7.07662 14.35 1
      vertex -8 13.8564 1
    endloop
  endfacet
  facet normal -0.333436 0.62376 0.706926
    outer loop
      vertex -7.07662 14.35 13
      vertex -8 13.8564 13
      vertex -6.63433 13.4531 14
    endloop
  endfacet
  facet normal 0.471429 0.881904 -0
    outer loop
      vertex 8 13.8564 1
      vertex 7.07662 14.35 13
      vertex 8 13.8564 13
    endloop
  endfacet
  facet normal 0.471429 0.881904 0
    outer loop
      vertex 7.07662 14.35 13
      vertex 8 13.8564 1
      vertex 7.07662 14.35 1
    endloop
  endfacet
  facet normal 0.291896 0.644245 0.706926
    outer loop
      vertex 7.07662 14.35 13
      vertex 6.12293 14.7821 13
      vertex 6.63433 13.4531 14
    endloop
  endfacet
  facet normal 0.849198 0.528075 0
    outer loop
      vertex 13.8564 8 13
      vertex 13.5108 8.55576 1
      vertex 13.5108 8.55576 13
    endloop
  endfacet
  facet normal 0.849198 0.528075 0
    outer loop
      vertex 13.5108 8.55576 1
      vertex 13.8564 8 13
      vertex 13.8564 8 1
    endloop
  endfacet
  facet normal -0.849198 -0.528075 0
    outer loop
      vertex -13.5108 -8.55576 1
      vertex -13.8564 -8 13
      vertex -13.8564 -8 1
    endloop
  endfacet
  facet normal -0.849198 -0.528075 0
    outer loop
      vertex -13.8564 -8 13
      vertex -13.5108 -8.55576 1
      vertex -13.5108 -8.55576 13
    endloop
  endfacet
  facet normal -0.661974 -0.249144 0.706908
    outer loop
      vertex -14.204 -4.82159 14
      vertex -15.1509 -5.14303 13
      vertex -14.7821 -6.12293 13
    endloop
  endfacet
  facet normal -0.676856 -0.2053 0.706907
    outer loop
      vertex -14.204 -4.82159 14
      vertex -15.4548 -4.1411 13
      vertex -15.1509 -5.14303 13
    endloop
  endfacet
  facet normal -0.688987 0.160367 -0.706809
    outer loop
      vertex -14.7852 2.95247 0.0774756
      vertex -14.7118 2.92635 0
      vertex -14.7696 2.93786 0.0589541
    endloop
  endfacet
  facet normal -0.688947 0.160503 -0.706817
    outer loop
      vertex -14.9838 3.11549 0.308073
      vertex -14.7118 2.92635 0
      vertex -14.7852 2.95247 0.0774756
    endloop
  endfacet
  facet normal -0.688783 0.160627 -0.706949
    outer loop
      vertex -15.4548 4.1411 1
      vertex -14.9838 3.11549 0.308073
      vertex -15.1927 3.26517 0.545614
    endloop
  endfacet
  facet normal -0.688976 0.16044 -0.706803
    outer loop
      vertex -14.9838 3.11549 0.308073
      vertex -15.4548 4.1411 1
      vertex -14.7118 2.92635 0
    endloop
  endfacet
  facet normal -0.688661 0.160715 -0.707048
    outer loop
      vertex -15.411 3.40087 0.789082
      vertex -15.4548 4.1411 1
      vertex -15.1927 3.26517 0.545614
    endloop
  endfacet
  facet normal -0.688936 0.160628 -0.706799
    outer loop
      vertex -15.4548 4.1411 1
      vertex -15.411 3.40087 0.789082
      vertex -15.6034 3.50375 1
    endloop
  endfacet
  facet normal -0.697961 0.115256 -0.7068
    outer loop
      vertex -14.7179 2.88941 0
      vertex -14.7696 2.93786 0.0589541
      vertex -14.7118 2.92635 0
    endloop
  endfacet
  facet normal -0.291902 0.644246 -0.706924
    outer loop
      vertex -5.74025 13.8582 0
      vertex -6.63433 13.4531 0
      vertex -6.12293 14.7821 1
    endloop
  endfacet
  facet normal -0.249168 0.661947 -0.706924
    outer loop
      vertex -5.74025 13.8582 0
      vertex -6.12293 14.7821 1
      vertex -4.82159 14.204 0
    endloop
  endfacet
  facet normal -0.249144 0.661974 -0.706908
    outer loop
      vertex -4.82159 14.204 0
      vertex -6.12293 14.7821 1
      vertex -5.14303 15.1509 1
    endloop
  endfacet
  facet normal -0.352243 0.935909 0
    outer loop
      vertex -5.14303 15.1509 1
      vertex -6.12293 14.7821 13
      vertex -5.14303 15.1509 13
    endloop
  endfacet
  facet normal -0.352243 0.935909 0
    outer loop
      vertex -6.12293 14.7821 13
      vertex -5.14303 15.1509 1
      vertex -6.12293 14.7821 1
    endloop
  endfacet
  facet normal 0.333436 -0.62376 -0.706926
    outer loop
      vertex 7.07662 -14.35 1
      vertex 6.63433 -13.4531 0
      vertex 8 -13.8564 1
    endloop
  endfacet
  facet normal -0.676856 0.2053 -0.706907
    outer loop
      vertex -14.204 4.82159 0
      vertex -15.4548 4.1411 1
      vertex -15.1509 5.14303 1
    endloop
  endfacet
  facet normal -0.956949 0.290257 0
    outer loop
      vertex -15.4548 4.1411 1
      vertex -15.1509 5.14303 13
      vertex -15.1509 5.14303 1
    endloop
  endfacet
  facet normal -0.956949 0.290257 0
    outer loop
      vertex -15.1509 5.14303 13
      vertex -15.4548 4.1411 1
      vertex -15.4548 4.1411 13
    endloop
  endfacet
  facet normal -0.689728 -0.158231 0.706568
    outer loop
      vertex -14.7852 -2.95247 13.9225
      vertex -14.7118 -2.92635 14
      vertex -14.7696 -2.93786 13.941
    endloop
  endfacet
  facet normal -0.689215 -0.159985 0.706673
    outer loop
      vertex -14.9838 -3.11549 13.6919
      vertex -14.7118 -2.92635 14
      vertex -14.7852 -2.95247 13.9225
    endloop
  endfacet
  facet normal -0.688677 -0.160713 0.707032
    outer loop
      vertex -15.4548 -4.1411 13
      vertex -14.9838 -3.11549 13.6919
      vertex -15.1927 -3.26517 13.4544
    endloop
  endfacet
  facet normal -0.689048 -0.160354 0.706752
    outer loop
      vertex -14.9838 -3.11549 13.6919
      vertex -15.4548 -4.1411 13
      vertex -14.7118 -2.92635 14
    endloop
  endfacet
  facet normal -0.688726 -0.160678 0.706993
    outer loop
      vertex -15.411 -3.40087 13.2109
      vertex -15.4548 -4.1411 13
      vertex -15.1927 -3.26517 13.4544
    endloop
  endfacet
  facet normal -0.688907 -0.160621 0.70683
    outer loop
      vertex -15.4548 -4.1411 13
      vertex -15.411 -3.40087 13.2109
      vertex -15.6034 -3.50375 13
    endloop
  endfacet
  facet normal -0.528075 0.849198 0
    outer loop
      vertex -8 13.8564 1
      vertex -8.55576 13.5108 13
      vertex -8 13.8564 13
    endloop
  endfacet
  facet normal -0.528075 0.849198 0
    outer loop
      vertex -8.55576 13.5108 13
      vertex -8 13.8564 1
      vertex -8.55576 13.5108 1
    endloop
  endfacet
  facet normal 0.352243 0.935909 -0
    outer loop
      vertex 6.12293 14.7821 1
      vertex 5.14303 15.1509 13
      vertex 6.12293 14.7821 13
    endloop
  endfacet
  facet normal 0.352243 0.935909 0
    outer loop
      vertex 5.14303 15.1509 13
      vertex 6.12293 14.7821 1
      vertex 5.14303 15.1509 1
    endloop
  endfacet
  facet normal 0.249144 0.661974 0.706908
    outer loop
      vertex 5.14303 15.1509 13
      vertex 4.82159 14.204 14
      vertex 6.12293 14.7821 13
    endloop
  endfacet
  facet normal -0.956949 -0.290257 0
    outer loop
      vertex -15.1509 -5.14303 1
      vertex -15.4548 -4.1411 13
      vertex -15.4548 -4.1411 1
    endloop
  endfacet
  facet normal -0.956949 -0.290257 0
    outer loop
      vertex -15.4548 -4.1411 13
      vertex -15.1509 -5.14303 1
      vertex -15.1509 -5.14303 13
    endloop
  endfacet
  facet normal -0.935909 -0.352243 0
    outer loop
      vertex -14.7821 -6.12293 1
      vertex -15.1509 -5.14303 13
      vertex -15.1509 -5.14303 1
    endloop
  endfacet
  facet normal -0.935909 -0.352243 0
    outer loop
      vertex -15.1509 -5.14303 13
      vertex -14.7821 -6.12293 1
      vertex -14.7821 -6.12293 13
    endloop
  endfacet
  facet normal 0.412698 -0.910868 0
    outer loop
      vertex 6.12293 -14.7821 1
      vertex 7.07662 -14.35 13
      vertex 6.12293 -14.7821 13
    endloop
  endfacet
  facet normal 0.412698 -0.910868 0
    outer loop
      vertex 7.07662 -14.35 13
      vertex 6.12293 -14.7821 1
      vertex 7.07662 -14.35 1
    endloop
  endfacet
  facet normal 0.291896 -0.644245 -0.706926
    outer loop
      vertex 7.07662 -14.35 1
      vertex 6.12293 -14.7821 1
      vertex 6.63433 -13.4531 0
    endloop
  endfacet
  facet normal -0.698233 0.115301 0.706525
    outer loop
      vertex -14.7118 2.92635 14
      vertex -14.7696 2.93786 13.941
      vertex -14.7179 2.88941 14
    endloop
  endfacet
  facet normal -0.689728 0.158231 0.706568
    outer loop
      vertex -14.7118 2.92635 14
      vertex -14.7852 2.95247 13.9225
      vertex -14.7696 2.93786 13.941
    endloop
  endfacet
  facet normal -0.689215 0.159985 0.706673
    outer loop
      vertex -14.7118 2.92635 14
      vertex -14.9838 3.11549 13.6919
      vertex -14.7852 2.95247 13.9225
    endloop
  endfacet
  facet normal -0.689048 0.160354 0.706752
    outer loop
      vertex -15.4548 4.1411 13
      vertex -14.9838 3.11549 13.6919
      vertex -14.7118 2.92635 14
    endloop
  endfacet
  facet normal -0.688677 0.160713 0.707032
    outer loop
      vertex -14.9838 3.11549 13.6919
      vertex -15.4548 4.1411 13
      vertex -15.1927 3.26517 13.4544
    endloop
  endfacet
  facet normal -0.688726 0.160678 0.706993
    outer loop
      vertex -15.4548 4.1411 13
      vertex -15.411 3.40087 13.2109
      vertex -15.1927 3.26517 13.4544
    endloop
  endfacet
  facet normal -0.688907 0.160621 0.70683
    outer loop
      vertex -15.411 3.40087 13.2109
      vertex -15.4548 4.1411 13
      vertex -15.6034 3.50375 13
    endloop
  endfacet
  facet normal 0.411735 0.574918 0.707067
    outer loop
      vertex 8.36631 12.5211 13.941
      vertex 8.33355 12.472 14
      vertex 8.36399 12.4502 14
    endloop
  endfacet
  facet normal -0.995188 -0.0979878 0
    outer loop
      vertex 3.29293 0.21583 5.4
      vertex 3.27177 0.430736 14
      vertex 3.27177 0.430736 5.4
    endloop
  endfacet
  facet normal -0.995188 -0.0979878 0
    outer loop
      vertex 3.27177 0.430736 14
      vertex 3.29293 0.21583 5.4
      vertex 3.29293 0.21583 14
    endloop
  endfacet
  facet normal -0.999464 -0.0327397 0
    outer loop
      vertex 3.3 0 5.4
      vertex 3.29293 0.21583 14
      vertex 3.29293 0.21583 5.4
    endloop
  endfacet
  facet normal -0.999464 -0.0327397 0
    outer loop
      vertex 3.29293 0.21583 14
      vertex 3.3 0 5.4
      vertex 3.3 0 14
    endloop
  endfacet
  facet normal -0.986641 -0.16291 0
    outer loop
      vertex 3.27177 0.430736 5.4
      vertex 3.23659 0.643798 14
      vertex 3.23659 0.643798 5.4
    endloop
  endfacet
  facet normal -0.986641 -0.16291 0
    outer loop
      vertex 3.23659 0.643798 14
      vertex 3.27177 0.430736 5.4
      vertex 3.27177 0.430736 14
    endloop
  endfacet
  facet normal -0.973873 -0.227094 0
    outer loop
      vertex 3.23659 0.643798 5.4
      vertex 3.18755 0.854102 14
      vertex 3.18755 0.854102 5.4
    endloop
  endfacet
  facet normal -0.973873 -0.227094 0
    outer loop
      vertex 3.18755 0.854102 14
      vertex 3.23659 0.643798 5.4
      vertex 3.23659 0.643798 14
    endloop
  endfacet
  facet normal -0.91087 -0.412693 0
    outer loop
      vertex 3.0488 1.26285 5.4
      vertex 2.95968 1.45955 14
      vertex 2.95968 1.45955 5.4
    endloop
  endfacet
  facet normal -0.91087 -0.412693 0
    outer loop
      vertex 2.95968 1.45955 14
      vertex 3.0488 1.26285 5.4
      vertex 3.0488 1.26285 14
    endloop
  endfacet
  facet normal -0.471405 -0.881917 0
    outer loop
      vertex 1.45955 2.95968 5.4
      vertex 1.65 2.85788 14
      vertex 1.45955 2.95968 14
    endloop
  endfacet
  facet normal -0.471405 -0.881917 -0
    outer loop
      vertex 1.65 2.85788 14
      vertex 1.45955 2.95968 5.4
      vertex 1.65 2.85788 5.4
    endloop
  endfacet
  facet normal -0.471405 0.881917 0
    outer loop
      vertex 1.65 -2.85788 5.4
      vertex 1.45955 -2.95968 14
      vertex 1.65 -2.85788 14
    endloop
  endfacet
  facet normal -0.471405 0.881917 0
    outer loop
      vertex 1.45955 -2.95968 14
      vertex 1.65 -2.85788 5.4
      vertex 1.45955 -2.95968 5.4
    endloop
  endfacet
  facet normal -0.16291 0.986641 0
    outer loop
      vertex 0.643798 -3.23659 5.4
      vertex 0.430736 -3.27177 14
      vertex 0.643798 -3.23659 14
    endloop
  endfacet
  facet normal -0.16291 0.986641 0
    outer loop
      vertex 0.430736 -3.27177 14
      vertex 0.643798 -3.23659 5.4
      vertex 0.430736 -3.27177 5.4
    endloop
  endfacet
  facet normal -0.995188 0.0979878 0
    outer loop
      vertex 3.27177 -0.430736 5.4
      vertex 3.29293 -0.21583 14
      vertex 3.29293 -0.21583 5.4
    endloop
  endfacet
  facet normal -0.995188 0.0979878 0
    outer loop
      vertex 3.29293 -0.21583 14
      vertex 3.27177 -0.430736 5.4
      vertex 3.27177 -0.430736 14
    endloop
  endfacet
  facet normal -0.0979878 -0.995188 0
    outer loop
      vertex 0.21583 3.29293 5.4
      vertex 0.430736 3.27177 14
      vertex 0.21583 3.29293 14
    endloop
  endfacet
  facet normal -0.0979878 -0.995188 -0
    outer loop
      vertex 0.430736 3.27177 14
      vertex 0.21583 3.29293 5.4
      vertex 0.430736 3.27177 5.4
    endloop
  endfacet
  facet normal -0.528058 0.849208 0
    outer loop
      vertex 1.83338 -2.74385 5.4
      vertex 1.65 -2.85788 14
      vertex 1.83338 -2.74385 14
    endloop
  endfacet
  facet normal -0.528058 0.849208 0
    outer loop
      vertex 1.65 -2.85788 14
      vertex 1.83338 -2.74385 5.4
      vertex 1.65 -2.85788 5.4
    endloop
  endfacet
  facet normal -0.881917 -0.471405 0
    outer loop
      vertex 2.95968 1.45955 5.4
      vertex 2.85788 1.65 14
      vertex 2.85788 1.65 5.4
    endloop
  endfacet
  facet normal -0.881917 -0.471405 0
    outer loop
      vertex 2.85788 1.65 14
      vertex 2.95968 1.45955 5.4
      vertex 2.95968 1.45955 14
    endloop
  endfacet
  facet normal -0.935898 -0.35227 0
    outer loop
      vertex 3.12487 1.06075 5.4
      vertex 3.0488 1.26285 14
      vertex 3.0488 1.26285 5.4
    endloop
  endfacet
  facet normal -0.935898 -0.35227 0
    outer loop
      vertex 3.0488 1.26285 14
      vertex 3.12487 1.06075 5.4
      vertex 3.12487 1.06075 14
    endloop
  endfacet
  facet normal 0.634405 0.773001 -0
    outer loop
      vertex -2.00891 -2.61807 5.4
      vertex -2.17584 -2.48107 14
      vertex -2.00891 -2.61807 14
    endloop
  endfacet
  facet normal 0.634405 0.773001 0
    outer loop
      vertex -2.17584 -2.48107 14
      vertex -2.00891 -2.61807 5.4
      vertex -2.17584 -2.48107 5.4
    endloop
  endfacet
  facet normal 0.973873 -0.227094 0
    outer loop
      vertex -3.23659 0.643798 14
      vertex -3.18755 0.854102 5.4
      vertex -3.18755 0.854102 14
    endloop
  endfacet
  facet normal 0.973873 -0.227094 0
    outer loop
      vertex -3.18755 0.854102 5.4
      vertex -3.23659 0.643798 14
      vertex -3.23659 0.643798 5.4
    endloop
  endfacet
  facet normal -0.849208 -0.528058 0
    outer loop
      vertex 2.85788 1.65 5.4
      vertex 2.74385 1.83338 14
      vertex 2.74385 1.83338 5.4
    endloop
  endfacet
  facet normal -0.849208 -0.528058 0
    outer loop
      vertex 2.74385 1.83338 14
      vertex 2.85788 1.65 5.4
      vertex 2.85788 1.65 14
    endloop
  endfacet
  facet normal 0.956948 0.290259 0
    outer loop
      vertex -3.12487 -1.06075 14
      vertex -3.18755 -0.854102 5.4
      vertex -3.18755 -0.854102 14
    endloop
  endfacet
  facet normal 0.956948 0.290259 0
    outer loop
      vertex -3.18755 -0.854102 5.4
      vertex -3.12487 -1.06075 14
      vertex -3.12487 -1.06075 5.4
    endloop
  endfacet
  facet normal -0.582468 -0.812853 0
    outer loop
      vertex 1.83338 2.74385 5.4
      vertex 2.00891 2.61807 14
      vertex 1.83338 2.74385 14
    endloop
  endfacet
  facet normal -0.582468 -0.812853 -0
    outer loop
      vertex 2.00891 2.61807 14
      vertex 1.83338 2.74385 5.4
      vertex 2.00891 2.61807 5.4
    endloop
  endfacet
  facet normal 0.35227 -0.935898 0
    outer loop
      vertex -1.26285 3.0488 5.4
      vertex -1.06075 3.12487 14
      vertex -1.26285 3.0488 14
    endloop
  endfacet
  facet normal 0.35227 -0.935898 0
    outer loop
      vertex -1.06075 3.12487 14
      vertex -1.26285 3.0488 5.4
      vertex -1.06075 3.12487 5.4
    endloop
  endfacet
  facet normal 0.582468 -0.812853 0
    outer loop
      vertex -2.00891 2.61807 5.4
      vertex -1.83338 2.74385 14
      vertex -2.00891 2.61807 14
    endloop
  endfacet
  facet normal 0.582468 -0.812853 0
    outer loop
      vertex -1.83338 2.74385 14
      vertex -2.00891 2.61807 5.4
      vertex -1.83338 2.74385 5.4
    endloop
  endfacet
  facet normal 0.683598 0.729859 -0
    outer loop
      vertex -2.17584 -2.48107 5.4
      vertex -2.33345 -2.33345 14
      vertex -2.17584 -2.48107 14
    endloop
  endfacet
  facet normal 0.683598 0.729859 0
    outer loop
      vertex -2.33345 -2.33345 14
      vertex -2.17584 -2.48107 5.4
      vertex -2.33345 -2.33345 5.4
    endloop
  endfacet
  facet normal -0.956948 -0.290259 0
    outer loop
      vertex 3.18755 0.854102 5.4
      vertex 3.12487 1.06075 14
      vertex 3.12487 1.06075 5.4
    endloop
  endfacet
  facet normal -0.956948 -0.290259 0
    outer loop
      vertex 3.12487 1.06075 14
      vertex 3.18755 0.854102 5.4
      vertex 3.18755 0.854102 14
    endloop
  endfacet
  facet normal -0.0979878 0.995188 0
    outer loop
      vertex 0.430736 -3.27177 5.4
      vertex 0.21583 -3.29293 14
      vertex 0.430736 -3.27177 14
    endloop
  endfacet
  facet normal -0.0979878 0.995188 0
    outer loop
      vertex 0.21583 -3.29293 14
      vertex 0.430736 -3.27177 5.4
      vertex 0.21583 -3.29293 5.4
    endloop
  endfacet
  facet normal 0.683598 -0.729859 0
    outer loop
      vertex -2.33345 2.33345 5.4
      vertex -2.17584 2.48107 14
      vertex -2.33345 2.33345 14
    endloop
  endfacet
  facet normal 0.683598 -0.729859 0
    outer loop
      vertex -2.17584 2.48107 14
      vertex -2.33345 2.33345 5.4
      vertex -2.17584 2.48107 5.4
    endloop
  endfacet
  facet normal 0.986641 -0.16291 0
    outer loop
      vertex -3.27177 0.430736 14
      vertex -3.23659 0.643798 5.4
      vertex -3.23659 0.643798 14
    endloop
  endfacet
  facet normal 0.986641 -0.16291 0
    outer loop
      vertex -3.23659 0.643798 5.4
      vertex -3.27177 0.430736 14
      vertex -3.27177 0.430736 5.4
    endloop
  endfacet
  facet normal 0.91087 -0.412693 0
    outer loop
      vertex -3.0488 1.26285 14
      vertex -2.95968 1.45955 5.4
      vertex -2.95968 1.45955 14
    endloop
  endfacet
  facet normal 0.91087 -0.412693 0
    outer loop
      vertex -2.95968 1.45955 5.4
      vertex -3.0488 1.26285 14
      vertex -3.0488 1.26285 5.4
    endloop
  endfacet
  facet normal 0.0979878 0.995188 -0
    outer loop
      vertex -0.21583 -3.29293 5.4
      vertex -0.430736 -3.27177 14
      vertex -0.21583 -3.29293 14
    endloop
  endfacet
  facet normal 0.0979878 0.995188 0
    outer loop
      vertex -0.430736 -3.27177 14
      vertex -0.21583 -3.29293 5.4
      vertex -0.430736 -3.27177 5.4
    endloop
  endfacet
  facet normal -0.999464 0.0327397 0
    outer loop
      vertex 3.29293 -0.21583 5.4
      vertex 3.3 0 14
      vertex 3.3 0 5.4
    endloop
  endfacet
  facet normal -0.999464 0.0327397 0
    outer loop
      vertex 3.3 0 14
      vertex 3.29293 -0.21583 5.4
      vertex 3.29293 -0.21583 14
    endloop
  endfacet
  facet normal 0.812853 0.582468 0
    outer loop
      vertex -2.61807 -2.00891 14
      vertex -2.74385 -1.83338 5.4
      vertex -2.74385 -1.83338 14
    endloop
  endfacet
  facet normal 0.812853 0.582468 0
    outer loop
      vertex -2.74385 -1.83338 5.4
      vertex -2.61807 -2.00891 14
      vertex -2.61807 -2.00891 5.4
    endloop
  endfacet
  facet normal -0.881917 0.471405 0
    outer loop
      vertex 2.85788 -1.65 5.4
      vertex 2.95968 -1.45955 14
      vertex 2.95968 -1.45955 5.4
    endloop
  endfacet
  facet normal -0.881917 0.471405 0
    outer loop
      vertex 2.95968 -1.45955 14
      vertex 2.85788 -1.65 5.4
      vertex 2.85788 -1.65 14
    endloop
  endfacet
  facet normal -0.986641 0.16291 0
    outer loop
      vertex 3.23659 -0.643798 5.4
      vertex 3.27177 -0.430736 14
      vertex 3.27177 -0.430736 5.4
    endloop
  endfacet
  facet normal -0.986641 0.16291 0
    outer loop
      vertex 3.27177 -0.430736 14
      vertex 3.23659 -0.643798 5.4
      vertex 3.23659 -0.643798 14
    endloop
  endfacet
  facet normal -0.956948 0.290259 0
    outer loop
      vertex 3.12487 -1.06075 5.4
      vertex 3.18755 -0.854102 14
      vertex 3.18755 -0.854102 5.4
    endloop
  endfacet
  facet normal -0.956948 0.290259 0
    outer loop
      vertex 3.18755 -0.854102 14
      vertex 3.12487 -1.06075 5.4
      vertex 3.12487 -1.06075 14
    endloop
  endfacet
  facet normal 0.729859 0.683598 0
    outer loop
      vertex -2.33345 -2.33345 14
      vertex -2.48107 -2.17584 5.4
      vertex -2.48107 -2.17584 14
    endloop
  endfacet
  facet normal 0.729859 0.683598 0
    outer loop
      vertex -2.48107 -2.17584 5.4
      vertex -2.33345 -2.33345 14
      vertex -2.33345 -2.33345 5.4
    endloop
  endfacet
  facet normal 0.935898 -0.35227 0
    outer loop
      vertex -3.12487 1.06075 14
      vertex -3.0488 1.26285 5.4
      vertex -3.0488 1.26285 14
    endloop
  endfacet
  facet normal 0.935898 -0.35227 0
    outer loop
      vertex -3.0488 1.26285 5.4
      vertex -3.12487 1.06075 14
      vertex -3.12487 1.06075 5.4
    endloop
  endfacet
  facet normal 0.0327397 -0.999464 0
    outer loop
      vertex -0.21583 3.29293 5.4
      vertex 0 3.3 14
      vertex -0.21583 3.29293 14
    endloop
  endfacet
  facet normal 0.0327397 -0.999464 0
    outer loop
      vertex 0 3.3 14
      vertex -0.21583 3.29293 5.4
      vertex 0 3.3 5.4
    endloop
  endfacet
  facet normal -0.528058 -0.849208 0
    outer loop
      vertex 1.65 2.85788 5.4
      vertex 1.83338 2.74385 14
      vertex 1.65 2.85788 14
    endloop
  endfacet
  facet normal -0.528058 -0.849208 -0
    outer loop
      vertex 1.83338 2.74385 14
      vertex 1.65 2.85788 5.4
      vertex 1.83338 2.74385 5.4
    endloop
  endfacet
  facet normal -0.773001 0.634405 0
    outer loop
      vertex 2.48107 -2.17584 5.4
      vertex 2.61807 -2.00891 14
      vertex 2.61807 -2.00891 5.4
    endloop
  endfacet
  facet normal -0.773001 0.634405 0
    outer loop
      vertex 2.61807 -2.00891 14
      vertex 2.48107 -2.17584 5.4
      vertex 2.48107 -2.17584 14
    endloop
  endfacet
  facet normal -0.35227 -0.935898 0
    outer loop
      vertex 1.06075 3.12487 5.4
      vertex 1.26285 3.0488 14
      vertex 1.06075 3.12487 14
    endloop
  endfacet
  facet normal -0.35227 -0.935898 -0
    outer loop
      vertex 1.26285 3.0488 14
      vertex 1.06075 3.12487 5.4
      vertex 1.26285 3.0488 5.4
    endloop
  endfacet
  facet normal 0.528058 -0.849208 0
    outer loop
      vertex -1.83338 2.74385 5.4
      vertex -1.65 2.85788 14
      vertex -1.83338 2.74385 14
    endloop
  endfacet
  facet normal 0.528058 -0.849208 0
    outer loop
      vertex -1.65 2.85788 14
      vertex -1.83338 2.74385 5.4
      vertex -1.65 2.85788 5.4
    endloop
  endfacet
  facet normal 0.0327397 0.999464 -0
    outer loop
      vertex 0 -3.3 5.4
      vertex -0.21583 -3.29293 14
      vertex 0 -3.3 14
    endloop
  endfacet
  facet normal 0.0327397 0.999464 0
    outer loop
      vertex -0.21583 -3.29293 14
      vertex 0 -3.3 5.4
      vertex -0.21583 -3.29293 5.4
    endloop
  endfacet
  facet normal 0.227094 0.973873 -0
    outer loop
      vertex -0.643798 -3.23659 5.4
      vertex -0.854102 -3.18755 14
      vertex -0.643798 -3.23659 14
    endloop
  endfacet
  facet normal 0.227094 0.973873 0
    outer loop
      vertex -0.854102 -3.18755 14
      vertex -0.643798 -3.23659 5.4
      vertex -0.854102 -3.18755 5.4
    endloop
  endfacet
  facet normal 0.528058 0.849208 -0
    outer loop
      vertex -1.65 -2.85788 5.4
      vertex -1.83338 -2.74385 14
      vertex -1.65 -2.85788 14
    endloop
  endfacet
  facet normal 0.528058 0.849208 0
    outer loop
      vertex -1.83338 -2.74385 14
      vertex -1.65 -2.85788 5.4
      vertex -1.83338 -2.74385 5.4
    endloop
  endfacet
  facet normal -0.634405 -0.773001 0
    outer loop
      vertex 2.00891 2.61807 5.4
      vertex 2.17584 2.48107 14
      vertex 2.00891 2.61807 14
    endloop
  endfacet
  facet normal -0.634405 -0.773001 -0
    outer loop
      vertex 2.17584 2.48107 14
      vertex 2.00891 2.61807 5.4
      vertex 2.17584 2.48107 5.4
    endloop
  endfacet
  facet normal 0.16291 0.986641 -0
    outer loop
      vertex -0.430736 -3.27177 5.4
      vertex -0.643798 -3.23659 14
      vertex -0.430736 -3.27177 14
    endloop
  endfacet
  facet normal 0.16291 0.986641 0
    outer loop
      vertex -0.643798 -3.23659 14
      vertex -0.430736 -3.27177 5.4
      vertex -0.643798 -3.23659 5.4
    endloop
  endfacet
  facet normal 0.227094 -0.973873 0
    outer loop
      vertex -0.854102 3.18755 5.4
      vertex -0.643798 3.23659 14
      vertex -0.854102 3.18755 14
    endloop
  endfacet
  facet normal 0.227094 -0.973873 0
    outer loop
      vertex -0.643798 3.23659 14
      vertex -0.854102 3.18755 5.4
      vertex -0.643798 3.23659 5.4
    endloop
  endfacet
  facet normal 0.16291 -0.986641 0
    outer loop
      vertex -0.643798 3.23659 5.4
      vertex -0.430736 3.27177 14
      vertex -0.643798 3.23659 14
    endloop
  endfacet
  facet normal 0.16291 -0.986641 0
    outer loop
      vertex -0.430736 3.27177 14
      vertex -0.643798 3.23659 5.4
      vertex -0.430736 3.27177 5.4
    endloop
  endfacet
  facet normal -0.227094 0.973873 0
    outer loop
      vertex 0.854102 -3.18755 5.4
      vertex 0.643798 -3.23659 14
      vertex 0.854102 -3.18755 14
    endloop
  endfacet
  facet normal -0.227094 0.973873 0
    outer loop
      vertex 0.643798 -3.23659 14
      vertex 0.854102 -3.18755 5.4
      vertex 0.643798 -3.23659 5.4
    endloop
  endfacet
  facet normal -0.16291 -0.986641 0
    outer loop
      vertex 0.430736 3.27177 5.4
      vertex 0.643798 3.23659 14
      vertex 0.430736 3.27177 14
    endloop
  endfacet
  facet normal -0.16291 -0.986641 -0
    outer loop
      vertex 0.643798 3.23659 14
      vertex 0.430736 3.27177 5.4
      vertex 0.643798 3.23659 5.4
    endloop
  endfacet
  facet normal -0.35227 0.935898 0
    outer loop
      vertex 1.26285 -3.0488 5.4
      vertex 1.06075 -3.12487 14
      vertex 1.26285 -3.0488 14
    endloop
  endfacet
  facet normal -0.35227 0.935898 0
    outer loop
      vertex 1.06075 -3.12487 14
      vertex 1.26285 -3.0488 5.4
      vertex 1.06075 -3.12487 5.4
    endloop
  endfacet
  facet normal -0.290259 0.956948 0
    outer loop
      vertex 1.06075 -3.12487 5.4
      vertex 0.854102 -3.18755 14
      vertex 1.06075 -3.12487 14
    endloop
  endfacet
  facet normal -0.290259 0.956948 0
    outer loop
      vertex 0.854102 -3.18755 14
      vertex 1.06075 -3.12487 5.4
      vertex 0.854102 -3.18755 5.4
    endloop
  endfacet
  facet normal -0.683598 -0.729859 0
    outer loop
      vertex 2.17584 2.48107 5.4
      vertex 2.33345 2.33345 14
      vertex 2.17584 2.48107 14
    endloop
  endfacet
  facet normal -0.683598 -0.729859 -0
    outer loop
      vertex 2.33345 2.33345 14
      vertex 2.17584 2.48107 5.4
      vertex 2.33345 2.33345 5.4
    endloop
  endfacet
  facet normal 0.0979878 -0.995188 0
    outer loop
      vertex -0.430736 3.27177 5.4
      vertex -0.21583 3.29293 14
      vertex -0.430736 3.27177 14
    endloop
  endfacet
  facet normal 0.0979878 -0.995188 0
    outer loop
      vertex -0.21583 3.29293 14
      vertex -0.430736 3.27177 5.4
      vertex -0.21583 3.29293 5.4
    endloop
  endfacet
  facet normal 0.849208 -0.528058 0
    outer loop
      vertex -2.85788 1.65 14
      vertex -2.74385 1.83338 5.4
      vertex -2.74385 1.83338 14
    endloop
  endfacet
  facet normal 0.849208 -0.528058 0
    outer loop
      vertex -2.74385 1.83338 5.4
      vertex -2.85788 1.65 14
      vertex -2.85788 1.65 5.4
    endloop
  endfacet
  facet normal -0.412693 0.91087 0
    outer loop
      vertex 1.45955 -2.95968 5.4
      vertex 1.26285 -3.0488 14
      vertex 1.45955 -2.95968 14
    endloop
  endfacet
  facet normal -0.412693 0.91087 0
    outer loop
      vertex 1.26285 -3.0488 14
      vertex 1.45955 -2.95968 5.4
      vertex 1.26285 -3.0488 5.4
    endloop
  endfacet
  facet normal 0.986641 0.16291 0
    outer loop
      vertex -3.23659 -0.643798 14
      vertex -3.27177 -0.430736 5.4
      vertex -3.27177 -0.430736 14
    endloop
  endfacet
  facet normal 0.986641 0.16291 0
    outer loop
      vertex -3.27177 -0.430736 5.4
      vertex -3.23659 -0.643798 14
      vertex -3.23659 -0.643798 5.4
    endloop
  endfacet
  facet normal 0.412693 -0.91087 0
    outer loop
      vertex -1.45955 2.95968 5.4
      vertex -1.26285 3.0488 14
      vertex -1.45955 2.95968 14
    endloop
  endfacet
  facet normal 0.412693 -0.91087 0
    outer loop
      vertex -1.26285 3.0488 14
      vertex -1.45955 2.95968 5.4
      vertex -1.26285 3.0488 5.4
    endloop
  endfacet
  facet normal 0.935898 0.35227 0
    outer loop
      vertex -3.0488 -1.26285 14
      vertex -3.12487 -1.06075 5.4
      vertex -3.12487 -1.06075 14
    endloop
  endfacet
  facet normal 0.935898 0.35227 0
    outer loop
      vertex -3.12487 -1.06075 5.4
      vertex -3.0488 -1.26285 14
      vertex -3.0488 -1.26285 5.4
    endloop
  endfacet
  facet normal 0.773001 -0.634405 0
    outer loop
      vertex -2.61807 2.00891 14
      vertex -2.48107 2.17584 5.4
      vertex -2.48107 2.17584 14
    endloop
  endfacet
  facet normal 0.773001 -0.634405 0
    outer loop
      vertex -2.48107 2.17584 5.4
      vertex -2.61807 2.00891 14
      vertex -2.61807 2.00891 5.4
    endloop
  endfacet
  facet normal 0.999464 0.0327397 0
    outer loop
      vertex -3.29293 -0.21583 14
      vertex -3.3 0 5.4
      vertex -3.3 0 14
    endloop
  endfacet
  facet normal 0.999464 0.0327397 0
    outer loop
      vertex -3.3 0 5.4
      vertex -3.29293 -0.21583 14
      vertex -3.29293 -0.21583 5.4
    endloop
  endfacet
  facet normal 0.582468 0.812853 -0
    outer loop
      vertex -1.83338 -2.74385 5.4
      vertex -2.00891 -2.61807 14
      vertex -1.83338 -2.74385 14
    endloop
  endfacet
  facet normal 0.582468 0.812853 0
    outer loop
      vertex -2.00891 -2.61807 14
      vertex -1.83338 -2.74385 5.4
      vertex -2.00891 -2.61807 5.4
    endloop
  endfacet
  facet normal -0.290259 -0.956948 0
    outer loop
      vertex 0.854102 3.18755 5.4
      vertex 1.06075 3.12487 14
      vertex 0.854102 3.18755 14
    endloop
  endfacet
  facet normal -0.290259 -0.956948 -0
    outer loop
      vertex 1.06075 3.12487 14
      vertex 0.854102 3.18755 5.4
      vertex 1.06075 3.12487 5.4
    endloop
  endfacet
  facet normal -0.973873 0.227094 0
    outer loop
      vertex 3.18755 -0.854102 5.4
      vertex 3.23659 -0.643798 14
      vertex 3.23659 -0.643798 5.4
    endloop
  endfacet
  facet normal -0.973873 0.227094 0
    outer loop
      vertex 3.23659 -0.643798 14
      vertex 3.18755 -0.854102 5.4
      vertex 3.18755 -0.854102 14
    endloop
  endfacet
  facet normal -0.935898 0.35227 0
    outer loop
      vertex 3.0488 -1.26285 5.4
      vertex 3.12487 -1.06075 14
      vertex 3.12487 -1.06075 5.4
    endloop
  endfacet
  facet normal -0.935898 0.35227 0
    outer loop
      vertex 3.12487 -1.06075 14
      vertex 3.0488 -1.26285 5.4
      vertex 3.0488 -1.26285 14
    endloop
  endfacet
  facet normal -0.812853 -0.582468 0
    outer loop
      vertex 2.74385 1.83338 5.4
      vertex 2.61807 2.00891 14
      vertex 2.61807 2.00891 5.4
    endloop
  endfacet
  facet normal -0.812853 -0.582468 0
    outer loop
      vertex 2.61807 2.00891 14
      vertex 2.74385 1.83338 5.4
      vertex 2.74385 1.83338 14
    endloop
  endfacet
  facet normal 0.956948 -0.290259 0
    outer loop
      vertex -3.18755 0.854102 14
      vertex -3.12487 1.06075 5.4
      vertex -3.12487 1.06075 14
    endloop
  endfacet
  facet normal 0.956948 -0.290259 0
    outer loop
      vertex -3.12487 1.06075 5.4
      vertex -3.18755 0.854102 14
      vertex -3.18755 0.854102 5.4
    endloop
  endfacet
  facet normal 0.812853 -0.582468 0
    outer loop
      vertex -2.74385 1.83338 14
      vertex -2.61807 2.00891 5.4
      vertex -2.61807 2.00891 14
    endloop
  endfacet
  facet normal 0.812853 -0.582468 0
    outer loop
      vertex -2.61807 2.00891 5.4
      vertex -2.74385 1.83338 14
      vertex -2.74385 1.83338 5.4
    endloop
  endfacet
  facet normal 0.290259 0.956948 -0
    outer loop
      vertex -0.854102 -3.18755 5.4
      vertex -1.06075 -3.12487 14
      vertex -0.854102 -3.18755 14
    endloop
  endfacet
  facet normal 0.290259 0.956948 0
    outer loop
      vertex -1.06075 -3.12487 14
      vertex -0.854102 -3.18755 5.4
      vertex -1.06075 -3.12487 5.4
    endloop
  endfacet
  facet normal 0.634405 -0.773001 0
    outer loop
      vertex -2.17584 2.48107 5.4
      vertex -2.00891 2.61807 14
      vertex -2.17584 2.48107 14
    endloop
  endfacet
  facet normal 0.634405 -0.773001 0
    outer loop
      vertex -2.00891 2.61807 14
      vertex -2.17584 2.48107 5.4
      vertex -2.00891 2.61807 5.4
    endloop
  endfacet
  facet normal -0.412693 -0.91087 0
    outer loop
      vertex 1.26285 3.0488 5.4
      vertex 1.45955 2.95968 14
      vertex 1.26285 3.0488 14
    endloop
  endfacet
  facet normal -0.412693 -0.91087 -0
    outer loop
      vertex 1.45955 2.95968 14
      vertex 1.26285 3.0488 5.4
      vertex 1.45955 2.95968 5.4
    endloop
  endfacet
  facet normal 0.849208 0.528058 0
    outer loop
      vertex -2.74385 -1.83338 14
      vertex -2.85788 -1.65 5.4
      vertex -2.85788 -1.65 14
    endloop
  endfacet
  facet normal 0.849208 0.528058 0
    outer loop
      vertex -2.85788 -1.65 5.4
      vertex -2.74385 -1.83338 14
      vertex -2.74385 -1.83338 5.4
    endloop
  endfacet
  facet normal -0.729859 0.683598 0
    outer loop
      vertex 2.33345 -2.33345 5.4
      vertex 2.48107 -2.17584 14
      vertex 2.48107 -2.17584 5.4
    endloop
  endfacet
  facet normal -0.729859 0.683598 0
    outer loop
      vertex 2.48107 -2.17584 14
      vertex 2.33345 -2.33345 5.4
      vertex 2.33345 -2.33345 14
    endloop
  endfacet
  facet normal 0.773001 0.634405 0
    outer loop
      vertex -2.48107 -2.17584 14
      vertex -2.61807 -2.00891 5.4
      vertex -2.61807 -2.00891 14
    endloop
  endfacet
  facet normal 0.773001 0.634405 0
    outer loop
      vertex -2.61807 -2.00891 5.4
      vertex -2.48107 -2.17584 14
      vertex -2.48107 -2.17584 5.4
    endloop
  endfacet
  facet normal 0.999464 -0.0327397 0
    outer loop
      vertex -3.3 0 14
      vertex -3.29293 0.21583 5.4
      vertex -3.29293 0.21583 14
    endloop
  endfacet
  facet normal 0.999464 -0.0327397 0
    outer loop
      vertex -3.29293 0.21583 5.4
      vertex -3.3 0 14
      vertex -3.3 0 5.4
    endloop
  endfacet
  facet normal 0.973873 0.227094 0
    outer loop
      vertex -3.18755 -0.854102 14
      vertex -3.23659 -0.643798 5.4
      vertex -3.23659 -0.643798 14
    endloop
  endfacet
  facet normal 0.973873 0.227094 0
    outer loop
      vertex -3.23659 -0.643798 5.4
      vertex -3.18755 -0.854102 14
      vertex -3.18755 -0.854102 5.4
    endloop
  endfacet
  facet normal -0.0327397 0.999464 0
    outer loop
      vertex 0.21583 -3.29293 5.4
      vertex 0 -3.3 14
      vertex 0.21583 -3.29293 14
    endloop
  endfacet
  facet normal -0.0327397 0.999464 0
    outer loop
      vertex 0 -3.3 14
      vertex 0.21583 -3.29293 5.4
      vertex 0 -3.3 5.4
    endloop
  endfacet
  facet normal 0.471405 0.881917 -0
    outer loop
      vertex -1.45955 -2.95968 5.4
      vertex -1.65 -2.85788 14
      vertex -1.45955 -2.95968 14
    endloop
  endfacet
  facet normal 0.471405 0.881917 0
    outer loop
      vertex -1.65 -2.85788 14
      vertex -1.45955 -2.95968 5.4
      vertex -1.65 -2.85788 5.4
    endloop
  endfacet
  facet normal -0.773001 -0.634405 0
    outer loop
      vertex 2.61807 2.00891 5.4
      vertex 2.48107 2.17584 14
      vertex 2.48107 2.17584 5.4
    endloop
  endfacet
  facet normal -0.773001 -0.634405 0
    outer loop
      vertex 2.48107 2.17584 14
      vertex 2.61807 2.00891 5.4
      vertex 2.61807 2.00891 14
    endloop
  endfacet
  facet normal -0.582468 0.812853 0
    outer loop
      vertex 2.00891 -2.61807 5.4
      vertex 1.83338 -2.74385 14
      vertex 2.00891 -2.61807 14
    endloop
  endfacet
  facet normal -0.582468 0.812853 0
    outer loop
      vertex 1.83338 -2.74385 14
      vertex 2.00891 -2.61807 5.4
      vertex 1.83338 -2.74385 5.4
    endloop
  endfacet
  facet normal 0.881917 0.471405 0
    outer loop
      vertex -2.85788 -1.65 14
      vertex -2.95968 -1.45955 5.4
      vertex -2.95968 -1.45955 14
    endloop
  endfacet
  facet normal 0.881917 0.471405 0
    outer loop
      vertex -2.95968 -1.45955 5.4
      vertex -2.85788 -1.65 14
      vertex -2.85788 -1.65 5.4
    endloop
  endfacet
  facet normal 0.35227 0.935898 -0
    outer loop
      vertex -1.06075 -3.12487 5.4
      vertex -1.26285 -3.0488 14
      vertex -1.06075 -3.12487 14
    endloop
  endfacet
  facet normal 0.35227 0.935898 0
    outer loop
      vertex -1.26285 -3.0488 14
      vertex -1.06075 -3.12487 5.4
      vertex -1.26285 -3.0488 5.4
    endloop
  endfacet
  facet normal 0.995188 0.0979878 0
    outer loop
      vertex -3.27177 -0.430736 14
      vertex -3.29293 -0.21583 5.4
      vertex -3.29293 -0.21583 14
    endloop
  endfacet
  facet normal 0.995188 0.0979878 0
    outer loop
      vertex -3.29293 -0.21583 5.4
      vertex -3.27177 -0.430736 14
      vertex -3.27177 -0.430736 5.4
    endloop
  endfacet
  facet normal 0.91087 0.412693 0
    outer loop
      vertex -2.95968 -1.45955 14
      vertex -3.0488 -1.26285 5.4
      vertex -3.0488 -1.26285 14
    endloop
  endfacet
  facet normal 0.91087 0.412693 0
    outer loop
      vertex -3.0488 -1.26285 5.4
      vertex -2.95968 -1.45955 14
      vertex -2.95968 -1.45955 5.4
    endloop
  endfacet
  facet normal -0.91087 0.412693 0
    outer loop
      vertex 2.95968 -1.45955 5.4
      vertex 3.0488 -1.26285 14
      vertex 3.0488 -1.26285 5.4
    endloop
  endfacet
  facet normal -0.91087 0.412693 0
    outer loop
      vertex 3.0488 -1.26285 14
      vertex 2.95968 -1.45955 5.4
      vertex 2.95968 -1.45955 14
    endloop
  endfacet
  facet normal -0.0327397 -0.999464 0
    outer loop
      vertex 0 3.3 5.4
      vertex 0.21583 3.29293 14
      vertex 0 3.3 14
    endloop
  endfacet
  facet normal -0.0327397 -0.999464 -0
    outer loop
      vertex 0.21583 3.29293 14
      vertex 0 3.3 5.4
      vertex 0.21583 3.29293 5.4
    endloop
  endfacet
  facet normal -0.729859 -0.683598 0
    outer loop
      vertex 2.48107 2.17584 5.4
      vertex 2.33345 2.33345 14
      vertex 2.33345 2.33345 5.4
    endloop
  endfacet
  facet normal -0.729859 -0.683598 0
    outer loop
      vertex 2.33345 2.33345 14
      vertex 2.48107 2.17584 5.4
      vertex 2.48107 2.17584 14
    endloop
  endfacet
  facet normal -0.849208 0.528058 0
    outer loop
      vertex 2.74385 -1.83338 5.4
      vertex 2.85788 -1.65 14
      vertex 2.85788 -1.65 5.4
    endloop
  endfacet
  facet normal -0.849208 0.528058 0
    outer loop
      vertex 2.85788 -1.65 14
      vertex 2.74385 -1.83338 5.4
      vertex 2.74385 -1.83338 14
    endloop
  endfacet
  facet normal -0.812853 0.582468 0
    outer loop
      vertex 2.61807 -2.00891 5.4
      vertex 2.74385 -1.83338 14
      vertex 2.74385 -1.83338 5.4
    endloop
  endfacet
  facet normal -0.812853 0.582468 0
    outer loop
      vertex 2.74385 -1.83338 14
      vertex 2.61807 -2.00891 5.4
      vertex 2.61807 -2.00891 14
    endloop
  endfacet
  facet normal 0.290259 -0.956948 0
    outer loop
      vertex -1.06075 3.12487 5.4
      vertex -0.854102 3.18755 14
      vertex -1.06075 3.12487 14
    endloop
  endfacet
  facet normal 0.290259 -0.956948 0
    outer loop
      vertex -0.854102 3.18755 14
      vertex -1.06075 3.12487 5.4
      vertex -0.854102 3.18755 5.4
    endloop
  endfacet
  facet normal 0.881917 -0.471405 0
    outer loop
      vertex -2.95968 1.45955 14
      vertex -2.85788 1.65 5.4
      vertex -2.85788 1.65 14
    endloop
  endfacet
  facet normal 0.881917 -0.471405 0
    outer loop
      vertex -2.85788 1.65 5.4
      vertex -2.95968 1.45955 14
      vertex -2.95968 1.45955 5.4
    endloop
  endfacet
  facet normal -0.683598 0.729859 0
    outer loop
      vertex 2.33345 -2.33345 5.4
      vertex 2.17584 -2.48107 14
      vertex 2.33345 -2.33345 14
    endloop
  endfacet
  facet normal -0.683598 0.729859 0
    outer loop
      vertex 2.17584 -2.48107 14
      vertex 2.33345 -2.33345 5.4
      vertex 2.17584 -2.48107 5.4
    endloop
  endfacet
  facet normal 0.412693 0.91087 -0
    outer loop
      vertex -1.26285 -3.0488 5.4
      vertex -1.45955 -2.95968 14
      vertex -1.26285 -3.0488 14
    endloop
  endfacet
  facet normal 0.412693 0.91087 0
    outer loop
      vertex -1.45955 -2.95968 14
      vertex -1.26285 -3.0488 5.4
      vertex -1.45955 -2.95968 5.4
    endloop
  endfacet
  facet normal 0.995188 -0.0979878 0
    outer loop
      vertex -3.29293 0.21583 14
      vertex -3.27177 0.430736 5.4
      vertex -3.27177 0.430736 14
    endloop
  endfacet
  facet normal 0.995188 -0.0979878 0
    outer loop
      vertex -3.27177 0.430736 5.4
      vertex -3.29293 0.21583 14
      vertex -3.29293 0.21583 5.4
    endloop
  endfacet
  facet normal -0.634405 0.773001 0
    outer loop
      vertex 2.17584 -2.48107 5.4
      vertex 2.00891 -2.61807 14
      vertex 2.17584 -2.48107 14
    endloop
  endfacet
  facet normal -0.634405 0.773001 0
    outer loop
      vertex 2.00891 -2.61807 14
      vertex 2.17584 -2.48107 5.4
      vertex 2.00891 -2.61807 5.4
    endloop
  endfacet
  facet normal -0.227094 -0.973873 0
    outer loop
      vertex 0.643798 3.23659 5.4
      vertex 0.854102 3.18755 14
      vertex 0.643798 3.23659 14
    endloop
  endfacet
  facet normal -0.227094 -0.973873 -0
    outer loop
      vertex 0.854102 3.18755 14
      vertex 0.643798 3.23659 5.4
      vertex 0.854102 3.18755 5.4
    endloop
  endfacet
  facet normal 0.729859 -0.683598 0
    outer loop
      vertex -2.48107 2.17584 14
      vertex -2.33345 2.33345 5.4
      vertex -2.33345 2.33345 14
    endloop
  endfacet
  facet normal 0.729859 -0.683598 0
    outer loop
      vertex -2.33345 2.33345 5.4
      vertex -2.48107 2.17584 14
      vertex -2.48107 2.17584 5.4
    endloop
  endfacet
  facet normal 0.471405 -0.881917 0
    outer loop
      vertex -1.65 2.85788 5.4
      vertex -1.45955 2.95968 14
      vertex -1.65 2.85788 14
    endloop
  endfacet
  facet normal 0.471405 -0.881917 0
    outer loop
      vertex -1.45955 2.95968 14
      vertex -1.65 2.85788 5.4
      vertex -1.45955 2.95968 5.4
    endloop
  endfacet
  facet normal 0 1 -0
    outer loop
      vertex 2.95892 -5.125 0
      vertex -2.95892 -5.125 5.4
      vertex 2.95892 -5.125 5.4
    endloop
  endfacet
  facet normal 0 1 0
    outer loop
      vertex -2.95892 -5.125 5.4
      vertex 2.95892 -5.125 0
      vertex -2.95892 -5.125 0
    endloop
  endfacet
  facet normal -0.866025 0.5 0
    outer loop
      vertex 2.95892 -5.125 0
      vertex 5.91784 0 5.4
      vertex 5.91784 0 0
    endloop
  endfacet
  facet normal -0.866025 0.5 0
    outer loop
      vertex 5.91784 0 5.4
      vertex 2.95892 -5.125 0
      vertex 2.95892 -5.125 5.4
    endloop
  endfacet
  facet normal 0 -1 0
    outer loop
      vertex -2.95892 5.125 0
      vertex 2.95892 5.125 5.4
      vertex -2.95892 5.125 5.4
    endloop
  endfacet
  facet normal 0 -1 -0
    outer loop
      vertex 2.95892 5.125 5.4
      vertex -2.95892 5.125 0
      vertex 2.95892 5.125 0
    endloop
  endfacet
  facet normal -0.866025 -0.5 0
    outer loop
      vertex 5.91784 0 0
      vertex 2.95892 5.125 5.4
      vertex 2.95892 5.125 0
    endloop
  endfacet
  facet normal -0.866025 -0.5 0
    outer loop
      vertex 2.95892 5.125 5.4
      vertex 5.91784 0 0
      vertex 5.91784 0 5.4
    endloop
  endfacet
  facet normal 0.866025 -0.5 0
    outer loop
      vertex -5.91784 0 5.4
      vertex -2.95892 5.125 0
      vertex -2.95892 5.125 5.4
    endloop
  endfacet
  facet normal 0.866025 -0.5 0
    outer loop
      vertex -2.95892 5.125 0
      vertex -5.91784 0 5.4
      vertex -5.91784 0 0
    endloop
  endfacet
  facet normal 0.866025 0.5 0
    outer loop
      vertex -2.95892 -5.125 5.4
      vertex -5.91784 0 0
      vertex -5.91784 0 5.4
    endloop
  endfacet
  facet normal 0.866025 0.5 0
    outer loop
      vertex -5.91784 0 0
      vertex -2.95892 -5.125 5.4
      vertex -2.95892 -5.125 0
    endloop
  endfacet
  facet normal -0 0 -1
    outer loop
      vertex 5.91784 0 5.4
      vertex 3.29293 -0.21583 5.4
      vertex 3.3 0 5.4
    endloop
  endfacet
  facet normal 0 0 -1
    outer loop
      vertex 5.91784 0 5.4
      vertex 3.27177 -0.430736 5.4
      vertex 3.29293 -0.21583 5.4
    endloop
  endfacet
  facet normal 0 0 -1
    outer loop
      vertex 5.91784 0 5.4
      vertex 3.23659 -0.643798 5.4
      vertex 3.27177 -0.430736 5.4
    endloop
  endfacet
  facet normal 0 0 -1
    outer loop
      vertex 5.91784 0 5.4
      vertex 3.18755 -0.854102 5.4
      vertex 3.23659 -0.643798 5.4
    endloop
  endfacet
  facet normal 0 0 -1
    outer loop
      vertex 5.91784 0 5.4
      vertex 3.12487 -1.06075 5.4
      vertex 3.18755 -0.854102 5.4
    endloop
  endfacet
  facet normal 0 0 -1
    outer loop
      vertex 5.91784 0 5.4
      vertex 3.0488 -1.26285 5.4
      vertex 3.12487 -1.06075 5.4
    endloop
  endfacet
  facet normal 0 0 -1
    outer loop
      vertex 5.91784 0 5.4
      vertex 2.95968 -1.45955 5.4
      vertex 3.0488 -1.26285 5.4
    endloop
  endfacet
  facet normal 0 0 -1
    outer loop
      vertex 2.85788 -1.65 5.4
      vertex 5.91784 0 5.4
      vertex 2.95892 -5.125 5.4
    endloop
  endfacet
  facet normal 0 0 -1
    outer loop
      vertex 5.91784 0 5.4
      vertex 2.85788 -1.65 5.4
      vertex 2.95968 -1.45955 5.4
    endloop
  endfacet
  facet normal 0 0 -1
    outer loop
      vertex 2.95892 -5.125 5.4
      vertex 2.74385 -1.83338 5.4
      vertex 2.85788 -1.65 5.4
    endloop
  endfacet
  facet normal 0 0 -1
    outer loop
      vertex 2.95892 -5.125 5.4
      vertex 2.61807 -2.00891 5.4
      vertex 2.74385 -1.83338 5.4
    endloop
  endfacet
  facet normal 0 0 -1
    outer loop
      vertex 2.95892 -5.125 5.4
      vertex 2.48107 -2.17584 5.4
      vertex 2.61807 -2.00891 5.4
    endloop
  endfacet
  facet normal 0 0 -1
    outer loop
      vertex 2.95892 -5.125 5.4
      vertex 2.33345 -2.33345 5.4
      vertex 2.48107 -2.17584 5.4
    endloop
  endfacet
  facet normal 0 0 -1
    outer loop
      vertex 2.95892 -5.125 5.4
      vertex 2.17584 -2.48107 5.4
      vertex 2.33345 -2.33345 5.4
    endloop
  endfacet
  facet normal 0 0 -1
    outer loop
      vertex 2.95892 -5.125 5.4
      vertex 2.00891 -2.61807 5.4
      vertex 2.17584 -2.48107 5.4
    endloop
  endfacet
  facet normal 0 0 -1
    outer loop
      vertex 2.95892 -5.125 5.4
      vertex 1.83338 -2.74385 5.4
      vertex 2.00891 -2.61807 5.4
    endloop
  endfacet
  facet normal 0 0 -1
    outer loop
      vertex 2.95892 -5.125 5.4
      vertex 1.65 -2.85788 5.4
      vertex 1.83338 -2.74385 5.4
    endloop
  endfacet
  facet normal 0 0 -1
    outer loop
      vertex 2.95892 -5.125 5.4
      vertex 1.45955 -2.95968 5.4
      vertex 1.65 -2.85788 5.4
    endloop
  endfacet
  facet normal 0 0 -1
    outer loop
      vertex 2.95892 -5.125 5.4
      vertex 1.26285 -3.0488 5.4
      vertex 1.45955 -2.95968 5.4
    endloop
  endfacet
  facet normal 0 0 -1
    outer loop
      vertex 2.95892 -5.125 5.4
      vertex 1.06075 -3.12487 5.4
      vertex 1.26285 -3.0488 5.4
    endloop
  endfacet
  facet normal 0 0 -1
    outer loop
      vertex 2.95892 -5.125 5.4
      vertex 0.854102 -3.18755 5.4
      vertex 1.06075 -3.12487 5.4
    endloop
  endfacet
  facet normal 0 0 -1
    outer loop
      vertex 2.95892 -5.125 5.4
      vertex 0.643798 -3.23659 5.4
      vertex 0.854102 -3.18755 5.4
    endloop
  endfacet
  facet normal 0 0 -1
    outer loop
      vertex 2.95892 -5.125 5.4
      vertex 0.430736 -3.27177 5.4
      vertex 0.643798 -3.23659 5.4
    endloop
  endfacet
  facet normal 0 0 -1
    outer loop
      vertex 2.95892 -5.125 5.4
      vertex 0.21583 -3.29293 5.4
      vertex 0.430736 -3.27177 5.4
    endloop
  endfacet
  facet normal 0 0 -1
    outer loop
      vertex 2.95892 -5.125 5.4
      vertex 0 -3.3 5.4
      vertex 0.21583 -3.29293 5.4
    endloop
  endfacet
  facet normal 0 0 -1
    outer loop
      vertex -2.95892 -5.125 5.4
      vertex 0 -3.3 5.4
      vertex 2.95892 -5.125 5.4
    endloop
  endfacet
  facet normal -0 0 -1
    outer loop
      vertex 0 -3.3 5.4
      vertex -2.95892 -5.125 5.4
      vertex -0.21583 -3.29293 5.4
    endloop
  endfacet
  facet normal -0 0 -1
    outer loop
      vertex -0.21583 -3.29293 5.4
      vertex -2.95892 -5.125 5.4
      vertex -0.430736 -3.27177 5.4
    endloop
  endfacet
  facet normal -0 0 -1
    outer loop
      vertex -0.430736 -3.27177 5.4
      vertex -2.95892 -5.125 5.4
      vertex -0.643798 -3.23659 5.4
    endloop
  endfacet
  facet normal -0 0 -1
    outer loop
      vertex -0.643798 -3.23659 5.4
      vertex -2.95892 -5.125 5.4
      vertex -0.854102 -3.18755 5.4
    endloop
  endfacet
  facet normal -0 0 -1
    outer loop
      vertex -0.854102 -3.18755 5.4
      vertex -2.95892 -5.125 5.4
      vertex -1.06075 -3.12487 5.4
    endloop
  endfacet
  facet normal -0 0 -1
    outer loop
      vertex -1.06075 -3.12487 5.4
      vertex -2.95892 -5.125 5.4
      vertex -1.26285 -3.0488 5.4
    endloop
  endfacet
  facet normal -0 0 -1
    outer loop
      vertex -1.26285 -3.0488 5.4
      vertex -2.95892 -5.125 5.4
      vertex -1.45955 -2.95968 5.4
    endloop
  endfacet
  facet normal 0 0 -1
    outer loop
      vertex -2.95892 -5.125 5.4
      vertex -1.65 -2.85788 5.4
      vertex -1.45955 -2.95968 5.4
    endloop
  endfacet
  facet normal 0 0 -1
    outer loop
      vertex -2.95892 -5.125 5.4
      vertex -1.83338 -2.74385 5.4
      vertex -1.65 -2.85788 5.4
    endloop
  endfacet
  facet normal 0 0 -1
    outer loop
      vertex -2.95892 -5.125 5.4
      vertex -2.00891 -2.61807 5.4
      vertex -1.83338 -2.74385 5.4
    endloop
  endfacet
  facet normal 0 0 -1
    outer loop
      vertex -2.95892 -5.125 5.4
      vertex -2.17584 -2.48107 5.4
      vertex -2.00891 -2.61807 5.4
    endloop
  endfacet
  facet normal 0 0 -1
    outer loop
      vertex -2.95892 -5.125 5.4
      vertex -2.33345 -2.33345 5.4
      vertex -2.17584 -2.48107 5.4
    endloop
  endfacet
  facet normal 0 0 -1
    outer loop
      vertex -2.95892 -5.125 5.4
      vertex -2.48107 -2.17584 5.4
      vertex -2.33345 -2.33345 5.4
    endloop
  endfacet
  facet normal 0 0 -1
    outer loop
      vertex -2.95892 -5.125 5.4
      vertex -2.61807 -2.00891 5.4
      vertex -2.48107 -2.17584 5.4
    endloop
  endfacet
  facet normal 0 0 -1
    outer loop
      vertex -2.95892 -5.125 5.4
      vertex -2.74385 -1.83338 5.4
      vertex -2.61807 -2.00891 5.4
    endloop
  endfacet
  facet normal 0 0 -1
    outer loop
      vertex -2.95892 -5.125 5.4
      vertex -2.85788 -1.65 5.4
      vertex -2.74385 -1.83338 5.4
    endloop
  endfacet
  facet normal 0 0 -1
    outer loop
      vertex -5.91784 0 5.4
      vertex -2.85788 -1.65 5.4
      vertex -2.95892 -5.125 5.4
    endloop
  endfacet
  facet normal 0 0 -1
    outer loop
      vertex -2.85788 -1.65 5.4
      vertex -5.91784 0 5.4
      vertex -2.95968 -1.45955 5.4
    endloop
  endfacet
  facet normal 0 0 -1
    outer loop
      vertex -2.95968 -1.45955 5.4
      vertex -5.91784 0 5.4
      vertex -3.0488 -1.26285 5.4
    endloop
  endfacet
  facet normal 0 0 -1
    outer loop
      vertex -3.0488 -1.26285 5.4
      vertex -5.91784 0 5.4
      vertex -3.12487 -1.06075 5.4
    endloop
  endfacet
  facet normal 0 0 -1
    outer loop
      vertex -3.12487 -1.06075 5.4
      vertex -5.91784 0 5.4
      vertex -3.18755 -0.854102 5.4
    endloop
  endfacet
  facet normal 0 0 -1
    outer loop
      vertex -3.18755 -0.854102 5.4
      vertex -5.91784 0 5.4
      vertex -3.23659 -0.643798 5.4
    endloop
  endfacet
  facet normal 0 0 -1
    outer loop
      vertex -3.23659 -0.643798 5.4
      vertex -5.91784 0 5.4
      vertex -3.27177 -0.430736 5.4
    endloop
  endfacet
  facet normal 0 0 -1
    outer loop
      vertex -3.29293 -0.21583 5.4
      vertex -5.91784 0 5.4
      vertex -3.3 0 5.4
    endloop
  endfacet
  facet normal 0 0 -1
    outer loop
      vertex -3.27177 -0.430736 5.4
      vertex -5.91784 0 5.4
      vertex -3.29293 -0.21583 5.4
    endloop
  endfacet
  facet normal 0 0 -1
    outer loop
      vertex 3.29293 0.21583 5.4
      vertex 5.91784 0 5.4
      vertex 3.3 0 5.4
    endloop
  endfacet
  facet normal 0 0 -1
    outer loop
      vertex 3.27177 0.430736 5.4
      vertex 5.91784 0 5.4
      vertex 3.29293 0.21583 5.4
    endloop
  endfacet
  facet normal 0 0 -1
    outer loop
      vertex 3.23659 0.643798 5.4
      vertex 5.91784 0 5.4
      vertex 3.27177 0.430736 5.4
    endloop
  endfacet
  facet normal 0 0 -1
    outer loop
      vertex 3.18755 0.854102 5.4
      vertex 5.91784 0 5.4
      vertex 3.23659 0.643798 5.4
    endloop
  endfacet
  facet normal 0 0 -1
    outer loop
      vertex 3.12487 1.06075 5.4
      vertex 5.91784 0 5.4
      vertex 3.18755 0.854102 5.4
    endloop
  endfacet
  facet normal 0 0 -1
    outer loop
      vertex 3.0488 1.26285 5.4
      vertex 5.91784 0 5.4
      vertex 3.12487 1.06075 5.4
    endloop
  endfacet
  facet normal 0 0 -1
    outer loop
      vertex 2.95968 1.45955 5.4
      vertex 5.91784 0 5.4
      vertex 3.0488 1.26285 5.4
    endloop
  endfacet
  facet normal 0 0 -1
    outer loop
      vertex 2.85788 1.65 5.4
      vertex 5.91784 0 5.4
      vertex 2.95968 1.45955 5.4
    endloop
  endfacet
  facet normal 0 0 -1
    outer loop
      vertex 5.91784 0 5.4
      vertex 2.85788 1.65 5.4
      vertex 2.95892 5.125 5.4
    endloop
  endfacet
  facet normal 0 0 -1
    outer loop
      vertex 2.74385 1.83338 5.4
      vertex 2.95892 5.125 5.4
      vertex 2.85788 1.65 5.4
    endloop
  endfacet
  facet normal 0 0 -1
    outer loop
      vertex 2.61807 2.00891 5.4
      vertex 2.95892 5.125 5.4
      vertex 2.74385 1.83338 5.4
    endloop
  endfacet
  facet normal 0 0 -1
    outer loop
      vertex 2.48107 2.17584 5.4
      vertex 2.95892 5.125 5.4
      vertex 2.61807 2.00891 5.4
    endloop
  endfacet
  facet normal 0 0 -1
    outer loop
      vertex 2.33345 2.33345 5.4
      vertex 2.95892 5.125 5.4
      vertex 2.48107 2.17584 5.4
    endloop
  endfacet
  facet normal 0 0 -1
    outer loop
      vertex 2.17584 2.48107 5.4
      vertex 2.95892 5.125 5.4
      vertex 2.33345 2.33345 5.4
    endloop
  endfacet
  facet normal 0 0 -1
    outer loop
      vertex 2.00891 2.61807 5.4
      vertex 2.95892 5.125 5.4
      vertex 2.17584 2.48107 5.4
    endloop
  endfacet
  facet normal 0 0 -1
    outer loop
      vertex 1.83338 2.74385 5.4
      vertex 2.95892 5.125 5.4
      vertex 2.00891 2.61807 5.4
    endloop
  endfacet
  facet normal 0 0 -1
    outer loop
      vertex 1.65 2.85788 5.4
      vertex 2.95892 5.125 5.4
      vertex 1.83338 2.74385 5.4
    endloop
  endfacet
  facet normal 0 0 -1
    outer loop
      vertex 1.45955 2.95968 5.4
      vertex 2.95892 5.125 5.4
      vertex 1.65 2.85788 5.4
    endloop
  endfacet
  facet normal 0 0 -1
    outer loop
      vertex 1.26285 3.0488 5.4
      vertex 2.95892 5.125 5.4
      vertex 1.45955 2.95968 5.4
    endloop
  endfacet
  facet normal 0 0 -1
    outer loop
      vertex 1.06075 3.12487 5.4
      vertex 2.95892 5.125 5.4
      vertex 1.26285 3.0488 5.4
    endloop
  endfacet
  facet normal 0 0 -1
    outer loop
      vertex 0.854102 3.18755 5.4
      vertex 2.95892 5.125 5.4
      vertex 1.06075 3.12487 5.4
    endloop
  endfacet
  facet normal 0 0 -1
    outer loop
      vertex 0.643798 3.23659 5.4
      vertex 2.95892 5.125 5.4
      vertex 0.854102 3.18755 5.4
    endloop
  endfacet
  facet normal 0 0 -1
    outer loop
      vertex 0.430736 3.27177 5.4
      vertex 2.95892 5.125 5.4
      vertex 0.643798 3.23659 5.4
    endloop
  endfacet
  facet normal 0 0 -1
    outer loop
      vertex 0.21583 3.29293 5.4
      vertex 2.95892 5.125 5.4
      vertex 0.430736 3.27177 5.4
    endloop
  endfacet
  facet normal 0 0 -1
    outer loop
      vertex 0 3.3 5.4
      vertex 2.95892 5.125 5.4
      vertex 0.21583 3.29293 5.4
    endloop
  endfacet
  facet normal 0 0 -1
    outer loop
      vertex -2.95892 5.125 5.4
      vertex 0 3.3 5.4
      vertex -0.21583 3.29293 5.4
    endloop
  endfacet
  facet normal 0 0 -1
    outer loop
      vertex -2.95892 5.125 5.4
      vertex -0.21583 3.29293 5.4
      vertex -0.430736 3.27177 5.4
    endloop
  endfacet
  facet normal 0 0 -1
    outer loop
      vertex -2.95892 5.125 5.4
      vertex -0.430736 3.27177 5.4
      vertex -0.643798 3.23659 5.4
    endloop
  endfacet
  facet normal 0 0 -1
    outer loop
      vertex -2.95892 5.125 5.4
      vertex -0.643798 3.23659 5.4
      vertex -0.854102 3.18755 5.4
    endloop
  endfacet
  facet normal 0 0 -1
    outer loop
      vertex -2.95892 5.125 5.4
      vertex -0.854102 3.18755 5.4
      vertex -1.06075 3.12487 5.4
    endloop
  endfacet
  facet normal 0 0 -1
    outer loop
      vertex -2.95892 5.125 5.4
      vertex -1.06075 3.12487 5.4
      vertex -1.26285 3.0488 5.4
    endloop
  endfacet
  facet normal 0 0 -1
    outer loop
      vertex -2.95892 5.125 5.4
      vertex -1.26285 3.0488 5.4
      vertex -1.45955 2.95968 5.4
    endloop
  endfacet
  facet normal 0 0 -1
    outer loop
      vertex 0 3.3 5.4
      vertex -2.95892 5.125 5.4
      vertex 2.95892 5.125 5.4
    endloop
  endfacet
  facet normal 0 0 -1
    outer loop
      vertex -1.65 2.85788 5.4
      vertex -2.95892 5.125 5.4
      vertex -1.45955 2.95968 5.4
    endloop
  endfacet
  facet normal 0 0 -1
    outer loop
      vertex -1.83338 2.74385 5.4
      vertex -2.95892 5.125 5.4
      vertex -1.65 2.85788 5.4
    endloop
  endfacet
  facet normal 0 0 -1
    outer loop
      vertex -2.00891 2.61807 5.4
      vertex -2.95892 5.125 5.4
      vertex -1.83338 2.74385 5.4
    endloop
  endfacet
  facet normal 0 0 -1
    outer loop
      vertex -2.17584 2.48107 5.4
      vertex -2.95892 5.125 5.4
      vertex -2.00891 2.61807 5.4
    endloop
  endfacet
  facet normal 0 0 -1
    outer loop
      vertex -2.33345 2.33345 5.4
      vertex -2.95892 5.125 5.4
      vertex -2.17584 2.48107 5.4
    endloop
  endfacet
  facet normal 0 0 -1
    outer loop
      vertex -2.48107 2.17584 5.4
      vertex -2.95892 5.125 5.4
      vertex -2.33345 2.33345 5.4
    endloop
  endfacet
  facet normal 0 0 -1
    outer loop
      vertex -2.61807 2.00891 5.4
      vertex -2.95892 5.125 5.4
      vertex -2.48107 2.17584 5.4
    endloop
  endfacet
  facet normal 0 0 -1
    outer loop
      vertex -2.74385 1.83338 5.4
      vertex -2.95892 5.125 5.4
      vertex -2.61807 2.00891 5.4
    endloop
  endfacet
  facet normal 0 0 -1
    outer loop
      vertex -2.85788 1.65 5.4
      vertex -2.95892 5.125 5.4
      vertex -2.74385 1.83338 5.4
    endloop
  endfacet
  facet normal 0 0 -1
    outer loop
      vertex -5.91784 0 5.4
      vertex -2.85788 1.65 5.4
      vertex -2.95968 1.45955 5.4
    endloop
  endfacet
  facet normal 0 0 -1
    outer loop
      vertex -5.91784 0 5.4
      vertex -2.95968 1.45955 5.4
      vertex -3.0488 1.26285 5.4
    endloop
  endfacet
  facet normal 0 0 -1
    outer loop
      vertex -5.91784 0 5.4
      vertex -3.0488 1.26285 5.4
      vertex -3.12487 1.06075 5.4
    endloop
  endfacet
  facet normal 0 0 -1
    outer loop
      vertex -5.91784 0 5.4
      vertex -3.12487 1.06075 5.4
      vertex -3.18755 0.854102 5.4
    endloop
  endfacet
  facet normal 0 0 -1
    outer loop
      vertex -5.91784 0 5.4
      vertex -3.18755 0.854102 5.4
      vertex -3.23659 0.643798 5.4
    endloop
  endfacet
  facet normal 0 0 -1
    outer loop
      vertex -5.91784 0 5.4
      vertex -3.23659 0.643798 5.4
      vertex -3.27177 0.430736 5.4
    endloop
  endfacet
  facet normal 0 0 -1
    outer loop
      vertex -5.91784 0 5.4
      vertex -3.27177 0.430736 5.4
      vertex -3.29293 0.21583 5.4
    endloop
  endfacet
  facet normal -0 0 -1
    outer loop
      vertex -2.85788 1.65 5.4
      vertex -5.91784 0 5.4
      vertex -2.95892 5.125 5.4
    endloop
  endfacet
  facet normal 0 0 -1
    outer loop
      vertex -5.91784 0 5.4
      vertex -3.29293 0.21583 5.4
      vertex -3.3 0 5.4
    endloop
  endfacet
endsolid OpenSCAD_Model
