solid OpenSCAD_Model
  facet normal 0 0 -1
    outer loop
      vertex 0.719254 -10.9765 0
      vertex 1.43591 -10.9059 0
      vertex 1.8438 -14.3808 0
    endloop
  endfacet
  facet normal -0 0 -1
    outer loop
      vertex 9.52257 -10.9328 0
      vertex 8.86505 -11.4724 0
      vertex 7.25278 -8.27023 0
    endloop
  endfacet
  facet normal 0 0 -1
    outer loop
      vertex 2.1459 -10.7887 0
      vertex 1.9411 -14.3679 0
      vertex 1.43591 -10.9059 0
    endloop
  endfacet
  facet normal 0 0 -1
    outer loop
      vertex 3.53569 -10.4163 0
      vertex 4.61388 -13.7447 0
      vertex 3.79988 -13.9917 0
    endloop
  endfacet
  facet normal 0 0 -1
    outer loop
      vertex 5.5936 -13.376 0
      vertex 4.8651 -9.86562 0
      vertex 6.36847 -13.0249 0
    endloop
  endfacet
  facet normal 0 -0 -1
    outer loop
      vertex 4.20953 -10.1626 0
      vertex 4.7068 -13.7132 0
      vertex 3.53569 -10.4163 0
    endloop
  endfacet
  facet normal 0 0 -1
    outer loop
      vertex 4.7068 -13.7132 0
      vertex 4.20953 -10.1626 0
      vertex 5.5029 -13.4136 0
    endloop
  endfacet
  facet normal -0 0 -1
    outer loop
      vertex 8.09566 -12.0277 0
      vertex 8.01405 -12.0822 0
      vertex 6.11128 -9.14615 0
    endloop
  endfacet
  facet normal 0 0 -1
    outer loop
      vertex 7.20671 -12.5805 0
      vertex 5.50005 -9.52625 0
      vertex 7.29173 -12.5314 0
    endloop
  endfacet
  facet normal 0 0 -1
    outer loop
      vertex 8.78717 -11.5322 0
      vertex 6.69629 -8.72693 0
      vertex 8.86505 -11.4724 0
    endloop
  endfacet
  facet normal 0 0 -1
    outer loop
      vertex 5.50005 -9.52625 0
      vertex 8.01405 -12.0822 0
      vertex 7.29173 -12.5314 0
    endloop
  endfacet
  facet normal 0 0 -1
    outer loop
      vertex 6.4565 -12.9815 0
      vertex 4.8651 -9.86562 0
      vertex 5.50005 -9.52625 0
    endloop
  endfacet
  facet normal 0 0 -1
    outer loop
      vertex 10.7887 -2.1459 0
      vertex 10.9059 -1.43591 0
      vertex 38.9708 -10.3498 0
    endloop
  endfacet
  facet normal 0 -0 -1
    outer loop
      vertex 10.1626 -4.20953 0
      vertex 10.3314 -10.1694 0
      vertex 9.86562 -4.8651 0
    endloop
  endfacet
  facet normal 0 0 -1
    outer loop
      vertex 7.77817 -7.77817 0
      vertex 10.2172 -10.2866 0
      vertex 9.59636 -10.8681 0
    endloop
  endfacet
  facet normal -0 0 -1
    outer loop
      vertex 10.3314 -10.1694 0
      vertex 10.2866 -10.2172 0
      vertex 7.77817 -7.77817 0
    endloop
  endfacet
  facet normal 0 0 -1
    outer loop
      vertex 10.1626 -4.20953 0
      vertex 10.4163 -3.53569 0
      vertex 10.3314 -10.1694 0
    endloop
  endfacet
  facet normal 0 0 -1
    outer loop
      vertex 10.3314 -10.1694 0
      vertex 9.14615 -6.11128 0
      vertex 9.52625 -5.50005 0
    endloop
  endfacet
  facet normal 0 0 -1
    outer loop
      vertex 38.9708 -10.3498 0
      vertex 10.3314 -10.1694 0
      vertex 10.6252 -2.84711 0
    endloop
  endfacet
  facet normal -0 0 -1
    outer loop
      vertex 9.59636 -10.8681 0
      vertex 9.52257 -10.9328 0
      vertex 7.25278 -8.27023 0
    endloop
  endfacet
  facet normal 0 0 -1
    outer loop
      vertex 2.87666 -14.2102 0
      vertex 2.84711 -10.6252 0
      vertex 3.70505 -14.0171 0
    endloop
  endfacet
  facet normal 0 0 -1
    outer loop
      vertex 2.87666 -14.2102 0
      vertex 2.1459 -10.7887 0
      vertex 2.84711 -10.6252 0
    endloop
  endfacet
  facet normal 0 -0 -1
    outer loop
      vertex 9.14615 -6.11128 0
      vertex 10.3314 -10.1694 0
      vertex 8.72693 -6.69629 0
    endloop
  endfacet
  facet normal 0 0 -1
    outer loop
      vertex 0.899109 -14.4706 0
      vertex 0.719254 -10.9765 0
      vertex 0.997055 -14.4642 0
    endloop
  endfacet
  facet normal -0 0 -1
    outer loop
      vertex 39.4412 -10.3323 0
      vertex 39.3432 -10.3388 0
      vertex 39.7345 -10.3034 0
    endloop
  endfacet
  facet normal 0 0 -1
    outer loop
      vertex 40.2183 -10.2236 0
      vertex 40.1219 -10.2428 0
      vertex 39.8316 -10.2906 0
    endloop
  endfacet
  facet normal 0 0 -1
    outer loop
      vertex 40.505 -10.1567 0
      vertex 40.2183 -10.2236 0
      vertex 39.8316 -10.2906 0
    endloop
  endfacet
  facet normal 0 0 -1
    outer loop
      vertex 40.5998 -10.1313 0
      vertex 40.505 -10.1567 0
      vertex 39.8316 -10.2906 0
    endloop
  endfacet
  facet normal 0 0 -1
    outer loop
      vertex 39.7345 -10.3034 0
      vertex 40.5998 -10.1313 0
      vertex 39.8316 -10.2906 0
    endloop
  endfacet
  facet normal 0 0 -1
    outer loop
      vertex 39.7345 -10.3034 0
      vertex 40.8818 -10.0458 0
      vertex 40.5998 -10.1313 0
    endloop
  endfacet
  facet normal 0 0 -1
    outer loop
      vertex 41.697 -9.7081 0
      vertex 41.3408 -9.87303 0
      vertex 40.8818 -10.0458 0
    endloop
  endfacet
  facet normal 0 0 -1
    outer loop
      vertex 40.8818 -10.0458 0
      vertex 41.2501 -9.9106 0
      vertex 40.9747 -10.0142 0
    endloop
  endfacet
  facet normal 0 0 -1
    outer loop
      vertex 40.8818 -10.0458 0
      vertex 41.3408 -9.87303 0
      vertex 41.2501 -9.9106 0
    endloop
  endfacet
  facet normal 0 0 -1
    outer loop
      vertex 41.697 -9.7081 0
      vertex 41.6089 -9.75154 0
      vertex 41.3408 -9.87303 0
    endloop
  endfacet
  facet normal 0 0 -1
    outer loop
      vertex 41.9567 -9.56926 0
      vertex 41.697 -9.7081 0
      vertex 40.8818 -10.0458 0
    endloop
  endfacet
  facet normal 0 0 -1
    outer loop
      vertex 42.9181 0.192169 0
      vertex 41.9567 0.869263 0
      vertex 42.6905 0.378967 0
    endloop
  endfacet
  facet normal 0 0 -1
    outer loop
      vertex 42.6904 -9.07901 0
      vertex 42.3735 -9.31009 0
      vertex 41.9567 -9.56926 0
    endloop
  endfacet
  facet normal 0 0 -1
    outer loop
      vertex 41.9567 -9.56926 0
      vertex 42.2918 -9.36467 0
      vertex 42.0417 -9.52022 0
    endloop
  endfacet
  facet normal 0 0 -1
    outer loop
      vertex 41.9567 -9.56926 0
      vertex 42.3735 -9.31009 0
      vertex 42.2918 -9.36467 0
    endloop
  endfacet
  facet normal 0 0 -1
    outer loop
      vertex 42.6904 -9.07901 0
      vertex 42.6127 -9.1387 0
      vertex 42.3735 -9.31009 0
    endloop
  endfacet
  facet normal 0 0 -1
    outer loop
      vertex 44.9535 -5.08432 0
      vertex 44.8736 -5.56831 0
      vertex 44.8067 -5.85524 0
    endloop
  endfacet
  facet normal 0 0 -1
    outer loop
      vertex 43.4774 -8.34196 0
      vertex 42.9181 -8.89215 0
      vertex 42.6904 -9.07901 0
    endloop
  endfacet
  facet normal 0 0 -1
    outer loop
      vertex 43.2762 -8.55681 0
      vertex 43.2068 -8.62622 0
      vertex 42.9181 -8.89215 0
    endloop
  endfacet
  facet normal 0 0 -1
    outer loop
      vertex 42.9181 -8.89215 0
      vertex 43.2068 -8.62622 0
      vertex 42.992 -8.82739 0
    endloop
  endfacet
  facet normal 0 0 -1
    outer loop
      vertex 43.4774 -8.34196 0
      vertex 43.2762 -8.55681 0
      vertex 42.9181 -8.89215 0
    endloop
  endfacet
  facet normal 0 0 -1
    outer loop
      vertex 44.1703 -7.39149 0
      vertex 44.4014 -6.95918 0
      vertex 44.2194 -7.30647 0
    endloop
  endfacet
  facet normal -0 0 -1
    outer loop
      vertex 44.1703 -7.39149 0
      vertex 43.9601 -7.7235 0
      vertex 44.4014 -6.95918 0
    endloop
  endfacet
  facet normal 0 0 -1
    outer loop
      vertex 43.4774 -8.34196 0
      vertex 43.9601 -7.7235 0
      vertex 43.5421 -8.26823 0
    endloop
  endfacet
  facet normal 0 0 -1
    outer loop
      vertex 43.5421 -8.26823 0
      vertex 43.7889 -7.96246 0
      vertex 43.729 -8.04042 0
    endloop
  endfacet
  facet normal 0 0 -1
    outer loop
      vertex 43.5421 -8.26823 0
      vertex 43.9601 -7.7235 0
      vertex 43.7889 -7.96246 0
    endloop
  endfacet
  facet normal -0 0 -1
    outer loop
      vertex 43.9601 -7.7235 0
      vertex 43.4774 -8.34196 0
      vertex 44.4014 -6.95918 0
    endloop
  endfacet
  facet normal 0 0 -1
    outer loop
      vertex 43.9601 -7.7235 0
      vertex 44.1703 -7.39149 0
      vertex 44.0146 -7.64189 0
    endloop
  endfacet
  facet normal 0 0 -1
    outer loop
      vertex 44.4014 -6.95918 0
      vertex 43.4774 -8.34196 0
      vertex 42.6904 -9.07901 0
    endloop
  endfacet
  facet normal 0 0 -1
    outer loop
      vertex 44.4014 -6.95918 0
      vertex 44.358 -7.0471 0
      vertex 44.2194 -7.30647 0
    endloop
  endfacet
  facet normal 0 0 -1
    outer loop
      vertex 44.4014 -6.95918 0
      vertex 44.9535 -5.08432 0
      vertex 44.8067 -5.85524 0
    endloop
  endfacet
  facet normal 0 0 -1
    outer loop
      vertex 44.8067 -5.85524 0
      vertex 44.523 -6.69086 0
      vertex 44.4014 -6.95918 0
    endloop
  endfacet
  facet normal 0 0 -1
    outer loop
      vertex 44.6643 -6.32454 0
      vertex 44.5606 -6.6001 0
      vertex 44.523 -6.69086 0
    endloop
  endfacet
  facet normal -0 0 -1
    outer loop
      vertex 44.6959 -6.23154 0
      vertex 44.6643 -6.32454 0
      vertex 44.8067 -5.85524 0
    endloop
  endfacet
  facet normal -0 0 -1
    outer loop
      vertex 44.7813 -5.94997 0
      vertex 44.6959 -6.23154 0
      vertex 44.8067 -5.85524 0
    endloop
  endfacet
  facet normal 0 0 -1
    outer loop
      vertex 44.8067 -5.85524 0
      vertex 44.6643 -6.32454 0
      vertex 44.523 -6.69086 0
    endloop
  endfacet
  facet normal -0 0 -1
    outer loop
      vertex 44.4014 -6.95918 0
      vertex 42.6904 -9.07901 0
      vertex 44.9535 -5.08432 0
    endloop
  endfacet
  facet normal -0 0 -1
    outer loop
      vertex 44.9407 -5.1815 0
      vertex 44.8736 -5.56831 0
      vertex 44.9535 -5.08432 0
    endloop
  endfacet
  facet normal -0 -0 -1
    outer loop
      vertex 43.5421 -0.431747 0
      vertex 44.4014 -1.7408 0
      vertex 43.2068 -0.0738068 0
    endloop
  endfacet
  facet normal 0 0 -1
    outer loop
      vertex 44.8736 -5.56831 0
      vertex 44.9407 -5.1815 0
      vertex 44.8927 -5.47191 0
    endloop
  endfacet
  facet normal -0 -0 -1
    outer loop
      vertex 43.2068 -0.0738068 0
      vertex 44.4014 -1.7408 0
      vertex 42.9919 0.127457 0
    endloop
  endfacet
  facet normal -0 0 -1
    outer loop
      vertex 44.9888 -4.69334 0
      vertex 44.9823 -4.79128 0
      vertex 44.9823 -3.90871 0
    endloop
  endfacet
  facet normal -0 -0 -1
    outer loop
      vertex 44.9823 -3.90871 0
      vertex 44.9823 -4.79128 0
      vertex 44.9535 -3.61566 0
    endloop
  endfacet
  facet normal -0 -0 -1
    outer loop
      vertex 44.9984 -4.30086 0
      vertex 44.9984 -4.39912 0
      vertex 44.9888 -4.00664 0
    endloop
  endfacet
  facet normal 0 0 -1
    outer loop
      vertex 44.9888 -4.00664 0
      vertex 44.9984 -4.39912 0
      vertex 44.9888 -4.69334 0
    endloop
  endfacet
  facet normal 0 0 -1
    outer loop
      vertex 44.9823 -3.90871 0
      vertex 44.9888 -4.00664 0
      vertex 44.9888 -4.69334 0
    endloop
  endfacet
  facet normal 0 0 -1
    outer loop
      vertex 44.9535 -3.61566 0
      vertex 44.9823 -4.79128 0
      vertex 44.9535 -5.08432 0
    endloop
  endfacet
  facet normal -0 -0 -1
    outer loop
      vertex 42.9919 0.127457 0
      vertex 44.4014 -1.7408 0
      vertex 42.9181 0.192169 0
    endloop
  endfacet
  facet normal -0 -0 -1
    outer loop
      vertex 44.523 -2.00912 0
      vertex 44.8067 -2.84474 0
      vertex 44.4014 -1.7408 0
    endloop
  endfacet
  facet normal 0 0 -1
    outer loop
      vertex 44.8736 -3.13167 0
      vertex 44.8927 -3.22807 0
      vertex 44.9407 -3.51848 0
    endloop
  endfacet
  facet normal 0 0 -1
    outer loop
      vertex 44.9535 -3.61566 0
      vertex 44.8736 -3.13167 0
      vertex 44.9407 -3.51848 0
    endloop
  endfacet
  facet normal 0 0 -1
    outer loop
      vertex 44.9535 -3.61566 0
      vertex 44.8067 -2.84474 0
      vertex 44.8736 -3.13167 0
    endloop
  endfacet
  facet normal 0 0 -1
    outer loop
      vertex 44.523 -2.00912 0
      vertex 44.6643 -2.37544 0
      vertex 44.8067 -2.84474 0
    endloop
  endfacet
  facet normal 0 0 -1
    outer loop
      vertex 44.8067 -2.84474 0
      vertex 44.6959 -2.46844 0
      vertex 44.7813 -2.75002 0
    endloop
  endfacet
  facet normal 0 0 -1
    outer loop
      vertex 44.8067 -2.84474 0
      vertex 44.6643 -2.37544 0
      vertex 44.6959 -2.46844 0
    endloop
  endfacet
  facet normal 0 0 -1
    outer loop
      vertex 44.523 -2.00912 0
      vertex 44.5606 -2.09988 0
      vertex 44.6643 -2.37544 0
    endloop
  endfacet
  facet normal 0 0 -1
    outer loop
      vertex 44.4014 -1.7408 0
      vertex 44.8067 -2.84474 0
      vertex 44.9535 -3.61566 0
    endloop
  endfacet
  facet normal -0 -0 -1
    outer loop
      vertex 42.9181 0.192169 0
      vertex 44.4014 -1.7408 0
      vertex 41.9567 0.869263 0
    endloop
  endfacet
  facet normal -0 -0 -1
    outer loop
      vertex 44.0146 -1.05809 0
      vertex 44.1703 -1.30849 0
      vertex 43.9601 -0.976486 0
    endloop
  endfacet
  facet normal 0 0 -1
    outer loop
      vertex 44.4014 -1.7408 0
      vertex 44.2194 -1.39351 0
      vertex 44.358 -1.65288 0
    endloop
  endfacet
  facet normal 0 0 -1
    outer loop
      vertex 44.4014 -1.7408 0
      vertex 44.1703 -1.30849 0
      vertex 44.2194 -1.39351 0
    endloop
  endfacet
  facet normal 0 0 -1
    outer loop
      vertex 43.9601 -0.976486 0
      vertex 44.1703 -1.30849 0
      vertex 44.4014 -1.7408 0
    endloop
  endfacet
  facet normal 0 0 -1
    outer loop
      vertex 43.5421 -0.431747 0
      vertex 43.9601 -0.976486 0
      vertex 44.4014 -1.7408 0
    endloop
  endfacet
  facet normal -0 -0 -1
    outer loop
      vertex 43.729 -0.659561 0
      vertex 43.7889 -0.737518 0
      vertex 43.5421 -0.431747 0
    endloop
  endfacet
  facet normal 0 0 -1
    outer loop
      vertex 43.5421 -0.431747 0
      vertex 43.7889 -0.737518 0
      vertex 43.9601 -0.976486 0
    endloop
  endfacet
  facet normal 0 0 -1
    outer loop
      vertex 42.6905 0.378967 0
      vertex 41.9567 0.869263 0
      vertex 42.6127 0.438705 0
    endloop
  endfacet
  facet normal 0 0 -1
    outer loop
      vertex 43.2068 -0.0738068 0
      vertex 43.4774 -0.357986 0
      vertex 43.5421 -0.431747 0
    endloop
  endfacet
  facet normal 0 0 -1
    outer loop
      vertex 43.2068 -0.0738068 0
      vertex 43.2762 -0.143204 0
      vertex 43.4774 -0.357986 0
    endloop
  endfacet
  facet normal -0 -0 -1
    outer loop
      vertex 44.4014 -1.7408 0
      vertex 44.9535 -3.61566 0
      vertex 41.9567 0.869263 0
    endloop
  endfacet
  facet normal 0 0 -1
    outer loop
      vertex 41.9567 0.869263 0
      vertex 44.9535 -3.61566 0
      vertex 44.9535 -5.08432 0
    endloop
  endfacet
  facet normal 0 0 -1
    outer loop
      vertex 42.6904 -9.07901 0
      vertex 41.9567 0.869263 0
      vertex 44.9535 -5.08432 0
    endloop
  endfacet
  facet normal -0 0 -1
    outer loop
      vertex 42.6904 -9.07901 0
      vertex 41.9567 -9.56926 0
      vertex 41.9567 0.869263 0
    endloop
  endfacet
  facet normal -0 -0 -1
    outer loop
      vertex 42.3735 0.610107 0
      vertex 42.6127 0.438705 0
      vertex 41.9567 0.869263 0
    endloop
  endfacet
  facet normal -0 -0 -1
    outer loop
      vertex 42.0417 0.820221 0
      vertex 42.3735 0.610107 0
      vertex 41.9567 0.869263 0
    endloop
  endfacet
  facet normal 0 -0 -1
    outer loop
      vertex 41.9567 0.869263 0
      vertex 41.9567 -9.56926 0
      vertex 40.8818 -10.0458 0
    endloop
  endfacet
  facet normal 0 0 -1
    outer loop
      vertex 42.3735 0.610107 0
      vertex 42.0417 0.820221 0
      vertex 42.2918 0.664673 0
    endloop
  endfacet
  facet normal 0 0 -1
    outer loop
      vertex 39.7345 -10.3034 0
      vertex 41.9567 0.869263 0
      vertex 40.8818 -10.0458 0
    endloop
  endfacet
  facet normal 0 0 -1
    outer loop
      vertex 39.7345 -10.3034 0
      vertex 40.9747 1.31424 0
      vertex 41.9567 0.869263 0
    endloop
  endfacet
  facet normal 0 0 -1
    outer loop
      vertex 40.9747 1.31424 0
      vertex 41.3408 1.17303 0
      vertex 41.697 1.0081 0
    endloop
  endfacet
  facet normal 0 0 -1
    outer loop
      vertex 41.697 1.0081 0
      vertex 41.3408 1.17303 0
      vertex 41.6089 1.05154 0
    endloop
  endfacet
  facet normal 0 0 -1
    outer loop
      vertex 41.9567 0.869263 0
      vertex 40.9747 1.31424 0
      vertex 41.697 1.0081 0
    endloop
  endfacet
  facet normal 0 0 -1
    outer loop
      vertex 41.3408 1.17303 0
      vertex 40.9747 1.31424 0
      vertex 41.2501 1.21059 0
    endloop
  endfacet
  facet normal -0 0 -1
    outer loop
      vertex 39.7345 -10.3034 0
      vertex 39.3432 -10.3388 0
      vertex 40.9747 1.31424 0
    endloop
  endfacet
  facet normal -0 0 -1
    outer loop
      vertex 40.9747 1.31424 0
      vertex 39.3432 -10.3388 0
      vertex 40.8817 1.34581 0
    endloop
  endfacet
  facet normal 0 0 -1
    outer loop
      vertex 40.8817 1.34581 0
      vertex 39.3432 -10.3388 0
      vertex 39.0293 -10.349 0
    endloop
  endfacet
  facet normal 0 -0 -1
    outer loop
      vertex 40.5732 1.43939 0
      vertex 40.8817 1.34581 0
      vertex 39.0293 -10.349 0
    endloop
  endfacet
  facet normal 0 0 -1
    outer loop
      vertex 38.9708 -10.3498 0
      vertex 40.5732 1.43939 0
      vertex 39.0293 -10.349 0
    endloop
  endfacet
  facet normal 0 0 -1
    outer loop
      vertex 38.9708 -10.3498 0
      vertex 40.5322 1.4512 0
      vertex 40.5732 1.43939 0
    endloop
  endfacet
  facet normal 0 0 -1
    outer loop
      vertex 10.4163 3.53569 0
      vertex 10.9393 9.51471 0
      vertex 10.6252 2.84711 0
    endloop
  endfacet
  facet normal 0 0 -1
    outer loop
      vertex 9.52625 5.50005 0
      vertex 9.14615 6.11128 0
      vertex 10.9393 9.51471 0
    endloop
  endfacet
  facet normal 0 0 -1
    outer loop
      vertex 10.9393 9.51471 0
      vertex 10.8681 9.59633 0
      vertex 10.9328 9.5226 0
    endloop
  endfacet
  facet normal 0 0 -1
    outer loop
      vertex 8.01405 12.0822 0
      vertex 6.11128 9.14615 0
      vertex 5.50005 9.52625 0
    endloop
  endfacet
  facet normal 0 -0 -1
    outer loop
      vertex 7.29173 12.5314 0
      vertex 8.01405 12.0822 0
      vertex 5.50005 9.52625 0
    endloop
  endfacet
  facet normal -0 0 -1
    outer loop
      vertex 7.20671 12.5805 0
      vertex 5.50005 9.52625 0
      vertex 6.4565 12.9815 0
    endloop
  endfacet
  facet normal 0 0 -1
    outer loop
      vertex 4.20953 10.1626 0
      vertex 5.5936 13.376 0
      vertex 4.8651 9.86562 0
    endloop
  endfacet
  facet normal 0 0 -1
    outer loop
      vertex 5.50005 9.52625 0
      vertex 4.8651 9.86562 0
      vertex 6.4565 12.9815 0
    endloop
  endfacet
  facet normal -0 0 -1
    outer loop
      vertex 5.5936 13.376 0
      vertex 4.20953 10.1626 0
      vertex 5.5029 13.4136 0
    endloop
  endfacet
  facet normal 0 0 -1
    outer loop
      vertex 2.84711 10.6252 0
      vertex 3.79988 13.9917 0
      vertex 3.53569 10.4163 0
    endloop
  endfacet
  facet normal 0 0 -1
    outer loop
      vertex 4.20953 10.1626 0
      vertex 3.53569 10.4163 0
      vertex 4.7068 13.7132 0
    endloop
  endfacet
  facet normal -0 0 -1
    outer loop
      vertex 3.79988 13.9917 0
      vertex 2.84711 10.6252 0
      vertex 3.70505 14.0171 0
    endloop
  endfacet
  facet normal 0 0 -1
    outer loop
      vertex 1.43591 10.9059 0
      vertex 1.9411 14.3679 0
      vertex 2.1459 10.7887 0
    endloop
  endfacet
  facet normal -0 0 -1
    outer loop
      vertex 2.87666 14.2102 0
      vertex 2.1459 10.7887 0
      vertex 2.7804 14.2294 0
    endloop
  endfacet
  facet normal 0 -0 -1
    outer loop
      vertex 0.997055 14.4642 0
      vertex 1.8438 14.3808 0
      vertex 0.719254 10.9765 0
    endloop
  endfacet
  facet normal 0 0 -1
    outer loop
      vertex 2.84711 10.6252 0
      vertex 2.1459 10.7887 0
      vertex 2.87666 14.2102 0
    endloop
  endfacet
  facet normal 0 0 -1
    outer loop
      vertex 0 11 0
      vertex 0.0490875 14.4984 0
      vertex 0.899109 14.4706 0
    endloop
  endfacet
  facet normal -0 0 -1
    outer loop
      vertex 0.997055 14.4642 0
      vertex 0.719254 10.9765 0
      vertex 0.899109 14.4706 0
    endloop
  endfacet
  facet normal -0 0 -1
    outer loop
      vertex 0 11 0
      vertex -0.719254 10.9765 0
      vertex -0.899109 14.4706 0
    endloop
  endfacet
  facet normal 0 -0 -1
    outer loop
      vertex -0.899109 14.4706 0
      vertex -0.719254 10.9765 0
      vertex -0.997055 14.4642 0
    endloop
  endfacet
  facet normal 0 0 -1
    outer loop
      vertex 8.09566 12.0277 0
      vertex 6.69629 8.72693 0
      vertex 6.11128 9.14615 0
    endloop
  endfacet
  facet normal 0 0 -1
    outer loop
      vertex -2.1459 10.7887 0
      vertex -2.7804 14.2294 0
      vertex -1.9411 14.3679 0
    endloop
  endfacet
  facet normal 0 -0 -1
    outer loop
      vertex -1.8438 14.3808 0
      vertex -1.43591 10.9059 0
      vertex -1.9411 14.3679 0
    endloop
  endfacet
  facet normal 0 0 -1
    outer loop
      vertex -3.53569 10.4163 0
      vertex -4.61388 13.7447 0
      vertex -3.79988 13.9917 0
    endloop
  endfacet
  facet normal 0 -0 -1
    outer loop
      vertex -2.87666 14.2102 0
      vertex -2.84711 10.6252 0
      vertex -3.70505 14.0171 0
    endloop
  endfacet
  facet normal 0 -0 -1
    outer loop
      vertex -2.7804 14.2294 0
      vertex -2.1459 10.7887 0
      vertex -2.87666 14.2102 0
    endloop
  endfacet
  facet normal 0 -0 -1
    outer loop
      vertex -4.61388 13.7447 0
      vertex -3.53569 10.4163 0
      vertex -4.7068 13.7132 0
    endloop
  endfacet
  facet normal 0 -0 -1
    outer loop
      vertex -4.7068 13.7132 0
      vertex -4.20953 10.1626 0
      vertex -5.5029 13.4136 0
    endloop
  endfacet
  facet normal 0 -0 -1
    outer loop
      vertex -5.5029 13.4136 0
      vertex -4.20953 10.1626 0
      vertex -5.5936 13.376 0
    endloop
  endfacet
  facet normal 0 -0 -1
    outer loop
      vertex -5.5936 13.376 0
      vertex -4.8651 9.86562 0
      vertex -6.36847 13.0249 0
    endloop
  endfacet
  facet normal 0 -0 -1
    outer loop
      vertex -6.36847 13.0249 0
      vertex -4.8651 9.86562 0
      vertex -6.4565 12.9815 0
    endloop
  endfacet
  facet normal 0 -0 -1
    outer loop
      vertex -6.4565 12.9815 0
      vertex -5.50005 9.52625 0
      vertex -7.20671 12.5805 0
    endloop
  endfacet
  facet normal 0 -0 -1
    outer loop
      vertex -7.20671 12.5805 0
      vertex -5.50005 9.52625 0
      vertex -7.29173 12.5314 0
    endloop
  endfacet
  facet normal -0 0 -1
    outer loop
      vertex -5.50005 9.52625 0
      vertex -6.11128 9.14615 0
      vertex -8.01405 12.0822 0
    endloop
  endfacet
  facet normal 0 -0 -1
    outer loop
      vertex -8.01405 12.0822 0
      vertex -6.11128 9.14615 0
      vertex -8.09566 12.0277 0
    endloop
  endfacet
  facet normal 0 0 -1
    outer loop
      vertex -7.25278 8.27023 0
      vertex -9.52257 10.9328 0
      vertex -8.86505 11.4724 0
    endloop
  endfacet
  facet normal 0 -0 -1
    outer loop
      vertex -8.09566 12.0277 0
      vertex -6.69629 8.72693 0
      vertex -8.78717 11.5322 0
    endloop
  endfacet
  facet normal 0 -0 -1
    outer loop
      vertex -9.52257 10.9328 0
      vertex -7.25278 8.27023 0
      vertex -9.59634 10.8681 0
    endloop
  endfacet
  facet normal 0 -0 -1
    outer loop
      vertex -9.59634 10.8681 0
      vertex -7.77817 7.77817 0
      vertex -10.2172 10.2866 0
    endloop
  endfacet
  facet normal 0 -0 -1
    outer loop
      vertex -10.2172 10.2866 0
      vertex -7.77817 7.77817 0
      vertex -10.2866 10.2172 0
    endloop
  endfacet
  facet normal -0 0 -1
    outer loop
      vertex -7.77817 7.77817 0
      vertex -8.27023 7.25278 0
      vertex -10.8681 9.59633 0
    endloop
  endfacet
  facet normal 0 -0 -1
    outer loop
      vertex -10.8681 9.59633 0
      vertex -8.27023 7.25278 0
      vertex -10.9393 9.51471 0
    endloop
  endfacet
  facet normal 0 0 -1
    outer loop
      vertex -10.1626 4.20953 0
      vertex -10.9393 9.51471 0
      vertex -9.86562 4.8651 0
    endloop
  endfacet
  facet normal 0 0 -1
    outer loop
      vertex -9.52625 5.50005 0
      vertex -10.9393 9.51471 0
      vertex -9.14615 6.11128 0
    endloop
  endfacet
  facet normal 0 0 -1
    outer loop
      vertex -10.9393 9.51471 0
      vertex -8.72693 6.69629 0
      vertex -9.14615 6.11128 0
    endloop
  endfacet
  facet normal 0 0 -1
    outer loop
      vertex -10.9765 0.719254 0
      vertex -40.5322 1.4512 0
      vertex -10.9059 1.43591 0
    endloop
  endfacet
  facet normal 0 -0 -1
    outer loop
      vertex -10.9328 9.5226 0
      vertex -10.8681 9.59633 0
      vertex -10.9393 9.51471 0
    endloop
  endfacet
  facet normal 0 0 -1
    outer loop
      vertex -10.7887 2.1459 0
      vertex -10.9393 9.51471 0
      vertex -10.6252 2.84711 0
    endloop
  endfacet
  facet normal 0 0 -1
    outer loop
      vertex -40.5322 1.4512 0
      vertex -10.9765 0.719254 0
      vertex -11 0 0
    endloop
  endfacet
  facet normal 0 0 -1
    outer loop
      vertex -1.8438 14.3808 0
      vertex -0.719254 10.9765 0
      vertex -1.43591 10.9059 0
    endloop
  endfacet
  facet normal 0 0 -1
    outer loop
      vertex -42.992 -8.82739 0
      vertex -43.2068 -8.62622 0
      vertex -42.9181 -8.89215 0
    endloop
  endfacet
  facet normal 0 0 -1
    outer loop
      vertex -40.9747 1.31424 0
      vertex -41.3408 1.17303 0
      vertex -41.2501 1.21059 0
    endloop
  endfacet
  facet normal 0 0 -1
    outer loop
      vertex -41.697 1.0081 0
      vertex -41.6089 1.05154 0
      vertex -41.3408 1.17303 0
    endloop
  endfacet
  facet normal 0 0 -1
    outer loop
      vertex -40.9747 1.31424 0
      vertex -41.697 1.0081 0
      vertex -41.3408 1.17303 0
    endloop
  endfacet
  facet normal 0 0 -1
    outer loop
      vertex -40.9747 1.31424 0
      vertex -41.9567 0.869263 0
      vertex -41.697 1.0081 0
    endloop
  endfacet
  facet normal 0 -0 -1
    outer loop
      vertex -43.4774 -0.357986 0
      vertex -43.2068 -0.0738068 0
      vertex -43.5421 -0.431747 0
    endloop
  endfacet
  facet normal 0 0 -1
    outer loop
      vertex -42.3735 0.610107 0
      vertex -42.2918 0.664673 0
      vertex -42.0417 0.820221 0
    endloop
  endfacet
  facet normal 0 0 -1
    outer loop
      vertex -41.9567 0.869263 0
      vertex -42.3735 0.610107 0
      vertex -42.0417 0.820221 0
    endloop
  endfacet
  facet normal 0 0 -1
    outer loop
      vertex -41.9567 0.869263 0
      vertex -42.6127 0.438705 0
      vertex -42.3735 0.610107 0
    endloop
  endfacet
  facet normal 0 0 -1
    outer loop
      vertex -41.9567 0.869263 0
      vertex -42.6905 0.378967 0
      vertex -42.6127 0.438705 0
    endloop
  endfacet
  facet normal 0 0 -1
    outer loop
      vertex -41.9567 0.869263 0
      vertex -42.9181 0.192169 0
      vertex -42.6905 0.378967 0
    endloop
  endfacet
  facet normal 0 -0 -1
    outer loop
      vertex -43.2068 -0.0738068 0
      vertex -42.9919 0.127457 0
      vertex -44.4014 -1.7408 0
    endloop
  endfacet
  facet normal 0 -0 -1
    outer loop
      vertex -43.5421 -0.431747 0
      vertex -43.2068 -0.0738068 0
      vertex -44.4014 -1.7408 0
    endloop
  endfacet
  facet normal 0 0 -1
    outer loop
      vertex -44.4014 -1.7408 0
      vertex -44.1703 -1.30849 0
      vertex -43.9601 -0.976486 0
    endloop
  endfacet
  facet normal 0 0 -1
    outer loop
      vertex -43.2068 -0.0738068 0
      vertex -43.4774 -0.357986 0
      vertex -43.2762 -0.143204 0
    endloop
  endfacet
  facet normal 0 -0 -1
    outer loop
      vertex -43.7889 -0.737518 0
      vertex -43.5421 -0.431747 0
      vertex -43.9601 -0.976486 0
    endloop
  endfacet
  facet normal 0 0 -1
    outer loop
      vertex -44.4014 -1.7408 0
      vertex -44.2194 -1.39351 0
      vertex -44.1703 -1.30849 0
    endloop
  endfacet
  facet normal 0 0 -1
    outer loop
      vertex -43.5421 -0.431747 0
      vertex -43.7889 -0.737518 0
      vertex -43.729 -0.659561 0
    endloop
  endfacet
  facet normal 0 0 -1
    outer loop
      vertex -43.5421 -0.431747 0
      vertex -44.4014 -1.7408 0
      vertex -43.9601 -0.976486 0
    endloop
  endfacet
  facet normal 0 -0 -1
    outer loop
      vertex -42.9919 0.127457 0
      vertex -42.9181 0.192169 0
      vertex -44.4014 -1.7408 0
    endloop
  endfacet
  facet normal 0 0 -1
    outer loop
      vertex -43.9601 -0.976486 0
      vertex -44.1703 -1.30849 0
      vertex -44.0146 -1.05809 0
    endloop
  endfacet
  facet normal 0 0 -1
    outer loop
      vertex -44.4014 -1.7408 0
      vertex -42.9181 0.192169 0
      vertex -41.9567 0.869263 0
    endloop
  endfacet
  facet normal 0 0 -1
    outer loop
      vertex -44.4014 -1.7408 0
      vertex -44.358 -1.65288 0
      vertex -44.2194 -1.39351 0
    endloop
  endfacet
  facet normal 0 0 -1
    outer loop
      vertex -44.8067 -2.84474 0
      vertex -44.7813 -2.75002 0
      vertex -44.6959 -2.46844 0
    endloop
  endfacet
  facet normal 0 0 -1
    outer loop
      vertex -44.523 -2.00912 0
      vertex -44.8067 -2.84474 0
      vertex -44.6643 -2.37544 0
    endloop
  endfacet
  facet normal 0 0 -1
    outer loop
      vertex -44.6643 -2.37544 0
      vertex -44.5606 -2.09988 0
      vertex -44.523 -2.00912 0
    endloop
  endfacet
  facet normal 0 -0 -1
    outer loop
      vertex -44.6959 -2.46844 0
      vertex -44.6643 -2.37544 0
      vertex -44.8067 -2.84474 0
    endloop
  endfacet
  facet normal 0 -0 -1
    outer loop
      vertex -44.523 -2.00912 0
      vertex -44.4014 -1.7408 0
      vertex -44.8067 -2.84474 0
    endloop
  endfacet
  facet normal 0 0 -1
    outer loop
      vertex -44.8067 -2.84474 0
      vertex -44.9535 -3.61566 0
      vertex -44.8736 -3.13167 0
    endloop
  endfacet
  facet normal 0 0 -1
    outer loop
      vertex -44.8736 -3.13167 0
      vertex -44.9535 -3.61566 0
      vertex -44.9407 -3.51848 0
    endloop
  endfacet
  facet normal 0 -0 -1
    outer loop
      vertex -44.8067 -2.84474 0
      vertex -44.4014 -1.7408 0
      vertex -44.9535 -3.61566 0
    endloop
  endfacet
  facet normal 0 0 -1
    outer loop
      vertex -44.9535 -3.61566 0
      vertex -44.4014 -1.7408 0
      vertex -41.9567 0.869263 0
    endloop
  endfacet
  facet normal 0 0 -1
    outer loop
      vertex -44.8736 -3.13167 0
      vertex -44.9407 -3.51848 0
      vertex -44.8927 -3.22807 0
    endloop
  endfacet
  facet normal 0 -0 -1
    outer loop
      vertex -44.9823 -3.90871 0
      vertex -44.9823 -4.79128 0
      vertex -44.9888 -4.00664 0
    endloop
  endfacet
  facet normal 0 0 -1
    outer loop
      vertex -44.9823 -3.90871 0
      vertex -44.9535 -5.08432 0
      vertex -44.9823 -4.79128 0
    endloop
  endfacet
  facet normal 0 0 -1
    outer loop
      vertex -44.9888 -4.69334 0
      vertex -44.9888 -4.00664 0
      vertex -44.9823 -4.79128 0
    endloop
  endfacet
  facet normal 0 0 -1
    outer loop
      vertex -44.9984 -4.39912 0
      vertex -44.9984 -4.30086 0
      vertex -44.9888 -4.69334 0
    endloop
  endfacet
  facet normal 0 0 -1
    outer loop
      vertex -44.9888 -4.69334 0
      vertex -44.9984 -4.30086 0
      vertex -44.9888 -4.00664 0
    endloop
  endfacet
  facet normal 0 0 -1
    outer loop
      vertex -44.9823 -3.90871 0
      vertex -44.9535 -3.61566 0
      vertex -44.9535 -5.08432 0
    endloop
  endfacet
  facet normal 0 0 -1
    outer loop
      vertex -44.9535 -5.08432 0
      vertex -44.9535 -3.61566 0
      vertex -41.9567 0.869263 0
    endloop
  endfacet
  facet normal 0 0 -1
    outer loop
      vertex -44.8067 -5.85524 0
      vertex -44.4014 -6.95918 0
      vertex -44.523 -6.69086 0
    endloop
  endfacet
  facet normal 0 0 -1
    outer loop
      vertex -44.8067 -5.85524 0
      vertex -44.8736 -5.56831 0
      vertex -44.9535 -5.08432 0
    endloop
  endfacet
  facet normal 0 0 -1
    outer loop
      vertex -44.8736 -5.56831 0
      vertex -44.8927 -5.47191 0
      vertex -44.9407 -5.1815 0
    endloop
  endfacet
  facet normal 0 0 -1
    outer loop
      vertex -44.9535 -5.08432 0
      vertex -44.8736 -5.56831 0
      vertex -44.9407 -5.1815 0
    endloop
  endfacet
  facet normal 0 0 -1
    outer loop
      vertex -44.6643 -6.32454 0
      vertex -44.8067 -5.85524 0
      vertex -44.523 -6.69086 0
    endloop
  endfacet
  facet normal 0 0 -1
    outer loop
      vertex -44.5606 -6.6001 0
      vertex -44.6643 -6.32454 0
      vertex -44.523 -6.69086 0
    endloop
  endfacet
  facet normal 0 0 -1
    outer loop
      vertex -44.8067 -5.85524 0
      vertex -44.6959 -6.23154 0
      vertex -44.7813 -5.94997 0
    endloop
  endfacet
  facet normal 0 0 -1
    outer loop
      vertex -44.8067 -5.85524 0
      vertex -44.6643 -6.32454 0
      vertex -44.6959 -6.23154 0
    endloop
  endfacet
  facet normal 0 0 -1
    outer loop
      vertex -44.8067 -5.85524 0
      vertex -44.9535 -5.08432 0
      vertex -44.4014 -6.95918 0
    endloop
  endfacet
  facet normal 0 0 -1
    outer loop
      vertex -44.4014 -6.95918 0
      vertex -42.6904 -9.07901 0
      vertex -43.4774 -8.34196 0
    endloop
  endfacet
  facet normal 0 0 -1
    outer loop
      vertex -44.1703 -7.39149 0
      vertex -43.9601 -7.7235 0
      vertex -44.0146 -7.64189 0
    endloop
  endfacet
  facet normal 0 0 -1
    outer loop
      vertex -44.1703 -7.39149 0
      vertex -44.2194 -7.30647 0
      vertex -44.4014 -6.95918 0
    endloop
  endfacet
  facet normal 0 0 -1
    outer loop
      vertex -44.4014 -6.95918 0
      vertex -44.2194 -7.30647 0
      vertex -44.358 -7.0471 0
    endloop
  endfacet
  facet normal 0 0 -1
    outer loop
      vertex -44.1703 -7.39149 0
      vertex -44.4014 -6.95918 0
      vertex -43.9601 -7.7235 0
    endloop
  endfacet
  facet normal 0 0 -1
    outer loop
      vertex -43.9601 -7.7235 0
      vertex -43.4774 -8.34196 0
      vertex -43.5421 -8.26823 0
    endloop
  endfacet
  facet normal 0 0 -1
    outer loop
      vertex -43.7889 -7.96246 0
      vertex -43.5421 -8.26823 0
      vertex -43.729 -8.04042 0
    endloop
  endfacet
  facet normal 0 0 -1
    outer loop
      vertex -43.7889 -7.96246 0
      vertex -43.9601 -7.7235 0
      vertex -43.5421 -8.26823 0
    endloop
  endfacet
  facet normal 0 0 -1
    outer loop
      vertex -43.9601 -7.7235 0
      vertex -44.4014 -6.95918 0
      vertex -43.4774 -8.34196 0
    endloop
  endfacet
  facet normal 0 0 -1
    outer loop
      vertex -44.4014 -6.95918 0
      vertex -44.9535 -5.08432 0
      vertex -42.6904 -9.07901 0
    endloop
  endfacet
  facet normal 0 0 -1
    outer loop
      vertex -42.9181 -8.89215 0
      vertex -43.4774 -8.34196 0
      vertex -42.6904 -9.07901 0
    endloop
  endfacet
  facet normal 0 0 -1
    outer loop
      vertex -42.9181 -8.89215 0
      vertex -43.2762 -8.55681 0
      vertex -43.4774 -8.34196 0
    endloop
  endfacet
  facet normal 0 0 -1
    outer loop
      vertex -42.9181 -8.89215 0
      vertex -43.2068 -8.62622 0
      vertex -43.2762 -8.55681 0
    endloop
  endfacet
  facet normal 0 0 -1
    outer loop
      vertex -44.9535 -5.08432 0
      vertex -41.9567 0.869263 0
      vertex -42.6904 -9.07901 0
    endloop
  endfacet
  facet normal 0 0 -1
    outer loop
      vertex -42.6904 -9.07901 0
      vertex -41.9567 -9.56926 0
      vertex -42.3735 -9.31009 0
    endloop
  endfacet
  facet normal 0 0 -1
    outer loop
      vertex -42.6904 -9.07901 0
      vertex -41.9567 0.869263 0
      vertex -41.9567 -9.56926 0
    endloop
  endfacet
  facet normal 0 0 -1
    outer loop
      vertex -42.3735 -9.31009 0
      vertex -42.6127 -9.1387 0
      vertex -42.6904 -9.07901 0
    endloop
  endfacet
  facet normal 0 0 -1
    outer loop
      vertex -42.2918 -9.36467 0
      vertex -42.3735 -9.31009 0
      vertex -41.9567 -9.56926 0
    endloop
  endfacet
  facet normal 0 0 -1
    outer loop
      vertex -42.0417 -9.52022 0
      vertex -42.2918 -9.36467 0
      vertex -41.9567 -9.56926 0
    endloop
  endfacet
  facet normal 0 0 -1
    outer loop
      vertex -41.9567 -9.56926 0
      vertex -40.8818 -10.0458 0
      vertex -41.697 -9.7081 0
    endloop
  endfacet
  facet normal 0 0 -1
    outer loop
      vertex -40.9747 -10.0142 0
      vertex -41.2501 -9.9106 0
      vertex -40.8818 -10.0458 0
    endloop
  endfacet
  facet normal 0 0 -1
    outer loop
      vertex -40.8818 -10.0458 0
      vertex -41.2501 -9.9106 0
      vertex -41.3408 -9.87303 0
    endloop
  endfacet
  facet normal 0 0 -1
    outer loop
      vertex -41.3408 -9.87303 0
      vertex -41.6089 -9.75154 0
      vertex -41.697 -9.7081 0
    endloop
  endfacet
  facet normal 0 0 -1
    outer loop
      vertex -41.697 -9.7081 0
      vertex -40.8818 -10.0458 0
      vertex -41.3408 -9.87303 0
    endloop
  endfacet
  facet normal 0 0 -1
    outer loop
      vertex -41.9567 -9.56926 0
      vertex -41.9567 0.869263 0
      vertex -40.8818 -10.0458 0
    endloop
  endfacet
  facet normal 0 0 -1
    outer loop
      vertex -39.7345 -10.3034 0
      vertex -39.8316 -10.2906 0
      vertex -40.5998 -10.1313 0
    endloop
  endfacet
  facet normal 0 0 -1
    outer loop
      vertex -40.8818 -10.0458 0
      vertex -39.7345 -10.3034 0
      vertex -40.5998 -10.1313 0
    endloop
  endfacet
  facet normal 0 0 -1
    outer loop
      vertex -40.8818 -10.0458 0
      vertex -41.9567 0.869263 0
      vertex -39.7345 -10.3034 0
    endloop
  endfacet
  facet normal 0 0 -1
    outer loop
      vertex -40.2183 -10.2236 0
      vertex -39.8316 -10.2906 0
      vertex -40.1219 -10.2428 0
    endloop
  endfacet
  facet normal 0 0 -1
    outer loop
      vertex -40.2183 -10.2236 0
      vertex -40.505 -10.1567 0
      vertex -39.8316 -10.2906 0
    endloop
  endfacet
  facet normal 0 0 -1
    outer loop
      vertex -39.8316 -10.2906 0
      vertex -40.505 -10.1567 0
      vertex -40.5998 -10.1313 0
    endloop
  endfacet
  facet normal 0 0 -1
    outer loop
      vertex -39.7345 -10.3034 0
      vertex -41.9567 0.869263 0
      vertex -40.9747 1.31424 0
    endloop
  endfacet
  facet normal 0 0 -1
    outer loop
      vertex -39.4412 -10.3323 0
      vertex -39.7345 -10.3034 0
      vertex -39.3432 -10.3388 0
    endloop
  endfacet
  facet normal 0 0 -1
    outer loop
      vertex -39.3432 -10.3388 0
      vertex -39.7345 -10.3034 0
      vertex -40.9747 1.31424 0
    endloop
  endfacet
  facet normal 0 -0 -1
    outer loop
      vertex -40.8817 1.34581 0
      vertex -39.3432 -10.3388 0
      vertex -40.9747 1.31424 0
    endloop
  endfacet
  facet normal 0 0 -1
    outer loop
      vertex -40.8817 1.34581 0
      vertex -39.0293 -10.349 0
      vertex -39.3432 -10.3388 0
    endloop
  endfacet
  facet normal -0 0 -1
    outer loop
      vertex 0.899109 -14.4706 0
      vertex 0.0490875 -14.4984 0
      vertex 0 -11 0
    endloop
  endfacet
  facet normal 0 0 -1
    outer loop
      vertex -1.9411 -14.3679 0
      vertex -1.43591 -10.9059 0
      vertex -1.8438 -14.3808 0
    endloop
  endfacet
  facet normal 0 0 -1
    outer loop
      vertex -40.8817 1.34581 0
      vertex -40.5732 1.43939 0
      vertex -39.0293 -10.349 0
    endloop
  endfacet
  facet normal 0 0 -1
    outer loop
      vertex -39.0293 -10.349 0
      vertex -40.5732 1.43939 0
      vertex -38.9708 -10.3498 0
    endloop
  endfacet
  facet normal 0 0 -1
    outer loop
      vertex -2.1459 -10.7887 0
      vertex -1.43591 -10.9059 0
      vertex -1.9411 -14.3679 0
    endloop
  endfacet
  facet normal 0 0 -1
    outer loop
      vertex -38.9708 -10.3498 0
      vertex -40.5732 1.43939 0
      vertex -40.5322 1.4512 0
    endloop
  endfacet
  facet normal 0 0 -1
    outer loop
      vertex -1.9411 -14.3679 0
      vertex -2.7804 -14.2294 0
      vertex -2.1459 -10.7887 0
    endloop
  endfacet
  facet normal 0 0 -1
    outer loop
      vertex -10.3314 -10.1694 0
      vertex -9.52625 -5.50005 0
      vertex -9.14615 -6.11128 0
    endloop
  endfacet
  facet normal -0 0 -1
    outer loop
      vertex -8.72693 -6.69629 0
      vertex -10.3314 -10.1694 0
      vertex -9.14615 -6.11128 0
    endloop
  endfacet
  facet normal 0 0 -1
    outer loop
      vertex -9.59636 -10.8681 0
      vertex -7.25278 -8.27023 0
      vertex -9.52257 -10.9328 0
    endloop
  endfacet
  facet normal 0 0 -1
    outer loop
      vertex -7.20671 -12.5805 0
      vertex -5.50005 -9.52625 0
      vertex -6.4565 -12.9815 0
    endloop
  endfacet
  facet normal 0 0 -1
    outer loop
      vertex -6.4565 -12.9815 0
      vertex -5.50005 -9.52625 0
      vertex -4.8651 -9.86562 0
    endloop
  endfacet
  facet normal 0 0 -1
    outer loop
      vertex -6.36847 -13.0249 0
      vertex -6.4565 -12.9815 0
      vertex -4.8651 -9.86562 0
    endloop
  endfacet
  facet normal 0 0 -1
    outer loop
      vertex -5.5936 -13.376 0
      vertex -6.36847 -13.0249 0
      vertex -4.8651 -9.86562 0
    endloop
  endfacet
  facet normal -0 0 -1
    outer loop
      vertex -4.20953 -10.1626 0
      vertex -5.5936 -13.376 0
      vertex -4.8651 -9.86562 0
    endloop
  endfacet
  facet normal 0 0 -1
    outer loop
      vertex -4.20953 -10.1626 0
      vertex -5.5029 -13.4136 0
      vertex -5.5936 -13.376 0
    endloop
  endfacet
  facet normal 0 0 -1
    outer loop
      vertex -4.20953 -10.1626 0
      vertex -4.7068 -13.7132 0
      vertex -5.5029 -13.4136 0
    endloop
  endfacet
  facet normal 0 -0 -1
    outer loop
      vertex -4.20953 -10.1626 0
      vertex -3.53569 -10.4163 0
      vertex -4.7068 -13.7132 0
    endloop
  endfacet
  facet normal 0 0 -1
    outer loop
      vertex -4.7068 -13.7132 0
      vertex -3.53569 -10.4163 0
      vertex -4.61388 -13.7447 0
    endloop
  endfacet
  facet normal 0 -0 -1
    outer loop
      vertex -3.53569 -10.4163 0
      vertex -2.84711 -10.6252 0
      vertex -3.79988 -13.9917 0
    endloop
  endfacet
  facet normal 0 0 -1
    outer loop
      vertex -4.61388 -13.7447 0
      vertex -3.53569 -10.4163 0
      vertex -3.79988 -13.9917 0
    endloop
  endfacet
  facet normal 0 0 -1
    outer loop
      vertex -3.70505 -14.0171 0
      vertex -3.79988 -13.9917 0
      vertex -2.84711 -10.6252 0
    endloop
  endfacet
  facet normal 0 0 -1
    outer loop
      vertex -2.87666 -14.2102 0
      vertex -3.70505 -14.0171 0
      vertex -2.84711 -10.6252 0
    endloop
  endfacet
  facet normal -0 0 -1
    outer loop
      vertex -2.1459 -10.7887 0
      vertex -2.87666 -14.2102 0
      vertex -2.84711 -10.6252 0
    endloop
  endfacet
  facet normal 0 0 -1
    outer loop
      vertex -2.1459 -10.7887 0
      vertex -2.7804 -14.2294 0
      vertex -2.87666 -14.2102 0
    endloop
  endfacet
  facet normal 0 0 -1
    outer loop
      vertex -1.8438 -14.3808 0
      vertex -1.43591 -10.9059 0
      vertex -0.719254 -10.9765 0
    endloop
  endfacet
  facet normal 0 0 -1
    outer loop
      vertex -0.997055 -14.4642 0
      vertex -0.719254 -10.9765 0
      vertex -0.899109 -14.4706 0
    endloop
  endfacet
  facet normal 0 0 -1
    outer loop
      vertex -0.899109 -14.4706 0
      vertex -0.719254 -10.9765 0
      vertex 0 -11 0
    endloop
  endfacet
  facet normal 0 0 -1
    outer loop
      vertex -0.997055 -14.4642 0
      vertex -1.8438 -14.3808 0
      vertex -0.719254 -10.9765 0
    endloop
  endfacet
  facet normal 0 0 -1
    outer loop
      vertex 0 -11 0
      vertex -0.0490875 -14.4984 0
      vertex -0.899109 -14.4706 0
    endloop
  endfacet
  facet normal 0 -0 -1
    outer loop
      vertex 0 -11 0
      vertex 0.0490875 -14.4984 0
      vertex -0.0490875 -14.4984 0
    endloop
  endfacet
  facet normal 0 0 -1
    outer loop
      vertex -7.29173 -12.5314 0
      vertex -8.01405 -12.0822 0
      vertex -5.50005 -9.52625 0
    endloop
  endfacet
  facet normal 0 0 -1
    outer loop
      vertex -7.20671 -12.5805 0
      vertex -7.29173 -12.5314 0
      vertex -5.50005 -9.52625 0
    endloop
  endfacet
  facet normal 0 -0 -1
    outer loop
      vertex -6.11128 -9.14615 0
      vertex -5.50005 -9.52625 0
      vertex -8.01405 -12.0822 0
    endloop
  endfacet
  facet normal 0 0 -1
    outer loop
      vertex -8.09566 -12.0277 0
      vertex -6.11128 -9.14615 0
      vertex -8.01405 -12.0822 0
    endloop
  endfacet
  facet normal 0 0 -1
    outer loop
      vertex -8.09566 -12.0277 0
      vertex -6.69629 -8.72693 0
      vertex -6.11128 -9.14615 0
    endloop
  endfacet
  facet normal 0 0 -1
    outer loop
      vertex -8.09566 -12.0277 0
      vertex -8.78717 -11.5322 0
      vertex -6.69629 -8.72693 0
    endloop
  endfacet
  facet normal 0 0 -1
    outer loop
      vertex -6.69629 -8.72693 0
      vertex -8.78717 -11.5322 0
      vertex -8.86505 -11.4724 0
    endloop
  endfacet
  facet normal 0 -0 -1
    outer loop
      vertex -7.25278 -8.27023 0
      vertex -6.69629 -8.72693 0
      vertex -8.86505 -11.4724 0
    endloop
  endfacet
  facet normal 0 0 -1
    outer loop
      vertex -9.52257 -10.9328 0
      vertex -7.25278 -8.27023 0
      vertex -8.86505 -11.4724 0
    endloop
  endfacet
  facet normal 0 0 -1
    outer loop
      vertex -9.59636 -10.8681 0
      vertex -7.77817 -7.77817 0
      vertex -7.25278 -8.27023 0
    endloop
  endfacet
  facet normal 0 0 -1
    outer loop
      vertex -9.59636 -10.8681 0
      vertex -10.2172 -10.2866 0
      vertex -7.77817 -7.77817 0
    endloop
  endfacet
  facet normal 0 0 -1
    outer loop
      vertex -7.77817 -7.77817 0
      vertex -10.2172 -10.2866 0
      vertex -10.2866 -10.2172 0
    endloop
  endfacet
  facet normal 0 0 -1
    outer loop
      vertex -10.3314 -10.1694 0
      vertex -7.77817 -7.77817 0
      vertex -10.2866 -10.2172 0
    endloop
  endfacet
  facet normal 0 0 -1
    outer loop
      vertex -10.3314 -10.1694 0
      vertex -8.27023 -7.25278 0
      vertex -7.77817 -7.77817 0
    endloop
  endfacet
  facet normal 0 0 -1
    outer loop
      vertex -10.3314 -10.1694 0
      vertex -8.72693 -6.69629 0
      vertex -8.27023 -7.25278 0
    endloop
  endfacet
  facet normal -0 0 -1
    outer loop
      vertex -9.52625 -5.50005 0
      vertex -10.3314 -10.1694 0
      vertex -9.86562 -4.8651 0
    endloop
  endfacet
  facet normal -0 0 -1
    outer loop
      vertex -9.86562 -4.8651 0
      vertex -10.3314 -10.1694 0
      vertex -10.1626 -4.20953 0
    endloop
  endfacet
  facet normal -0 0 -1
    outer loop
      vertex -10.1626 -4.20953 0
      vertex -10.3314 -10.1694 0
      vertex -10.4163 -3.53569 0
    endloop
  endfacet
  facet normal -0 -0 -1
    outer loop
      vertex -10.4163 -3.53569 0
      vertex -10.3314 -10.1694 0
      vertex -10.6252 -2.84711 0
    endloop
  endfacet
  facet normal 0 -0 -1
    outer loop
      vertex -10.6252 -2.84711 0
      vertex -10.3314 -10.1694 0
      vertex -38.9708 -10.3498 0
    endloop
  endfacet
  facet normal 0 -0 -1
    outer loop
      vertex -10.7887 -2.1459 0
      vertex -10.6252 -2.84711 0
      vertex -38.9708 -10.3498 0
    endloop
  endfacet
  facet normal 0 -0 -1
    outer loop
      vertex -10.9059 -1.43591 0
      vertex -10.7887 -2.1459 0
      vertex -38.9708 -10.3498 0
    endloop
  endfacet
  facet normal 0 0 -1
    outer loop
      vertex -40.5322 1.4512 0
      vertex -10.9059 -1.43591 0
      vertex -38.9708 -10.3498 0
    endloop
  endfacet
  facet normal 0 0 -1
    outer loop
      vertex -40.5322 1.4512 0
      vertex -10.9765 -0.719254 0
      vertex -10.9059 -1.43591 0
    endloop
  endfacet
  facet normal 0 0 -1
    outer loop
      vertex -40.5322 1.4512 0
      vertex -11 0 0
      vertex -10.9765 -0.719254 0
    endloop
  endfacet
  facet normal 0 0 -1
    outer loop
      vertex -40.5322 1.4512 0
      vertex -10.9393 9.51471 0
      vertex -10.7887 2.1459 0
    endloop
  endfacet
  facet normal 0 0 -1
    outer loop
      vertex -40.5322 1.4512 0
      vertex -10.7887 2.1459 0
      vertex -10.9059 1.43591 0
    endloop
  endfacet
  facet normal -0 0 -1
    outer loop
      vertex -10.1626 4.20953 0
      vertex -10.4163 3.53569 0
      vertex -10.9393 9.51471 0
    endloop
  endfacet
  facet normal -0 0 -1
    outer loop
      vertex -10.4163 3.53569 0
      vertex -10.6252 2.84711 0
      vertex -10.9393 9.51471 0
    endloop
  endfacet
  facet normal 0 0 -1
    outer loop
      vertex -9.86562 4.8651 0
      vertex -10.9393 9.51471 0
      vertex -9.52625 5.50005 0
    endloop
  endfacet
  facet normal -0 0 -1
    outer loop
      vertex -8.27023 7.25278 0
      vertex -8.72693 6.69629 0
      vertex -10.9393 9.51471 0
    endloop
  endfacet
  facet normal 0 0 -1
    outer loop
      vertex -7.77817 7.77817 0
      vertex -10.8681 9.59633 0
      vertex -10.2866 10.2172 0
    endloop
  endfacet
  facet normal -0 0 -1
    outer loop
      vertex -7.25278 8.27023 0
      vertex -7.77817 7.77817 0
      vertex -9.59634 10.8681 0
    endloop
  endfacet
  facet normal 0 0 -1
    outer loop
      vertex -6.69629 8.72693 0
      vertex -8.86505 11.4724 0
      vertex -8.78717 11.5322 0
    endloop
  endfacet
  facet normal 0 0 -1
    outer loop
      vertex -7.25278 8.27023 0
      vertex -8.86505 11.4724 0
      vertex -6.69629 8.72693 0
    endloop
  endfacet
  facet normal -0 0 -1
    outer loop
      vertex -6.11128 9.14615 0
      vertex -6.69629 8.72693 0
      vertex -8.09566 12.0277 0
    endloop
  endfacet
  facet normal 0 0 -1
    outer loop
      vertex -5.50005 9.52625 0
      vertex -8.01405 12.0822 0
      vertex -7.29173 12.5314 0
    endloop
  endfacet
  facet normal -0 0 -1
    outer loop
      vertex -4.8651 9.86562 0
      vertex -5.50005 9.52625 0
      vertex -6.4565 12.9815 0
    endloop
  endfacet
  facet normal -0 0 -1
    outer loop
      vertex -4.20953 10.1626 0
      vertex -4.8651 9.86562 0
      vertex -5.5936 13.376 0
    endloop
  endfacet
  facet normal -0 0 -1
    outer loop
      vertex -3.53569 10.4163 0
      vertex -4.20953 10.1626 0
      vertex -4.7068 13.7132 0
    endloop
  endfacet
  facet normal 0 0 -1
    outer loop
      vertex -2.84711 10.6252 0
      vertex -3.79988 13.9917 0
      vertex -3.70505 14.0171 0
    endloop
  endfacet
  facet normal 0 0 -1
    outer loop
      vertex -3.53569 10.4163 0
      vertex -3.79988 13.9917 0
      vertex -2.84711 10.6252 0
    endloop
  endfacet
  facet normal -0 0 -1
    outer loop
      vertex -2.1459 10.7887 0
      vertex -2.84711 10.6252 0
      vertex -2.87666 14.2102 0
    endloop
  endfacet
  facet normal -0 0 -1
    outer loop
      vertex -1.43591 10.9059 0
      vertex -2.1459 10.7887 0
      vertex -1.9411 14.3679 0
    endloop
  endfacet
  facet normal 0 0 -1
    outer loop
      vertex -0.719254 10.9765 0
      vertex -1.8438 14.3808 0
      vertex -0.997055 14.4642 0
    endloop
  endfacet
  facet normal 0 0 -1
    outer loop
      vertex 0 11 0
      vertex -0.0490875 14.4984 0
      vertex 0.0490875 14.4984 0
    endloop
  endfacet
  facet normal 0 0 -1
    outer loop
      vertex -0.899109 14.4706 0
      vertex -0.0490875 14.4984 0
      vertex 0 11 0
    endloop
  endfacet
  facet normal 0 0 -1
    outer loop
      vertex 0.719254 10.9765 0
      vertex 0 11 0
      vertex 0.899109 14.4706 0
    endloop
  endfacet
  facet normal 0 0 -1
    outer loop
      vertex 1.43591 10.9059 0
      vertex 1.8438 14.3808 0
      vertex 1.9411 14.3679 0
    endloop
  endfacet
  facet normal 0 0 -1
    outer loop
      vertex 0.719254 10.9765 0
      vertex 1.8438 14.3808 0
      vertex 1.43591 10.9059 0
    endloop
  endfacet
  facet normal 0 0 -1
    outer loop
      vertex 2.1459 10.7887 0
      vertex 1.9411 14.3679 0
      vertex 2.7804 14.2294 0
    endloop
  endfacet
  facet normal 0 0 -1
    outer loop
      vertex 2.84711 10.6252 0
      vertex 2.87666 14.2102 0
      vertex 3.70505 14.0171 0
    endloop
  endfacet
  facet normal 0 0 -1
    outer loop
      vertex 3.53569 10.4163 0
      vertex 4.61388 13.7447 0
      vertex 4.7068 13.7132 0
    endloop
  endfacet
  facet normal 0 -0 -1
    outer loop
      vertex 3.79988 13.9917 0
      vertex 4.61388 13.7447 0
      vertex 3.53569 10.4163 0
    endloop
  endfacet
  facet normal 0 0 -1
    outer loop
      vertex 4.20953 10.1626 0
      vertex 4.7068 13.7132 0
      vertex 5.5029 13.4136 0
    endloop
  endfacet
  facet normal 0 0 -1
    outer loop
      vertex 4.8651 9.86562 0
      vertex 6.36847 13.0249 0
      vertex 6.4565 12.9815 0
    endloop
  endfacet
  facet normal 0 -0 -1
    outer loop
      vertex 5.5936 13.376 0
      vertex 6.36847 13.0249 0
      vertex 4.8651 9.86562 0
    endloop
  endfacet
  facet normal 0 -0 -1
    outer loop
      vertex 7.20671 12.5805 0
      vertex 7.29173 12.5314 0
      vertex 5.50005 9.52625 0
    endloop
  endfacet
  facet normal 0 -0 -1
    outer loop
      vertex 8.01405 12.0822 0
      vertex 8.09566 12.0277 0
      vertex 6.11128 9.14615 0
    endloop
  endfacet
  facet normal 0 -0 -1
    outer loop
      vertex 8.09566 12.0277 0
      vertex 8.78717 11.5322 0
      vertex 6.69629 8.72693 0
    endloop
  endfacet
  facet normal 0 0 -1
    outer loop
      vertex 6.69629 8.72693 0
      vertex 8.78717 11.5322 0
      vertex 8.86505 11.4724 0
    endloop
  endfacet
  facet normal 0 0 -1
    outer loop
      vertex 7.25278 8.27023 0
      vertex 6.69629 8.72693 0
      vertex 8.86505 11.4724 0
    endloop
  endfacet
  facet normal -0 0 -1
    outer loop
      vertex 9.52257 10.9328 0
      vertex 7.25278 8.27023 0
      vertex 8.86505 11.4724 0
    endloop
  endfacet
  facet normal 0 -0 -1
    outer loop
      vertex 9.52257 10.9328 0
      vertex 9.59634 10.8681 0
      vertex 7.25278 8.27023 0
    endloop
  endfacet
  facet normal 0 0 -1
    outer loop
      vertex 7.25278 8.27023 0
      vertex 9.59634 10.8681 0
      vertex 7.77817 7.77817 0
    endloop
  endfacet
  facet normal 0 0 -1
    outer loop
      vertex 7.77817 7.77817 0
      vertex 9.59634 10.8681 0
      vertex 10.2172 10.2866 0
    endloop
  endfacet
  facet normal -0 0 -1
    outer loop
      vertex 10.2866 10.2172 0
      vertex 7.77817 7.77817 0
      vertex 10.2172 10.2866 0
    endloop
  endfacet
  facet normal 0 -0 -1
    outer loop
      vertex 10.2866 10.2172 0
      vertex 10.8681 9.59633 0
      vertex 7.77817 7.77817 0
    endloop
  endfacet
  facet normal 0 0 -1
    outer loop
      vertex 7.77817 7.77817 0
      vertex 10.8681 9.59633 0
      vertex 8.27023 7.25278 0
    endloop
  endfacet
  facet normal 0 0 -1
    outer loop
      vertex 8.27023 7.25278 0
      vertex 10.8681 9.59633 0
      vertex 10.9393 9.51471 0
    endloop
  endfacet
  facet normal 0 0 -1
    outer loop
      vertex 8.72693 6.69629 0
      vertex 8.27023 7.25278 0
      vertex 10.9393 9.51471 0
    endloop
  endfacet
  facet normal 0 0 -1
    outer loop
      vertex 9.14615 6.11128 0
      vertex 8.72693 6.69629 0
      vertex 10.9393 9.51471 0
    endloop
  endfacet
  facet normal 0 0 -1
    outer loop
      vertex 9.52625 5.50005 0
      vertex 10.9393 9.51471 0
      vertex 9.86562 4.8651 0
    endloop
  endfacet
  facet normal 0 0 -1
    outer loop
      vertex 9.86562 4.8651 0
      vertex 10.9393 9.51471 0
      vertex 10.1626 4.20953 0
    endloop
  endfacet
  facet normal 0 0 -1
    outer loop
      vertex 10.1626 4.20953 0
      vertex 10.9393 9.51471 0
      vertex 10.4163 3.53569 0
    endloop
  endfacet
  facet normal 0 0 -1
    outer loop
      vertex 10.9393 9.51471 0
      vertex 10.7887 2.1459 0
      vertex 10.6252 2.84711 0
    endloop
  endfacet
  facet normal 0 -0 -1
    outer loop
      vertex 10.9393 9.51471 0
      vertex 40.5322 1.4512 0
      vertex 10.7887 2.1459 0
    endloop
  endfacet
  facet normal 0 0 -1
    outer loop
      vertex 10.7887 2.1459 0
      vertex 40.5322 1.4512 0
      vertex 10.9059 1.43591 0
    endloop
  endfacet
  facet normal 0 0 -1
    outer loop
      vertex 10.9059 1.43591 0
      vertex 40.5322 1.4512 0
      vertex 10.9765 0.719254 0
    endloop
  endfacet
  facet normal 0 0 -1
    outer loop
      vertex 10.9765 0.719254 0
      vertex 40.5322 1.4512 0
      vertex 11 0 0
    endloop
  endfacet
  facet normal 0 -0 -1
    outer loop
      vertex 11 0 0
      vertex 40.5322 1.4512 0
      vertex 10.9765 -0.719254 0
    endloop
  endfacet
  facet normal 0 0 -1
    outer loop
      vertex 10.9059 -1.43591 0
      vertex 40.5322 1.4512 0
      vertex 38.9708 -10.3498 0
    endloop
  endfacet
  facet normal 0 -0 -1
    outer loop
      vertex 10.9765 -0.719254 0
      vertex 40.5322 1.4512 0
      vertex 10.9059 -1.43591 0
    endloop
  endfacet
  facet normal 0 0 -1
    outer loop
      vertex 38.9708 -10.3498 0
      vertex 10.6252 -2.84711 0
      vertex 10.7887 -2.1459 0
    endloop
  endfacet
  facet normal 0 0 -1
    outer loop
      vertex 10.3314 -10.1694 0
      vertex 10.4163 -3.53569 0
      vertex 10.6252 -2.84711 0
    endloop
  endfacet
  facet normal 0 -0 -1
    outer loop
      vertex 9.86562 -4.8651 0
      vertex 10.3314 -10.1694 0
      vertex 9.52625 -5.50005 0
    endloop
  endfacet
  facet normal 0 0 -1
    outer loop
      vertex 8.27023 -7.25278 0
      vertex 8.72693 -6.69629 0
      vertex 10.3314 -10.1694 0
    endloop
  endfacet
  facet normal 0 0 -1
    outer loop
      vertex 7.77817 -7.77817 0
      vertex 8.27023 -7.25278 0
      vertex 10.3314 -10.1694 0
    endloop
  endfacet
  facet normal 0 0 -1
    outer loop
      vertex 10.2172 -10.2866 0
      vertex 7.77817 -7.77817 0
      vertex 10.2866 -10.2172 0
    endloop
  endfacet
  facet normal 0 0 -1
    outer loop
      vertex 9.59636 -10.8681 0
      vertex 7.25278 -8.27023 0
      vertex 7.77817 -7.77817 0
    endloop
  endfacet
  facet normal 0 0 -1
    outer loop
      vertex 8.86505 -11.4724 0
      vertex 6.69629 -8.72693 0
      vertex 7.25278 -8.27023 0
    endloop
  endfacet
  facet normal -0 0 -1
    outer loop
      vertex 8.78717 -11.5322 0
      vertex 8.09566 -12.0277 0
      vertex 6.69629 -8.72693 0
    endloop
  endfacet
  facet normal 0 -0 -1
    outer loop
      vertex 6.69629 -8.72693 0
      vertex 8.09566 -12.0277 0
      vertex 6.11128 -9.14615 0
    endloop
  endfacet
  facet normal 0 -0 -1
    outer loop
      vertex 6.11128 -9.14615 0
      vertex 8.01405 -12.0822 0
      vertex 5.50005 -9.52625 0
    endloop
  endfacet
  facet normal 0 0 -1
    outer loop
      vertex 5.50005 -9.52625 0
      vertex 7.20671 -12.5805 0
      vertex 6.4565 -12.9815 0
    endloop
  endfacet
  facet normal 0 0 -1
    outer loop
      vertex 4.8651 -9.86562 0
      vertex 6.4565 -12.9815 0
      vertex 6.36847 -13.0249 0
    endloop
  endfacet
  facet normal 0 0 -1
    outer loop
      vertex 4.20953 -10.1626 0
      vertex 4.8651 -9.86562 0
      vertex 5.5936 -13.376 0
    endloop
  endfacet
  facet normal 0 0 -1
    outer loop
      vertex 5.5029 -13.4136 0
      vertex 4.20953 -10.1626 0
      vertex 5.5936 -13.376 0
    endloop
  endfacet
  facet normal 0 0 -1
    outer loop
      vertex 4.61388 -13.7447 0
      vertex 3.53569 -10.4163 0
      vertex 4.7068 -13.7132 0
    endloop
  endfacet
  facet normal 0 0 -1
    outer loop
      vertex 3.79988 -13.9917 0
      vertex 2.84711 -10.6252 0
      vertex 3.53569 -10.4163 0
    endloop
  endfacet
  facet normal -0 0 -1
    outer loop
      vertex 3.79988 -13.9917 0
      vertex 3.70505 -14.0171 0
      vertex 2.84711 -10.6252 0
    endloop
  endfacet
  facet normal -0 0 -1
    outer loop
      vertex 2.87666 -14.2102 0
      vertex 2.7804 -14.2294 0
      vertex 2.1459 -10.7887 0
    endloop
  endfacet
  facet normal 0 -0 -1
    outer loop
      vertex 2.1459 -10.7887 0
      vertex 2.7804 -14.2294 0
      vertex 1.9411 -14.3679 0
    endloop
  endfacet
  facet normal 0 0 -1
    outer loop
      vertex 1.43591 -10.9059 0
      vertex 1.9411 -14.3679 0
      vertex 1.8438 -14.3808 0
    endloop
  endfacet
  facet normal 0 0 -1
    outer loop
      vertex 0 -11 0
      vertex 0.719254 -10.9765 0
      vertex 0.899109 -14.4706 0
    endloop
  endfacet
  facet normal 0 0 -1
    outer loop
      vertex 0.719254 -10.9765 0
      vertex 1.8438 -14.3808 0
      vertex 0.997055 -14.4642 0
    endloop
  endfacet
  facet normal 0 0 1
    outer loop
      vertex 1.8438 -14.3808 5
      vertex 1.43591 -10.9059 5
      vertex 0.719254 -10.9765 5
    endloop
  endfacet
  facet normal 0 0 1
    outer loop
      vertex 7.25278 -8.27023 5
      vertex 8.86505 -11.4724 5
      vertex 9.52257 -10.9328 5
    endloop
  endfacet
  facet normal -0 0 1
    outer loop
      vertex 1.43591 -10.9059 5
      vertex 1.9411 -14.3679 5
      vertex 2.1459 -10.7887 5
    endloop
  endfacet
  facet normal 0 -0 1
    outer loop
      vertex 3.79988 -13.9917 5
      vertex 4.61388 -13.7447 5
      vertex 3.53569 -10.4163 5
    endloop
  endfacet
  facet normal 0 0 1
    outer loop
      vertex 6.36847 -13.0249 5
      vertex 4.8651 -9.86562 5
      vertex 5.5936 -13.376 5
    endloop
  endfacet
  facet normal -0 0 1
    outer loop
      vertex 3.53569 -10.4163 5
      vertex 4.7068 -13.7132 5
      vertex 4.20953 -10.1626 5
    endloop
  endfacet
  facet normal 0 0 1
    outer loop
      vertex 5.5029 -13.4136 5
      vertex 4.20953 -10.1626 5
      vertex 4.7068 -13.7132 5
    endloop
  endfacet
  facet normal 0 0 1
    outer loop
      vertex 6.11128 -9.14615 5
      vertex 8.01405 -12.0822 5
      vertex 8.09566 -12.0277 5
    endloop
  endfacet
  facet normal 0 0 1
    outer loop
      vertex 7.29173 -12.5314 5
      vertex 5.50005 -9.52625 5
      vertex 7.20671 -12.5805 5
    endloop
  endfacet
  facet normal 0 0 1
    outer loop
      vertex 8.86505 -11.4724 5
      vertex 6.69629 -8.72693 5
      vertex 8.78717 -11.5322 5
    endloop
  endfacet
  facet normal 0 -0 1
    outer loop
      vertex 7.29173 -12.5314 5
      vertex 8.01405 -12.0822 5
      vertex 5.50005 -9.52625 5
    endloop
  endfacet
  facet normal 0 0 1
    outer loop
      vertex 5.50005 -9.52625 5
      vertex 4.8651 -9.86562 5
      vertex 6.4565 -12.9815 5
    endloop
  endfacet
  facet normal 0 0 1
    outer loop
      vertex 38.9708 -10.3498 5
      vertex 10.9059 -1.43591 5
      vertex 10.7887 -2.1459 5
    endloop
  endfacet
  facet normal -0 0 1
    outer loop
      vertex 9.86562 -4.8651 5
      vertex 10.3314 -10.1694 5
      vertex 10.1626 -4.20953 5
    endloop
  endfacet
  facet normal 0 -0 1
    outer loop
      vertex 9.59636 -10.8681 5
      vertex 10.2172 -10.2866 5
      vertex 7.77817 -7.77817 5
    endloop
  endfacet
  facet normal 0 0 1
    outer loop
      vertex 7.77817 -7.77817 5
      vertex 10.2866 -10.2172 5
      vertex 10.3314 -10.1694 5
    endloop
  endfacet
  facet normal 0 -0 1
    outer loop
      vertex 10.3314 -10.1694 5
      vertex 10.4163 -3.53569 5
      vertex 10.1626 -4.20953 5
    endloop
  endfacet
  facet normal 0 0 1
    outer loop
      vertex 9.52625 -5.50005 5
      vertex 9.14615 -6.11128 5
      vertex 10.3314 -10.1694 5
    endloop
  endfacet
  facet normal 0 0 1
    outer loop
      vertex 10.6252 -2.84711 5
      vertex 10.3314 -10.1694 5
      vertex 38.9708 -10.3498 5
    endloop
  endfacet
  facet normal 0 0 1
    outer loop
      vertex 7.25278 -8.27023 5
      vertex 9.52257 -10.9328 5
      vertex 9.59636 -10.8681 5
    endloop
  endfacet
  facet normal 0 0 1
    outer loop
      vertex 3.70505 -14.0171 5
      vertex 2.84711 -10.6252 5
      vertex 2.87666 -14.2102 5
    endloop
  endfacet
  facet normal 0 0 1
    outer loop
      vertex 2.84711 -10.6252 5
      vertex 2.1459 -10.7887 5
      vertex 2.87666 -14.2102 5
    endloop
  endfacet
  facet normal -0 0 1
    outer loop
      vertex 8.72693 -6.69629 5
      vertex 10.3314 -10.1694 5
      vertex 9.14615 -6.11128 5
    endloop
  endfacet
  facet normal 0 0 1
    outer loop
      vertex 0.997055 -14.4642 5
      vertex 0.719254 -10.9765 5
      vertex 0.899109 -14.4706 5
    endloop
  endfacet
  facet normal 0 0 1
    outer loop
      vertex 39.7345 -10.3034 5
      vertex 39.3432 -10.3388 5
      vertex 39.4412 -10.3323 5
    endloop
  endfacet
  facet normal 0 0 1
    outer loop
      vertex 39.8316 -10.2906 5
      vertex 40.1219 -10.2428 5
      vertex 40.2183 -10.2236 5
    endloop
  endfacet
  facet normal 0 0 1
    outer loop
      vertex 39.8316 -10.2906 5
      vertex 40.2183 -10.2236 5
      vertex 40.505 -10.1567 5
    endloop
  endfacet
  facet normal 0 0 1
    outer loop
      vertex 39.8316 -10.2906 5
      vertex 40.505 -10.1567 5
      vertex 40.5998 -10.1313 5
    endloop
  endfacet
  facet normal 0 -0 1
    outer loop
      vertex 39.8316 -10.2906 5
      vertex 40.5998 -10.1313 5
      vertex 39.7345 -10.3034 5
    endloop
  endfacet
  facet normal 0 -0 1
    outer loop
      vertex 40.5998 -10.1313 5
      vertex 40.8818 -10.0458 5
      vertex 39.7345 -10.3034 5
    endloop
  endfacet
  facet normal 0 0 1
    outer loop
      vertex 40.8818 -10.0458 5
      vertex 41.3408 -9.87303 5
      vertex 41.697 -9.7081 5
    endloop
  endfacet
  facet normal 0 -0 1
    outer loop
      vertex 40.9747 -10.0142 5
      vertex 41.2501 -9.9106 5
      vertex 40.8818 -10.0458 5
    endloop
  endfacet
  facet normal 0 -0 1
    outer loop
      vertex 41.2501 -9.9106 5
      vertex 41.3408 -9.87303 5
      vertex 40.8818 -10.0458 5
    endloop
  endfacet
  facet normal 0 0 1
    outer loop
      vertex 41.3408 -9.87303 5
      vertex 41.6089 -9.75154 5
      vertex 41.697 -9.7081 5
    endloop
  endfacet
  facet normal 0 0 1
    outer loop
      vertex 40.8818 -10.0458 5
      vertex 41.697 -9.7081 5
      vertex 41.9567 -9.56926 5
    endloop
  endfacet
  facet normal 0 0 1
    outer loop
      vertex 42.6905 0.378967 5
      vertex 41.9567 0.869263 5
      vertex 42.9181 0.192169 5
    endloop
  endfacet
  facet normal 0 0 1
    outer loop
      vertex 41.9567 -9.56926 5
      vertex 42.3735 -9.31009 5
      vertex 42.6904 -9.07901 5
    endloop
  endfacet
  facet normal 0 -0 1
    outer loop
      vertex 42.0417 -9.52022 5
      vertex 42.2918 -9.36467 5
      vertex 41.9567 -9.56926 5
    endloop
  endfacet
  facet normal 0 -0 1
    outer loop
      vertex 42.2918 -9.36467 5
      vertex 42.3735 -9.31009 5
      vertex 41.9567 -9.56926 5
    endloop
  endfacet
  facet normal 0 0 1
    outer loop
      vertex 42.3735 -9.31009 5
      vertex 42.6127 -9.1387 5
      vertex 42.6904 -9.07901 5
    endloop
  endfacet
  facet normal 0 0 1
    outer loop
      vertex 44.8067 -5.85524 5
      vertex 44.8736 -5.56831 5
      vertex 44.9535 -5.08432 5
    endloop
  endfacet
  facet normal 0 0 1
    outer loop
      vertex 42.6904 -9.07901 5
      vertex 42.9181 -8.89215 5
      vertex 43.4774 -8.34196 5
    endloop
  endfacet
  facet normal 0 0 1
    outer loop
      vertex 42.9181 -8.89215 5
      vertex 43.2068 -8.62622 5
      vertex 43.2762 -8.55681 5
    endloop
  endfacet
  facet normal 0 -0 1
    outer loop
      vertex 42.992 -8.82739 5
      vertex 43.2068 -8.62622 5
      vertex 42.9181 -8.89215 5
    endloop
  endfacet
  facet normal 0 0 1
    outer loop
      vertex 42.9181 -8.89215 5
      vertex 43.2762 -8.55681 5
      vertex 43.4774 -8.34196 5
    endloop
  endfacet
  facet normal 0 -0 1
    outer loop
      vertex 44.2194 -7.30647 5
      vertex 44.4014 -6.95918 5
      vertex 44.1703 -7.39149 5
    endloop
  endfacet
  facet normal 0 0 1
    outer loop
      vertex 44.4014 -6.95918 5
      vertex 43.9601 -7.7235 5
      vertex 44.1703 -7.39149 5
    endloop
  endfacet
  facet normal 0 -0 1
    outer loop
      vertex 43.5421 -8.26823 5
      vertex 43.9601 -7.7235 5
      vertex 43.4774 -8.34196 5
    endloop
  endfacet
  facet normal 0 -0 1
    outer loop
      vertex 43.729 -8.04042 5
      vertex 43.7889 -7.96246 5
      vertex 43.5421 -8.26823 5
    endloop
  endfacet
  facet normal 0 -0 1
    outer loop
      vertex 43.7889 -7.96246 5
      vertex 43.9601 -7.7235 5
      vertex 43.5421 -8.26823 5
    endloop
  endfacet
  facet normal 0 0 1
    outer loop
      vertex 44.4014 -6.95918 5
      vertex 43.4774 -8.34196 5
      vertex 43.9601 -7.7235 5
    endloop
  endfacet
  facet normal 0 -0 1
    outer loop
      vertex 44.0146 -7.64189 5
      vertex 44.1703 -7.39149 5
      vertex 43.9601 -7.7235 5
    endloop
  endfacet
  facet normal 0 0 1
    outer loop
      vertex 42.6904 -9.07901 5
      vertex 43.4774 -8.34196 5
      vertex 44.4014 -6.95918 5
    endloop
  endfacet
  facet normal 0 0 1
    outer loop
      vertex 44.2194 -7.30647 5
      vertex 44.358 -7.0471 5
      vertex 44.4014 -6.95918 5
    endloop
  endfacet
  facet normal 0 -0 1
    outer loop
      vertex 44.8067 -5.85524 5
      vertex 44.9535 -5.08432 5
      vertex 44.4014 -6.95918 5
    endloop
  endfacet
  facet normal 0 0 1
    outer loop
      vertex 44.4014 -6.95918 5
      vertex 44.523 -6.69086 5
      vertex 44.8067 -5.85524 5
    endloop
  endfacet
  facet normal 0 0 1
    outer loop
      vertex 44.523 -6.69086 5
      vertex 44.5606 -6.6001 5
      vertex 44.6643 -6.32454 5
    endloop
  endfacet
  facet normal 0 0 1
    outer loop
      vertex 44.8067 -5.85524 5
      vertex 44.6643 -6.32454 5
      vertex 44.6959 -6.23154 5
    endloop
  endfacet
  facet normal 0 0 1
    outer loop
      vertex 44.8067 -5.85524 5
      vertex 44.6959 -6.23154 5
      vertex 44.7813 -5.94997 5
    endloop
  endfacet
  facet normal 0 0 1
    outer loop
      vertex 44.523 -6.69086 5
      vertex 44.6643 -6.32454 5
      vertex 44.8067 -5.85524 5
    endloop
  endfacet
  facet normal 0 0 1
    outer loop
      vertex 44.9535 -5.08432 5
      vertex 42.6904 -9.07901 5
      vertex 44.4014 -6.95918 5
    endloop
  endfacet
  facet normal 0 0 1
    outer loop
      vertex 44.9535 -5.08432 5
      vertex 44.8736 -5.56831 5
      vertex 44.9407 -5.1815 5
    endloop
  endfacet
  facet normal 0 0 1
    outer loop
      vertex 43.2068 -0.0738068 5
      vertex 44.4014 -1.7408 5
      vertex 43.5421 -0.431747 5
    endloop
  endfacet
  facet normal 0 -0 1
    outer loop
      vertex 44.8927 -5.47191 5
      vertex 44.9407 -5.1815 5
      vertex 44.8736 -5.56831 5
    endloop
  endfacet
  facet normal 0 0 1
    outer loop
      vertex 42.9919 0.127457 5
      vertex 44.4014 -1.7408 5
      vertex 43.2068 -0.0738068 5
    endloop
  endfacet
  facet normal 0 0 1
    outer loop
      vertex 44.9823 -3.90871 5
      vertex 44.9823 -4.79128 5
      vertex 44.9888 -4.69334 5
    endloop
  endfacet
  facet normal 0 0 1
    outer loop
      vertex 44.9535 -3.61566 5
      vertex 44.9823 -4.79128 5
      vertex 44.9823 -3.90871 5
    endloop
  endfacet
  facet normal 0 0 1
    outer loop
      vertex 44.9888 -4.00664 5
      vertex 44.9984 -4.39912 5
      vertex 44.9984 -4.30086 5
    endloop
  endfacet
  facet normal 0 0 1
    outer loop
      vertex 44.9888 -4.69334 5
      vertex 44.9984 -4.39912 5
      vertex 44.9888 -4.00664 5
    endloop
  endfacet
  facet normal 0 -0 1
    outer loop
      vertex 44.9888 -4.69334 5
      vertex 44.9888 -4.00664 5
      vertex 44.9823 -3.90871 5
    endloop
  endfacet
  facet normal 0 0 1
    outer loop
      vertex 44.9535 -5.08432 5
      vertex 44.9823 -4.79128 5
      vertex 44.9535 -3.61566 5
    endloop
  endfacet
  facet normal 0 0 1
    outer loop
      vertex 42.9181 0.192169 5
      vertex 44.4014 -1.7408 5
      vertex 42.9919 0.127457 5
    endloop
  endfacet
  facet normal 0 0 1
    outer loop
      vertex 44.4014 -1.7408 5
      vertex 44.8067 -2.84474 5
      vertex 44.523 -2.00912 5
    endloop
  endfacet
  facet normal 0 0 1
    outer loop
      vertex 44.9407 -3.51848 5
      vertex 44.8927 -3.22807 5
      vertex 44.8736 -3.13167 5
    endloop
  endfacet
  facet normal 0 0 1
    outer loop
      vertex 44.9407 -3.51848 5
      vertex 44.8736 -3.13167 5
      vertex 44.9535 -3.61566 5
    endloop
  endfacet
  facet normal 0 0 1
    outer loop
      vertex 44.8736 -3.13167 5
      vertex 44.8067 -2.84474 5
      vertex 44.9535 -3.61566 5
    endloop
  endfacet
  facet normal 0 0 1
    outer loop
      vertex 44.8067 -2.84474 5
      vertex 44.6643 -2.37544 5
      vertex 44.523 -2.00912 5
    endloop
  endfacet
  facet normal 0 0 1
    outer loop
      vertex 44.7813 -2.75002 5
      vertex 44.6959 -2.46844 5
      vertex 44.8067 -2.84474 5
    endloop
  endfacet
  facet normal 0 0 1
    outer loop
      vertex 44.6959 -2.46844 5
      vertex 44.6643 -2.37544 5
      vertex 44.8067 -2.84474 5
    endloop
  endfacet
  facet normal 0 0 1
    outer loop
      vertex 44.6643 -2.37544 5
      vertex 44.5606 -2.09988 5
      vertex 44.523 -2.00912 5
    endloop
  endfacet
  facet normal 0 0 1
    outer loop
      vertex 44.9535 -3.61566 5
      vertex 44.8067 -2.84474 5
      vertex 44.4014 -1.7408 5
    endloop
  endfacet
  facet normal 0 0 1
    outer loop
      vertex 41.9567 0.869263 5
      vertex 44.4014 -1.7408 5
      vertex 42.9181 0.192169 5
    endloop
  endfacet
  facet normal 0 0 1
    outer loop
      vertex 43.9601 -0.976486 5
      vertex 44.1703 -1.30849 5
      vertex 44.0146 -1.05809 5
    endloop
  endfacet
  facet normal 0 0 1
    outer loop
      vertex 44.358 -1.65288 5
      vertex 44.2194 -1.39351 5
      vertex 44.4014 -1.7408 5
    endloop
  endfacet
  facet normal 0 0 1
    outer loop
      vertex 44.2194 -1.39351 5
      vertex 44.1703 -1.30849 5
      vertex 44.4014 -1.7408 5
    endloop
  endfacet
  facet normal 0 0 1
    outer loop
      vertex 44.4014 -1.7408 5
      vertex 44.1703 -1.30849 5
      vertex 43.9601 -0.976486 5
    endloop
  endfacet
  facet normal 0 0 1
    outer loop
      vertex 44.4014 -1.7408 5
      vertex 43.9601 -0.976486 5
      vertex 43.5421 -0.431747 5
    endloop
  endfacet
  facet normal 0 0 1
    outer loop
      vertex 43.5421 -0.431747 5
      vertex 43.7889 -0.737518 5
      vertex 43.729 -0.659561 5
    endloop
  endfacet
  facet normal 0 0 1
    outer loop
      vertex 43.9601 -0.976486 5
      vertex 43.7889 -0.737518 5
      vertex 43.5421 -0.431747 5
    endloop
  endfacet
  facet normal 0 0 1
    outer loop
      vertex 42.6127 0.438705 5
      vertex 41.9567 0.869263 5
      vertex 42.6905 0.378967 5
    endloop
  endfacet
  facet normal 0 0 1
    outer loop
      vertex 43.5421 -0.431747 5
      vertex 43.4774 -0.357986 5
      vertex 43.2068 -0.0738068 5
    endloop
  endfacet
  facet normal 0 0 1
    outer loop
      vertex 43.4774 -0.357986 5
      vertex 43.2762 -0.143204 5
      vertex 43.2068 -0.0738068 5
    endloop
  endfacet
  facet normal 0 0 1
    outer loop
      vertex 41.9567 0.869263 5
      vertex 44.9535 -3.61566 5
      vertex 44.4014 -1.7408 5
    endloop
  endfacet
  facet normal 0 -0 1
    outer loop
      vertex 44.9535 -5.08432 5
      vertex 44.9535 -3.61566 5
      vertex 41.9567 0.869263 5
    endloop
  endfacet
  facet normal 0 0 1
    outer loop
      vertex 44.9535 -5.08432 5
      vertex 41.9567 0.869263 5
      vertex 42.6904 -9.07901 5
    endloop
  endfacet
  facet normal 0 0 1
    outer loop
      vertex 41.9567 0.869263 5
      vertex 41.9567 -9.56926 5
      vertex 42.6904 -9.07901 5
    endloop
  endfacet
  facet normal 0 0 1
    outer loop
      vertex 41.9567 0.869263 5
      vertex 42.6127 0.438705 5
      vertex 42.3735 0.610107 5
    endloop
  endfacet
  facet normal 0 0 1
    outer loop
      vertex 41.9567 0.869263 5
      vertex 42.3735 0.610107 5
      vertex 42.0417 0.820221 5
    endloop
  endfacet
  facet normal 0 0 1
    outer loop
      vertex 40.8818 -10.0458 5
      vertex 41.9567 -9.56926 5
      vertex 41.9567 0.869263 5
    endloop
  endfacet
  facet normal 0 0 1
    outer loop
      vertex 42.2918 0.664673 5
      vertex 42.0417 0.820221 5
      vertex 42.3735 0.610107 5
    endloop
  endfacet
  facet normal 0 -0 1
    outer loop
      vertex 40.8818 -10.0458 5
      vertex 41.9567 0.869263 5
      vertex 39.7345 -10.3034 5
    endloop
  endfacet
  facet normal 0 0 1
    outer loop
      vertex 41.9567 0.869263 5
      vertex 40.9747 1.31424 5
      vertex 39.7345 -10.3034 5
    endloop
  endfacet
  facet normal 0 0 1
    outer loop
      vertex 41.697 1.0081 5
      vertex 41.3408 1.17303 5
      vertex 40.9747 1.31424 5
    endloop
  endfacet
  facet normal 0 0 1
    outer loop
      vertex 41.6089 1.05154 5
      vertex 41.3408 1.17303 5
      vertex 41.697 1.0081 5
    endloop
  endfacet
  facet normal 0 0 1
    outer loop
      vertex 41.697 1.0081 5
      vertex 40.9747 1.31424 5
      vertex 41.9567 0.869263 5
    endloop
  endfacet
  facet normal 0 0 1
    outer loop
      vertex 41.2501 1.21059 5
      vertex 40.9747 1.31424 5
      vertex 41.3408 1.17303 5
    endloop
  endfacet
  facet normal 0 0 1
    outer loop
      vertex 40.9747 1.31424 5
      vertex 39.3432 -10.3388 5
      vertex 39.7345 -10.3034 5
    endloop
  endfacet
  facet normal 0 0 1
    outer loop
      vertex 40.8817 1.34581 5
      vertex 39.3432 -10.3388 5
      vertex 40.9747 1.31424 5
    endloop
  endfacet
  facet normal 0 0 1
    outer loop
      vertex 39.0293 -10.349 5
      vertex 39.3432 -10.3388 5
      vertex 40.8817 1.34581 5
    endloop
  endfacet
  facet normal 0 0 1
    outer loop
      vertex 39.0293 -10.349 5
      vertex 40.8817 1.34581 5
      vertex 40.5732 1.43939 5
    endloop
  endfacet
  facet normal 0 -0 1
    outer loop
      vertex 39.0293 -10.349 5
      vertex 40.5732 1.43939 5
      vertex 38.9708 -10.3498 5
    endloop
  endfacet
  facet normal 0 0 1
    outer loop
      vertex 40.5732 1.43939 5
      vertex 40.5322 1.4512 5
      vertex 38.9708 -10.3498 5
    endloop
  endfacet
  facet normal 0 -0 1
    outer loop
      vertex 10.6252 2.84711 5
      vertex 10.9393 9.51471 5
      vertex 10.4163 3.53569 5
    endloop
  endfacet
  facet normal 0 0 1
    outer loop
      vertex 10.9393 9.51471 5
      vertex 9.14615 6.11128 5
      vertex 9.52625 5.50005 5
    endloop
  endfacet
  facet normal 0 0 1
    outer loop
      vertex 10.9328 9.5226 5
      vertex 10.8681 9.59633 5
      vertex 10.9393 9.51471 5
    endloop
  endfacet
  facet normal -0 0 1
    outer loop
      vertex 5.50005 9.52625 5
      vertex 6.11128 9.14615 5
      vertex 8.01405 12.0822 5
    endloop
  endfacet
  facet normal 0 0 1
    outer loop
      vertex 5.50005 9.52625 5
      vertex 8.01405 12.0822 5
      vertex 7.29173 12.5314 5
    endloop
  endfacet
  facet normal 0 0 1
    outer loop
      vertex 6.4565 12.9815 5
      vertex 5.50005 9.52625 5
      vertex 7.20671 12.5805 5
    endloop
  endfacet
  facet normal 0 -0 1
    outer loop
      vertex 4.8651 9.86562 5
      vertex 5.5936 13.376 5
      vertex 4.20953 10.1626 5
    endloop
  endfacet
  facet normal 0 0 1
    outer loop
      vertex 6.4565 12.9815 5
      vertex 4.8651 9.86562 5
      vertex 5.50005 9.52625 5
    endloop
  endfacet
  facet normal 0 0 1
    outer loop
      vertex 5.5029 13.4136 5
      vertex 4.20953 10.1626 5
      vertex 5.5936 13.376 5
    endloop
  endfacet
  facet normal 0 -0 1
    outer loop
      vertex 3.53569 10.4163 5
      vertex 3.79988 13.9917 5
      vertex 2.84711 10.6252 5
    endloop
  endfacet
  facet normal 0 0 1
    outer loop
      vertex 4.7068 13.7132 5
      vertex 3.53569 10.4163 5
      vertex 4.20953 10.1626 5
    endloop
  endfacet
  facet normal 0 0 1
    outer loop
      vertex 3.70505 14.0171 5
      vertex 2.84711 10.6252 5
      vertex 3.79988 13.9917 5
    endloop
  endfacet
  facet normal 0 0 1
    outer loop
      vertex 2.1459 10.7887 5
      vertex 1.9411 14.3679 5
      vertex 1.43591 10.9059 5
    endloop
  endfacet
  facet normal 0 0 1
    outer loop
      vertex 2.7804 14.2294 5
      vertex 2.1459 10.7887 5
      vertex 2.87666 14.2102 5
    endloop
  endfacet
  facet normal 0 0 1
    outer loop
      vertex 0.719254 10.9765 5
      vertex 1.8438 14.3808 5
      vertex 0.997055 14.4642 5
    endloop
  endfacet
  facet normal 0 0 1
    outer loop
      vertex 2.87666 14.2102 5
      vertex 2.1459 10.7887 5
      vertex 2.84711 10.6252 5
    endloop
  endfacet
  facet normal 0 0 1
    outer loop
      vertex 0.899109 14.4706 5
      vertex 0.0490875 14.4984 5
      vertex 0 11 5
    endloop
  endfacet
  facet normal 0 0 1
    outer loop
      vertex 0.899109 14.4706 5
      vertex 0.719254 10.9765 5
      vertex 0.997055 14.4642 5
    endloop
  endfacet
  facet normal 0 0 1
    outer loop
      vertex -0.899109 14.4706 5
      vertex -0.719254 10.9765 5
      vertex 0 11 5
    endloop
  endfacet
  facet normal -0 0 1
    outer loop
      vertex -0.997055 14.4642 5
      vertex -0.719254 10.9765 5
      vertex -0.899109 14.4706 5
    endloop
  endfacet
  facet normal -0 0 1
    outer loop
      vertex 6.11128 9.14615 5
      vertex 6.69629 8.72693 5
      vertex 8.09566 12.0277 5
    endloop
  endfacet
  facet normal 0 0 1
    outer loop
      vertex -1.9411 14.3679 5
      vertex -2.7804 14.2294 5
      vertex -2.1459 10.7887 5
    endloop
  endfacet
  facet normal -0 0 1
    outer loop
      vertex -1.9411 14.3679 5
      vertex -1.43591 10.9059 5
      vertex -1.8438 14.3808 5
    endloop
  endfacet
  facet normal 0 0 1
    outer loop
      vertex -3.79988 13.9917 5
      vertex -4.61388 13.7447 5
      vertex -3.53569 10.4163 5
    endloop
  endfacet
  facet normal -0 0 1
    outer loop
      vertex -3.70505 14.0171 5
      vertex -2.84711 10.6252 5
      vertex -2.87666 14.2102 5
    endloop
  endfacet
  facet normal -0 0 1
    outer loop
      vertex -2.87666 14.2102 5
      vertex -2.1459 10.7887 5
      vertex -2.7804 14.2294 5
    endloop
  endfacet
  facet normal -0 0 1
    outer loop
      vertex -4.7068 13.7132 5
      vertex -3.53569 10.4163 5
      vertex -4.61388 13.7447 5
    endloop
  endfacet
  facet normal -0 0 1
    outer loop
      vertex -5.5029 13.4136 5
      vertex -4.20953 10.1626 5
      vertex -4.7068 13.7132 5
    endloop
  endfacet
  facet normal -0 0 1
    outer loop
      vertex -5.5936 13.376 5
      vertex -4.20953 10.1626 5
      vertex -5.5029 13.4136 5
    endloop
  endfacet
  facet normal -0 0 1
    outer loop
      vertex -6.36847 13.0249 5
      vertex -4.8651 9.86562 5
      vertex -5.5936 13.376 5
    endloop
  endfacet
  facet normal -0 0 1
    outer loop
      vertex -6.4565 12.9815 5
      vertex -4.8651 9.86562 5
      vertex -6.36847 13.0249 5
    endloop
  endfacet
  facet normal -0 0 1
    outer loop
      vertex -7.20671 12.5805 5
      vertex -5.50005 9.52625 5
      vertex -6.4565 12.9815 5
    endloop
  endfacet
  facet normal -0 0 1
    outer loop
      vertex -7.29173 12.5314 5
      vertex -5.50005 9.52625 5
      vertex -7.20671 12.5805 5
    endloop
  endfacet
  facet normal 0 0 1
    outer loop
      vertex -8.01405 12.0822 5
      vertex -6.11128 9.14615 5
      vertex -5.50005 9.52625 5
    endloop
  endfacet
  facet normal -0 0 1
    outer loop
      vertex -8.09566 12.0277 5
      vertex -6.11128 9.14615 5
      vertex -8.01405 12.0822 5
    endloop
  endfacet
  facet normal 0 0 1
    outer loop
      vertex -8.86505 11.4724 5
      vertex -9.52257 10.9328 5
      vertex -7.25278 8.27023 5
    endloop
  endfacet
  facet normal -0 0 1
    outer loop
      vertex -8.78717 11.5322 5
      vertex -6.69629 8.72693 5
      vertex -8.09566 12.0277 5
    endloop
  endfacet
  facet normal -0 0 1
    outer loop
      vertex -9.59634 10.8681 5
      vertex -7.25278 8.27023 5
      vertex -9.52257 10.9328 5
    endloop
  endfacet
  facet normal -0 0 1
    outer loop
      vertex -10.2172 10.2866 5
      vertex -7.77817 7.77817 5
      vertex -9.59634 10.8681 5
    endloop
  endfacet
  facet normal -0 0 1
    outer loop
      vertex -10.2866 10.2172 5
      vertex -7.77817 7.77817 5
      vertex -10.2172 10.2866 5
    endloop
  endfacet
  facet normal 0 0 1
    outer loop
      vertex -10.8681 9.59633 5
      vertex -8.27023 7.25278 5
      vertex -7.77817 7.77817 5
    endloop
  endfacet
  facet normal -0 0 1
    outer loop
      vertex -10.9393 9.51471 5
      vertex -8.27023 7.25278 5
      vertex -10.8681 9.59633 5
    endloop
  endfacet
  facet normal 0 0 1
    outer loop
      vertex -9.86562 4.8651 5
      vertex -10.9393 9.51471 5
      vertex -10.1626 4.20953 5
    endloop
  endfacet
  facet normal 0 0 1
    outer loop
      vertex -9.14615 6.11128 5
      vertex -10.9393 9.51471 5
      vertex -9.52625 5.50005 5
    endloop
  endfacet
  facet normal 0 -0 1
    outer loop
      vertex -9.14615 6.11128 5
      vertex -8.72693 6.69629 5
      vertex -10.9393 9.51471 5
    endloop
  endfacet
  facet normal 0 0 1
    outer loop
      vertex -10.9059 1.43591 5
      vertex -40.5322 1.4512 5
      vertex -10.9765 0.719254 5
    endloop
  endfacet
  facet normal 0 0 1
    outer loop
      vertex -10.9393 9.51471 5
      vertex -10.8681 9.59633 5
      vertex -10.9328 9.5226 5
    endloop
  endfacet
  facet normal 0 0 1
    outer loop
      vertex -10.6252 2.84711 5
      vertex -10.9393 9.51471 5
      vertex -10.7887 2.1459 5
    endloop
  endfacet
  facet normal 0 -0 1
    outer loop
      vertex -11 0 5
      vertex -10.9765 0.719254 5
      vertex -40.5322 1.4512 5
    endloop
  endfacet
  facet normal 0 -0 1
    outer loop
      vertex -1.43591 10.9059 5
      vertex -0.719254 10.9765 5
      vertex -1.8438 14.3808 5
    endloop
  endfacet
  facet normal 0 0 1
    outer loop
      vertex -42.9181 -8.89215 5
      vertex -43.2068 -8.62622 5
      vertex -42.992 -8.82739 5
    endloop
  endfacet
  facet normal -0 0 1
    outer loop
      vertex -41.2501 1.21059 5
      vertex -41.3408 1.17303 5
      vertex -40.9747 1.31424 5
    endloop
  endfacet
  facet normal 0 0 1
    outer loop
      vertex -41.3408 1.17303 5
      vertex -41.6089 1.05154 5
      vertex -41.697 1.0081 5
    endloop
  endfacet
  facet normal -0 0 1
    outer loop
      vertex -41.3408 1.17303 5
      vertex -41.697 1.0081 5
      vertex -40.9747 1.31424 5
    endloop
  endfacet
  facet normal -0 0 1
    outer loop
      vertex -41.697 1.0081 5
      vertex -41.9567 0.869263 5
      vertex -40.9747 1.31424 5
    endloop
  endfacet
  facet normal 0 0 1
    outer loop
      vertex -43.5421 -0.431747 5
      vertex -43.2068 -0.0738068 5
      vertex -43.4774 -0.357986 5
    endloop
  endfacet
  facet normal 0 0 1
    outer loop
      vertex -42.0417 0.820221 5
      vertex -42.2918 0.664673 5
      vertex -42.3735 0.610107 5
    endloop
  endfacet
  facet normal -0 0 1
    outer loop
      vertex -42.0417 0.820221 5
      vertex -42.3735 0.610107 5
      vertex -41.9567 0.869263 5
    endloop
  endfacet
  facet normal -0 0 1
    outer loop
      vertex -42.3735 0.610107 5
      vertex -42.6127 0.438705 5
      vertex -41.9567 0.869263 5
    endloop
  endfacet
  facet normal -0 0 1
    outer loop
      vertex -42.6127 0.438705 5
      vertex -42.6905 0.378967 5
      vertex -41.9567 0.869263 5
    endloop
  endfacet
  facet normal -0 0 1
    outer loop
      vertex -42.6905 0.378967 5
      vertex -42.9181 0.192169 5
      vertex -41.9567 0.869263 5
    endloop
  endfacet
  facet normal 0 0 1
    outer loop
      vertex -44.4014 -1.7408 5
      vertex -42.9919 0.127457 5
      vertex -43.2068 -0.0738068 5
    endloop
  endfacet
  facet normal 0 0 1
    outer loop
      vertex -44.4014 -1.7408 5
      vertex -43.2068 -0.0738068 5
      vertex -43.5421 -0.431747 5
    endloop
  endfacet
  facet normal 0 0 1
    outer loop
      vertex -43.9601 -0.976486 5
      vertex -44.1703 -1.30849 5
      vertex -44.4014 -1.7408 5
    endloop
  endfacet
  facet normal -0 0 1
    outer loop
      vertex -43.2762 -0.143204 5
      vertex -43.4774 -0.357986 5
      vertex -43.2068 -0.0738068 5
    endloop
  endfacet
  facet normal 0 0 1
    outer loop
      vertex -43.9601 -0.976486 5
      vertex -43.5421 -0.431747 5
      vertex -43.7889 -0.737518 5
    endloop
  endfacet
  facet normal 0 0 1
    outer loop
      vertex -44.1703 -1.30849 5
      vertex -44.2194 -1.39351 5
      vertex -44.4014 -1.7408 5
    endloop
  endfacet
  facet normal -0 0 1
    outer loop
      vertex -43.729 -0.659561 5
      vertex -43.7889 -0.737518 5
      vertex -43.5421 -0.431747 5
    endloop
  endfacet
  facet normal -0 0 1
    outer loop
      vertex -43.9601 -0.976486 5
      vertex -44.4014 -1.7408 5
      vertex -43.5421 -0.431747 5
    endloop
  endfacet
  facet normal 0 0 1
    outer loop
      vertex -44.4014 -1.7408 5
      vertex -42.9181 0.192169 5
      vertex -42.9919 0.127457 5
    endloop
  endfacet
  facet normal -0 0 1
    outer loop
      vertex -44.0146 -1.05809 5
      vertex -44.1703 -1.30849 5
      vertex -43.9601 -0.976486 5
    endloop
  endfacet
  facet normal 0 0 1
    outer loop
      vertex -41.9567 0.869263 5
      vertex -42.9181 0.192169 5
      vertex -44.4014 -1.7408 5
    endloop
  endfacet
  facet normal 0 0 1
    outer loop
      vertex -44.2194 -1.39351 5
      vertex -44.358 -1.65288 5
      vertex -44.4014 -1.7408 5
    endloop
  endfacet
  facet normal 0 0 1
    outer loop
      vertex -44.6959 -2.46844 5
      vertex -44.7813 -2.75002 5
      vertex -44.8067 -2.84474 5
    endloop
  endfacet
  facet normal -0 0 1
    outer loop
      vertex -44.6643 -2.37544 5
      vertex -44.8067 -2.84474 5
      vertex -44.523 -2.00912 5
    endloop
  endfacet
  facet normal 0 0 1
    outer loop
      vertex -44.523 -2.00912 5
      vertex -44.5606 -2.09988 5
      vertex -44.6643 -2.37544 5
    endloop
  endfacet
  facet normal 0 0 1
    outer loop
      vertex -44.8067 -2.84474 5
      vertex -44.6643 -2.37544 5
      vertex -44.6959 -2.46844 5
    endloop
  endfacet
  facet normal 0 0 1
    outer loop
      vertex -44.8067 -2.84474 5
      vertex -44.4014 -1.7408 5
      vertex -44.523 -2.00912 5
    endloop
  endfacet
  facet normal -0 0 1
    outer loop
      vertex -44.8736 -3.13167 5
      vertex -44.9535 -3.61566 5
      vertex -44.8067 -2.84474 5
    endloop
  endfacet
  facet normal -0 0 1
    outer loop
      vertex -44.9407 -3.51848 5
      vertex -44.9535 -3.61566 5
      vertex -44.8736 -3.13167 5
    endloop
  endfacet
  facet normal 0 0 1
    outer loop
      vertex -44.9535 -3.61566 5
      vertex -44.4014 -1.7408 5
      vertex -44.8067 -2.84474 5
    endloop
  endfacet
  facet normal 0 0 1
    outer loop
      vertex -41.9567 0.869263 5
      vertex -44.4014 -1.7408 5
      vertex -44.9535 -3.61566 5
    endloop
  endfacet
  facet normal -0 0 1
    outer loop
      vertex -44.8927 -3.22807 5
      vertex -44.9407 -3.51848 5
      vertex -44.8736 -3.13167 5
    endloop
  endfacet
  facet normal -0 0 1
    outer loop
      vertex -44.9888 -4.00664 5
      vertex -44.9823 -4.79128 5
      vertex -44.9823 -3.90871 5
    endloop
  endfacet
  facet normal -0 0 1
    outer loop
      vertex -44.9823 -4.79128 5
      vertex -44.9535 -5.08432 5
      vertex -44.9823 -3.90871 5
    endloop
  endfacet
  facet normal 0 0 1
    outer loop
      vertex -44.9823 -4.79128 5
      vertex -44.9888 -4.00664 5
      vertex -44.9888 -4.69334 5
    endloop
  endfacet
  facet normal 0 0 1
    outer loop
      vertex -44.9888 -4.69334 5
      vertex -44.9984 -4.30086 5
      vertex -44.9984 -4.39912 5
    endloop
  endfacet
  facet normal 0 0 1
    outer loop
      vertex -44.9888 -4.00664 5
      vertex -44.9984 -4.30086 5
      vertex -44.9888 -4.69334 5
    endloop
  endfacet
  facet normal 0 -0 1
    outer loop
      vertex -44.9535 -5.08432 5
      vertex -44.9535 -3.61566 5
      vertex -44.9823 -3.90871 5
    endloop
  endfacet
  facet normal 0 0 1
    outer loop
      vertex -41.9567 0.869263 5
      vertex -44.9535 -3.61566 5
      vertex -44.9535 -5.08432 5
    endloop
  endfacet
  facet normal -0 -0 1
    outer loop
      vertex -44.523 -6.69086 5
      vertex -44.4014 -6.95918 5
      vertex -44.8067 -5.85524 5
    endloop
  endfacet
  facet normal 0 0 1
    outer loop
      vertex -44.9535 -5.08432 5
      vertex -44.8736 -5.56831 5
      vertex -44.8067 -5.85524 5
    endloop
  endfacet
  facet normal 0 0 1
    outer loop
      vertex -44.9407 -5.1815 5
      vertex -44.8927 -5.47191 5
      vertex -44.8736 -5.56831 5
    endloop
  endfacet
  facet normal -0 -0 1
    outer loop
      vertex -44.9407 -5.1815 5
      vertex -44.8736 -5.56831 5
      vertex -44.9535 -5.08432 5
    endloop
  endfacet
  facet normal 0 0 1
    outer loop
      vertex -44.523 -6.69086 5
      vertex -44.8067 -5.85524 5
      vertex -44.6643 -6.32454 5
    endloop
  endfacet
  facet normal 0 0 1
    outer loop
      vertex -44.523 -6.69086 5
      vertex -44.6643 -6.32454 5
      vertex -44.5606 -6.6001 5
    endloop
  endfacet
  facet normal -0 -0 1
    outer loop
      vertex -44.7813 -5.94997 5
      vertex -44.6959 -6.23154 5
      vertex -44.8067 -5.85524 5
    endloop
  endfacet
  facet normal -0 -0 1
    outer loop
      vertex -44.6959 -6.23154 5
      vertex -44.6643 -6.32454 5
      vertex -44.8067 -5.85524 5
    endloop
  endfacet
  facet normal 0 0 1
    outer loop
      vertex -44.4014 -6.95918 5
      vertex -44.9535 -5.08432 5
      vertex -44.8067 -5.85524 5
    endloop
  endfacet
  facet normal -0 -0 1
    outer loop
      vertex -43.4774 -8.34196 5
      vertex -42.6904 -9.07901 5
      vertex -44.4014 -6.95918 5
    endloop
  endfacet
  facet normal -0 -0 1
    outer loop
      vertex -44.0146 -7.64189 5
      vertex -43.9601 -7.7235 5
      vertex -44.1703 -7.39149 5
    endloop
  endfacet
  facet normal 0 0 1
    outer loop
      vertex -44.4014 -6.95918 5
      vertex -44.2194 -7.30647 5
      vertex -44.1703 -7.39149 5
    endloop
  endfacet
  facet normal -0 -0 1
    outer loop
      vertex -44.358 -7.0471 5
      vertex -44.2194 -7.30647 5
      vertex -44.4014 -6.95918 5
    endloop
  endfacet
  facet normal 0 0 1
    outer loop
      vertex -43.9601 -7.7235 5
      vertex -44.4014 -6.95918 5
      vertex -44.1703 -7.39149 5
    endloop
  endfacet
  facet normal -0 -0 1
    outer loop
      vertex -43.5421 -8.26823 5
      vertex -43.4774 -8.34196 5
      vertex -43.9601 -7.7235 5
    endloop
  endfacet
  facet normal -0 -0 1
    outer loop
      vertex -43.729 -8.04042 5
      vertex -43.5421 -8.26823 5
      vertex -43.7889 -7.96246 5
    endloop
  endfacet
  facet normal 0 0 1
    outer loop
      vertex -43.5421 -8.26823 5
      vertex -43.9601 -7.7235 5
      vertex -43.7889 -7.96246 5
    endloop
  endfacet
  facet normal 0 0 1
    outer loop
      vertex -43.4774 -8.34196 5
      vertex -44.4014 -6.95918 5
      vertex -43.9601 -7.7235 5
    endloop
  endfacet
  facet normal 0 0 1
    outer loop
      vertex -42.6904 -9.07901 5
      vertex -44.9535 -5.08432 5
      vertex -44.4014 -6.95918 5
    endloop
  endfacet
  facet normal 0 0 1
    outer loop
      vertex -42.6904 -9.07901 5
      vertex -43.4774 -8.34196 5
      vertex -42.9181 -8.89215 5
    endloop
  endfacet
  facet normal 0 0 1
    outer loop
      vertex -43.4774 -8.34196 5
      vertex -43.2762 -8.55681 5
      vertex -42.9181 -8.89215 5
    endloop
  endfacet
  facet normal 0 0 1
    outer loop
      vertex -43.2762 -8.55681 5
      vertex -43.2068 -8.62622 5
      vertex -42.9181 -8.89215 5
    endloop
  endfacet
  facet normal 0 -0 1
    outer loop
      vertex -42.6904 -9.07901 5
      vertex -41.9567 0.869263 5
      vertex -44.9535 -5.08432 5
    endloop
  endfacet
  facet normal -0 -0 1
    outer loop
      vertex -42.3735 -9.31009 5
      vertex -41.9567 -9.56926 5
      vertex -42.6904 -9.07901 5
    endloop
  endfacet
  facet normal 0 -0 1
    outer loop
      vertex -41.9567 -9.56926 5
      vertex -41.9567 0.869263 5
      vertex -42.6904 -9.07901 5
    endloop
  endfacet
  facet normal 0 0 1
    outer loop
      vertex -42.6904 -9.07901 5
      vertex -42.6127 -9.1387 5
      vertex -42.3735 -9.31009 5
    endloop
  endfacet
  facet normal 0 0 1
    outer loop
      vertex -41.9567 -9.56926 5
      vertex -42.3735 -9.31009 5
      vertex -42.2918 -9.36467 5
    endloop
  endfacet
  facet normal 0 0 1
    outer loop
      vertex -41.9567 -9.56926 5
      vertex -42.2918 -9.36467 5
      vertex -42.0417 -9.52022 5
    endloop
  endfacet
  facet normal -0 -0 1
    outer loop
      vertex -41.697 -9.7081 5
      vertex -40.8818 -10.0458 5
      vertex -41.9567 -9.56926 5
    endloop
  endfacet
  facet normal 0 0 1
    outer loop
      vertex -40.8818 -10.0458 5
      vertex -41.2501 -9.9106 5
      vertex -40.9747 -10.0142 5
    endloop
  endfacet
  facet normal 0 0 1
    outer loop
      vertex -41.3408 -9.87303 5
      vertex -41.2501 -9.9106 5
      vertex -40.8818 -10.0458 5
    endloop
  endfacet
  facet normal 0 0 1
    outer loop
      vertex -41.697 -9.7081 5
      vertex -41.6089 -9.75154 5
      vertex -41.3408 -9.87303 5
    endloop
  endfacet
  facet normal -0 -0 1
    outer loop
      vertex -41.3408 -9.87303 5
      vertex -40.8818 -10.0458 5
      vertex -41.697 -9.7081 5
    endloop
  endfacet
  facet normal 0 0 1
    outer loop
      vertex -40.8818 -10.0458 5
      vertex -41.9567 0.869263 5
      vertex -41.9567 -9.56926 5
    endloop
  endfacet
  facet normal 0 0 1
    outer loop
      vertex -40.5998 -10.1313 5
      vertex -39.8316 -10.2906 5
      vertex -39.7345 -10.3034 5
    endloop
  endfacet
  facet normal -0 -0 1
    outer loop
      vertex -40.5998 -10.1313 5
      vertex -39.7345 -10.3034 5
      vertex -40.8818 -10.0458 5
    endloop
  endfacet
  facet normal 0 0 1
    outer loop
      vertex -39.7345 -10.3034 5
      vertex -41.9567 0.869263 5
      vertex -40.8818 -10.0458 5
    endloop
  endfacet
  facet normal -0 -0 1
    outer loop
      vertex -40.1219 -10.2428 5
      vertex -39.8316 -10.2906 5
      vertex -40.2183 -10.2236 5
    endloop
  endfacet
  facet normal 0 0 1
    outer loop
      vertex -39.8316 -10.2906 5
      vertex -40.505 -10.1567 5
      vertex -40.2183 -10.2236 5
    endloop
  endfacet
  facet normal 0 0 1
    outer loop
      vertex -40.5998 -10.1313 5
      vertex -40.505 -10.1567 5
      vertex -39.8316 -10.2906 5
    endloop
  endfacet
  facet normal 0 0 1
    outer loop
      vertex -40.9747 1.31424 5
      vertex -41.9567 0.869263 5
      vertex -39.7345 -10.3034 5
    endloop
  endfacet
  facet normal 0 0 1
    outer loop
      vertex -39.3432 -10.3388 5
      vertex -39.7345 -10.3034 5
      vertex -39.4412 -10.3323 5
    endloop
  endfacet
  facet normal 0 0 1
    outer loop
      vertex -40.9747 1.31424 5
      vertex -39.7345 -10.3034 5
      vertex -39.3432 -10.3388 5
    endloop
  endfacet
  facet normal -0 0 1
    outer loop
      vertex -40.9747 1.31424 5
      vertex -39.3432 -10.3388 5
      vertex -40.8817 1.34581 5
    endloop
  endfacet
  facet normal -0 -0 1
    outer loop
      vertex -39.3432 -10.3388 5
      vertex -39.0293 -10.349 5
      vertex -40.8817 1.34581 5
    endloop
  endfacet
  facet normal 0 0 1
    outer loop
      vertex 0 -11 5
      vertex 0.0490875 -14.4984 5
      vertex 0.899109 -14.4706 5
    endloop
  endfacet
  facet normal 0 -0 1
    outer loop
      vertex -1.8438 -14.3808 5
      vertex -1.43591 -10.9059 5
      vertex -1.9411 -14.3679 5
    endloop
  endfacet
  facet normal 0 0 1
    outer loop
      vertex -39.0293 -10.349 5
      vertex -40.5732 1.43939 5
      vertex -40.8817 1.34581 5
    endloop
  endfacet
  facet normal 0 0 1
    outer loop
      vertex -38.9708 -10.3498 5
      vertex -40.5732 1.43939 5
      vertex -39.0293 -10.349 5
    endloop
  endfacet
  facet normal 0 -0 1
    outer loop
      vertex -1.9411 -14.3679 5
      vertex -1.43591 -10.9059 5
      vertex -2.1459 -10.7887 5
    endloop
  endfacet
  facet normal 0 0 1
    outer loop
      vertex -40.5322 1.4512 5
      vertex -40.5732 1.43939 5
      vertex -38.9708 -10.3498 5
    endloop
  endfacet
  facet normal 0 0 1
    outer loop
      vertex -2.1459 -10.7887 5
      vertex -2.7804 -14.2294 5
      vertex -1.9411 -14.3679 5
    endloop
  endfacet
  facet normal 0 0 1
    outer loop
      vertex -9.14615 -6.11128 5
      vertex -9.52625 -5.50005 5
      vertex -10.3314 -10.1694 5
    endloop
  endfacet
  facet normal 0 0 1
    outer loop
      vertex -9.14615 -6.11128 5
      vertex -10.3314 -10.1694 5
      vertex -8.72693 -6.69629 5
    endloop
  endfacet
  facet normal 0 -0 1
    outer loop
      vertex -9.52257 -10.9328 5
      vertex -7.25278 -8.27023 5
      vertex -9.59636 -10.8681 5
    endloop
  endfacet
  facet normal 0 -0 1
    outer loop
      vertex -6.4565 -12.9815 5
      vertex -5.50005 -9.52625 5
      vertex -7.20671 -12.5805 5
    endloop
  endfacet
  facet normal 0 0 1
    outer loop
      vertex -4.8651 -9.86562 5
      vertex -5.50005 -9.52625 5
      vertex -6.4565 -12.9815 5
    endloop
  endfacet
  facet normal 0 0 1
    outer loop
      vertex -4.8651 -9.86562 5
      vertex -6.4565 -12.9815 5
      vertex -6.36847 -13.0249 5
    endloop
  endfacet
  facet normal 0 0 1
    outer loop
      vertex -4.8651 -9.86562 5
      vertex -6.36847 -13.0249 5
      vertex -5.5936 -13.376 5
    endloop
  endfacet
  facet normal 0 0 1
    outer loop
      vertex -4.8651 -9.86562 5
      vertex -5.5936 -13.376 5
      vertex -4.20953 -10.1626 5
    endloop
  endfacet
  facet normal -0 0 1
    outer loop
      vertex -5.5936 -13.376 5
      vertex -5.5029 -13.4136 5
      vertex -4.20953 -10.1626 5
    endloop
  endfacet
  facet normal -0 0 1
    outer loop
      vertex -5.5029 -13.4136 5
      vertex -4.7068 -13.7132 5
      vertex -4.20953 -10.1626 5
    endloop
  endfacet
  facet normal 0 0 1
    outer loop
      vertex -4.7068 -13.7132 5
      vertex -3.53569 -10.4163 5
      vertex -4.20953 -10.1626 5
    endloop
  endfacet
  facet normal 0 -0 1
    outer loop
      vertex -4.61388 -13.7447 5
      vertex -3.53569 -10.4163 5
      vertex -4.7068 -13.7132 5
    endloop
  endfacet
  facet normal 0 0 1
    outer loop
      vertex -3.79988 -13.9917 5
      vertex -2.84711 -10.6252 5
      vertex -3.53569 -10.4163 5
    endloop
  endfacet
  facet normal 0 -0 1
    outer loop
      vertex -3.79988 -13.9917 5
      vertex -3.53569 -10.4163 5
      vertex -4.61388 -13.7447 5
    endloop
  endfacet
  facet normal 0 0 1
    outer loop
      vertex -2.84711 -10.6252 5
      vertex -3.79988 -13.9917 5
      vertex -3.70505 -14.0171 5
    endloop
  endfacet
  facet normal 0 0 1
    outer loop
      vertex -2.84711 -10.6252 5
      vertex -3.70505 -14.0171 5
      vertex -2.87666 -14.2102 5
    endloop
  endfacet
  facet normal 0 0 1
    outer loop
      vertex -2.84711 -10.6252 5
      vertex -2.87666 -14.2102 5
      vertex -2.1459 -10.7887 5
    endloop
  endfacet
  facet normal -0 0 1
    outer loop
      vertex -2.87666 -14.2102 5
      vertex -2.7804 -14.2294 5
      vertex -2.1459 -10.7887 5
    endloop
  endfacet
  facet normal 0 0 1
    outer loop
      vertex -0.719254 -10.9765 5
      vertex -1.43591 -10.9059 5
      vertex -1.8438 -14.3808 5
    endloop
  endfacet
  facet normal 0 -0 1
    outer loop
      vertex -0.899109 -14.4706 5
      vertex -0.719254 -10.9765 5
      vertex -0.997055 -14.4642 5
    endloop
  endfacet
  facet normal 0 0 1
    outer loop
      vertex 0 -11 5
      vertex -0.719254 -10.9765 5
      vertex -0.899109 -14.4706 5
    endloop
  endfacet
  facet normal 0 0 1
    outer loop
      vertex -0.719254 -10.9765 5
      vertex -1.8438 -14.3808 5
      vertex -0.997055 -14.4642 5
    endloop
  endfacet
  facet normal -0 0 1
    outer loop
      vertex -0.899109 -14.4706 5
      vertex -0.0490875 -14.4984 5
      vertex 0 -11 5
    endloop
  endfacet
  facet normal 0 0 1
    outer loop
      vertex -0.0490875 -14.4984 5
      vertex 0.0490875 -14.4984 5
      vertex 0 -11 5
    endloop
  endfacet
  facet normal 0 0 1
    outer loop
      vertex -5.50005 -9.52625 5
      vertex -8.01405 -12.0822 5
      vertex -7.29173 -12.5314 5
    endloop
  endfacet
  facet normal 0 0 1
    outer loop
      vertex -5.50005 -9.52625 5
      vertex -7.29173 -12.5314 5
      vertex -7.20671 -12.5805 5
    endloop
  endfacet
  facet normal 0 0 1
    outer loop
      vertex -8.01405 -12.0822 5
      vertex -5.50005 -9.52625 5
      vertex -6.11128 -9.14615 5
    endloop
  endfacet
  facet normal 0 -0 1
    outer loop
      vertex -8.01405 -12.0822 5
      vertex -6.11128 -9.14615 5
      vertex -8.09566 -12.0277 5
    endloop
  endfacet
  facet normal 0 0 1
    outer loop
      vertex -6.11128 -9.14615 5
      vertex -6.69629 -8.72693 5
      vertex -8.09566 -12.0277 5
    endloop
  endfacet
  facet normal 0 0 1
    outer loop
      vertex -6.69629 -8.72693 5
      vertex -8.78717 -11.5322 5
      vertex -8.09566 -12.0277 5
    endloop
  endfacet
  facet normal -0 0 1
    outer loop
      vertex -8.86505 -11.4724 5
      vertex -8.78717 -11.5322 5
      vertex -6.69629 -8.72693 5
    endloop
  endfacet
  facet normal 0 0 1
    outer loop
      vertex -8.86505 -11.4724 5
      vertex -6.69629 -8.72693 5
      vertex -7.25278 -8.27023 5
    endloop
  endfacet
  facet normal 0 -0 1
    outer loop
      vertex -8.86505 -11.4724 5
      vertex -7.25278 -8.27023 5
      vertex -9.52257 -10.9328 5
    endloop
  endfacet
  facet normal 0 0 1
    outer loop
      vertex -7.25278 -8.27023 5
      vertex -7.77817 -7.77817 5
      vertex -9.59636 -10.8681 5
    endloop
  endfacet
  facet normal 0 0 1
    outer loop
      vertex -7.77817 -7.77817 5
      vertex -10.2172 -10.2866 5
      vertex -9.59636 -10.8681 5
    endloop
  endfacet
  facet normal -0 0 1
    outer loop
      vertex -10.2866 -10.2172 5
      vertex -10.2172 -10.2866 5
      vertex -7.77817 -7.77817 5
    endloop
  endfacet
  facet normal 0 -0 1
    outer loop
      vertex -10.2866 -10.2172 5
      vertex -7.77817 -7.77817 5
      vertex -10.3314 -10.1694 5
    endloop
  endfacet
  facet normal 0 0 1
    outer loop
      vertex -7.77817 -7.77817 5
      vertex -8.27023 -7.25278 5
      vertex -10.3314 -10.1694 5
    endloop
  endfacet
  facet normal 0 0 1
    outer loop
      vertex -8.27023 -7.25278 5
      vertex -8.72693 -6.69629 5
      vertex -10.3314 -10.1694 5
    endloop
  endfacet
  facet normal 0 0 1
    outer loop
      vertex -9.86562 -4.8651 5
      vertex -10.3314 -10.1694 5
      vertex -9.52625 -5.50005 5
    endloop
  endfacet
  facet normal 0 0 1
    outer loop
      vertex -10.1626 -4.20953 5
      vertex -10.3314 -10.1694 5
      vertex -9.86562 -4.8651 5
    endloop
  endfacet
  facet normal 0 0 1
    outer loop
      vertex -10.4163 -3.53569 5
      vertex -10.3314 -10.1694 5
      vertex -10.1626 -4.20953 5
    endloop
  endfacet
  facet normal 0 0 1
    outer loop
      vertex -10.6252 -2.84711 5
      vertex -10.3314 -10.1694 5
      vertex -10.4163 -3.53569 5
    endloop
  endfacet
  facet normal 0 0 1
    outer loop
      vertex -38.9708 -10.3498 5
      vertex -10.3314 -10.1694 5
      vertex -10.6252 -2.84711 5
    endloop
  endfacet
  facet normal 0 0 1
    outer loop
      vertex -38.9708 -10.3498 5
      vertex -10.6252 -2.84711 5
      vertex -10.7887 -2.1459 5
    endloop
  endfacet
  facet normal 0 0 1
    outer loop
      vertex -38.9708 -10.3498 5
      vertex -10.7887 -2.1459 5
      vertex -10.9059 -1.43591 5
    endloop
  endfacet
  facet normal 0 -0 1
    outer loop
      vertex -38.9708 -10.3498 5
      vertex -10.9059 -1.43591 5
      vertex -40.5322 1.4512 5
    endloop
  endfacet
  facet normal 0 0 1
    outer loop
      vertex -10.9059 -1.43591 5
      vertex -10.9765 -0.719254 5
      vertex -40.5322 1.4512 5
    endloop
  endfacet
  facet normal 0 0 1
    outer loop
      vertex -10.9765 -0.719254 5
      vertex -11 0 5
      vertex -40.5322 1.4512 5
    endloop
  endfacet
  facet normal 0 0 1
    outer loop
      vertex -10.7887 2.1459 5
      vertex -10.9393 9.51471 5
      vertex -40.5322 1.4512 5
    endloop
  endfacet
  facet normal 0 -0 1
    outer loop
      vertex -10.9059 1.43591 5
      vertex -10.7887 2.1459 5
      vertex -40.5322 1.4512 5
    endloop
  endfacet
  facet normal 0 0 1
    outer loop
      vertex -10.9393 9.51471 5
      vertex -10.4163 3.53569 5
      vertex -10.1626 4.20953 5
    endloop
  endfacet
  facet normal 0 0 1
    outer loop
      vertex -10.9393 9.51471 5
      vertex -10.6252 2.84711 5
      vertex -10.4163 3.53569 5
    endloop
  endfacet
  facet normal 0 0 1
    outer loop
      vertex -9.52625 5.50005 5
      vertex -10.9393 9.51471 5
      vertex -9.86562 4.8651 5
    endloop
  endfacet
  facet normal 0 0 1
    outer loop
      vertex -10.9393 9.51471 5
      vertex -8.72693 6.69629 5
      vertex -8.27023 7.25278 5
    endloop
  endfacet
  facet normal 0 0 1
    outer loop
      vertex -10.2866 10.2172 5
      vertex -10.8681 9.59633 5
      vertex -7.77817 7.77817 5
    endloop
  endfacet
  facet normal 0 0 1
    outer loop
      vertex -9.59634 10.8681 5
      vertex -7.77817 7.77817 5
      vertex -7.25278 8.27023 5
    endloop
  endfacet
  facet normal 0 0 1
    outer loop
      vertex -8.78717 11.5322 5
      vertex -8.86505 11.4724 5
      vertex -6.69629 8.72693 5
    endloop
  endfacet
  facet normal 0 0 1
    outer loop
      vertex -6.69629 8.72693 5
      vertex -8.86505 11.4724 5
      vertex -7.25278 8.27023 5
    endloop
  endfacet
  facet normal 0 0 1
    outer loop
      vertex -8.09566 12.0277 5
      vertex -6.69629 8.72693 5
      vertex -6.11128 9.14615 5
    endloop
  endfacet
  facet normal 0 0 1
    outer loop
      vertex -7.29173 12.5314 5
      vertex -8.01405 12.0822 5
      vertex -5.50005 9.52625 5
    endloop
  endfacet
  facet normal 0 0 1
    outer loop
      vertex -6.4565 12.9815 5
      vertex -5.50005 9.52625 5
      vertex -4.8651 9.86562 5
    endloop
  endfacet
  facet normal 0 0 1
    outer loop
      vertex -5.5936 13.376 5
      vertex -4.8651 9.86562 5
      vertex -4.20953 10.1626 5
    endloop
  endfacet
  facet normal 0 0 1
    outer loop
      vertex -4.7068 13.7132 5
      vertex -4.20953 10.1626 5
      vertex -3.53569 10.4163 5
    endloop
  endfacet
  facet normal 0 0 1
    outer loop
      vertex -3.70505 14.0171 5
      vertex -3.79988 13.9917 5
      vertex -2.84711 10.6252 5
    endloop
  endfacet
  facet normal 0 0 1
    outer loop
      vertex -2.84711 10.6252 5
      vertex -3.79988 13.9917 5
      vertex -3.53569 10.4163 5
    endloop
  endfacet
  facet normal 0 0 1
    outer loop
      vertex -2.87666 14.2102 5
      vertex -2.84711 10.6252 5
      vertex -2.1459 10.7887 5
    endloop
  endfacet
  facet normal 0 0 1
    outer loop
      vertex -1.9411 14.3679 5
      vertex -2.1459 10.7887 5
      vertex -1.43591 10.9059 5
    endloop
  endfacet
  facet normal 0 0 1
    outer loop
      vertex -0.997055 14.4642 5
      vertex -1.8438 14.3808 5
      vertex -0.719254 10.9765 5
    endloop
  endfacet
  facet normal 0 0 1
    outer loop
      vertex 0.0490875 14.4984 5
      vertex -0.0490875 14.4984 5
      vertex 0 11 5
    endloop
  endfacet
  facet normal 0 0 1
    outer loop
      vertex 0 11 5
      vertex -0.0490875 14.4984 5
      vertex -0.899109 14.4706 5
    endloop
  endfacet
  facet normal 0 0 1
    outer loop
      vertex 0.899109 14.4706 5
      vertex 0 11 5
      vertex 0.719254 10.9765 5
    endloop
  endfacet
  facet normal 0 0 1
    outer loop
      vertex 1.9411 14.3679 5
      vertex 1.8438 14.3808 5
      vertex 1.43591 10.9059 5
    endloop
  endfacet
  facet normal 0 -0 1
    outer loop
      vertex 1.43591 10.9059 5
      vertex 1.8438 14.3808 5
      vertex 0.719254 10.9765 5
    endloop
  endfacet
  facet normal 0 0 1
    outer loop
      vertex 2.7804 14.2294 5
      vertex 1.9411 14.3679 5
      vertex 2.1459 10.7887 5
    endloop
  endfacet
  facet normal 0 0 1
    outer loop
      vertex 3.70505 14.0171 5
      vertex 2.87666 14.2102 5
      vertex 2.84711 10.6252 5
    endloop
  endfacet
  facet normal 0 0 1
    outer loop
      vertex 4.7068 13.7132 5
      vertex 4.61388 13.7447 5
      vertex 3.53569 10.4163 5
    endloop
  endfacet
  facet normal 0 0 1
    outer loop
      vertex 3.53569 10.4163 5
      vertex 4.61388 13.7447 5
      vertex 3.79988 13.9917 5
    endloop
  endfacet
  facet normal 0 0 1
    outer loop
      vertex 5.5029 13.4136 5
      vertex 4.7068 13.7132 5
      vertex 4.20953 10.1626 5
    endloop
  endfacet
  facet normal 0 0 1
    outer loop
      vertex 6.4565 12.9815 5
      vertex 6.36847 13.0249 5
      vertex 4.8651 9.86562 5
    endloop
  endfacet
  facet normal 0 0 1
    outer loop
      vertex 4.8651 9.86562 5
      vertex 6.36847 13.0249 5
      vertex 5.5936 13.376 5
    endloop
  endfacet
  facet normal 0 0 1
    outer loop
      vertex 5.50005 9.52625 5
      vertex 7.29173 12.5314 5
      vertex 7.20671 12.5805 5
    endloop
  endfacet
  facet normal 0 0 1
    outer loop
      vertex 6.11128 9.14615 5
      vertex 8.09566 12.0277 5
      vertex 8.01405 12.0822 5
    endloop
  endfacet
  facet normal 0 0 1
    outer loop
      vertex 6.69629 8.72693 5
      vertex 8.78717 11.5322 5
      vertex 8.09566 12.0277 5
    endloop
  endfacet
  facet normal 0 0 1
    outer loop
      vertex 8.86505 11.4724 5
      vertex 8.78717 11.5322 5
      vertex 6.69629 8.72693 5
    endloop
  endfacet
  facet normal 0 0 1
    outer loop
      vertex 8.86505 11.4724 5
      vertex 6.69629 8.72693 5
      vertex 7.25278 8.27023 5
    endloop
  endfacet
  facet normal 0 0 1
    outer loop
      vertex 8.86505 11.4724 5
      vertex 7.25278 8.27023 5
      vertex 9.52257 10.9328 5
    endloop
  endfacet
  facet normal 0 0 1
    outer loop
      vertex 7.25278 8.27023 5
      vertex 9.59634 10.8681 5
      vertex 9.52257 10.9328 5
    endloop
  endfacet
  facet normal 0 -0 1
    outer loop
      vertex 7.77817 7.77817 5
      vertex 9.59634 10.8681 5
      vertex 7.25278 8.27023 5
    endloop
  endfacet
  facet normal 0 0 1
    outer loop
      vertex 10.2172 10.2866 5
      vertex 9.59634 10.8681 5
      vertex 7.77817 7.77817 5
    endloop
  endfacet
  facet normal 0 0 1
    outer loop
      vertex 10.2172 10.2866 5
      vertex 7.77817 7.77817 5
      vertex 10.2866 10.2172 5
    endloop
  endfacet
  facet normal 0 0 1
    outer loop
      vertex 7.77817 7.77817 5
      vertex 10.8681 9.59633 5
      vertex 10.2866 10.2172 5
    endloop
  endfacet
  facet normal 0 -0 1
    outer loop
      vertex 8.27023 7.25278 5
      vertex 10.8681 9.59633 5
      vertex 7.77817 7.77817 5
    endloop
  endfacet
  facet normal 0 0 1
    outer loop
      vertex 10.9393 9.51471 5
      vertex 10.8681 9.59633 5
      vertex 8.27023 7.25278 5
    endloop
  endfacet
  facet normal 0 0 1
    outer loop
      vertex 10.9393 9.51471 5
      vertex 8.27023 7.25278 5
      vertex 8.72693 6.69629 5
    endloop
  endfacet
  facet normal 0 0 1
    outer loop
      vertex 10.9393 9.51471 5
      vertex 8.72693 6.69629 5
      vertex 9.14615 6.11128 5
    endloop
  endfacet
  facet normal 0 -0 1
    outer loop
      vertex 9.86562 4.8651 5
      vertex 10.9393 9.51471 5
      vertex 9.52625 5.50005 5
    endloop
  endfacet
  facet normal 0 -0 1
    outer loop
      vertex 10.1626 4.20953 5
      vertex 10.9393 9.51471 5
      vertex 9.86562 4.8651 5
    endloop
  endfacet
  facet normal 0 -0 1
    outer loop
      vertex 10.4163 3.53569 5
      vertex 10.9393 9.51471 5
      vertex 10.1626 4.20953 5
    endloop
  endfacet
  facet normal -0 0 1
    outer loop
      vertex 10.6252 2.84711 5
      vertex 10.7887 2.1459 5
      vertex 10.9393 9.51471 5
    endloop
  endfacet
  facet normal -0 0 1
    outer loop
      vertex 10.7887 2.1459 5
      vertex 40.5322 1.4512 5
      vertex 10.9393 9.51471 5
    endloop
  endfacet
  facet normal 0 -0 1
    outer loop
      vertex 10.9059 1.43591 5
      vertex 40.5322 1.4512 5
      vertex 10.7887 2.1459 5
    endloop
  endfacet
  facet normal 0 -0 1
    outer loop
      vertex 10.9765 0.719254 5
      vertex 40.5322 1.4512 5
      vertex 10.9059 1.43591 5
    endloop
  endfacet
  facet normal 0 -0 1
    outer loop
      vertex 11 0 5
      vertex 40.5322 1.4512 5
      vertex 10.9765 0.719254 5
    endloop
  endfacet
  facet normal 0 0 1
    outer loop
      vertex 10.9765 -0.719254 5
      vertex 40.5322 1.4512 5
      vertex 11 0 5
    endloop
  endfacet
  facet normal 0 -0 1
    outer loop
      vertex 38.9708 -10.3498 5
      vertex 40.5322 1.4512 5
      vertex 10.9059 -1.43591 5
    endloop
  endfacet
  facet normal 0 0 1
    outer loop
      vertex 10.9059 -1.43591 5
      vertex 40.5322 1.4512 5
      vertex 10.9765 -0.719254 5
    endloop
  endfacet
  facet normal 0 0 1
    outer loop
      vertex 10.7887 -2.1459 5
      vertex 10.6252 -2.84711 5
      vertex 38.9708 -10.3498 5
    endloop
  endfacet
  facet normal 0 0 1
    outer loop
      vertex 10.6252 -2.84711 5
      vertex 10.4163 -3.53569 5
      vertex 10.3314 -10.1694 5
    endloop
  endfacet
  facet normal -0 0 1
    outer loop
      vertex 9.52625 -5.50005 5
      vertex 10.3314 -10.1694 5
      vertex 9.86562 -4.8651 5
    endloop
  endfacet
  facet normal 0 0 1
    outer loop
      vertex 10.3314 -10.1694 5
      vertex 8.72693 -6.69629 5
      vertex 8.27023 -7.25278 5
    endloop
  endfacet
  facet normal 0 0 1
    outer loop
      vertex 10.3314 -10.1694 5
      vertex 8.27023 -7.25278 5
      vertex 7.77817 -7.77817 5
    endloop
  endfacet
  facet normal 0 0 1
    outer loop
      vertex 10.2866 -10.2172 5
      vertex 7.77817 -7.77817 5
      vertex 10.2172 -10.2866 5
    endloop
  endfacet
  facet normal 0 0 1
    outer loop
      vertex 7.77817 -7.77817 5
      vertex 7.25278 -8.27023 5
      vertex 9.59636 -10.8681 5
    endloop
  endfacet
  facet normal 0 0 1
    outer loop
      vertex 7.25278 -8.27023 5
      vertex 6.69629 -8.72693 5
      vertex 8.86505 -11.4724 5
    endloop
  endfacet
  facet normal 0 0 1
    outer loop
      vertex 6.69629 -8.72693 5
      vertex 8.09566 -12.0277 5
      vertex 8.78717 -11.5322 5
    endloop
  endfacet
  facet normal -0 0 1
    outer loop
      vertex 6.11128 -9.14615 5
      vertex 8.09566 -12.0277 5
      vertex 6.69629 -8.72693 5
    endloop
  endfacet
  facet normal -0 0 1
    outer loop
      vertex 5.50005 -9.52625 5
      vertex 8.01405 -12.0822 5
      vertex 6.11128 -9.14615 5
    endloop
  endfacet
  facet normal 0 -0 1
    outer loop
      vertex 6.4565 -12.9815 5
      vertex 7.20671 -12.5805 5
      vertex 5.50005 -9.52625 5
    endloop
  endfacet
  facet normal 0 -0 1
    outer loop
      vertex 6.36847 -13.0249 5
      vertex 6.4565 -12.9815 5
      vertex 4.8651 -9.86562 5
    endloop
  endfacet
  facet normal 0 0 1
    outer loop
      vertex 5.5936 -13.376 5
      vertex 4.8651 -9.86562 5
      vertex 4.20953 -10.1626 5
    endloop
  endfacet
  facet normal 0 0 1
    outer loop
      vertex 5.5936 -13.376 5
      vertex 4.20953 -10.1626 5
      vertex 5.5029 -13.4136 5
    endloop
  endfacet
  facet normal 0 0 1
    outer loop
      vertex 4.7068 -13.7132 5
      vertex 3.53569 -10.4163 5
      vertex 4.61388 -13.7447 5
    endloop
  endfacet
  facet normal 0 0 1
    outer loop
      vertex 3.53569 -10.4163 5
      vertex 2.84711 -10.6252 5
      vertex 3.79988 -13.9917 5
    endloop
  endfacet
  facet normal 0 0 1
    outer loop
      vertex 2.84711 -10.6252 5
      vertex 3.70505 -14.0171 5
      vertex 3.79988 -13.9917 5
    endloop
  endfacet
  facet normal 0 0 1
    outer loop
      vertex 2.1459 -10.7887 5
      vertex 2.7804 -14.2294 5
      vertex 2.87666 -14.2102 5
    endloop
  endfacet
  facet normal 0 0 1
    outer loop
      vertex 1.9411 -14.3679 5
      vertex 2.7804 -14.2294 5
      vertex 2.1459 -10.7887 5
    endloop
  endfacet
  facet normal 0 -0 1
    outer loop
      vertex 1.8438 -14.3808 5
      vertex 1.9411 -14.3679 5
      vertex 1.43591 -10.9059 5
    endloop
  endfacet
  facet normal 0 0 1
    outer loop
      vertex 0.899109 -14.4706 5
      vertex 0.719254 -10.9765 5
      vertex 0 -11 5
    endloop
  endfacet
  facet normal 0 -0 1
    outer loop
      vertex 0.997055 -14.4642 5
      vertex 1.8438 -14.3808 5
      vertex 0.719254 -10.9765 5
    endloop
  endfacet
  facet normal 0.0652031 -0.997872 0
    outer loop
      vertex 0.997055 -14.4642 0
      vertex 0.899109 -14.4706 5
      vertex 0.899109 -14.4706 0
    endloop
  endfacet
  facet normal 0.0652031 -0.997872 0
    outer loop
      vertex 0.997055 -14.4642 0
      vertex 0.997055 -14.4642 5
      vertex 0.899109 -14.4706 5
    endloop
  endfacet
  facet normal 0.0980205 -0.995184 0
    outer loop
      vertex 1.8438 -14.3808 0
      vertex 0.997055 -14.4642 5
      vertex 0.997055 -14.4642 0
    endloop
  endfacet
  facet normal 0.0980205 -0.995184 0
    outer loop
      vertex 1.8438 -14.3808 0
      vertex 1.8438 -14.3808 5
      vertex 0.997055 -14.4642 5
    endloop
  endfacet
  facet normal 0.13143 -0.991326 0
    outer loop
      vertex 1.9411 -14.3679 0
      vertex 1.8438 -14.3808 5
      vertex 1.8438 -14.3808 0
    endloop
  endfacet
  facet normal 0.13143 -0.991326 0
    outer loop
      vertex 1.9411 -14.3679 0
      vertex 1.9411 -14.3679 5
      vertex 1.8438 -14.3808 5
    endloop
  endfacet
  facet normal 0.162817 -0.986656 0
    outer loop
      vertex 2.7804 -14.2294 0
      vertex 1.9411 -14.3679 5
      vertex 1.9411 -14.3679 0
    endloop
  endfacet
  facet normal 0.162817 -0.986656 0
    outer loop
      vertex 2.7804 -14.2294 0
      vertex 2.7804 -14.2294 5
      vertex 1.9411 -14.3679 5
    endloop
  endfacet
  facet normal 0.195607 -0.980682 0
    outer loop
      vertex 2.87666 -14.2102 0
      vertex 2.7804 -14.2294 5
      vertex 2.7804 -14.2294 0
    endloop
  endfacet
  facet normal 0.195607 -0.980682 0
    outer loop
      vertex 2.87666 -14.2102 0
      vertex 2.87666 -14.2102 5
      vertex 2.7804 -14.2294 5
    endloop
  endfacet
  facet normal 0.227017 -0.973891 0
    outer loop
      vertex 3.70505 -14.0171 0
      vertex 2.87666 -14.2102 5
      vertex 2.87666 -14.2102 0
    endloop
  endfacet
  facet normal 0.227017 -0.973891 0
    outer loop
      vertex 3.70505 -14.0171 0
      vertex 3.70505 -14.0171 5
      vertex 2.87666 -14.2102 5
    endloop
  endfacet
  facet normal 0.258728 -0.96595 0
    outer loop
      vertex 3.79988 -13.9917 0
      vertex 3.70505 -14.0171 5
      vertex 3.70505 -14.0171 0
    endloop
  endfacet
  facet normal 0.258728 -0.96595 0
    outer loop
      vertex 3.79988 -13.9917 0
      vertex 3.79988 -13.9917 5
      vertex 3.70505 -14.0171 5
    endloop
  endfacet
  facet normal 0.290366 -0.956916 0
    outer loop
      vertex 4.61388 -13.7447 0
      vertex 3.79988 -13.9917 5
      vertex 3.79988 -13.9917 0
    endloop
  endfacet
  facet normal 0.290366 -0.956916 0
    outer loop
      vertex 4.61388 -13.7447 0
      vertex 4.61388 -13.7447 5
      vertex 3.79988 -13.9917 5
    endloop
  endfacet
  facet normal 0.321055 -0.947061 0
    outer loop
      vertex 4.7068 -13.7132 0
      vertex 4.61388 -13.7447 5
      vertex 4.61388 -13.7447 0
    endloop
  endfacet
  facet normal 0.321055 -0.947061 0
    outer loop
      vertex 4.7068 -13.7132 0
      vertex 4.7068 -13.7132 5
      vertex 4.61388 -13.7447 5
    endloop
  endfacet
  facet normal 0.352218 -0.935918 0
    outer loop
      vertex 5.5029 -13.4136 0
      vertex 4.7068 -13.7132 5
      vertex 4.7068 -13.7132 0
    endloop
  endfacet
  facet normal 0.352218 -0.935918 0
    outer loop
      vertex 5.5029 -13.4136 0
      vertex 5.5029 -13.4136 5
      vertex 4.7068 -13.7132 5
    endloop
  endfacet
  facet normal 0.382951 -0.923768 0
    outer loop
      vertex 5.5936 -13.376 0
      vertex 5.5029 -13.4136 5
      vertex 5.5029 -13.4136 0
    endloop
  endfacet
  facet normal 0.382951 -0.923768 0
    outer loop
      vertex 5.5936 -13.376 0
      vertex 5.5936 -13.376 5
      vertex 5.5029 -13.4136 5
    endloop
  endfacet
  facet normal 0.412718 -0.910859 0
    outer loop
      vertex 6.36847 -13.0249 0
      vertex 5.5936 -13.376 5
      vertex 5.5936 -13.376 0
    endloop
  endfacet
  facet normal 0.412718 -0.910859 0
    outer loop
      vertex 6.36847 -13.0249 0
      vertex 6.36847 -13.0249 5
      vertex 5.5936 -13.376 5
    endloop
  endfacet
  facet normal 0.442194 -0.89692 0
    outer loop
      vertex 6.4565 -12.9815 0
      vertex 6.36847 -13.0249 5
      vertex 6.36847 -13.0249 0
    endloop
  endfacet
  facet normal 0.442194 -0.89692 0
    outer loop
      vertex 6.4565 -12.9815 0
      vertex 6.4565 -12.9815 5
      vertex 6.36847 -13.0249 5
    endloop
  endfacet
  facet normal 0.471401 -0.881919 0
    outer loop
      vertex 7.20671 -12.5805 0
      vertex 6.4565 -12.9815 5
      vertex 6.4565 -12.9815 0
    endloop
  endfacet
  facet normal 0.471401 -0.881919 0
    outer loop
      vertex 7.20671 -12.5805 0
      vertex 7.20671 -12.5805 5
      vertex 6.4565 -12.9815 5
    endloop
  endfacet
  facet normal 0.500104 -0.865965 0
    outer loop
      vertex 7.29173 -12.5314 0
      vertex 7.20671 -12.5805 5
      vertex 7.20671 -12.5805 0
    endloop
  endfacet
  facet normal 0.500104 -0.865965 0
    outer loop
      vertex 7.29173 -12.5314 0
      vertex 7.29173 -12.5314 5
      vertex 7.20671 -12.5805 5
    endloop
  endfacet
  facet normal 0.528095 -0.849185 0
    outer loop
      vertex 8.01405 -12.0822 0
      vertex 7.29173 -12.5314 5
      vertex 7.29173 -12.5314 0
    endloop
  endfacet
  facet normal 0.528095 -0.849185 0
    outer loop
      vertex 8.01405 -12.0822 0
      vertex 8.01405 -12.0822 5
      vertex 7.29173 -12.5314 5
    endloop
  endfacet
  facet normal 0.555358 -0.831611 0
    outer loop
      vertex 8.09566 -12.0277 0
      vertex 8.01405 -12.0822 5
      vertex 8.01405 -12.0822 0
    endloop
  endfacet
  facet normal 0.555358 -0.831611 0
    outer loop
      vertex 8.09566 -12.0277 0
      vertex 8.09566 -12.0277 5
      vertex 8.01405 -12.0822 5
    endloop
  endfacet
  facet normal 0.582455 -0.812863 0
    outer loop
      vertex 8.78717 -11.5322 0
      vertex 8.09566 -12.0277 5
      vertex 8.09566 -12.0277 0
    endloop
  endfacet
  facet normal 0.582455 -0.812863 0
    outer loop
      vertex 8.78717 -11.5322 0
      vertex 8.78717 -11.5322 5
      vertex 8.09566 -12.0277 5
    endloop
  endfacet
  facet normal 0.609021 -0.793154 0
    outer loop
      vertex 8.86505 -11.4724 0
      vertex 8.78717 -11.5322 5
      vertex 8.78717 -11.5322 0
    endloop
  endfacet
  facet normal 0.609021 -0.793154 0
    outer loop
      vertex 8.86505 -11.4724 0
      vertex 8.86505 -11.4724 5
      vertex 8.78717 -11.5322 5
    endloop
  endfacet
  facet normal 0.634384 -0.773018 0
    outer loop
      vertex 9.52257 -10.9328 0
      vertex 8.86505 -11.4724 5
      vertex 8.86505 -11.4724 0
    endloop
  endfacet
  facet normal 0.634384 -0.773018 0
    outer loop
      vertex 9.52257 -10.9328 0
      vertex 9.52257 -10.9328 5
      vertex 8.86505 -11.4724 5
    endloop
  endfacet
  facet normal 0.659276 -0.751901 0
    outer loop
      vertex 9.59636 -10.8681 0
      vertex 9.52257 -10.9328 5
      vertex 9.52257 -10.9328 0
    endloop
  endfacet
  facet normal 0.659276 -0.751901 0
    outer loop
      vertex 9.59636 -10.8681 0
      vertex 9.59636 -10.8681 5
      vertex 9.52257 -10.9328 5
    endloop
  endfacet
  facet normal 0.683605 -0.729852 0
    outer loop
      vertex 10.2172 -10.2866 0
      vertex 9.59636 -10.8681 5
      vertex 9.59636 -10.8681 0
    endloop
  endfacet
  facet normal 0.683605 -0.729852 0
    outer loop
      vertex 10.2172 -10.2866 0
      vertex 10.2172 -10.2866 5
      vertex 9.59636 -10.8681 5
    endloop
  endfacet
  facet normal 0.707107 -0.707107 0
    outer loop
      vertex 10.2866 -10.2172 0
      vertex 10.2172 -10.2866 5
      vertex 10.2172 -10.2866 0
    endloop
  endfacet
  facet normal 0.707107 -0.707107 0
    outer loop
      vertex 10.2866 -10.2172 0
      vertex 10.2866 -10.2172 5
      vertex 10.2172 -10.2866 5
    endloop
  endfacet
  facet normal 0.729632 -0.68384 0
    outer loop
      vertex 10.3314 -10.1694 0
      vertex 10.2866 -10.2172 5
      vertex 10.2866 -10.2172 0
    endloop
  endfacet
  facet normal 0.729632 -0.68384 0
    outer loop
      vertex 10.3314 -10.1694 0
      vertex 10.3314 -10.1694 5
      vertex 10.2866 -10.2172 5
    endloop
  endfacet
  facet normal -0.00629889 -0.99998 0
    outer loop
      vertex 38.9708 -10.3498 0
      vertex 10.3314 -10.1694 5
      vertex 10.3314 -10.1694 0
    endloop
  endfacet
  facet normal -0.00629889 -0.99998 0
    outer loop
      vertex 38.9708 -10.3498 0
      vertex 38.9708 -10.3498 5
      vertex 10.3314 -10.1694 5
    endloop
  endfacet
  facet normal 0.0136739 -0.999907 0
    outer loop
      vertex 39.0293 -10.349 0
      vertex 38.9708 -10.3498 5
      vertex 38.9708 -10.3498 0
    endloop
  endfacet
  facet normal 0.0136739 -0.999907 0
    outer loop
      vertex 39.0293 -10.349 0
      vertex 39.0293 -10.349 5
      vertex 38.9708 -10.3498 5
    endloop
  endfacet
  facet normal 0.0324773 -0.999472 0
    outer loop
      vertex 39.3432 -10.3388 0
      vertex 39.0293 -10.349 5
      vertex 39.0293 -10.349 0
    endloop
  endfacet
  facet normal 0.0324773 -0.999472 0
    outer loop
      vertex 39.3432 -10.3388 0
      vertex 39.3432 -10.3388 5
      vertex 39.0293 -10.349 5
    endloop
  endfacet
  facet normal 0.0661811 -0.997808 0
    outer loop
      vertex 39.4412 -10.3323 0
      vertex 39.3432 -10.3388 5
      vertex 39.3432 -10.3388 0
    endloop
  endfacet
  facet normal 0.0661811 -0.997808 0
    outer loop
      vertex 39.4412 -10.3323 0
      vertex 39.4412 -10.3323 5
      vertex 39.3432 -10.3388 5
    endloop
  endfacet
  facet normal 0.098059 -0.995181 0
    outer loop
      vertex 39.7345 -10.3034 0
      vertex 39.4412 -10.3323 5
      vertex 39.4412 -10.3323 0
    endloop
  endfacet
  facet normal 0.098059 -0.995181 0
    outer loop
      vertex 39.7345 -10.3034 0
      vertex 39.7345 -10.3034 5
      vertex 39.4412 -10.3323 5
    endloop
  endfacet
  facet normal 0.130692 -0.991423 0
    outer loop
      vertex 39.8316 -10.2906 0
      vertex 39.7345 -10.3034 5
      vertex 39.7345 -10.3034 0
    endloop
  endfacet
  facet normal 0.130692 -0.991423 0
    outer loop
      vertex 39.8316 -10.2906 0
      vertex 39.8316 -10.2906 5
      vertex 39.7345 -10.3034 5
    endloop
  endfacet
  facet normal 0.16247 -0.986714 0
    outer loop
      vertex 40.1219 -10.2428 0
      vertex 39.8316 -10.2906 5
      vertex 39.8316 -10.2906 0
    endloop
  endfacet
  facet normal 0.16247 -0.986714 0
    outer loop
      vertex 40.1219 -10.2428 0
      vertex 40.1219 -10.2428 5
      vertex 39.8316 -10.2906 5
    endloop
  endfacet
  facet normal 0.195333 -0.980737 0
    outer loop
      vertex 40.2183 -10.2236 0
      vertex 40.1219 -10.2428 5
      vertex 40.1219 -10.2428 0
    endloop
  endfacet
  facet normal 0.195333 -0.980737 0
    outer loop
      vertex 40.2183 -10.2236 0
      vertex 40.2183 -10.2236 5
      vertex 40.1219 -10.2428 5
    endloop
  endfacet
  facet normal 0.22724 -0.973839 0
    outer loop
      vertex 40.505 -10.1567 0
      vertex 40.2183 -10.2236 5
      vertex 40.2183 -10.2236 0
    endloop
  endfacet
  facet normal 0.22724 -0.973839 0
    outer loop
      vertex 40.505 -10.1567 0
      vertex 40.505 -10.1567 5
      vertex 40.2183 -10.2236 5
    endloop
  endfacet
  facet normal 0.258804 -0.96593 0
    outer loop
      vertex 40.5998 -10.1313 0
      vertex 40.505 -10.1567 5
      vertex 40.505 -10.1567 0
    endloop
  endfacet
  facet normal 0.258804 -0.96593 0
    outer loop
      vertex 40.5998 -10.1313 0
      vertex 40.5998 -10.1313 5
      vertex 40.505 -10.1567 5
    endloop
  endfacet
  facet normal 0.290149 -0.956982 0
    outer loop
      vertex 40.8818 -10.0458 0
      vertex 40.5998 -10.1313 5
      vertex 40.5998 -10.1313 0
    endloop
  endfacet
  facet normal 0.290149 -0.956982 0
    outer loop
      vertex 40.8818 -10.0458 0
      vertex 40.8818 -10.0458 5
      vertex 40.5998 -10.1313 5
    endloop
  endfacet
  facet normal 0.322031 -0.946729 0
    outer loop
      vertex 40.9747 -10.0142 0
      vertex 40.8818 -10.0458 5
      vertex 40.8818 -10.0458 0
    endloop
  endfacet
  facet normal 0.322031 -0.946729 0
    outer loop
      vertex 40.9747 -10.0142 0
      vertex 40.9747 -10.0142 5
      vertex 40.8818 -10.0458 5
    endloop
  endfacet
  facet normal 0.352092 -0.935966 0
    outer loop
      vertex 41.2501 -9.9106 0
      vertex 40.9747 -10.0142 5
      vertex 40.9747 -10.0142 0
    endloop
  endfacet
  facet normal 0.352092 -0.935966 0
    outer loop
      vertex 41.2501 -9.9106 0
      vertex 41.2501 -9.9106 5
      vertex 40.9747 -10.0142 5
    endloop
  endfacet
  facet normal 0.382691 -0.923877 0
    outer loop
      vertex 41.3408 -9.87303 0
      vertex 41.2501 -9.9106 5
      vertex 41.2501 -9.9106 0
    endloop
  endfacet
  facet normal 0.382691 -0.923877 0
    outer loop
      vertex 41.3408 -9.87303 0
      vertex 41.3408 -9.87303 5
      vertex 41.2501 -9.9106 5
    endloop
  endfacet
  facet normal 0.412751 -0.910844 0
    outer loop
      vertex 41.6089 -9.75154 0
      vertex 41.3408 -9.87303 5
      vertex 41.3408 -9.87303 0
    endloop
  endfacet
  facet normal 0.412751 -0.910844 0
    outer loop
      vertex 41.6089 -9.75154 0
      vertex 41.6089 -9.75154 5
      vertex 41.3408 -9.87303 5
    endloop
  endfacet
  facet normal 0.442239 -0.896897 0
    outer loop
      vertex 41.697 -9.7081 0
      vertex 41.6089 -9.75154 5
      vertex 41.6089 -9.75154 0
    endloop
  endfacet
  facet normal 0.442239 -0.896897 0
    outer loop
      vertex 41.697 -9.7081 0
      vertex 41.697 -9.7081 5
      vertex 41.6089 -9.75154 5
    endloop
  endfacet
  facet normal 0.471469 -0.881882 0
    outer loop
      vertex 41.9567 -9.56926 0
      vertex 41.697 -9.7081 5
      vertex 41.697 -9.7081 0
    endloop
  endfacet
  facet normal 0.471469 -0.881882 0
    outer loop
      vertex 41.9567 -9.56926 0
      vertex 41.9567 -9.56926 5
      vertex 41.697 -9.7081 5
    endloop
  endfacet
  facet normal 0.499734 -0.866179 0
    outer loop
      vertex 42.0417 -9.52022 0
      vertex 41.9567 -9.56926 5
      vertex 41.9567 -9.56926 0
    endloop
  endfacet
  facet normal 0.499734 -0.866179 0
    outer loop
      vertex 42.0417 -9.52022 0
      vertex 42.0417 -9.52022 5
      vertex 41.9567 -9.56926 5
    endloop
  endfacet
  facet normal 0.528136 -0.84916 0
    outer loop
      vertex 42.2918 -9.36467 0
      vertex 42.0417 -9.52022 5
      vertex 42.0417 -9.52022 0
    endloop
  endfacet
  facet normal 0.528136 -0.84916 0
    outer loop
      vertex 42.2918 -9.36467 0
      vertex 42.2918 -9.36467 5
      vertex 42.0417 -9.52022 5
    endloop
  endfacet
  facet normal 0.555498 -0.831518 0
    outer loop
      vertex 42.3735 -9.31009 0
      vertex 42.2918 -9.36467 5
      vertex 42.2918 -9.36467 0
    endloop
  endfacet
  facet normal 0.555498 -0.831518 0
    outer loop
      vertex 42.3735 -9.31009 0
      vertex 42.3735 -9.31009 5
      vertex 42.2918 -9.36467 5
    endloop
  endfacet
  facet normal 0.582437 -0.812876 0
    outer loop
      vertex 42.6127 -9.1387 0
      vertex 42.3735 -9.31009 5
      vertex 42.3735 -9.31009 0
    endloop
  endfacet
  facet normal 0.582437 -0.812876 0
    outer loop
      vertex 42.6127 -9.1387 0
      vertex 42.6127 -9.1387 5
      vertex 42.3735 -9.31009 5
    endloop
  endfacet
  facet normal 0.609203 -0.793015 0
    outer loop
      vertex 42.6904 -9.07901 0
      vertex 42.6127 -9.1387 5
      vertex 42.6127 -9.1387 0
    endloop
  endfacet
  facet normal 0.609203 -0.793015 0
    outer loop
      vertex 42.6904 -9.07901 0
      vertex 42.6904 -9.07901 5
      vertex 42.6127 -9.1387 5
    endloop
  endfacet
  facet normal 0.634376 -0.773025 0
    outer loop
      vertex 42.9181 -8.89215 0
      vertex 42.6904 -9.07901 5
      vertex 42.6904 -9.07901 0
    endloop
  endfacet
  facet normal 0.634376 -0.773025 0
    outer loop
      vertex 42.9181 -8.89215 0
      vertex 42.9181 -8.89215 5
      vertex 42.6904 -9.07901 5
    endloop
  endfacet
  facet normal 0.659066 -0.752085 0
    outer loop
      vertex 42.992 -8.82739 0
      vertex 42.9181 -8.89215 5
      vertex 42.9181 -8.89215 0
    endloop
  endfacet
  facet normal 0.659066 -0.752085 0
    outer loop
      vertex 42.992 -8.82739 0
      vertex 42.992 -8.82739 5
      vertex 42.9181 -8.89215 5
    endloop
  endfacet
  facet normal 0.68357 -0.729885 0
    outer loop
      vertex 43.2068 -8.62622 0
      vertex 42.992 -8.82739 5
      vertex 42.992 -8.82739 0
    endloop
  endfacet
  facet normal 0.68357 -0.729885 0
    outer loop
      vertex 43.2068 -8.62622 0
      vertex 43.2068 -8.62622 5
      vertex 42.992 -8.82739 5
    endloop
  endfacet
  facet normal 0.707158 -0.707056 0
    outer loop
      vertex 43.2762 -8.55681 0
      vertex 43.2068 -8.62622 5
      vertex 43.2068 -8.62622 0
    endloop
  endfacet
  facet normal 0.707158 -0.707056 0
    outer loop
      vertex 43.2762 -8.55681 0
      vertex 43.2762 -8.55681 5
      vertex 43.2068 -8.62622 5
    endloop
  endfacet
  facet normal 0.729913 -0.68354 0
    outer loop
      vertex 43.4774 -8.34196 0
      vertex 43.2762 -8.55681 5
      vertex 43.2762 -8.55681 0
    endloop
  endfacet
  facet normal 0.729913 -0.68354 0
    outer loop
      vertex 43.4774 -8.34196 0
      vertex 43.4774 -8.34196 5
      vertex 43.2762 -8.55681 5
    endloop
  endfacet
  facet normal 0.751635 -0.659579 0
    outer loop
      vertex 43.5421 -8.26823 0
      vertex 43.4774 -8.34196 5
      vertex 43.4774 -8.34196 0
    endloop
  endfacet
  facet normal 0.751635 -0.659579 0
    outer loop
      vertex 43.5421 -8.26823 0
      vertex 43.5421 -8.26823 5
      vertex 43.4774 -8.34196 5
    endloop
  endfacet
  facet normal 0.773108 -0.634274 0
    outer loop
      vertex 43.729 -8.04042 0
      vertex 43.5421 -8.26823 5
      vertex 43.5421 -8.26823 0
    endloop
  endfacet
  facet normal 0.773108 -0.634274 0
    outer loop
      vertex 43.729 -8.04042 0
      vertex 43.729 -8.04042 5
      vertex 43.5421 -8.26823 5
    endloop
  endfacet
  facet normal 0.792964 -0.609268 0
    outer loop
      vertex 43.7889 -7.96246 0
      vertex 43.729 -8.04042 5
      vertex 43.729 -8.04042 0
    endloop
  endfacet
  facet normal 0.792964 -0.609268 0
    outer loop
      vertex 43.7889 -7.96246 0
      vertex 43.7889 -7.96246 5
      vertex 43.729 -8.04042 5
    endloop
  endfacet
  facet normal 0.812905 -0.582396 0
    outer loop
      vertex 43.9601 -7.7235 0
      vertex 43.7889 -7.96246 5
      vertex 43.7889 -7.96246 0
    endloop
  endfacet
  facet normal 0.812905 -0.582396 0
    outer loop
      vertex 43.9601 -7.7235 0
      vertex 43.9601 -7.7235 5
      vertex 43.7889 -7.96246 5
    endloop
  endfacet
  facet normal 0.831611 -0.555358 0
    outer loop
      vertex 44.0146 -7.64189 0
      vertex 43.9601 -7.7235 5
      vertex 43.9601 -7.7235 0
    endloop
  endfacet
  facet normal 0.831611 -0.555358 0
    outer loop
      vertex 44.0146 -7.64189 0
      vertex 44.0146 -7.64189 5
      vertex 43.9601 -7.7235 5
    endloop
  endfacet
  facet normal 0.849215 -0.528047 0
    outer loop
      vertex 44.1703 -7.39149 0
      vertex 44.0146 -7.64189 5
      vertex 44.0146 -7.64189 0
    endloop
  endfacet
  facet normal 0.849215 -0.528047 0
    outer loop
      vertex 44.1703 -7.39149 0
      vertex 44.1703 -7.39149 5
      vertex 44.0146 -7.64189 5
    endloop
  endfacet
  facet normal 0.865965 -0.500104 0
    outer loop
      vertex 44.2194 -7.30647 0
      vertex 44.1703 -7.39149 5
      vertex 44.1703 -7.39149 0
    endloop
  endfacet
  facet normal 0.865965 -0.500104 0
    outer loop
      vertex 44.2194 -7.30647 0
      vertex 44.2194 -7.30647 5
      vertex 44.1703 -7.39149 5
    endloop
  endfacet
  facet normal 0.881972 -0.471301 0
    outer loop
      vertex 44.358 -7.0471 0
      vertex 44.2194 -7.30647 5
      vertex 44.2194 -7.30647 0
    endloop
  endfacet
  facet normal 0.881972 -0.471301 0
    outer loop
      vertex 44.358 -7.0471 0
      vertex 44.358 -7.0471 5
      vertex 44.2194 -7.30647 5
    endloop
  endfacet
  facet normal 0.8967 -0.442639 0
    outer loop
      vertex 44.4014 -6.95918 0
      vertex 44.358 -7.0471 5
      vertex 44.358 -7.0471 0
    endloop
  endfacet
  facet normal 0.8967 -0.442639 0
    outer loop
      vertex 44.4014 -6.95918 0
      vertex 44.4014 -6.95918 5
      vertex 44.358 -7.0471 5
    endloop
  endfacet
  facet normal 0.910831 -0.41278 0
    outer loop
      vertex 44.523 -6.69086 0
      vertex 44.4014 -6.95918 5
      vertex 44.4014 -6.95918 0
    endloop
  endfacet
  facet normal 0.910831 -0.41278 0
    outer loop
      vertex 44.523 -6.69086 0
      vertex 44.523 -6.69086 5
      vertex 44.4014 -6.95918 5
    endloop
  endfacet
  facet normal 0.923858 -0.382735 0
    outer loop
      vertex 44.5606 -6.6001 0
      vertex 44.523 -6.69086 5
      vertex 44.523 -6.69086 0
    endloop
  endfacet
  facet normal 0.923858 -0.382735 0
    outer loop
      vertex 44.5606 -6.6001 0
      vertex 44.5606 -6.6001 5
      vertex 44.523 -6.69086 5
    endloop
  endfacet
  facet normal 0.935921 -0.35221 0
    outer loop
      vertex 44.6643 -6.32454 0
      vertex 44.5606 -6.6001 5
      vertex 44.5606 -6.6001 0
    endloop
  endfacet
  facet normal 0.935921 -0.35221 0
    outer loop
      vertex 44.6643 -6.32454 0
      vertex 44.6643 -6.32454 5
      vertex 44.5606 -6.6001 5
    endloop
  endfacet
  facet normal 0.946835 -0.32172 0
    outer loop
      vertex 44.6959 -6.23154 0
      vertex 44.6643 -6.32454 5
      vertex 44.6643 -6.32454 0
    endloop
  endfacet
  facet normal 0.946835 -0.32172 0
    outer loop
      vertex 44.6959 -6.23154 0
      vertex 44.6959 -6.23154 5
      vertex 44.6643 -6.32454 5
    endloop
  endfacet
  facet normal 0.956953 -0.290243 0
    outer loop
      vertex 44.7813 -5.94997 0
      vertex 44.6959 -6.23154 5
      vertex 44.6959 -6.23154 0
    endloop
  endfacet
  facet normal 0.956953 -0.290243 0
    outer loop
      vertex 44.7813 -5.94997 0
      vertex 44.7813 -5.94997 5
      vertex 44.6959 -6.23154 5
    endloop
  endfacet
  facet normal 0.965882 -0.258982 0
    outer loop
      vertex 44.8067 -5.85524 0
      vertex 44.7813 -5.94997 5
      vertex 44.7813 -5.94997 0
    endloop
  endfacet
  facet normal 0.965882 -0.258982 0
    outer loop
      vertex 44.8067 -5.85524 0
      vertex 44.8067 -5.85524 5
      vertex 44.7813 -5.94997 5
    endloop
  endfacet
  facet normal 0.973879 -0.227068 0
    outer loop
      vertex 44.8736 -5.56831 0
      vertex 44.8067 -5.85524 5
      vertex 44.8067 -5.85524 0
    endloop
  endfacet
  facet normal 0.973879 -0.227068 0
    outer loop
      vertex 44.8736 -5.56831 0
      vertex 44.8736 -5.56831 5
      vertex 44.8067 -5.85524 5
    endloop
  endfacet
  facet normal 0.980931 -0.194355 0
    outer loop
      vertex 44.8927 -5.47191 0
      vertex 44.8736 -5.56831 5
      vertex 44.8736 -5.56831 0
    endloop
  endfacet
  facet normal 0.980931 -0.194355 0
    outer loop
      vertex 44.8927 -5.47191 0
      vertex 44.8927 -5.47191 5
      vertex 44.8736 -5.56831 5
    endloop
  endfacet
  facet normal 0.986614 -0.163071 0
    outer loop
      vertex 44.9407 -5.1815 0
      vertex 44.8927 -5.47191 5
      vertex 44.8927 -5.47191 0
    endloop
  endfacet
  facet normal 0.986614 -0.163071 0
    outer loop
      vertex 44.9407 -5.1815 0
      vertex 44.9407 -5.1815 5
      vertex 44.8927 -5.47191 5
    endloop
  endfacet
  facet normal 0.991437 -0.130586 0
    outer loop
      vertex 44.9535 -5.08432 0
      vertex 44.9407 -5.1815 5
      vertex 44.9407 -5.1815 0
    endloop
  endfacet
  facet normal 0.991437 -0.130586 0
    outer loop
      vertex 44.9535 -5.08432 0
      vertex 44.9535 -5.08432 5
      vertex 44.9407 -5.1815 5
    endloop
  endfacet
  facet normal 0.995205 -0.0978089 0
    outer loop
      vertex 44.9823 -4.79128 0
      vertex 44.9535 -5.08432 5
      vertex 44.9535 -5.08432 0
    endloop
  endfacet
  facet normal 0.995205 -0.0978089 0
    outer loop
      vertex 44.9823 -4.79128 0
      vertex 44.9823 -4.79128 5
      vertex 44.9535 -5.08432 5
    endloop
  endfacet
  facet normal 0.997805 -0.0662215 0
    outer loop
      vertex 44.9888 -4.69334 0
      vertex 44.9823 -4.79128 5
      vertex 44.9823 -4.79128 0
    endloop
  endfacet
  facet normal 0.997805 -0.0662215 0
    outer loop
      vertex 44.9888 -4.69334 0
      vertex 44.9888 -4.69334 5
      vertex 44.9823 -4.79128 5
    endloop
  endfacet
  facet normal 0.999468 -0.0326113 0
    outer loop
      vertex 44.9984 -4.39912 0
      vertex 44.9888 -4.69334 5
      vertex 44.9888 -4.69334 0
    endloop
  endfacet
  facet normal 0.999468 -0.0326113 0
    outer loop
      vertex 44.9984 -4.39912 0
      vertex 44.9984 -4.39912 5
      vertex 44.9888 -4.69334 5
    endloop
  endfacet
  facet normal 1 0 0
    outer loop
      vertex 44.9984 -4.30086 0
      vertex 44.9984 -4.39912 5
      vertex 44.9984 -4.39912 0
    endloop
  endfacet
  facet normal 1 0 -0
    outer loop
      vertex 44.9984 -4.30086 0
      vertex 44.9984 -4.30086 5
      vertex 44.9984 -4.39912 5
    endloop
  endfacet
  facet normal 0.999468 0.0326113 0
    outer loop
      vertex 44.9888 -4.00664 0
      vertex 44.9984 -4.30086 5
      vertex 44.9984 -4.30086 0
    endloop
  endfacet
  facet normal 0.999468 0.0326113 -0
    outer loop
      vertex 44.9888 -4.00664 0
      vertex 44.9888 -4.00664 5
      vertex 44.9984 -4.30086 5
    endloop
  endfacet
  facet normal 0.997805 0.0662282 0
    outer loop
      vertex 44.9823 -3.90871 0
      vertex 44.9888 -4.00664 5
      vertex 44.9888 -4.00664 0
    endloop
  endfacet
  facet normal 0.997805 0.0662282 -0
    outer loop
      vertex 44.9823 -3.90871 0
      vertex 44.9823 -3.90871 5
      vertex 44.9888 -4.00664 5
    endloop
  endfacet
  facet normal 0.995206 0.0978056 0
    outer loop
      vertex 44.9535 -3.61566 0
      vertex 44.9823 -3.90871 5
      vertex 44.9823 -3.90871 0
    endloop
  endfacet
  facet normal 0.995206 0.0978056 -0
    outer loop
      vertex 44.9535 -3.61566 0
      vertex 44.9535 -3.61566 5
      vertex 44.9823 -3.90871 5
    endloop
  endfacet
  facet normal 0.991437 0.130586 0
    outer loop
      vertex 44.9407 -3.51848 0
      vertex 44.9535 -3.61566 5
      vertex 44.9535 -3.61566 0
    endloop
  endfacet
  facet normal 0.991437 0.130586 -0
    outer loop
      vertex 44.9407 -3.51848 0
      vertex 44.9407 -3.51848 5
      vertex 44.9535 -3.61566 5
    endloop
  endfacet
  facet normal 0.986614 0.163071 0
    outer loop
      vertex 44.8927 -3.22807 0
      vertex 44.9407 -3.51848 5
      vertex 44.9407 -3.51848 0
    endloop
  endfacet
  facet normal 0.986614 0.163071 -0
    outer loop
      vertex 44.8927 -3.22807 0
      vertex 44.8927 -3.22807 5
      vertex 44.9407 -3.51848 5
    endloop
  endfacet
  facet normal 0.980931 0.194355 0
    outer loop
      vertex 44.8736 -3.13167 0
      vertex 44.8927 -3.22807 5
      vertex 44.8927 -3.22807 0
    endloop
  endfacet
  facet normal 0.980931 0.194355 -0
    outer loop
      vertex 44.8736 -3.13167 0
      vertex 44.8736 -3.13167 5
      vertex 44.8927 -3.22807 5
    endloop
  endfacet
  facet normal 0.973879 0.227068 0
    outer loop
      vertex 44.8067 -2.84474 0
      vertex 44.8736 -3.13167 5
      vertex 44.8736 -3.13167 0
    endloop
  endfacet
  facet normal 0.973879 0.227068 -0
    outer loop
      vertex 44.8067 -2.84474 0
      vertex 44.8067 -2.84474 5
      vertex 44.8736 -3.13167 5
    endloop
  endfacet
  facet normal 0.965875 0.259008 0
    outer loop
      vertex 44.7813 -2.75002 0
      vertex 44.8067 -2.84474 5
      vertex 44.8067 -2.84474 0
    endloop
  endfacet
  facet normal 0.965875 0.259008 -0
    outer loop
      vertex 44.7813 -2.75002 0
      vertex 44.7813 -2.75002 5
      vertex 44.8067 -2.84474 5
    endloop
  endfacet
  facet normal 0.956956 0.290234 0
    outer loop
      vertex 44.6959 -2.46844 0
      vertex 44.7813 -2.75002 5
      vertex 44.7813 -2.75002 0
    endloop
  endfacet
  facet normal 0.956956 0.290234 -0
    outer loop
      vertex 44.6959 -2.46844 0
      vertex 44.6959 -2.46844 5
      vertex 44.7813 -2.75002 5
    endloop
  endfacet
  facet normal 0.946835 0.32172 0
    outer loop
      vertex 44.6643 -2.37544 0
      vertex 44.6959 -2.46844 5
      vertex 44.6959 -2.46844 0
    endloop
  endfacet
  facet normal 0.946835 0.32172 -0
    outer loop
      vertex 44.6643 -2.37544 0
      vertex 44.6643 -2.37544 5
      vertex 44.6959 -2.46844 5
    endloop
  endfacet
  facet normal 0.935921 0.35221 0
    outer loop
      vertex 44.5606 -2.09988 0
      vertex 44.6643 -2.37544 5
      vertex 44.6643 -2.37544 0
    endloop
  endfacet
  facet normal 0.935921 0.35221 -0
    outer loop
      vertex 44.5606 -2.09988 0
      vertex 44.5606 -2.09988 5
      vertex 44.6643 -2.37544 5
    endloop
  endfacet
  facet normal 0.923858 0.382735 0
    outer loop
      vertex 44.523 -2.00912 0
      vertex 44.5606 -2.09988 5
      vertex 44.5606 -2.09988 0
    endloop
  endfacet
  facet normal 0.923858 0.382735 -0
    outer loop
      vertex 44.523 -2.00912 0
      vertex 44.523 -2.00912 5
      vertex 44.5606 -2.09988 5
    endloop
  endfacet
  facet normal 0.910831 0.41278 0
    outer loop
      vertex 44.4014 -1.7408 0
      vertex 44.523 -2.00912 5
      vertex 44.523 -2.00912 0
    endloop
  endfacet
  facet normal 0.910831 0.41278 -0
    outer loop
      vertex 44.4014 -1.7408 0
      vertex 44.4014 -1.7408 5
      vertex 44.523 -2.00912 5
    endloop
  endfacet
  facet normal 0.8967 0.442639 0
    outer loop
      vertex 44.358 -1.65288 0
      vertex 44.4014 -1.7408 5
      vertex 44.4014 -1.7408 0
    endloop
  endfacet
  facet normal 0.8967 0.442639 -0
    outer loop
      vertex 44.358 -1.65288 0
      vertex 44.358 -1.65288 5
      vertex 44.4014 -1.7408 5
    endloop
  endfacet
  facet normal 0.881972 0.471301 0
    outer loop
      vertex 44.2194 -1.39351 0
      vertex 44.358 -1.65288 5
      vertex 44.358 -1.65288 0
    endloop
  endfacet
  facet normal 0.881972 0.471301 -0
    outer loop
      vertex 44.2194 -1.39351 0
      vertex 44.2194 -1.39351 5
      vertex 44.358 -1.65288 5
    endloop
  endfacet
  facet normal 0.865965 0.500104 0
    outer loop
      vertex 44.1703 -1.30849 0
      vertex 44.2194 -1.39351 5
      vertex 44.2194 -1.39351 0
    endloop
  endfacet
  facet normal 0.865965 0.500104 -0
    outer loop
      vertex 44.1703 -1.30849 0
      vertex 44.1703 -1.30849 5
      vertex 44.2194 -1.39351 5
    endloop
  endfacet
  facet normal 0.849215 0.528047 0
    outer loop
      vertex 44.0146 -1.05809 0
      vertex 44.1703 -1.30849 5
      vertex 44.1703 -1.30849 0
    endloop
  endfacet
  facet normal 0.849215 0.528047 -0
    outer loop
      vertex 44.0146 -1.05809 0
      vertex 44.0146 -1.05809 5
      vertex 44.1703 -1.30849 5
    endloop
  endfacet
  facet normal 0.831592 0.555387 0
    outer loop
      vertex 43.9601 -0.976486 0
      vertex 44.0146 -1.05809 5
      vertex 44.0146 -1.05809 0
    endloop
  endfacet
  facet normal 0.831592 0.555387 -0
    outer loop
      vertex 43.9601 -0.976486 0
      vertex 43.9601 -0.976486 5
      vertex 44.0146 -1.05809 5
    endloop
  endfacet
  facet normal 0.812914 0.582383 0
    outer loop
      vertex 43.7889 -0.737518 0
      vertex 43.9601 -0.976486 5
      vertex 43.9601 -0.976486 0
    endloop
  endfacet
  facet normal 0.812914 0.582383 -0
    outer loop
      vertex 43.7889 -0.737518 0
      vertex 43.7889 -0.737518 5
      vertex 43.9601 -0.976486 5
    endloop
  endfacet
  facet normal 0.792953 0.609283 0
    outer loop
      vertex 43.729 -0.659561 0
      vertex 43.7889 -0.737518 5
      vertex 43.7889 -0.737518 0
    endloop
  endfacet
  facet normal 0.792953 0.609283 -0
    outer loop
      vertex 43.729 -0.659561 0
      vertex 43.729 -0.659561 5
      vertex 43.7889 -0.737518 5
    endloop
  endfacet
  facet normal 0.773114 0.634267 0
    outer loop
      vertex 43.5421 -0.431747 0
      vertex 43.729 -0.659561 5
      vertex 43.729 -0.659561 0
    endloop
  endfacet
  facet normal 0.773114 0.634267 -0
    outer loop
      vertex 43.5421 -0.431747 0
      vertex 43.5421 -0.431747 5
      vertex 43.729 -0.659561 5
    endloop
  endfacet
  facet normal 0.751772 0.659423 0
    outer loop
      vertex 43.4774 -0.357986 0
      vertex 43.5421 -0.431747 5
      vertex 43.5421 -0.431747 0
    endloop
  endfacet
  facet normal 0.751772 0.659423 -0
    outer loop
      vertex 43.4774 -0.357986 0
      vertex 43.4774 -0.357986 5
      vertex 43.5421 -0.431747 5
    endloop
  endfacet
  facet normal 0.729805 0.683655 0
    outer loop
      vertex 43.2762 -0.143204 0
      vertex 43.4774 -0.357986 5
      vertex 43.4774 -0.357986 0
    endloop
  endfacet
  facet normal 0.729805 0.683655 -0
    outer loop
      vertex 43.2762 -0.143204 0
      vertex 43.2762 -0.143204 5
      vertex 43.4774 -0.357986 5
    endloop
  endfacet
  facet normal 0.707093 0.707121 0
    outer loop
      vertex 43.2068 -0.0738068 0
      vertex 43.2762 -0.143204 5
      vertex 43.2762 -0.143204 0
    endloop
  endfacet
  facet normal 0.707093 0.707121 -0
    outer loop
      vertex 43.2068 -0.0738068 0
      vertex 43.2068 -0.0738068 5
      vertex 43.2762 -0.143204 5
    endloop
  endfacet
  facet normal 0.683571 0.729884 0
    outer loop
      vertex 42.9919 0.127457 0
      vertex 43.2068 -0.0738068 5
      vertex 43.2068 -0.0738068 0
    endloop
  endfacet
  facet normal 0.683571 0.729884 -0
    outer loop
      vertex 42.9919 0.127457 0
      vertex 42.9919 0.127457 5
      vertex 43.2068 -0.0738068 5
    endloop
  endfacet
  facet normal 0.659295 0.751885 0
    outer loop
      vertex 42.9181 0.192169 0
      vertex 42.9919 0.127457 5
      vertex 42.9919 0.127457 0
    endloop
  endfacet
  facet normal 0.659295 0.751885 -0
    outer loop
      vertex 42.9181 0.192169 0
      vertex 42.9181 0.192169 5
      vertex 42.9919 0.127457 5
    endloop
  endfacet
  facet normal 0.634417 0.772991 0
    outer loop
      vertex 42.6905 0.378967 0
      vertex 42.9181 0.192169 5
      vertex 42.9181 0.192169 0
    endloop
  endfacet
  facet normal 0.634417 0.772991 -0
    outer loop
      vertex 42.6905 0.378967 0
      vertex 42.6905 0.378967 5
      vertex 42.9181 0.192169 5
    endloop
  endfacet
  facet normal 0.609018 0.793157 0
    outer loop
      vertex 42.6127 0.438705 0
      vertex 42.6905 0.378967 5
      vertex 42.6905 0.378967 0
    endloop
  endfacet
  facet normal 0.609018 0.793157 -0
    outer loop
      vertex 42.6127 0.438705 0
      vertex 42.6127 0.438705 5
      vertex 42.6905 0.378967 5
    endloop
  endfacet
  facet normal 0.582464 0.812857 0
    outer loop
      vertex 42.3735 0.610107 0
      vertex 42.6127 0.438705 5
      vertex 42.6127 0.438705 0
    endloop
  endfacet
  facet normal 0.582464 0.812857 -0
    outer loop
      vertex 42.3735 0.610107 0
      vertex 42.3735 0.610107 5
      vertex 42.6127 0.438705 5
    endloop
  endfacet
  facet normal 0.5554 0.831583 0
    outer loop
      vertex 42.2918 0.664673 0
      vertex 42.3735 0.610107 5
      vertex 42.3735 0.610107 0
    endloop
  endfacet
  facet normal 0.5554 0.831583 -0
    outer loop
      vertex 42.2918 0.664673 0
      vertex 42.2918 0.664673 5
      vertex 42.3735 0.610107 5
    endloop
  endfacet
  facet normal 0.528131 0.849163 0
    outer loop
      vertex 42.0417 0.820221 0
      vertex 42.2918 0.664673 5
      vertex 42.2918 0.664673 0
    endloop
  endfacet
  facet normal 0.528131 0.849163 -0
    outer loop
      vertex 42.0417 0.820221 0
      vertex 42.0417 0.820221 5
      vertex 42.2918 0.664673 5
    endloop
  endfacet
  facet normal 0.49975 0.86617 0
    outer loop
      vertex 41.9567 0.869263 0
      vertex 42.0417 0.820221 5
      vertex 42.0417 0.820221 0
    endloop
  endfacet
  facet normal 0.49975 0.86617 -0
    outer loop
      vertex 41.9567 0.869263 0
      vertex 41.9567 0.869263 5
      vertex 42.0417 0.820221 5
    endloop
  endfacet
  facet normal 0.471461 0.881887 0
    outer loop
      vertex 41.697 1.0081 0
      vertex 41.9567 0.869263 5
      vertex 41.9567 0.869263 0
    endloop
  endfacet
  facet normal 0.471461 0.881887 -0
    outer loop
      vertex 41.697 1.0081 0
      vertex 41.697 1.0081 5
      vertex 41.9567 0.869263 5
    endloop
  endfacet
  facet normal 0.442239 0.896897 0
    outer loop
      vertex 41.6089 1.05154 0
      vertex 41.697 1.0081 5
      vertex 41.697 1.0081 0
    endloop
  endfacet
  facet normal 0.442239 0.896897 -0
    outer loop
      vertex 41.6089 1.05154 0
      vertex 41.6089 1.05154 5
      vertex 41.697 1.0081 5
    endloop
  endfacet
  facet normal 0.412751 0.910844 0
    outer loop
      vertex 41.3408 1.17303 0
      vertex 41.6089 1.05154 5
      vertex 41.6089 1.05154 0
    endloop
  endfacet
  facet normal 0.412751 0.910844 -0
    outer loop
      vertex 41.3408 1.17303 0
      vertex 41.3408 1.17303 5
      vertex 41.6089 1.05154 5
    endloop
  endfacet
  facet normal 0.382604 0.923913 0
    outer loop
      vertex 41.2501 1.21059 0
      vertex 41.3408 1.17303 5
      vertex 41.3408 1.17303 0
    endloop
  endfacet
  facet normal 0.382604 0.923913 -0
    outer loop
      vertex 41.2501 1.21059 0
      vertex 41.2501 1.21059 5
      vertex 41.3408 1.17303 5
    endloop
  endfacet
  facet normal 0.35224 0.93591 0
    outer loop
      vertex 40.9747 1.31424 0
      vertex 41.2501 1.21059 5
      vertex 41.2501 1.21059 0
    endloop
  endfacet
  facet normal 0.35224 0.93591 -0
    outer loop
      vertex 40.9747 1.31424 0
      vertex 40.9747 1.31424 5
      vertex 41.2501 1.21059 5
    endloop
  endfacet
  facet normal 0.321446 0.946928 0
    outer loop
      vertex 40.8817 1.34581 0
      vertex 40.9747 1.31424 5
      vertex 40.9747 1.31424 0
    endloop
  endfacet
  facet normal 0.321446 0.946928 -0
    outer loop
      vertex 40.8817 1.34581 0
      vertex 40.8817 1.34581 5
      vertex 40.9747 1.31424 5
    endloop
  endfacet
  facet normal 0.290278 0.956942 0
    outer loop
      vertex 40.5732 1.43939 0
      vertex 40.8817 1.34581 5
      vertex 40.8817 1.34581 0
    endloop
  endfacet
  facet normal 0.290278 0.956942 -0
    outer loop
      vertex 40.5732 1.43939 0
      vertex 40.5732 1.43939 5
      vertex 40.8817 1.34581 5
    endloop
  endfacet
  facet normal 0.276794 0.960929 0
    outer loop
      vertex 40.5322 1.4512 0
      vertex 40.5732 1.43939 5
      vertex 40.5732 1.43939 0
    endloop
  endfacet
  facet normal 0.276794 0.960929 -0
    outer loop
      vertex 40.5322 1.4512 0
      vertex 40.5322 1.4512 5
      vertex 40.5732 1.43939 5
    endloop
  endfacet
  facet normal 0.262896 0.964824 0
    outer loop
      vertex 10.9393 9.51471 0
      vertex 40.5322 1.4512 5
      vertex 40.5322 1.4512 0
    endloop
  endfacet
  facet normal 0.262896 0.964824 -0
    outer loop
      vertex 10.9393 9.51471 0
      vertex 10.9393 9.51471 5
      vertex 40.5322 1.4512 5
    endloop
  endfacet
  facet normal 0.771817 0.635844 0
    outer loop
      vertex 10.9328 9.5226 0
      vertex 10.9393 9.51471 5
      vertex 10.9393 9.51471 0
    endloop
  endfacet
  facet normal 0.771817 0.635844 -0
    outer loop
      vertex 10.9328 9.5226 0
      vertex 10.9328 9.5226 5
      vertex 10.9393 9.51471 5
    endloop
  endfacet
  facet normal 0.751635 0.659579 0
    outer loop
      vertex 10.8681 9.59633 0
      vertex 10.9328 9.5226 5
      vertex 10.9328 9.5226 0
    endloop
  endfacet
  facet normal 0.751635 0.659579 -0
    outer loop
      vertex 10.8681 9.59633 0
      vertex 10.8681 9.59633 5
      vertex 10.9328 9.5226 5
    endloop
  endfacet
  facet normal 0.729869 0.683587 0
    outer loop
      vertex 10.2866 10.2172 0
      vertex 10.8681 9.59633 5
      vertex 10.8681 9.59633 0
    endloop
  endfacet
  facet normal 0.729869 0.683587 -0
    outer loop
      vertex 10.2866 10.2172 0
      vertex 10.2866 10.2172 5
      vertex 10.8681 9.59633 5
    endloop
  endfacet
  facet normal 0.707107 0.707107 0
    outer loop
      vertex 10.2172 10.2866 0
      vertex 10.2866 10.2172 5
      vertex 10.2866 10.2172 0
    endloop
  endfacet
  facet normal 0.707107 0.707107 -0
    outer loop
      vertex 10.2172 10.2866 0
      vertex 10.2172 10.2866 5
      vertex 10.2866 10.2172 5
    endloop
  endfacet
  facet normal 0.683593 0.729863 0
    outer loop
      vertex 9.59634 10.8681 0
      vertex 10.2172 10.2866 5
      vertex 10.2172 10.2866 0
    endloop
  endfacet
  facet normal 0.683593 0.729863 -0
    outer loop
      vertex 9.59634 10.8681 0
      vertex 9.59634 10.8681 5
      vertex 10.2172 10.2866 5
    endloop
  endfacet
  facet normal 0.659377 0.751812 0
    outer loop
      vertex 9.52257 10.9328 0
      vertex 9.59634 10.8681 5
      vertex 9.59634 10.8681 0
    endloop
  endfacet
  facet normal 0.659377 0.751812 -0
    outer loop
      vertex 9.52257 10.9328 0
      vertex 9.52257 10.9328 5
      vertex 9.59634 10.8681 5
    endloop
  endfacet
  facet normal 0.634384 0.773018 0
    outer loop
      vertex 8.86505 11.4724 0
      vertex 9.52257 10.9328 5
      vertex 9.52257 10.9328 0
    endloop
  endfacet
  facet normal 0.634384 0.773018 -0
    outer loop
      vertex 8.86505 11.4724 0
      vertex 8.86505 11.4724 5
      vertex 9.52257 10.9328 5
    endloop
  endfacet
  facet normal 0.609021 0.793154 0
    outer loop
      vertex 8.78717 11.5322 0
      vertex 8.86505 11.4724 5
      vertex 8.86505 11.4724 0
    endloop
  endfacet
  facet normal 0.609021 0.793154 -0
    outer loop
      vertex 8.78717 11.5322 0
      vertex 8.78717 11.5322 5
      vertex 8.86505 11.4724 5
    endloop
  endfacet
  facet normal 0.582455 0.812863 0
    outer loop
      vertex 8.09566 12.0277 0
      vertex 8.78717 11.5322 5
      vertex 8.78717 11.5322 0
    endloop
  endfacet
  facet normal 0.582455 0.812863 -0
    outer loop
      vertex 8.09566 12.0277 0
      vertex 8.09566 12.0277 5
      vertex 8.78717 11.5322 5
    endloop
  endfacet
  facet normal 0.555358 0.831611 0
    outer loop
      vertex 8.01405 12.0822 0
      vertex 8.09566 12.0277 5
      vertex 8.09566 12.0277 0
    endloop
  endfacet
  facet normal 0.555358 0.831611 -0
    outer loop
      vertex 8.01405 12.0822 0
      vertex 8.01405 12.0822 5
      vertex 8.09566 12.0277 5
    endloop
  endfacet
  facet normal 0.528095 0.849185 0
    outer loop
      vertex 7.29173 12.5314 0
      vertex 8.01405 12.0822 5
      vertex 8.01405 12.0822 0
    endloop
  endfacet
  facet normal 0.528095 0.849185 -0
    outer loop
      vertex 7.29173 12.5314 0
      vertex 7.29173 12.5314 5
      vertex 8.01405 12.0822 5
    endloop
  endfacet
  facet normal 0.500104 0.865965 0
    outer loop
      vertex 7.20671 12.5805 0
      vertex 7.29173 12.5314 5
      vertex 7.29173 12.5314 0
    endloop
  endfacet
  facet normal 0.500104 0.865965 -0
    outer loop
      vertex 7.20671 12.5805 0
      vertex 7.20671 12.5805 5
      vertex 7.29173 12.5314 5
    endloop
  endfacet
  facet normal 0.471401 0.881919 0
    outer loop
      vertex 6.4565 12.9815 0
      vertex 7.20671 12.5805 5
      vertex 7.20671 12.5805 0
    endloop
  endfacet
  facet normal 0.471401 0.881919 -0
    outer loop
      vertex 6.4565 12.9815 0
      vertex 6.4565 12.9815 5
      vertex 7.20671 12.5805 5
    endloop
  endfacet
  facet normal 0.442194 0.89692 0
    outer loop
      vertex 6.36847 13.0249 0
      vertex 6.4565 12.9815 5
      vertex 6.4565 12.9815 0
    endloop
  endfacet
  facet normal 0.442194 0.89692 -0
    outer loop
      vertex 6.36847 13.0249 0
      vertex 6.36847 13.0249 5
      vertex 6.4565 12.9815 5
    endloop
  endfacet
  facet normal 0.412718 0.910859 0
    outer loop
      vertex 5.5936 13.376 0
      vertex 6.36847 13.0249 5
      vertex 6.36847 13.0249 0
    endloop
  endfacet
  facet normal 0.412718 0.910859 -0
    outer loop
      vertex 5.5936 13.376 0
      vertex 5.5936 13.376 5
      vertex 6.36847 13.0249 5
    endloop
  endfacet
  facet normal 0.382951 0.923768 0
    outer loop
      vertex 5.5029 13.4136 0
      vertex 5.5936 13.376 5
      vertex 5.5936 13.376 0
    endloop
  endfacet
  facet normal 0.382951 0.923768 -0
    outer loop
      vertex 5.5029 13.4136 0
      vertex 5.5029 13.4136 5
      vertex 5.5936 13.376 5
    endloop
  endfacet
  facet normal 0.352218 0.935918 0
    outer loop
      vertex 4.7068 13.7132 0
      vertex 5.5029 13.4136 5
      vertex 5.5029 13.4136 0
    endloop
  endfacet
  facet normal 0.352218 0.935918 -0
    outer loop
      vertex 4.7068 13.7132 0
      vertex 4.7068 13.7132 5
      vertex 5.5029 13.4136 5
    endloop
  endfacet
  facet normal 0.321055 0.947061 0
    outer loop
      vertex 4.61388 13.7447 0
      vertex 4.7068 13.7132 5
      vertex 4.7068 13.7132 0
    endloop
  endfacet
  facet normal 0.321055 0.947061 -0
    outer loop
      vertex 4.61388 13.7447 0
      vertex 4.61388 13.7447 5
      vertex 4.7068 13.7132 5
    endloop
  endfacet
  facet normal 0.290366 0.956916 0
    outer loop
      vertex 3.79988 13.9917 0
      vertex 4.61388 13.7447 5
      vertex 4.61388 13.7447 0
    endloop
  endfacet
  facet normal 0.290366 0.956916 -0
    outer loop
      vertex 3.79988 13.9917 0
      vertex 3.79988 13.9917 5
      vertex 4.61388 13.7447 5
    endloop
  endfacet
  facet normal 0.258728 0.96595 0
    outer loop
      vertex 3.70505 14.0171 0
      vertex 3.79988 13.9917 5
      vertex 3.79988 13.9917 0
    endloop
  endfacet
  facet normal 0.258728 0.96595 -0
    outer loop
      vertex 3.70505 14.0171 0
      vertex 3.70505 14.0171 5
      vertex 3.79988 13.9917 5
    endloop
  endfacet
  facet normal 0.227017 0.973891 0
    outer loop
      vertex 2.87666 14.2102 0
      vertex 3.70505 14.0171 5
      vertex 3.70505 14.0171 0
    endloop
  endfacet
  facet normal 0.227017 0.973891 -0
    outer loop
      vertex 2.87666 14.2102 0
      vertex 2.87666 14.2102 5
      vertex 3.70505 14.0171 5
    endloop
  endfacet
  facet normal 0.195607 0.980682 0
    outer loop
      vertex 2.7804 14.2294 0
      vertex 2.87666 14.2102 5
      vertex 2.87666 14.2102 0
    endloop
  endfacet
  facet normal 0.195607 0.980682 -0
    outer loop
      vertex 2.7804 14.2294 0
      vertex 2.7804 14.2294 5
      vertex 2.87666 14.2102 5
    endloop
  endfacet
  facet normal 0.162817 0.986656 0
    outer loop
      vertex 1.9411 14.3679 0
      vertex 2.7804 14.2294 5
      vertex 2.7804 14.2294 0
    endloop
  endfacet
  facet normal 0.162817 0.986656 -0
    outer loop
      vertex 1.9411 14.3679 0
      vertex 1.9411 14.3679 5
      vertex 2.7804 14.2294 5
    endloop
  endfacet
  facet normal 0.13143 0.991326 0
    outer loop
      vertex 1.8438 14.3808 0
      vertex 1.9411 14.3679 5
      vertex 1.9411 14.3679 0
    endloop
  endfacet
  facet normal 0.13143 0.991326 -0
    outer loop
      vertex 1.8438 14.3808 0
      vertex 1.8438 14.3808 5
      vertex 1.9411 14.3679 5
    endloop
  endfacet
  facet normal 0.0980205 0.995184 0
    outer loop
      vertex 0.997055 14.4642 0
      vertex 1.8438 14.3808 5
      vertex 1.8438 14.3808 0
    endloop
  endfacet
  facet normal 0.0980205 0.995184 -0
    outer loop
      vertex 0.997055 14.4642 0
      vertex 0.997055 14.4642 5
      vertex 1.8438 14.3808 5
    endloop
  endfacet
  facet normal 0.0652031 0.997872 0
    outer loop
      vertex 0.899109 14.4706 0
      vertex 0.997055 14.4642 5
      vertex 0.997055 14.4642 0
    endloop
  endfacet
  facet normal 0.0652031 0.997872 -0
    outer loop
      vertex 0.899109 14.4706 0
      vertex 0.899109 14.4706 5
      vertex 0.997055 14.4642 5
    endloop
  endfacet
  facet normal 0.0326876 0.999466 0
    outer loop
      vertex 0.0490875 14.4984 0
      vertex 0.899109 14.4706 5
      vertex 0.899109 14.4706 0
    endloop
  endfacet
  facet normal 0.0326876 0.999466 -0
    outer loop
      vertex 0.0490875 14.4984 0
      vertex 0.0490875 14.4984 5
      vertex 0.899109 14.4706 5
    endloop
  endfacet
  facet normal 0 1 0
    outer loop
      vertex -0.0490875 14.4984 0
      vertex 0.0490875 14.4984 5
      vertex 0.0490875 14.4984 0
    endloop
  endfacet
  facet normal 0 1 0
    outer loop
      vertex -0.0490875 14.4984 0
      vertex -0.0490875 14.4984 5
      vertex 0.0490875 14.4984 5
    endloop
  endfacet
  facet normal -0.0326876 0.999466 0
    outer loop
      vertex -0.899109 14.4706 0
      vertex -0.0490875 14.4984 5
      vertex -0.0490875 14.4984 0
    endloop
  endfacet
  facet normal -0.0326876 0.999466 0
    outer loop
      vertex -0.899109 14.4706 0
      vertex -0.899109 14.4706 5
      vertex -0.0490875 14.4984 5
    endloop
  endfacet
  facet normal -0.0652031 0.997872 0
    outer loop
      vertex -0.997055 14.4642 0
      vertex -0.899109 14.4706 5
      vertex -0.899109 14.4706 0
    endloop
  endfacet
  facet normal -0.0652031 0.997872 0
    outer loop
      vertex -0.997055 14.4642 0
      vertex -0.997055 14.4642 5
      vertex -0.899109 14.4706 5
    endloop
  endfacet
  facet normal -0.0980205 0.995184 0
    outer loop
      vertex -1.8438 14.3808 0
      vertex -0.997055 14.4642 5
      vertex -0.997055 14.4642 0
    endloop
  endfacet
  facet normal -0.0980205 0.995184 0
    outer loop
      vertex -1.8438 14.3808 0
      vertex -1.8438 14.3808 5
      vertex -0.997055 14.4642 5
    endloop
  endfacet
  facet normal -0.13143 0.991326 0
    outer loop
      vertex -1.9411 14.3679 0
      vertex -1.8438 14.3808 5
      vertex -1.8438 14.3808 0
    endloop
  endfacet
  facet normal -0.13143 0.991326 0
    outer loop
      vertex -1.9411 14.3679 0
      vertex -1.9411 14.3679 5
      vertex -1.8438 14.3808 5
    endloop
  endfacet
  facet normal -0.162817 0.986656 0
    outer loop
      vertex -2.7804 14.2294 0
      vertex -1.9411 14.3679 5
      vertex -1.9411 14.3679 0
    endloop
  endfacet
  facet normal -0.162817 0.986656 0
    outer loop
      vertex -2.7804 14.2294 0
      vertex -2.7804 14.2294 5
      vertex -1.9411 14.3679 5
    endloop
  endfacet
  facet normal -0.195607 0.980682 0
    outer loop
      vertex -2.87666 14.2102 0
      vertex -2.7804 14.2294 5
      vertex -2.7804 14.2294 0
    endloop
  endfacet
  facet normal -0.195607 0.980682 0
    outer loop
      vertex -2.87666 14.2102 0
      vertex -2.87666 14.2102 5
      vertex -2.7804 14.2294 5
    endloop
  endfacet
  facet normal -0.227017 0.973891 0
    outer loop
      vertex -3.70505 14.0171 0
      vertex -2.87666 14.2102 5
      vertex -2.87666 14.2102 0
    endloop
  endfacet
  facet normal -0.227017 0.973891 0
    outer loop
      vertex -3.70505 14.0171 0
      vertex -3.70505 14.0171 5
      vertex -2.87666 14.2102 5
    endloop
  endfacet
  facet normal -0.258728 0.96595 0
    outer loop
      vertex -3.79988 13.9917 0
      vertex -3.70505 14.0171 5
      vertex -3.70505 14.0171 0
    endloop
  endfacet
  facet normal -0.258728 0.96595 0
    outer loop
      vertex -3.79988 13.9917 0
      vertex -3.79988 13.9917 5
      vertex -3.70505 14.0171 5
    endloop
  endfacet
  facet normal -0.290366 0.956916 0
    outer loop
      vertex -4.61388 13.7447 0
      vertex -3.79988 13.9917 5
      vertex -3.79988 13.9917 0
    endloop
  endfacet
  facet normal -0.290366 0.956916 0
    outer loop
      vertex -4.61388 13.7447 0
      vertex -4.61388 13.7447 5
      vertex -3.79988 13.9917 5
    endloop
  endfacet
  facet normal -0.321055 0.947061 0
    outer loop
      vertex -4.7068 13.7132 0
      vertex -4.61388 13.7447 5
      vertex -4.61388 13.7447 0
    endloop
  endfacet
  facet normal -0.321055 0.947061 0
    outer loop
      vertex -4.7068 13.7132 0
      vertex -4.7068 13.7132 5
      vertex -4.61388 13.7447 5
    endloop
  endfacet
  facet normal -0.352218 0.935918 0
    outer loop
      vertex -5.5029 13.4136 0
      vertex -4.7068 13.7132 5
      vertex -4.7068 13.7132 0
    endloop
  endfacet
  facet normal -0.352218 0.935918 0
    outer loop
      vertex -5.5029 13.4136 0
      vertex -5.5029 13.4136 5
      vertex -4.7068 13.7132 5
    endloop
  endfacet
  facet normal -0.382951 0.923768 0
    outer loop
      vertex -5.5936 13.376 0
      vertex -5.5029 13.4136 5
      vertex -5.5029 13.4136 0
    endloop
  endfacet
  facet normal -0.382951 0.923768 0
    outer loop
      vertex -5.5936 13.376 0
      vertex -5.5936 13.376 5
      vertex -5.5029 13.4136 5
    endloop
  endfacet
  facet normal -0.412718 0.910859 0
    outer loop
      vertex -6.36847 13.0249 0
      vertex -5.5936 13.376 5
      vertex -5.5936 13.376 0
    endloop
  endfacet
  facet normal -0.412718 0.910859 0
    outer loop
      vertex -6.36847 13.0249 0
      vertex -6.36847 13.0249 5
      vertex -5.5936 13.376 5
    endloop
  endfacet
  facet normal -0.442194 0.89692 0
    outer loop
      vertex -6.4565 12.9815 0
      vertex -6.36847 13.0249 5
      vertex -6.36847 13.0249 0
    endloop
  endfacet
  facet normal -0.442194 0.89692 0
    outer loop
      vertex -6.4565 12.9815 0
      vertex -6.4565 12.9815 5
      vertex -6.36847 13.0249 5
    endloop
  endfacet
  facet normal -0.471401 0.881919 0
    outer loop
      vertex -7.20671 12.5805 0
      vertex -6.4565 12.9815 5
      vertex -6.4565 12.9815 0
    endloop
  endfacet
  facet normal -0.471401 0.881919 0
    outer loop
      vertex -7.20671 12.5805 0
      vertex -7.20671 12.5805 5
      vertex -6.4565 12.9815 5
    endloop
  endfacet
  facet normal -0.500104 0.865965 0
    outer loop
      vertex -7.29173 12.5314 0
      vertex -7.20671 12.5805 5
      vertex -7.20671 12.5805 0
    endloop
  endfacet
  facet normal -0.500104 0.865965 0
    outer loop
      vertex -7.29173 12.5314 0
      vertex -7.29173 12.5314 5
      vertex -7.20671 12.5805 5
    endloop
  endfacet
  facet normal -0.528095 0.849185 0
    outer loop
      vertex -8.01405 12.0822 0
      vertex -7.29173 12.5314 5
      vertex -7.29173 12.5314 0
    endloop
  endfacet
  facet normal -0.528095 0.849185 0
    outer loop
      vertex -8.01405 12.0822 0
      vertex -8.01405 12.0822 5
      vertex -7.29173 12.5314 5
    endloop
  endfacet
  facet normal -0.555358 0.831611 0
    outer loop
      vertex -8.09566 12.0277 0
      vertex -8.01405 12.0822 5
      vertex -8.01405 12.0822 0
    endloop
  endfacet
  facet normal -0.555358 0.831611 0
    outer loop
      vertex -8.09566 12.0277 0
      vertex -8.09566 12.0277 5
      vertex -8.01405 12.0822 5
    endloop
  endfacet
  facet normal -0.582455 0.812863 0
    outer loop
      vertex -8.78717 11.5322 0
      vertex -8.09566 12.0277 5
      vertex -8.09566 12.0277 0
    endloop
  endfacet
  facet normal -0.582455 0.812863 0
    outer loop
      vertex -8.78717 11.5322 0
      vertex -8.78717 11.5322 5
      vertex -8.09566 12.0277 5
    endloop
  endfacet
  facet normal -0.609021 0.793154 0
    outer loop
      vertex -8.86505 11.4724 0
      vertex -8.78717 11.5322 5
      vertex -8.78717 11.5322 0
    endloop
  endfacet
  facet normal -0.609021 0.793154 0
    outer loop
      vertex -8.86505 11.4724 0
      vertex -8.86505 11.4724 5
      vertex -8.78717 11.5322 5
    endloop
  endfacet
  facet normal -0.634384 0.773018 0
    outer loop
      vertex -9.52257 10.9328 0
      vertex -8.86505 11.4724 5
      vertex -8.86505 11.4724 0
    endloop
  endfacet
  facet normal -0.634384 0.773018 0
    outer loop
      vertex -9.52257 10.9328 0
      vertex -9.52257 10.9328 5
      vertex -8.86505 11.4724 5
    endloop
  endfacet
  facet normal -0.659377 0.751812 0
    outer loop
      vertex -9.59634 10.8681 0
      vertex -9.52257 10.9328 5
      vertex -9.52257 10.9328 0
    endloop
  endfacet
  facet normal -0.659377 0.751812 0
    outer loop
      vertex -9.59634 10.8681 0
      vertex -9.59634 10.8681 5
      vertex -9.52257 10.9328 5
    endloop
  endfacet
  facet normal -0.683593 0.729863 0
    outer loop
      vertex -10.2172 10.2866 0
      vertex -9.59634 10.8681 5
      vertex -9.59634 10.8681 0
    endloop
  endfacet
  facet normal -0.683593 0.729863 0
    outer loop
      vertex -10.2172 10.2866 0
      vertex -10.2172 10.2866 5
      vertex -9.59634 10.8681 5
    endloop
  endfacet
  facet normal -0.707107 0.707107 0
    outer loop
      vertex -10.2866 10.2172 0
      vertex -10.2172 10.2866 5
      vertex -10.2172 10.2866 0
    endloop
  endfacet
  facet normal -0.707107 0.707107 0
    outer loop
      vertex -10.2866 10.2172 0
      vertex -10.2866 10.2172 5
      vertex -10.2172 10.2866 5
    endloop
  endfacet
  facet normal -0.729869 0.683587 0
    outer loop
      vertex -10.8681 9.59633 0
      vertex -10.2866 10.2172 5
      vertex -10.2866 10.2172 0
    endloop
  endfacet
  facet normal -0.729869 0.683587 0
    outer loop
      vertex -10.8681 9.59633 0
      vertex -10.8681 9.59633 5
      vertex -10.2866 10.2172 5
    endloop
  endfacet
  facet normal -0.751635 0.659579 0
    outer loop
      vertex -10.9328 9.5226 0
      vertex -10.8681 9.59633 5
      vertex -10.8681 9.59633 0
    endloop
  endfacet
  facet normal -0.751635 0.659579 0
    outer loop
      vertex -10.9328 9.5226 0
      vertex -10.9328 9.5226 5
      vertex -10.8681 9.59633 5
    endloop
  endfacet
  facet normal -0.771817 0.635844 0
    outer loop
      vertex -10.9393 9.51471 0
      vertex -10.9328 9.5226 5
      vertex -10.9328 9.5226 0
    endloop
  endfacet
  facet normal -0.771817 0.635844 0
    outer loop
      vertex -10.9393 9.51471 0
      vertex -10.9393 9.51471 5
      vertex -10.9328 9.5226 5
    endloop
  endfacet
  facet normal -0.262896 0.964824 0
    outer loop
      vertex -40.5322 1.4512 0
      vertex -10.9393 9.51471 5
      vertex -10.9393 9.51471 0
    endloop
  endfacet
  facet normal -0.262896 0.964824 0
    outer loop
      vertex -40.5322 1.4512 0
      vertex -40.5322 1.4512 5
      vertex -10.9393 9.51471 5
    endloop
  endfacet
  facet normal -0.276794 0.960929 0
    outer loop
      vertex -40.5732 1.43939 0
      vertex -40.5322 1.4512 5
      vertex -40.5322 1.4512 0
    endloop
  endfacet
  facet normal -0.276794 0.960929 0
    outer loop
      vertex -40.5732 1.43939 0
      vertex -40.5732 1.43939 5
      vertex -40.5322 1.4512 5
    endloop
  endfacet
  facet normal -0.290278 0.956942 0
    outer loop
      vertex -40.8817 1.34581 0
      vertex -40.5732 1.43939 5
      vertex -40.5732 1.43939 0
    endloop
  endfacet
  facet normal -0.290278 0.956942 0
    outer loop
      vertex -40.8817 1.34581 0
      vertex -40.8817 1.34581 5
      vertex -40.5732 1.43939 5
    endloop
  endfacet
  facet normal -0.321446 0.946928 0
    outer loop
      vertex -40.9747 1.31424 0
      vertex -40.8817 1.34581 5
      vertex -40.8817 1.34581 0
    endloop
  endfacet
  facet normal -0.321446 0.946928 0
    outer loop
      vertex -40.9747 1.31424 0
      vertex -40.9747 1.31424 5
      vertex -40.8817 1.34581 5
    endloop
  endfacet
  facet normal -0.35224 0.93591 0
    outer loop
      vertex -41.2501 1.21059 0
      vertex -40.9747 1.31424 5
      vertex -40.9747 1.31424 0
    endloop
  endfacet
  facet normal -0.35224 0.93591 0
    outer loop
      vertex -41.2501 1.21059 0
      vertex -41.2501 1.21059 5
      vertex -40.9747 1.31424 5
    endloop
  endfacet
  facet normal -0.382604 0.923913 0
    outer loop
      vertex -41.3408 1.17303 0
      vertex -41.2501 1.21059 5
      vertex -41.2501 1.21059 0
    endloop
  endfacet
  facet normal -0.382604 0.923913 0
    outer loop
      vertex -41.3408 1.17303 0
      vertex -41.3408 1.17303 5
      vertex -41.2501 1.21059 5
    endloop
  endfacet
  facet normal -0.412751 0.910844 0
    outer loop
      vertex -41.6089 1.05154 0
      vertex -41.3408 1.17303 5
      vertex -41.3408 1.17303 0
    endloop
  endfacet
  facet normal -0.412751 0.910844 0
    outer loop
      vertex -41.6089 1.05154 0
      vertex -41.6089 1.05154 5
      vertex -41.3408 1.17303 5
    endloop
  endfacet
  facet normal -0.442239 0.896897 0
    outer loop
      vertex -41.697 1.0081 0
      vertex -41.6089 1.05154 5
      vertex -41.6089 1.05154 0
    endloop
  endfacet
  facet normal -0.442239 0.896897 0
    outer loop
      vertex -41.697 1.0081 0
      vertex -41.697 1.0081 5
      vertex -41.6089 1.05154 5
    endloop
  endfacet
  facet normal -0.471461 0.881887 0
    outer loop
      vertex -41.9567 0.869263 0
      vertex -41.697 1.0081 5
      vertex -41.697 1.0081 0
    endloop
  endfacet
  facet normal -0.471461 0.881887 0
    outer loop
      vertex -41.9567 0.869263 0
      vertex -41.9567 0.869263 5
      vertex -41.697 1.0081 5
    endloop
  endfacet
  facet normal -0.49975 0.86617 0
    outer loop
      vertex -42.0417 0.820221 0
      vertex -41.9567 0.869263 5
      vertex -41.9567 0.869263 0
    endloop
  endfacet
  facet normal -0.49975 0.86617 0
    outer loop
      vertex -42.0417 0.820221 0
      vertex -42.0417 0.820221 5
      vertex -41.9567 0.869263 5
    endloop
  endfacet
  facet normal -0.528131 0.849163 0
    outer loop
      vertex -42.2918 0.664673 0
      vertex -42.0417 0.820221 5
      vertex -42.0417 0.820221 0
    endloop
  endfacet
  facet normal -0.528131 0.849163 0
    outer loop
      vertex -42.2918 0.664673 0
      vertex -42.2918 0.664673 5
      vertex -42.0417 0.820221 5
    endloop
  endfacet
  facet normal -0.5554 0.831583 0
    outer loop
      vertex -42.3735 0.610107 0
      vertex -42.2918 0.664673 5
      vertex -42.2918 0.664673 0
    endloop
  endfacet
  facet normal -0.5554 0.831583 0
    outer loop
      vertex -42.3735 0.610107 0
      vertex -42.3735 0.610107 5
      vertex -42.2918 0.664673 5
    endloop
  endfacet
  facet normal -0.582464 0.812857 0
    outer loop
      vertex -42.6127 0.438705 0
      vertex -42.3735 0.610107 5
      vertex -42.3735 0.610107 0
    endloop
  endfacet
  facet normal -0.582464 0.812857 0
    outer loop
      vertex -42.6127 0.438705 0
      vertex -42.6127 0.438705 5
      vertex -42.3735 0.610107 5
    endloop
  endfacet
  facet normal -0.609018 0.793157 0
    outer loop
      vertex -42.6905 0.378967 0
      vertex -42.6127 0.438705 5
      vertex -42.6127 0.438705 0
    endloop
  endfacet
  facet normal -0.609018 0.793157 0
    outer loop
      vertex -42.6905 0.378967 0
      vertex -42.6905 0.378967 5
      vertex -42.6127 0.438705 5
    endloop
  endfacet
  facet normal -0.634417 0.772991 0
    outer loop
      vertex -42.9181 0.192169 0
      vertex -42.6905 0.378967 5
      vertex -42.6905 0.378967 0
    endloop
  endfacet
  facet normal -0.634417 0.772991 0
    outer loop
      vertex -42.9181 0.192169 0
      vertex -42.9181 0.192169 5
      vertex -42.6905 0.378967 5
    endloop
  endfacet
  facet normal -0.659295 0.751885 0
    outer loop
      vertex -42.9919 0.127457 0
      vertex -42.9181 0.192169 5
      vertex -42.9181 0.192169 0
    endloop
  endfacet
  facet normal -0.659295 0.751885 0
    outer loop
      vertex -42.9919 0.127457 0
      vertex -42.9919 0.127457 5
      vertex -42.9181 0.192169 5
    endloop
  endfacet
  facet normal -0.683571 0.729884 0
    outer loop
      vertex -43.2068 -0.0738068 0
      vertex -42.9919 0.127457 5
      vertex -42.9919 0.127457 0
    endloop
  endfacet
  facet normal -0.683571 0.729884 0
    outer loop
      vertex -43.2068 -0.0738068 0
      vertex -43.2068 -0.0738068 5
      vertex -42.9919 0.127457 5
    endloop
  endfacet
  facet normal -0.707093 0.707121 0
    outer loop
      vertex -43.2762 -0.143204 0
      vertex -43.2068 -0.0738068 5
      vertex -43.2068 -0.0738068 0
    endloop
  endfacet
  facet normal -0.707093 0.707121 0
    outer loop
      vertex -43.2762 -0.143204 0
      vertex -43.2762 -0.143204 5
      vertex -43.2068 -0.0738068 5
    endloop
  endfacet
  facet normal -0.729805 0.683655 0
    outer loop
      vertex -43.4774 -0.357986 0
      vertex -43.2762 -0.143204 5
      vertex -43.2762 -0.143204 0
    endloop
  endfacet
  facet normal -0.729805 0.683655 0
    outer loop
      vertex -43.4774 -0.357986 0
      vertex -43.4774 -0.357986 5
      vertex -43.2762 -0.143204 5
    endloop
  endfacet
  facet normal -0.751772 0.659423 0
    outer loop
      vertex -43.5421 -0.431747 0
      vertex -43.4774 -0.357986 5
      vertex -43.4774 -0.357986 0
    endloop
  endfacet
  facet normal -0.751772 0.659423 0
    outer loop
      vertex -43.5421 -0.431747 0
      vertex -43.5421 -0.431747 5
      vertex -43.4774 -0.357986 5
    endloop
  endfacet
  facet normal -0.773114 0.634267 0
    outer loop
      vertex -43.729 -0.659561 0
      vertex -43.5421 -0.431747 5
      vertex -43.5421 -0.431747 0
    endloop
  endfacet
  facet normal -0.773114 0.634267 0
    outer loop
      vertex -43.729 -0.659561 0
      vertex -43.729 -0.659561 5
      vertex -43.5421 -0.431747 5
    endloop
  endfacet
  facet normal -0.792953 0.609283 0
    outer loop
      vertex -43.7889 -0.737518 0
      vertex -43.729 -0.659561 5
      vertex -43.729 -0.659561 0
    endloop
  endfacet
  facet normal -0.792953 0.609283 0
    outer loop
      vertex -43.7889 -0.737518 0
      vertex -43.7889 -0.737518 5
      vertex -43.729 -0.659561 5
    endloop
  endfacet
  facet normal -0.812914 0.582383 0
    outer loop
      vertex -43.9601 -0.976486 0
      vertex -43.7889 -0.737518 5
      vertex -43.7889 -0.737518 0
    endloop
  endfacet
  facet normal -0.812914 0.582383 0
    outer loop
      vertex -43.9601 -0.976486 0
      vertex -43.9601 -0.976486 5
      vertex -43.7889 -0.737518 5
    endloop
  endfacet
  facet normal -0.831592 0.555387 0
    outer loop
      vertex -44.0146 -1.05809 0
      vertex -43.9601 -0.976486 5
      vertex -43.9601 -0.976486 0
    endloop
  endfacet
  facet normal -0.831592 0.555387 0
    outer loop
      vertex -44.0146 -1.05809 0
      vertex -44.0146 -1.05809 5
      vertex -43.9601 -0.976486 5
    endloop
  endfacet
  facet normal -0.849215 0.528047 0
    outer loop
      vertex -44.1703 -1.30849 0
      vertex -44.0146 -1.05809 5
      vertex -44.0146 -1.05809 0
    endloop
  endfacet
  facet normal -0.849215 0.528047 0
    outer loop
      vertex -44.1703 -1.30849 0
      vertex -44.1703 -1.30849 5
      vertex -44.0146 -1.05809 5
    endloop
  endfacet
  facet normal -0.865965 0.500104 0
    outer loop
      vertex -44.2194 -1.39351 0
      vertex -44.1703 -1.30849 5
      vertex -44.1703 -1.30849 0
    endloop
  endfacet
  facet normal -0.865965 0.500104 0
    outer loop
      vertex -44.2194 -1.39351 0
      vertex -44.2194 -1.39351 5
      vertex -44.1703 -1.30849 5
    endloop
  endfacet
  facet normal -0.881972 0.471301 0
    outer loop
      vertex -44.358 -1.65288 0
      vertex -44.2194 -1.39351 5
      vertex -44.2194 -1.39351 0
    endloop
  endfacet
  facet normal -0.881972 0.471301 0
    outer loop
      vertex -44.358 -1.65288 0
      vertex -44.358 -1.65288 5
      vertex -44.2194 -1.39351 5
    endloop
  endfacet
  facet normal -0.8967 0.442639 0
    outer loop
      vertex -44.4014 -1.7408 0
      vertex -44.358 -1.65288 5
      vertex -44.358 -1.65288 0
    endloop
  endfacet
  facet normal -0.8967 0.442639 0
    outer loop
      vertex -44.4014 -1.7408 0
      vertex -44.4014 -1.7408 5
      vertex -44.358 -1.65288 5
    endloop
  endfacet
  facet normal -0.910831 0.41278 0
    outer loop
      vertex -44.523 -2.00912 0
      vertex -44.4014 -1.7408 5
      vertex -44.4014 -1.7408 0
    endloop
  endfacet
  facet normal -0.910831 0.41278 0
    outer loop
      vertex -44.523 -2.00912 0
      vertex -44.523 -2.00912 5
      vertex -44.4014 -1.7408 5
    endloop
  endfacet
  facet normal -0.923858 0.382735 0
    outer loop
      vertex -44.5606 -2.09988 0
      vertex -44.523 -2.00912 5
      vertex -44.523 -2.00912 0
    endloop
  endfacet
  facet normal -0.923858 0.382735 0
    outer loop
      vertex -44.5606 -2.09988 0
      vertex -44.5606 -2.09988 5
      vertex -44.523 -2.00912 5
    endloop
  endfacet
  facet normal -0.935921 0.35221 0
    outer loop
      vertex -44.6643 -2.37544 0
      vertex -44.5606 -2.09988 5
      vertex -44.5606 -2.09988 0
    endloop
  endfacet
  facet normal -0.935921 0.35221 0
    outer loop
      vertex -44.6643 -2.37544 0
      vertex -44.6643 -2.37544 5
      vertex -44.5606 -2.09988 5
    endloop
  endfacet
  facet normal -0.946835 0.32172 0
    outer loop
      vertex -44.6959 -2.46844 0
      vertex -44.6643 -2.37544 5
      vertex -44.6643 -2.37544 0
    endloop
  endfacet
  facet normal -0.946835 0.32172 0
    outer loop
      vertex -44.6959 -2.46844 0
      vertex -44.6959 -2.46844 5
      vertex -44.6643 -2.37544 5
    endloop
  endfacet
  facet normal -0.956956 0.290234 0
    outer loop
      vertex -44.7813 -2.75002 0
      vertex -44.6959 -2.46844 5
      vertex -44.6959 -2.46844 0
    endloop
  endfacet
  facet normal -0.956956 0.290234 0
    outer loop
      vertex -44.7813 -2.75002 0
      vertex -44.7813 -2.75002 5
      vertex -44.6959 -2.46844 5
    endloop
  endfacet
  facet normal -0.965875 0.259008 0
    outer loop
      vertex -44.8067 -2.84474 0
      vertex -44.7813 -2.75002 5
      vertex -44.7813 -2.75002 0
    endloop
  endfacet
  facet normal -0.965875 0.259008 0
    outer loop
      vertex -44.8067 -2.84474 0
      vertex -44.8067 -2.84474 5
      vertex -44.7813 -2.75002 5
    endloop
  endfacet
  facet normal -0.973879 0.227068 0
    outer loop
      vertex -44.8736 -3.13167 0
      vertex -44.8067 -2.84474 5
      vertex -44.8067 -2.84474 0
    endloop
  endfacet
  facet normal -0.973879 0.227068 0
    outer loop
      vertex -44.8736 -3.13167 0
      vertex -44.8736 -3.13167 5
      vertex -44.8067 -2.84474 5
    endloop
  endfacet
  facet normal -0.980931 0.194355 0
    outer loop
      vertex -44.8927 -3.22807 0
      vertex -44.8736 -3.13167 5
      vertex -44.8736 -3.13167 0
    endloop
  endfacet
  facet normal -0.980931 0.194355 0
    outer loop
      vertex -44.8927 -3.22807 0
      vertex -44.8927 -3.22807 5
      vertex -44.8736 -3.13167 5
    endloop
  endfacet
  facet normal -0.986614 0.163071 0
    outer loop
      vertex -44.9407 -3.51848 0
      vertex -44.8927 -3.22807 5
      vertex -44.8927 -3.22807 0
    endloop
  endfacet
  facet normal -0.986614 0.163071 0
    outer loop
      vertex -44.9407 -3.51848 0
      vertex -44.9407 -3.51848 5
      vertex -44.8927 -3.22807 5
    endloop
  endfacet
  facet normal -0.991437 0.130586 0
    outer loop
      vertex -44.9535 -3.61566 0
      vertex -44.9407 -3.51848 5
      vertex -44.9407 -3.51848 0
    endloop
  endfacet
  facet normal -0.991437 0.130586 0
    outer loop
      vertex -44.9535 -3.61566 0
      vertex -44.9535 -3.61566 5
      vertex -44.9407 -3.51848 5
    endloop
  endfacet
  facet normal -0.995206 0.0978056 0
    outer loop
      vertex -44.9823 -3.90871 0
      vertex -44.9535 -3.61566 5
      vertex -44.9535 -3.61566 0
    endloop
  endfacet
  facet normal -0.995206 0.0978056 0
    outer loop
      vertex -44.9823 -3.90871 0
      vertex -44.9823 -3.90871 5
      vertex -44.9535 -3.61566 5
    endloop
  endfacet
  facet normal -0.997805 0.0662282 0
    outer loop
      vertex -44.9888 -4.00664 0
      vertex -44.9823 -3.90871 5
      vertex -44.9823 -3.90871 0
    endloop
  endfacet
  facet normal -0.997805 0.0662282 0
    outer loop
      vertex -44.9888 -4.00664 0
      vertex -44.9888 -4.00664 5
      vertex -44.9823 -3.90871 5
    endloop
  endfacet
  facet normal -0.999468 0.0326113 0
    outer loop
      vertex -44.9984 -4.30086 0
      vertex -44.9888 -4.00664 5
      vertex -44.9888 -4.00664 0
    endloop
  endfacet
  facet normal -0.999468 0.0326113 0
    outer loop
      vertex -44.9984 -4.30086 0
      vertex -44.9984 -4.30086 5
      vertex -44.9888 -4.00664 5
    endloop
  endfacet
  facet normal -1 0 0
    outer loop
      vertex -44.9984 -4.39912 0
      vertex -44.9984 -4.30086 5
      vertex -44.9984 -4.30086 0
    endloop
  endfacet
  facet normal -1 0 0
    outer loop
      vertex -44.9984 -4.39912 0
      vertex -44.9984 -4.39912 5
      vertex -44.9984 -4.30086 5
    endloop
  endfacet
  facet normal -0.999468 -0.0326113 0
    outer loop
      vertex -44.9888 -4.69334 0
      vertex -44.9984 -4.39912 5
      vertex -44.9984 -4.39912 0
    endloop
  endfacet
  facet normal -0.999468 -0.0326113 0
    outer loop
      vertex -44.9888 -4.69334 0
      vertex -44.9888 -4.69334 5
      vertex -44.9984 -4.39912 5
    endloop
  endfacet
  facet normal -0.997805 -0.0662215 0
    outer loop
      vertex -44.9823 -4.79128 0
      vertex -44.9888 -4.69334 5
      vertex -44.9888 -4.69334 0
    endloop
  endfacet
  facet normal -0.997805 -0.0662215 0
    outer loop
      vertex -44.9823 -4.79128 0
      vertex -44.9823 -4.79128 5
      vertex -44.9888 -4.69334 5
    endloop
  endfacet
  facet normal -0.995205 -0.0978089 0
    outer loop
      vertex -44.9535 -5.08432 0
      vertex -44.9823 -4.79128 5
      vertex -44.9823 -4.79128 0
    endloop
  endfacet
  facet normal -0.995205 -0.0978089 0
    outer loop
      vertex -44.9535 -5.08432 0
      vertex -44.9535 -5.08432 5
      vertex -44.9823 -4.79128 5
    endloop
  endfacet
  facet normal -0.991437 -0.130586 0
    outer loop
      vertex -44.9407 -5.1815 0
      vertex -44.9535 -5.08432 5
      vertex -44.9535 -5.08432 0
    endloop
  endfacet
  facet normal -0.991437 -0.130586 0
    outer loop
      vertex -44.9407 -5.1815 0
      vertex -44.9407 -5.1815 5
      vertex -44.9535 -5.08432 5
    endloop
  endfacet
  facet normal -0.986614 -0.163071 0
    outer loop
      vertex -44.8927 -5.47191 0
      vertex -44.9407 -5.1815 5
      vertex -44.9407 -5.1815 0
    endloop
  endfacet
  facet normal -0.986614 -0.163071 0
    outer loop
      vertex -44.8927 -5.47191 0
      vertex -44.8927 -5.47191 5
      vertex -44.9407 -5.1815 5
    endloop
  endfacet
  facet normal -0.980931 -0.194355 0
    outer loop
      vertex -44.8736 -5.56831 0
      vertex -44.8927 -5.47191 5
      vertex -44.8927 -5.47191 0
    endloop
  endfacet
  facet normal -0.980931 -0.194355 0
    outer loop
      vertex -44.8736 -5.56831 0
      vertex -44.8736 -5.56831 5
      vertex -44.8927 -5.47191 5
    endloop
  endfacet
  facet normal -0.973879 -0.227068 0
    outer loop
      vertex -44.8067 -5.85524 0
      vertex -44.8736 -5.56831 5
      vertex -44.8736 -5.56831 0
    endloop
  endfacet
  facet normal -0.973879 -0.227068 0
    outer loop
      vertex -44.8067 -5.85524 0
      vertex -44.8067 -5.85524 5
      vertex -44.8736 -5.56831 5
    endloop
  endfacet
  facet normal -0.965882 -0.258982 0
    outer loop
      vertex -44.7813 -5.94997 0
      vertex -44.8067 -5.85524 5
      vertex -44.8067 -5.85524 0
    endloop
  endfacet
  facet normal -0.965882 -0.258982 0
    outer loop
      vertex -44.7813 -5.94997 0
      vertex -44.7813 -5.94997 5
      vertex -44.8067 -5.85524 5
    endloop
  endfacet
  facet normal -0.956953 -0.290243 0
    outer loop
      vertex -44.6959 -6.23154 0
      vertex -44.7813 -5.94997 5
      vertex -44.7813 -5.94997 0
    endloop
  endfacet
  facet normal -0.956953 -0.290243 0
    outer loop
      vertex -44.6959 -6.23154 0
      vertex -44.6959 -6.23154 5
      vertex -44.7813 -5.94997 5
    endloop
  endfacet
  facet normal -0.946835 -0.32172 0
    outer loop
      vertex -44.6643 -6.32454 0
      vertex -44.6959 -6.23154 5
      vertex -44.6959 -6.23154 0
    endloop
  endfacet
  facet normal -0.946835 -0.32172 0
    outer loop
      vertex -44.6643 -6.32454 0
      vertex -44.6643 -6.32454 5
      vertex -44.6959 -6.23154 5
    endloop
  endfacet
  facet normal -0.935921 -0.35221 0
    outer loop
      vertex -44.5606 -6.6001 0
      vertex -44.6643 -6.32454 5
      vertex -44.6643 -6.32454 0
    endloop
  endfacet
  facet normal -0.935921 -0.35221 0
    outer loop
      vertex -44.5606 -6.6001 0
      vertex -44.5606 -6.6001 5
      vertex -44.6643 -6.32454 5
    endloop
  endfacet
  facet normal -0.923858 -0.382735 0
    outer loop
      vertex -44.523 -6.69086 0
      vertex -44.5606 -6.6001 5
      vertex -44.5606 -6.6001 0
    endloop
  endfacet
  facet normal -0.923858 -0.382735 0
    outer loop
      vertex -44.523 -6.69086 0
      vertex -44.523 -6.69086 5
      vertex -44.5606 -6.6001 5
    endloop
  endfacet
  facet normal -0.910831 -0.41278 0
    outer loop
      vertex -44.4014 -6.95918 0
      vertex -44.523 -6.69086 5
      vertex -44.523 -6.69086 0
    endloop
  endfacet
  facet normal -0.910831 -0.41278 0
    outer loop
      vertex -44.4014 -6.95918 0
      vertex -44.4014 -6.95918 5
      vertex -44.523 -6.69086 5
    endloop
  endfacet
  facet normal -0.8967 -0.442639 0
    outer loop
      vertex -44.358 -7.0471 0
      vertex -44.4014 -6.95918 5
      vertex -44.4014 -6.95918 0
    endloop
  endfacet
  facet normal -0.8967 -0.442639 0
    outer loop
      vertex -44.358 -7.0471 0
      vertex -44.358 -7.0471 5
      vertex -44.4014 -6.95918 5
    endloop
  endfacet
  facet normal -0.881972 -0.471301 0
    outer loop
      vertex -44.2194 -7.30647 0
      vertex -44.358 -7.0471 5
      vertex -44.358 -7.0471 0
    endloop
  endfacet
  facet normal -0.881972 -0.471301 0
    outer loop
      vertex -44.2194 -7.30647 0
      vertex -44.2194 -7.30647 5
      vertex -44.358 -7.0471 5
    endloop
  endfacet
  facet normal -0.865965 -0.500104 0
    outer loop
      vertex -44.1703 -7.39149 0
      vertex -44.2194 -7.30647 5
      vertex -44.2194 -7.30647 0
    endloop
  endfacet
  facet normal -0.865965 -0.500104 0
    outer loop
      vertex -44.1703 -7.39149 0
      vertex -44.1703 -7.39149 5
      vertex -44.2194 -7.30647 5
    endloop
  endfacet
  facet normal -0.849215 -0.528047 0
    outer loop
      vertex -44.0146 -7.64189 0
      vertex -44.1703 -7.39149 5
      vertex -44.1703 -7.39149 0
    endloop
  endfacet
  facet normal -0.849215 -0.528047 0
    outer loop
      vertex -44.0146 -7.64189 0
      vertex -44.0146 -7.64189 5
      vertex -44.1703 -7.39149 5
    endloop
  endfacet
  facet normal -0.831611 -0.555358 0
    outer loop
      vertex -43.9601 -7.7235 0
      vertex -44.0146 -7.64189 5
      vertex -44.0146 -7.64189 0
    endloop
  endfacet
  facet normal -0.831611 -0.555358 0
    outer loop
      vertex -43.9601 -7.7235 0
      vertex -43.9601 -7.7235 5
      vertex -44.0146 -7.64189 5
    endloop
  endfacet
  facet normal -0.812905 -0.582396 0
    outer loop
      vertex -43.7889 -7.96246 0
      vertex -43.9601 -7.7235 5
      vertex -43.9601 -7.7235 0
    endloop
  endfacet
  facet normal -0.812905 -0.582396 0
    outer loop
      vertex -43.7889 -7.96246 0
      vertex -43.7889 -7.96246 5
      vertex -43.9601 -7.7235 5
    endloop
  endfacet
  facet normal -0.792964 -0.609268 0
    outer loop
      vertex -43.729 -8.04042 0
      vertex -43.7889 -7.96246 5
      vertex -43.7889 -7.96246 0
    endloop
  endfacet
  facet normal -0.792964 -0.609268 0
    outer loop
      vertex -43.729 -8.04042 0
      vertex -43.729 -8.04042 5
      vertex -43.7889 -7.96246 5
    endloop
  endfacet
  facet normal -0.773108 -0.634274 0
    outer loop
      vertex -43.5421 -8.26823 0
      vertex -43.729 -8.04042 5
      vertex -43.729 -8.04042 0
    endloop
  endfacet
  facet normal -0.773108 -0.634274 0
    outer loop
      vertex -43.5421 -8.26823 0
      vertex -43.5421 -8.26823 5
      vertex -43.729 -8.04042 5
    endloop
  endfacet
  facet normal -0.751635 -0.659579 0
    outer loop
      vertex -43.4774 -8.34196 0
      vertex -43.5421 -8.26823 5
      vertex -43.5421 -8.26823 0
    endloop
  endfacet
  facet normal -0.751635 -0.659579 0
    outer loop
      vertex -43.4774 -8.34196 0
      vertex -43.4774 -8.34196 5
      vertex -43.5421 -8.26823 5
    endloop
  endfacet
  facet normal -0.729913 -0.68354 0
    outer loop
      vertex -43.2762 -8.55681 0
      vertex -43.4774 -8.34196 5
      vertex -43.4774 -8.34196 0
    endloop
  endfacet
  facet normal -0.729913 -0.68354 0
    outer loop
      vertex -43.2762 -8.55681 0
      vertex -43.2762 -8.55681 5
      vertex -43.4774 -8.34196 5
    endloop
  endfacet
  facet normal -0.707158 -0.707056 0
    outer loop
      vertex -43.2068 -8.62622 0
      vertex -43.2762 -8.55681 5
      vertex -43.2762 -8.55681 0
    endloop
  endfacet
  facet normal -0.707158 -0.707056 0
    outer loop
      vertex -43.2068 -8.62622 0
      vertex -43.2068 -8.62622 5
      vertex -43.2762 -8.55681 5
    endloop
  endfacet
  facet normal -0.68357 -0.729885 0
    outer loop
      vertex -42.992 -8.82739 0
      vertex -43.2068 -8.62622 5
      vertex -43.2068 -8.62622 0
    endloop
  endfacet
  facet normal -0.68357 -0.729885 0
    outer loop
      vertex -42.992 -8.82739 0
      vertex -42.992 -8.82739 5
      vertex -43.2068 -8.62622 5
    endloop
  endfacet
  facet normal -0.659066 -0.752085 0
    outer loop
      vertex -42.9181 -8.89215 0
      vertex -42.992 -8.82739 5
      vertex -42.992 -8.82739 0
    endloop
  endfacet
  facet normal -0.659066 -0.752085 0
    outer loop
      vertex -42.9181 -8.89215 0
      vertex -42.9181 -8.89215 5
      vertex -42.992 -8.82739 5
    endloop
  endfacet
  facet normal -0.634376 -0.773025 0
    outer loop
      vertex -42.6904 -9.07901 0
      vertex -42.9181 -8.89215 5
      vertex -42.9181 -8.89215 0
    endloop
  endfacet
  facet normal -0.634376 -0.773025 0
    outer loop
      vertex -42.6904 -9.07901 0
      vertex -42.6904 -9.07901 5
      vertex -42.9181 -8.89215 5
    endloop
  endfacet
  facet normal -0.609203 -0.793015 0
    outer loop
      vertex -42.6127 -9.1387 0
      vertex -42.6904 -9.07901 5
      vertex -42.6904 -9.07901 0
    endloop
  endfacet
  facet normal -0.609203 -0.793015 0
    outer loop
      vertex -42.6127 -9.1387 0
      vertex -42.6127 -9.1387 5
      vertex -42.6904 -9.07901 5
    endloop
  endfacet
  facet normal -0.582437 -0.812876 0
    outer loop
      vertex -42.3735 -9.31009 0
      vertex -42.6127 -9.1387 5
      vertex -42.6127 -9.1387 0
    endloop
  endfacet
  facet normal -0.582437 -0.812876 0
    outer loop
      vertex -42.3735 -9.31009 0
      vertex -42.3735 -9.31009 5
      vertex -42.6127 -9.1387 5
    endloop
  endfacet
  facet normal -0.555498 -0.831518 0
    outer loop
      vertex -42.2918 -9.36467 0
      vertex -42.3735 -9.31009 5
      vertex -42.3735 -9.31009 0
    endloop
  endfacet
  facet normal -0.555498 -0.831518 0
    outer loop
      vertex -42.2918 -9.36467 0
      vertex -42.2918 -9.36467 5
      vertex -42.3735 -9.31009 5
    endloop
  endfacet
  facet normal -0.528136 -0.84916 0
    outer loop
      vertex -42.0417 -9.52022 0
      vertex -42.2918 -9.36467 5
      vertex -42.2918 -9.36467 0
    endloop
  endfacet
  facet normal -0.528136 -0.84916 0
    outer loop
      vertex -42.0417 -9.52022 0
      vertex -42.0417 -9.52022 5
      vertex -42.2918 -9.36467 5
    endloop
  endfacet
  facet normal -0.499734 -0.866179 0
    outer loop
      vertex -41.9567 -9.56926 0
      vertex -42.0417 -9.52022 5
      vertex -42.0417 -9.52022 0
    endloop
  endfacet
  facet normal -0.499734 -0.866179 0
    outer loop
      vertex -41.9567 -9.56926 0
      vertex -41.9567 -9.56926 5
      vertex -42.0417 -9.52022 5
    endloop
  endfacet
  facet normal -0.471469 -0.881882 0
    outer loop
      vertex -41.697 -9.7081 0
      vertex -41.9567 -9.56926 5
      vertex -41.9567 -9.56926 0
    endloop
  endfacet
  facet normal -0.471469 -0.881882 0
    outer loop
      vertex -41.697 -9.7081 0
      vertex -41.697 -9.7081 5
      vertex -41.9567 -9.56926 5
    endloop
  endfacet
  facet normal -0.442239 -0.896897 0
    outer loop
      vertex -41.6089 -9.75154 0
      vertex -41.697 -9.7081 5
      vertex -41.697 -9.7081 0
    endloop
  endfacet
  facet normal -0.442239 -0.896897 0
    outer loop
      vertex -41.6089 -9.75154 0
      vertex -41.6089 -9.75154 5
      vertex -41.697 -9.7081 5
    endloop
  endfacet
  facet normal -0.412751 -0.910844 0
    outer loop
      vertex -41.3408 -9.87303 0
      vertex -41.6089 -9.75154 5
      vertex -41.6089 -9.75154 0
    endloop
  endfacet
  facet normal -0.412751 -0.910844 0
    outer loop
      vertex -41.3408 -9.87303 0
      vertex -41.3408 -9.87303 5
      vertex -41.6089 -9.75154 5
    endloop
  endfacet
  facet normal -0.382691 -0.923877 0
    outer loop
      vertex -41.2501 -9.9106 0
      vertex -41.3408 -9.87303 5
      vertex -41.3408 -9.87303 0
    endloop
  endfacet
  facet normal -0.382691 -0.923877 0
    outer loop
      vertex -41.2501 -9.9106 0
      vertex -41.2501 -9.9106 5
      vertex -41.3408 -9.87303 5
    endloop
  endfacet
  facet normal -0.352092 -0.935966 0
    outer loop
      vertex -40.9747 -10.0142 0
      vertex -41.2501 -9.9106 5
      vertex -41.2501 -9.9106 0
    endloop
  endfacet
  facet normal -0.352092 -0.935966 0
    outer loop
      vertex -40.9747 -10.0142 0
      vertex -40.9747 -10.0142 5
      vertex -41.2501 -9.9106 5
    endloop
  endfacet
  facet normal -0.322031 -0.946729 0
    outer loop
      vertex -40.8818 -10.0458 0
      vertex -40.9747 -10.0142 5
      vertex -40.9747 -10.0142 0
    endloop
  endfacet
  facet normal -0.322031 -0.946729 0
    outer loop
      vertex -40.8818 -10.0458 0
      vertex -40.8818 -10.0458 5
      vertex -40.9747 -10.0142 5
    endloop
  endfacet
  facet normal -0.290149 -0.956982 0
    outer loop
      vertex -40.5998 -10.1313 0
      vertex -40.8818 -10.0458 5
      vertex -40.8818 -10.0458 0
    endloop
  endfacet
  facet normal -0.290149 -0.956982 0
    outer loop
      vertex -40.5998 -10.1313 0
      vertex -40.5998 -10.1313 5
      vertex -40.8818 -10.0458 5
    endloop
  endfacet
  facet normal -0.258804 -0.96593 0
    outer loop
      vertex -40.505 -10.1567 0
      vertex -40.5998 -10.1313 5
      vertex -40.5998 -10.1313 0
    endloop
  endfacet
  facet normal -0.258804 -0.96593 0
    outer loop
      vertex -40.505 -10.1567 0
      vertex -40.505 -10.1567 5
      vertex -40.5998 -10.1313 5
    endloop
  endfacet
  facet normal -0.22724 -0.973839 0
    outer loop
      vertex -40.2183 -10.2236 0
      vertex -40.505 -10.1567 5
      vertex -40.505 -10.1567 0
    endloop
  endfacet
  facet normal -0.22724 -0.973839 0
    outer loop
      vertex -40.2183 -10.2236 0
      vertex -40.2183 -10.2236 5
      vertex -40.505 -10.1567 5
    endloop
  endfacet
  facet normal -0.195333 -0.980737 0
    outer loop
      vertex -40.1219 -10.2428 0
      vertex -40.2183 -10.2236 5
      vertex -40.2183 -10.2236 0
    endloop
  endfacet
  facet normal -0.195333 -0.980737 0
    outer loop
      vertex -40.1219 -10.2428 0
      vertex -40.1219 -10.2428 5
      vertex -40.2183 -10.2236 5
    endloop
  endfacet
  facet normal -0.16247 -0.986714 0
    outer loop
      vertex -39.8316 -10.2906 0
      vertex -40.1219 -10.2428 5
      vertex -40.1219 -10.2428 0
    endloop
  endfacet
  facet normal -0.16247 -0.986714 0
    outer loop
      vertex -39.8316 -10.2906 0
      vertex -39.8316 -10.2906 5
      vertex -40.1219 -10.2428 5
    endloop
  endfacet
  facet normal -0.130692 -0.991423 0
    outer loop
      vertex -39.7345 -10.3034 0
      vertex -39.8316 -10.2906 5
      vertex -39.8316 -10.2906 0
    endloop
  endfacet
  facet normal -0.130692 -0.991423 0
    outer loop
      vertex -39.7345 -10.3034 0
      vertex -39.7345 -10.3034 5
      vertex -39.8316 -10.2906 5
    endloop
  endfacet
  facet normal -0.098059 -0.995181 0
    outer loop
      vertex -39.4412 -10.3323 0
      vertex -39.7345 -10.3034 5
      vertex -39.7345 -10.3034 0
    endloop
  endfacet
  facet normal -0.098059 -0.995181 0
    outer loop
      vertex -39.4412 -10.3323 0
      vertex -39.4412 -10.3323 5
      vertex -39.7345 -10.3034 5
    endloop
  endfacet
  facet normal -0.0661811 -0.997808 0
    outer loop
      vertex -39.3432 -10.3388 0
      vertex -39.4412 -10.3323 5
      vertex -39.4412 -10.3323 0
    endloop
  endfacet
  facet normal -0.0661811 -0.997808 0
    outer loop
      vertex -39.3432 -10.3388 0
      vertex -39.3432 -10.3388 5
      vertex -39.4412 -10.3323 5
    endloop
  endfacet
  facet normal -0.0324773 -0.999472 0
    outer loop
      vertex -39.0293 -10.349 0
      vertex -39.3432 -10.3388 5
      vertex -39.3432 -10.3388 0
    endloop
  endfacet
  facet normal -0.0324773 -0.999472 0
    outer loop
      vertex -39.0293 -10.349 0
      vertex -39.0293 -10.349 5
      vertex -39.3432 -10.3388 5
    endloop
  endfacet
  facet normal -0.0136739 -0.999907 0
    outer loop
      vertex -38.9708 -10.3498 0
      vertex -39.0293 -10.349 5
      vertex -39.0293 -10.349 0
    endloop
  endfacet
  facet normal -0.0136739 -0.999907 0
    outer loop
      vertex -38.9708 -10.3498 0
      vertex -38.9708 -10.3498 5
      vertex -39.0293 -10.349 5
    endloop
  endfacet
  facet normal 0.00629889 -0.99998 0
    outer loop
      vertex -10.3314 -10.1694 0
      vertex -38.9708 -10.3498 5
      vertex -38.9708 -10.3498 0
    endloop
  endfacet
  facet normal 0.00629889 -0.99998 0
    outer loop
      vertex -10.3314 -10.1694 0
      vertex -10.3314 -10.1694 5
      vertex -38.9708 -10.3498 5
    endloop
  endfacet
  facet normal -0.729632 -0.68384 0
    outer loop
      vertex -10.2866 -10.2172 0
      vertex -10.3314 -10.1694 5
      vertex -10.3314 -10.1694 0
    endloop
  endfacet
  facet normal -0.729632 -0.68384 0
    outer loop
      vertex -10.2866 -10.2172 0
      vertex -10.2866 -10.2172 5
      vertex -10.3314 -10.1694 5
    endloop
  endfacet
  facet normal -0.707107 -0.707107 0
    outer loop
      vertex -10.2172 -10.2866 0
      vertex -10.2866 -10.2172 5
      vertex -10.2866 -10.2172 0
    endloop
  endfacet
  facet normal -0.707107 -0.707107 0
    outer loop
      vertex -10.2172 -10.2866 0
      vertex -10.2172 -10.2866 5
      vertex -10.2866 -10.2172 5
    endloop
  endfacet
  facet normal -0.683605 -0.729852 0
    outer loop
      vertex -9.59636 -10.8681 0
      vertex -10.2172 -10.2866 5
      vertex -10.2172 -10.2866 0
    endloop
  endfacet
  facet normal -0.683605 -0.729852 0
    outer loop
      vertex -9.59636 -10.8681 0
      vertex -9.59636 -10.8681 5
      vertex -10.2172 -10.2866 5
    endloop
  endfacet
  facet normal -0.659276 -0.751901 0
    outer loop
      vertex -9.52257 -10.9328 0
      vertex -9.59636 -10.8681 5
      vertex -9.59636 -10.8681 0
    endloop
  endfacet
  facet normal -0.659276 -0.751901 0
    outer loop
      vertex -9.52257 -10.9328 0
      vertex -9.52257 -10.9328 5
      vertex -9.59636 -10.8681 5
    endloop
  endfacet
  facet normal -0.634384 -0.773018 0
    outer loop
      vertex -8.86505 -11.4724 0
      vertex -9.52257 -10.9328 5
      vertex -9.52257 -10.9328 0
    endloop
  endfacet
  facet normal -0.634384 -0.773018 0
    outer loop
      vertex -8.86505 -11.4724 0
      vertex -8.86505 -11.4724 5
      vertex -9.52257 -10.9328 5
    endloop
  endfacet
  facet normal -0.609021 -0.793154 0
    outer loop
      vertex -8.78717 -11.5322 0
      vertex -8.86505 -11.4724 5
      vertex -8.86505 -11.4724 0
    endloop
  endfacet
  facet normal -0.609021 -0.793154 0
    outer loop
      vertex -8.78717 -11.5322 0
      vertex -8.78717 -11.5322 5
      vertex -8.86505 -11.4724 5
    endloop
  endfacet
  facet normal -0.582455 -0.812863 0
    outer loop
      vertex -8.09566 -12.0277 0
      vertex -8.78717 -11.5322 5
      vertex -8.78717 -11.5322 0
    endloop
  endfacet
  facet normal -0.582455 -0.812863 0
    outer loop
      vertex -8.09566 -12.0277 0
      vertex -8.09566 -12.0277 5
      vertex -8.78717 -11.5322 5
    endloop
  endfacet
  facet normal -0.555358 -0.831611 0
    outer loop
      vertex -8.01405 -12.0822 0
      vertex -8.09566 -12.0277 5
      vertex -8.09566 -12.0277 0
    endloop
  endfacet
  facet normal -0.555358 -0.831611 0
    outer loop
      vertex -8.01405 -12.0822 0
      vertex -8.01405 -12.0822 5
      vertex -8.09566 -12.0277 5
    endloop
  endfacet
  facet normal -0.528095 -0.849185 0
    outer loop
      vertex -7.29173 -12.5314 0
      vertex -8.01405 -12.0822 5
      vertex -8.01405 -12.0822 0
    endloop
  endfacet
  facet normal -0.528095 -0.849185 0
    outer loop
      vertex -7.29173 -12.5314 0
      vertex -7.29173 -12.5314 5
      vertex -8.01405 -12.0822 5
    endloop
  endfacet
  facet normal -0.500104 -0.865965 0
    outer loop
      vertex -7.20671 -12.5805 0
      vertex -7.29173 -12.5314 5
      vertex -7.29173 -12.5314 0
    endloop
  endfacet
  facet normal -0.500104 -0.865965 0
    outer loop
      vertex -7.20671 -12.5805 0
      vertex -7.20671 -12.5805 5
      vertex -7.29173 -12.5314 5
    endloop
  endfacet
  facet normal -0.471401 -0.881919 0
    outer loop
      vertex -6.4565 -12.9815 0
      vertex -7.20671 -12.5805 5
      vertex -7.20671 -12.5805 0
    endloop
  endfacet
  facet normal -0.471401 -0.881919 0
    outer loop
      vertex -6.4565 -12.9815 0
      vertex -6.4565 -12.9815 5
      vertex -7.20671 -12.5805 5
    endloop
  endfacet
  facet normal -0.442194 -0.89692 0
    outer loop
      vertex -6.36847 -13.0249 0
      vertex -6.4565 -12.9815 5
      vertex -6.4565 -12.9815 0
    endloop
  endfacet
  facet normal -0.442194 -0.89692 0
    outer loop
      vertex -6.36847 -13.0249 0
      vertex -6.36847 -13.0249 5
      vertex -6.4565 -12.9815 5
    endloop
  endfacet
  facet normal -0.412718 -0.910859 0
    outer loop
      vertex -5.5936 -13.376 0
      vertex -6.36847 -13.0249 5
      vertex -6.36847 -13.0249 0
    endloop
  endfacet
  facet normal -0.412718 -0.910859 0
    outer loop
      vertex -5.5936 -13.376 0
      vertex -5.5936 -13.376 5
      vertex -6.36847 -13.0249 5
    endloop
  endfacet
  facet normal -0.382951 -0.923768 0
    outer loop
      vertex -5.5029 -13.4136 0
      vertex -5.5936 -13.376 5
      vertex -5.5936 -13.376 0
    endloop
  endfacet
  facet normal -0.382951 -0.923768 0
    outer loop
      vertex -5.5029 -13.4136 0
      vertex -5.5029 -13.4136 5
      vertex -5.5936 -13.376 5
    endloop
  endfacet
  facet normal -0.352218 -0.935918 0
    outer loop
      vertex -4.7068 -13.7132 0
      vertex -5.5029 -13.4136 5
      vertex -5.5029 -13.4136 0
    endloop
  endfacet
  facet normal -0.352218 -0.935918 0
    outer loop
      vertex -4.7068 -13.7132 0
      vertex -4.7068 -13.7132 5
      vertex -5.5029 -13.4136 5
    endloop
  endfacet
  facet normal -0.321055 -0.947061 0
    outer loop
      vertex -4.61388 -13.7447 0
      vertex -4.7068 -13.7132 5
      vertex -4.7068 -13.7132 0
    endloop
  endfacet
  facet normal -0.321055 -0.947061 0
    outer loop
      vertex -4.61388 -13.7447 0
      vertex -4.61388 -13.7447 5
      vertex -4.7068 -13.7132 5
    endloop
  endfacet
  facet normal -0.290366 -0.956916 0
    outer loop
      vertex -3.79988 -13.9917 0
      vertex -4.61388 -13.7447 5
      vertex -4.61388 -13.7447 0
    endloop
  endfacet
  facet normal -0.290366 -0.956916 0
    outer loop
      vertex -3.79988 -13.9917 0
      vertex -3.79988 -13.9917 5
      vertex -4.61388 -13.7447 5
    endloop
  endfacet
  facet normal -0.258728 -0.96595 0
    outer loop
      vertex -3.70505 -14.0171 0
      vertex -3.79988 -13.9917 5
      vertex -3.79988 -13.9917 0
    endloop
  endfacet
  facet normal -0.258728 -0.96595 0
    outer loop
      vertex -3.70505 -14.0171 0
      vertex -3.70505 -14.0171 5
      vertex -3.79988 -13.9917 5
    endloop
  endfacet
  facet normal -0.227017 -0.973891 0
    outer loop
      vertex -2.87666 -14.2102 0
      vertex -3.70505 -14.0171 5
      vertex -3.70505 -14.0171 0
    endloop
  endfacet
  facet normal -0.227017 -0.973891 0
    outer loop
      vertex -2.87666 -14.2102 0
      vertex -2.87666 -14.2102 5
      vertex -3.70505 -14.0171 5
    endloop
  endfacet
  facet normal -0.195607 -0.980682 0
    outer loop
      vertex -2.7804 -14.2294 0
      vertex -2.87666 -14.2102 5
      vertex -2.87666 -14.2102 0
    endloop
  endfacet
  facet normal -0.195607 -0.980682 0
    outer loop
      vertex -2.7804 -14.2294 0
      vertex -2.7804 -14.2294 5
      vertex -2.87666 -14.2102 5
    endloop
  endfacet
  facet normal -0.162817 -0.986656 0
    outer loop
      vertex -1.9411 -14.3679 0
      vertex -2.7804 -14.2294 5
      vertex -2.7804 -14.2294 0
    endloop
  endfacet
  facet normal -0.162817 -0.986656 0
    outer loop
      vertex -1.9411 -14.3679 0
      vertex -1.9411 -14.3679 5
      vertex -2.7804 -14.2294 5
    endloop
  endfacet
  facet normal -0.13143 -0.991326 0
    outer loop
      vertex -1.8438 -14.3808 0
      vertex -1.9411 -14.3679 5
      vertex -1.9411 -14.3679 0
    endloop
  endfacet
  facet normal -0.13143 -0.991326 0
    outer loop
      vertex -1.8438 -14.3808 0
      vertex -1.8438 -14.3808 5
      vertex -1.9411 -14.3679 5
    endloop
  endfacet
  facet normal -0.0980205 -0.995184 0
    outer loop
      vertex -0.997055 -14.4642 0
      vertex -1.8438 -14.3808 5
      vertex -1.8438 -14.3808 0
    endloop
  endfacet
  facet normal -0.0980205 -0.995184 0
    outer loop
      vertex -0.997055 -14.4642 0
      vertex -0.997055 -14.4642 5
      vertex -1.8438 -14.3808 5
    endloop
  endfacet
  facet normal -0.0652031 -0.997872 0
    outer loop
      vertex -0.899109 -14.4706 0
      vertex -0.997055 -14.4642 5
      vertex -0.997055 -14.4642 0
    endloop
  endfacet
  facet normal -0.0652031 -0.997872 0
    outer loop
      vertex -0.899109 -14.4706 0
      vertex -0.899109 -14.4706 5
      vertex -0.997055 -14.4642 5
    endloop
  endfacet
  facet normal -0.0326876 -0.999466 0
    outer loop
      vertex -0.0490875 -14.4984 0
      vertex -0.899109 -14.4706 5
      vertex -0.899109 -14.4706 0
    endloop
  endfacet
  facet normal -0.0326876 -0.999466 0
    outer loop
      vertex -0.0490875 -14.4984 0
      vertex -0.0490875 -14.4984 5
      vertex -0.899109 -14.4706 5
    endloop
  endfacet
  facet normal 0 -1 0
    outer loop
      vertex 0.0490875 -14.4984 0
      vertex -0.0490875 -14.4984 5
      vertex -0.0490875 -14.4984 0
    endloop
  endfacet
  facet normal 0 -1 0
    outer loop
      vertex 0.0490875 -14.4984 0
      vertex 0.0490875 -14.4984 5
      vertex -0.0490875 -14.4984 5
    endloop
  endfacet
  facet normal 0.0326876 -0.999466 0
    outer loop
      vertex 0.899109 -14.4706 0
      vertex 0.0490875 -14.4984 5
      vertex 0.0490875 -14.4984 0
    endloop
  endfacet
  facet normal 0.0326876 -0.999466 0
    outer loop
      vertex 0.899109 -14.4706 0
      vertex 0.899109 -14.4706 5
      vertex 0.0490875 -14.4984 5
    endloop
  endfacet
  facet normal 0.0980385 0.995183 -0
    outer loop
      vertex -1.43591 -10.9059 0
      vertex -1.43591 -10.9059 5
      vertex -0.719254 -10.9765 0
    endloop
  endfacet
  facet normal 0.0980385 0.995183 0
    outer loop
      vertex -0.719254 -10.9765 5
      vertex -0.719254 -10.9765 0
      vertex -1.43591 -10.9059 5
    endloop
  endfacet
  facet normal 0.162869 0.986648 -0
    outer loop
      vertex -2.1459 -10.7887 0
      vertex -2.1459 -10.7887 5
      vertex -1.43591 -10.9059 0
    endloop
  endfacet
  facet normal 0.162869 0.986648 0
    outer loop
      vertex -1.43591 -10.9059 5
      vertex -1.43591 -10.9059 0
      vertex -2.1459 -10.7887 5
    endloop
  endfacet
  facet normal 0.227077 0.973877 -0
    outer loop
      vertex -2.84711 -10.6252 0
      vertex -2.84711 -10.6252 5
      vertex -2.1459 -10.7887 0
    endloop
  endfacet
  facet normal 0.227077 0.973877 0
    outer loop
      vertex -2.1459 -10.7887 5
      vertex -2.1459 -10.7887 0
      vertex -2.84711 -10.6252 5
    endloop
  endfacet
  facet normal 0.290312 0.956932 -0
    outer loop
      vertex -3.53569 -10.4163 0
      vertex -3.53569 -10.4163 5
      vertex -2.84711 -10.6252 0
    endloop
  endfacet
  facet normal 0.290312 0.956932 0
    outer loop
      vertex -2.84711 -10.6252 5
      vertex -2.84711 -10.6252 0
      vertex -3.53569 -10.4163 5
    endloop
  endfacet
  facet normal 0.352353 0.935867 -0
    outer loop
      vertex -4.20953 -10.1626 0
      vertex -4.20953 -10.1626 5
      vertex -3.53569 -10.4163 0
    endloop
  endfacet
  facet normal 0.352353 0.935867 0
    outer loop
      vertex -3.53569 -10.4163 5
      vertex -3.53569 -10.4163 0
      vertex -4.20953 -10.1626 5
    endloop
  endfacet
  facet normal 0.412644 0.910892 -0
    outer loop
      vertex -4.8651 -9.86562 0
      vertex -4.8651 -9.86562 5
      vertex -4.20953 -10.1626 0
    endloop
  endfacet
  facet normal 0.412644 0.910892 0
    outer loop
      vertex -4.20953 -10.1626 5
      vertex -4.20953 -10.1626 0
      vertex -4.8651 -9.86562 5
    endloop
  endfacet
  facet normal 0.471377 0.881932 -0
    outer loop
      vertex -5.50005 -9.52625 0
      vertex -5.50005 -9.52625 5
      vertex -4.8651 -9.86562 0
    endloop
  endfacet
  facet normal 0.471377 0.881932 0
    outer loop
      vertex -4.8651 -9.86562 5
      vertex -4.8651 -9.86562 0
      vertex -5.50005 -9.52625 5
    endloop
  endfacet
  facet normal 0.528081 0.849194 -0
    outer loop
      vertex -6.11128 -9.14615 0
      vertex -6.11128 -9.14615 5
      vertex -5.50005 -9.52625 0
    endloop
  endfacet
  facet normal 0.528081 0.849194 0
    outer loop
      vertex -5.50005 -9.52625 5
      vertex -5.50005 -9.52625 0
      vertex -6.11128 -9.14615 5
    endloop
  endfacet
  facet normal 0.582485 0.812842 -0
    outer loop
      vertex -6.69629 -8.72693 0
      vertex -6.69629 -8.72693 5
      vertex -6.11128 -9.14615 0
    endloop
  endfacet
  facet normal 0.582485 0.812842 0
    outer loop
      vertex -6.11128 -9.14615 5
      vertex -6.11128 -9.14615 0
      vertex -6.69629 -8.72693 5
    endloop
  endfacet
  facet normal 0.634394 0.77301 -0
    outer loop
      vertex -7.25278 -8.27023 0
      vertex -7.25278 -8.27023 5
      vertex -6.69629 -8.72693 0
    endloop
  endfacet
  facet normal 0.634394 0.77301 0
    outer loop
      vertex -6.69629 -8.72693 5
      vertex -6.69629 -8.72693 0
      vertex -7.25278 -8.27023 5
    endloop
  endfacet
  facet normal 0.683576 0.729879 -0
    outer loop
      vertex -7.77817 -7.77817 0
      vertex -7.77817 -7.77817 5
      vertex -7.25278 -8.27023 0
    endloop
  endfacet
  facet normal 0.683576 0.729879 0
    outer loop
      vertex -7.25278 -8.27023 5
      vertex -7.25278 -8.27023 0
      vertex -7.77817 -7.77817 5
    endloop
  endfacet
  facet normal 0.729879 0.683576 -0
    outer loop
      vertex -8.27023 -7.25278 0
      vertex -8.27023 -7.25278 5
      vertex -7.77817 -7.77817 0
    endloop
  endfacet
  facet normal 0.729879 0.683576 0
    outer loop
      vertex -7.77817 -7.77817 5
      vertex -7.77817 -7.77817 0
      vertex -8.27023 -7.25278 5
    endloop
  endfacet
  facet normal 0.77301 0.634394 -0
    outer loop
      vertex -8.72693 -6.69629 0
      vertex -8.72693 -6.69629 5
      vertex -8.27023 -7.25278 0
    endloop
  endfacet
  facet normal 0.77301 0.634394 0
    outer loop
      vertex -8.27023 -7.25278 5
      vertex -8.27023 -7.25278 0
      vertex -8.72693 -6.69629 5
    endloop
  endfacet
  facet normal 0.812842 0.582485 -0
    outer loop
      vertex -9.14615 -6.11128 0
      vertex -9.14615 -6.11128 5
      vertex -8.72693 -6.69629 0
    endloop
  endfacet
  facet normal 0.812842 0.582485 0
    outer loop
      vertex -8.72693 -6.69629 5
      vertex -8.72693 -6.69629 0
      vertex -9.14615 -6.11128 5
    endloop
  endfacet
  facet normal 0.849194 0.528081 -0
    outer loop
      vertex -9.52625 -5.50005 0
      vertex -9.52625 -5.50005 5
      vertex -9.14615 -6.11128 0
    endloop
  endfacet
  facet normal 0.849194 0.528081 0
    outer loop
      vertex -9.14615 -6.11128 5
      vertex -9.14615 -6.11128 0
      vertex -9.52625 -5.50005 5
    endloop
  endfacet
  facet normal 0.881932 0.471377 -0
    outer loop
      vertex -9.86562 -4.8651 0
      vertex -9.86562 -4.8651 5
      vertex -9.52625 -5.50005 0
    endloop
  endfacet
  facet normal 0.881932 0.471377 0
    outer loop
      vertex -9.52625 -5.50005 5
      vertex -9.52625 -5.50005 0
      vertex -9.86562 -4.8651 5
    endloop
  endfacet
  facet normal 0.910892 0.412644 -0
    outer loop
      vertex -10.1626 -4.20953 0
      vertex -10.1626 -4.20953 5
      vertex -9.86562 -4.8651 0
    endloop
  endfacet
  facet normal 0.910892 0.412644 0
    outer loop
      vertex -9.86562 -4.8651 5
      vertex -9.86562 -4.8651 0
      vertex -10.1626 -4.20953 5
    endloop
  endfacet
  facet normal 0.935867 0.352353 -0
    outer loop
      vertex -10.4163 -3.53569 0
      vertex -10.4163 -3.53569 5
      vertex -10.1626 -4.20953 0
    endloop
  endfacet
  facet normal 0.935867 0.352353 0
    outer loop
      vertex -10.1626 -4.20953 5
      vertex -10.1626 -4.20953 0
      vertex -10.4163 -3.53569 5
    endloop
  endfacet
  facet normal 0.956932 0.290312 -0
    outer loop
      vertex -10.6252 -2.84711 0
      vertex -10.6252 -2.84711 5
      vertex -10.4163 -3.53569 0
    endloop
  endfacet
  facet normal 0.956932 0.290312 0
    outer loop
      vertex -10.4163 -3.53569 5
      vertex -10.4163 -3.53569 0
      vertex -10.6252 -2.84711 5
    endloop
  endfacet
  facet normal 0.973877 0.227077 -0
    outer loop
      vertex -10.7887 -2.1459 0
      vertex -10.7887 -2.1459 5
      vertex -10.6252 -2.84711 0
    endloop
  endfacet
  facet normal 0.973877 0.227077 0
    outer loop
      vertex -10.6252 -2.84711 5
      vertex -10.6252 -2.84711 0
      vertex -10.7887 -2.1459 5
    endloop
  endfacet
  facet normal 0.986648 0.162869 -0
    outer loop
      vertex -10.9059 -1.43591 0
      vertex -10.9059 -1.43591 5
      vertex -10.7887 -2.1459 0
    endloop
  endfacet
  facet normal 0.986648 0.162869 0
    outer loop
      vertex -10.7887 -2.1459 5
      vertex -10.7887 -2.1459 0
      vertex -10.9059 -1.43591 5
    endloop
  endfacet
  facet normal 0.995183 0.0980385 -0
    outer loop
      vertex -10.9765 -0.719254 0
      vertex -10.9765 -0.719254 5
      vertex -10.9059 -1.43591 0
    endloop
  endfacet
  facet normal 0.995183 0.0980385 0
    outer loop
      vertex -10.9059 -1.43591 5
      vertex -10.9059 -1.43591 0
      vertex -10.9765 -0.719254 5
    endloop
  endfacet
  facet normal 0.999467 0.0326553 -0
    outer loop
      vertex -11 0 0
      vertex -11 0 5
      vertex -10.9765 -0.719254 0
    endloop
  endfacet
  facet normal 0.999467 0.0326553 0
    outer loop
      vertex -10.9765 -0.719254 5
      vertex -10.9765 -0.719254 0
      vertex -11 0 5
    endloop
  endfacet
  facet normal 0.999467 -0.0326553 0
    outer loop
      vertex -10.9765 0.719254 0
      vertex -10.9765 0.719254 5
      vertex -11 0 0
    endloop
  endfacet
  facet normal 0.999467 -0.0326553 0
    outer loop
      vertex -11 0 5
      vertex -11 0 0
      vertex -10.9765 0.719254 5
    endloop
  endfacet
  facet normal 0.995183 -0.0980385 0
    outer loop
      vertex -10.9059 1.43591 0
      vertex -10.9059 1.43591 5
      vertex -10.9765 0.719254 0
    endloop
  endfacet
  facet normal 0.995183 -0.0980385 0
    outer loop
      vertex -10.9765 0.719254 5
      vertex -10.9765 0.719254 0
      vertex -10.9059 1.43591 5
    endloop
  endfacet
  facet normal 0.986648 -0.162869 0
    outer loop
      vertex -10.7887 2.1459 0
      vertex -10.7887 2.1459 5
      vertex -10.9059 1.43591 0
    endloop
  endfacet
  facet normal 0.986648 -0.162869 0
    outer loop
      vertex -10.9059 1.43591 5
      vertex -10.9059 1.43591 0
      vertex -10.7887 2.1459 5
    endloop
  endfacet
  facet normal 0.973877 -0.227077 0
    outer loop
      vertex -10.6252 2.84711 0
      vertex -10.6252 2.84711 5
      vertex -10.7887 2.1459 0
    endloop
  endfacet
  facet normal 0.973877 -0.227077 0
    outer loop
      vertex -10.7887 2.1459 5
      vertex -10.7887 2.1459 0
      vertex -10.6252 2.84711 5
    endloop
  endfacet
  facet normal 0.956932 -0.290312 0
    outer loop
      vertex -10.4163 3.53569 0
      vertex -10.4163 3.53569 5
      vertex -10.6252 2.84711 0
    endloop
  endfacet
  facet normal 0.956932 -0.290312 0
    outer loop
      vertex -10.6252 2.84711 5
      vertex -10.6252 2.84711 0
      vertex -10.4163 3.53569 5
    endloop
  endfacet
  facet normal 0.935867 -0.352353 0
    outer loop
      vertex -10.1626 4.20953 0
      vertex -10.1626 4.20953 5
      vertex -10.4163 3.53569 0
    endloop
  endfacet
  facet normal 0.935867 -0.352353 0
    outer loop
      vertex -10.4163 3.53569 5
      vertex -10.4163 3.53569 0
      vertex -10.1626 4.20953 5
    endloop
  endfacet
  facet normal 0.910892 -0.412644 0
    outer loop
      vertex -9.86562 4.8651 0
      vertex -9.86562 4.8651 5
      vertex -10.1626 4.20953 0
    endloop
  endfacet
  facet normal 0.910892 -0.412644 0
    outer loop
      vertex -10.1626 4.20953 5
      vertex -10.1626 4.20953 0
      vertex -9.86562 4.8651 5
    endloop
  endfacet
  facet normal 0.881932 -0.471377 0
    outer loop
      vertex -9.52625 5.50005 0
      vertex -9.52625 5.50005 5
      vertex -9.86562 4.8651 0
    endloop
  endfacet
  facet normal 0.881932 -0.471377 0
    outer loop
      vertex -9.86562 4.8651 5
      vertex -9.86562 4.8651 0
      vertex -9.52625 5.50005 5
    endloop
  endfacet
  facet normal 0.849194 -0.528081 0
    outer loop
      vertex -9.14615 6.11128 0
      vertex -9.14615 6.11128 5
      vertex -9.52625 5.50005 0
    endloop
  endfacet
  facet normal 0.849194 -0.528081 0
    outer loop
      vertex -9.52625 5.50005 5
      vertex -9.52625 5.50005 0
      vertex -9.14615 6.11128 5
    endloop
  endfacet
  facet normal 0.812842 -0.582485 0
    outer loop
      vertex -8.72693 6.69629 0
      vertex -8.72693 6.69629 5
      vertex -9.14615 6.11128 0
    endloop
  endfacet
  facet normal 0.812842 -0.582485 0
    outer loop
      vertex -9.14615 6.11128 5
      vertex -9.14615 6.11128 0
      vertex -8.72693 6.69629 5
    endloop
  endfacet
  facet normal 0.77301 -0.634394 0
    outer loop
      vertex -8.27023 7.25278 0
      vertex -8.27023 7.25278 5
      vertex -8.72693 6.69629 0
    endloop
  endfacet
  facet normal 0.77301 -0.634394 0
    outer loop
      vertex -8.72693 6.69629 5
      vertex -8.72693 6.69629 0
      vertex -8.27023 7.25278 5
    endloop
  endfacet
  facet normal 0.729879 -0.683576 0
    outer loop
      vertex -7.77817 7.77817 0
      vertex -7.77817 7.77817 5
      vertex -8.27023 7.25278 0
    endloop
  endfacet
  facet normal 0.729879 -0.683576 0
    outer loop
      vertex -8.27023 7.25278 5
      vertex -8.27023 7.25278 0
      vertex -7.77817 7.77817 5
    endloop
  endfacet
  facet normal 0.683576 -0.729879 0
    outer loop
      vertex -7.25278 8.27023 0
      vertex -7.25278 8.27023 5
      vertex -7.77817 7.77817 0
    endloop
  endfacet
  facet normal 0.683576 -0.729879 0
    outer loop
      vertex -7.77817 7.77817 5
      vertex -7.77817 7.77817 0
      vertex -7.25278 8.27023 5
    endloop
  endfacet
  facet normal 0.634394 -0.77301 0
    outer loop
      vertex -6.69629 8.72693 0
      vertex -6.69629 8.72693 5
      vertex -7.25278 8.27023 0
    endloop
  endfacet
  facet normal 0.634394 -0.77301 0
    outer loop
      vertex -7.25278 8.27023 5
      vertex -7.25278 8.27023 0
      vertex -6.69629 8.72693 5
    endloop
  endfacet
  facet normal 0.582485 -0.812842 0
    outer loop
      vertex -6.11128 9.14615 0
      vertex -6.11128 9.14615 5
      vertex -6.69629 8.72693 0
    endloop
  endfacet
  facet normal 0.582485 -0.812842 0
    outer loop
      vertex -6.69629 8.72693 5
      vertex -6.69629 8.72693 0
      vertex -6.11128 9.14615 5
    endloop
  endfacet
  facet normal 0.528081 -0.849194 0
    outer loop
      vertex -5.50005 9.52625 0
      vertex -5.50005 9.52625 5
      vertex -6.11128 9.14615 0
    endloop
  endfacet
  facet normal 0.528081 -0.849194 0
    outer loop
      vertex -6.11128 9.14615 5
      vertex -6.11128 9.14615 0
      vertex -5.50005 9.52625 5
    endloop
  endfacet
  facet normal 0.471377 -0.881932 0
    outer loop
      vertex -4.8651 9.86562 0
      vertex -4.8651 9.86562 5
      vertex -5.50005 9.52625 0
    endloop
  endfacet
  facet normal 0.471377 -0.881932 0
    outer loop
      vertex -5.50005 9.52625 5
      vertex -5.50005 9.52625 0
      vertex -4.8651 9.86562 5
    endloop
  endfacet
  facet normal 0.412644 -0.910892 0
    outer loop
      vertex -4.20953 10.1626 0
      vertex -4.20953 10.1626 5
      vertex -4.8651 9.86562 0
    endloop
  endfacet
  facet normal 0.412644 -0.910892 0
    outer loop
      vertex -4.8651 9.86562 5
      vertex -4.8651 9.86562 0
      vertex -4.20953 10.1626 5
    endloop
  endfacet
  facet normal 0.352353 -0.935867 0
    outer loop
      vertex -3.53569 10.4163 0
      vertex -3.53569 10.4163 5
      vertex -4.20953 10.1626 0
    endloop
  endfacet
  facet normal 0.352353 -0.935867 0
    outer loop
      vertex -4.20953 10.1626 5
      vertex -4.20953 10.1626 0
      vertex -3.53569 10.4163 5
    endloop
  endfacet
  facet normal 0.290312 -0.956932 0
    outer loop
      vertex -2.84711 10.6252 0
      vertex -2.84711 10.6252 5
      vertex -3.53569 10.4163 0
    endloop
  endfacet
  facet normal 0.290312 -0.956932 0
    outer loop
      vertex -3.53569 10.4163 5
      vertex -3.53569 10.4163 0
      vertex -2.84711 10.6252 5
    endloop
  endfacet
  facet normal 0.227077 -0.973877 0
    outer loop
      vertex -2.1459 10.7887 0
      vertex -2.1459 10.7887 5
      vertex -2.84711 10.6252 0
    endloop
  endfacet
  facet normal 0.227077 -0.973877 0
    outer loop
      vertex -2.84711 10.6252 5
      vertex -2.84711 10.6252 0
      vertex -2.1459 10.7887 5
    endloop
  endfacet
  facet normal 0.162869 -0.986648 0
    outer loop
      vertex -1.43591 10.9059 0
      vertex -1.43591 10.9059 5
      vertex -2.1459 10.7887 0
    endloop
  endfacet
  facet normal 0.162869 -0.986648 0
    outer loop
      vertex -2.1459 10.7887 5
      vertex -2.1459 10.7887 0
      vertex -1.43591 10.9059 5
    endloop
  endfacet
  facet normal 0.0980385 -0.995183 0
    outer loop
      vertex -0.719254 10.9765 0
      vertex -0.719254 10.9765 5
      vertex -1.43591 10.9059 0
    endloop
  endfacet
  facet normal 0.0980385 -0.995183 0
    outer loop
      vertex -1.43591 10.9059 5
      vertex -1.43591 10.9059 0
      vertex -0.719254 10.9765 5
    endloop
  endfacet
  facet normal 0.0326553 -0.999467 0
    outer loop
      vertex 0 11 0
      vertex 0 11 5
      vertex -0.719254 10.9765 0
    endloop
  endfacet
  facet normal 0.0326553 -0.999467 0
    outer loop
      vertex -0.719254 10.9765 5
      vertex -0.719254 10.9765 0
      vertex 0 11 5
    endloop
  endfacet
  facet normal -0.0326553 -0.999467 0
    outer loop
      vertex 0.719254 10.9765 0
      vertex 0.719254 10.9765 5
      vertex 0 11 0
    endloop
  endfacet
  facet normal -0.0326553 -0.999467 -0
    outer loop
      vertex 0 11 5
      vertex 0 11 0
      vertex 0.719254 10.9765 5
    endloop
  endfacet
  facet normal -0.0980385 -0.995183 0
    outer loop
      vertex 1.43591 10.9059 0
      vertex 1.43591 10.9059 5
      vertex 0.719254 10.9765 0
    endloop
  endfacet
  facet normal -0.0980385 -0.995183 -0
    outer loop
      vertex 0.719254 10.9765 5
      vertex 0.719254 10.9765 0
      vertex 1.43591 10.9059 5
    endloop
  endfacet
  facet normal -0.162869 -0.986648 0
    outer loop
      vertex 2.1459 10.7887 0
      vertex 2.1459 10.7887 5
      vertex 1.43591 10.9059 0
    endloop
  endfacet
  facet normal -0.162869 -0.986648 -0
    outer loop
      vertex 1.43591 10.9059 5
      vertex 1.43591 10.9059 0
      vertex 2.1459 10.7887 5
    endloop
  endfacet
  facet normal -0.227077 -0.973877 0
    outer loop
      vertex 2.84711 10.6252 0
      vertex 2.84711 10.6252 5
      vertex 2.1459 10.7887 0
    endloop
  endfacet
  facet normal -0.227077 -0.973877 -0
    outer loop
      vertex 2.1459 10.7887 5
      vertex 2.1459 10.7887 0
      vertex 2.84711 10.6252 5
    endloop
  endfacet
  facet normal -0.290312 -0.956932 0
    outer loop
      vertex 3.53569 10.4163 0
      vertex 3.53569 10.4163 5
      vertex 2.84711 10.6252 0
    endloop
  endfacet
  facet normal -0.290312 -0.956932 -0
    outer loop
      vertex 2.84711 10.6252 5
      vertex 2.84711 10.6252 0
      vertex 3.53569 10.4163 5
    endloop
  endfacet
  facet normal -0.352353 -0.935867 0
    outer loop
      vertex 4.20953 10.1626 0
      vertex 4.20953 10.1626 5
      vertex 3.53569 10.4163 0
    endloop
  endfacet
  facet normal -0.352353 -0.935867 -0
    outer loop
      vertex 3.53569 10.4163 5
      vertex 3.53569 10.4163 0
      vertex 4.20953 10.1626 5
    endloop
  endfacet
  facet normal -0.412644 -0.910892 0
    outer loop
      vertex 4.8651 9.86562 0
      vertex 4.8651 9.86562 5
      vertex 4.20953 10.1626 0
    endloop
  endfacet
  facet normal -0.412644 -0.910892 -0
    outer loop
      vertex 4.20953 10.1626 5
      vertex 4.20953 10.1626 0
      vertex 4.8651 9.86562 5
    endloop
  endfacet
  facet normal -0.471377 -0.881932 0
    outer loop
      vertex 5.50005 9.52625 0
      vertex 5.50005 9.52625 5
      vertex 4.8651 9.86562 0
    endloop
  endfacet
  facet normal -0.471377 -0.881932 -0
    outer loop
      vertex 4.8651 9.86562 5
      vertex 4.8651 9.86562 0
      vertex 5.50005 9.52625 5
    endloop
  endfacet
  facet normal -0.528081 -0.849194 0
    outer loop
      vertex 6.11128 9.14615 0
      vertex 6.11128 9.14615 5
      vertex 5.50005 9.52625 0
    endloop
  endfacet
  facet normal -0.528081 -0.849194 -0
    outer loop
      vertex 5.50005 9.52625 5
      vertex 5.50005 9.52625 0
      vertex 6.11128 9.14615 5
    endloop
  endfacet
  facet normal -0.582485 -0.812842 0
    outer loop
      vertex 6.69629 8.72693 0
      vertex 6.69629 8.72693 5
      vertex 6.11128 9.14615 0
    endloop
  endfacet
  facet normal -0.582485 -0.812842 -0
    outer loop
      vertex 6.11128 9.14615 5
      vertex 6.11128 9.14615 0
      vertex 6.69629 8.72693 5
    endloop
  endfacet
  facet normal -0.634394 -0.77301 0
    outer loop
      vertex 7.25278 8.27023 0
      vertex 7.25278 8.27023 5
      vertex 6.69629 8.72693 0
    endloop
  endfacet
  facet normal -0.634394 -0.77301 -0
    outer loop
      vertex 6.69629 8.72693 5
      vertex 6.69629 8.72693 0
      vertex 7.25278 8.27023 5
    endloop
  endfacet
  facet normal -0.683576 -0.729879 0
    outer loop
      vertex 7.77817 7.77817 0
      vertex 7.77817 7.77817 5
      vertex 7.25278 8.27023 0
    endloop
  endfacet
  facet normal -0.683576 -0.729879 -0
    outer loop
      vertex 7.25278 8.27023 5
      vertex 7.25278 8.27023 0
      vertex 7.77817 7.77817 5
    endloop
  endfacet
  facet normal -0.729879 -0.683576 0
    outer loop
      vertex 8.27023 7.25278 0
      vertex 8.27023 7.25278 5
      vertex 7.77817 7.77817 0
    endloop
  endfacet
  facet normal -0.729879 -0.683576 -0
    outer loop
      vertex 7.77817 7.77817 5
      vertex 7.77817 7.77817 0
      vertex 8.27023 7.25278 5
    endloop
  endfacet
  facet normal -0.77301 -0.634394 0
    outer loop
      vertex 8.72693 6.69629 0
      vertex 8.72693 6.69629 5
      vertex 8.27023 7.25278 0
    endloop
  endfacet
  facet normal -0.77301 -0.634394 -0
    outer loop
      vertex 8.27023 7.25278 5
      vertex 8.27023 7.25278 0
      vertex 8.72693 6.69629 5
    endloop
  endfacet
  facet normal -0.812842 -0.582485 0
    outer loop
      vertex 9.14615 6.11128 0
      vertex 9.14615 6.11128 5
      vertex 8.72693 6.69629 0
    endloop
  endfacet
  facet normal -0.812842 -0.582485 -0
    outer loop
      vertex 8.72693 6.69629 5
      vertex 8.72693 6.69629 0
      vertex 9.14615 6.11128 5
    endloop
  endfacet
  facet normal -0.849194 -0.528081 0
    outer loop
      vertex 9.52625 5.50005 0
      vertex 9.52625 5.50005 5
      vertex 9.14615 6.11128 0
    endloop
  endfacet
  facet normal -0.849194 -0.528081 -0
    outer loop
      vertex 9.14615 6.11128 5
      vertex 9.14615 6.11128 0
      vertex 9.52625 5.50005 5
    endloop
  endfacet
  facet normal -0.881932 -0.471377 0
    outer loop
      vertex 9.86562 4.8651 0
      vertex 9.86562 4.8651 5
      vertex 9.52625 5.50005 0
    endloop
  endfacet
  facet normal -0.881932 -0.471377 -0
    outer loop
      vertex 9.52625 5.50005 5
      vertex 9.52625 5.50005 0
      vertex 9.86562 4.8651 5
    endloop
  endfacet
  facet normal -0.910892 -0.412644 0
    outer loop
      vertex 10.1626 4.20953 0
      vertex 10.1626 4.20953 5
      vertex 9.86562 4.8651 0
    endloop
  endfacet
  facet normal -0.910892 -0.412644 -0
    outer loop
      vertex 9.86562 4.8651 5
      vertex 9.86562 4.8651 0
      vertex 10.1626 4.20953 5
    endloop
  endfacet
  facet normal -0.935867 -0.352353 0
    outer loop
      vertex 10.4163 3.53569 0
      vertex 10.4163 3.53569 5
      vertex 10.1626 4.20953 0
    endloop
  endfacet
  facet normal -0.935867 -0.352353 -0
    outer loop
      vertex 10.1626 4.20953 5
      vertex 10.1626 4.20953 0
      vertex 10.4163 3.53569 5
    endloop
  endfacet
  facet normal -0.956932 -0.290312 0
    outer loop
      vertex 10.6252 2.84711 0
      vertex 10.6252 2.84711 5
      vertex 10.4163 3.53569 0
    endloop
  endfacet
  facet normal -0.956932 -0.290312 -0
    outer loop
      vertex 10.4163 3.53569 5
      vertex 10.4163 3.53569 0
      vertex 10.6252 2.84711 5
    endloop
  endfacet
  facet normal -0.973877 -0.227077 0
    outer loop
      vertex 10.7887 2.1459 0
      vertex 10.7887 2.1459 5
      vertex 10.6252 2.84711 0
    endloop
  endfacet
  facet normal -0.973877 -0.227077 -0
    outer loop
      vertex 10.6252 2.84711 5
      vertex 10.6252 2.84711 0
      vertex 10.7887 2.1459 5
    endloop
  endfacet
  facet normal -0.986648 -0.162869 0
    outer loop
      vertex 10.9059 1.43591 0
      vertex 10.9059 1.43591 5
      vertex 10.7887 2.1459 0
    endloop
  endfacet
  facet normal -0.986648 -0.162869 -0
    outer loop
      vertex 10.7887 2.1459 5
      vertex 10.7887 2.1459 0
      vertex 10.9059 1.43591 5
    endloop
  endfacet
  facet normal -0.995183 -0.0980385 0
    outer loop
      vertex 10.9765 0.719254 0
      vertex 10.9765 0.719254 5
      vertex 10.9059 1.43591 0
    endloop
  endfacet
  facet normal -0.995183 -0.0980385 -0
    outer loop
      vertex 10.9059 1.43591 5
      vertex 10.9059 1.43591 0
      vertex 10.9765 0.719254 5
    endloop
  endfacet
  facet normal -0.999467 -0.0326553 0
    outer loop
      vertex 11 0 0
      vertex 11 0 5
      vertex 10.9765 0.719254 0
    endloop
  endfacet
  facet normal -0.999467 -0.0326553 -0
    outer loop
      vertex 10.9765 0.719254 5
      vertex 10.9765 0.719254 0
      vertex 11 0 5
    endloop
  endfacet
  facet normal -0.999467 0.0326553 0
    outer loop
      vertex 10.9765 -0.719254 0
      vertex 10.9765 -0.719254 5
      vertex 11 0 0
    endloop
  endfacet
  facet normal -0.999467 0.0326553 0
    outer loop
      vertex 11 0 5
      vertex 11 0 0
      vertex 10.9765 -0.719254 5
    endloop
  endfacet
  facet normal -0.995183 0.0980385 0
    outer loop
      vertex 10.9059 -1.43591 0
      vertex 10.9059 -1.43591 5
      vertex 10.9765 -0.719254 0
    endloop
  endfacet
  facet normal -0.995183 0.0980385 0
    outer loop
      vertex 10.9765 -0.719254 5
      vertex 10.9765 -0.719254 0
      vertex 10.9059 -1.43591 5
    endloop
  endfacet
  facet normal -0.986648 0.162869 0
    outer loop
      vertex 10.7887 -2.1459 0
      vertex 10.7887 -2.1459 5
      vertex 10.9059 -1.43591 0
    endloop
  endfacet
  facet normal -0.986648 0.162869 0
    outer loop
      vertex 10.9059 -1.43591 5
      vertex 10.9059 -1.43591 0
      vertex 10.7887 -2.1459 5
    endloop
  endfacet
  facet normal -0.973877 0.227077 0
    outer loop
      vertex 10.6252 -2.84711 0
      vertex 10.6252 -2.84711 5
      vertex 10.7887 -2.1459 0
    endloop
  endfacet
  facet normal -0.973877 0.227077 0
    outer loop
      vertex 10.7887 -2.1459 5
      vertex 10.7887 -2.1459 0
      vertex 10.6252 -2.84711 5
    endloop
  endfacet
  facet normal -0.956932 0.290312 0
    outer loop
      vertex 10.4163 -3.53569 0
      vertex 10.4163 -3.53569 5
      vertex 10.6252 -2.84711 0
    endloop
  endfacet
  facet normal -0.956932 0.290312 0
    outer loop
      vertex 10.6252 -2.84711 5
      vertex 10.6252 -2.84711 0
      vertex 10.4163 -3.53569 5
    endloop
  endfacet
  facet normal -0.935867 0.352353 0
    outer loop
      vertex 10.1626 -4.20953 0
      vertex 10.1626 -4.20953 5
      vertex 10.4163 -3.53569 0
    endloop
  endfacet
  facet normal -0.935867 0.352353 0
    outer loop
      vertex 10.4163 -3.53569 5
      vertex 10.4163 -3.53569 0
      vertex 10.1626 -4.20953 5
    endloop
  endfacet
  facet normal -0.910892 0.412644 0
    outer loop
      vertex 9.86562 -4.8651 0
      vertex 9.86562 -4.8651 5
      vertex 10.1626 -4.20953 0
    endloop
  endfacet
  facet normal -0.910892 0.412644 0
    outer loop
      vertex 10.1626 -4.20953 5
      vertex 10.1626 -4.20953 0
      vertex 9.86562 -4.8651 5
    endloop
  endfacet
  facet normal -0.881932 0.471377 0
    outer loop
      vertex 9.52625 -5.50005 0
      vertex 9.52625 -5.50005 5
      vertex 9.86562 -4.8651 0
    endloop
  endfacet
  facet normal -0.881932 0.471377 0
    outer loop
      vertex 9.86562 -4.8651 5
      vertex 9.86562 -4.8651 0
      vertex 9.52625 -5.50005 5
    endloop
  endfacet
  facet normal -0.849194 0.528081 0
    outer loop
      vertex 9.14615 -6.11128 0
      vertex 9.14615 -6.11128 5
      vertex 9.52625 -5.50005 0
    endloop
  endfacet
  facet normal -0.849194 0.528081 0
    outer loop
      vertex 9.52625 -5.50005 5
      vertex 9.52625 -5.50005 0
      vertex 9.14615 -6.11128 5
    endloop
  endfacet
  facet normal -0.812842 0.582485 0
    outer loop
      vertex 8.72693 -6.69629 0
      vertex 8.72693 -6.69629 5
      vertex 9.14615 -6.11128 0
    endloop
  endfacet
  facet normal -0.812842 0.582485 0
    outer loop
      vertex 9.14615 -6.11128 5
      vertex 9.14615 -6.11128 0
      vertex 8.72693 -6.69629 5
    endloop
  endfacet
  facet normal -0.77301 0.634394 0
    outer loop
      vertex 8.27023 -7.25278 0
      vertex 8.27023 -7.25278 5
      vertex 8.72693 -6.69629 0
    endloop
  endfacet
  facet normal -0.77301 0.634394 0
    outer loop
      vertex 8.72693 -6.69629 5
      vertex 8.72693 -6.69629 0
      vertex 8.27023 -7.25278 5
    endloop
  endfacet
  facet normal -0.729879 0.683576 0
    outer loop
      vertex 7.77817 -7.77817 0
      vertex 7.77817 -7.77817 5
      vertex 8.27023 -7.25278 0
    endloop
  endfacet
  facet normal -0.729879 0.683576 0
    outer loop
      vertex 8.27023 -7.25278 5
      vertex 8.27023 -7.25278 0
      vertex 7.77817 -7.77817 5
    endloop
  endfacet
  facet normal -0.683576 0.729879 0
    outer loop
      vertex 7.25278 -8.27023 0
      vertex 7.25278 -8.27023 5
      vertex 7.77817 -7.77817 0
    endloop
  endfacet
  facet normal -0.683576 0.729879 0
    outer loop
      vertex 7.77817 -7.77817 5
      vertex 7.77817 -7.77817 0
      vertex 7.25278 -8.27023 5
    endloop
  endfacet
  facet normal -0.634394 0.77301 0
    outer loop
      vertex 6.69629 -8.72693 0
      vertex 6.69629 -8.72693 5
      vertex 7.25278 -8.27023 0
    endloop
  endfacet
  facet normal -0.634394 0.77301 0
    outer loop
      vertex 7.25278 -8.27023 5
      vertex 7.25278 -8.27023 0
      vertex 6.69629 -8.72693 5
    endloop
  endfacet
  facet normal -0.582485 0.812842 0
    outer loop
      vertex 6.11128 -9.14615 0
      vertex 6.11128 -9.14615 5
      vertex 6.69629 -8.72693 0
    endloop
  endfacet
  facet normal -0.582485 0.812842 0
    outer loop
      vertex 6.69629 -8.72693 5
      vertex 6.69629 -8.72693 0
      vertex 6.11128 -9.14615 5
    endloop
  endfacet
  facet normal -0.528081 0.849194 0
    outer loop
      vertex 5.50005 -9.52625 0
      vertex 5.50005 -9.52625 5
      vertex 6.11128 -9.14615 0
    endloop
  endfacet
  facet normal -0.528081 0.849194 0
    outer loop
      vertex 6.11128 -9.14615 5
      vertex 6.11128 -9.14615 0
      vertex 5.50005 -9.52625 5
    endloop
  endfacet
  facet normal -0.471377 0.881932 0
    outer loop
      vertex 4.8651 -9.86562 0
      vertex 4.8651 -9.86562 5
      vertex 5.50005 -9.52625 0
    endloop
  endfacet
  facet normal -0.471377 0.881932 0
    outer loop
      vertex 5.50005 -9.52625 5
      vertex 5.50005 -9.52625 0
      vertex 4.8651 -9.86562 5
    endloop
  endfacet
  facet normal -0.412644 0.910892 0
    outer loop
      vertex 4.20953 -10.1626 0
      vertex 4.20953 -10.1626 5
      vertex 4.8651 -9.86562 0
    endloop
  endfacet
  facet normal -0.412644 0.910892 0
    outer loop
      vertex 4.8651 -9.86562 5
      vertex 4.8651 -9.86562 0
      vertex 4.20953 -10.1626 5
    endloop
  endfacet
  facet normal -0.352353 0.935867 0
    outer loop
      vertex 3.53569 -10.4163 0
      vertex 3.53569 -10.4163 5
      vertex 4.20953 -10.1626 0
    endloop
  endfacet
  facet normal -0.352353 0.935867 0
    outer loop
      vertex 4.20953 -10.1626 5
      vertex 4.20953 -10.1626 0
      vertex 3.53569 -10.4163 5
    endloop
  endfacet
  facet normal -0.290312 0.956932 0
    outer loop
      vertex 2.84711 -10.6252 0
      vertex 2.84711 -10.6252 5
      vertex 3.53569 -10.4163 0
    endloop
  endfacet
  facet normal -0.290312 0.956932 0
    outer loop
      vertex 3.53569 -10.4163 5
      vertex 3.53569 -10.4163 0
      vertex 2.84711 -10.6252 5
    endloop
  endfacet
  facet normal -0.227077 0.973877 0
    outer loop
      vertex 2.1459 -10.7887 0
      vertex 2.1459 -10.7887 5
      vertex 2.84711 -10.6252 0
    endloop
  endfacet
  facet normal -0.227077 0.973877 0
    outer loop
      vertex 2.84711 -10.6252 5
      vertex 2.84711 -10.6252 0
      vertex 2.1459 -10.7887 5
    endloop
  endfacet
  facet normal -0.162869 0.986648 0
    outer loop
      vertex 1.43591 -10.9059 0
      vertex 1.43591 -10.9059 5
      vertex 2.1459 -10.7887 0
    endloop
  endfacet
  facet normal -0.162869 0.986648 0
    outer loop
      vertex 2.1459 -10.7887 5
      vertex 2.1459 -10.7887 0
      vertex 1.43591 -10.9059 5
    endloop
  endfacet
  facet normal -0.0980385 0.995183 0
    outer loop
      vertex 0.719254 -10.9765 0
      vertex 0.719254 -10.9765 5
      vertex 1.43591 -10.9059 0
    endloop
  endfacet
  facet normal -0.0980385 0.995183 0
    outer loop
      vertex 1.43591 -10.9059 5
      vertex 1.43591 -10.9059 0
      vertex 0.719254 -10.9765 5
    endloop
  endfacet
  facet normal -0.0326553 0.999467 0
    outer loop
      vertex 0 -11 0
      vertex 0 -11 5
      vertex 0.719254 -10.9765 0
    endloop
  endfacet
  facet normal -0.0326553 0.999467 0
    outer loop
      vertex 0.719254 -10.9765 5
      vertex 0.719254 -10.9765 0
      vertex 0 -11 5
    endloop
  endfacet
  facet normal 0.0326553 0.999467 -0
    outer loop
      vertex -0.719254 -10.9765 0
      vertex -0.719254 -10.9765 5
      vertex 0 -11 0
    endloop
  endfacet
  facet normal 0.0326553 0.999467 0
    outer loop
      vertex 0 -11 5
      vertex 0 -11 0
      vertex -0.719254 -10.9765 5
    endloop
  endfacet
endsolid OpenSCAD_Model
