solid OpenSCAD_Model
  facet normal -0.923886 0.382669 0
    outer loop
      vertex 7.24472 13.5451 0
      vertex 7.54497 14.27 3
      vertex 7.54497 14.27 0
    endloop
  endfacet
  facet normal -0.923886 0.382669 0
    outer loop
      vertex 7.54497 14.27 3
      vertex 7.24472 13.5451 0
      vertex 7.24472 13.5451 3
    endloop
  endfacet
  facet normal 0.23345 -0.972369 0
    outer loop
      vertex 12.7822 7.06156 0
      vertex 13.5451 7.24472 3
      vertex 12.7822 7.06156 3
    endloop
  endfacet
  facet normal 0.23345 -0.972369 0
    outer loop
      vertex 13.5451 7.24472 3
      vertex 12.7822 7.06156 0
      vertex 13.5451 7.24472 0
    endloop
  endfacet
  facet normal 0.972386 0.233378 0
    outer loop
      vertex 16.9384 12.7822 3
      vertex 16.7553 13.5451 0
      vertex 16.7553 13.5451 3
    endloop
  endfacet
  facet normal 0.972386 0.233378 0
    outer loop
      vertex 16.7553 13.5451 0
      vertex 16.9384 12.7822 3
      vertex 16.9384 12.7822 0
    endloop
  endfacet
  facet normal 0.996913 0.0785092 0
    outer loop
      vertex 17 12 3
      vertex 16.9384 12.7822 0
      vertex 16.9384 12.7822 3
    endloop
  endfacet
  facet normal 0.996913 0.0785092 0
    outer loop
      vertex 16.9384 12.7822 0
      vertex 17 12 3
      vertex 17 12 0
    endloop
  endfacet
  facet normal 0.996913 -0.0785092 0
    outer loop
      vertex 16.9384 11.2178 3
      vertex 17 12 0
      vertex 17 12 3
    endloop
  endfacet
  facet normal 0.996913 -0.0785092 0
    outer loop
      vertex 17 12 0
      vertex 16.9384 11.2178 3
      vertex 16.9384 11.2178 0
    endloop
  endfacet
  facet normal 0 0 -1
    outer loop
      vertex 14.2347 14.5185 0
      vertex 17 12 0
      vertex 16.9384 11.2178 0
    endloop
  endfacet
  facet normal 0 0 -1
    outer loop
      vertex 14 14.5 0
      vertex 16.9384 11.2178 0
      vertex 16.7553 10.4549 0
    endloop
  endfacet
  facet normal 0 0 -1
    outer loop
      vertex 17 12 0
      vertex 14.2347 14.5185 0
      vertex 16.9384 12.7822 0
    endloop
  endfacet
  facet normal 0 0 -1
    outer loop
      vertex 14 14.5 0
      vertex 16.7553 10.4549 0
      vertex 16.455 9.73005 0
    endloop
  endfacet
  facet normal 0 -0 -1
    outer loop
      vertex 14.4635 14.5734 0
      vertex 16.9384 12.7822 0
      vertex 14.2347 14.5185 0
    endloop
  endfacet
  facet normal 0 0 -1
    outer loop
      vertex 13.7653 14.5185 0
      vertex 16.455 9.73005 0
      vertex 16.0451 9.06107 0
    endloop
  endfacet
  facet normal 0 -0 -1
    outer loop
      vertex 14.681 14.6635 0
      vertex 16.7553 13.5451 0
      vertex 14.4635 14.5734 0
    endloop
  endfacet
  facet normal 0 0 -1
    outer loop
      vertex 13.7653 14.5185 0
      vertex 16.0451 9.06107 0
      vertex 15.5355 8.46447 0
    endloop
  endfacet
  facet normal 0 -0 -1
    outer loop
      vertex 14.8817 14.7865 0
      vertex 16.455 14.27 0
      vertex 14.681 14.6635 0
    endloop
  endfacet
  facet normal 0 -0 -1
    outer loop
      vertex 15.3365 15.319 0
      vertex 16.0451 14.9389 0
      vertex 15.2135 15.1183 0
    endloop
  endfacet
  facet normal 0 0 -1
    outer loop
      vertex 15.5355 15.5355 0
      vertex 15.4266 15.5365 0
      vertex 15.4449 15.6129 0
    endloop
  endfacet
  facet normal -0 0 -1
    outer loop
      vertex 15.5355 15.5355 0
      vertex 15.3365 15.319 0
      vertex 15.4266 15.5365 0
    endloop
  endfacet
  facet normal 0 0 -1
    outer loop
      vertex 16.0451 14.9389 0
      vertex 15.3365 15.319 0
      vertex 15.5355 15.5355 0
    endloop
  endfacet
  facet normal 0 0 -1
    outer loop
      vertex 16.0451 14.9389 0
      vertex 15.0607 14.9393 0
      vertex 15.2135 15.1183 0
    endloop
  endfacet
  facet normal 0 0 -1
    outer loop
      vertex 13.7653 14.5185 0
      vertex 15.5355 8.46447 0
      vertex 14.9389 7.95491 0
    endloop
  endfacet
  facet normal -0 0 -1
    outer loop
      vertex 16.0451 14.9389 0
      vertex 14.8817 14.7865 0
      vertex 15.0607 14.9393 0
    endloop
  endfacet
  facet normal 0 0 -1
    outer loop
      vertex 16.455 14.27 0
      vertex 14.8817 14.7865 0
      vertex 16.0451 14.9389 0
    endloop
  endfacet
  facet normal 0 0 -1
    outer loop
      vertex 16.7553 13.5451 0
      vertex 14.681 14.6635 0
      vertex 16.455 14.27 0
    endloop
  endfacet
  facet normal 0 0 -1
    outer loop
      vertex 13.5365 14.5734 0
      vertex 14.9389 7.95491 0
      vertex 14.27 7.54497 0
    endloop
  endfacet
  facet normal 0 0 -1
    outer loop
      vertex 16.9384 12.7822 0
      vertex 14.4635 14.5734 0
      vertex 16.7553 13.5451 0
    endloop
  endfacet
  facet normal 0 0 -1
    outer loop
      vertex 16.9384 11.2178 0
      vertex 14 14.5 0
      vertex 14.2347 14.5185 0
    endloop
  endfacet
  facet normal 0 0 -1
    outer loop
      vertex 16.455 9.73005 0
      vertex 13.7653 14.5185 0
      vertex 14 14.5 0
    endloop
  endfacet
  facet normal 0 0 -1
    outer loop
      vertex 13.5365 14.5734 0
      vertex 14.27 7.54497 0
      vertex 13.5451 7.24472 0
    endloop
  endfacet
  facet normal 0 0 -1
    outer loop
      vertex 14.9389 7.95491 0
      vertex 13.5365 14.5734 0
      vertex 13.7653 14.5185 0
    endloop
  endfacet
  facet normal 0 0 -1
    outer loop
      vertex 12.7822 7.06156 0
      vertex 13.5365 14.5734 0
      vertex 13.5451 7.24472 0
    endloop
  endfacet
  facet normal 0 0 -1
    outer loop
      vertex 12 7 0
      vertex 13.5365 14.5734 0
      vertex 12.7822 7.06156 0
    endloop
  endfacet
  facet normal -0 0 -1
    outer loop
      vertex 13.5365 14.5734 0
      vertex 12 7 0
      vertex 13.319 14.6635 0
    endloop
  endfacet
  facet normal 0 0 -1
    outer loop
      vertex 11.2178 7.06156 0
      vertex 13.319 14.6635 0
      vertex 12 7 0
    endloop
  endfacet
  facet normal 0 0 -1
    outer loop
      vertex 10.4549 7.24472 0
      vertex 13.319 14.6635 0
      vertex 11.2178 7.06156 0
    endloop
  endfacet
  facet normal 0 0 -1
    outer loop
      vertex 9.73005 7.54497 0
      vertex 13.319 14.6635 0
      vertex 10.4549 7.24472 0
    endloop
  endfacet
  facet normal 0 0 -1
    outer loop
      vertex 9.06107 7.95491 0
      vertex 13.319 14.6635 0
      vertex 9.73005 7.54497 0
    endloop
  endfacet
  facet normal 0 0 -1
    outer loop
      vertex 8.46447 8.46447 0
      vertex 13.319 14.6635 0
      vertex 9.06107 7.95491 0
    endloop
  endfacet
  facet normal 0 0 -1
    outer loop
      vertex 7.95491 9.06107 0
      vertex 13.319 14.6635 0
      vertex 8.46447 8.46447 0
    endloop
  endfacet
  facet normal -0 0 -1
    outer loop
      vertex 13.319 14.6635 0
      vertex 7.95491 9.06107 0
      vertex 13.1183 14.7865 0
    endloop
  endfacet
  facet normal 0 0 -1
    outer loop
      vertex 7.54497 9.73005 0
      vertex 13.1183 14.7865 0
      vertex 7.95491 9.06107 0
    endloop
  endfacet
  facet normal 0 0 -1
    outer loop
      vertex 7.24472 10.4549 0
      vertex 13.1183 14.7865 0
      vertex 7.54497 9.73005 0
    endloop
  endfacet
  facet normal 0 0 -1
    outer loop
      vertex 7.06156 11.2178 0
      vertex 13.1183 14.7865 0
      vertex 7.24472 10.4549 0
    endloop
  endfacet
  facet normal 0 0 -1
    outer loop
      vertex 12.5 16 0
      vertex 12 17 0
      vertex 12.5 16.9606 0
    endloop
  endfacet
  facet normal 0 0 -1
    outer loop
      vertex 12.5185 15.7653 0
      vertex 11.2178 16.9384 0
      vertex 12.5 16 0
    endloop
  endfacet
  facet normal 0 -0 -1
    outer loop
      vertex 12 17 0
      vertex 12.5 16 0
      vertex 11.2178 16.9384 0
    endloop
  endfacet
  facet normal 0 0 -1
    outer loop
      vertex 7 12 0
      vertex 13.1183 14.7865 0
      vertex 7.06156 11.2178 0
    endloop
  endfacet
  facet normal 0 -0 -1
    outer loop
      vertex 11.2178 16.9384 0
      vertex 12.5185 15.7653 0
      vertex 10.4549 16.7553 0
    endloop
  endfacet
  facet normal -0 0 -1
    outer loop
      vertex 13.1183 14.7865 0
      vertex 7 12 0
      vertex 12.9393 14.9393 0
    endloop
  endfacet
  facet normal 0 0 -1
    outer loop
      vertex 12.5734 15.5365 0
      vertex 10.4549 16.7553 0
      vertex 12.5185 15.7653 0
    endloop
  endfacet
  facet normal 0 -0 -1
    outer loop
      vertex 7.06156 12.7822 0
      vertex 12.9393 14.9393 0
      vertex 7 12 0
    endloop
  endfacet
  facet normal 0 -0 -1
    outer loop
      vertex 10.4549 16.7553 0
      vertex 12.5734 15.5365 0
      vertex 9.73005 16.455 0
    endloop
  endfacet
  facet normal 0 -0 -1
    outer loop
      vertex 7.24472 13.5451 0
      vertex 12.9393 14.9393 0
      vertex 7.06156 12.7822 0
    endloop
  endfacet
  facet normal 0 0 -1
    outer loop
      vertex 12.6635 15.319 0
      vertex 9.73005 16.455 0
      vertex 12.5734 15.5365 0
    endloop
  endfacet
  facet normal 0 -0 -1
    outer loop
      vertex 7.54497 14.27 0
      vertex 12.9393 14.9393 0
      vertex 7.24472 13.5451 0
    endloop
  endfacet
  facet normal 0 -0 -1
    outer loop
      vertex 9.73005 16.455 0
      vertex 12.6635 15.319 0
      vertex 9.06107 16.0451 0
    endloop
  endfacet
  facet normal -0 0 -1
    outer loop
      vertex 12.9393 14.9393 0
      vertex 7.54497 14.27 0
      vertex 12.7865 15.1183 0
    endloop
  endfacet
  facet normal 0 0 -1
    outer loop
      vertex 12.7865 15.1183 0
      vertex 9.06107 16.0451 0
      vertex 12.6635 15.319 0
    endloop
  endfacet
  facet normal 0 -0 -1
    outer loop
      vertex 7.95491 14.9389 0
      vertex 12.7865 15.1183 0
      vertex 7.54497 14.27 0
    endloop
  endfacet
  facet normal 0 -0 -1
    outer loop
      vertex 9.06107 16.0451 0
      vertex 12.7865 15.1183 0
      vertex 8.46447 15.5355 0
    endloop
  endfacet
  facet normal 0 -0 -1
    outer loop
      vertex 8.46447 15.5355 0
      vertex 12.7865 15.1183 0
      vertex 7.95491 14.9389 0
    endloop
  endfacet
  facet normal 0.760371 0.649489 0
    outer loop
      vertex 16.0451 14.9389 3
      vertex 15.5355 15.5355 0
      vertex 15.5355 15.5355 3
    endloop
  endfacet
  facet normal 0.760371 0.649489 0
    outer loop
      vertex 15.5355 15.5355 0
      vertex 16.0451 14.9389 3
      vertex 16.0451 14.9389 0
    endloop
  endfacet
  facet normal 0.649546 0.760322 -0
    outer loop
      vertex 15.5355 15.5355 0
      vertex 15.4449 15.6129 3
      vertex 15.5355 15.5355 3
    endloop
  endfacet
  facet normal 0.649546 0.760322 0
    outer loop
      vertex 15.4449 15.6129 3
      vertex 15.5355 15.5355 0
      vertex 15.4449 15.6129 0
    endloop
  endfacet
  facet normal -0.649489 0.760371 0
    outer loop
      vertex 9.06107 16.0451 0
      vertex 8.46447 15.5355 3
      vertex 9.06107 16.0451 3
    endloop
  endfacet
  facet normal -0.649489 0.760371 0
    outer loop
      vertex 8.46447 15.5355 3
      vertex 9.06107 16.0451 0
      vertex 8.46447 15.5355 0
    endloop
  endfacet
  facet normal -0.522488 -0.852647 0
    outer loop
      vertex 9.06107 7.95491 0
      vertex 9.73005 7.54497 3
      vertex 9.06107 7.95491 3
    endloop
  endfacet
  facet normal -0.522488 -0.852647 -0
    outer loop
      vertex 9.73005 7.54497 3
      vertex 9.06107 7.95491 0
      vertex 9.73005 7.54497 0
    endloop
  endfacet
  facet normal -0.972369 0.23345 0
    outer loop
      vertex 7.06156 12.7822 0
      vertex 7.24472 13.5451 3
      vertex 7.24472 13.5451 0
    endloop
  endfacet
  facet normal -0.972369 0.23345 0
    outer loop
      vertex 7.24472 13.5451 3
      vertex 7.06156 12.7822 0
      vertex 7.06156 12.7822 3
    endloop
  endfacet
  facet normal -0.23345 -0.972369 0
    outer loop
      vertex 10.4549 7.24472 0
      vertex 11.2178 7.06156 3
      vertex 10.4549 7.24472 3
    endloop
  endfacet
  facet normal -0.23345 -0.972369 -0
    outer loop
      vertex 11.2178 7.06156 3
      vertex 10.4549 7.24472 0
      vertex 11.2178 7.06156 0
    endloop
  endfacet
  facet normal -0.972369 -0.23345 0
    outer loop
      vertex 7.24472 10.4549 0
      vertex 7.06156 11.2178 3
      vertex 7.06156 11.2178 0
    endloop
  endfacet
  facet normal -0.972369 -0.23345 0
    outer loop
      vertex 7.06156 11.2178 3
      vertex 7.24472 10.4549 0
      vertex 7.24472 10.4549 3
    endloop
  endfacet
  facet normal 0.852669 -0.522451 0
    outer loop
      vertex 16.0451 9.06107 3
      vertex 16.455 9.73005 0
      vertex 16.455 9.73005 3
    endloop
  endfacet
  facet normal 0.852669 -0.522451 0
    outer loop
      vertex 16.455 9.73005 0
      vertex 16.0451 9.06107 3
      vertex 16.0451 9.06107 0
    endloop
  endfacet
  facet normal -0.382691 -0.923876 0
    outer loop
      vertex 9.73005 7.54497 0
      vertex 10.4549 7.24472 3
      vertex 9.73005 7.54497 3
    endloop
  endfacet
  facet normal -0.382691 -0.923876 -0
    outer loop
      vertex 10.4549 7.24472 3
      vertex 9.73005 7.54497 0
      vertex 10.4549 7.24472 0
    endloop
  endfacet
  facet normal -0.852647 -0.522488 0
    outer loop
      vertex 7.95491 9.06107 0
      vertex 7.54497 9.73005 3
      vertex 7.54497 9.73005 0
    endloop
  endfacet
  facet normal -0.852647 -0.522488 0
    outer loop
      vertex 7.54497 9.73005 3
      vertex 7.95491 9.06107 0
      vertex 7.95491 9.06107 3
    endloop
  endfacet
  facet normal -0.382746 0.923854 0
    outer loop
      vertex 10.4549 16.7553 0
      vertex 9.73005 16.455 3
      vertex 10.4549 16.7553 3
    endloop
  endfacet
  facet normal -0.382746 0.923854 0
    outer loop
      vertex 9.73005 16.455 3
      vertex 10.4549 16.7553 0
      vertex 9.73005 16.455 0
    endloop
  endfacet
  facet normal 0.923854 -0.382746 0
    outer loop
      vertex 16.455 9.73005 3
      vertex 16.7553 10.4549 0
      vertex 16.7553 10.4549 3
    endloop
  endfacet
  facet normal 0.923854 -0.382746 0
    outer loop
      vertex 16.7553 10.4549 0
      vertex 16.455 9.73005 3
      vertex 16.455 9.73005 0
    endloop
  endfacet
  facet normal 0.0784585 -0.996917 0
    outer loop
      vertex 12 7 0
      vertex 12.7822 7.06156 3
      vertex 12 7 3
    endloop
  endfacet
  facet normal 0.0784585 -0.996917 0
    outer loop
      vertex 12.7822 7.06156 3
      vertex 12 7 0
      vertex 12.7822 7.06156 0
    endloop
  endfacet
  facet normal -0.852619 0.522533 0
    outer loop
      vertex 7.54497 14.27 0
      vertex 7.95491 14.9389 3
      vertex 7.95491 14.9389 0
    endloop
  endfacet
  facet normal -0.852619 0.522533 0
    outer loop
      vertex 7.95491 14.9389 3
      vertex 7.54497 14.27 0
      vertex 7.54497 14.27 3
    endloop
  endfacet
  facet normal -0.760396 0.649459 0
    outer loop
      vertex 7.95491 14.9389 0
      vertex 8.46447 15.5355 3
      vertex 8.46447 15.5355 0
    endloop
  endfacet
  facet normal -0.760396 0.649459 0
    outer loop
      vertex 8.46447 15.5355 3
      vertex 7.95491 14.9389 0
      vertex 7.95491 14.9389 3
    endloop
  endfacet
  facet normal -0.522451 0.852669 0
    outer loop
      vertex 9.73005 16.455 0
      vertex 9.06107 16.0451 3
      vertex 9.73005 16.455 3
    endloop
  endfacet
  facet normal -0.522451 0.852669 0
    outer loop
      vertex 9.06107 16.0451 3
      vertex 9.73005 16.455 0
      vertex 9.06107 16.0451 0
    endloop
  endfacet
  facet normal -0.996917 -0.0784585 0
    outer loop
      vertex 7.06156 11.2178 0
      vertex 7 12 3
      vertex 7 12 0
    endloop
  endfacet
  facet normal -0.996917 -0.0784585 0
    outer loop
      vertex 7 12 3
      vertex 7.06156 11.2178 0
      vertex 7.06156 11.2178 3
    endloop
  endfacet
  facet normal -0.0785092 0.996913 0
    outer loop
      vertex 12 17 0
      vertex 11.2178 16.9384 3
      vertex 12 17 3
    endloop
  endfacet
  facet normal -0.0785092 0.996913 0
    outer loop
      vertex 11.2178 16.9384 3
      vertex 12 17 0
      vertex 11.2178 16.9384 0
    endloop
  endfacet
  facet normal 0.522533 -0.852619 0
    outer loop
      vertex 14.27 7.54497 0
      vertex 14.9389 7.95491 3
      vertex 14.27 7.54497 3
    endloop
  endfacet
  facet normal 0.522533 -0.852619 0
    outer loop
      vertex 14.9389 7.95491 3
      vertex 14.27 7.54497 0
      vertex 14.9389 7.95491 0
    endloop
  endfacet
  facet normal 0.0785565 0.99691 -0
    outer loop
      vertex 12.5 16.9606 0
      vertex 12 17 3
      vertex 12.5 16.9606 3
    endloop
  endfacet
  facet normal 0.0785565 0.99691 0
    outer loop
      vertex 12 17 3
      vertex 12.5 16.9606 0
      vertex 12 17 0
    endloop
  endfacet
  facet normal -0.233378 0.972386 0
    outer loop
      vertex 11.2178 16.9384 0
      vertex 10.4549 16.7553 3
      vertex 11.2178 16.9384 3
    endloop
  endfacet
  facet normal -0.233378 0.972386 0
    outer loop
      vertex 10.4549 16.7553 3
      vertex 11.2178 16.9384 0
      vertex 10.4549 16.7553 0
    endloop
  endfacet
  facet normal 0.852642 0.522496 0
    outer loop
      vertex 16.455 14.27 3
      vertex 16.0451 14.9389 0
      vertex 16.0451 14.9389 3
    endloop
  endfacet
  facet normal 0.852642 0.522496 0
    outer loop
      vertex 16.0451 14.9389 0
      vertex 16.455 14.27 3
      vertex 16.455 14.27 0
    endloop
  endfacet
  facet normal -0.760396 -0.649459 0
    outer loop
      vertex 8.46447 8.46447 0
      vertex 7.95491 9.06107 3
      vertex 7.95491 9.06107 0
    endloop
  endfacet
  facet normal -0.760396 -0.649459 0
    outer loop
      vertex 7.95491 9.06107 3
      vertex 8.46447 8.46447 0
      vertex 8.46447 8.46447 3
    endloop
  endfacet
  facet normal 0.972386 -0.233378 0
    outer loop
      vertex 16.7553 10.4549 3
      vertex 16.9384 11.2178 0
      vertex 16.9384 11.2178 3
    endloop
  endfacet
  facet normal 0.972386 -0.233378 0
    outer loop
      vertex 16.9384 11.2178 0
      vertex 16.7553 10.4549 3
      vertex 16.7553 10.4549 0
    endloop
  endfacet
  facet normal -0.649459 -0.760396 0
    outer loop
      vertex 8.46447 8.46447 0
      vertex 9.06107 7.95491 3
      vertex 8.46447 8.46447 3
    endloop
  endfacet
  facet normal -0.649459 -0.760396 -0
    outer loop
      vertex 9.06107 7.95491 3
      vertex 8.46447 8.46447 0
      vertex 9.06107 7.95491 0
    endloop
  endfacet
  facet normal 0.760371 -0.649489 0
    outer loop
      vertex 15.5355 8.46447 3
      vertex 16.0451 9.06107 0
      vertex 16.0451 9.06107 3
    endloop
  endfacet
  facet normal 0.760371 -0.649489 0
    outer loop
      vertex 16.0451 9.06107 0
      vertex 15.5355 8.46447 3
      vertex 15.5355 8.46447 0
    endloop
  endfacet
  facet normal 0.649459 -0.760396 0
    outer loop
      vertex 14.9389 7.95491 0
      vertex 15.5355 8.46447 3
      vertex 14.9389 7.95491 3
    endloop
  endfacet
  facet normal 0.649459 -0.760396 0
    outer loop
      vertex 15.5355 8.46447 3
      vertex 14.9389 7.95491 0
      vertex 15.5355 8.46447 0
    endloop
  endfacet
  facet normal -0.0784585 -0.996917 0
    outer loop
      vertex 11.2178 7.06156 0
      vertex 12 7 3
      vertex 11.2178 7.06156 3
    endloop
  endfacet
  facet normal -0.0784585 -0.996917 -0
    outer loop
      vertex 12 7 3
      vertex 11.2178 7.06156 0
      vertex 12 7 0
    endloop
  endfacet
  facet normal 0.382669 -0.923886 0
    outer loop
      vertex 13.5451 7.24472 0
      vertex 14.27 7.54497 3
      vertex 13.5451 7.24472 3
    endloop
  endfacet
  facet normal 0.382669 -0.923886 0
    outer loop
      vertex 14.27 7.54497 3
      vertex 13.5451 7.24472 0
      vertex 14.27 7.54497 0
    endloop
  endfacet
  facet normal -0.923876 -0.382691 0
    outer loop
      vertex 7.54497 9.73005 0
      vertex 7.24472 10.4549 3
      vertex 7.24472 10.4549 0
    endloop
  endfacet
  facet normal -0.923876 -0.382691 0
    outer loop
      vertex 7.24472 10.4549 3
      vertex 7.54497 9.73005 0
      vertex 7.54497 9.73005 3
    endloop
  endfacet
  facet normal 0.923863 0.382723 0
    outer loop
      vertex 16.7553 13.5451 3
      vertex 16.455 14.27 0
      vertex 16.455 14.27 3
    endloop
  endfacet
  facet normal 0.923863 0.382723 0
    outer loop
      vertex 16.455 14.27 0
      vertex 16.7553 13.5451 3
      vertex 16.7553 13.5451 0
    endloop
  endfacet
  facet normal -0.996917 0.0784585 0
    outer loop
      vertex 7 12 0
      vertex 7.06156 12.7822 3
      vertex 7.06156 12.7822 0
    endloop
  endfacet
  facet normal -0.996917 0.0784585 0
    outer loop
      vertex 7.06156 12.7822 3
      vertex 7 12 0
      vertex 7 12 3
    endloop
  endfacet
  facet normal -0.923886 0.382669 0
    outer loop
      vertex 7.24472 69.5451 0
      vertex 7.54497 70.27 3
      vertex 7.54497 70.27 0
    endloop
  endfacet
  facet normal -0.923886 0.382669 0
    outer loop
      vertex 7.54497 70.27 3
      vertex 7.24472 69.5451 0
      vertex 7.24472 69.5451 3
    endloop
  endfacet
  facet normal 0.972386 0.233378 0
    outer loop
      vertex 16.9384 68.7822 3
      vertex 16.7553 69.5451 0
      vertex 16.7553 69.5451 3
    endloop
  endfacet
  facet normal 0.972386 0.233378 0
    outer loop
      vertex 16.7553 69.5451 0
      vertex 16.9384 68.7822 3
      vertex 16.9384 68.7822 0
    endloop
  endfacet
  facet normal 0.996913 0.0785092 0
    outer loop
      vertex 17 68 3
      vertex 16.9384 68.7822 0
      vertex 16.9384 68.7822 3
    endloop
  endfacet
  facet normal 0.996913 0.0785092 0
    outer loop
      vertex 16.9384 68.7822 0
      vertex 17 68 3
      vertex 17 68 0
    endloop
  endfacet
  facet normal 0.996913 -0.0785092 0
    outer loop
      vertex 16.9384 67.2178 3
      vertex 17 68 0
      vertex 17 68 3
    endloop
  endfacet
  facet normal 0.996913 -0.0785092 0
    outer loop
      vertex 17 68 0
      vertex 16.9384 67.2178 3
      vertex 16.9384 67.2178 0
    endloop
  endfacet
  facet normal -0 0 -1
    outer loop
      vertex 12.5 63.0394 0
      vertex 12 63 0
      vertex 12.5 64 0
    endloop
  endfacet
  facet normal 0 0 -1
    outer loop
      vertex 14.2347 65.4815 0
      vertex 17 68 0
      vertex 16.9384 67.2178 0
    endloop
  endfacet
  facet normal 0 0 -1
    outer loop
      vertex 14.4635 65.4266 0
      vertex 16.9384 67.2178 0
      vertex 16.7553 66.4549 0
    endloop
  endfacet
  facet normal -0 0 -1
    outer loop
      vertex 17 68 0
      vertex 14.2347 65.4815 0
      vertex 16.9384 68.7822 0
    endloop
  endfacet
  facet normal 0 0 -1
    outer loop
      vertex 14.681 65.3365 0
      vertex 16.7553 66.4549 0
      vertex 16.455 65.73 0
    endloop
  endfacet
  facet normal 0 0 -1
    outer loop
      vertex 16.9384 67.2178 0
      vertex 14.4635 65.4266 0
      vertex 14.2347 65.4815 0
    endloop
  endfacet
  facet normal 0 0 -1
    outer loop
      vertex 14.8817 65.2135 0
      vertex 16.455 65.73 0
      vertex 16.0451 65.0611 0
    endloop
  endfacet
  facet normal 0 0 -1
    outer loop
      vertex 16.7553 66.4549 0
      vertex 14.681 65.3365 0
      vertex 14.4635 65.4266 0
    endloop
  endfacet
  facet normal 0 0 -1
    outer loop
      vertex 15.3365 64.681 0
      vertex 16.0451 65.0611 0
      vertex 15.5355 64.4645 0
    endloop
  endfacet
  facet normal 0 0 -1
    outer loop
      vertex 15.0607 65.0607 0
      vertex 16.0451 65.0611 0
      vertex 15.2135 64.8817 0
    endloop
  endfacet
  facet normal 0 0 -1
    outer loop
      vertex 15.4266 64.4635 0
      vertex 15.5355 64.4645 0
      vertex 15.4449 64.3871 0
    endloop
  endfacet
  facet normal 0 0 -1
    outer loop
      vertex 15.3365 64.681 0
      vertex 15.5355 64.4645 0
      vertex 15.4266 64.4635 0
    endloop
  endfacet
  facet normal 0 0 -1
    outer loop
      vertex 16.0451 65.0611 0
      vertex 15.3365 64.681 0
      vertex 15.2135 64.8817 0
    endloop
  endfacet
  facet normal 0 0 -1
    outer loop
      vertex 14.8817 65.2135 0
      vertex 16.0451 65.0611 0
      vertex 15.0607 65.0607 0
    endloop
  endfacet
  facet normal 0 0 -1
    outer loop
      vertex 16.455 65.73 0
      vertex 14.8817 65.2135 0
      vertex 14.681 65.3365 0
    endloop
  endfacet
  facet normal 0 0 -1
    outer loop
      vertex 14 65.5 0
      vertex 16.9384 68.7822 0
      vertex 14.2347 65.4815 0
    endloop
  endfacet
  facet normal -0 0 -1
    outer loop
      vertex 16.9384 68.7822 0
      vertex 14 65.5 0
      vertex 16.7553 69.5451 0
    endloop
  endfacet
  facet normal -0 0 -1
    outer loop
      vertex 16.7553 69.5451 0
      vertex 14 65.5 0
      vertex 16.455 70.27 0
    endloop
  endfacet
  facet normal 0 0 -1
    outer loop
      vertex 13.7653 65.4815 0
      vertex 16.455 70.27 0
      vertex 14 65.5 0
    endloop
  endfacet
  facet normal -0 0 -1
    outer loop
      vertex 16.455 70.27 0
      vertex 13.7653 65.4815 0
      vertex 16.0451 70.9389 0
    endloop
  endfacet
  facet normal -0 0 -1
    outer loop
      vertex 16.0451 70.9389 0
      vertex 13.7653 65.4815 0
      vertex 15.5355 71.5355 0
    endloop
  endfacet
  facet normal -0 0 -1
    outer loop
      vertex 15.5355 71.5355 0
      vertex 13.7653 65.4815 0
      vertex 14.9389 72.0451 0
    endloop
  endfacet
  facet normal 0 0 -1
    outer loop
      vertex 13.5365 65.4266 0
      vertex 14.9389 72.0451 0
      vertex 13.7653 65.4815 0
    endloop
  endfacet
  facet normal -0 0 -1
    outer loop
      vertex 14.9389 72.0451 0
      vertex 13.5365 65.4266 0
      vertex 14.27 72.455 0
    endloop
  endfacet
  facet normal -0 0 -1
    outer loop
      vertex 14.27 72.455 0
      vertex 13.5365 65.4266 0
      vertex 13.5451 72.7553 0
    endloop
  endfacet
  facet normal 0 0 -1
    outer loop
      vertex 12 73 0
      vertex 13.5365 65.4266 0
      vertex 13.319 65.3365 0
    endloop
  endfacet
  facet normal 0 0 -1
    outer loop
      vertex 7.95491 70.9389 0
      vertex 13.319 65.3365 0
      vertex 13.1183 65.2135 0
    endloop
  endfacet
  facet normal 0 0 -1
    outer loop
      vertex 7 68 0
      vertex 13.1183 65.2135 0
      vertex 12.9393 65.0607 0
    endloop
  endfacet
  facet normal 0 0 -1
    outer loop
      vertex 7.54497 65.73 0
      vertex 12.9393 65.0607 0
      vertex 12.7865 64.8817 0
    endloop
  endfacet
  facet normal 0 0 -1
    outer loop
      vertex 13.5365 65.4266 0
      vertex 12.7822 72.9384 0
      vertex 13.5451 72.7553 0
    endloop
  endfacet
  facet normal 0 0 -1
    outer loop
      vertex 9.06107 63.9549 0
      vertex 12.7865 64.8817 0
      vertex 12.6635 64.681 0
    endloop
  endfacet
  facet normal 0 0 -1
    outer loop
      vertex 9.73005 63.545 0
      vertex 12.6635 64.681 0
      vertex 12.5734 64.4635 0
    endloop
  endfacet
  facet normal 0 0 -1
    outer loop
      vertex 10.4549 63.2447 0
      vertex 12.5734 64.4635 0
      vertex 12.5185 64.2346 0
    endloop
  endfacet
  facet normal 0 0 -1
    outer loop
      vertex 11.2178 63.0616 0
      vertex 12.5185 64.2346 0
      vertex 12.5 64 0
    endloop
  endfacet
  facet normal 0 0 -1
    outer loop
      vertex 11.2178 63.0616 0
      vertex 12.5 64 0
      vertex 12 63 0
    endloop
  endfacet
  facet normal 0 0 -1
    outer loop
      vertex 13.5365 65.4266 0
      vertex 12 73 0
      vertex 12.7822 72.9384 0
    endloop
  endfacet
  facet normal 0 0 -1
    outer loop
      vertex 12.5185 64.2346 0
      vertex 11.2178 63.0616 0
      vertex 10.4549 63.2447 0
    endloop
  endfacet
  facet normal 0 0 -1
    outer loop
      vertex 13.319 65.3365 0
      vertex 11.2178 72.9384 0
      vertex 12 73 0
    endloop
  endfacet
  facet normal 0 0 -1
    outer loop
      vertex 12.5734 64.4635 0
      vertex 10.4549 63.2447 0
      vertex 9.73005 63.545 0
    endloop
  endfacet
  facet normal 0 0 -1
    outer loop
      vertex 13.319 65.3365 0
      vertex 10.4549 72.7553 0
      vertex 11.2178 72.9384 0
    endloop
  endfacet
  facet normal 0 0 -1
    outer loop
      vertex 12.6635 64.681 0
      vertex 9.73005 63.545 0
      vertex 9.06107 63.9549 0
    endloop
  endfacet
  facet normal 0 0 -1
    outer loop
      vertex 13.319 65.3365 0
      vertex 9.73005 72.455 0
      vertex 10.4549 72.7553 0
    endloop
  endfacet
  facet normal 0 0 -1
    outer loop
      vertex 12.7865 64.8817 0
      vertex 9.06107 63.9549 0
      vertex 8.46447 64.4645 0
    endloop
  endfacet
  facet normal 0 0 -1
    outer loop
      vertex 13.319 65.3365 0
      vertex 9.06107 72.0451 0
      vertex 9.73005 72.455 0
    endloop
  endfacet
  facet normal -0 0 -1
    outer loop
      vertex 12.7865 64.8817 0
      vertex 8.46447 64.4645 0
      vertex 7.95491 65.0611 0
    endloop
  endfacet
  facet normal 0 0 -1
    outer loop
      vertex 13.319 65.3365 0
      vertex 8.46447 71.5355 0
      vertex 9.06107 72.0451 0
    endloop
  endfacet
  facet normal 0 0 -1
    outer loop
      vertex 12.7865 64.8817 0
      vertex 7.95491 65.0611 0
      vertex 7.54497 65.73 0
    endloop
  endfacet
  facet normal 0 0 -1
    outer loop
      vertex 13.319 65.3365 0
      vertex 7.95491 70.9389 0
      vertex 8.46447 71.5355 0
    endloop
  endfacet
  facet normal 0 0 -1
    outer loop
      vertex 12.9393 65.0607 0
      vertex 7.54497 65.73 0
      vertex 7.24472 66.4549 0
    endloop
  endfacet
  facet normal 0 0 -1
    outer loop
      vertex 13.1183 65.2135 0
      vertex 7.54497 70.27 0
      vertex 7.95491 70.9389 0
    endloop
  endfacet
  facet normal 0 0 -1
    outer loop
      vertex 12.9393 65.0607 0
      vertex 7.24472 66.4549 0
      vertex 7.06156 67.2178 0
    endloop
  endfacet
  facet normal 0 0 -1
    outer loop
      vertex 13.1183 65.2135 0
      vertex 7.24472 69.5451 0
      vertex 7.54497 70.27 0
    endloop
  endfacet
  facet normal 0 0 -1
    outer loop
      vertex 12.9393 65.0607 0
      vertex 7.06156 67.2178 0
      vertex 7 68 0
    endloop
  endfacet
  facet normal 0 0 -1
    outer loop
      vertex 13.1183 65.2135 0
      vertex 7.06156 68.7822 0
      vertex 7.24472 69.5451 0
    endloop
  endfacet
  facet normal 0 0 -1
    outer loop
      vertex 13.1183 65.2135 0
      vertex 7 68 0
      vertex 7.06156 68.7822 0
    endloop
  endfacet
  facet normal 0.760371 0.649489 0
    outer loop
      vertex 16.0451 70.9389 3
      vertex 15.5355 71.5355 0
      vertex 15.5355 71.5355 3
    endloop
  endfacet
  facet normal 0.760371 0.649489 0
    outer loop
      vertex 15.5355 71.5355 0
      vertex 16.0451 70.9389 3
      vertex 16.0451 70.9389 0
    endloop
  endfacet
  facet normal 0.649489 0.760371 -0
    outer loop
      vertex 15.5355 71.5355 0
      vertex 14.9389 72.0451 3
      vertex 15.5355 71.5355 3
    endloop
  endfacet
  facet normal 0.649489 0.760371 0
    outer loop
      vertex 14.9389 72.0451 3
      vertex 15.5355 71.5355 0
      vertex 14.9389 72.0451 0
    endloop
  endfacet
  facet normal -0.649489 0.760371 0
    outer loop
      vertex 9.06107 72.0451 0
      vertex 8.46447 71.5355 3
      vertex 9.06107 72.0451 3
    endloop
  endfacet
  facet normal -0.649489 0.760371 0
    outer loop
      vertex 8.46447 71.5355 3
      vertex 9.06107 72.0451 0
      vertex 8.46447 71.5355 0
    endloop
  endfacet
  facet normal -0.522451 -0.852669 0
    outer loop
      vertex 9.06107 63.9549 0
      vertex 9.73005 63.545 3
      vertex 9.06107 63.9549 3
    endloop
  endfacet
  facet normal -0.522451 -0.852669 -0
    outer loop
      vertex 9.73005 63.545 3
      vertex 9.06107 63.9549 0
      vertex 9.73005 63.545 0
    endloop
  endfacet
  facet normal -0.972369 0.23345 0
    outer loop
      vertex 7.06156 68.7822 0
      vertex 7.24472 69.5451 3
      vertex 7.24472 69.5451 0
    endloop
  endfacet
  facet normal -0.972369 0.23345 0
    outer loop
      vertex 7.24472 69.5451 3
      vertex 7.06156 68.7822 0
      vertex 7.06156 68.7822 3
    endloop
  endfacet
  facet normal -0.233378 -0.972386 0
    outer loop
      vertex 10.4549 63.2447 0
      vertex 11.2178 63.0616 3
      vertex 10.4549 63.2447 3
    endloop
  endfacet
  facet normal -0.233378 -0.972386 -0
    outer loop
      vertex 11.2178 63.0616 3
      vertex 10.4549 63.2447 0
      vertex 11.2178 63.0616 0
    endloop
  endfacet
  facet normal -0.972369 -0.23345 0
    outer loop
      vertex 7.24472 66.4549 0
      vertex 7.06156 67.2178 3
      vertex 7.06156 67.2178 0
    endloop
  endfacet
  facet normal -0.972369 -0.23345 0
    outer loop
      vertex 7.06156 67.2178 3
      vertex 7.24472 66.4549 0
      vertex 7.24472 66.4549 3
    endloop
  endfacet
  facet normal 0.852642 -0.522496 0
    outer loop
      vertex 16.0451 65.0611 3
      vertex 16.455 65.73 0
      vertex 16.455 65.73 3
    endloop
  endfacet
  facet normal 0.852642 -0.522496 0
    outer loop
      vertex 16.455 65.73 0
      vertex 16.0451 65.0611 3
      vertex 16.0451 65.0611 0
    endloop
  endfacet
  facet normal -0.382746 -0.923854 0
    outer loop
      vertex 9.73005 63.545 0
      vertex 10.4549 63.2447 3
      vertex 9.73005 63.545 3
    endloop
  endfacet
  facet normal -0.382746 -0.923854 -0
    outer loop
      vertex 10.4549 63.2447 3
      vertex 9.73005 63.545 0
      vertex 10.4549 63.2447 0
    endloop
  endfacet
  facet normal -0.852619 -0.522533 0
    outer loop
      vertex 7.95491 65.0611 0
      vertex 7.54497 65.73 3
      vertex 7.54497 65.73 0
    endloop
  endfacet
  facet normal -0.852619 -0.522533 0
    outer loop
      vertex 7.54497 65.73 3
      vertex 7.95491 65.0611 0
      vertex 7.95491 65.0611 3
    endloop
  endfacet
  facet normal -0.382746 0.923854 0
    outer loop
      vertex 10.4549 72.7553 0
      vertex 9.73005 72.455 3
      vertex 10.4549 72.7553 3
    endloop
  endfacet
  facet normal -0.382746 0.923854 0
    outer loop
      vertex 9.73005 72.455 3
      vertex 10.4549 72.7553 0
      vertex 9.73005 72.455 0
    endloop
  endfacet
  facet normal 0.923863 -0.382723 0
    outer loop
      vertex 16.455 65.73 3
      vertex 16.7553 66.4549 0
      vertex 16.7553 66.4549 3
    endloop
  endfacet
  facet normal 0.923863 -0.382723 0
    outer loop
      vertex 16.7553 66.4549 0
      vertex 16.455 65.73 3
      vertex 16.455 65.73 0
    endloop
  endfacet
  facet normal 0.382723 0.923863 -0
    outer loop
      vertex 14.27 72.455 0
      vertex 13.5451 72.7553 3
      vertex 14.27 72.455 3
    endloop
  endfacet
  facet normal 0.382723 0.923863 0
    outer loop
      vertex 13.5451 72.7553 3
      vertex 14.27 72.455 0
      vertex 13.5451 72.7553 0
    endloop
  endfacet
  facet normal 0.233378 0.972386 -0
    outer loop
      vertex 13.5451 72.7553 0
      vertex 12.7822 72.9384 3
      vertex 13.5451 72.7553 3
    endloop
  endfacet
  facet normal 0.233378 0.972386 0
    outer loop
      vertex 12.7822 72.9384 3
      vertex 13.5451 72.7553 0
      vertex 12.7822 72.9384 0
    endloop
  endfacet
  facet normal 0.0785565 -0.99691 0
    outer loop
      vertex 12 63 0
      vertex 12.5 63.0394 3
      vertex 12 63 3
    endloop
  endfacet
  facet normal 0.0785565 -0.99691 0
    outer loop
      vertex 12.5 63.0394 3
      vertex 12 63 0
      vertex 12.5 63.0394 0
    endloop
  endfacet
  facet normal -0.852619 0.522533 0
    outer loop
      vertex 7.54497 70.27 0
      vertex 7.95491 70.9389 3
      vertex 7.95491 70.9389 0
    endloop
  endfacet
  facet normal -0.852619 0.522533 0
    outer loop
      vertex 7.95491 70.9389 3
      vertex 7.54497 70.27 0
      vertex 7.54497 70.27 3
    endloop
  endfacet
  facet normal -0.760396 0.649459 0
    outer loop
      vertex 7.95491 70.9389 0
      vertex 8.46447 71.5355 3
      vertex 8.46447 71.5355 0
    endloop
  endfacet
  facet normal -0.760396 0.649459 0
    outer loop
      vertex 8.46447 71.5355 3
      vertex 7.95491 70.9389 0
      vertex 7.95491 70.9389 3
    endloop
  endfacet
  facet normal -0.522451 0.852669 0
    outer loop
      vertex 9.73005 72.455 0
      vertex 9.06107 72.0451 3
      vertex 9.73005 72.455 3
    endloop
  endfacet
  facet normal -0.522451 0.852669 0
    outer loop
      vertex 9.06107 72.0451 3
      vertex 9.73005 72.455 0
      vertex 9.06107 72.0451 0
    endloop
  endfacet
  facet normal -0.996917 -0.0784585 0
    outer loop
      vertex 7.06156 67.2178 0
      vertex 7 68 3
      vertex 7 68 0
    endloop
  endfacet
  facet normal -0.996917 -0.0784585 0
    outer loop
      vertex 7 68 3
      vertex 7.06156 67.2178 0
      vertex 7.06156 67.2178 3
    endloop
  endfacet
  facet normal 0.522496 0.852642 -0
    outer loop
      vertex 14.9389 72.0451 0
      vertex 14.27 72.455 3
      vertex 14.9389 72.0451 3
    endloop
  endfacet
  facet normal 0.522496 0.852642 0
    outer loop
      vertex 14.27 72.455 3
      vertex 14.9389 72.0451 0
      vertex 14.27 72.455 0
    endloop
  endfacet
  facet normal -0.0785092 0.996913 0
    outer loop
      vertex 12 73 0
      vertex 11.2178 72.9384 3
      vertex 12 73 3
    endloop
  endfacet
  facet normal -0.0785092 0.996913 0
    outer loop
      vertex 11.2178 72.9384 3
      vertex 12 73 0
      vertex 11.2178 72.9384 0
    endloop
  endfacet
  facet normal 0.0785092 0.996913 -0
    outer loop
      vertex 12.7822 72.9384 0
      vertex 12 73 3
      vertex 12.7822 72.9384 3
    endloop
  endfacet
  facet normal 0.0785092 0.996913 0
    outer loop
      vertex 12 73 3
      vertex 12.7822 72.9384 0
      vertex 12 73 0
    endloop
  endfacet
  facet normal -0.233378 0.972386 0
    outer loop
      vertex 11.2178 72.9384 0
      vertex 10.4549 72.7553 3
      vertex 11.2178 72.9384 3
    endloop
  endfacet
  facet normal -0.233378 0.972386 0
    outer loop
      vertex 10.4549 72.7553 3
      vertex 11.2178 72.9384 0
      vertex 10.4549 72.7553 0
    endloop
  endfacet
  facet normal 0.852642 0.522496 0
    outer loop
      vertex 16.455 70.27 3
      vertex 16.0451 70.9389 0
      vertex 16.0451 70.9389 3
    endloop
  endfacet
  facet normal 0.852642 0.522496 0
    outer loop
      vertex 16.0451 70.9389 0
      vertex 16.455 70.27 3
      vertex 16.455 70.27 0
    endloop
  endfacet
  facet normal -0.760396 -0.649459 0
    outer loop
      vertex 8.46447 64.4645 0
      vertex 7.95491 65.0611 3
      vertex 7.95491 65.0611 0
    endloop
  endfacet
  facet normal -0.760396 -0.649459 0
    outer loop
      vertex 7.95491 65.0611 3
      vertex 8.46447 64.4645 0
      vertex 8.46447 64.4645 3
    endloop
  endfacet
  facet normal 0.972386 -0.233378 0
    outer loop
      vertex 16.7553 66.4549 3
      vertex 16.9384 67.2178 0
      vertex 16.9384 67.2178 3
    endloop
  endfacet
  facet normal 0.972386 -0.233378 0
    outer loop
      vertex 16.9384 67.2178 0
      vertex 16.7553 66.4549 3
      vertex 16.7553 66.4549 0
    endloop
  endfacet
  facet normal -0.649489 -0.760371 0
    outer loop
      vertex 8.46447 64.4645 0
      vertex 9.06107 63.9549 3
      vertex 8.46447 64.4645 3
    endloop
  endfacet
  facet normal -0.649489 -0.760371 -0
    outer loop
      vertex 9.06107 63.9549 3
      vertex 8.46447 64.4645 0
      vertex 9.06107 63.9549 0
    endloop
  endfacet
  facet normal 0.760371 -0.649489 0
    outer loop
      vertex 15.5355 64.4645 3
      vertex 16.0451 65.0611 0
      vertex 16.0451 65.0611 3
    endloop
  endfacet
  facet normal 0.760371 -0.649489 0
    outer loop
      vertex 16.0451 65.0611 0
      vertex 15.5355 64.4645 3
      vertex 15.5355 64.4645 0
    endloop
  endfacet
  facet normal 0.649546 -0.760322 0
    outer loop
      vertex 15.4449 64.3871 0
      vertex 15.5355 64.4645 3
      vertex 15.4449 64.3871 3
    endloop
  endfacet
  facet normal 0.649546 -0.760322 0
    outer loop
      vertex 15.5355 64.4645 3
      vertex 15.4449 64.3871 0
      vertex 15.5355 64.4645 0
    endloop
  endfacet
  facet normal -0.0785092 -0.996913 0
    outer loop
      vertex 11.2178 63.0616 0
      vertex 12 63 3
      vertex 11.2178 63.0616 3
    endloop
  endfacet
  facet normal -0.0785092 -0.996913 -0
    outer loop
      vertex 12 63 3
      vertex 11.2178 63.0616 0
      vertex 12 63 0
    endloop
  endfacet
  facet normal -0.923886 -0.382669 0
    outer loop
      vertex 7.54497 65.73 0
      vertex 7.24472 66.4549 3
      vertex 7.24472 66.4549 0
    endloop
  endfacet
  facet normal -0.923886 -0.382669 0
    outer loop
      vertex 7.24472 66.4549 3
      vertex 7.54497 65.73 0
      vertex 7.54497 65.73 3
    endloop
  endfacet
  facet normal 0.923863 0.382723 0
    outer loop
      vertex 16.7553 69.5451 3
      vertex 16.455 70.27 0
      vertex 16.455 70.27 3
    endloop
  endfacet
  facet normal 0.923863 0.382723 0
    outer loop
      vertex 16.455 70.27 0
      vertex 16.7553 69.5451 3
      vertex 16.7553 69.5451 0
    endloop
  endfacet
  facet normal -0.996917 0.0784585 0
    outer loop
      vertex 7 68 0
      vertex 7.06156 68.7822 3
      vertex 7.06156 68.7822 0
    endloop
  endfacet
  facet normal -0.996917 0.0784585 0
    outer loop
      vertex 7.06156 68.7822 3
      vertex 7 68 0
      vertex 7 68 3
    endloop
  endfacet
  facet normal -0.923863 0.382723 0
    outer loop
      vertex 93.2447 13.5451 0
      vertex 93.545 14.27 3
      vertex 93.545 14.27 0
    endloop
  endfacet
  facet normal -0.923863 0.382723 0
    outer loop
      vertex 93.545 14.27 3
      vertex 93.2447 13.5451 0
      vertex 93.2447 13.5451 3
    endloop
  endfacet
  facet normal 0.23345 -0.972369 0
    outer loop
      vertex 98.7822 7.06156 0
      vertex 99.5451 7.24472 3
      vertex 98.7822 7.06156 3
    endloop
  endfacet
  facet normal 0.23345 -0.972369 0
    outer loop
      vertex 99.5451 7.24472 3
      vertex 98.7822 7.06156 0
      vertex 99.5451 7.24472 0
    endloop
  endfacet
  facet normal 0.972415 0.233257 0
    outer loop
      vertex 102.938 12.7822 3
      vertex 102.755 13.5451 0
      vertex 102.755 13.5451 3
    endloop
  endfacet
  facet normal 0.972415 0.233257 0
    outer loop
      vertex 102.755 13.5451 0
      vertex 102.938 12.7822 3
      vertex 102.938 12.7822 0
    endloop
  endfacet
  facet normal 0.996873 0.0790158 0
    outer loop
      vertex 103 12 3
      vertex 102.938 12.7822 0
      vertex 102.938 12.7822 3
    endloop
  endfacet
  facet normal 0.996873 0.0790158 0
    outer loop
      vertex 102.938 12.7822 0
      vertex 103 12 3
      vertex 103 12 0
    endloop
  endfacet
  facet normal 0.996873 -0.0790158 0
    outer loop
      vertex 102.938 11.2178 3
      vertex 103 12 0
      vertex 103 12 3
    endloop
  endfacet
  facet normal 0.996873 -0.0790158 0
    outer loop
      vertex 103 12 0
      vertex 102.938 11.2178 3
      vertex 102.938 11.2178 0
    endloop
  endfacet
  facet normal 0 0 -1
    outer loop
      vertex 95.0607 14.9393 0
      vertex 103 12 0
      vertex 102.938 11.2178 0
    endloop
  endfacet
  facet normal 0 0 -1
    outer loop
      vertex 95.0607 14.9393 0
      vertex 102.938 11.2178 0
      vertex 102.755 10.4549 0
    endloop
  endfacet
  facet normal 0 0 -1
    outer loop
      vertex 103 12 0
      vertex 95.0607 14.9393 0
      vertex 102.938 12.7822 0
    endloop
  endfacet
  facet normal 0 0 -1
    outer loop
      vertex 95.0607 14.9393 0
      vertex 102.755 10.4549 0
      vertex 102.455 9.73005 0
    endloop
  endfacet
  facet normal 0 0 -1
    outer loop
      vertex 102.938 12.7822 0
      vertex 95.0607 14.9393 0
      vertex 102.755 13.5451 0
    endloop
  endfacet
  facet normal 0 0 -1
    outer loop
      vertex 95.0607 14.9393 0
      vertex 102.455 9.73005 0
      vertex 102.045 9.06107 0
    endloop
  endfacet
  facet normal 0 -0 -1
    outer loop
      vertex 95.2135 15.1183 0
      vertex 102.755 13.5451 0
      vertex 95.0607 14.9393 0
    endloop
  endfacet
  facet normal 0 0 -1
    outer loop
      vertex 95.0607 14.9393 0
      vertex 102.045 9.06107 0
      vertex 101.536 8.46447 0
    endloop
  endfacet
  facet normal 0 0 -1
    outer loop
      vertex 102.755 13.5451 0
      vertex 95.2135 15.1183 0
      vertex 102.455 14.27 0
    endloop
  endfacet
  facet normal 0 0 -1
    outer loop
      vertex 95.0607 14.9393 0
      vertex 101.536 8.46447 0
      vertex 100.939 7.95491 0
    endloop
  endfacet
  facet normal 0 0 -1
    outer loop
      vertex 102.455 14.27 0
      vertex 95.2135 15.1183 0
      vertex 102.045 14.9389 0
    endloop
  endfacet
  facet normal 0 0 -1
    outer loop
      vertex 95.0607 14.9393 0
      vertex 100.939 7.95491 0
      vertex 100.27 7.54497 0
    endloop
  endfacet
  facet normal 0 0 -1
    outer loop
      vertex 102.045 14.9389 0
      vertex 95.2135 15.1183 0
      vertex 101.536 15.5355 0
    endloop
  endfacet
  facet normal 0 0 -1
    outer loop
      vertex 95.0607 14.9393 0
      vertex 100.27 7.54497 0
      vertex 99.5451 7.24472 0
    endloop
  endfacet
  facet normal -0 0 -1
    outer loop
      vertex 100.939 16.0451 0
      vertex 95.2135 15.1183 0
      vertex 100.27 16.455 0
    endloop
  endfacet
  facet normal 0 0 -1
    outer loop
      vertex 95.0607 14.9393 0
      vertex 99.5451 7.24472 0
      vertex 98.7822 7.06156 0
    endloop
  endfacet
  facet normal -0 0 -1
    outer loop
      vertex 100.27 16.455 0
      vertex 95.2135 15.1183 0
      vertex 99.5451 16.7553 0
    endloop
  endfacet
  facet normal 0 0 -1
    outer loop
      vertex 95.0607 14.9393 0
      vertex 98.7822 7.06156 0
      vertex 98 7 0
    endloop
  endfacet
  facet normal 0 -0 -1
    outer loop
      vertex 95.3365 15.319 0
      vertex 99.5451 16.7553 0
      vertex 95.2135 15.1183 0
    endloop
  endfacet
  facet normal 0 0 -1
    outer loop
      vertex 95.0607 14.9393 0
      vertex 98 7 0
      vertex 97.2178 7.06156 0
    endloop
  endfacet
  facet normal -0 0 -1
    outer loop
      vertex 99.5451 16.7553 0
      vertex 95.3365 15.319 0
      vertex 98.7822 16.9384 0
    endloop
  endfacet
  facet normal 0 0 -1
    outer loop
      vertex 95.0607 14.9393 0
      vertex 97.2178 7.06156 0
      vertex 96.4549 7.24472 0
    endloop
  endfacet
  facet normal -0 0 -1
    outer loop
      vertex 98.7822 16.9384 0
      vertex 95.3365 15.319 0
      vertex 98 17 0
    endloop
  endfacet
  facet normal 0 0 -1
    outer loop
      vertex 94.8817 14.7865 0
      vertex 96.4549 7.24472 0
      vertex 95.73 7.54497 0
    endloop
  endfacet
  facet normal 0 -0 -1
    outer loop
      vertex 95.4266 15.5365 0
      vertex 97.2178 16.9384 0
      vertex 95.3365 15.319 0
    endloop
  endfacet
  facet normal 0 -0 -1
    outer loop
      vertex 95.4815 15.7653 0
      vertex 96.4549 16.7553 0
      vertex 95.4266 15.5365 0
    endloop
  endfacet
  facet normal 0 0 -1
    outer loop
      vertex 96.4549 16.7553 0
      vertex 95.5 16 0
      vertex 95.73 16.455 0
    endloop
  endfacet
  facet normal 0 -0 -1
    outer loop
      vertex 95.5 16 0
      vertex 96.4549 16.7553 0
      vertex 95.4815 15.7653 0
    endloop
  endfacet
  facet normal 0 0 -1
    outer loop
      vertex 97.2178 16.9384 0
      vertex 95.4266 15.5365 0
      vertex 96.4549 16.7553 0
    endloop
  endfacet
  facet normal 0 0 -1
    outer loop
      vertex 98 17 0
      vertex 95.3365 15.319 0
      vertex 97.2178 16.9384 0
    endloop
  endfacet
  facet normal 0 0 -1
    outer loop
      vertex 94.8817 14.7865 0
      vertex 95.73 7.54497 0
      vertex 95.0611 7.95491 0
    endloop
  endfacet
  facet normal -0 0 -1
    outer loop
      vertex 101.536 15.5355 0
      vertex 95.2135 15.1183 0
      vertex 100.939 16.0451 0
    endloop
  endfacet
  facet normal 0 0 -1
    outer loop
      vertex 96.4549 7.24472 0
      vertex 94.8817 14.7865 0
      vertex 95.0607 14.9393 0
    endloop
  endfacet
  facet normal 0 0 -1
    outer loop
      vertex 94.4645 8.46447 0
      vertex 94.8817 14.7865 0
      vertex 95.0611 7.95491 0
    endloop
  endfacet
  facet normal 0 0 -1
    outer loop
      vertex 93.9549 9.06107 0
      vertex 94.8817 14.7865 0
      vertex 94.4645 8.46447 0
    endloop
  endfacet
  facet normal 0 0 -1
    outer loop
      vertex 93.545 9.73005 0
      vertex 94.8817 14.7865 0
      vertex 93.9549 9.06107 0
    endloop
  endfacet
  facet normal 0 0 -1
    outer loop
      vertex 93.2447 10.4549 0
      vertex 94.8817 14.7865 0
      vertex 93.545 9.73005 0
    endloop
  endfacet
  facet normal 0 0 -1
    outer loop
      vertex 94.8817 14.7865 0
      vertex 93.2447 10.4549 0
      vertex 94.681 14.6635 0
    endloop
  endfacet
  facet normal 0 0 -1
    outer loop
      vertex 93.0616 11.2178 0
      vertex 94.681 14.6635 0
      vertex 93.2447 10.4549 0
    endloop
  endfacet
  facet normal 0 0 -1
    outer loop
      vertex 93 12 0
      vertex 94.681 14.6635 0
      vertex 93.0616 11.2178 0
    endloop
  endfacet
  facet normal 0 -0 -1
    outer loop
      vertex 93.0616 12.7822 0
      vertex 94.681 14.6635 0
      vertex 93 12 0
    endloop
  endfacet
  facet normal 0 0 -1
    outer loop
      vertex 94.681 14.6635 0
      vertex 93.0616 12.7822 0
      vertex 94.4635 14.5734 0
    endloop
  endfacet
  facet normal 0 -0 -1
    outer loop
      vertex 93.2447 13.5451 0
      vertex 94.4635 14.5734 0
      vertex 93.0616 12.7822 0
    endloop
  endfacet
  facet normal 0 0 -1
    outer loop
      vertex 94.4635 14.5734 0
      vertex 93.2447 13.5451 0
      vertex 94.2346 14.5185 0
    endloop
  endfacet
  facet normal -0 0 -1
    outer loop
      vertex 93.7654 14.5185 0
      vertex 93.545 14.27 0
      vertex 93.706 14.5327 0
    endloop
  endfacet
  facet normal -0 0 -1
    outer loop
      vertex 94 14.5 0
      vertex 93.545 14.27 0
      vertex 93.7654 14.5185 0
    endloop
  endfacet
  facet normal 0 -0 -1
    outer loop
      vertex 93.545 14.27 0
      vertex 94 14.5 0
      vertex 93.2447 13.5451 0
    endloop
  endfacet
  facet normal 0 0 -1
    outer loop
      vertex 94.2346 14.5185 0
      vertex 93.2447 13.5451 0
      vertex 94 14.5 0
    endloop
  endfacet
  facet normal 0 0 -1
    outer loop
      vertex 95.73 16.455 0
      vertex 95.5 16 0
      vertex 95.5 16.3141 0
    endloop
  endfacet
  facet normal 0.760749 0.649046 0
    outer loop
      vertex 102.045 14.9389 3
      vertex 101.536 15.5355 0
      vertex 101.536 15.5355 3
    endloop
  endfacet
  facet normal 0.760749 0.649046 0
    outer loop
      vertex 101.536 15.5355 0
      vertex 102.045 14.9389 3
      vertex 102.045 14.9389 0
    endloop
  endfacet
  facet normal 0.649237 0.760586 -0
    outer loop
      vertex 101.536 15.5355 0
      vertex 100.939 16.0451 3
      vertex 101.536 15.5355 3
    endloop
  endfacet
  facet normal 0.649237 0.760586 0
    outer loop
      vertex 100.939 16.0451 3
      vertex 101.536 15.5355 0
      vertex 100.939 16.0451 0
    endloop
  endfacet
  facet normal -0.522533 -0.852619 0
    outer loop
      vertex 95.0611 7.95491 0
      vertex 95.73 7.54497 3
      vertex 95.0611 7.95491 3
    endloop
  endfacet
  facet normal -0.522533 -0.852619 -0
    outer loop
      vertex 95.73 7.54497 3
      vertex 95.0611 7.95491 0
      vertex 95.73 7.54497 0
    endloop
  endfacet
  facet normal -0.972386 0.233378 0
    outer loop
      vertex 93.0616 12.7822 0
      vertex 93.2447 13.5451 3
      vertex 93.2447 13.5451 0
    endloop
  endfacet
  facet normal -0.972386 0.233378 0
    outer loop
      vertex 93.2447 13.5451 3
      vertex 93.0616 12.7822 0
      vertex 93.0616 12.7822 3
    endloop
  endfacet
  facet normal -0.972386 -0.233378 0
    outer loop
      vertex 93.2447 10.4549 0
      vertex 93.0616 11.2178 3
      vertex 93.0616 11.2178 0
    endloop
  endfacet
  facet normal -0.972386 -0.233378 0
    outer loop
      vertex 93.0616 11.2178 3
      vertex 93.2447 10.4549 0
      vertex 93.2447 10.4549 3
    endloop
  endfacet
  facet normal 0.852613 -0.522544 0
    outer loop
      vertex 102.045 9.06107 3
      vertex 102.455 9.73005 0
      vertex 102.455 9.73005 3
    endloop
  endfacet
  facet normal 0.852613 -0.522544 0
    outer loop
      vertex 102.455 9.73005 0
      vertex 102.045 9.06107 3
      vertex 102.045 9.06107 0
    endloop
  endfacet
  facet normal -0.382669 -0.923886 0
    outer loop
      vertex 95.73 7.54497 0
      vertex 96.4549 7.24472 3
      vertex 95.73 7.54497 3
    endloop
  endfacet
  facet normal -0.382669 -0.923886 -0
    outer loop
      vertex 96.4549 7.24472 3
      vertex 95.73 7.54497 0
      vertex 96.4549 7.24472 0
    endloop
  endfacet
  facet normal -0.852669 -0.522451 0
    outer loop
      vertex 93.9549 9.06107 0
      vertex 93.545 9.73005 3
      vertex 93.545 9.73005 0
    endloop
  endfacet
  facet normal -0.852669 -0.522451 0
    outer loop
      vertex 93.545 9.73005 3
      vertex 93.9549 9.06107 0
      vertex 93.9549 9.06107 3
    endloop
  endfacet
  facet normal -0.382723 0.923863 0
    outer loop
      vertex 96.4549 16.7553 0
      vertex 95.73 16.455 3
      vertex 96.4549 16.7553 3
    endloop
  endfacet
  facet normal -0.382723 0.923863 0
    outer loop
      vertex 95.73 16.455 3
      vertex 96.4549 16.7553 0
      vertex 95.73 16.455 0
    endloop
  endfacet
  facet normal 0.923989 -0.382419 0
    outer loop
      vertex 102.455 9.73005 3
      vertex 102.755 10.4549 0
      vertex 102.755 10.4549 3
    endloop
  endfacet
  facet normal 0.923989 -0.382419 0
    outer loop
      vertex 102.755 10.4549 0
      vertex 102.455 9.73005 3
      vertex 102.455 9.73005 0
    endloop
  endfacet
  facet normal 0.382723 0.923863 -0
    outer loop
      vertex 100.27 16.455 0
      vertex 99.5451 16.7553 3
      vertex 100.27 16.455 3
    endloop
  endfacet
  facet normal 0.382723 0.923863 0
    outer loop
      vertex 99.5451 16.7553 3
      vertex 100.27 16.455 0
      vertex 99.5451 16.7553 0
    endloop
  endfacet
  facet normal 0.233378 0.972386 -0
    outer loop
      vertex 99.5451 16.7553 0
      vertex 98.7822 16.9384 3
      vertex 99.5451 16.7553 3
    endloop
  endfacet
  facet normal 0.233378 0.972386 0
    outer loop
      vertex 98.7822 16.9384 3
      vertex 99.5451 16.7553 0
      vertex 98.7822 16.9384 0
    endloop
  endfacet
  facet normal 0.0784585 -0.996917 0
    outer loop
      vertex 98 7 0
      vertex 98.7822 7.06156 3
      vertex 98 7 3
    endloop
  endfacet
  facet normal 0.0784585 -0.996917 0
    outer loop
      vertex 98.7822 7.06156 3
      vertex 98 7 0
      vertex 98.7822 7.06156 0
    endloop
  endfacet
  facet normal -0.852615 0.522539 0
    outer loop
      vertex 93.545 14.27 0
      vertex 93.706 14.5327 3
      vertex 93.706 14.5327 0
    endloop
  endfacet
  facet normal -0.852615 0.522539 0
    outer loop
      vertex 93.706 14.5327 3
      vertex 93.545 14.27 0
      vertex 93.545 14.27 3
    endloop
  endfacet
  facet normal -0.522379 0.852713 0
    outer loop
      vertex 95.73 16.455 0
      vertex 95.5 16.3141 3
      vertex 95.73 16.455 3
    endloop
  endfacet
  facet normal -0.522379 0.852713 0
    outer loop
      vertex 95.5 16.3141 3
      vertex 95.73 16.455 0
      vertex 95.5 16.3141 0
    endloop
  endfacet
  facet normal -0.996913 -0.0785092 0
    outer loop
      vertex 93.0616 11.2178 0
      vertex 93 12 3
      vertex 93 12 0
    endloop
  endfacet
  facet normal -0.996913 -0.0785092 0
    outer loop
      vertex 93 12 3
      vertex 93.0616 11.2178 0
      vertex 93.0616 11.2178 3
    endloop
  endfacet
  facet normal 0.52244 0.852676 -0
    outer loop
      vertex 100.939 16.0451 0
      vertex 100.27 16.455 3
      vertex 100.939 16.0451 3
    endloop
  endfacet
  facet normal 0.52244 0.852676 0
    outer loop
      vertex 100.27 16.455 3
      vertex 100.939 16.0451 0
      vertex 100.27 16.455 0
    endloop
  endfacet
  facet normal -0.0785092 0.996913 0
    outer loop
      vertex 98 17 0
      vertex 97.2178 16.9384 3
      vertex 98 17 3
    endloop
  endfacet
  facet normal -0.0785092 0.996913 0
    outer loop
      vertex 97.2178 16.9384 3
      vertex 98 17 0
      vertex 97.2178 16.9384 0
    endloop
  endfacet
  facet normal 0.522477 -0.852654 0
    outer loop
      vertex 100.27 7.54497 0
      vertex 100.939 7.95491 3
      vertex 100.27 7.54497 3
    endloop
  endfacet
  facet normal 0.522477 -0.852654 0
    outer loop
      vertex 100.939 7.95491 3
      vertex 100.27 7.54497 0
      vertex 100.939 7.95491 0
    endloop
  endfacet
  facet normal 0.0785092 0.996913 -0
    outer loop
      vertex 98.7822 16.9384 0
      vertex 98 17 3
      vertex 98.7822 16.9384 3
    endloop
  endfacet
  facet normal 0.0785092 0.996913 0
    outer loop
      vertex 98 17 3
      vertex 98.7822 16.9384 0
      vertex 98 17 0
    endloop
  endfacet
  facet normal -0.233378 0.972386 0
    outer loop
      vertex 97.2178 16.9384 0
      vertex 96.4549 16.7553 3
      vertex 97.2178 16.9384 3
    endloop
  endfacet
  facet normal -0.233378 0.972386 0
    outer loop
      vertex 96.4549 16.7553 3
      vertex 97.2178 16.9384 0
      vertex 96.4549 16.7553 0
    endloop
  endfacet
  facet normal 0.852585 0.522589 0
    outer loop
      vertex 102.455 14.27 3
      vertex 102.045 14.9389 0
      vertex 102.045 14.9389 3
    endloop
  endfacet
  facet normal 0.852585 0.522589 0
    outer loop
      vertex 102.045 14.9389 0
      vertex 102.455 14.27 3
      vertex 102.455 14.27 0
    endloop
  endfacet
  facet normal -0.760371 -0.649489 0
    outer loop
      vertex 94.4645 8.46447 0
      vertex 93.9549 9.06107 3
      vertex 93.9549 9.06107 0
    endloop
  endfacet
  facet normal -0.760371 -0.649489 0
    outer loop
      vertex 93.9549 9.06107 3
      vertex 94.4645 8.46447 0
      vertex 94.4645 8.46447 3
    endloop
  endfacet
  facet normal 0.972415 -0.233257 0
    outer loop
      vertex 102.755 10.4549 3
      vertex 102.938 11.2178 0
      vertex 102.938 11.2178 3
    endloop
  endfacet
  facet normal 0.972415 -0.233257 0
    outer loop
      vertex 102.938 11.2178 0
      vertex 102.755 10.4549 3
      vertex 102.755 10.4549 0
    endloop
  endfacet
  facet normal -0.649459 -0.760396 0
    outer loop
      vertex 94.4645 8.46447 0
      vertex 95.0611 7.95491 3
      vertex 94.4645 8.46447 3
    endloop
  endfacet
  facet normal -0.649459 -0.760396 -0
    outer loop
      vertex 95.0611 7.95491 3
      vertex 94.4645 8.46447 0
      vertex 95.0611 7.95491 0
    endloop
  endfacet
  facet normal 0.760749 -0.649046 0
    outer loop
      vertex 101.536 8.46447 3
      vertex 102.045 9.06107 0
      vertex 102.045 9.06107 3
    endloop
  endfacet
  facet normal 0.760749 -0.649046 0
    outer loop
      vertex 102.045 9.06107 0
      vertex 101.536 8.46447 3
      vertex 101.536 8.46447 0
    endloop
  endfacet
  facet normal 0.649208 -0.760611 0
    outer loop
      vertex 100.939 7.95491 0
      vertex 101.536 8.46447 3
      vertex 100.939 7.95491 3
    endloop
  endfacet
  facet normal 0.649208 -0.760611 0
    outer loop
      vertex 101.536 8.46447 3
      vertex 100.939 7.95491 0
      vertex 101.536 8.46447 0
    endloop
  endfacet
  facet normal -0.0784585 -0.996917 0
    outer loop
      vertex 97.2178 7.06156 0
      vertex 98 7 3
      vertex 97.2178 7.06156 3
    endloop
  endfacet
  facet normal -0.0784585 -0.996917 -0
    outer loop
      vertex 98 7 3
      vertex 97.2178 7.06156 0
      vertex 98 7 0
    endloop
  endfacet
  facet normal 0.382669 -0.923886 0
    outer loop
      vertex 99.5451 7.24472 0
      vertex 100.27 7.54497 3
      vertex 99.5451 7.24472 3
    endloop
  endfacet
  facet normal 0.382669 -0.923886 0
    outer loop
      vertex 100.27 7.54497 3
      vertex 99.5451 7.24472 0
      vertex 100.27 7.54497 0
    endloop
  endfacet
  facet normal -0.923854 -0.382746 0
    outer loop
      vertex 93.545 9.73005 0
      vertex 93.2447 10.4549 3
      vertex 93.2447 10.4549 0
    endloop
  endfacet
  facet normal -0.923854 -0.382746 0
    outer loop
      vertex 93.2447 10.4549 3
      vertex 93.545 9.73005 0
      vertex 93.545 9.73005 3
    endloop
  endfacet
  facet normal 0.923998 0.382397 0
    outer loop
      vertex 102.755 13.5451 3
      vertex 102.455 14.27 0
      vertex 102.455 14.27 3
    endloop
  endfacet
  facet normal 0.923998 0.382397 0
    outer loop
      vertex 102.455 14.27 0
      vertex 102.755 13.5451 3
      vertex 102.755 13.5451 0
    endloop
  endfacet
  facet normal -0.23345 -0.972369 0
    outer loop
      vertex 96.4549 7.24472 0
      vertex 97.2178 7.06156 3
      vertex 96.4549 7.24472 3
    endloop
  endfacet
  facet normal -0.23345 -0.972369 -0
    outer loop
      vertex 97.2178 7.06156 3
      vertex 96.4549 7.24472 0
      vertex 97.2178 7.06156 0
    endloop
  endfacet
  facet normal -0.996913 0.0785092 0
    outer loop
      vertex 93 12 0
      vertex 93.0616 12.7822 3
      vertex 93.0616 12.7822 0
    endloop
  endfacet
  facet normal -0.996913 0.0785092 0
    outer loop
      vertex 93.0616 12.7822 3
      vertex 93 12 0
      vertex 93 12 3
    endloop
  endfacet
  facet normal -0.923863 0.382723 0
    outer loop
      vertex 93.2447 69.5451 0
      vertex 93.545 70.27 3
      vertex 93.545 70.27 0
    endloop
  endfacet
  facet normal -0.923863 0.382723 0
    outer loop
      vertex 93.545 70.27 3
      vertex 93.2447 69.5451 0
      vertex 93.2447 69.5451 3
    endloop
  endfacet
  facet normal 0.233378 -0.972386 0
    outer loop
      vertex 98.7822 63.0616 0
      vertex 99.5451 63.2447 3
      vertex 98.7822 63.0616 3
    endloop
  endfacet
  facet normal 0.233378 -0.972386 0
    outer loop
      vertex 99.5451 63.2447 3
      vertex 98.7822 63.0616 0
      vertex 99.5451 63.2447 0
    endloop
  endfacet
  facet normal 0.972415 0.233257 0
    outer loop
      vertex 102.938 68.7822 3
      vertex 102.755 69.5451 0
      vertex 102.755 69.5451 3
    endloop
  endfacet
  facet normal 0.972415 0.233257 0
    outer loop
      vertex 102.755 69.5451 0
      vertex 102.938 68.7822 3
      vertex 102.938 68.7822 0
    endloop
  endfacet
  facet normal 0.996873 0.0790158 0
    outer loop
      vertex 103 68 3
      vertex 102.938 68.7822 0
      vertex 102.938 68.7822 3
    endloop
  endfacet
  facet normal 0.996873 0.0790158 0
    outer loop
      vertex 102.938 68.7822 0
      vertex 103 68 3
      vertex 103 68 0
    endloop
  endfacet
  facet normal 0.996873 -0.0790158 0
    outer loop
      vertex 102.938 67.2178 3
      vertex 103 68 0
      vertex 103 68 3
    endloop
  endfacet
  facet normal 0.996873 -0.0790158 0
    outer loop
      vertex 103 68 0
      vertex 102.938 67.2178 3
      vertex 102.938 67.2178 0
    endloop
  endfacet
  facet normal 0 0 -1
    outer loop
      vertex 95.0607 65.0607 0
      vertex 103 68 0
      vertex 102.938 67.2178 0
    endloop
  endfacet
  facet normal 0 0 -1
    outer loop
      vertex 95.0607 65.0607 0
      vertex 102.938 67.2178 0
      vertex 102.755 66.4549 0
    endloop
  endfacet
  facet normal -0 0 -1
    outer loop
      vertex 103 68 0
      vertex 95.0607 65.0607 0
      vertex 102.938 68.7822 0
    endloop
  endfacet
  facet normal 0 0 -1
    outer loop
      vertex 95.2135 64.8817 0
      vertex 102.755 66.4549 0
      vertex 102.455 65.73 0
    endloop
  endfacet
  facet normal -0 0 -1
    outer loop
      vertex 102.938 68.7822 0
      vertex 95.0607 65.0607 0
      vertex 102.755 69.5451 0
    endloop
  endfacet
  facet normal 0 0 -1
    outer loop
      vertex 95.2135 64.8817 0
      vertex 102.455 65.73 0
      vertex 102.045 65.0611 0
    endloop
  endfacet
  facet normal -0 0 -1
    outer loop
      vertex 102.755 69.5451 0
      vertex 95.0607 65.0607 0
      vertex 102.455 70.27 0
    endloop
  endfacet
  facet normal 0 0 -1
    outer loop
      vertex 95.2135 64.8817 0
      vertex 102.045 65.0611 0
      vertex 101.536 64.4645 0
    endloop
  endfacet
  facet normal -0 0 -1
    outer loop
      vertex 102.455 70.27 0
      vertex 95.0607 65.0607 0
      vertex 102.045 70.9389 0
    endloop
  endfacet
  facet normal 0 0 -1
    outer loop
      vertex 95.2135 64.8817 0
      vertex 101.536 64.4645 0
      vertex 100.939 63.9549 0
    endloop
  endfacet
  facet normal 0 0 -1
    outer loop
      vertex 102.755 66.4549 0
      vertex 95.2135 64.8817 0
      vertex 95.0607 65.0607 0
    endloop
  endfacet
  facet normal 0 0 -1
    outer loop
      vertex 95.2135 64.8817 0
      vertex 100.939 63.9549 0
      vertex 100.27 63.545 0
    endloop
  endfacet
  facet normal -0 0 -1
    outer loop
      vertex 102.045 70.9389 0
      vertex 95.0607 65.0607 0
      vertex 101.536 71.5355 0
    endloop
  endfacet
  facet normal 0 0 -1
    outer loop
      vertex 95.2135 64.8817 0
      vertex 100.27 63.545 0
      vertex 99.5451 63.2447 0
    endloop
  endfacet
  facet normal -0 0 -1
    outer loop
      vertex 101.536 71.5355 0
      vertex 95.0607 65.0607 0
      vertex 100.939 72.0451 0
    endloop
  endfacet
  facet normal 0 0 -1
    outer loop
      vertex 95.3365 64.681 0
      vertex 99.5451 63.2447 0
      vertex 98.7822 63.0616 0
    endloop
  endfacet
  facet normal -0 0 -1
    outer loop
      vertex 100.939 72.0451 0
      vertex 95.0607 65.0607 0
      vertex 100.27 72.455 0
    endloop
  endfacet
  facet normal 0 0 -1
    outer loop
      vertex 95.3365 64.681 0
      vertex 98.7822 63.0616 0
      vertex 98 63 0
    endloop
  endfacet
  facet normal -0 0 -1
    outer loop
      vertex 100.27 72.455 0
      vertex 95.0607 65.0607 0
      vertex 99.5451 72.7553 0
    endloop
  endfacet
  facet normal 0 0 -1
    outer loop
      vertex 95.3365 64.681 0
      vertex 98 63 0
      vertex 97.2178 63.0616 0
    endloop
  endfacet
  facet normal -0 0 -1
    outer loop
      vertex 99.5451 72.7553 0
      vertex 95.0607 65.0607 0
      vertex 98.7822 72.9384 0
    endloop
  endfacet
  facet normal 0 0 -1
    outer loop
      vertex 95.4266 64.4635 0
      vertex 97.2178 63.0616 0
      vertex 96.4549 63.2447 0
    endloop
  endfacet
  facet normal 0 0 -1
    outer loop
      vertex 99.5451 63.2447 0
      vertex 95.3365 64.681 0
      vertex 95.2135 64.8817 0
    endloop
  endfacet
  facet normal 0 0 -1
    outer loop
      vertex 95.5 64 0
      vertex 96.4549 63.2447 0
      vertex 95.73 63.545 0
    endloop
  endfacet
  facet normal 0 0 -1
    outer loop
      vertex 97.2178 63.0616 0
      vertex 95.4266 64.4635 0
      vertex 95.3365 64.681 0
    endloop
  endfacet
  facet normal 0 0 -1
    outer loop
      vertex 95.5 64 0
      vertex 95.73 63.545 0
      vertex 95.5 63.6859 0
    endloop
  endfacet
  facet normal 0 0 -1
    outer loop
      vertex 96.4549 63.2447 0
      vertex 95.5 64 0
      vertex 95.4815 64.2346 0
    endloop
  endfacet
  facet normal 0 0 -1
    outer loop
      vertex 96.4549 63.2447 0
      vertex 95.4815 64.2346 0
      vertex 95.4266 64.4635 0
    endloop
  endfacet
  facet normal -0 0 -1
    outer loop
      vertex 98.7822 72.9384 0
      vertex 95.0607 65.0607 0
      vertex 98 73 0
    endloop
  endfacet
  facet normal 0 0 -1
    outer loop
      vertex 98 73 0
      vertex 95.0607 65.0607 0
      vertex 97.2178 72.9384 0
    endloop
  endfacet
  facet normal 0 0 -1
    outer loop
      vertex 97.2178 72.9384 0
      vertex 95.0607 65.0607 0
      vertex 96.4549 72.7553 0
    endloop
  endfacet
  facet normal 0 0 -1
    outer loop
      vertex 94.8817 65.2135 0
      vertex 96.4549 72.7553 0
      vertex 95.0607 65.0607 0
    endloop
  endfacet
  facet normal 0 0 -1
    outer loop
      vertex 96.4549 72.7553 0
      vertex 94.8817 65.2135 0
      vertex 95.73 72.455 0
    endloop
  endfacet
  facet normal 0 0 -1
    outer loop
      vertex 95.73 72.455 0
      vertex 94.8817 65.2135 0
      vertex 95.0611 72.0451 0
    endloop
  endfacet
  facet normal 0 0 -1
    outer loop
      vertex 93.2447 69.5451 0
      vertex 94.8817 65.2135 0
      vertex 94.681 65.3365 0
    endloop
  endfacet
  facet normal 0 0 -1
    outer loop
      vertex 94.8817 65.2135 0
      vertex 94.4645 71.5355 0
      vertex 95.0611 72.0451 0
    endloop
  endfacet
  facet normal 0 0 -1
    outer loop
      vertex 93.0616 67.2178 0
      vertex 94.681 65.3365 0
      vertex 94.4635 65.4266 0
    endloop
  endfacet
  facet normal 0 0 -1
    outer loop
      vertex 93.2447 66.4549 0
      vertex 94.4635 65.4266 0
      vertex 94.2346 65.4815 0
    endloop
  endfacet
  facet normal 0 0 -1
    outer loop
      vertex 93.2447 66.4549 0
      vertex 94.2346 65.4815 0
      vertex 94 65.5 0
    endloop
  endfacet
  facet normal 0 0 -1
    outer loop
      vertex 94.8817 65.2135 0
      vertex 93.9549 70.9389 0
      vertex 94.4645 71.5355 0
    endloop
  endfacet
  facet normal 0 0 -1
    outer loop
      vertex 93.545 65.73 0
      vertex 94 65.5 0
      vertex 93.7654 65.4815 0
    endloop
  endfacet
  facet normal 0 0 -1
    outer loop
      vertex 93.545 65.73 0
      vertex 93.7654 65.4815 0
      vertex 93.706 65.4673 0
    endloop
  endfacet
  facet normal 0 0 -1
    outer loop
      vertex 94 65.5 0
      vertex 93.545 65.73 0
      vertex 93.2447 66.4549 0
    endloop
  endfacet
  facet normal 0 0 -1
    outer loop
      vertex 94.8817 65.2135 0
      vertex 93.545 70.27 0
      vertex 93.9549 70.9389 0
    endloop
  endfacet
  facet normal 0 0 -1
    outer loop
      vertex 94.4635 65.4266 0
      vertex 93.2447 66.4549 0
      vertex 93.0616 67.2178 0
    endloop
  endfacet
  facet normal 0 0 -1
    outer loop
      vertex 94.8817 65.2135 0
      vertex 93.2447 69.5451 0
      vertex 93.545 70.27 0
    endloop
  endfacet
  facet normal 0 0 -1
    outer loop
      vertex 94.681 65.3365 0
      vertex 93.0616 67.2178 0
      vertex 93 68 0
    endloop
  endfacet
  facet normal 0 0 -1
    outer loop
      vertex 94.681 65.3365 0
      vertex 93.0616 68.7822 0
      vertex 93.2447 69.5451 0
    endloop
  endfacet
  facet normal 0 0 -1
    outer loop
      vertex 94.681 65.3365 0
      vertex 93 68 0
      vertex 93.0616 68.7822 0
    endloop
  endfacet
  facet normal 0.760749 0.649046 0
    outer loop
      vertex 102.045 70.9389 3
      vertex 101.536 71.5355 0
      vertex 101.536 71.5355 3
    endloop
  endfacet
  facet normal 0.760749 0.649046 0
    outer loop
      vertex 101.536 71.5355 0
      vertex 102.045 70.9389 3
      vertex 102.045 70.9389 0
    endloop
  endfacet
  facet normal 0.649237 0.760586 -0
    outer loop
      vertex 101.536 71.5355 0
      vertex 100.939 72.0451 3
      vertex 101.536 71.5355 3
    endloop
  endfacet
  facet normal 0.649237 0.760586 0
    outer loop
      vertex 100.939 72.0451 3
      vertex 101.536 71.5355 0
      vertex 100.939 72.0451 0
    endloop
  endfacet
  facet normal -0.649489 0.760371 0
    outer loop
      vertex 95.0611 72.0451 0
      vertex 94.4645 71.5355 3
      vertex 95.0611 72.0451 3
    endloop
  endfacet
  facet normal -0.649489 0.760371 0
    outer loop
      vertex 94.4645 71.5355 3
      vertex 95.0611 72.0451 0
      vertex 94.4645 71.5355 0
    endloop
  endfacet
  facet normal -0.522379 -0.852713 0
    outer loop
      vertex 95.5 63.6859 0
      vertex 95.73 63.545 3
      vertex 95.5 63.6859 3
    endloop
  endfacet
  facet normal -0.522379 -0.852713 -0
    outer loop
      vertex 95.73 63.545 3
      vertex 95.5 63.6859 0
      vertex 95.73 63.545 0
    endloop
  endfacet
  facet normal -0.972386 0.233378 0
    outer loop
      vertex 93.0616 68.7822 0
      vertex 93.2447 69.5451 3
      vertex 93.2447 69.5451 0
    endloop
  endfacet
  facet normal -0.972386 0.233378 0
    outer loop
      vertex 93.2447 69.5451 3
      vertex 93.0616 68.7822 0
      vertex 93.0616 68.7822 3
    endloop
  endfacet
  facet normal -0.233378 -0.972386 0
    outer loop
      vertex 96.4549 63.2447 0
      vertex 97.2178 63.0616 3
      vertex 96.4549 63.2447 3
    endloop
  endfacet
  facet normal -0.233378 -0.972386 -0
    outer loop
      vertex 97.2178 63.0616 3
      vertex 96.4549 63.2447 0
      vertex 97.2178 63.0616 0
    endloop
  endfacet
  facet normal -0.972386 -0.233378 0
    outer loop
      vertex 93.2447 66.4549 0
      vertex 93.0616 67.2178 3
      vertex 93.0616 67.2178 0
    endloop
  endfacet
  facet normal -0.972386 -0.233378 0
    outer loop
      vertex 93.0616 67.2178 3
      vertex 93.2447 66.4549 0
      vertex 93.2447 66.4549 3
    endloop
  endfacet
  facet normal 0.852585 -0.522589 0
    outer loop
      vertex 102.045 65.0611 3
      vertex 102.455 65.73 0
      vertex 102.455 65.73 3
    endloop
  endfacet
  facet normal 0.852585 -0.522589 0
    outer loop
      vertex 102.455 65.73 0
      vertex 102.045 65.0611 3
      vertex 102.045 65.0611 0
    endloop
  endfacet
  facet normal -0.382723 -0.923863 0
    outer loop
      vertex 95.73 63.545 0
      vertex 96.4549 63.2447 3
      vertex 95.73 63.545 3
    endloop
  endfacet
  facet normal -0.382723 -0.923863 -0
    outer loop
      vertex 96.4549 63.2447 3
      vertex 95.73 63.545 0
      vertex 96.4549 63.2447 0
    endloop
  endfacet
  facet normal -0.852615 -0.522539 0
    outer loop
      vertex 93.706 65.4673 0
      vertex 93.545 65.73 3
      vertex 93.545 65.73 0
    endloop
  endfacet
  facet normal -0.852615 -0.522539 0
    outer loop
      vertex 93.545 65.73 3
      vertex 93.706 65.4673 0
      vertex 93.706 65.4673 3
    endloop
  endfacet
  facet normal -0.382723 0.923863 0
    outer loop
      vertex 96.4549 72.7553 0
      vertex 95.73 72.455 3
      vertex 96.4549 72.7553 3
    endloop
  endfacet
  facet normal -0.382723 0.923863 0
    outer loop
      vertex 95.73 72.455 3
      vertex 96.4549 72.7553 0
      vertex 95.73 72.455 0
    endloop
  endfacet
  facet normal 0.923998 -0.382397 0
    outer loop
      vertex 102.455 65.73 3
      vertex 102.755 66.4549 0
      vertex 102.755 66.4549 3
    endloop
  endfacet
  facet normal 0.923998 -0.382397 0
    outer loop
      vertex 102.755 66.4549 0
      vertex 102.455 65.73 3
      vertex 102.455 65.73 0
    endloop
  endfacet
  facet normal 0.382723 0.923863 -0
    outer loop
      vertex 100.27 72.455 0
      vertex 99.5451 72.7553 3
      vertex 100.27 72.455 3
    endloop
  endfacet
  facet normal 0.382723 0.923863 0
    outer loop
      vertex 99.5451 72.7553 3
      vertex 100.27 72.455 0
      vertex 99.5451 72.7553 0
    endloop
  endfacet
  facet normal 0.233378 0.972386 -0
    outer loop
      vertex 99.5451 72.7553 0
      vertex 98.7822 72.9384 3
      vertex 99.5451 72.7553 3
    endloop
  endfacet
  facet normal 0.233378 0.972386 0
    outer loop
      vertex 98.7822 72.9384 3
      vertex 99.5451 72.7553 0
      vertex 98.7822 72.9384 0
    endloop
  endfacet
  facet normal 0.0785092 -0.996913 0
    outer loop
      vertex 98 63 0
      vertex 98.7822 63.0616 3
      vertex 98 63 3
    endloop
  endfacet
  facet normal 0.0785092 -0.996913 0
    outer loop
      vertex 98.7822 63.0616 3
      vertex 98 63 0
      vertex 98.7822 63.0616 0
    endloop
  endfacet
  facet normal -0.852642 0.522496 0
    outer loop
      vertex 93.545 70.27 0
      vertex 93.9549 70.9389 3
      vertex 93.9549 70.9389 0
    endloop
  endfacet
  facet normal -0.852642 0.522496 0
    outer loop
      vertex 93.9549 70.9389 3
      vertex 93.545 70.27 0
      vertex 93.545 70.27 3
    endloop
  endfacet
  facet normal -0.760371 0.649489 0
    outer loop
      vertex 93.9549 70.9389 0
      vertex 94.4645 71.5355 3
      vertex 94.4645 71.5355 0
    endloop
  endfacet
  facet normal -0.760371 0.649489 0
    outer loop
      vertex 94.4645 71.5355 3
      vertex 93.9549 70.9389 0
      vertex 93.9549 70.9389 3
    endloop
  endfacet
  facet normal -0.522496 0.852642 0
    outer loop
      vertex 95.73 72.455 0
      vertex 95.0611 72.0451 3
      vertex 95.73 72.455 3
    endloop
  endfacet
  facet normal -0.522496 0.852642 0
    outer loop
      vertex 95.0611 72.0451 3
      vertex 95.73 72.455 0
      vertex 95.0611 72.0451 0
    endloop
  endfacet
  facet normal -0.996913 -0.0785092 0
    outer loop
      vertex 93.0616 67.2178 0
      vertex 93 68 3
      vertex 93 68 0
    endloop
  endfacet
  facet normal -0.996913 -0.0785092 0
    outer loop
      vertex 93 68 3
      vertex 93.0616 67.2178 0
      vertex 93.0616 67.2178 3
    endloop
  endfacet
  facet normal 0.52244 0.852676 -0
    outer loop
      vertex 100.939 72.0451 0
      vertex 100.27 72.455 3
      vertex 100.939 72.0451 3
    endloop
  endfacet
  facet normal 0.52244 0.852676 0
    outer loop
      vertex 100.27 72.455 3
      vertex 100.939 72.0451 0
      vertex 100.27 72.455 0
    endloop
  endfacet
  facet normal -0.0785092 0.996913 0
    outer loop
      vertex 98 73 0
      vertex 97.2178 72.9384 3
      vertex 98 73 3
    endloop
  endfacet
  facet normal -0.0785092 0.996913 0
    outer loop
      vertex 97.2178 72.9384 3
      vertex 98 73 0
      vertex 97.2178 72.9384 0
    endloop
  endfacet
  facet normal 0.52244 -0.852676 0
    outer loop
      vertex 100.27 63.545 0
      vertex 100.939 63.9549 3
      vertex 100.27 63.545 3
    endloop
  endfacet
  facet normal 0.52244 -0.852676 0
    outer loop
      vertex 100.939 63.9549 3
      vertex 100.27 63.545 0
      vertex 100.939 63.9549 0
    endloop
  endfacet
  facet normal 0.0785092 0.996913 -0
    outer loop
      vertex 98.7822 72.9384 0
      vertex 98 73 3
      vertex 98.7822 72.9384 3
    endloop
  endfacet
  facet normal 0.0785092 0.996913 0
    outer loop
      vertex 98 73 3
      vertex 98.7822 72.9384 0
      vertex 98 73 0
    endloop
  endfacet
  facet normal -0.233378 0.972386 0
    outer loop
      vertex 97.2178 72.9384 0
      vertex 96.4549 72.7553 3
      vertex 97.2178 72.9384 3
    endloop
  endfacet
  facet normal -0.233378 0.972386 0
    outer loop
      vertex 96.4549 72.7553 3
      vertex 97.2178 72.9384 0
      vertex 96.4549 72.7553 0
    endloop
  endfacet
  facet normal 0.852585 0.522589 0
    outer loop
      vertex 102.455 70.27 3
      vertex 102.045 70.9389 0
      vertex 102.045 70.9389 3
    endloop
  endfacet
  facet normal 0.852585 0.522589 0
    outer loop
      vertex 102.045 70.9389 0
      vertex 102.455 70.27 3
      vertex 102.455 70.27 0
    endloop
  endfacet
  facet normal 0.972415 -0.233257 0
    outer loop
      vertex 102.755 66.4549 3
      vertex 102.938 67.2178 0
      vertex 102.938 67.2178 3
    endloop
  endfacet
  facet normal 0.972415 -0.233257 0
    outer loop
      vertex 102.938 67.2178 0
      vertex 102.755 66.4549 3
      vertex 102.755 66.4549 0
    endloop
  endfacet
  facet normal 0.760749 -0.649046 0
    outer loop
      vertex 101.536 64.4645 3
      vertex 102.045 65.0611 0
      vertex 102.045 65.0611 3
    endloop
  endfacet
  facet normal 0.760749 -0.649046 0
    outer loop
      vertex 102.045 65.0611 0
      vertex 101.536 64.4645 3
      vertex 101.536 64.4645 0
    endloop
  endfacet
  facet normal 0.649237 -0.760586 0
    outer loop
      vertex 100.939 63.9549 0
      vertex 101.536 64.4645 3
      vertex 100.939 63.9549 3
    endloop
  endfacet
  facet normal 0.649237 -0.760586 0
    outer loop
      vertex 101.536 64.4645 3
      vertex 100.939 63.9549 0
      vertex 101.536 64.4645 0
    endloop
  endfacet
  facet normal -0.0785092 -0.996913 0
    outer loop
      vertex 97.2178 63.0616 0
      vertex 98 63 3
      vertex 97.2178 63.0616 3
    endloop
  endfacet
  facet normal -0.0785092 -0.996913 -0
    outer loop
      vertex 98 63 3
      vertex 97.2178 63.0616 0
      vertex 98 63 0
    endloop
  endfacet
  facet normal 0.382723 -0.923863 0
    outer loop
      vertex 99.5451 63.2447 0
      vertex 100.27 63.545 3
      vertex 99.5451 63.2447 3
    endloop
  endfacet
  facet normal 0.382723 -0.923863 0
    outer loop
      vertex 100.27 63.545 3
      vertex 99.5451 63.2447 0
      vertex 100.27 63.545 0
    endloop
  endfacet
  facet normal -0.923863 -0.382723 0
    outer loop
      vertex 93.545 65.73 0
      vertex 93.2447 66.4549 3
      vertex 93.2447 66.4549 0
    endloop
  endfacet
  facet normal -0.923863 -0.382723 0
    outer loop
      vertex 93.2447 66.4549 3
      vertex 93.545 65.73 0
      vertex 93.545 65.73 3
    endloop
  endfacet
  facet normal 0.923998 0.382397 0
    outer loop
      vertex 102.755 69.5451 3
      vertex 102.455 70.27 0
      vertex 102.455 70.27 3
    endloop
  endfacet
  facet normal 0.923998 0.382397 0
    outer loop
      vertex 102.455 70.27 0
      vertex 102.755 69.5451 3
      vertex 102.755 69.5451 0
    endloop
  endfacet
  facet normal -0.996913 0.0785092 0
    outer loop
      vertex 93 68 0
      vertex 93.0616 68.7822 3
      vertex 93.0616 68.7822 0
    endloop
  endfacet
  facet normal -0.996913 0.0785092 0
    outer loop
      vertex 93.0616 68.7822 3
      vertex 93 68 0
      vertex 93 68 3
    endloop
  endfacet
  facet normal 0.0784576 -0.996917 0
    outer loop
      vertex 98 0 3
      vertex 99.8772 0.147736 18
      vertex 98 0 18
    endloop
  endfacet
  facet normal 0.0784576 -0.996917 0
    outer loop
      vertex 99.8772 0.147736 18
      vertex 98 0 3
      vertex 99.8772 0.147736 3
    endloop
  endfacet
  facet normal -0.649441 0.760412 0
    outer loop
      vertex 4.94658 77.7082 3
      vertex 3.51472 76.4853 18
      vertex 4.94658 77.7082 18
    endloop
  endfacet
  facet normal -0.649441 0.760412 0
    outer loop
      vertex 3.51472 76.4853 18
      vertex 4.94658 77.7082 3
      vertex 3.51472 76.4853 3
    endloop
  endfacet
  facet normal 0.972441 -0.233151 0
    outer loop
      vertex 109.413 8.29179 18
      vertex 109.852 10.1228 3
      vertex 109.852 10.1228 18
    endloop
  endfacet
  facet normal 0.972441 -0.233151 0
    outer loop
      vertex 109.852 10.1228 3
      vertex 109.413 8.29179 18
      vertex 109.413 8.29179 3
    endloop
  endfacet
  facet normal 1 -0 0
    outer loop
      vertex 110 12 18
      vertex 110 68 3
      vertex 110 68 18
    endloop
  endfacet
  facet normal 1 0 0
    outer loop
      vertex 110 68 3
      vertex 110 12 18
      vertex 110 12 3
    endloop
  endfacet
  facet normal -0.760413 0.649439 0
    outer loop
      vertex 2.29179 75.0534 3
      vertex 3.51472 76.4853 18
      vertex 3.51472 76.4853 3
    endloop
  endfacet
  facet normal -0.760413 0.649439 0
    outer loop
      vertex 3.51472 76.4853 18
      vertex 2.29179 75.0534 3
      vertex 2.29179 75.0534 18
    endloop
  endfacet
  facet normal 0.852605 0.522556 0
    outer loop
      vertex 108.692 73.4479 18
      vertex 107.708 75.0534 3
      vertex 107.708 75.0534 18
    endloop
  endfacet
  facet normal 0.852605 0.522556 0
    outer loop
      vertex 107.708 75.0534 3
      vertex 108.692 73.4479 18
      vertex 108.692 73.4479 3
    endloop
  endfacet
  facet normal 0 1 -0
    outer loop
      vertex 98 80 3
      vertex 12 80 18
      vertex 98 80 18
    endloop
  endfacet
  facet normal 0 1 0
    outer loop
      vertex 12 80 18
      vertex 98 80 3
      vertex 12 80 3
    endloop
  endfacet
  facet normal -0.760404 -0.64945 0
    outer loop
      vertex 3.51472 3.51472 3
      vertex 2.29179 4.94658 18
      vertex 2.29179 4.94658 3
    endloop
  endfacet
  facet normal -0.760404 -0.64945 0
    outer loop
      vertex 2.29179 4.94658 18
      vertex 3.51472 3.51472 3
      vertex 3.51472 3.51472 18
    endloop
  endfacet
  facet normal -0.0784386 0.996919 0
    outer loop
      vertex 12 80 3
      vertex 10.1228 79.8523 18
      vertex 12 80 18
    endloop
  endfacet
  facet normal -0.0784386 0.996919 0
    outer loop
      vertex 10.1228 79.8523 18
      vertex 12 80 3
      vertex 10.1228 79.8523 3
    endloop
  endfacet
  facet normal 0 -1 0
    outer loop
      vertex 12 0 3
      vertex 98 0 18
      vertex 12 0 18
    endloop
  endfacet
  facet normal 0 -1 -0
    outer loop
      vertex 98 0 18
      vertex 12 0 3
      vertex 98 0 3
    endloop
  endfacet
  facet normal -0.85264 -0.522499 0
    outer loop
      vertex 2.29179 4.94658 3
      vertex 1.30792 6.55211 18
      vertex 1.30792 6.55211 3
    endloop
  endfacet
  facet normal -0.85264 -0.522499 0
    outer loop
      vertex 1.30792 6.55211 18
      vertex 2.29179 4.94658 3
      vertex 2.29179 4.94658 18
    endloop
  endfacet
  facet normal -0.996917 -0.0784576 0
    outer loop
      vertex 0.147736 10.1228 3
      vertex 0 12 18
      vertex 0 12 3
    endloop
  endfacet
  facet normal -0.996917 -0.0784576 0
    outer loop
      vertex 0 12 18
      vertex 0.147736 10.1228 3
      vertex 0.147736 10.1228 18
    endloop
  endfacet
  facet normal 0.233472 -0.972363 0
    outer loop
      vertex 99.8772 0.147736 3
      vertex 101.708 0.587326 18
      vertex 99.8772 0.147736 18
    endloop
  endfacet
  facet normal 0.233472 -0.972363 0
    outer loop
      vertex 101.708 0.587326 18
      vertex 99.8772 0.147736 3
      vertex 101.708 0.587326 3
    endloop
  endfacet
  facet normal -0.0784576 -0.996917 0
    outer loop
      vertex 10.1228 0.147736 3
      vertex 12 0 18
      vertex 10.1228 0.147736 18
    endloop
  endfacet
  facet normal -0.0784576 -0.996917 -0
    outer loop
      vertex 12 0 18
      vertex 10.1228 0.147736 3
      vertex 12 0 3
    endloop
  endfacet
  facet normal 0.996906 -0.0785969 0
    outer loop
      vertex 109.852 10.1228 18
      vertex 110 12 3
      vertex 110 12 18
    endloop
  endfacet
  facet normal 0.996906 -0.0785969 0
    outer loop
      vertex 110 12 3
      vertex 109.852 10.1228 18
      vertex 109.852 10.1228 3
    endloop
  endfacet
  facet normal -0.233452 0.972368 0
    outer loop
      vertex 10.1228 79.8523 3
      vertex 8.29179 79.4127 18
      vertex 10.1228 79.8523 18
    endloop
  endfacet
  facet normal -0.233452 0.972368 0
    outer loop
      vertex 8.29179 79.4127 18
      vertex 10.1228 79.8523 3
      vertex 8.29179 79.4127 3
    endloop
  endfacet
  facet normal -0.522499 -0.85264 0
    outer loop
      vertex 4.94658 2.29179 3
      vertex 6.55211 1.30792 18
      vertex 4.94658 2.29179 18
    endloop
  endfacet
  facet normal -0.522499 -0.85264 -0
    outer loop
      vertex 6.55211 1.30792 18
      vertex 4.94658 2.29179 3
      vertex 6.55211 1.30792 3
    endloop
  endfacet
  facet normal 0.522636 0.852556 -0
    outer loop
      vertex 105.053 77.7082 3
      vertex 103.448 78.6921 18
      vertex 105.053 77.7082 18
    endloop
  endfacet
  facet normal 0.522636 0.852556 0
    outer loop
      vertex 103.448 78.6921 18
      vertex 105.053 77.7082 3
      vertex 103.448 78.6921 3
    endloop
  endfacet
  facet normal 0.649404 0.760444 -0
    outer loop
      vertex 106.485 76.4853 3
      vertex 105.053 77.7082 18
      vertex 106.485 76.4853 18
    endloop
  endfacet
  facet normal 0.649404 0.760444 0
    outer loop
      vertex 105.053 77.7082 18
      vertex 106.485 76.4853 3
      vertex 105.053 77.7082 3
    endloop
  endfacet
  facet normal 0.649413 -0.760436 0
    outer loop
      vertex 105.053 2.29179 3
      vertex 106.485 3.51472 18
      vertex 105.053 2.29179 18
    endloop
  endfacet
  facet normal 0.649413 -0.760436 0
    outer loop
      vertex 106.485 3.51472 18
      vertex 105.053 2.29179 3
      vertex 106.485 3.51472 3
    endloop
  endfacet
  facet normal -0.92388 -0.382681 0
    outer loop
      vertex 1.30792 6.55211 3
      vertex 0.587326 8.29179 18
      vertex 0.587326 8.29179 3
    endloop
  endfacet
  facet normal -0.92388 -0.382681 0
    outer loop
      vertex 0.587326 8.29179 18
      vertex 1.30792 6.55211 3
      vertex 1.30792 6.55211 18
    endloop
  endfacet
  facet normal 0.923806 0.382861 0
    outer loop
      vertex 109.413 71.7082 18
      vertex 108.692 73.4479 3
      vertex 108.692 73.4479 18
    endloop
  endfacet
  facet normal 0.923806 0.382861 0
    outer loop
      vertex 108.692 73.4479 3
      vertex 109.413 71.7082 18
      vertex 109.413 71.7082 3
    endloop
  endfacet
  facet normal -0.972369 0.233448 0
    outer loop
      vertex 0.147736 69.8772 3
      vertex 0.587326 71.7082 18
      vertex 0.587326 71.7082 3
    endloop
  endfacet
  facet normal -0.972369 0.233448 0
    outer loop
      vertex 0.587326 71.7082 18
      vertex 0.147736 69.8772 3
      vertex 0.147736 69.8772 18
    endloop
  endfacet
  facet normal -0.923882 0.382677 0
    outer loop
      vertex 0.587326 71.7082 3
      vertex 1.30792 73.4479 18
      vertex 1.30792 73.4479 3
    endloop
  endfacet
  facet normal -0.923882 0.382677 0
    outer loop
      vertex 1.30792 73.4479 18
      vertex 0.587326 71.7082 3
      vertex 0.587326 71.7082 18
    endloop
  endfacet
  facet normal -0.382681 -0.92388 0
    outer loop
      vertex 6.55211 1.30792 3
      vertex 8.29179 0.587326 18
      vertex 6.55211 1.30792 18
    endloop
  endfacet
  facet normal -0.382681 -0.92388 -0
    outer loop
      vertex 8.29179 0.587326 18
      vertex 6.55211 1.30792 3
      vertex 8.29179 0.587326 3
    endloop
  endfacet
  facet normal -0.996917 0.0784576 0
    outer loop
      vertex 0 68 3
      vertex 0.147736 69.8772 18
      vertex 0.147736 69.8772 3
    endloop
  endfacet
  facet normal -0.996917 0.0784576 0
    outer loop
      vertex 0.147736 69.8772 18
      vertex 0 68 3
      vertex 0 68 18
    endloop
  endfacet
  facet normal -0.64945 -0.760404 0
    outer loop
      vertex 3.51472 3.51472 3
      vertex 4.94658 2.29179 18
      vertex 3.51472 3.51472 18
    endloop
  endfacet
  facet normal -0.64945 -0.760404 -0
    outer loop
      vertex 4.94658 2.29179 18
      vertex 3.51472 3.51472 3
      vertex 4.94658 2.29179 3
    endloop
  endfacet
  facet normal -0.233447 -0.97237 0
    outer loop
      vertex 8.29179 0.587326 3
      vertex 10.1228 0.147736 18
      vertex 8.29179 0.587326 18
    endloop
  endfacet
  facet normal -0.233447 -0.97237 -0
    outer loop
      vertex 10.1228 0.147736 18
      vertex 8.29179 0.587326 3
      vertex 10.1228 0.147736 3
    endloop
  endfacet
  facet normal -0.852636 0.522506 0
    outer loop
      vertex 1.30792 73.4479 3
      vertex 2.29179 75.0534 18
      vertex 2.29179 75.0534 3
    endloop
  endfacet
  facet normal -0.852636 0.522506 0
    outer loop
      vertex 2.29179 75.0534 18
      vertex 1.30792 73.4479 3
      vertex 1.30792 73.4479 18
    endloop
  endfacet
  facet normal -0.97237 -0.233447 0
    outer loop
      vertex 0.587326 8.29179 3
      vertex 0.147736 10.1228 18
      vertex 0.147736 10.1228 3
    endloop
  endfacet
  facet normal -0.97237 -0.233447 0
    outer loop
      vertex 0.147736 10.1228 18
      vertex 0.587326 8.29179 3
      vertex 0.587326 8.29179 18
    endloop
  endfacet
  facet normal -0.52251 0.852633 0
    outer loop
      vertex 6.55211 78.6921 3
      vertex 4.94658 77.7082 18
      vertex 6.55211 78.6921 18
    endloop
  endfacet
  facet normal -0.52251 0.852633 0
    outer loop
      vertex 4.94658 77.7082 18
      vertex 6.55211 78.6921 3
      vertex 4.94658 77.7082 3
    endloop
  endfacet
  facet normal -0.382684 0.923879 0
    outer loop
      vertex 8.29179 79.4127 3
      vertex 6.55211 78.6921 18
      vertex 8.29179 79.4127 18
    endloop
  endfacet
  facet normal -0.382684 0.923879 0
    outer loop
      vertex 6.55211 78.6921 18
      vertex 8.29179 79.4127 3
      vertex 6.55211 78.6921 3
    endloop
  endfacet
  facet normal -0 0 -1
    outer loop
      vertex 20.5185 15.7653 3
      vertex 16.455 14.27 3
      vertex 20.5 16 3
    endloop
  endfacet
  facet normal 0 0 -1
    outer loop
      vertex 20.5 64 3
      vertex 16.9384 67.2178 3
      vertex 17 68 3
    endloop
  endfacet
  facet normal 0 0 -1
    outer loop
      vertex 16.0451 14.9389 3
      vertex 20.5 16 3
      vertex 16.455 14.27 3
    endloop
  endfacet
  facet normal 0 0 -1
    outer loop
      vertex 20.5 64 3
      vertex 16.7553 66.4549 3
      vertex 16.9384 67.2178 3
    endloop
  endfacet
  facet normal 0 0 -1
    outer loop
      vertex 20.5 16 3
      vertex 15.5 16 3
      vertex 20.5 64 3
    endloop
  endfacet
  facet normal 0 0 -1
    outer loop
      vertex 20.5 64 3
      vertex 16.455 65.73 3
      vertex 16.7553 66.4549 3
    endloop
  endfacet
  facet normal -0 0 -1
    outer loop
      vertex 20.5 16 3
      vertex 16.0451 14.9389 3
      vertex 15.5 16 3
    endloop
  endfacet
  facet normal 0 0 -1
    outer loop
      vertex 15.5 64 3
      vertex 20.5 64 3
      vertex 15.5 16 3
    endloop
  endfacet
  facet normal 0 0 -1
    outer loop
      vertex 15.5 16 3
      vertex 16.0451 14.9389 3
      vertex 15.5355 15.5355 3
    endloop
  endfacet
  facet normal 0 -0 -1
    outer loop
      vertex 16.0451 65.0611 3
      vertex 20.5 64 3
      vertex 15.5 64 3
    endloop
  endfacet
  facet normal 0 0 -1
    outer loop
      vertex 20.5 64 3
      vertex 16.0451 65.0611 3
      vertex 16.455 65.73 3
    endloop
  endfacet
  facet normal 0 0 -1
    outer loop
      vertex 15.5355 15.5355 3
      vertex 15.4815 15.7653 3
      vertex 15.5 16 3
    endloop
  endfacet
  facet normal 0 -0 -1
    outer loop
      vertex 15.4815 15.7653 3
      vertex 15.5355 15.5355 3
      vertex 15.4449 15.6129 3
    endloop
  endfacet
  facet normal 0 0 -1
    outer loop
      vertex 16.0451 65.0611 3
      vertex 15.5 64 3
      vertex 15.5355 64.4645 3
    endloop
  endfacet
  facet normal 0 0 -1
    outer loop
      vertex 15.4815 64.2346 3
      vertex 15.5355 64.4645 3
      vertex 15.5 64 3
    endloop
  endfacet
  facet normal 0 0 -1
    outer loop
      vertex 15.5355 64.4645 3
      vertex 15.4815 64.2346 3
      vertex 15.4449 64.3871 3
    endloop
  endfacet
  facet normal 0 0 -1
    outer loop
      vertex 12 17 3
      vertex 12.5 63.0394 3
      vertex 12.5 16.9606 3
    endloop
  endfacet
  facet normal 0 0 -1
    outer loop
      vertex 12 17 3
      vertex 12 63 3
      vertex 12.5 63.0394 3
    endloop
  endfacet
  facet normal 0 0 -1
    outer loop
      vertex 11.2178 16.9384 3
      vertex 12 63 3
      vertex 12 17 3
    endloop
  endfacet
  facet normal 0 0 -1
    outer loop
      vertex 11.2178 16.9384 3
      vertex 11.2178 63.0616 3
      vertex 12 63 3
    endloop
  endfacet
  facet normal 0 0 -1
    outer loop
      vertex 10.4549 16.7553 3
      vertex 11.2178 63.0616 3
      vertex 11.2178 16.9384 3
    endloop
  endfacet
  facet normal 0 0 -1
    outer loop
      vertex 10.4549 16.7553 3
      vertex 10.4549 63.2447 3
      vertex 11.2178 63.0616 3
    endloop
  endfacet
  facet normal 0 0 -1
    outer loop
      vertex 9.73005 16.455 3
      vertex 10.4549 63.2447 3
      vertex 10.4549 16.7553 3
    endloop
  endfacet
  facet normal 0 0 -1
    outer loop
      vertex 9.73005 16.455 3
      vertex 9.73005 63.545 3
      vertex 10.4549 63.2447 3
    endloop
  endfacet
  facet normal 0 0 -1
    outer loop
      vertex 9.06107 16.0451 3
      vertex 9.73005 63.545 3
      vertex 9.73005 16.455 3
    endloop
  endfacet
  facet normal 0 0 -1
    outer loop
      vertex 9.06107 16.0451 3
      vertex 9.06107 63.9549 3
      vertex 9.73005 63.545 3
    endloop
  endfacet
  facet normal 0 0 -1
    outer loop
      vertex 0 12 3
      vertex 9.06107 16.0451 3
      vertex 8.46447 15.5355 3
    endloop
  endfacet
  facet normal -0 0 -1
    outer loop
      vertex 9.06107 16.0451 3
      vertex 0 12 3
      vertex 9.06107 63.9549 3
    endloop
  endfacet
  facet normal 0 0 -1
    outer loop
      vertex 0 12 3
      vertex 8.46447 15.5355 3
      vertex 7.95491 14.9389 3
    endloop
  endfacet
  facet normal 0 0 -1
    outer loop
      vertex 0 68 3
      vertex 9.06107 63.9549 3
      vertex 0 12 3
    endloop
  endfacet
  facet normal 0 0 -1
    outer loop
      vertex 0 12 3
      vertex 7.95491 14.9389 3
      vertex 7.54497 14.27 3
    endloop
  endfacet
  facet normal 0 0 -1
    outer loop
      vertex 9.06107 63.9549 3
      vertex 0 68 3
      vertex 8.46447 64.4645 3
    endloop
  endfacet
  facet normal 0 0 -1
    outer loop
      vertex 0 12 3
      vertex 7.54497 14.27 3
      vertex 7.24472 13.5451 3
    endloop
  endfacet
  facet normal 0 0 -1
    outer loop
      vertex 8.46447 64.4645 3
      vertex 0 68 3
      vertex 7.95491 65.0611 3
    endloop
  endfacet
  facet normal 0 0 -1
    outer loop
      vertex 0 12 3
      vertex 7.24472 13.5451 3
      vertex 7.06156 12.7822 3
    endloop
  endfacet
  facet normal 0 0 -1
    outer loop
      vertex 7.95491 65.0611 3
      vertex 0 68 3
      vertex 7.54497 65.73 3
    endloop
  endfacet
  facet normal 0 0 -1
    outer loop
      vertex 0 12 3
      vertex 7.06156 12.7822 3
      vertex 7 12 3
    endloop
  endfacet
  facet normal 0 0 -1
    outer loop
      vertex 7.54497 65.73 3
      vertex 0 68 3
      vertex 7.24472 66.4549 3
    endloop
  endfacet
  facet normal 0 0 -1
    outer loop
      vertex 93.5365 65.4266 3
      vertex 93.545 65.73 3
      vertex 93.706 65.4673 3
    endloop
  endfacet
  facet normal 0 0 -1
    outer loop
      vertex 93.319 65.3365 3
      vertex 93.545 65.73 3
      vertex 93.5365 65.4266 3
    endloop
  endfacet
  facet normal 0 0 -1
    outer loop
      vertex 93.319 65.3365 3
      vertex 93.2447 66.4549 3
      vertex 93.545 65.73 3
    endloop
  endfacet
  facet normal 0 0 -1
    outer loop
      vertex 93.1183 65.2135 3
      vertex 93.2447 66.4549 3
      vertex 93.319 65.3365 3
    endloop
  endfacet
  facet normal 0 0 -1
    outer loop
      vertex 92.9393 65.0607 3
      vertex 93.2447 66.4549 3
      vertex 93.1183 65.2135 3
    endloop
  endfacet
  facet normal 0 0 -1
    outer loop
      vertex 92.7865 64.8817 3
      vertex 93.2447 66.4549 3
      vertex 92.9393 65.0607 3
    endloop
  endfacet
  facet normal -0 0 -1
    outer loop
      vertex 93.2447 66.4549 3
      vertex 92.7865 64.8817 3
      vertex 93.0616 67.2178 3
    endloop
  endfacet
  facet normal 0 0 -1
    outer loop
      vertex 102.455 14.27 3
      vertex 110 12 3
      vertex 102.755 13.5451 3
    endloop
  endfacet
  facet normal -0 0 -1
    outer loop
      vertex 110 68 3
      vertex 102.938 67.2178 3
      vertex 103 68 3
    endloop
  endfacet
  facet normal 0 0 -1
    outer loop
      vertex 102.045 14.9389 3
      vertex 110 12 3
      vertex 102.455 14.27 3
    endloop
  endfacet
  facet normal 0 0 -1
    outer loop
      vertex 110 68 3
      vertex 102.755 66.4549 3
      vertex 102.938 67.2178 3
    endloop
  endfacet
  facet normal 0 0 -1
    outer loop
      vertex 101.536 15.5355 3
      vertex 110 12 3
      vertex 102.045 14.9389 3
    endloop
  endfacet
  facet normal 0 0 -1
    outer loop
      vertex 110 68 3
      vertex 102.455 65.73 3
      vertex 102.755 66.4549 3
    endloop
  endfacet
  facet normal 0 0 -1
    outer loop
      vertex 100.939 16.0451 3
      vertex 110 12 3
      vertex 101.536 15.5355 3
    endloop
  endfacet
  facet normal 0 0 -1
    outer loop
      vertex 110 68 3
      vertex 102.045 65.0611 3
      vertex 102.455 65.73 3
    endloop
  endfacet
  facet normal 0 0 -1
    outer loop
      vertex 110 12 3
      vertex 100.939 16.0451 3
      vertex 110 68 3
    endloop
  endfacet
  facet normal 0 0 -1
    outer loop
      vertex 110 68 3
      vertex 101.536 64.4645 3
      vertex 102.045 65.0611 3
    endloop
  endfacet
  facet normal 0 0 -1
    outer loop
      vertex 100.939 63.9549 3
      vertex 110 68 3
      vertex 100.939 16.0451 3
    endloop
  endfacet
  facet normal 0 0 -1
    outer loop
      vertex 110 68 3
      vertex 100.939 63.9549 3
      vertex 101.536 64.4645 3
    endloop
  endfacet
  facet normal 0 0 -1
    outer loop
      vertex 100.27 16.455 3
      vertex 100.939 63.9549 3
      vertex 100.939 16.0451 3
    endloop
  endfacet
  facet normal 0 0 -1
    outer loop
      vertex 100.27 16.455 3
      vertex 100.27 63.545 3
      vertex 100.939 63.9549 3
    endloop
  endfacet
  facet normal 0 0 -1
    outer loop
      vertex 99.5451 16.7553 3
      vertex 100.27 63.545 3
      vertex 100.27 16.455 3
    endloop
  endfacet
  facet normal 0 0 -1
    outer loop
      vertex 99.5451 16.7553 3
      vertex 99.5451 63.2447 3
      vertex 100.27 63.545 3
    endloop
  endfacet
  facet normal 0 0 -1
    outer loop
      vertex 98.7822 16.9384 3
      vertex 99.5451 63.2447 3
      vertex 99.5451 16.7553 3
    endloop
  endfacet
  facet normal 0 0 -1
    outer loop
      vertex 98.7822 16.9384 3
      vertex 98.7822 63.0616 3
      vertex 99.5451 63.2447 3
    endloop
  endfacet
  facet normal 0 0 -1
    outer loop
      vertex 98 17 3
      vertex 98.7822 63.0616 3
      vertex 98.7822 16.9384 3
    endloop
  endfacet
  facet normal 0 0 -1
    outer loop
      vertex 98 17 3
      vertex 98 63 3
      vertex 98.7822 63.0616 3
    endloop
  endfacet
  facet normal 0 0 -1
    outer loop
      vertex 97.2178 16.9384 3
      vertex 98 63 3
      vertex 98 17 3
    endloop
  endfacet
  facet normal 0 0 -1
    outer loop
      vertex 97.2178 16.9384 3
      vertex 97.2178 63.0616 3
      vertex 98 63 3
    endloop
  endfacet
  facet normal 0 0 -1
    outer loop
      vertex 96.4549 16.7553 3
      vertex 97.2178 63.0616 3
      vertex 97.2178 16.9384 3
    endloop
  endfacet
  facet normal 0 0 -1
    outer loop
      vertex 96.4549 16.7553 3
      vertex 96.4549 63.2447 3
      vertex 97.2178 63.0616 3
    endloop
  endfacet
  facet normal 0 0 -1
    outer loop
      vertex 95.73 16.455 3
      vertex 96.4549 63.2447 3
      vertex 96.4549 16.7553 3
    endloop
  endfacet
  facet normal 0 0 -1
    outer loop
      vertex 95.73 16.455 3
      vertex 95.73 63.545 3
      vertex 96.4549 63.2447 3
    endloop
  endfacet
  facet normal 0 0 -1
    outer loop
      vertex 95.5 16.3141 3
      vertex 95.73 63.545 3
      vertex 95.73 16.455 3
    endloop
  endfacet
  facet normal -0 0 -1
    outer loop
      vertex 95.73 63.545 3
      vertex 95.5 16.3141 3
      vertex 95.5 63.6859 3
    endloop
  endfacet
  facet normal 0 0 -1
    outer loop
      vertex 103 12 3
      vertex 110 12 3
      vertex 109.852 10.1228 3
    endloop
  endfacet
  facet normal 0 0 -1
    outer loop
      vertex 102.938 12.7822 3
      vertex 110 12 3
      vertex 103 12 3
    endloop
  endfacet
  facet normal 0 0 -1
    outer loop
      vertex 102.938 11.2178 3
      vertex 109.852 10.1228 3
      vertex 109.413 8.29179 3
    endloop
  endfacet
  facet normal 0 0 -1
    outer loop
      vertex 102.755 13.5451 3
      vertex 110 12 3
      vertex 102.938 12.7822 3
    endloop
  endfacet
  facet normal 0 0 -1
    outer loop
      vertex 102.755 10.4549 3
      vertex 109.413 8.29179 3
      vertex 108.692 6.55211 3
    endloop
  endfacet
  facet normal 0 0 -1
    outer loop
      vertex 110 68 3
      vertex 103 68 3
      vertex 109.852 69.8772 3
    endloop
  endfacet
  facet normal 0 0 -1
    outer loop
      vertex 102.455 9.73005 3
      vertex 108.692 6.55211 3
      vertex 107.708 4.94658 3
    endloop
  endfacet
  facet normal 0 0 -1
    outer loop
      vertex 102.938 68.7822 3
      vertex 109.852 69.8772 3
      vertex 103 68 3
    endloop
  endfacet
  facet normal 0 0 -1
    outer loop
      vertex 102.045 9.06107 3
      vertex 107.708 4.94658 3
      vertex 106.485 3.51472 3
    endloop
  endfacet
  facet normal -0 0 -1
    outer loop
      vertex 109.852 69.8772 3
      vertex 102.938 68.7822 3
      vertex 109.413 71.7082 3
    endloop
  endfacet
  facet normal 0 0 -1
    outer loop
      vertex 101.536 8.46447 3
      vertex 106.485 3.51472 3
      vertex 105.053 2.29179 3
    endloop
  endfacet
  facet normal 0 0 -1
    outer loop
      vertex 102.755 69.5451 3
      vertex 109.413 71.7082 3
      vertex 102.938 68.7822 3
    endloop
  endfacet
  facet normal 0 0 -1
    outer loop
      vertex 100.939 7.95491 3
      vertex 105.053 2.29179 3
      vertex 103.448 1.30792 3
    endloop
  endfacet
  facet normal -0 0 -1
    outer loop
      vertex 109.413 71.7082 3
      vertex 102.755 69.5451 3
      vertex 108.692 73.4479 3
    endloop
  endfacet
  facet normal 0 0 -1
    outer loop
      vertex 102.455 70.27 3
      vertex 108.692 73.4479 3
      vertex 102.755 69.5451 3
    endloop
  endfacet
  facet normal 0 0 -1
    outer loop
      vertex 109.852 10.1228 3
      vertex 102.938 11.2178 3
      vertex 103 12 3
    endloop
  endfacet
  facet normal 0 0 -1
    outer loop
      vertex 109.413 8.29179 3
      vertex 102.755 10.4549 3
      vertex 102.938 11.2178 3
    endloop
  endfacet
  facet normal 0 0 -1
    outer loop
      vertex 108.692 6.55211 3
      vertex 102.455 9.73005 3
      vertex 102.755 10.4549 3
    endloop
  endfacet
  facet normal 0 0 -1
    outer loop
      vertex 107.708 4.94658 3
      vertex 102.045 9.06107 3
      vertex 102.455 9.73005 3
    endloop
  endfacet
  facet normal 0 0 -1
    outer loop
      vertex 100.27 7.54497 3
      vertex 103.448 1.30792 3
      vertex 101.708 0.587326 3
    endloop
  endfacet
  facet normal 0 0 -1
    outer loop
      vertex 106.485 3.51472 3
      vertex 101.536 8.46447 3
      vertex 102.045 9.06107 3
    endloop
  endfacet
  facet normal 0 0 -1
    outer loop
      vertex 105.053 2.29179 3
      vertex 100.939 7.95491 3
      vertex 101.536 8.46447 3
    endloop
  endfacet
  facet normal 0 0 -1
    outer loop
      vertex 103.448 1.30792 3
      vertex 100.27 7.54497 3
      vertex 100.939 7.95491 3
    endloop
  endfacet
  facet normal 0 0 -1
    outer loop
      vertex 99.5451 7.24472 3
      vertex 101.708 0.587326 3
      vertex 99.8772 0.147736 3
    endloop
  endfacet
  facet normal 0 0 -1
    outer loop
      vertex 101.708 0.587326 3
      vertex 99.5451 7.24472 3
      vertex 100.27 7.54497 3
    endloop
  endfacet
  facet normal 0 0 -1
    outer loop
      vertex 99.8772 0.147736 3
      vertex 98.7822 7.06156 3
      vertex 99.5451 7.24472 3
    endloop
  endfacet
  facet normal 0 0 -1
    outer loop
      vertex 98 0 3
      vertex 98.7822 7.06156 3
      vertex 99.8772 0.147736 3
    endloop
  endfacet
  facet normal 0 0 -1
    outer loop
      vertex 98 0 3
      vertex 98 7 3
      vertex 98.7822 7.06156 3
    endloop
  endfacet
  facet normal 0 0 -1
    outer loop
      vertex 98 0 3
      vertex 97.2178 7.06156 3
      vertex 98 7 3
    endloop
  endfacet
  facet normal 0 0 -1
    outer loop
      vertex 98 0 3
      vertex 96.4549 7.24472 3
      vertex 97.2178 7.06156 3
    endloop
  endfacet
  facet normal 0 0 -1
    outer loop
      vertex 98 0 3
      vertex 95.73 7.54497 3
      vertex 96.4549 7.24472 3
    endloop
  endfacet
  facet normal 0 0 -1
    outer loop
      vertex 98 0 3
      vertex 95.0611 7.95491 3
      vertex 95.73 7.54497 3
    endloop
  endfacet
  facet normal 0 0 -1
    outer loop
      vertex 98 0 3
      vertex 94.4645 8.46447 3
      vertex 95.0611 7.95491 3
    endloop
  endfacet
  facet normal 0 0 -1
    outer loop
      vertex 98 0 3
      vertex 93.9549 9.06107 3
      vertex 94.4645 8.46447 3
    endloop
  endfacet
  facet normal 0 0 -1
    outer loop
      vertex 78.2346 14.5185 3
      vertex 93.9549 9.06107 3
      vertex 98 0 3
    endloop
  endfacet
  facet normal 0 0 -1
    outer loop
      vertex 93.2447 13.5451 3
      vertex 92.7865 15.1183 3
      vertex 92.9393 14.9393 3
    endloop
  endfacet
  facet normal 0 -0 -1
    outer loop
      vertex 87.3365 15.319 3
      vertex 93.0616 12.7822 3
      vertex 87.2135 15.1183 3
    endloop
  endfacet
  facet normal 0 0 -1
    outer loop
      vertex 86.8817 14.7865 3
      vertex 93 12 3
      vertex 93.0616 11.2178 3
    endloop
  endfacet
  facet normal 0 0 -1
    outer loop
      vertex 93.0616 12.7822 3
      vertex 92.6635 15.319 3
      vertex 92.7865 15.1183 3
    endloop
  endfacet
  facet normal 0 0 -1
    outer loop
      vertex 93.0616 12.7822 3
      vertex 87.3365 15.319 3
      vertex 92.6635 15.319 3
    endloop
  endfacet
  facet normal 0 0 -1
    outer loop
      vertex 92.5 16 3
      vertex 87.5 16 3
      vertex 92.5 64 3
    endloop
  endfacet
  facet normal 0 0 -1
    outer loop
      vertex 92.5185 15.7653 3
      vertex 87.5 16 3
      vertex 92.5 16 3
    endloop
  endfacet
  facet normal 0 0 -1
    outer loop
      vertex 92.6635 15.319 3
      vertex 87.3365 15.319 3
      vertex 92.5734 15.5365 3
    endloop
  endfacet
  facet normal 0 0 -1
    outer loop
      vertex 86.4635 14.5734 3
      vertex 93.0616 11.2178 3
      vertex 93.2447 10.4549 3
    endloop
  endfacet
  facet normal 0 0 -1
    outer loop
      vertex 86.2346 14.5185 3
      vertex 93.2447 10.4549 3
      vertex 93.545 9.73005 3
    endloop
  endfacet
  facet normal 0 -0 -1
    outer loop
      vertex 78.4635 14.5734 3
      vertex 93.9549 9.06107 3
      vertex 78.2346 14.5185 3
    endloop
  endfacet
  facet normal 0 0 -1
    outer loop
      vertex 92.5185 15.7653 3
      vertex 87.4815 15.7653 3
      vertex 87.5 16 3
    endloop
  endfacet
  facet normal -0 0 -1
    outer loop
      vertex 92.5185 15.7653 3
      vertex 87.4266 15.5365 3
      vertex 87.4815 15.7653 3
    endloop
  endfacet
  facet normal 0 0 -1
    outer loop
      vertex 92.5734 15.5365 3
      vertex 87.4266 15.5365 3
      vertex 92.5185 15.7653 3
    endloop
  endfacet
  facet normal 0 -0 -1
    outer loop
      vertex 87.4266 15.5365 3
      vertex 92.5734 15.5365 3
      vertex 87.3365 15.319 3
    endloop
  endfacet
  facet normal 0 0 -1
    outer loop
      vertex 93.0616 12.7822 3
      vertex 87.0607 14.9393 3
      vertex 87.2135 15.1183 3
    endloop
  endfacet
  facet normal 0 0 -1
    outer loop
      vertex 93 12 3
      vertex 86.8817 14.7865 3
      vertex 87.0607 14.9393 3
    endloop
  endfacet
  facet normal 0 0 -1
    outer loop
      vertex 93.0616 11.2178 3
      vertex 86.681 14.6635 3
      vertex 86.8817 14.7865 3
    endloop
  endfacet
  facet normal 0 0 -1
    outer loop
      vertex 93.0616 11.2178 3
      vertex 86.4635 14.5734 3
      vertex 86.681 14.6635 3
    endloop
  endfacet
  facet normal 0 0 -1
    outer loop
      vertex 93.2447 10.4549 3
      vertex 86.2346 14.5185 3
      vertex 86.4635 14.5734 3
    endloop
  endfacet
  facet normal 0 0 -1
    outer loop
      vertex 93.545 9.73005 3
      vertex 86 14.5 3
      vertex 86.2346 14.5185 3
    endloop
  endfacet
  facet normal 0 0 -1
    outer loop
      vertex 93.545 9.73005 3
      vertex 85.7654 14.5185 3
      vertex 86 14.5 3
    endloop
  endfacet
  facet normal 0 0 -1
    outer loop
      vertex 93.9549 9.06107 3
      vertex 85.7654 14.5185 3
      vertex 93.545 9.73005 3
    endloop
  endfacet
  facet normal -0 -0 -1
    outer loop
      vertex 85.7654 14.5185 3
      vertex 93.9549 9.06107 3
      vertex 85.5365 14.5734 3
    endloop
  endfacet
  facet normal 0 0 -1
    outer loop
      vertex 85.5365 14.5734 3
      vertex 78.4635 14.5734 3
      vertex 85.319 14.6635 3
    endloop
  endfacet
  facet normal 0 -0 -1
    outer loop
      vertex 78.681 14.6635 3
      vertex 85.319 14.6635 3
      vertex 78.4635 14.5734 3
    endloop
  endfacet
  facet normal 0 0 -1
    outer loop
      vertex 84.5 16 3
      vertex 79.5 16 3
      vertex 84.5 64 3
    endloop
  endfacet
  facet normal 0 0 -1
    outer loop
      vertex 84.5185 15.7653 3
      vertex 79.5 16 3
      vertex 84.5 16 3
    endloop
  endfacet
  facet normal 0 0 -1
    outer loop
      vertex 79.4815 15.7653 3
      vertex 84.5185 15.7653 3
      vertex 84.5734 15.5365 3
    endloop
  endfacet
  facet normal 0 0 -1
    outer loop
      vertex 79.4266 15.5365 3
      vertex 84.5734 15.5365 3
      vertex 84.6635 15.319 3
    endloop
  endfacet
  facet normal 0 0 -1
    outer loop
      vertex 79.3365 15.319 3
      vertex 84.6635 15.319 3
      vertex 84.7865 15.1183 3
    endloop
  endfacet
  facet normal 0 0 -1
    outer loop
      vertex 79.2135 15.1183 3
      vertex 84.7865 15.1183 3
      vertex 84.9393 14.9393 3
    endloop
  endfacet
  facet normal 0 0 -1
    outer loop
      vertex 85.319 14.6635 3
      vertex 78.681 14.6635 3
      vertex 85.1183 14.7865 3
    endloop
  endfacet
  facet normal 0 0 -1
    outer loop
      vertex 84.5185 15.7653 3
      vertex 79.4815 15.7653 3
      vertex 79.5 16 3
    endloop
  endfacet
  facet normal 0 0 -1
    outer loop
      vertex 84.5734 15.5365 3
      vertex 79.4266 15.5365 3
      vertex 79.4815 15.7653 3
    endloop
  endfacet
  facet normal 0 0 -1
    outer loop
      vertex 84.6635 15.319 3
      vertex 79.3365 15.319 3
      vertex 79.4266 15.5365 3
    endloop
  endfacet
  facet normal 0 0 -1
    outer loop
      vertex 84.7865 15.1183 3
      vertex 79.2135 15.1183 3
      vertex 79.3365 15.319 3
    endloop
  endfacet
  facet normal 0 0 -1
    outer loop
      vertex 84.9393 14.9393 3
      vertex 79.0607 14.9393 3
      vertex 79.2135 15.1183 3
    endloop
  endfacet
  facet normal -0 0 -1
    outer loop
      vertex 84.9393 14.9393 3
      vertex 78.8817 14.7865 3
      vertex 79.0607 14.9393 3
    endloop
  endfacet
  facet normal 0 0 -1
    outer loop
      vertex 85.1183 14.7865 3
      vertex 78.8817 14.7865 3
      vertex 84.9393 14.9393 3
    endloop
  endfacet
  facet normal 0 -0 -1
    outer loop
      vertex 78.8817 14.7865 3
      vertex 85.1183 14.7865 3
      vertex 78.681 14.6635 3
    endloop
  endfacet
  facet normal -0 -0 -1
    outer loop
      vertex 85.5365 14.5734 3
      vertex 93.9549 9.06107 3
      vertex 78.4635 14.5734 3
    endloop
  endfacet
  facet normal 0 0 -1
    outer loop
      vertex 98 0 3
      vertex 78 14.5 3
      vertex 78.2346 14.5185 3
    endloop
  endfacet
  facet normal 0 0 -1
    outer loop
      vertex 98 0 3
      vertex 77.7654 14.5185 3
      vertex 78 14.5 3
    endloop
  endfacet
  facet normal 0 0 -1
    outer loop
      vertex 70.2346 14.5185 3
      vertex 77.7654 14.5185 3
      vertex 98 0 3
    endloop
  endfacet
  facet normal 0 0 -1
    outer loop
      vertex 77.7654 14.5185 3
      vertex 70.2346 14.5185 3
      vertex 77.5365 14.5734 3
    endloop
  endfacet
  facet normal 0 -0 -1
    outer loop
      vertex 70.4635 14.5734 3
      vertex 77.5365 14.5734 3
      vertex 70.2346 14.5185 3
    endloop
  endfacet
  facet normal 0 0 -1
    outer loop
      vertex 76.5 16 3
      vertex 71.5 16 3
      vertex 76.5 64 3
    endloop
  endfacet
  facet normal 0 0 -1
    outer loop
      vertex 76.5185 15.7653 3
      vertex 71.5 16 3
      vertex 76.5 16 3
    endloop
  endfacet
  facet normal 0 0 -1
    outer loop
      vertex 71.4815 15.7653 3
      vertex 76.5185 15.7653 3
      vertex 76.5734 15.5365 3
    endloop
  endfacet
  facet normal 0 0 -1
    outer loop
      vertex 71.4266 15.5365 3
      vertex 76.5734 15.5365 3
      vertex 76.6635 15.319 3
    endloop
  endfacet
  facet normal 0 0 -1
    outer loop
      vertex 71.3365 15.319 3
      vertex 76.6635 15.319 3
      vertex 76.7865 15.1183 3
    endloop
  endfacet
  facet normal 0 0 -1
    outer loop
      vertex 71.2135 15.1183 3
      vertex 76.7865 15.1183 3
      vertex 76.9393 14.9393 3
    endloop
  endfacet
  facet normal 0 0 -1
    outer loop
      vertex 71.0607 14.9393 3
      vertex 76.9393 14.9393 3
      vertex 77.1183 14.7865 3
    endloop
  endfacet
  facet normal 0 0 -1
    outer loop
      vertex 77.5365 14.5734 3
      vertex 70.4635 14.5734 3
      vertex 77.319 14.6635 3
    endloop
  endfacet
  facet normal 0 0 -1
    outer loop
      vertex 76.5185 15.7653 3
      vertex 71.4815 15.7653 3
      vertex 71.5 16 3
    endloop
  endfacet
  facet normal 0 0 -1
    outer loop
      vertex 76.5734 15.5365 3
      vertex 71.4266 15.5365 3
      vertex 71.4815 15.7653 3
    endloop
  endfacet
  facet normal 0 0 -1
    outer loop
      vertex 76.6635 15.319 3
      vertex 71.3365 15.319 3
      vertex 71.4266 15.5365 3
    endloop
  endfacet
  facet normal 0 0 -1
    outer loop
      vertex 76.7865 15.1183 3
      vertex 71.2135 15.1183 3
      vertex 71.3365 15.319 3
    endloop
  endfacet
  facet normal 0 0 -1
    outer loop
      vertex 76.9393 14.9393 3
      vertex 71.0607 14.9393 3
      vertex 71.2135 15.1183 3
    endloop
  endfacet
  facet normal 0 0 -1
    outer loop
      vertex 77.1183 14.7865 3
      vertex 70.8817 14.7865 3
      vertex 71.0607 14.9393 3
    endloop
  endfacet
  facet normal -0 0 -1
    outer loop
      vertex 77.1183 14.7865 3
      vertex 70.681 14.6635 3
      vertex 70.8817 14.7865 3
    endloop
  endfacet
  facet normal 0 0 -1
    outer loop
      vertex 77.319 14.6635 3
      vertex 70.681 14.6635 3
      vertex 77.1183 14.7865 3
    endloop
  endfacet
  facet normal 0 -0 -1
    outer loop
      vertex 70.681 14.6635 3
      vertex 77.319 14.6635 3
      vertex 70.4635 14.5734 3
    endloop
  endfacet
  facet normal 0 0 -1
    outer loop
      vertex 98 0 3
      vertex 70 14.5 3
      vertex 70.2346 14.5185 3
    endloop
  endfacet
  facet normal 0 0 -1
    outer loop
      vertex 98 0 3
      vertex 69.7654 14.5185 3
      vertex 70 14.5 3
    endloop
  endfacet
  facet normal 0 0 -1
    outer loop
      vertex 62.2346 14.5185 3
      vertex 69.7654 14.5185 3
      vertex 98 0 3
    endloop
  endfacet
  facet normal 0 0 -1
    outer loop
      vertex 69.7654 14.5185 3
      vertex 62.2346 14.5185 3
      vertex 69.5365 14.5734 3
    endloop
  endfacet
  facet normal 0 0 -1
    outer loop
      vertex 68.5 16 3
      vertex 63.5 16 3
      vertex 68.5 64 3
    endloop
  endfacet
  facet normal 0 0 -1
    outer loop
      vertex 68.5185 15.7653 3
      vertex 63.5 16 3
      vertex 68.5 16 3
    endloop
  endfacet
  facet normal 0 0 -1
    outer loop
      vertex 63.4815 15.7653 3
      vertex 68.5185 15.7653 3
      vertex 68.5734 15.5365 3
    endloop
  endfacet
  facet normal 0 0 -1
    outer loop
      vertex 63.4266 15.5365 3
      vertex 68.5734 15.5365 3
      vertex 68.6635 15.319 3
    endloop
  endfacet
  facet normal 0 0 -1
    outer loop
      vertex 63.3365 15.319 3
      vertex 68.6635 15.319 3
      vertex 68.7865 15.1183 3
    endloop
  endfacet
  facet normal 0 0 -1
    outer loop
      vertex 63.2135 15.1183 3
      vertex 68.7865 15.1183 3
      vertex 68.9393 14.9393 3
    endloop
  endfacet
  facet normal 0 0 -1
    outer loop
      vertex 63.0607 14.9393 3
      vertex 68.9393 14.9393 3
      vertex 69.1183 14.7865 3
    endloop
  endfacet
  facet normal 0 0 -1
    outer loop
      vertex 62.8817 14.7865 3
      vertex 69.1183 14.7865 3
      vertex 69.319 14.6635 3
    endloop
  endfacet
  facet normal 0 -0 -1
    outer loop
      vertex 62.4635 14.5734 3
      vertex 69.5365 14.5734 3
      vertex 62.2346 14.5185 3
    endloop
  endfacet
  facet normal 0 0 -1
    outer loop
      vertex 68.5185 15.7653 3
      vertex 63.4815 15.7653 3
      vertex 63.5 16 3
    endloop
  endfacet
  facet normal 0 0 -1
    outer loop
      vertex 68.5734 15.5365 3
      vertex 63.4266 15.5365 3
      vertex 63.4815 15.7653 3
    endloop
  endfacet
  facet normal 0 0 -1
    outer loop
      vertex 68.6635 15.319 3
      vertex 63.3365 15.319 3
      vertex 63.4266 15.5365 3
    endloop
  endfacet
  facet normal 0 0 -1
    outer loop
      vertex 68.7865 15.1183 3
      vertex 63.2135 15.1183 3
      vertex 63.3365 15.319 3
    endloop
  endfacet
  facet normal 0 0 -1
    outer loop
      vertex 68.9393 14.9393 3
      vertex 63.0607 14.9393 3
      vertex 63.2135 15.1183 3
    endloop
  endfacet
  facet normal 0 0 -1
    outer loop
      vertex 69.1183 14.7865 3
      vertex 62.8817 14.7865 3
      vertex 63.0607 14.9393 3
    endloop
  endfacet
  facet normal 0 0 -1
    outer loop
      vertex 69.319 14.6635 3
      vertex 62.681 14.6635 3
      vertex 62.8817 14.7865 3
    endloop
  endfacet
  facet normal -0 0 -1
    outer loop
      vertex 69.319 14.6635 3
      vertex 62.4635 14.5734 3
      vertex 62.681 14.6635 3
    endloop
  endfacet
  facet normal 0 0 -1
    outer loop
      vertex 69.5365 14.5734 3
      vertex 62.4635 14.5734 3
      vertex 69.319 14.6635 3
    endloop
  endfacet
  facet normal 0 0 -1
    outer loop
      vertex 98 0 3
      vertex 62 14.5 3
      vertex 62.2346 14.5185 3
    endloop
  endfacet
  facet normal 0 0 -1
    outer loop
      vertex 54 14.5 3
      vertex 62 14.5 3
      vertex 98 0 3
    endloop
  endfacet
  facet normal 0 0 -1
    outer loop
      vertex 62 14.5 3
      vertex 54 14.5 3
      vertex 61.7653 14.5185 3
    endloop
  endfacet
  facet normal 0 0 -1
    outer loop
      vertex 60.5 16 3
      vertex 55.5 16 3
      vertex 60.5 64 3
    endloop
  endfacet
  facet normal 0 0 -1
    outer loop
      vertex 60.5185 15.7653 3
      vertex 55.5 16 3
      vertex 60.5 16 3
    endloop
  endfacet
  facet normal 0 0 -1
    outer loop
      vertex 55.4815 15.7653 3
      vertex 60.5185 15.7653 3
      vertex 60.5734 15.5365 3
    endloop
  endfacet
  facet normal 0 0 -1
    outer loop
      vertex 55.4266 15.5365 3
      vertex 60.5734 15.5365 3
      vertex 60.6635 15.319 3
    endloop
  endfacet
  facet normal 0 0 -1
    outer loop
      vertex 55.3365 15.319 3
      vertex 60.6635 15.319 3
      vertex 60.7865 15.1183 3
    endloop
  endfacet
  facet normal 0 0 -1
    outer loop
      vertex 55.2135 15.1183 3
      vertex 60.7865 15.1183 3
      vertex 60.9393 14.9393 3
    endloop
  endfacet
  facet normal 0 0 -1
    outer loop
      vertex 55.0607 14.9393 3
      vertex 60.9393 14.9393 3
      vertex 61.1183 14.7865 3
    endloop
  endfacet
  facet normal 0 0 -1
    outer loop
      vertex 54.8817 14.7865 3
      vertex 61.1183 14.7865 3
      vertex 61.319 14.6635 3
    endloop
  endfacet
  facet normal 0 0 -1
    outer loop
      vertex 54.681 14.6635 3
      vertex 61.319 14.6635 3
      vertex 61.5365 14.5734 3
    endloop
  endfacet
  facet normal 0 0 -1
    outer loop
      vertex 61.7653 14.5185 3
      vertex 54.2346 14.5185 3
      vertex 61.5365 14.5734 3
    endloop
  endfacet
  facet normal 0 0 -1
    outer loop
      vertex 60.5185 15.7653 3
      vertex 55.4815 15.7653 3
      vertex 55.5 16 3
    endloop
  endfacet
  facet normal 0 0 -1
    outer loop
      vertex 60.5734 15.5365 3
      vertex 55.4266 15.5365 3
      vertex 55.4815 15.7653 3
    endloop
  endfacet
  facet normal 0 0 -1
    outer loop
      vertex 60.6635 15.319 3
      vertex 55.3365 15.319 3
      vertex 55.4266 15.5365 3
    endloop
  endfacet
  facet normal 0 0 -1
    outer loop
      vertex 60.7865 15.1183 3
      vertex 55.2135 15.1183 3
      vertex 55.3365 15.319 3
    endloop
  endfacet
  facet normal 0 0 -1
    outer loop
      vertex 60.9393 14.9393 3
      vertex 55.0607 14.9393 3
      vertex 55.2135 15.1183 3
    endloop
  endfacet
  facet normal 0 0 -1
    outer loop
      vertex 61.1183 14.7865 3
      vertex 54.8817 14.7865 3
      vertex 55.0607 14.9393 3
    endloop
  endfacet
  facet normal 0 0 -1
    outer loop
      vertex 61.319 14.6635 3
      vertex 54.681 14.6635 3
      vertex 54.8817 14.7865 3
    endloop
  endfacet
  facet normal 0 0 -1
    outer loop
      vertex 61.5365 14.5734 3
      vertex 54.4635 14.5734 3
      vertex 54.681 14.6635 3
    endloop
  endfacet
  facet normal -0 0 -1
    outer loop
      vertex 61.5365 14.5734 3
      vertex 54.2346 14.5185 3
      vertex 54.4635 14.5734 3
    endloop
  endfacet
  facet normal -0 0 -1
    outer loop
      vertex 61.7653 14.5185 3
      vertex 54 14.5 3
      vertex 54.2346 14.5185 3
    endloop
  endfacet
  facet normal 0 0 -1
    outer loop
      vertex 12 0 3
      vertex 54 14.5 3
      vertex 98 0 3
    endloop
  endfacet
  facet normal -0 0 -1
    outer loop
      vertex 54 14.5 3
      vertex 12 0 3
      vertex 53.7653 14.5185 3
    endloop
  endfacet
  facet normal 0 0 -1
    outer loop
      vertex 52.5 16 3
      vertex 47.5 16 3
      vertex 52.5 64 3
    endloop
  endfacet
  facet normal 0 0 -1
    outer loop
      vertex 52.5185 15.7653 3
      vertex 47.5 16 3
      vertex 52.5 16 3
    endloop
  endfacet
  facet normal 0 0 -1
    outer loop
      vertex 47.4815 15.7653 3
      vertex 52.5185 15.7653 3
      vertex 52.5734 15.5365 3
    endloop
  endfacet
  facet normal 0 0 -1
    outer loop
      vertex 47.4266 15.5365 3
      vertex 52.5734 15.5365 3
      vertex 52.6635 15.319 3
    endloop
  endfacet
  facet normal 0 0 -1
    outer loop
      vertex 47.3365 15.319 3
      vertex 52.6635 15.319 3
      vertex 52.7865 15.1183 3
    endloop
  endfacet
  facet normal 0 0 -1
    outer loop
      vertex 47.2135 15.1183 3
      vertex 52.7865 15.1183 3
      vertex 52.9393 14.9393 3
    endloop
  endfacet
  facet normal 0 0 -1
    outer loop
      vertex 47.0607 14.9393 3
      vertex 52.9393 14.9393 3
      vertex 53.1183 14.7865 3
    endloop
  endfacet
  facet normal 0 0 -1
    outer loop
      vertex 46.8817 14.7865 3
      vertex 53.1183 14.7865 3
      vertex 53.319 14.6635 3
    endloop
  endfacet
  facet normal 0 0 -1
    outer loop
      vertex 46.681 14.6635 3
      vertex 53.319 14.6635 3
      vertex 53.5365 14.5734 3
    endloop
  endfacet
  facet normal 0 -0 -1
    outer loop
      vertex 46.2346 14.5185 3
      vertex 53.7653 14.5185 3
      vertex 12 0 3
    endloop
  endfacet
  facet normal 0 0 -1
    outer loop
      vertex 52.5185 15.7653 3
      vertex 47.4815 15.7653 3
      vertex 47.5 16 3
    endloop
  endfacet
  facet normal 0 0 -1
    outer loop
      vertex 52.5734 15.5365 3
      vertex 47.4266 15.5365 3
      vertex 47.4815 15.7653 3
    endloop
  endfacet
  facet normal 0 0 -1
    outer loop
      vertex 52.6635 15.319 3
      vertex 47.3365 15.319 3
      vertex 47.4266 15.5365 3
    endloop
  endfacet
  facet normal 0 0 -1
    outer loop
      vertex 52.7865 15.1183 3
      vertex 47.2135 15.1183 3
      vertex 47.3365 15.319 3
    endloop
  endfacet
  facet normal 0 0 -1
    outer loop
      vertex 52.9393 14.9393 3
      vertex 47.0607 14.9393 3
      vertex 47.2135 15.1183 3
    endloop
  endfacet
  facet normal 0 0 -1
    outer loop
      vertex 53.1183 14.7865 3
      vertex 46.8817 14.7865 3
      vertex 47.0607 14.9393 3
    endloop
  endfacet
  facet normal 0 0 -1
    outer loop
      vertex 53.319 14.6635 3
      vertex 46.681 14.6635 3
      vertex 46.8817 14.7865 3
    endloop
  endfacet
  facet normal 0 0 -1
    outer loop
      vertex 53.5365 14.5734 3
      vertex 46.4635 14.5734 3
      vertex 46.681 14.6635 3
    endloop
  endfacet
  facet normal -0 0 -1
    outer loop
      vertex 53.5365 14.5734 3
      vertex 46.2346 14.5185 3
      vertex 46.4635 14.5734 3
    endloop
  endfacet
  facet normal 0 0 -1
    outer loop
      vertex 53.7653 14.5185 3
      vertex 46.2346 14.5185 3
      vertex 53.5365 14.5734 3
    endloop
  endfacet
  facet normal 0 0 -1
    outer loop
      vertex 46.2346 14.5185 3
      vertex 12 0 3
      vertex 46 14.5 3
    endloop
  endfacet
  facet normal -0 0 -1
    outer loop
      vertex 46 14.5 3
      vertex 12 0 3
      vertex 45.7653 14.5185 3
    endloop
  endfacet
  facet normal 0 0 -1
    outer loop
      vertex 44.5 16 3
      vertex 39.5 16 3
      vertex 44.5 64 3
    endloop
  endfacet
  facet normal 0 0 -1
    outer loop
      vertex 44.5185 15.7653 3
      vertex 39.5 16 3
      vertex 44.5 16 3
    endloop
  endfacet
  facet normal 0 0 -1
    outer loop
      vertex 39.4815 15.7653 3
      vertex 44.5185 15.7653 3
      vertex 44.5734 15.5365 3
    endloop
  endfacet
  facet normal 0 0 -1
    outer loop
      vertex 39.4266 15.5365 3
      vertex 44.5734 15.5365 3
      vertex 44.6635 15.319 3
    endloop
  endfacet
  facet normal 0 0 -1
    outer loop
      vertex 39.3365 15.319 3
      vertex 44.6635 15.319 3
      vertex 44.7865 15.1183 3
    endloop
  endfacet
  facet normal 0 0 -1
    outer loop
      vertex 39.2135 15.1183 3
      vertex 44.7865 15.1183 3
      vertex 44.9393 14.9393 3
    endloop
  endfacet
  facet normal 0 0 -1
    outer loop
      vertex 39.0607 14.9393 3
      vertex 44.9393 14.9393 3
      vertex 45.1183 14.7865 3
    endloop
  endfacet
  facet normal 0 0 -1
    outer loop
      vertex 38.8817 14.7865 3
      vertex 45.1183 14.7865 3
      vertex 45.319 14.6635 3
    endloop
  endfacet
  facet normal 0 0 -1
    outer loop
      vertex 38.681 14.6635 3
      vertex 45.319 14.6635 3
      vertex 45.5365 14.5734 3
    endloop
  endfacet
  facet normal 0 -0 -1
    outer loop
      vertex 38.2346 14.5185 3
      vertex 45.7653 14.5185 3
      vertex 12 0 3
    endloop
  endfacet
  facet normal 0 0 -1
    outer loop
      vertex 44.5185 15.7653 3
      vertex 39.4815 15.7653 3
      vertex 39.5 16 3
    endloop
  endfacet
  facet normal 0 0 -1
    outer loop
      vertex 44.5734 15.5365 3
      vertex 39.4266 15.5365 3
      vertex 39.4815 15.7653 3
    endloop
  endfacet
  facet normal 0 0 -1
    outer loop
      vertex 44.6635 15.319 3
      vertex 39.3365 15.319 3
      vertex 39.4266 15.5365 3
    endloop
  endfacet
  facet normal 0 0 -1
    outer loop
      vertex 44.7865 15.1183 3
      vertex 39.2135 15.1183 3
      vertex 39.3365 15.319 3
    endloop
  endfacet
  facet normal 0 0 -1
    outer loop
      vertex 44.9393 14.9393 3
      vertex 39.0607 14.9393 3
      vertex 39.2135 15.1183 3
    endloop
  endfacet
  facet normal 0 0 -1
    outer loop
      vertex 45.1183 14.7865 3
      vertex 38.8817 14.7865 3
      vertex 39.0607 14.9393 3
    endloop
  endfacet
  facet normal 0 0 -1
    outer loop
      vertex 45.319 14.6635 3
      vertex 38.681 14.6635 3
      vertex 38.8817 14.7865 3
    endloop
  endfacet
  facet normal 0 0 -1
    outer loop
      vertex 45.5365 14.5734 3
      vertex 38.4635 14.5734 3
      vertex 38.681 14.6635 3
    endloop
  endfacet
  facet normal 0 0 -1
    outer loop
      vertex 45.7653 14.5185 3
      vertex 38.2346 14.5185 3
      vertex 45.5365 14.5734 3
    endloop
  endfacet
  facet normal -0 0 -1
    outer loop
      vertex 45.5365 14.5734 3
      vertex 38.2346 14.5185 3
      vertex 38.4635 14.5734 3
    endloop
  endfacet
  facet normal 0 0 -1
    outer loop
      vertex 38.2346 14.5185 3
      vertex 12 0 3
      vertex 38 14.5 3
    endloop
  endfacet
  facet normal -0 0 -1
    outer loop
      vertex 38 14.5 3
      vertex 12 0 3
      vertex 37.7653 14.5185 3
    endloop
  endfacet
  facet normal 0 0 -1
    outer loop
      vertex 36.5 16 3
      vertex 31.5 16 3
      vertex 36.5 64 3
    endloop
  endfacet
  facet normal 0 0 -1
    outer loop
      vertex 36.5185 15.7653 3
      vertex 31.5 16 3
      vertex 36.5 16 3
    endloop
  endfacet
  facet normal 0 0 -1
    outer loop
      vertex 31.4815 15.7653 3
      vertex 36.5185 15.7653 3
      vertex 36.5734 15.5365 3
    endloop
  endfacet
  facet normal 0 0 -1
    outer loop
      vertex 31.4266 15.5365 3
      vertex 36.5734 15.5365 3
      vertex 36.6635 15.319 3
    endloop
  endfacet
  facet normal 0 0 -1
    outer loop
      vertex 31.3365 15.319 3
      vertex 36.6635 15.319 3
      vertex 36.7865 15.1183 3
    endloop
  endfacet
  facet normal 0 0 -1
    outer loop
      vertex 31.2135 15.1183 3
      vertex 36.7865 15.1183 3
      vertex 36.9393 14.9393 3
    endloop
  endfacet
  facet normal 0 0 -1
    outer loop
      vertex 31.0607 14.9393 3
      vertex 36.9393 14.9393 3
      vertex 37.1183 14.7865 3
    endloop
  endfacet
  facet normal 0 0 -1
    outer loop
      vertex 30.8817 14.7865 3
      vertex 37.1183 14.7865 3
      vertex 37.319 14.6635 3
    endloop
  endfacet
  facet normal 0 0 -1
    outer loop
      vertex 30.681 14.6635 3
      vertex 37.319 14.6635 3
      vertex 37.5365 14.5734 3
    endloop
  endfacet
  facet normal 0 -0 -1
    outer loop
      vertex 30.2347 14.5185 3
      vertex 37.7653 14.5185 3
      vertex 12 0 3
    endloop
  endfacet
  facet normal 0 0 -1
    outer loop
      vertex 36.5185 15.7653 3
      vertex 31.4815 15.7653 3
      vertex 31.5 16 3
    endloop
  endfacet
  facet normal 0 0 -1
    outer loop
      vertex 36.5734 15.5365 3
      vertex 31.4266 15.5365 3
      vertex 31.4815 15.7653 3
    endloop
  endfacet
  facet normal 0 0 -1
    outer loop
      vertex 36.6635 15.319 3
      vertex 31.3365 15.319 3
      vertex 31.4266 15.5365 3
    endloop
  endfacet
  facet normal 0 0 -1
    outer loop
      vertex 36.7865 15.1183 3
      vertex 31.2135 15.1183 3
      vertex 31.3365 15.319 3
    endloop
  endfacet
  facet normal 0 0 -1
    outer loop
      vertex 36.9393 14.9393 3
      vertex 31.0607 14.9393 3
      vertex 31.2135 15.1183 3
    endloop
  endfacet
  facet normal 0 0 -1
    outer loop
      vertex 37.1183 14.7865 3
      vertex 30.8817 14.7865 3
      vertex 31.0607 14.9393 3
    endloop
  endfacet
  facet normal 0 0 -1
    outer loop
      vertex 37.319 14.6635 3
      vertex 30.681 14.6635 3
      vertex 30.8817 14.7865 3
    endloop
  endfacet
  facet normal 0 0 -1
    outer loop
      vertex 37.7653 14.5185 3
      vertex 30.2347 14.5185 3
      vertex 37.5365 14.5734 3
    endloop
  endfacet
  facet normal 0 0 -1
    outer loop
      vertex 37.5365 14.5734 3
      vertex 30.4635 14.5734 3
      vertex 30.681 14.6635 3
    endloop
  endfacet
  facet normal -0 0 -1
    outer loop
      vertex 37.5365 14.5734 3
      vertex 30.2347 14.5185 3
      vertex 30.4635 14.5734 3
    endloop
  endfacet
  facet normal 0 0 -1
    outer loop
      vertex 30.2347 14.5185 3
      vertex 12 0 3
      vertex 30 14.5 3
    endloop
  endfacet
  facet normal 0 0 -1
    outer loop
      vertex 28.5 16 3
      vertex 23.5 16 3
      vertex 28.5 64 3
    endloop
  endfacet
  facet normal 0 0 -1
    outer loop
      vertex 28.5185 15.7653 3
      vertex 23.5 16 3
      vertex 28.5 16 3
    endloop
  endfacet
  facet normal 0 0 -1
    outer loop
      vertex 23.4815 15.7653 3
      vertex 28.5185 15.7653 3
      vertex 28.5734 15.5365 3
    endloop
  endfacet
  facet normal 0 0 -1
    outer loop
      vertex 23.4266 15.5365 3
      vertex 28.5734 15.5365 3
      vertex 28.6635 15.319 3
    endloop
  endfacet
  facet normal 0 0 -1
    outer loop
      vertex 23.3365 15.319 3
      vertex 28.6635 15.319 3
      vertex 28.7865 15.1183 3
    endloop
  endfacet
  facet normal 0 0 -1
    outer loop
      vertex 23.2135 15.1183 3
      vertex 28.7865 15.1183 3
      vertex 28.9393 14.9393 3
    endloop
  endfacet
  facet normal 0 0 -1
    outer loop
      vertex 23.0607 14.9393 3
      vertex 28.9393 14.9393 3
      vertex 29.1183 14.7865 3
    endloop
  endfacet
  facet normal 0 0 -1
    outer loop
      vertex 22.8817 14.7865 3
      vertex 29.1183 14.7865 3
      vertex 29.319 14.6635 3
    endloop
  endfacet
  facet normal 0 0 -1
    outer loop
      vertex 22.681 14.6635 3
      vertex 29.319 14.6635 3
      vertex 29.5365 14.5734 3
    endloop
  endfacet
  facet normal 0 0 -1
    outer loop
      vertex 16.0451 9.06107 3
      vertex 29.5365 14.5734 3
      vertex 29.7653 14.5185 3
    endloop
  endfacet
  facet normal 0 0 -1
    outer loop
      vertex 28.5185 15.7653 3
      vertex 23.4815 15.7653 3
      vertex 23.5 16 3
    endloop
  endfacet
  facet normal -0 0 -1
    outer loop
      vertex 30 14.5 3
      vertex 12 0 3
      vertex 29.7653 14.5185 3
    endloop
  endfacet
  facet normal 0 0 -1
    outer loop
      vertex 28.5734 15.5365 3
      vertex 23.4266 15.5365 3
      vertex 23.4815 15.7653 3
    endloop
  endfacet
  facet normal 0 0 -1
    outer loop
      vertex 28.6635 15.319 3
      vertex 23.3365 15.319 3
      vertex 23.4266 15.5365 3
    endloop
  endfacet
  facet normal 0 0 -1
    outer loop
      vertex 28.7865 15.1183 3
      vertex 23.2135 15.1183 3
      vertex 23.3365 15.319 3
    endloop
  endfacet
  facet normal 0 0 -1
    outer loop
      vertex 28.9393 14.9393 3
      vertex 23.0607 14.9393 3
      vertex 23.2135 15.1183 3
    endloop
  endfacet
  facet normal 0 -0 -1
    outer loop
      vertex 16.0451 9.06107 3
      vertex 29.7653 14.5185 3
      vertex 12 0 3
    endloop
  endfacet
  facet normal 0 0 -1
    outer loop
      vertex 29.1183 14.7865 3
      vertex 22.8817 14.7865 3
      vertex 23.0607 14.9393 3
    endloop
  endfacet
  facet normal 0 0 -1
    outer loop
      vertex 29.319 14.6635 3
      vertex 22.681 14.6635 3
      vertex 22.8817 14.7865 3
    endloop
  endfacet
  facet normal 0 0 -1
    outer loop
      vertex 29.5365 14.5734 3
      vertex 16.0451 9.06107 3
      vertex 16.455 9.73005 3
    endloop
  endfacet
  facet normal 0 0 -1
    outer loop
      vertex 29.5365 14.5734 3
      vertex 22.4635 14.5734 3
      vertex 22.681 14.6635 3
    endloop
  endfacet
  facet normal -0 0 -1
    outer loop
      vertex 29.5365 14.5734 3
      vertex 16.455 9.73005 3
      vertex 22.4635 14.5734 3
    endloop
  endfacet
  facet normal 0 0 -1
    outer loop
      vertex 16.455 14.27 3
      vertex 20.5734 15.5365 3
      vertex 16.7553 13.5451 3
    endloop
  endfacet
  facet normal -0 0 -1
    outer loop
      vertex 20.6635 15.319 3
      vertex 16.7553 13.5451 3
      vertex 20.5734 15.5365 3
    endloop
  endfacet
  facet normal -0 0 -1
    outer loop
      vertex 20.7865 15.1183 3
      vertex 16.7553 13.5451 3
      vertex 20.6635 15.319 3
    endloop
  endfacet
  facet normal 0 0 -1
    outer loop
      vertex 16.7553 13.5451 3
      vertex 20.7865 15.1183 3
      vertex 16.9384 12.7822 3
    endloop
  endfacet
  facet normal -0 0 -1
    outer loop
      vertex 20.9393 14.9393 3
      vertex 16.9384 12.7822 3
      vertex 20.7865 15.1183 3
    endloop
  endfacet
  facet normal -0 0 -1
    outer loop
      vertex 21.1183 14.7865 3
      vertex 16.9384 12.7822 3
      vertex 20.9393 14.9393 3
    endloop
  endfacet
  facet normal 0 0 -1
    outer loop
      vertex 16.9384 12.7822 3
      vertex 21.1183 14.7865 3
      vertex 17 12 3
    endloop
  endfacet
  facet normal -0 0 -1
    outer loop
      vertex 21.319 14.6635 3
      vertex 17 12 3
      vertex 21.1183 14.7865 3
    endloop
  endfacet
  facet normal -0 0 -1
    outer loop
      vertex 21.5365 14.5734 3
      vertex 17 12 3
      vertex 21.319 14.6635 3
    endloop
  endfacet
  facet normal 0 0 -1
    outer loop
      vertex 16.9384 11.2178 3
      vertex 21.5365 14.5734 3
      vertex 21.7653 14.5185 3
    endloop
  endfacet
  facet normal 0 0 -1
    outer loop
      vertex 22.4635 14.5734 3
      vertex 16.455 9.73005 3
      vertex 22.2347 14.5185 3
    endloop
  endfacet
  facet normal 0 0 -1
    outer loop
      vertex 21.5365 14.5734 3
      vertex 16.9384 11.2178 3
      vertex 17 12 3
    endloop
  endfacet
  facet normal 0 0 -1
    outer loop
      vertex 21.7653 14.5185 3
      vertex 16.7553 10.4549 3
      vertex 16.9384 11.2178 3
    endloop
  endfacet
  facet normal -0 0 -1
    outer loop
      vertex 22 14.5 3
      vertex 16.7553 10.4549 3
      vertex 21.7653 14.5185 3
    endloop
  endfacet
  facet normal 0 -0 -1
    outer loop
      vertex 16.7553 10.4549 3
      vertex 22.2347 14.5185 3
      vertex 16.455 9.73005 3
    endloop
  endfacet
  facet normal 0 0 -1
    outer loop
      vertex 22.2347 14.5185 3
      vertex 16.7553 10.4549 3
      vertex 22 14.5 3
    endloop
  endfacet
  facet normal 0 0 -1
    outer loop
      vertex 16.0451 9.06107 3
      vertex 12 0 3
      vertex 15.5355 8.46447 3
    endloop
  endfacet
  facet normal 0 0 -1
    outer loop
      vertex 15.5355 8.46447 3
      vertex 12 0 3
      vertex 14.9389 7.95491 3
    endloop
  endfacet
  facet normal 0 0 -1
    outer loop
      vertex 14.9389 7.95491 3
      vertex 12 0 3
      vertex 14.27 7.54497 3
    endloop
  endfacet
  facet normal 0 0 -1
    outer loop
      vertex 14.27 7.54497 3
      vertex 12 0 3
      vertex 13.5451 7.24472 3
    endloop
  endfacet
  facet normal 0 0 -1
    outer loop
      vertex 13.5451 7.24472 3
      vertex 12 0 3
      vertex 12.7822 7.06156 3
    endloop
  endfacet
  facet normal 0 0 -1
    outer loop
      vertex 12 0 3
      vertex 12 7 3
      vertex 12.7822 7.06156 3
    endloop
  endfacet
  facet normal 0 0 -1
    outer loop
      vertex 12 0 3
      vertex 11.2178 7.06156 3
      vertex 12 7 3
    endloop
  endfacet
  facet normal 0 0 -1
    outer loop
      vertex 10.1228 0.147736 3
      vertex 11.2178 7.06156 3
      vertex 12 0 3
    endloop
  endfacet
  facet normal -0 0 -1
    outer loop
      vertex 11.2178 7.06156 3
      vertex 10.1228 0.147736 3
      vertex 10.4549 7.24472 3
    endloop
  endfacet
  facet normal 0 0 -1
    outer loop
      vertex 8.29179 0.587326 3
      vertex 10.4549 7.24472 3
      vertex 10.1228 0.147736 3
    endloop
  endfacet
  facet normal -0 0 -1
    outer loop
      vertex 10.4549 7.24472 3
      vertex 8.29179 0.587326 3
      vertex 9.73005 7.54497 3
    endloop
  endfacet
  facet normal 0 0 -1
    outer loop
      vertex 6.55211 1.30792 3
      vertex 9.73005 7.54497 3
      vertex 8.29179 0.587326 3
    endloop
  endfacet
  facet normal -0 0 -1
    outer loop
      vertex 9.73005 7.54497 3
      vertex 6.55211 1.30792 3
      vertex 9.06107 7.95491 3
    endloop
  endfacet
  facet normal 0 0 -1
    outer loop
      vertex 4.94658 2.29179 3
      vertex 9.06107 7.95491 3
      vertex 6.55211 1.30792 3
    endloop
  endfacet
  facet normal -0 0 -1
    outer loop
      vertex 9.06107 7.95491 3
      vertex 4.94658 2.29179 3
      vertex 8.46447 8.46447 3
    endloop
  endfacet
  facet normal 0 0 -1
    outer loop
      vertex 3.51472 3.51472 3
      vertex 8.46447 8.46447 3
      vertex 4.94658 2.29179 3
    endloop
  endfacet
  facet normal -0 0 -1
    outer loop
      vertex 8.46447 8.46447 3
      vertex 3.51472 3.51472 3
      vertex 7.95491 9.06107 3
    endloop
  endfacet
  facet normal 0 0 -1
    outer loop
      vertex 1.30792 6.55211 3
      vertex 7.54497 9.73005 3
      vertex 2.29179 4.94658 3
    endloop
  endfacet
  facet normal -0 0 -1
    outer loop
      vertex 7.95491 9.06107 3
      vertex 2.29179 4.94658 3
      vertex 7.54497 9.73005 3
    endloop
  endfacet
  facet normal 0 0 -1
    outer loop
      vertex 2.29179 4.94658 3
      vertex 7.95491 9.06107 3
      vertex 3.51472 3.51472 3
    endloop
  endfacet
  facet normal -0 0 -1
    outer loop
      vertex 108.692 73.4479 3
      vertex 102.455 70.27 3
      vertex 107.708 75.0534 3
    endloop
  endfacet
  facet normal 0 0 -1
    outer loop
      vertex 102.045 70.9389 3
      vertex 107.708 75.0534 3
      vertex 102.455 70.27 3
    endloop
  endfacet
  facet normal -0 0 -1
    outer loop
      vertex 107.708 75.0534 3
      vertex 102.045 70.9389 3
      vertex 106.485 76.4853 3
    endloop
  endfacet
  facet normal 0 0 -1
    outer loop
      vertex 101.536 71.5355 3
      vertex 106.485 76.4853 3
      vertex 102.045 70.9389 3
    endloop
  endfacet
  facet normal -0 0 -1
    outer loop
      vertex 106.485 76.4853 3
      vertex 101.536 71.5355 3
      vertex 105.053 77.7082 3
    endloop
  endfacet
  facet normal 0 0 -1
    outer loop
      vertex 100.939 72.0451 3
      vertex 105.053 77.7082 3
      vertex 101.536 71.5355 3
    endloop
  endfacet
  facet normal -0 0 -1
    outer loop
      vertex 105.053 77.7082 3
      vertex 100.939 72.0451 3
      vertex 103.448 78.6921 3
    endloop
  endfacet
  facet normal 0 0 -1
    outer loop
      vertex 100.27 72.455 3
      vertex 103.448 78.6921 3
      vertex 100.939 72.0451 3
    endloop
  endfacet
  facet normal -0 0 -1
    outer loop
      vertex 103.448 78.6921 3
      vertex 100.27 72.455 3
      vertex 101.708 79.4127 3
    endloop
  endfacet
  facet normal 0 0 -1
    outer loop
      vertex 99.5451 72.7553 3
      vertex 101.708 79.4127 3
      vertex 100.27 72.455 3
    endloop
  endfacet
  facet normal -0 0 -1
    outer loop
      vertex 101.708 79.4127 3
      vertex 99.5451 72.7553 3
      vertex 99.8772 79.8523 3
    endloop
  endfacet
  facet normal 0 0 -1
    outer loop
      vertex 98.7822 72.9384 3
      vertex 99.8772 79.8523 3
      vertex 99.5451 72.7553 3
    endloop
  endfacet
  facet normal 0 0 -1
    outer loop
      vertex 98 73 3
      vertex 99.8772 79.8523 3
      vertex 98.7822 72.9384 3
    endloop
  endfacet
  facet normal 0 0 -1
    outer loop
      vertex 98 73 3
      vertex 98 80 3
      vertex 99.8772 79.8523 3
    endloop
  endfacet
  facet normal 0 0 -1
    outer loop
      vertex 97.2178 72.9384 3
      vertex 98 80 3
      vertex 98 73 3
    endloop
  endfacet
  facet normal 0 0 -1
    outer loop
      vertex 96.4549 72.7553 3
      vertex 98 80 3
      vertex 97.2178 72.9384 3
    endloop
  endfacet
  facet normal 0 0 -1
    outer loop
      vertex 95.73 72.455 3
      vertex 98 80 3
      vertex 96.4549 72.7553 3
    endloop
  endfacet
  facet normal 0 0 -1
    outer loop
      vertex 95.0611 72.0451 3
      vertex 98 80 3
      vertex 95.73 72.455 3
    endloop
  endfacet
  facet normal 0 0 -1
    outer loop
      vertex 94.4645 71.5355 3
      vertex 98 80 3
      vertex 95.0611 72.0451 3
    endloop
  endfacet
  facet normal 0 0 -1
    outer loop
      vertex 93.9549 70.9389 3
      vertex 98 80 3
      vertex 94.4645 71.5355 3
    endloop
  endfacet
  facet normal 0 0 -1
    outer loop
      vertex 85.7654 65.4815 3
      vertex 93.9549 70.9389 3
      vertex 93.545 70.27 3
    endloop
  endfacet
  facet normal 0 0 -1
    outer loop
      vertex 92.6635 64.681 3
      vertex 93.0616 67.2178 3
      vertex 92.7865 64.8817 3
    endloop
  endfacet
  facet normal 0 0 -1
    outer loop
      vertex 87.3365 64.681 3
      vertex 93.0616 67.2178 3
      vertex 92.6635 64.681 3
    endloop
  endfacet
  facet normal 0 0 -1
    outer loop
      vertex 87.0607 65.0607 3
      vertex 93.0616 67.2178 3
      vertex 87.2135 64.8817 3
    endloop
  endfacet
  facet normal 0 0 -1
    outer loop
      vertex 87.3365 64.681 3
      vertex 92.6635 64.681 3
      vertex 92.5734 64.4635 3
    endloop
  endfacet
  facet normal 0 0 -1
    outer loop
      vertex 87.4266 64.4635 3
      vertex 92.5734 64.4635 3
      vertex 92.5185 64.2346 3
    endloop
  endfacet
  facet normal 0 0 -1
    outer loop
      vertex 87.5 64 3
      vertex 92.5 64 3
      vertex 87.5 16 3
    endloop
  endfacet
  facet normal 0 0 -1
    outer loop
      vertex 92.5 64 3
      vertex 87.5 64 3
      vertex 92.5185 64.2346 3
    endloop
  endfacet
  facet normal 0 0 -1
    outer loop
      vertex 87.4815 64.2346 3
      vertex 92.5185 64.2346 3
      vertex 87.5 64 3
    endloop
  endfacet
  facet normal 0 0 -1
    outer loop
      vertex 87.4266 64.4635 3
      vertex 92.5185 64.2346 3
      vertex 87.4815 64.2346 3
    endloop
  endfacet
  facet normal 0 0 -1
    outer loop
      vertex 92.5734 64.4635 3
      vertex 87.4266 64.4635 3
      vertex 87.3365 64.681 3
    endloop
  endfacet
  facet normal 0 0 -1
    outer loop
      vertex 93.0616 67.2178 3
      vertex 87.3365 64.681 3
      vertex 87.2135 64.8817 3
    endloop
  endfacet
  facet normal -0 0 -1
    outer loop
      vertex 93.0616 67.2178 3
      vertex 87.0607 65.0607 3
      vertex 93 68 3
    endloop
  endfacet
  facet normal 0 0 -1
    outer loop
      vertex 86.8817 65.2135 3
      vertex 93 68 3
      vertex 87.0607 65.0607 3
    endloop
  endfacet
  facet normal -0 0 -1
    outer loop
      vertex 93 68 3
      vertex 86.8817 65.2135 3
      vertex 93.0616 68.7822 3
    endloop
  endfacet
  facet normal 0 0 -1
    outer loop
      vertex 86.681 65.3365 3
      vertex 93.0616 68.7822 3
      vertex 86.8817 65.2135 3
    endloop
  endfacet
  facet normal 0 0 -1
    outer loop
      vertex 86.4635 65.4266 3
      vertex 93.0616 68.7822 3
      vertex 86.681 65.3365 3
    endloop
  endfacet
  facet normal -0 0 -1
    outer loop
      vertex 93.0616 68.7822 3
      vertex 86.4635 65.4266 3
      vertex 93.2447 69.5451 3
    endloop
  endfacet
  facet normal 0 0 -1
    outer loop
      vertex 86.2346 65.4815 3
      vertex 93.2447 69.5451 3
      vertex 86.4635 65.4266 3
    endloop
  endfacet
  facet normal -0 0 -1
    outer loop
      vertex 93.2447 69.5451 3
      vertex 86.2346 65.4815 3
      vertex 93.545 70.27 3
    endloop
  endfacet
  facet normal 0 0 -1
    outer loop
      vertex 86 65.5 3
      vertex 93.545 70.27 3
      vertex 86.2346 65.4815 3
    endloop
  endfacet
  facet normal 0 0 -1
    outer loop
      vertex 85.7654 65.4815 3
      vertex 93.545 70.27 3
      vertex 86 65.5 3
    endloop
  endfacet
  facet normal 0 0 -1
    outer loop
      vertex 93.9549 70.9389 3
      vertex 85.7654 65.4815 3
      vertex 85.5365 65.4266 3
    endloop
  endfacet
  facet normal 0 0 -1
    outer loop
      vertex 93.9549 70.9389 3
      vertex 85.5365 65.4266 3
      vertex 78.4635 65.4266 3
    endloop
  endfacet
  facet normal 0 0 -1
    outer loop
      vertex 78.4635 65.4266 3
      vertex 85.5365 65.4266 3
      vertex 85.319 65.3365 3
    endloop
  endfacet
  facet normal 0 0 -1
    outer loop
      vertex 78.681 65.3365 3
      vertex 85.319 65.3365 3
      vertex 85.1183 65.2135 3
    endloop
  endfacet
  facet normal 0 0 -1
    outer loop
      vertex 78.8817 65.2135 3
      vertex 85.1183 65.2135 3
      vertex 84.9393 65.0607 3
    endloop
  endfacet
  facet normal 0 0 -1
    outer loop
      vertex 79.5 64 3
      vertex 84.5 64 3
      vertex 79.5 16 3
    endloop
  endfacet
  facet normal 0 0 -1
    outer loop
      vertex 84.5 64 3
      vertex 79.5 64 3
      vertex 84.5185 64.2346 3
    endloop
  endfacet
  facet normal 0 0 -1
    outer loop
      vertex 79.4815 64.2346 3
      vertex 84.5185 64.2346 3
      vertex 79.5 64 3
    endloop
  endfacet
  facet normal 0 0 -1
    outer loop
      vertex 84.5185 64.2346 3
      vertex 79.4815 64.2346 3
      vertex 84.5734 64.4635 3
    endloop
  endfacet
  facet normal 0 0 -1
    outer loop
      vertex 79.4266 64.4635 3
      vertex 84.5734 64.4635 3
      vertex 79.4815 64.2346 3
    endloop
  endfacet
  facet normal 0 0 -1
    outer loop
      vertex 84.5734 64.4635 3
      vertex 79.4266 64.4635 3
      vertex 84.6635 64.681 3
    endloop
  endfacet
  facet normal 0 0 -1
    outer loop
      vertex 79.3365 64.681 3
      vertex 84.6635 64.681 3
      vertex 79.4266 64.4635 3
    endloop
  endfacet
  facet normal 0 0 -1
    outer loop
      vertex 84.6635 64.681 3
      vertex 79.3365 64.681 3
      vertex 84.7865 64.8817 3
    endloop
  endfacet
  facet normal 0 0 -1
    outer loop
      vertex 79.2135 64.8817 3
      vertex 84.7865 64.8817 3
      vertex 79.3365 64.681 3
    endloop
  endfacet
  facet normal 0 0 -1
    outer loop
      vertex 84.7865 64.8817 3
      vertex 79.2135 64.8817 3
      vertex 84.9393 65.0607 3
    endloop
  endfacet
  facet normal 0 0 -1
    outer loop
      vertex 79.0607 65.0607 3
      vertex 84.9393 65.0607 3
      vertex 79.2135 64.8817 3
    endloop
  endfacet
  facet normal 0 0 -1
    outer loop
      vertex 78.8817 65.2135 3
      vertex 84.9393 65.0607 3
      vertex 79.0607 65.0607 3
    endloop
  endfacet
  facet normal 0 0 -1
    outer loop
      vertex 85.1183 65.2135 3
      vertex 78.8817 65.2135 3
      vertex 78.681 65.3365 3
    endloop
  endfacet
  facet normal 0 0 -1
    outer loop
      vertex 85.319 65.3365 3
      vertex 78.681 65.3365 3
      vertex 78.4635 65.4266 3
    endloop
  endfacet
  facet normal 0 0 -1
    outer loop
      vertex 93.9549 70.9389 3
      vertex 78.4635 65.4266 3
      vertex 78.2346 65.4815 3
    endloop
  endfacet
  facet normal -0 0 -1
    outer loop
      vertex 93.9549 70.9389 3
      vertex 78.2346 65.4815 3
      vertex 98 80 3
    endloop
  endfacet
  facet normal 0 0 -1
    outer loop
      vertex 78 65.5 3
      vertex 98 80 3
      vertex 78.2346 65.4815 3
    endloop
  endfacet
  facet normal 0 0 -1
    outer loop
      vertex 77.7654 65.4815 3
      vertex 98 80 3
      vertex 78 65.5 3
    endloop
  endfacet
  facet normal 0 0 -1
    outer loop
      vertex 70.2346 65.4815 3
      vertex 77.7654 65.4815 3
      vertex 77.5365 65.4266 3
    endloop
  endfacet
  facet normal 0 0 -1
    outer loop
      vertex 70.4635 65.4266 3
      vertex 77.5365 65.4266 3
      vertex 77.319 65.3365 3
    endloop
  endfacet
  facet normal 0 0 -1
    outer loop
      vertex 70.681 65.3365 3
      vertex 77.319 65.3365 3
      vertex 77.1183 65.2135 3
    endloop
  endfacet
  facet normal 0 0 -1
    outer loop
      vertex 71.5 64 3
      vertex 76.5 64 3
      vertex 71.5 16 3
    endloop
  endfacet
  facet normal 0 0 -1
    outer loop
      vertex 76.5 64 3
      vertex 71.5 64 3
      vertex 76.5185 64.2346 3
    endloop
  endfacet
  facet normal 0 0 -1
    outer loop
      vertex 71.4815 64.2346 3
      vertex 76.5185 64.2346 3
      vertex 71.5 64 3
    endloop
  endfacet
  facet normal 0 0 -1
    outer loop
      vertex 76.5185 64.2346 3
      vertex 71.4815 64.2346 3
      vertex 76.5734 64.4635 3
    endloop
  endfacet
  facet normal 0 0 -1
    outer loop
      vertex 71.4266 64.4635 3
      vertex 76.5734 64.4635 3
      vertex 71.4815 64.2346 3
    endloop
  endfacet
  facet normal 0 0 -1
    outer loop
      vertex 76.5734 64.4635 3
      vertex 71.4266 64.4635 3
      vertex 76.6635 64.681 3
    endloop
  endfacet
  facet normal 0 0 -1
    outer loop
      vertex 71.3365 64.681 3
      vertex 76.6635 64.681 3
      vertex 71.4266 64.4635 3
    endloop
  endfacet
  facet normal 0 0 -1
    outer loop
      vertex 76.6635 64.681 3
      vertex 71.3365 64.681 3
      vertex 76.7865 64.8817 3
    endloop
  endfacet
  facet normal 0 0 -1
    outer loop
      vertex 71.2135 64.8817 3
      vertex 76.7865 64.8817 3
      vertex 71.3365 64.681 3
    endloop
  endfacet
  facet normal 0 0 -1
    outer loop
      vertex 76.7865 64.8817 3
      vertex 71.2135 64.8817 3
      vertex 76.9393 65.0607 3
    endloop
  endfacet
  facet normal 0 0 -1
    outer loop
      vertex 71.0607 65.0607 3
      vertex 76.9393 65.0607 3
      vertex 71.2135 64.8817 3
    endloop
  endfacet
  facet normal 0 0 -1
    outer loop
      vertex 76.9393 65.0607 3
      vertex 71.0607 65.0607 3
      vertex 77.1183 65.2135 3
    endloop
  endfacet
  facet normal 0 0 -1
    outer loop
      vertex 70.8817 65.2135 3
      vertex 77.1183 65.2135 3
      vertex 71.0607 65.0607 3
    endloop
  endfacet
  facet normal 0 0 -1
    outer loop
      vertex 70.681 65.3365 3
      vertex 77.1183 65.2135 3
      vertex 70.8817 65.2135 3
    endloop
  endfacet
  facet normal 0 0 -1
    outer loop
      vertex 77.319 65.3365 3
      vertex 70.681 65.3365 3
      vertex 70.4635 65.4266 3
    endloop
  endfacet
  facet normal 0 0 -1
    outer loop
      vertex 77.5365 65.4266 3
      vertex 70.4635 65.4266 3
      vertex 70.2346 65.4815 3
    endloop
  endfacet
  facet normal 0 0 -1
    outer loop
      vertex 77.7654 65.4815 3
      vertex 70.2346 65.4815 3
      vertex 98 80 3
    endloop
  endfacet
  facet normal 0 0 -1
    outer loop
      vertex 70 65.5 3
      vertex 98 80 3
      vertex 70.2346 65.4815 3
    endloop
  endfacet
  facet normal 0 0 -1
    outer loop
      vertex 69.7654 65.4815 3
      vertex 98 80 3
      vertex 70 65.5 3
    endloop
  endfacet
  facet normal 0 0 -1
    outer loop
      vertex 62.2346 65.4815 3
      vertex 69.7654 65.4815 3
      vertex 69.5365 65.4266 3
    endloop
  endfacet
  facet normal 0 0 -1
    outer loop
      vertex 62.4635 65.4266 3
      vertex 69.5365 65.4266 3
      vertex 69.319 65.3365 3
    endloop
  endfacet
  facet normal 0 0 -1
    outer loop
      vertex 63.5 64 3
      vertex 68.5 64 3
      vertex 63.5 16 3
    endloop
  endfacet
  facet normal 0 0 -1
    outer loop
      vertex 68.5 64 3
      vertex 63.5 64 3
      vertex 68.5185 64.2346 3
    endloop
  endfacet
  facet normal 0 0 -1
    outer loop
      vertex 63.4815 64.2346 3
      vertex 68.5185 64.2346 3
      vertex 63.5 64 3
    endloop
  endfacet
  facet normal 0 0 -1
    outer loop
      vertex 68.5185 64.2346 3
      vertex 63.4815 64.2346 3
      vertex 68.5734 64.4635 3
    endloop
  endfacet
  facet normal 0 0 -1
    outer loop
      vertex 63.4266 64.4635 3
      vertex 68.5734 64.4635 3
      vertex 63.4815 64.2346 3
    endloop
  endfacet
  facet normal 0 0 -1
    outer loop
      vertex 68.5734 64.4635 3
      vertex 63.4266 64.4635 3
      vertex 68.6635 64.681 3
    endloop
  endfacet
  facet normal 0 0 -1
    outer loop
      vertex 63.3365 64.681 3
      vertex 68.6635 64.681 3
      vertex 63.4266 64.4635 3
    endloop
  endfacet
  facet normal 0 0 -1
    outer loop
      vertex 68.6635 64.681 3
      vertex 63.3365 64.681 3
      vertex 68.7865 64.8817 3
    endloop
  endfacet
  facet normal 0 0 -1
    outer loop
      vertex 63.2135 64.8817 3
      vertex 68.7865 64.8817 3
      vertex 63.3365 64.681 3
    endloop
  endfacet
  facet normal 0 0 -1
    outer loop
      vertex 68.7865 64.8817 3
      vertex 63.2135 64.8817 3
      vertex 68.9393 65.0607 3
    endloop
  endfacet
  facet normal 0 0 -1
    outer loop
      vertex 63.0607 65.0607 3
      vertex 68.9393 65.0607 3
      vertex 63.2135 64.8817 3
    endloop
  endfacet
  facet normal 0 0 -1
    outer loop
      vertex 68.9393 65.0607 3
      vertex 63.0607 65.0607 3
      vertex 69.1183 65.2135 3
    endloop
  endfacet
  facet normal 0 0 -1
    outer loop
      vertex 62.8817 65.2135 3
      vertex 69.1183 65.2135 3
      vertex 63.0607 65.0607 3
    endloop
  endfacet
  facet normal 0 0 -1
    outer loop
      vertex 69.1183 65.2135 3
      vertex 62.8817 65.2135 3
      vertex 69.319 65.3365 3
    endloop
  endfacet
  facet normal 0 0 -1
    outer loop
      vertex 62.681 65.3365 3
      vertex 69.319 65.3365 3
      vertex 62.8817 65.2135 3
    endloop
  endfacet
  facet normal 0 0 -1
    outer loop
      vertex 62.4635 65.4266 3
      vertex 69.319 65.3365 3
      vertex 62.681 65.3365 3
    endloop
  endfacet
  facet normal 0 0 -1
    outer loop
      vertex 69.5365 65.4266 3
      vertex 62.4635 65.4266 3
      vertex 62.2346 65.4815 3
    endloop
  endfacet
  facet normal 0 0 -1
    outer loop
      vertex 69.7654 65.4815 3
      vertex 62.2346 65.4815 3
      vertex 98 80 3
    endloop
  endfacet
  facet normal 0 0 -1
    outer loop
      vertex 62 65.5 3
      vertex 98 80 3
      vertex 62.2346 65.4815 3
    endloop
  endfacet
  facet normal 0 0 -1
    outer loop
      vertex 54 65.5 3
      vertex 62 65.5 3
      vertex 61.7653 65.4815 3
    endloop
  endfacet
  facet normal 0 0 -1
    outer loop
      vertex 54.2346 65.4815 3
      vertex 61.7653 65.4815 3
      vertex 61.5365 65.4266 3
    endloop
  endfacet
  facet normal 0 0 -1
    outer loop
      vertex 55.5 64 3
      vertex 60.5 64 3
      vertex 55.5 16 3
    endloop
  endfacet
  facet normal 0 0 -1
    outer loop
      vertex 60.5 64 3
      vertex 55.5 64 3
      vertex 60.5185 64.2346 3
    endloop
  endfacet
  facet normal 0 0 -1
    outer loop
      vertex 55.4815 64.2346 3
      vertex 60.5185 64.2346 3
      vertex 55.5 64 3
    endloop
  endfacet
  facet normal 0 0 -1
    outer loop
      vertex 60.5185 64.2346 3
      vertex 55.4815 64.2346 3
      vertex 60.5734 64.4635 3
    endloop
  endfacet
  facet normal 0 0 -1
    outer loop
      vertex 55.4266 64.4635 3
      vertex 60.5734 64.4635 3
      vertex 55.4815 64.2346 3
    endloop
  endfacet
  facet normal 0 0 -1
    outer loop
      vertex 60.5734 64.4635 3
      vertex 55.4266 64.4635 3
      vertex 60.6635 64.681 3
    endloop
  endfacet
  facet normal 0 0 -1
    outer loop
      vertex 55.3365 64.681 3
      vertex 60.6635 64.681 3
      vertex 55.4266 64.4635 3
    endloop
  endfacet
  facet normal 0 0 -1
    outer loop
      vertex 60.6635 64.681 3
      vertex 55.3365 64.681 3
      vertex 60.7865 64.8817 3
    endloop
  endfacet
  facet normal 0 0 -1
    outer loop
      vertex 55.2135 64.8817 3
      vertex 60.7865 64.8817 3
      vertex 55.3365 64.681 3
    endloop
  endfacet
  facet normal 0 0 -1
    outer loop
      vertex 60.7865 64.8817 3
      vertex 55.2135 64.8817 3
      vertex 60.9393 65.0607 3
    endloop
  endfacet
  facet normal 0 0 -1
    outer loop
      vertex 55.0607 65.0607 3
      vertex 60.9393 65.0607 3
      vertex 55.2135 64.8817 3
    endloop
  endfacet
  facet normal 0 0 -1
    outer loop
      vertex 60.9393 65.0607 3
      vertex 55.0607 65.0607 3
      vertex 61.1183 65.2135 3
    endloop
  endfacet
  facet normal 0 0 -1
    outer loop
      vertex 54.8817 65.2135 3
      vertex 61.1183 65.2135 3
      vertex 55.0607 65.0607 3
    endloop
  endfacet
  facet normal 0 0 -1
    outer loop
      vertex 61.1183 65.2135 3
      vertex 54.8817 65.2135 3
      vertex 61.319 65.3365 3
    endloop
  endfacet
  facet normal 0 0 -1
    outer loop
      vertex 54.681 65.3365 3
      vertex 61.319 65.3365 3
      vertex 54.8817 65.2135 3
    endloop
  endfacet
  facet normal 0 0 -1
    outer loop
      vertex 61.319 65.3365 3
      vertex 54.681 65.3365 3
      vertex 61.5365 65.4266 3
    endloop
  endfacet
  facet normal 0 0 -1
    outer loop
      vertex 54.4635 65.4266 3
      vertex 61.5365 65.4266 3
      vertex 54.681 65.3365 3
    endloop
  endfacet
  facet normal 0 0 -1
    outer loop
      vertex 54.2346 65.4815 3
      vertex 61.5365 65.4266 3
      vertex 54.4635 65.4266 3
    endloop
  endfacet
  facet normal 0 0 -1
    outer loop
      vertex 54 65.5 3
      vertex 61.7653 65.4815 3
      vertex 54.2346 65.4815 3
    endloop
  endfacet
  facet normal 0 0 -1
    outer loop
      vertex 62 65.5 3
      vertex 54 65.5 3
      vertex 98 80 3
    endloop
  endfacet
  facet normal 0 0 -1
    outer loop
      vertex 12 80 3
      vertex 54 65.5 3
      vertex 53.7653 65.4815 3
    endloop
  endfacet
  facet normal 0 0 -1
    outer loop
      vertex 46.2346 65.4815 3
      vertex 53.7653 65.4815 3
      vertex 53.5365 65.4266 3
    endloop
  endfacet
  facet normal 0 0 -1
    outer loop
      vertex 47.5 64 3
      vertex 52.5 64 3
      vertex 47.5 16 3
    endloop
  endfacet
  facet normal 0 0 -1
    outer loop
      vertex 52.5 64 3
      vertex 47.5 64 3
      vertex 52.5185 64.2346 3
    endloop
  endfacet
  facet normal 0 0 -1
    outer loop
      vertex 47.4815 64.2346 3
      vertex 52.5185 64.2346 3
      vertex 47.5 64 3
    endloop
  endfacet
  facet normal 0 0 -1
    outer loop
      vertex 52.5185 64.2346 3
      vertex 47.4815 64.2346 3
      vertex 52.5734 64.4635 3
    endloop
  endfacet
  facet normal 0 0 -1
    outer loop
      vertex 47.4266 64.4635 3
      vertex 52.5734 64.4635 3
      vertex 47.4815 64.2346 3
    endloop
  endfacet
  facet normal 0 0 -1
    outer loop
      vertex 52.5734 64.4635 3
      vertex 47.4266 64.4635 3
      vertex 52.6635 64.681 3
    endloop
  endfacet
  facet normal 0 0 -1
    outer loop
      vertex 47.3365 64.681 3
      vertex 52.6635 64.681 3
      vertex 47.4266 64.4635 3
    endloop
  endfacet
  facet normal 0 0 -1
    outer loop
      vertex 52.6635 64.681 3
      vertex 47.3365 64.681 3
      vertex 52.7865 64.8817 3
    endloop
  endfacet
  facet normal 0 0 -1
    outer loop
      vertex 47.2135 64.8817 3
      vertex 52.7865 64.8817 3
      vertex 47.3365 64.681 3
    endloop
  endfacet
  facet normal 0 0 -1
    outer loop
      vertex 52.7865 64.8817 3
      vertex 47.2135 64.8817 3
      vertex 52.9393 65.0607 3
    endloop
  endfacet
  facet normal 0 0 -1
    outer loop
      vertex 47.0607 65.0607 3
      vertex 52.9393 65.0607 3
      vertex 47.2135 64.8817 3
    endloop
  endfacet
  facet normal 0 0 -1
    outer loop
      vertex 52.9393 65.0607 3
      vertex 47.0607 65.0607 3
      vertex 53.1183 65.2135 3
    endloop
  endfacet
  facet normal 0 0 -1
    outer loop
      vertex 46.8817 65.2135 3
      vertex 53.1183 65.2135 3
      vertex 47.0607 65.0607 3
    endloop
  endfacet
  facet normal 0 0 -1
    outer loop
      vertex 53.1183 65.2135 3
      vertex 46.8817 65.2135 3
      vertex 53.319 65.3365 3
    endloop
  endfacet
  facet normal 0 0 -1
    outer loop
      vertex 46.681 65.3365 3
      vertex 53.319 65.3365 3
      vertex 46.8817 65.2135 3
    endloop
  endfacet
  facet normal 0 0 -1
    outer loop
      vertex 53.319 65.3365 3
      vertex 46.681 65.3365 3
      vertex 53.5365 65.4266 3
    endloop
  endfacet
  facet normal 0 0 -1
    outer loop
      vertex 46.4635 65.4266 3
      vertex 53.5365 65.4266 3
      vertex 46.681 65.3365 3
    endloop
  endfacet
  facet normal 0 0 -1
    outer loop
      vertex 46.2346 65.4815 3
      vertex 53.5365 65.4266 3
      vertex 46.4635 65.4266 3
    endloop
  endfacet
  facet normal 0 0 -1
    outer loop
      vertex 53.7653 65.4815 3
      vertex 46.2346 65.4815 3
      vertex 12 80 3
    endloop
  endfacet
  facet normal 0 0 -1
    outer loop
      vertex 12 80 3
      vertex 46.2346 65.4815 3
      vertex 46 65.5 3
    endloop
  endfacet
  facet normal 0 0 -1
    outer loop
      vertex 12 80 3
      vertex 46 65.5 3
      vertex 45.7653 65.4815 3
    endloop
  endfacet
  facet normal 0 0 -1
    outer loop
      vertex 38.2346 65.4815 3
      vertex 45.7653 65.4815 3
      vertex 45.5365 65.4266 3
    endloop
  endfacet
  facet normal 0 0 -1
    outer loop
      vertex 39.5 64 3
      vertex 44.5 64 3
      vertex 39.5 16 3
    endloop
  endfacet
  facet normal 0 0 -1
    outer loop
      vertex 44.5 64 3
      vertex 39.5 64 3
      vertex 44.5185 64.2346 3
    endloop
  endfacet
  facet normal 0 0 -1
    outer loop
      vertex 39.4815 64.2346 3
      vertex 44.5185 64.2346 3
      vertex 39.5 64 3
    endloop
  endfacet
  facet normal 0 0 -1
    outer loop
      vertex 44.5185 64.2346 3
      vertex 39.4815 64.2346 3
      vertex 44.5734 64.4635 3
    endloop
  endfacet
  facet normal 0 0 -1
    outer loop
      vertex 39.4266 64.4635 3
      vertex 44.5734 64.4635 3
      vertex 39.4815 64.2346 3
    endloop
  endfacet
  facet normal 0 0 -1
    outer loop
      vertex 44.5734 64.4635 3
      vertex 39.4266 64.4635 3
      vertex 44.6635 64.681 3
    endloop
  endfacet
  facet normal 0 0 -1
    outer loop
      vertex 39.3365 64.681 3
      vertex 44.6635 64.681 3
      vertex 39.4266 64.4635 3
    endloop
  endfacet
  facet normal 0 0 -1
    outer loop
      vertex 44.6635 64.681 3
      vertex 39.3365 64.681 3
      vertex 44.7865 64.8817 3
    endloop
  endfacet
  facet normal 0 0 -1
    outer loop
      vertex 39.2135 64.8817 3
      vertex 44.7865 64.8817 3
      vertex 39.3365 64.681 3
    endloop
  endfacet
  facet normal 0 0 -1
    outer loop
      vertex 44.7865 64.8817 3
      vertex 39.2135 64.8817 3
      vertex 44.9393 65.0607 3
    endloop
  endfacet
  facet normal 0 0 -1
    outer loop
      vertex 39.0607 65.0607 3
      vertex 44.9393 65.0607 3
      vertex 39.2135 64.8817 3
    endloop
  endfacet
  facet normal 0 0 -1
    outer loop
      vertex 44.9393 65.0607 3
      vertex 39.0607 65.0607 3
      vertex 45.1183 65.2135 3
    endloop
  endfacet
  facet normal 0 0 -1
    outer loop
      vertex 38.8817 65.2135 3
      vertex 45.1183 65.2135 3
      vertex 39.0607 65.0607 3
    endloop
  endfacet
  facet normal 0 0 -1
    outer loop
      vertex 45.1183 65.2135 3
      vertex 38.8817 65.2135 3
      vertex 45.319 65.3365 3
    endloop
  endfacet
  facet normal 0 0 -1
    outer loop
      vertex 38.681 65.3365 3
      vertex 45.319 65.3365 3
      vertex 38.8817 65.2135 3
    endloop
  endfacet
  facet normal 0 0 -1
    outer loop
      vertex 45.319 65.3365 3
      vertex 38.681 65.3365 3
      vertex 45.5365 65.4266 3
    endloop
  endfacet
  facet normal 0 0 -1
    outer loop
      vertex 38.4635 65.4266 3
      vertex 45.5365 65.4266 3
      vertex 38.681 65.3365 3
    endloop
  endfacet
  facet normal 0 0 -1
    outer loop
      vertex 38.2346 65.4815 3
      vertex 45.5365 65.4266 3
      vertex 38.4635 65.4266 3
    endloop
  endfacet
  facet normal 0 0 -1
    outer loop
      vertex 45.7653 65.4815 3
      vertex 38.2346 65.4815 3
      vertex 12 80 3
    endloop
  endfacet
  facet normal 0 0 -1
    outer loop
      vertex 12 80 3
      vertex 38.2346 65.4815 3
      vertex 38 65.5 3
    endloop
  endfacet
  facet normal 0 0 -1
    outer loop
      vertex 12 80 3
      vertex 38 65.5 3
      vertex 37.7653 65.4815 3
    endloop
  endfacet
  facet normal 0 0 -1
    outer loop
      vertex 30.2347 65.4815 3
      vertex 37.7653 65.4815 3
      vertex 37.5365 65.4266 3
    endloop
  endfacet
  facet normal 0 0 -1
    outer loop
      vertex 31.5 64 3
      vertex 36.5 64 3
      vertex 31.5 16 3
    endloop
  endfacet
  facet normal 0 0 -1
    outer loop
      vertex 36.5 64 3
      vertex 31.5 64 3
      vertex 36.5185 64.2346 3
    endloop
  endfacet
  facet normal 0 0 -1
    outer loop
      vertex 31.4815 64.2346 3
      vertex 36.5185 64.2346 3
      vertex 31.5 64 3
    endloop
  endfacet
  facet normal 0 0 -1
    outer loop
      vertex 36.5185 64.2346 3
      vertex 31.4815 64.2346 3
      vertex 36.5734 64.4635 3
    endloop
  endfacet
  facet normal 0 0 -1
    outer loop
      vertex 31.4266 64.4635 3
      vertex 36.5734 64.4635 3
      vertex 31.4815 64.2346 3
    endloop
  endfacet
  facet normal 0 0 -1
    outer loop
      vertex 36.5734 64.4635 3
      vertex 31.4266 64.4635 3
      vertex 36.6635 64.681 3
    endloop
  endfacet
  facet normal 0 0 -1
    outer loop
      vertex 31.3365 64.681 3
      vertex 36.6635 64.681 3
      vertex 31.4266 64.4635 3
    endloop
  endfacet
  facet normal 0 0 -1
    outer loop
      vertex 36.6635 64.681 3
      vertex 31.3365 64.681 3
      vertex 36.7865 64.8817 3
    endloop
  endfacet
  facet normal 0 0 -1
    outer loop
      vertex 31.2135 64.8817 3
      vertex 36.7865 64.8817 3
      vertex 31.3365 64.681 3
    endloop
  endfacet
  facet normal 0 0 -1
    outer loop
      vertex 36.7865 64.8817 3
      vertex 31.2135 64.8817 3
      vertex 36.9393 65.0607 3
    endloop
  endfacet
  facet normal 0 0 -1
    outer loop
      vertex 31.0607 65.0607 3
      vertex 36.9393 65.0607 3
      vertex 31.2135 64.8817 3
    endloop
  endfacet
  facet normal 0 0 -1
    outer loop
      vertex 36.9393 65.0607 3
      vertex 31.0607 65.0607 3
      vertex 37.1183 65.2135 3
    endloop
  endfacet
  facet normal 0 0 -1
    outer loop
      vertex 30.8817 65.2135 3
      vertex 37.1183 65.2135 3
      vertex 31.0607 65.0607 3
    endloop
  endfacet
  facet normal 0 0 -1
    outer loop
      vertex 37.1183 65.2135 3
      vertex 30.8817 65.2135 3
      vertex 37.319 65.3365 3
    endloop
  endfacet
  facet normal 0 0 -1
    outer loop
      vertex 30.681 65.3365 3
      vertex 37.319 65.3365 3
      vertex 30.8817 65.2135 3
    endloop
  endfacet
  facet normal 0 0 -1
    outer loop
      vertex 37.319 65.3365 3
      vertex 30.681 65.3365 3
      vertex 37.5365 65.4266 3
    endloop
  endfacet
  facet normal 0 0 -1
    outer loop
      vertex 30.4635 65.4266 3
      vertex 37.5365 65.4266 3
      vertex 30.681 65.3365 3
    endloop
  endfacet
  facet normal 0 0 -1
    outer loop
      vertex 30.2347 65.4815 3
      vertex 37.5365 65.4266 3
      vertex 30.4635 65.4266 3
    endloop
  endfacet
  facet normal 0 0 -1
    outer loop
      vertex 37.7653 65.4815 3
      vertex 30.2347 65.4815 3
      vertex 12 80 3
    endloop
  endfacet
  facet normal 0 0 -1
    outer loop
      vertex 12 80 3
      vertex 30.2347 65.4815 3
      vertex 30 65.5 3
    endloop
  endfacet
  facet normal 0 0 -1
    outer loop
      vertex 12 80 3
      vertex 30 65.5 3
      vertex 29.7653 65.4815 3
    endloop
  endfacet
  facet normal 0 0 -1
    outer loop
      vertex 23.5 64 3
      vertex 28.5 64 3
      vertex 23.5 16 3
    endloop
  endfacet
  facet normal 0 0 -1
    outer loop
      vertex 28.5 64 3
      vertex 23.5 64 3
      vertex 28.5185 64.2346 3
    endloop
  endfacet
  facet normal 0 0 -1
    outer loop
      vertex 23.4815 64.2346 3
      vertex 28.5185 64.2346 3
      vertex 23.5 64 3
    endloop
  endfacet
  facet normal 0 0 -1
    outer loop
      vertex 28.5185 64.2346 3
      vertex 23.4815 64.2346 3
      vertex 28.5734 64.4635 3
    endloop
  endfacet
  facet normal 0 0 -1
    outer loop
      vertex 23.4266 64.4635 3
      vertex 28.5734 64.4635 3
      vertex 23.4815 64.2346 3
    endloop
  endfacet
  facet normal 0 0 -1
    outer loop
      vertex 28.5734 64.4635 3
      vertex 23.4266 64.4635 3
      vertex 28.6635 64.681 3
    endloop
  endfacet
  facet normal 0 0 -1
    outer loop
      vertex 23.3365 64.681 3
      vertex 28.6635 64.681 3
      vertex 23.4266 64.4635 3
    endloop
  endfacet
  facet normal 0 0 -1
    outer loop
      vertex 28.6635 64.681 3
      vertex 23.3365 64.681 3
      vertex 28.7865 64.8817 3
    endloop
  endfacet
  facet normal 0 0 -1
    outer loop
      vertex 23.2135 64.8817 3
      vertex 28.7865 64.8817 3
      vertex 23.3365 64.681 3
    endloop
  endfacet
  facet normal 0 0 -1
    outer loop
      vertex 28.7865 64.8817 3
      vertex 23.2135 64.8817 3
      vertex 28.9393 65.0607 3
    endloop
  endfacet
  facet normal 0 0 -1
    outer loop
      vertex 23.0607 65.0607 3
      vertex 28.9393 65.0607 3
      vertex 23.2135 64.8817 3
    endloop
  endfacet
  facet normal 0 0 -1
    outer loop
      vertex 28.9393 65.0607 3
      vertex 23.0607 65.0607 3
      vertex 29.1183 65.2135 3
    endloop
  endfacet
  facet normal 0 0 -1
    outer loop
      vertex 22.8817 65.2135 3
      vertex 29.1183 65.2135 3
      vertex 23.0607 65.0607 3
    endloop
  endfacet
  facet normal 0 0 -1
    outer loop
      vertex 29.1183 65.2135 3
      vertex 22.8817 65.2135 3
      vertex 29.319 65.3365 3
    endloop
  endfacet
  facet normal 0 0 -1
    outer loop
      vertex 22.681 65.3365 3
      vertex 29.319 65.3365 3
      vertex 22.8817 65.2135 3
    endloop
  endfacet
  facet normal 0 0 -1
    outer loop
      vertex 29.319 65.3365 3
      vertex 22.681 65.3365 3
      vertex 29.5365 65.4266 3
    endloop
  endfacet
  facet normal 0 0 -1
    outer loop
      vertex 22.4635 65.4266 3
      vertex 29.5365 65.4266 3
      vertex 22.681 65.3365 3
    endloop
  endfacet
  facet normal 0 0 -1
    outer loop
      vertex 16.455 70.27 3
      vertex 29.5365 65.4266 3
      vertex 22.4635 65.4266 3
    endloop
  endfacet
  facet normal 0 0 -1
    outer loop
      vertex 16.0451 70.9389 3
      vertex 29.5365 65.4266 3
      vertex 16.455 70.27 3
    endloop
  endfacet
  facet normal 0 0 -1
    outer loop
      vertex 16.455 70.27 3
      vertex 22.4635 65.4266 3
      vertex 22.2347 65.4815 3
    endloop
  endfacet
  facet normal 0 0 -1
    outer loop
      vertex 16.7553 69.5451 3
      vertex 22.2347 65.4815 3
      vertex 22 65.5 3
    endloop
  endfacet
  facet normal 0 0 -1
    outer loop
      vertex 16.7553 69.5451 3
      vertex 22 65.5 3
      vertex 21.7653 65.4815 3
    endloop
  endfacet
  facet normal -0 0 -1
    outer loop
      vertex 20.5734 15.5365 3
      vertex 16.455 14.27 3
      vertex 20.5185 15.7653 3
    endloop
  endfacet
  facet normal 0 0 -1
    outer loop
      vertex 17 68 3
      vertex 20.5185 64.2346 3
      vertex 20.5 64 3
    endloop
  endfacet
  facet normal 0 0 -1
    outer loop
      vertex 17 68 3
      vertex 20.5734 64.4635 3
      vertex 20.5185 64.2346 3
    endloop
  endfacet
  facet normal 0 0 -1
    outer loop
      vertex 17 68 3
      vertex 20.6635 64.681 3
      vertex 20.5734 64.4635 3
    endloop
  endfacet
  facet normal 0 0 -1
    outer loop
      vertex 17 68 3
      vertex 20.7865 64.8817 3
      vertex 20.6635 64.681 3
    endloop
  endfacet
  facet normal 0 0 -1
    outer loop
      vertex 17 68 3
      vertex 20.9393 65.0607 3
      vertex 20.7865 64.8817 3
    endloop
  endfacet
  facet normal 0 0 -1
    outer loop
      vertex 17 68 3
      vertex 21.1183 65.2135 3
      vertex 20.9393 65.0607 3
    endloop
  endfacet
  facet normal 0 0 -1
    outer loop
      vertex 17 68 3
      vertex 21.319 65.3365 3
      vertex 21.1183 65.2135 3
    endloop
  endfacet
  facet normal 0 0 -1
    outer loop
      vertex 17 68 3
      vertex 21.5365 65.4266 3
      vertex 21.319 65.3365 3
    endloop
  endfacet
  facet normal 0 0 -1
    outer loop
      vertex 16.9384 68.7822 3
      vertex 21.5365 65.4266 3
      vertex 17 68 3
    endloop
  endfacet
  facet normal 0 0 -1
    outer loop
      vertex 21.5365 65.4266 3
      vertex 16.9384 68.7822 3
      vertex 21.7653 65.4815 3
    endloop
  endfacet
  facet normal 0 0 -1
    outer loop
      vertex 16.7553 69.5451 3
      vertex 21.7653 65.4815 3
      vertex 16.9384 68.7822 3
    endloop
  endfacet
  facet normal 0 0 -1
    outer loop
      vertex 22.2347 65.4815 3
      vertex 16.7553 69.5451 3
      vertex 16.455 70.27 3
    endloop
  endfacet
  facet normal 0 0 -1
    outer loop
      vertex 29.5365 65.4266 3
      vertex 16.0451 70.9389 3
      vertex 29.7653 65.4815 3
    endloop
  endfacet
  facet normal 0 0 -1
    outer loop
      vertex 29.7653 65.4815 3
      vertex 16.0451 70.9389 3
      vertex 12 80 3
    endloop
  endfacet
  facet normal 0 0 -1
    outer loop
      vertex 12 80 3
      vertex 16.0451 70.9389 3
      vertex 15.5355 71.5355 3
    endloop
  endfacet
  facet normal 0 0 -1
    outer loop
      vertex 12 80 3
      vertex 15.5355 71.5355 3
      vertex 14.9389 72.0451 3
    endloop
  endfacet
  facet normal 0 0 -1
    outer loop
      vertex 12 80 3
      vertex 14.9389 72.0451 3
      vertex 14.27 72.455 3
    endloop
  endfacet
  facet normal 0 0 -1
    outer loop
      vertex 12 80 3
      vertex 14.27 72.455 3
      vertex 13.5451 72.7553 3
    endloop
  endfacet
  facet normal 0 0 -1
    outer loop
      vertex 12 80 3
      vertex 13.5451 72.7553 3
      vertex 12.7822 72.9384 3
    endloop
  endfacet
  facet normal 0 0 -1
    outer loop
      vertex 12 80 3
      vertex 12.7822 72.9384 3
      vertex 12 73 3
    endloop
  endfacet
  facet normal 0 0 -1
    outer loop
      vertex 54 65.5 3
      vertex 12 80 3
      vertex 98 80 3
    endloop
  endfacet
  facet normal 0 0 -1
    outer loop
      vertex 11.2178 72.9384 3
      vertex 12 80 3
      vertex 12 73 3
    endloop
  endfacet
  facet normal 0 0 -1
    outer loop
      vertex 10.1228 79.8523 3
      vertex 11.2178 72.9384 3
      vertex 10.4549 72.7553 3
    endloop
  endfacet
  facet normal 0 0 -1
    outer loop
      vertex 11.2178 72.9384 3
      vertex 10.1228 79.8523 3
      vertex 12 80 3
    endloop
  endfacet
  facet normal 0 0 -1
    outer loop
      vertex 8.29179 79.4127 3
      vertex 10.4549 72.7553 3
      vertex 9.73005 72.455 3
    endloop
  endfacet
  facet normal 0 0 -1
    outer loop
      vertex 6.55211 78.6921 3
      vertex 9.73005 72.455 3
      vertex 9.06107 72.0451 3
    endloop
  endfacet
  facet normal 0 0 -1
    outer loop
      vertex 4.94658 77.7082 3
      vertex 9.06107 72.0451 3
      vertex 8.46447 71.5355 3
    endloop
  endfacet
  facet normal 0 0 -1
    outer loop
      vertex 10.4549 72.7553 3
      vertex 8.29179 79.4127 3
      vertex 10.1228 79.8523 3
    endloop
  endfacet
  facet normal 0 0 -1
    outer loop
      vertex 3.51472 76.4853 3
      vertex 8.46447 71.5355 3
      vertex 7.95491 70.9389 3
    endloop
  endfacet
  facet normal 0 0 -1
    outer loop
      vertex 2.29179 75.0534 3
      vertex 7.95491 70.9389 3
      vertex 7.54497 70.27 3
    endloop
  endfacet
  facet normal 0 0 -1
    outer loop
      vertex 1.30792 73.4479 3
      vertex 7.54497 70.27 3
      vertex 7.24472 69.5451 3
    endloop
  endfacet
  facet normal 0 0 -1
    outer loop
      vertex 0.587326 71.7082 3
      vertex 7.24472 69.5451 3
      vertex 7.06156 68.7822 3
    endloop
  endfacet
  facet normal 0 0 -1
    outer loop
      vertex 9.73005 72.455 3
      vertex 6.55211 78.6921 3
      vertex 8.29179 79.4127 3
    endloop
  endfacet
  facet normal 0 0 -1
    outer loop
      vertex 0.147736 69.8772 3
      vertex 7.06156 68.7822 3
      vertex 7 68 3
    endloop
  endfacet
  facet normal 0 0 -1
    outer loop
      vertex 7.24472 66.4549 3
      vertex 0 68 3
      vertex 7.06156 67.2178 3
    endloop
  endfacet
  facet normal -0 0 -1
    outer loop
      vertex 7.54497 9.73005 3
      vertex 1.30792 6.55211 3
      vertex 7.24472 10.4549 3
    endloop
  endfacet
  facet normal 0 0 -1
    outer loop
      vertex 7.06156 67.2178 3
      vertex 0 68 3
      vertex 7 68 3
    endloop
  endfacet
  facet normal 0 0 -1
    outer loop
      vertex 0.587326 8.29179 3
      vertex 7.24472 10.4549 3
      vertex 1.30792 6.55211 3
    endloop
  endfacet
  facet normal 0 -0 -1
    outer loop
      vertex 0.147736 69.8772 3
      vertex 7 68 3
      vertex 0 68 3
    endloop
  endfacet
  facet normal -0 0 -1
    outer loop
      vertex 7.24472 10.4549 3
      vertex 0.587326 8.29179 3
      vertex 7.06156 11.2178 3
    endloop
  endfacet
  facet normal 0 0 -1
    outer loop
      vertex 9.06107 72.0451 3
      vertex 4.94658 77.7082 3
      vertex 6.55211 78.6921 3
    endloop
  endfacet
  facet normal 0 0 -1
    outer loop
      vertex 0.147736 10.1228 3
      vertex 7.06156 11.2178 3
      vertex 0.587326 8.29179 3
    endloop
  endfacet
  facet normal 0 0 -1
    outer loop
      vertex 8.46447 71.5355 3
      vertex 3.51472 76.4853 3
      vertex 4.94658 77.7082 3
    endloop
  endfacet
  facet normal -0 0 -1
    outer loop
      vertex 7.06156 11.2178 3
      vertex 0.147736 10.1228 3
      vertex 7 12 3
    endloop
  endfacet
  facet normal 0 0 -1
    outer loop
      vertex 7.95491 70.9389 3
      vertex 2.29179 75.0534 3
      vertex 3.51472 76.4853 3
    endloop
  endfacet
  facet normal -0 0 -1
    outer loop
      vertex 7 12 3
      vertex 0.147736 10.1228 3
      vertex 0 12 3
    endloop
  endfacet
  facet normal 0 0 -1
    outer loop
      vertex 7.54497 70.27 3
      vertex 1.30792 73.4479 3
      vertex 2.29179 75.0534 3
    endloop
  endfacet
  facet normal 0 0 -1
    outer loop
      vertex 7.24472 69.5451 3
      vertex 0.587326 71.7082 3
      vertex 1.30792 73.4479 3
    endloop
  endfacet
  facet normal 0 0 -1
    outer loop
      vertex 7.06156 68.7822 3
      vertex 0.147736 69.8772 3
      vertex 0.587326 71.7082 3
    endloop
  endfacet
  facet normal 0 0 -1
    outer loop
      vertex 93.545 14.27 3
      vertex 93.5365 14.5734 3
      vertex 93.706 14.5327 3
    endloop
  endfacet
  facet normal 0 0 -1
    outer loop
      vertex 93.545 14.27 3
      vertex 93.319 14.6635 3
      vertex 93.5365 14.5734 3
    endloop
  endfacet
  facet normal 0 0 -1
    outer loop
      vertex 93.2447 13.5451 3
      vertex 93.319 14.6635 3
      vertex 93.545 14.27 3
    endloop
  endfacet
  facet normal 0 0 -1
    outer loop
      vertex 93.2447 13.5451 3
      vertex 93.1183 14.7865 3
      vertex 93.319 14.6635 3
    endloop
  endfacet
  facet normal 0 0 -1
    outer loop
      vertex 92.7865 15.1183 3
      vertex 93.2447 13.5451 3
      vertex 93.0616 12.7822 3
    endloop
  endfacet
  facet normal 0 0 -1
    outer loop
      vertex 87.0607 14.9393 3
      vertex 93.0616 12.7822 3
      vertex 93 12 3
    endloop
  endfacet
  facet normal 0 0 -1
    outer loop
      vertex 93.2447 13.5451 3
      vertex 92.9393 14.9393 3
      vertex 93.1183 14.7865 3
    endloop
  endfacet
  facet normal 0.382621 -0.923905 0
    outer loop
      vertex 101.708 0.587326 3
      vertex 103.448 1.30792 18
      vertex 101.708 0.587326 18
    endloop
  endfacet
  facet normal 0.382621 -0.923905 0
    outer loop
      vertex 103.448 1.30792 18
      vertex 101.708 0.587326 3
      vertex 103.448 1.30792 3
    endloop
  endfacet
  facet normal 0.0784386 0.996919 -0
    outer loop
      vertex 99.8772 79.8523 3
      vertex 98 80 18
      vertex 99.8772 79.8523 18
    endloop
  endfacet
  facet normal 0.0784386 0.996919 0
    outer loop
      vertex 98 80 18
      vertex 99.8772 79.8523 3
      vertex 98 80 3
    endloop
  endfacet
  facet normal 0.233477 0.972362 -0
    outer loop
      vertex 101.708 79.4127 3
      vertex 99.8772 79.8523 18
      vertex 101.708 79.4127 18
    endloop
  endfacet
  facet normal 0.233477 0.972362 0
    outer loop
      vertex 99.8772 79.8523 18
      vertex 101.708 79.4127 3
      vertex 99.8772 79.8523 3
    endloop
  endfacet
  facet normal 0.996906 0.0785969 0
    outer loop
      vertex 110 68 18
      vertex 109.852 69.8772 3
      vertex 109.852 69.8772 18
    endloop
  endfacet
  facet normal 0.996906 0.0785969 0
    outer loop
      vertex 109.852 69.8772 3
      vertex 110 68 18
      vertex 110 68 3
    endloop
  endfacet
  facet normal 0.760386 -0.649471 0
    outer loop
      vertex 106.485 3.51472 18
      vertex 107.708 4.94658 3
      vertex 107.708 4.94658 18
    endloop
  endfacet
  facet normal 0.760386 -0.649471 0
    outer loop
      vertex 107.708 4.94658 3
      vertex 106.485 3.51472 18
      vertex 106.485 3.51472 3
    endloop
  endfacet
  facet normal 0.522624 -0.852563 0
    outer loop
      vertex 103.448 1.30792 3
      vertex 105.053 2.29179 18
      vertex 103.448 1.30792 18
    endloop
  endfacet
  facet normal 0.522624 -0.852563 0
    outer loop
      vertex 105.053 2.29179 18
      vertex 103.448 1.30792 3
      vertex 105.053 2.29179 3
    endloop
  endfacet
  facet normal -1 0 0
    outer loop
      vertex 0 12 3
      vertex 0 68 18
      vertex 0 68 3
    endloop
  endfacet
  facet normal -1 -0 0
    outer loop
      vertex 0 68 18
      vertex 0 12 3
      vertex 0 12 18
    endloop
  endfacet
  facet normal 0.382624 0.923904 -0
    outer loop
      vertex 103.448 78.6921 3
      vertex 101.708 79.4127 18
      vertex 103.448 78.6921 18
    endloop
  endfacet
  facet normal 0.382624 0.923904 0
    outer loop
      vertex 101.708 79.4127 18
      vertex 103.448 78.6921 3
      vertex 101.708 79.4127 3
    endloop
  endfacet
  facet normal 0 0 1
    outer loop
      vertex 108 68 18
      vertex 110 68 18
      vertex 109.852 69.8772 18
    endloop
  endfacet
  facet normal 0 0 1
    outer loop
      vertex 110 68 18
      vertex 108 68 18
      vertex 110 12 18
    endloop
  endfacet
  facet normal 0 0 1
    outer loop
      vertex 107.877 69.5643 18
      vertex 109.852 69.8772 18
      vertex 109.413 71.7082 18
    endloop
  endfacet
  facet normal 0 0 1
    outer loop
      vertex 108 12 18
      vertex 110 12 18
      vertex 108 68 18
    endloop
  endfacet
  facet normal 0 0 1
    outer loop
      vertex 107.511 71.0902 18
      vertex 109.413 71.7082 18
      vertex 108.692 73.4479 18
    endloop
  endfacet
  facet normal 0 0 1
    outer loop
      vertex 110 12 18
      vertex 108 12 18
      vertex 109.852 10.1228 18
    endloop
  endfacet
  facet normal -0 0 1
    outer loop
      vertex 107.877 10.4357 18
      vertex 109.852 10.1228 18
      vertex 108 12 18
    endloop
  endfacet
  facet normal 0 0 1
    outer loop
      vertex 109.852 69.8772 18
      vertex 107.877 69.5643 18
      vertex 108 68 18
    endloop
  endfacet
  facet normal 0 0 1
    outer loop
      vertex 106.91 72.5399 18
      vertex 108.692 73.4479 18
      vertex 107.708 75.0534 18
    endloop
  endfacet
  facet normal 0 0 1
    outer loop
      vertex 109.413 71.7082 18
      vertex 107.511 71.0902 18
      vertex 107.877 69.5643 18
    endloop
  endfacet
  facet normal 0 0 1
    outer loop
      vertex 108.692 73.4479 18
      vertex 106.91 72.5399 18
      vertex 107.511 71.0902 18
    endloop
  endfacet
  facet normal 0 0 1
    outer loop
      vertex 106.09 73.8779 18
      vertex 107.708 75.0534 18
      vertex 106.485 76.4853 18
    endloop
  endfacet
  facet normal 0 0 1
    outer loop
      vertex 107.708 75.0534 18
      vertex 106.09 73.8779 18
      vertex 106.91 72.5399 18
    endloop
  endfacet
  facet normal 0 0 1
    outer loop
      vertex 106.485 76.4853 18
      vertex 105.071 75.0711 18
      vertex 106.09 73.8779 18
    endloop
  endfacet
  facet normal 0 0 1
    outer loop
      vertex 105.053 77.7082 18
      vertex 105.071 75.0711 18
      vertex 106.485 76.4853 18
    endloop
  endfacet
  facet normal 0 0 1
    outer loop
      vertex 105.053 77.7082 18
      vertex 103.878 76.0902 18
      vertex 105.071 75.0711 18
    endloop
  endfacet
  facet normal 0 0 1
    outer loop
      vertex 103.448 78.6921 18
      vertex 103.878 76.0902 18
      vertex 105.053 77.7082 18
    endloop
  endfacet
  facet normal 0 0 1
    outer loop
      vertex 103.448 78.6921 18
      vertex 102.54 76.9101 18
      vertex 103.878 76.0902 18
    endloop
  endfacet
  facet normal 0 0 1
    outer loop
      vertex 101.708 79.4127 18
      vertex 102.54 76.9101 18
      vertex 103.448 78.6921 18
    endloop
  endfacet
  facet normal 0 0 1
    outer loop
      vertex 101.708 79.4127 18
      vertex 101.09 77.5106 18
      vertex 102.54 76.9101 18
    endloop
  endfacet
  facet normal 0 0 1
    outer loop
      vertex 99.8772 79.8523 18
      vertex 101.09 77.5106 18
      vertex 101.708 79.4127 18
    endloop
  endfacet
  facet normal 0 0 1
    outer loop
      vertex 99.8772 79.8523 18
      vertex 99.5643 77.8769 18
      vertex 101.09 77.5106 18
    endloop
  endfacet
  facet normal 0 0 1
    outer loop
      vertex 98 80 18
      vertex 99.5643 77.8769 18
      vertex 99.8772 79.8523 18
    endloop
  endfacet
  facet normal 0 0 1
    outer loop
      vertex 98 80 18
      vertex 98 78 18
      vertex 99.5643 77.8769 18
    endloop
  endfacet
  facet normal -0 0 1
    outer loop
      vertex 12 80 18
      vertex 98 78 18
      vertex 98 80 18
    endloop
  endfacet
  facet normal 0 0 1
    outer loop
      vertex 12 80 18
      vertex 12 78 18
      vertex 98 78 18
    endloop
  endfacet
  facet normal 0 0 1
    outer loop
      vertex 12 80 18
      vertex 10.4357 77.8769 18
      vertex 12 78 18
    endloop
  endfacet
  facet normal -0 0 1
    outer loop
      vertex 10.1228 79.8523 18
      vertex 10.4357 77.8769 18
      vertex 12 80 18
    endloop
  endfacet
  facet normal 0 0 1
    outer loop
      vertex 10.1228 79.8523 18
      vertex 8.90984 77.5106 18
      vertex 10.4357 77.8769 18
    endloop
  endfacet
  facet normal -0 0 1
    outer loop
      vertex 8.29179 79.4127 18
      vertex 8.90984 77.5106 18
      vertex 10.1228 79.8523 18
    endloop
  endfacet
  facet normal 0 0 1
    outer loop
      vertex 8.29179 79.4127 18
      vertex 7.4601 76.9101 18
      vertex 8.90984 77.5106 18
    endloop
  endfacet
  facet normal -0 0 1
    outer loop
      vertex 6.55211 78.6921 18
      vertex 7.4601 76.9101 18
      vertex 8.29179 79.4127 18
    endloop
  endfacet
  facet normal 0 0 1
    outer loop
      vertex 6.55211 78.6921 18
      vertex 6.12215 76.0902 18
      vertex 7.4601 76.9101 18
    endloop
  endfacet
  facet normal -0 0 1
    outer loop
      vertex 4.94658 77.7082 18
      vertex 6.12215 76.0902 18
      vertex 6.55211 78.6921 18
    endloop
  endfacet
  facet normal 0 0 1
    outer loop
      vertex 4.94658 77.7082 18
      vertex 4.92892 75.0711 18
      vertex 6.12215 76.0902 18
    endloop
  endfacet
  facet normal -0 0 1
    outer loop
      vertex 3.51472 76.4853 18
      vertex 4.92892 75.0711 18
      vertex 4.94658 77.7082 18
    endloop
  endfacet
  facet normal 0 0 1
    outer loop
      vertex 4.92892 75.0711 18
      vertex 3.51472 76.4853 18
      vertex 3.90984 73.8779 18
    endloop
  endfacet
  facet normal -0 0 1
    outer loop
      vertex 2.29179 75.0534 18
      vertex 3.90984 73.8779 18
      vertex 3.51472 76.4853 18
    endloop
  endfacet
  facet normal 0 0 1
    outer loop
      vertex 3.90984 73.8779 18
      vertex 2.29179 75.0534 18
      vertex 3.08994 72.5399 18
    endloop
  endfacet
  facet normal -0 0 1
    outer loop
      vertex 1.30792 73.4479 18
      vertex 3.08994 72.5399 18
      vertex 2.29179 75.0534 18
    endloop
  endfacet
  facet normal 0 0 1
    outer loop
      vertex 3.08994 72.5399 18
      vertex 1.30792 73.4479 18
      vertex 2.48944 71.0902 18
    endloop
  endfacet
  facet normal -0 0 1
    outer loop
      vertex 0.587326 71.7082 18
      vertex 2.48944 71.0902 18
      vertex 1.30792 73.4479 18
    endloop
  endfacet
  facet normal -0 0 1
    outer loop
      vertex 0.147736 69.8772 18
      vertex 2.12312 69.5643 18
      vertex 0.587326 71.7082 18
    endloop
  endfacet
  facet normal 0 0 1
    outer loop
      vertex 2.48944 71.0902 18
      vertex 0.587326 71.7082 18
      vertex 2.12312 69.5643 18
    endloop
  endfacet
  facet normal 0 0 1
    outer loop
      vertex 109.852 10.1228 18
      vertex 107.877 10.4357 18
      vertex 109.413 8.29179 18
    endloop
  endfacet
  facet normal -0 0 1
    outer loop
      vertex 107.511 8.90984 18
      vertex 109.413 8.29179 18
      vertex 107.877 10.4357 18
    endloop
  endfacet
  facet normal 0 0 1
    outer loop
      vertex 109.413 8.29179 18
      vertex 107.511 8.90984 18
      vertex 108.692 6.55211 18
    endloop
  endfacet
  facet normal -0 0 1
    outer loop
      vertex 106.91 7.4601 18
      vertex 108.692 6.55211 18
      vertex 107.511 8.90984 18
    endloop
  endfacet
  facet normal 0 0 1
    outer loop
      vertex 108.692 6.55211 18
      vertex 106.91 7.4601 18
      vertex 107.708 4.94658 18
    endloop
  endfacet
  facet normal -0 0 1
    outer loop
      vertex 106.09 6.12215 18
      vertex 107.708 4.94658 18
      vertex 106.91 7.4601 18
    endloop
  endfacet
  facet normal 0 0 1
    outer loop
      vertex 107.708 4.94658 18
      vertex 106.09 6.12215 18
      vertex 106.485 3.51472 18
    endloop
  endfacet
  facet normal -0 0 1
    outer loop
      vertex 105.071 4.92892 18
      vertex 106.485 3.51472 18
      vertex 106.09 6.12215 18
    endloop
  endfacet
  facet normal 0 0 1
    outer loop
      vertex 105.071 4.92892 18
      vertex 105.053 2.29179 18
      vertex 106.485 3.51472 18
    endloop
  endfacet
  facet normal -0 0 1
    outer loop
      vertex 103.878 3.90984 18
      vertex 105.053 2.29179 18
      vertex 105.071 4.92892 18
    endloop
  endfacet
  facet normal 0 0 1
    outer loop
      vertex 103.878 3.90984 18
      vertex 103.448 1.30792 18
      vertex 105.053 2.29179 18
    endloop
  endfacet
  facet normal -0 0 1
    outer loop
      vertex 102.54 3.08994 18
      vertex 103.448 1.30792 18
      vertex 103.878 3.90984 18
    endloop
  endfacet
  facet normal 0 0 1
    outer loop
      vertex 102.54 3.08994 18
      vertex 101.708 0.587326 18
      vertex 103.448 1.30792 18
    endloop
  endfacet
  facet normal -0 0 1
    outer loop
      vertex 101.09 2.48944 18
      vertex 101.708 0.587326 18
      vertex 102.54 3.08994 18
    endloop
  endfacet
  facet normal 0 0 1
    outer loop
      vertex 101.09 2.48944 18
      vertex 99.8772 0.147736 18
      vertex 101.708 0.587326 18
    endloop
  endfacet
  facet normal -0 0 1
    outer loop
      vertex 99.5643 2.12312 18
      vertex 99.8772 0.147736 18
      vertex 101.09 2.48944 18
    endloop
  endfacet
  facet normal -0 0 1
    outer loop
      vertex 98 2 18
      vertex 99.8772 0.147736 18
      vertex 99.5643 2.12312 18
    endloop
  endfacet
  facet normal 0 0 1
    outer loop
      vertex 98 2 18
      vertex 98 0 18
      vertex 99.8772 0.147736 18
    endloop
  endfacet
  facet normal -0 0 1
    outer loop
      vertex 12 2 18
      vertex 98 0 18
      vertex 98 2 18
    endloop
  endfacet
  facet normal 0 0 1
    outer loop
      vertex 12 2 18
      vertex 12 0 18
      vertex 98 0 18
    endloop
  endfacet
  facet normal 0 0 1
    outer loop
      vertex 10.4357 2.12312 18
      vertex 12 0 18
      vertex 12 2 18
    endloop
  endfacet
  facet normal 0 0 1
    outer loop
      vertex 10.4357 2.12312 18
      vertex 10.1228 0.147736 18
      vertex 12 0 18
    endloop
  endfacet
  facet normal 0 0 1
    outer loop
      vertex 8.90984 2.48944 18
      vertex 10.1228 0.147736 18
      vertex 10.4357 2.12312 18
    endloop
  endfacet
  facet normal 0 0 1
    outer loop
      vertex 8.90984 2.48944 18
      vertex 8.29179 0.587326 18
      vertex 10.1228 0.147736 18
    endloop
  endfacet
  facet normal 0 0 1
    outer loop
      vertex 7.4601 3.08994 18
      vertex 8.29179 0.587326 18
      vertex 8.90984 2.48944 18
    endloop
  endfacet
  facet normal 0 0 1
    outer loop
      vertex 7.4601 3.08994 18
      vertex 6.55211 1.30792 18
      vertex 8.29179 0.587326 18
    endloop
  endfacet
  facet normal 0 0 1
    outer loop
      vertex 6.12215 3.90984 18
      vertex 6.55211 1.30792 18
      vertex 7.4601 3.08994 18
    endloop
  endfacet
  facet normal 0 0 1
    outer loop
      vertex 6.12215 3.90984 18
      vertex 4.94658 2.29179 18
      vertex 6.55211 1.30792 18
    endloop
  endfacet
  facet normal 0 0 1
    outer loop
      vertex 4.92892 4.92892 18
      vertex 4.94658 2.29179 18
      vertex 6.12215 3.90984 18
    endloop
  endfacet
  facet normal 0 0 1
    outer loop
      vertex 3.51472 3.51472 18
      vertex 4.92892 4.92892 18
      vertex 3.90984 6.12215 18
    endloop
  endfacet
  facet normal 0 0 1
    outer loop
      vertex 4.92892 4.92892 18
      vertex 3.51472 3.51472 18
      vertex 4.94658 2.29179 18
    endloop
  endfacet
  facet normal 0 0 1
    outer loop
      vertex 2.29179 4.94658 18
      vertex 3.90984 6.12215 18
      vertex 3.08994 7.4601 18
    endloop
  endfacet
  facet normal 0 0 1
    outer loop
      vertex 1.30792 6.55211 18
      vertex 3.08994 7.4601 18
      vertex 2.48944 8.90984 18
    endloop
  endfacet
  facet normal 0 0 1
    outer loop
      vertex 3.90984 6.12215 18
      vertex 2.29179 4.94658 18
      vertex 3.51472 3.51472 18
    endloop
  endfacet
  facet normal 0 0 1
    outer loop
      vertex 0.587326 8.29179 18
      vertex 2.48944 8.90984 18
      vertex 2.12312 10.4357 18
    endloop
  endfacet
  facet normal 0 0 1
    outer loop
      vertex 0.147736 10.1228 18
      vertex 2.12312 10.4357 18
      vertex 2 12 18
    endloop
  endfacet
  facet normal 0 0 1
    outer loop
      vertex 3.08994 7.4601 18
      vertex 1.30792 6.55211 18
      vertex 2.29179 4.94658 18
    endloop
  endfacet
  facet normal 0 0 1
    outer loop
      vertex 2 68 18
      vertex 0 68 18
      vertex 2 12 18
    endloop
  endfacet
  facet normal 0 0 1
    outer loop
      vertex 2.12312 69.5643 18
      vertex 0.147736 69.8772 18
      vertex 2 68 18
    endloop
  endfacet
  facet normal 0 0 1
    outer loop
      vertex 0 12 18
      vertex 2 12 18
      vertex 0 68 18
    endloop
  endfacet
  facet normal 0 0 1
    outer loop
      vertex 2 68 18
      vertex 0.147736 69.8772 18
      vertex 0 68 18
    endloop
  endfacet
  facet normal 0 -0 1
    outer loop
      vertex 0.147736 10.1228 18
      vertex 2 12 18
      vertex 0 12 18
    endloop
  endfacet
  facet normal 0 0 1
    outer loop
      vertex 2.48944 8.90984 18
      vertex 0.587326 8.29179 18
      vertex 1.30792 6.55211 18
    endloop
  endfacet
  facet normal 0 0 1
    outer loop
      vertex 2.12312 10.4357 18
      vertex 0.147736 10.1228 18
      vertex 0.587326 8.29179 18
    endloop
  endfacet
  facet normal 0.97244 0.233152 0
    outer loop
      vertex 109.852 69.8772 18
      vertex 109.413 71.7082 3
      vertex 109.413 71.7082 18
    endloop
  endfacet
  facet normal 0.97244 0.233152 0
    outer loop
      vertex 109.413 71.7082 3
      vertex 109.852 69.8772 18
      vertex 109.852 69.8772 3
    endloop
  endfacet
  facet normal 0.923804 -0.382865 0
    outer loop
      vertex 108.692 6.55211 18
      vertex 109.413 8.29179 3
      vertex 109.413 8.29179 18
    endloop
  endfacet
  facet normal 0.923804 -0.382865 0
    outer loop
      vertex 109.413 8.29179 3
      vertex 108.692 6.55211 18
      vertex 108.692 6.55211 3
    endloop
  endfacet
  facet normal 0.760395 0.649461 0
    outer loop
      vertex 107.708 75.0534 18
      vertex 106.485 76.4853 3
      vertex 106.485 76.4853 18
    endloop
  endfacet
  facet normal 0.760395 0.649461 0
    outer loop
      vertex 106.485 76.4853 3
      vertex 107.708 75.0534 18
      vertex 107.708 75.0534 3
    endloop
  endfacet
  facet normal 0.852609 -0.522549 0
    outer loop
      vertex 107.708 4.94658 18
      vertex 108.692 6.55211 3
      vertex 108.692 6.55211 18
    endloop
  endfacet
  facet normal 0.852609 -0.522549 0
    outer loop
      vertex 108.692 6.55211 3
      vertex 107.708 4.94658 18
      vertex 107.708 4.94658 3
    endloop
  endfacet
  facet normal 1 0 0
    outer loop
      vertex 12.5 64 5
      vertex 12.5 63.0394 3
      vertex 12.5 64 0
    endloop
  endfacet
  facet normal 1 0 0
    outer loop
      vertex 12.5 64 5
      vertex 12.5 16.9606 3
      vertex 12.5 63.0394 3
    endloop
  endfacet
  facet normal 1 -0 0
    outer loop
      vertex 12.5 16 5
      vertex 12.5 16.9606 3
      vertex 12.5 64 5
    endloop
  endfacet
  facet normal 1 0 0
    outer loop
      vertex 12.5 16 0
      vertex 12.5 16.9606 3
      vertex 12.5 16 5
    endloop
  endfacet
  facet normal 1 0 0
    outer loop
      vertex 12.5 16.9606 3
      vertex 12.5 16 0
      vertex 12.5 16.9606 0
    endloop
  endfacet
  facet normal 1 0 0
    outer loop
      vertex 12.5 64 0
      vertex 12.5 63.0394 3
      vertex 12.5 63.0394 0
    endloop
  endfacet
  facet normal 0.972422 -0.233228 0
    outer loop
      vertex 12.5185 64.2346 5
      vertex 12.5734 64.4635 0
      vertex 12.5734 64.4635 5
    endloop
  endfacet
  facet normal 0.972422 -0.233228 0
    outer loop
      vertex 12.5734 64.4635 0
      vertex 12.5185 64.2346 5
      vertex 12.5185 64.2346 0
    endloop
  endfacet
  facet normal -1 0 0
    outer loop
      vertex 15.5 16 3
      vertex 15.5 64 5
      vertex 15.5 64 3
    endloop
  endfacet
  facet normal -1 -0 0
    outer loop
      vertex 15.5 64 5
      vertex 15.5 16 3
      vertex 15.5 16 5
    endloop
  endfacet
  facet normal 0.760575 0.64925 0
    outer loop
      vertex 12.9393 14.9393 5
      vertex 12.7865 15.1183 0
      vertex 12.7865 15.1183 5
    endloop
  endfacet
  facet normal 0.760575 0.64925 0
    outer loop
      vertex 12.7865 15.1183 0
      vertex 12.9393 14.9393 5
      vertex 12.9393 14.9393 0
    endloop
  endfacet
  facet normal 0.996908 0.0785803 0
    outer loop
      vertex 12.5185 15.7653 5
      vertex 12.5 16 0
      vertex 12.5 16 5
    endloop
  endfacet
  facet normal 0.996908 0.0785803 0
    outer loop
      vertex 12.5 16 0
      vertex 12.5185 15.7653 5
      vertex 12.5185 15.7653 0
    endloop
  endfacet
  facet normal 0.85262 -0.522532 0
    outer loop
      vertex 12.6635 64.681 5
      vertex 12.7865 64.8817 0
      vertex 12.7865 64.8817 5
    endloop
  endfacet
  facet normal 0.85262 -0.522532 0
    outer loop
      vertex 12.7865 64.8817 0
      vertex 12.6635 64.681 5
      vertex 12.6635 64.681 0
    endloop
  endfacet
  facet normal 0.0785803 0.996908 -0
    outer loop
      vertex 14 14.5 0
      vertex 13.7653 14.5185 5
      vertex 14 14.5 5
    endloop
  endfacet
  facet normal 0.0785803 0.996908 0
    outer loop
      vertex 13.7653 14.5185 5
      vertex 14 14.5 0
      vertex 13.7653 14.5185 0
    endloop
  endfacet
  facet normal -0.522532 0.85262 0
    outer loop
      vertex 14.8817 14.7865 0
      vertex 14.681 14.6635 5
      vertex 14.8817 14.7865 5
    endloop
  endfacet
  facet normal -0.522532 0.85262 0
    outer loop
      vertex 14.681 14.6635 5
      vertex 14.8817 14.7865 0
      vertex 14.681 14.6635 0
    endloop
  endfacet
  facet normal -0.382714 -0.923867 0
    outer loop
      vertex 14.4635 65.4266 0
      vertex 14.681 65.3365 5
      vertex 14.4635 65.4266 5
    endloop
  endfacet
  facet normal -0.382714 -0.923867 -0
    outer loop
      vertex 14.681 65.3365 5
      vertex 14.4635 65.4266 0
      vertex 14.681 65.3365 0
    endloop
  endfacet
  facet normal 0.64925 -0.760575 0
    outer loop
      vertex 12.9393 65.0607 0
      vertex 13.1183 65.2135 5
      vertex 12.9393 65.0607 5
    endloop
  endfacet
  facet normal 0.64925 -0.760575 0
    outer loop
      vertex 13.1183 65.2135 5
      vertex 12.9393 65.0607 0
      vertex 13.1183 65.2135 0
    endloop
  endfacet
  facet normal 0.64925 0.760575 -0
    outer loop
      vertex 13.1183 14.7865 0
      vertex 12.9393 14.9393 5
      vertex 13.1183 14.7865 5
    endloop
  endfacet
  facet normal 0.64925 0.760575 0
    outer loop
      vertex 12.9393 14.9393 5
      vertex 13.1183 14.7865 0
      vertex 12.9393 14.9393 0
    endloop
  endfacet
  facet normal -0.85262 0.522532 0
    outer loop
      vertex 15.2135 15.1183 0
      vertex 15.3365 15.319 5
      vertex 15.3365 15.319 0
    endloop
  endfacet
  facet normal -0.85262 0.522532 0
    outer loop
      vertex 15.3365 15.319 5
      vertex 15.2135 15.1183 0
      vertex 15.2135 15.1183 5
    endloop
  endfacet
  facet normal 0.760575 -0.64925 0
    outer loop
      vertex 12.7865 64.8817 5
      vertex 12.9393 65.0607 0
      vertex 12.9393 65.0607 5
    endloop
  endfacet
  facet normal 0.760575 -0.64925 0
    outer loop
      vertex 12.9393 65.0607 0
      vertex 12.7865 64.8817 5
      vertex 12.7865 64.8817 0
    endloop
  endfacet
  facet normal -0.0785803 -0.996908 0
    outer loop
      vertex 14 65.5 0
      vertex 14.2347 65.4815 5
      vertex 14 65.5 5
    endloop
  endfacet
  facet normal -0.0785803 -0.996908 -0
    outer loop
      vertex 14.2347 65.4815 5
      vertex 14 65.5 0
      vertex 14.2347 65.4815 0
    endloop
  endfacet
  facet normal -0.382714 0.923867 0
    outer loop
      vertex 14.681 14.6635 0
      vertex 14.4635 14.5734 5
      vertex 14.681 14.6635 5
    endloop
  endfacet
  facet normal -0.382714 0.923867 0
    outer loop
      vertex 14.4635 14.5734 5
      vertex 14.681 14.6635 0
      vertex 14.4635 14.5734 0
    endloop
  endfacet
  facet normal 0.85262 0.522532 0
    outer loop
      vertex 12.7865 15.1183 5
      vertex 12.6635 15.319 0
      vertex 12.6635 15.319 5
    endloop
  endfacet
  facet normal 0.85262 0.522532 0
    outer loop
      vertex 12.6635 15.319 0
      vertex 12.7865 15.1183 5
      vertex 12.7865 15.1183 0
    endloop
  endfacet
  facet normal 0.923867 0.382714 0
    outer loop
      vertex 12.6635 15.319 5
      vertex 12.5734 15.5365 0
      vertex 12.5734 15.5365 5
    endloop
  endfacet
  facet normal 0.923867 0.382714 0
    outer loop
      vertex 12.5734 15.5365 0
      vertex 12.6635 15.319 5
      vertex 12.6635 15.319 0
    endloop
  endfacet
  facet normal 0.972399 0.233325 0
    outer loop
      vertex 12.5734 15.5365 5
      vertex 12.5185 15.7653 0
      vertex 12.5185 15.7653 5
    endloop
  endfacet
  facet normal 0.972399 0.233325 0
    outer loop
      vertex 12.5185 15.7653 0
      vertex 12.5734 15.5365 5
      vertex 12.5734 15.5365 0
    endloop
  endfacet
  facet normal -0.996908 0.0785803 0
    outer loop
      vertex 15.4815 15.7653 3
      vertex 15.5 16 5
      vertex 15.5 16 3
    endloop
  endfacet
  facet normal -0.996908 0.0785803 0
    outer loop
      vertex 15.5 16 5
      vertex 15.4815 15.7653 3
      vertex 15.4815 15.7653 5
    endloop
  endfacet
  facet normal 0.522532 0.85262 -0
    outer loop
      vertex 13.319 14.6635 0
      vertex 13.1183 14.7865 5
      vertex 13.319 14.6635 5
    endloop
  endfacet
  facet normal 0.522532 0.85262 0
    outer loop
      vertex 13.1183 14.7865 5
      vertex 13.319 14.6635 0
      vertex 13.1183 14.7865 0
    endloop
  endfacet
  facet normal 0.382714 0.923867 -0
    outer loop
      vertex 13.5365 14.5734 0
      vertex 13.319 14.6635 5
      vertex 13.5365 14.5734 5
    endloop
  endfacet
  facet normal 0.382714 0.923867 0
    outer loop
      vertex 13.319 14.6635 5
      vertex 13.5365 14.5734 0
      vertex 13.319 14.6635 0
    endloop
  endfacet
  facet normal -0.522532 -0.85262 0
    outer loop
      vertex 14.681 65.3365 0
      vertex 14.8817 65.2135 5
      vertex 14.681 65.3365 5
    endloop
  endfacet
  facet normal -0.522532 -0.85262 -0
    outer loop
      vertex 14.8817 65.2135 5
      vertex 14.681 65.3365 0
      vertex 14.8817 65.2135 0
    endloop
  endfacet
  facet normal 0.233325 0.972399 -0
    outer loop
      vertex 13.7653 14.5185 0
      vertex 13.5365 14.5734 5
      vertex 13.7653 14.5185 5
    endloop
  endfacet
  facet normal 0.233325 0.972399 0
    outer loop
      vertex 13.5365 14.5734 5
      vertex 13.7653 14.5185 0
      vertex 13.5365 14.5734 0
    endloop
  endfacet
  facet normal 0.233325 -0.972399 0
    outer loop
      vertex 13.5365 65.4266 0
      vertex 13.7653 65.4815 5
      vertex 13.5365 65.4266 5
    endloop
  endfacet
  facet normal 0.233325 -0.972399 0
    outer loop
      vertex 13.7653 65.4815 5
      vertex 13.5365 65.4266 0
      vertex 13.7653 65.4815 0
    endloop
  endfacet
  facet normal -0.0785803 0.996908 0
    outer loop
      vertex 14.2347 14.5185 0
      vertex 14 14.5 5
      vertex 14.2347 14.5185 5
    endloop
  endfacet
  facet normal -0.0785803 0.996908 0
    outer loop
      vertex 14 14.5 5
      vertex 14.2347 14.5185 0
      vertex 14 14.5 0
    endloop
  endfacet
  facet normal -0.64925 0.760575 0
    outer loop
      vertex 15.0607 14.9393 0
      vertex 14.8817 14.7865 5
      vertex 15.0607 14.9393 5
    endloop
  endfacet
  facet normal -0.64925 0.760575 0
    outer loop
      vertex 14.8817 14.7865 5
      vertex 15.0607 14.9393 0
      vertex 14.8817 14.7865 0
    endloop
  endfacet
  facet normal -0.233325 0.972399 0
    outer loop
      vertex 14.4635 14.5734 0
      vertex 14.2347 14.5185 5
      vertex 14.4635 14.5734 5
    endloop
  endfacet
  facet normal -0.233325 0.972399 0
    outer loop
      vertex 14.2347 14.5185 5
      vertex 14.4635 14.5734 0
      vertex 14.2347 14.5185 0
    endloop
  endfacet
  facet normal 0.923867 -0.382714 0
    outer loop
      vertex 12.5734 64.4635 5
      vertex 12.6635 64.681 0
      vertex 12.6635 64.681 5
    endloop
  endfacet
  facet normal 0.923867 -0.382714 0
    outer loop
      vertex 12.6635 64.681 0
      vertex 12.5734 64.4635 5
      vertex 12.5734 64.4635 0
    endloop
  endfacet
  facet normal 0.996905 -0.0786136 0
    outer loop
      vertex 12.5 64 5
      vertex 12.5185 64.2346 0
      vertex 12.5185 64.2346 5
    endloop
  endfacet
  facet normal 0.996905 -0.0786136 0
    outer loop
      vertex 12.5185 64.2346 0
      vertex 12.5 64 5
      vertex 12.5 64 0
    endloop
  endfacet
  facet normal 0.522532 -0.85262 0
    outer loop
      vertex 13.1183 65.2135 0
      vertex 13.319 65.3365 5
      vertex 13.1183 65.2135 5
    endloop
  endfacet
  facet normal 0.522532 -0.85262 0
    outer loop
      vertex 13.319 65.3365 5
      vertex 13.1183 65.2135 0
      vertex 13.319 65.3365 0
    endloop
  endfacet
  facet normal -0.760575 0.64925 0
    outer loop
      vertex 15.0607 14.9393 0
      vertex 15.2135 15.1183 5
      vertex 15.2135 15.1183 0
    endloop
  endfacet
  facet normal -0.760575 0.64925 0
    outer loop
      vertex 15.2135 15.1183 5
      vertex 15.0607 14.9393 0
      vertex 15.0607 14.9393 5
    endloop
  endfacet
  facet normal -0.996905 -0.0786136 0
    outer loop
      vertex 15.5 64 3
      vertex 15.4815 64.2346 5
      vertex 15.4815 64.2346 3
    endloop
  endfacet
  facet normal -0.996905 -0.0786136 0
    outer loop
      vertex 15.4815 64.2346 5
      vertex 15.5 64 3
      vertex 15.5 64 5
    endloop
  endfacet
  facet normal -0.972491 -0.23294 -0
    outer loop
      vertex 15.4449 64.3871 3
      vertex 15.4266 64.4635 0
      vertex 15.4449 64.3871 0
    endloop
  endfacet
  facet normal -0.972491 -0.23294 0
    outer loop
      vertex 15.4266 64.4635 0
      vertex 15.4449 64.3871 3
      vertex 15.4266 64.4635 5
    endloop
  endfacet
  facet normal -0.972387 -0.233373 -0
    outer loop
      vertex 15.4815 64.2346 5
      vertex 15.4449 64.3871 3
      vertex 15.4815 64.2346 3
    endloop
  endfacet
  facet normal -0.972422 -0.233228 1.16614e-05
    outer loop
      vertex 15.4449 64.3871 3
      vertex 15.4815 64.2346 5
      vertex 15.4266 64.4635 5
    endloop
  endfacet
  facet normal 0.0785803 -0.996908 0
    outer loop
      vertex 13.7653 65.4815 0
      vertex 14 65.5 5
      vertex 13.7653 65.4815 5
    endloop
  endfacet
  facet normal 0.0785803 -0.996908 0
    outer loop
      vertex 14 65.5 5
      vertex 13.7653 65.4815 0
      vertex 14 65.5 0
    endloop
  endfacet
  facet normal -0.760575 -0.64925 0
    outer loop
      vertex 15.2135 64.8817 0
      vertex 15.0607 65.0607 5
      vertex 15.0607 65.0607 0
    endloop
  endfacet
  facet normal -0.760575 -0.64925 0
    outer loop
      vertex 15.0607 65.0607 5
      vertex 15.2135 64.8817 0
      vertex 15.2135 64.8817 5
    endloop
  endfacet
  facet normal -0.923867 0.382714 0
    outer loop
      vertex 15.3365 15.319 0
      vertex 15.4266 15.5365 5
      vertex 15.4266 15.5365 0
    endloop
  endfacet
  facet normal -0.923867 0.382714 0
    outer loop
      vertex 15.4266 15.5365 5
      vertex 15.3365 15.319 0
      vertex 15.3365 15.319 5
    endloop
  endfacet
  facet normal -0.972491 0.23294 0
    outer loop
      vertex 15.4449 15.6129 0
      vertex 15.4266 15.5365 0
      vertex 15.4449 15.6129 3
    endloop
  endfacet
  facet normal -0.972353 0.233518 0
    outer loop
      vertex 15.4449 15.6129 3
      vertex 15.4815 15.7653 5
      vertex 15.4815 15.7653 3
    endloop
  endfacet
  facet normal -0.972399 0.233325 1.5555e-05
    outer loop
      vertex 15.4449 15.6129 3
      vertex 15.4266 15.5365 5
      vertex 15.4815 15.7653 5
    endloop
  endfacet
  facet normal -0.972491 0.23294 0
    outer loop
      vertex 15.4266 15.5365 5
      vertex 15.4449 15.6129 3
      vertex 15.4266 15.5365 0
    endloop
  endfacet
  facet normal -0.64925 -0.760575 0
    outer loop
      vertex 14.8817 65.2135 0
      vertex 15.0607 65.0607 5
      vertex 14.8817 65.2135 5
    endloop
  endfacet
  facet normal -0.64925 -0.760575 -0
    outer loop
      vertex 15.0607 65.0607 5
      vertex 14.8817 65.2135 0
      vertex 15.0607 65.0607 0
    endloop
  endfacet
  facet normal -0.233325 -0.972399 0
    outer loop
      vertex 14.2347 65.4815 0
      vertex 14.4635 65.4266 5
      vertex 14.2347 65.4815 5
    endloop
  endfacet
  facet normal -0.233325 -0.972399 -0
    outer loop
      vertex 14.4635 65.4266 5
      vertex 14.2347 65.4815 0
      vertex 14.4635 65.4266 0
    endloop
  endfacet
  facet normal -0.923867 -0.382714 0
    outer loop
      vertex 15.4266 64.4635 0
      vertex 15.3365 64.681 5
      vertex 15.3365 64.681 0
    endloop
  endfacet
  facet normal -0.923867 -0.382714 0
    outer loop
      vertex 15.3365 64.681 5
      vertex 15.4266 64.4635 0
      vertex 15.4266 64.4635 5
    endloop
  endfacet
  facet normal -0.85262 -0.522532 0
    outer loop
      vertex 15.3365 64.681 0
      vertex 15.2135 64.8817 5
      vertex 15.2135 64.8817 0
    endloop
  endfacet
  facet normal -0.85262 -0.522532 0
    outer loop
      vertex 15.2135 64.8817 5
      vertex 15.3365 64.681 0
      vertex 15.3365 64.681 5
    endloop
  endfacet
  facet normal 0.382714 -0.923867 0
    outer loop
      vertex 13.319 65.3365 0
      vertex 13.5365 65.4266 5
      vertex 13.319 65.3365 5
    endloop
  endfacet
  facet normal 0.382714 -0.923867 0
    outer loop
      vertex 13.5365 65.4266 5
      vertex 13.319 65.3365 0
      vertex 13.5365 65.4266 0
    endloop
  endfacet
  facet normal -0.760575 -0.64925 0
    outer loop
      vertex 23.2135 64.8817 3
      vertex 23.0607 65.0607 5
      vertex 23.0607 65.0607 3
    endloop
  endfacet
  facet normal -0.760575 -0.64925 0
    outer loop
      vertex 23.0607 65.0607 5
      vertex 23.2135 64.8817 3
      vertex 23.2135 64.8817 5
    endloop
  endfacet
  facet normal -1 0 0
    outer loop
      vertex 23.5 16 3
      vertex 23.5 64 5
      vertex 23.5 64 3
    endloop
  endfacet
  facet normal -1 -0 0
    outer loop
      vertex 23.5 64 5
      vertex 23.5 16 3
      vertex 23.5 16 5
    endloop
  endfacet
  facet normal 0.923867 -0.382714 0
    outer loop
      vertex 20.5734 64.4635 5
      vertex 20.6635 64.681 3
      vertex 20.6635 64.681 5
    endloop
  endfacet
  facet normal 0.923867 -0.382714 0
    outer loop
      vertex 20.6635 64.681 3
      vertex 20.5734 64.4635 5
      vertex 20.5734 64.4635 3
    endloop
  endfacet
  facet normal 1 -0 0
    outer loop
      vertex 20.5 16 5
      vertex 20.5 64 3
      vertex 20.5 64 5
    endloop
  endfacet
  facet normal 1 0 0
    outer loop
      vertex 20.5 64 3
      vertex 20.5 16 5
      vertex 20.5 16 3
    endloop
  endfacet
  facet normal -0.64925 0.760575 0
    outer loop
      vertex 23.0607 14.9393 3
      vertex 22.8817 14.7865 5
      vertex 23.0607 14.9393 5
    endloop
  endfacet
  facet normal -0.64925 0.760575 0
    outer loop
      vertex 22.8817 14.7865 5
      vertex 23.0607 14.9393 3
      vertex 22.8817 14.7865 3
    endloop
  endfacet
  facet normal -0.522532 -0.85262 0
    outer loop
      vertex 22.681 65.3365 3
      vertex 22.8817 65.2135 5
      vertex 22.681 65.3365 5
    endloop
  endfacet
  facet normal -0.522532 -0.85262 -0
    outer loop
      vertex 22.8817 65.2135 5
      vertex 22.681 65.3365 3
      vertex 22.8817 65.2135 3
    endloop
  endfacet
  facet normal 0.0785803 0.996908 -0
    outer loop
      vertex 22 14.5 3
      vertex 21.7653 14.5185 5
      vertex 22 14.5 5
    endloop
  endfacet
  facet normal 0.0785803 0.996908 0
    outer loop
      vertex 21.7653 14.5185 5
      vertex 22 14.5 3
      vertex 21.7653 14.5185 3
    endloop
  endfacet
  facet normal -0.0785803 0.996908 0
    outer loop
      vertex 22.2347 14.5185 3
      vertex 22 14.5 5
      vertex 22.2347 14.5185 5
    endloop
  endfacet
  facet normal -0.0785803 0.996908 0
    outer loop
      vertex 22 14.5 5
      vertex 22.2347 14.5185 3
      vertex 22 14.5 3
    endloop
  endfacet
  facet normal -0.233325 0.972399 0
    outer loop
      vertex 22.4635 14.5734 3
      vertex 22.2347 14.5185 5
      vertex 22.4635 14.5734 5
    endloop
  endfacet
  facet normal -0.233325 0.972399 0
    outer loop
      vertex 22.2347 14.5185 5
      vertex 22.4635 14.5734 3
      vertex 22.2347 14.5185 3
    endloop
  endfacet
  facet normal -0.64925 -0.760575 0
    outer loop
      vertex 22.8817 65.2135 3
      vertex 23.0607 65.0607 5
      vertex 22.8817 65.2135 5
    endloop
  endfacet
  facet normal -0.64925 -0.760575 -0
    outer loop
      vertex 23.0607 65.0607 5
      vertex 22.8817 65.2135 3
      vertex 23.0607 65.0607 3
    endloop
  endfacet
  facet normal 0.923867 0.382714 0
    outer loop
      vertex 20.6635 15.319 5
      vertex 20.5734 15.5365 3
      vertex 20.5734 15.5365 5
    endloop
  endfacet
  facet normal 0.923867 0.382714 0
    outer loop
      vertex 20.5734 15.5365 3
      vertex 20.6635 15.319 5
      vertex 20.6635 15.319 3
    endloop
  endfacet
  facet normal -0.382714 0.923867 0
    outer loop
      vertex 22.681 14.6635 3
      vertex 22.4635 14.5734 5
      vertex 22.681 14.6635 5
    endloop
  endfacet
  facet normal -0.382714 0.923867 0
    outer loop
      vertex 22.4635 14.5734 5
      vertex 22.681 14.6635 3
      vertex 22.4635 14.5734 3
    endloop
  endfacet
  facet normal -0.382714 -0.923867 0
    outer loop
      vertex 22.4635 65.4266 3
      vertex 22.681 65.3365 5
      vertex 22.4635 65.4266 5
    endloop
  endfacet
  facet normal -0.382714 -0.923867 -0
    outer loop
      vertex 22.681 65.3365 5
      vertex 22.4635 65.4266 3
      vertex 22.681 65.3365 3
    endloop
  endfacet
  facet normal -0.85262 -0.522532 0
    outer loop
      vertex 23.3365 64.681 3
      vertex 23.2135 64.8817 5
      vertex 23.2135 64.8817 3
    endloop
  endfacet
  facet normal -0.85262 -0.522532 0
    outer loop
      vertex 23.2135 64.8817 5
      vertex 23.3365 64.681 3
      vertex 23.3365 64.681 5
    endloop
  endfacet
  facet normal 0.972399 0.233325 0
    outer loop
      vertex 20.5734 15.5365 5
      vertex 20.5185 15.7653 3
      vertex 20.5185 15.7653 5
    endloop
  endfacet
  facet normal 0.972399 0.233325 0
    outer loop
      vertex 20.5185 15.7653 3
      vertex 20.5734 15.5365 5
      vertex 20.5734 15.5365 3
    endloop
  endfacet
  facet normal 0.522532 0.85262 -0
    outer loop
      vertex 21.319 14.6635 3
      vertex 21.1183 14.7865 5
      vertex 21.319 14.6635 5
    endloop
  endfacet
  facet normal 0.522532 0.85262 0
    outer loop
      vertex 21.1183 14.7865 5
      vertex 21.319 14.6635 3
      vertex 21.1183 14.7865 3
    endloop
  endfacet
  facet normal 0.64925 0.760575 -0
    outer loop
      vertex 21.1183 14.7865 3
      vertex 20.9393 14.9393 5
      vertex 21.1183 14.7865 5
    endloop
  endfacet
  facet normal 0.64925 0.760575 0
    outer loop
      vertex 20.9393 14.9393 5
      vertex 21.1183 14.7865 3
      vertex 20.9393 14.9393 3
    endloop
  endfacet
  facet normal -0.996905 -0.0786136 0
    outer loop
      vertex 23.5 64 3
      vertex 23.4815 64.2346 5
      vertex 23.4815 64.2346 3
    endloop
  endfacet
  facet normal -0.996905 -0.0786136 0
    outer loop
      vertex 23.4815 64.2346 5
      vertex 23.5 64 3
      vertex 23.5 64 5
    endloop
  endfacet
  facet normal 0.996908 0.0785803 0
    outer loop
      vertex 20.5185 15.7653 5
      vertex 20.5 16 3
      vertex 20.5 16 5
    endloop
  endfacet
  facet normal 0.996908 0.0785803 0
    outer loop
      vertex 20.5 16 3
      vertex 20.5185 15.7653 5
      vertex 20.5185 15.7653 3
    endloop
  endfacet
  facet normal -0.972422 -0.233228 0
    outer loop
      vertex 23.4815 64.2346 3
      vertex 23.4266 64.4635 5
      vertex 23.4266 64.4635 3
    endloop
  endfacet
  facet normal -0.972422 -0.233228 0
    outer loop
      vertex 23.4266 64.4635 5
      vertex 23.4815 64.2346 3
      vertex 23.4815 64.2346 5
    endloop
  endfacet
  facet normal 0.760575 0.64925 0
    outer loop
      vertex 20.9393 14.9393 5
      vertex 20.7865 15.1183 3
      vertex 20.7865 15.1183 5
    endloop
  endfacet
  facet normal 0.760575 0.64925 0
    outer loop
      vertex 20.7865 15.1183 3
      vertex 20.9393 14.9393 5
      vertex 20.9393 14.9393 3
    endloop
  endfacet
  facet normal -0.760575 0.64925 0
    outer loop
      vertex 23.0607 14.9393 3
      vertex 23.2135 15.1183 5
      vertex 23.2135 15.1183 3
    endloop
  endfacet
  facet normal -0.760575 0.64925 0
    outer loop
      vertex 23.2135 15.1183 5
      vertex 23.0607 14.9393 3
      vertex 23.0607 14.9393 5
    endloop
  endfacet
  facet normal 0.64925 -0.760575 0
    outer loop
      vertex 20.9393 65.0607 3
      vertex 21.1183 65.2135 5
      vertex 20.9393 65.0607 5
    endloop
  endfacet
  facet normal 0.64925 -0.760575 0
    outer loop
      vertex 21.1183 65.2135 5
      vertex 20.9393 65.0607 3
      vertex 21.1183 65.2135 3
    endloop
  endfacet
  facet normal -0.996908 0.0785803 0
    outer loop
      vertex 23.4815 15.7653 3
      vertex 23.5 16 5
      vertex 23.5 16 3
    endloop
  endfacet
  facet normal -0.996908 0.0785803 0
    outer loop
      vertex 23.5 16 5
      vertex 23.4815 15.7653 3
      vertex 23.4815 15.7653 5
    endloop
  endfacet
  facet normal 0.233325 0.972399 -0
    outer loop
      vertex 21.7653 14.5185 3
      vertex 21.5365 14.5734 5
      vertex 21.7653 14.5185 5
    endloop
  endfacet
  facet normal 0.233325 0.972399 0
    outer loop
      vertex 21.5365 14.5734 5
      vertex 21.7653 14.5185 3
      vertex 21.5365 14.5734 3
    endloop
  endfacet
  facet normal 0.0785803 -0.996908 0
    outer loop
      vertex 21.7653 65.4815 3
      vertex 22 65.5 5
      vertex 21.7653 65.4815 5
    endloop
  endfacet
  facet normal 0.0785803 -0.996908 0
    outer loop
      vertex 22 65.5 5
      vertex 21.7653 65.4815 3
      vertex 22 65.5 3
    endloop
  endfacet
  facet normal 0.85262 -0.522532 0
    outer loop
      vertex 20.6635 64.681 5
      vertex 20.7865 64.8817 3
      vertex 20.7865 64.8817 5
    endloop
  endfacet
  facet normal 0.85262 -0.522532 0
    outer loop
      vertex 20.7865 64.8817 3
      vertex 20.6635 64.681 5
      vertex 20.6635 64.681 3
    endloop
  endfacet
  facet normal -0.972399 0.233325 0
    outer loop
      vertex 23.4266 15.5365 3
      vertex 23.4815 15.7653 5
      vertex 23.4815 15.7653 3
    endloop
  endfacet
  facet normal -0.972399 0.233325 0
    outer loop
      vertex 23.4815 15.7653 5
      vertex 23.4266 15.5365 3
      vertex 23.4266 15.5365 5
    endloop
  endfacet
  facet normal 0.522532 -0.85262 0
    outer loop
      vertex 21.1183 65.2135 3
      vertex 21.319 65.3365 5
      vertex 21.1183 65.2135 5
    endloop
  endfacet
  facet normal 0.522532 -0.85262 0
    outer loop
      vertex 21.319 65.3365 5
      vertex 21.1183 65.2135 3
      vertex 21.319 65.3365 3
    endloop
  endfacet
  facet normal -0.85262 0.522532 0
    outer loop
      vertex 23.2135 15.1183 3
      vertex 23.3365 15.319 5
      vertex 23.3365 15.319 3
    endloop
  endfacet
  facet normal -0.85262 0.522532 0
    outer loop
      vertex 23.3365 15.319 5
      vertex 23.2135 15.1183 3
      vertex 23.2135 15.1183 5
    endloop
  endfacet
  facet normal 0.972422 -0.233228 0
    outer loop
      vertex 20.5185 64.2346 5
      vertex 20.5734 64.4635 3
      vertex 20.5734 64.4635 5
    endloop
  endfacet
  facet normal 0.972422 -0.233228 0
    outer loop
      vertex 20.5734 64.4635 3
      vertex 20.5185 64.2346 5
      vertex 20.5185 64.2346 3
    endloop
  endfacet
  facet normal -0.923867 -0.382714 0
    outer loop
      vertex 23.4266 64.4635 3
      vertex 23.3365 64.681 5
      vertex 23.3365 64.681 3
    endloop
  endfacet
  facet normal -0.923867 -0.382714 0
    outer loop
      vertex 23.3365 64.681 5
      vertex 23.4266 64.4635 3
      vertex 23.4266 64.4635 5
    endloop
  endfacet
  facet normal -0.522532 0.85262 0
    outer loop
      vertex 22.8817 14.7865 3
      vertex 22.681 14.6635 5
      vertex 22.8817 14.7865 5
    endloop
  endfacet
  facet normal -0.522532 0.85262 0
    outer loop
      vertex 22.681 14.6635 5
      vertex 22.8817 14.7865 3
      vertex 22.681 14.6635 3
    endloop
  endfacet
  facet normal 0.382714 0.923867 -0
    outer loop
      vertex 21.5365 14.5734 3
      vertex 21.319 14.6635 5
      vertex 21.5365 14.5734 5
    endloop
  endfacet
  facet normal 0.382714 0.923867 0
    outer loop
      vertex 21.319 14.6635 5
      vertex 21.5365 14.5734 3
      vertex 21.319 14.6635 3
    endloop
  endfacet
  facet normal 0.85262 0.522532 0
    outer loop
      vertex 20.7865 15.1183 5
      vertex 20.6635 15.319 3
      vertex 20.6635 15.319 5
    endloop
  endfacet
  facet normal 0.85262 0.522532 0
    outer loop
      vertex 20.6635 15.319 3
      vertex 20.7865 15.1183 5
      vertex 20.7865 15.1183 3
    endloop
  endfacet
  facet normal -0.0785803 -0.996908 0
    outer loop
      vertex 22 65.5 3
      vertex 22.2347 65.4815 5
      vertex 22 65.5 5
    endloop
  endfacet
  facet normal -0.0785803 -0.996908 -0
    outer loop
      vertex 22.2347 65.4815 5
      vertex 22 65.5 3
      vertex 22.2347 65.4815 3
    endloop
  endfacet
  facet normal 0.996905 -0.0786136 0
    outer loop
      vertex 20.5 64 5
      vertex 20.5185 64.2346 3
      vertex 20.5185 64.2346 5
    endloop
  endfacet
  facet normal 0.996905 -0.0786136 0
    outer loop
      vertex 20.5185 64.2346 3
      vertex 20.5 64 5
      vertex 20.5 64 3
    endloop
  endfacet
  facet normal 0.382714 -0.923867 0
    outer loop
      vertex 21.319 65.3365 3
      vertex 21.5365 65.4266 5
      vertex 21.319 65.3365 5
    endloop
  endfacet
  facet normal 0.382714 -0.923867 0
    outer loop
      vertex 21.5365 65.4266 5
      vertex 21.319 65.3365 3
      vertex 21.5365 65.4266 3
    endloop
  endfacet
  facet normal 0.233325 -0.972399 0
    outer loop
      vertex 21.5365 65.4266 3
      vertex 21.7653 65.4815 5
      vertex 21.5365 65.4266 5
    endloop
  endfacet
  facet normal 0.233325 -0.972399 0
    outer loop
      vertex 21.7653 65.4815 5
      vertex 21.5365 65.4266 3
      vertex 21.7653 65.4815 3
    endloop
  endfacet
  facet normal -0.923867 0.382714 0
    outer loop
      vertex 23.3365 15.319 3
      vertex 23.4266 15.5365 5
      vertex 23.4266 15.5365 3
    endloop
  endfacet
  facet normal -0.923867 0.382714 0
    outer loop
      vertex 23.4266 15.5365 5
      vertex 23.3365 15.319 3
      vertex 23.3365 15.319 5
    endloop
  endfacet
  facet normal -0.233325 -0.972399 0
    outer loop
      vertex 22.2347 65.4815 3
      vertex 22.4635 65.4266 5
      vertex 22.2347 65.4815 5
    endloop
  endfacet
  facet normal -0.233325 -0.972399 -0
    outer loop
      vertex 22.4635 65.4266 5
      vertex 22.2347 65.4815 3
      vertex 22.4635 65.4266 3
    endloop
  endfacet
  facet normal 0.760575 -0.64925 0
    outer loop
      vertex 20.7865 64.8817 5
      vertex 20.9393 65.0607 3
      vertex 20.9393 65.0607 5
    endloop
  endfacet
  facet normal 0.760575 -0.64925 0
    outer loop
      vertex 20.9393 65.0607 3
      vertex 20.7865 64.8817 5
      vertex 20.7865 64.8817 3
    endloop
  endfacet
  facet normal 1 -0 0
    outer loop
      vertex 28.5 16 5
      vertex 28.5 64 3
      vertex 28.5 64 5
    endloop
  endfacet
  facet normal 1 0 0
    outer loop
      vertex 28.5 64 3
      vertex 28.5 16 5
      vertex 28.5 16 3
    endloop
  endfacet
  facet normal 0.972399 0.233325 0
    outer loop
      vertex 28.5734 15.5365 5
      vertex 28.5185 15.7653 3
      vertex 28.5185 15.7653 5
    endloop
  endfacet
  facet normal 0.972399 0.233325 0
    outer loop
      vertex 28.5185 15.7653 3
      vertex 28.5734 15.5365 5
      vertex 28.5734 15.5365 3
    endloop
  endfacet
  facet normal 0.923867 -0.382714 0
    outer loop
      vertex 28.5734 64.4635 5
      vertex 28.6635 64.681 3
      vertex 28.6635 64.681 5
    endloop
  endfacet
  facet normal 0.923867 -0.382714 0
    outer loop
      vertex 28.6635 64.681 3
      vertex 28.5734 64.4635 5
      vertex 28.5734 64.4635 3
    endloop
  endfacet
  facet normal -1 0 0
    outer loop
      vertex 31.5 16 3
      vertex 31.5 64 5
      vertex 31.5 64 3
    endloop
  endfacet
  facet normal -1 -0 0
    outer loop
      vertex 31.5 64 5
      vertex 31.5 16 3
      vertex 31.5 16 5
    endloop
  endfacet
  facet normal 0.996905 -0.0786136 0
    outer loop
      vertex 28.5 64 5
      vertex 28.5185 64.2346 3
      vertex 28.5185 64.2346 5
    endloop
  endfacet
  facet normal 0.996905 -0.0786136 0
    outer loop
      vertex 28.5185 64.2346 3
      vertex 28.5 64 5
      vertex 28.5 64 3
    endloop
  endfacet
  facet normal -0.972399 0.233325 0
    outer loop
      vertex 31.4266 15.5365 3
      vertex 31.4815 15.7653 5
      vertex 31.4815 15.7653 3
    endloop
  endfacet
  facet normal -0.972399 0.233325 0
    outer loop
      vertex 31.4815 15.7653 5
      vertex 31.4266 15.5365 3
      vertex 31.4266 15.5365 5
    endloop
  endfacet
  facet normal 0.233325 0.972399 -0
    outer loop
      vertex 29.7653 14.5185 3
      vertex 29.5365 14.5734 5
      vertex 29.7653 14.5185 5
    endloop
  endfacet
  facet normal 0.233325 0.972399 0
    outer loop
      vertex 29.5365 14.5734 5
      vertex 29.7653 14.5185 3
      vertex 29.5365 14.5734 3
    endloop
  endfacet
  facet normal -0.233325 0.972399 0
    outer loop
      vertex 30.4635 14.5734 3
      vertex 30.2347 14.5185 5
      vertex 30.4635 14.5734 5
    endloop
  endfacet
  facet normal -0.233325 0.972399 0
    outer loop
      vertex 30.2347 14.5185 5
      vertex 30.4635 14.5734 3
      vertex 30.2347 14.5185 3
    endloop
  endfacet
  facet normal 0.64925 0.760575 -0
    outer loop
      vertex 29.1183 14.7865 3
      vertex 28.9393 14.9393 5
      vertex 29.1183 14.7865 5
    endloop
  endfacet
  facet normal 0.64925 0.760575 0
    outer loop
      vertex 28.9393 14.9393 5
      vertex 29.1183 14.7865 3
      vertex 28.9393 14.9393 3
    endloop
  endfacet
  facet normal -0.64925 -0.760575 0
    outer loop
      vertex 30.8817 65.2135 3
      vertex 31.0607 65.0607 5
      vertex 30.8817 65.2135 5
    endloop
  endfacet
  facet normal -0.64925 -0.760575 -0
    outer loop
      vertex 31.0607 65.0607 5
      vertex 30.8817 65.2135 3
      vertex 31.0607 65.0607 3
    endloop
  endfacet
  facet normal -0.0785803 -0.996908 0
    outer loop
      vertex 30 65.5 3
      vertex 30.2347 65.4815 5
      vertex 30 65.5 5
    endloop
  endfacet
  facet normal -0.0785803 -0.996908 -0
    outer loop
      vertex 30.2347 65.4815 5
      vertex 30 65.5 3
      vertex 30.2347 65.4815 3
    endloop
  endfacet
  facet normal 0.85262 0.522532 0
    outer loop
      vertex 28.7865 15.1183 5
      vertex 28.6635 15.319 3
      vertex 28.6635 15.319 5
    endloop
  endfacet
  facet normal 0.85262 0.522532 0
    outer loop
      vertex 28.6635 15.319 3
      vertex 28.7865 15.1183 5
      vertex 28.7865 15.1183 3
    endloop
  endfacet
  facet normal -0.522532 0.85262 0
    outer loop
      vertex 30.8817 14.7865 3
      vertex 30.681 14.6635 5
      vertex 30.8817 14.7865 5
    endloop
  endfacet
  facet normal -0.522532 0.85262 0
    outer loop
      vertex 30.681 14.6635 5
      vertex 30.8817 14.7865 3
      vertex 30.681 14.6635 3
    endloop
  endfacet
  facet normal -0.972422 -0.233228 0
    outer loop
      vertex 31.4815 64.2346 3
      vertex 31.4266 64.4635 5
      vertex 31.4266 64.4635 3
    endloop
  endfacet
  facet normal -0.972422 -0.233228 0
    outer loop
      vertex 31.4266 64.4635 5
      vertex 31.4815 64.2346 3
      vertex 31.4815 64.2346 5
    endloop
  endfacet
  facet normal -0.760575 0.64925 0
    outer loop
      vertex 31.0607 14.9393 3
      vertex 31.2135 15.1183 5
      vertex 31.2135 15.1183 3
    endloop
  endfacet
  facet normal -0.760575 0.64925 0
    outer loop
      vertex 31.2135 15.1183 5
      vertex 31.0607 14.9393 3
      vertex 31.0607 14.9393 5
    endloop
  endfacet
  facet normal -0.923867 0.382714 0
    outer loop
      vertex 31.3365 15.319 3
      vertex 31.4266 15.5365 5
      vertex 31.4266 15.5365 3
    endloop
  endfacet
  facet normal -0.923867 0.382714 0
    outer loop
      vertex 31.4266 15.5365 5
      vertex 31.3365 15.319 3
      vertex 31.3365 15.319 5
    endloop
  endfacet
  facet normal -0.85262 0.522532 0
    outer loop
      vertex 31.2135 15.1183 3
      vertex 31.3365 15.319 5
      vertex 31.3365 15.319 3
    endloop
  endfacet
  facet normal -0.85262 0.522532 0
    outer loop
      vertex 31.3365 15.319 5
      vertex 31.2135 15.1183 3
      vertex 31.2135 15.1183 5
    endloop
  endfacet
  facet normal 0.85262 -0.522532 0
    outer loop
      vertex 28.6635 64.681 5
      vertex 28.7865 64.8817 3
      vertex 28.7865 64.8817 5
    endloop
  endfacet
  facet normal 0.85262 -0.522532 0
    outer loop
      vertex 28.7865 64.8817 3
      vertex 28.6635 64.681 5
      vertex 28.6635 64.681 3
    endloop
  endfacet
  facet normal -0.996908 0.0785803 0
    outer loop
      vertex 31.4815 15.7653 3
      vertex 31.5 16 5
      vertex 31.5 16 3
    endloop
  endfacet
  facet normal -0.996908 0.0785803 0
    outer loop
      vertex 31.5 16 5
      vertex 31.4815 15.7653 3
      vertex 31.4815 15.7653 5
    endloop
  endfacet
  facet normal 0.996908 0.0785803 0
    outer loop
      vertex 28.5185 15.7653 5
      vertex 28.5 16 3
      vertex 28.5 16 5
    endloop
  endfacet
  facet normal 0.996908 0.0785803 0
    outer loop
      vertex 28.5 16 3
      vertex 28.5185 15.7653 5
      vertex 28.5185 15.7653 3
    endloop
  endfacet
  facet normal -0.382714 -0.923867 0
    outer loop
      vertex 30.4635 65.4266 3
      vertex 30.681 65.3365 5
      vertex 30.4635 65.4266 5
    endloop
  endfacet
  facet normal -0.382714 -0.923867 -0
    outer loop
      vertex 30.681 65.3365 5
      vertex 30.4635 65.4266 3
      vertex 30.681 65.3365 3
    endloop
  endfacet
  facet normal -0.382714 0.923867 0
    outer loop
      vertex 30.681 14.6635 3
      vertex 30.4635 14.5734 5
      vertex 30.681 14.6635 5
    endloop
  endfacet
  facet normal -0.382714 0.923867 0
    outer loop
      vertex 30.4635 14.5734 5
      vertex 30.681 14.6635 3
      vertex 30.4635 14.5734 3
    endloop
  endfacet
  facet normal -0.0785803 0.996908 0
    outer loop
      vertex 30.2347 14.5185 3
      vertex 30 14.5 5
      vertex 30.2347 14.5185 5
    endloop
  endfacet
  facet normal -0.0785803 0.996908 0
    outer loop
      vertex 30 14.5 5
      vertex 30.2347 14.5185 3
      vertex 30 14.5 3
    endloop
  endfacet
  facet normal -0.760575 -0.64925 0
    outer loop
      vertex 31.2135 64.8817 3
      vertex 31.0607 65.0607 5
      vertex 31.0607 65.0607 3
    endloop
  endfacet
  facet normal -0.760575 -0.64925 0
    outer loop
      vertex 31.0607 65.0607 5
      vertex 31.2135 64.8817 3
      vertex 31.2135 64.8817 5
    endloop
  endfacet
  facet normal 0.972422 -0.233228 0
    outer loop
      vertex 28.5185 64.2346 5
      vertex 28.5734 64.4635 3
      vertex 28.5734 64.4635 5
    endloop
  endfacet
  facet normal 0.972422 -0.233228 0
    outer loop
      vertex 28.5734 64.4635 3
      vertex 28.5185 64.2346 5
      vertex 28.5185 64.2346 3
    endloop
  endfacet
  facet normal 0.382714 0.923867 -0
    outer loop
      vertex 29.5365 14.5734 3
      vertex 29.319 14.6635 5
      vertex 29.5365 14.5734 5
    endloop
  endfacet
  facet normal 0.382714 0.923867 0
    outer loop
      vertex 29.319 14.6635 5
      vertex 29.5365 14.5734 3
      vertex 29.319 14.6635 3
    endloop
  endfacet
  facet normal 0.760575 -0.64925 0
    outer loop
      vertex 28.7865 64.8817 5
      vertex 28.9393 65.0607 3
      vertex 28.9393 65.0607 5
    endloop
  endfacet
  facet normal 0.760575 -0.64925 0
    outer loop
      vertex 28.9393 65.0607 3
      vertex 28.7865 64.8817 5
      vertex 28.7865 64.8817 3
    endloop
  endfacet
  facet normal 0.760575 0.64925 0
    outer loop
      vertex 28.9393 14.9393 5
      vertex 28.7865 15.1183 3
      vertex 28.7865 15.1183 5
    endloop
  endfacet
  facet normal 0.760575 0.64925 0
    outer loop
      vertex 28.7865 15.1183 3
      vertex 28.9393 14.9393 5
      vertex 28.9393 14.9393 3
    endloop
  endfacet
  facet normal 0.233325 -0.972399 0
    outer loop
      vertex 29.5365 65.4266 3
      vertex 29.7653 65.4815 5
      vertex 29.5365 65.4266 5
    endloop
  endfacet
  facet normal 0.233325 -0.972399 0
    outer loop
      vertex 29.7653 65.4815 5
      vertex 29.5365 65.4266 3
      vertex 29.7653 65.4815 3
    endloop
  endfacet
  facet normal 0.0785803 -0.996908 0
    outer loop
      vertex 29.7653 65.4815 3
      vertex 30 65.5 5
      vertex 29.7653 65.4815 5
    endloop
  endfacet
  facet normal 0.0785803 -0.996908 0
    outer loop
      vertex 30 65.5 5
      vertex 29.7653 65.4815 3
      vertex 30 65.5 3
    endloop
  endfacet
  facet normal 0.923867 0.382714 0
    outer loop
      vertex 28.6635 15.319 5
      vertex 28.5734 15.5365 3
      vertex 28.5734 15.5365 5
    endloop
  endfacet
  facet normal 0.923867 0.382714 0
    outer loop
      vertex 28.5734 15.5365 3
      vertex 28.6635 15.319 5
      vertex 28.6635 15.319 3
    endloop
  endfacet
  facet normal 0.0785803 0.996908 -0
    outer loop
      vertex 30 14.5 3
      vertex 29.7653 14.5185 5
      vertex 30 14.5 5
    endloop
  endfacet
  facet normal 0.0785803 0.996908 0
    outer loop
      vertex 29.7653 14.5185 5
      vertex 30 14.5 3
      vertex 29.7653 14.5185 3
    endloop
  endfacet
  facet normal -0.85262 -0.522532 0
    outer loop
      vertex 31.3365 64.681 3
      vertex 31.2135 64.8817 5
      vertex 31.2135 64.8817 3
    endloop
  endfacet
  facet normal -0.85262 -0.522532 0
    outer loop
      vertex 31.2135 64.8817 5
      vertex 31.3365 64.681 3
      vertex 31.3365 64.681 5
    endloop
  endfacet
  facet normal -0.923867 -0.382714 0
    outer loop
      vertex 31.4266 64.4635 3
      vertex 31.3365 64.681 5
      vertex 31.3365 64.681 3
    endloop
  endfacet
  facet normal -0.923867 -0.382714 0
    outer loop
      vertex 31.3365 64.681 5
      vertex 31.4266 64.4635 3
      vertex 31.4266 64.4635 5
    endloop
  endfacet
  facet normal 0.522532 -0.85262 0
    outer loop
      vertex 29.1183 65.2135 3
      vertex 29.319 65.3365 5
      vertex 29.1183 65.2135 5
    endloop
  endfacet
  facet normal 0.522532 -0.85262 0
    outer loop
      vertex 29.319 65.3365 5
      vertex 29.1183 65.2135 3
      vertex 29.319 65.3365 3
    endloop
  endfacet
  facet normal -0.233325 -0.972399 0
    outer loop
      vertex 30.2347 65.4815 3
      vertex 30.4635 65.4266 5
      vertex 30.2347 65.4815 5
    endloop
  endfacet
  facet normal -0.233325 -0.972399 -0
    outer loop
      vertex 30.4635 65.4266 5
      vertex 30.2347 65.4815 3
      vertex 30.4635 65.4266 3
    endloop
  endfacet
  facet normal 0.64925 -0.760575 0
    outer loop
      vertex 28.9393 65.0607 3
      vertex 29.1183 65.2135 5
      vertex 28.9393 65.0607 5
    endloop
  endfacet
  facet normal 0.64925 -0.760575 0
    outer loop
      vertex 29.1183 65.2135 5
      vertex 28.9393 65.0607 3
      vertex 29.1183 65.2135 3
    endloop
  endfacet
  facet normal -0.522532 -0.85262 0
    outer loop
      vertex 30.681 65.3365 3
      vertex 30.8817 65.2135 5
      vertex 30.681 65.3365 5
    endloop
  endfacet
  facet normal -0.522532 -0.85262 -0
    outer loop
      vertex 30.8817 65.2135 5
      vertex 30.681 65.3365 3
      vertex 30.8817 65.2135 3
    endloop
  endfacet
  facet normal -0.64925 0.760575 0
    outer loop
      vertex 31.0607 14.9393 3
      vertex 30.8817 14.7865 5
      vertex 31.0607 14.9393 5
    endloop
  endfacet
  facet normal -0.64925 0.760575 0
    outer loop
      vertex 30.8817 14.7865 5
      vertex 31.0607 14.9393 3
      vertex 30.8817 14.7865 3
    endloop
  endfacet
  facet normal 0.522532 0.85262 -0
    outer loop
      vertex 29.319 14.6635 3
      vertex 29.1183 14.7865 5
      vertex 29.319 14.6635 5
    endloop
  endfacet
  facet normal 0.522532 0.85262 0
    outer loop
      vertex 29.1183 14.7865 5
      vertex 29.319 14.6635 3
      vertex 29.1183 14.7865 3
    endloop
  endfacet
  facet normal 0.382714 -0.923867 0
    outer loop
      vertex 29.319 65.3365 3
      vertex 29.5365 65.4266 5
      vertex 29.319 65.3365 5
    endloop
  endfacet
  facet normal 0.382714 -0.923867 0
    outer loop
      vertex 29.5365 65.4266 5
      vertex 29.319 65.3365 3
      vertex 29.5365 65.4266 3
    endloop
  endfacet
  facet normal -0.996905 -0.0786136 0
    outer loop
      vertex 31.5 64 3
      vertex 31.4815 64.2346 5
      vertex 31.4815 64.2346 3
    endloop
  endfacet
  facet normal -0.996905 -0.0786136 0
    outer loop
      vertex 31.4815 64.2346 5
      vertex 31.5 64 3
      vertex 31.5 64 5
    endloop
  endfacet
  facet normal 1 -0 0
    outer loop
      vertex 36.5 16 5
      vertex 36.5 64 3
      vertex 36.5 64 5
    endloop
  endfacet
  facet normal 1 0 0
    outer loop
      vertex 36.5 64 3
      vertex 36.5 16 5
      vertex 36.5 16 3
    endloop
  endfacet
  facet normal 0.972399 0.233325 0
    outer loop
      vertex 36.5734 15.5365 5
      vertex 36.5185 15.7653 3
      vertex 36.5185 15.7653 5
    endloop
  endfacet
  facet normal 0.972399 0.233325 0
    outer loop
      vertex 36.5185 15.7653 3
      vertex 36.5734 15.5365 5
      vertex 36.5734 15.5365 3
    endloop
  endfacet
  facet normal 0.923867 -0.382714 0
    outer loop
      vertex 36.5734 64.4635 5
      vertex 36.6635 64.681 3
      vertex 36.6635 64.681 5
    endloop
  endfacet
  facet normal 0.923867 -0.382714 0
    outer loop
      vertex 36.6635 64.681 3
      vertex 36.5734 64.4635 5
      vertex 36.5734 64.4635 3
    endloop
  endfacet
  facet normal -1 0 0
    outer loop
      vertex 39.5 16 3
      vertex 39.5 64 5
      vertex 39.5 64 3
    endloop
  endfacet
  facet normal -1 -0 0
    outer loop
      vertex 39.5 64 5
      vertex 39.5 16 3
      vertex 39.5 16 5
    endloop
  endfacet
  facet normal 0.996905 -0.0786136 0
    outer loop
      vertex 36.5 64 5
      vertex 36.5185 64.2346 3
      vertex 36.5185 64.2346 5
    endloop
  endfacet
  facet normal 0.996905 -0.0786136 0
    outer loop
      vertex 36.5185 64.2346 3
      vertex 36.5 64 5
      vertex 36.5 64 3
    endloop
  endfacet
  facet normal -0.972399 0.233325 0
    outer loop
      vertex 39.4266 15.5365 3
      vertex 39.4815 15.7653 5
      vertex 39.4815 15.7653 3
    endloop
  endfacet
  facet normal -0.972399 0.233325 0
    outer loop
      vertex 39.4815 15.7653 5
      vertex 39.4266 15.5365 3
      vertex 39.4266 15.5365 5
    endloop
  endfacet
  facet normal 0.233325 0.972399 -0
    outer loop
      vertex 37.7653 14.5185 3
      vertex 37.5365 14.5734 5
      vertex 37.7653 14.5185 5
    endloop
  endfacet
  facet normal 0.233325 0.972399 0
    outer loop
      vertex 37.5365 14.5734 5
      vertex 37.7653 14.5185 3
      vertex 37.5365 14.5734 3
    endloop
  endfacet
  facet normal -0.233228 0.972422 0
    outer loop
      vertex 38.4635 14.5734 3
      vertex 38.2346 14.5185 5
      vertex 38.4635 14.5734 5
    endloop
  endfacet
  facet normal -0.233228 0.972422 0
    outer loop
      vertex 38.2346 14.5185 5
      vertex 38.4635 14.5734 3
      vertex 38.2346 14.5185 3
    endloop
  endfacet
  facet normal 0.64925 0.760575 -0
    outer loop
      vertex 37.1183 14.7865 3
      vertex 36.9393 14.9393 5
      vertex 37.1183 14.7865 5
    endloop
  endfacet
  facet normal 0.64925 0.760575 0
    outer loop
      vertex 36.9393 14.9393 5
      vertex 37.1183 14.7865 3
      vertex 36.9393 14.9393 3
    endloop
  endfacet
  facet normal -0.64925 -0.760575 0
    outer loop
      vertex 38.8817 65.2135 3
      vertex 39.0607 65.0607 5
      vertex 38.8817 65.2135 5
    endloop
  endfacet
  facet normal -0.64925 -0.760575 -0
    outer loop
      vertex 39.0607 65.0607 5
      vertex 38.8817 65.2135 3
      vertex 39.0607 65.0607 3
    endloop
  endfacet
  facet normal -0.0786136 -0.996905 0
    outer loop
      vertex 38 65.5 3
      vertex 38.2346 65.4815 5
      vertex 38 65.5 5
    endloop
  endfacet
  facet normal -0.0786136 -0.996905 -0
    outer loop
      vertex 38.2346 65.4815 5
      vertex 38 65.5 3
      vertex 38.2346 65.4815 3
    endloop
  endfacet
  facet normal 0.85262 0.522532 0
    outer loop
      vertex 36.7865 15.1183 5
      vertex 36.6635 15.319 3
      vertex 36.6635 15.319 5
    endloop
  endfacet
  facet normal 0.85262 0.522532 0
    outer loop
      vertex 36.6635 15.319 3
      vertex 36.7865 15.1183 5
      vertex 36.7865 15.1183 3
    endloop
  endfacet
  facet normal -0.522532 0.85262 0
    outer loop
      vertex 38.8817 14.7865 3
      vertex 38.681 14.6635 5
      vertex 38.8817 14.7865 5
    endloop
  endfacet
  facet normal -0.522532 0.85262 0
    outer loop
      vertex 38.681 14.6635 5
      vertex 38.8817 14.7865 3
      vertex 38.681 14.6635 3
    endloop
  endfacet
  facet normal -0.972422 -0.233228 0
    outer loop
      vertex 39.4815 64.2346 3
      vertex 39.4266 64.4635 5
      vertex 39.4266 64.4635 3
    endloop
  endfacet
  facet normal -0.972422 -0.233228 0
    outer loop
      vertex 39.4266 64.4635 5
      vertex 39.4815 64.2346 3
      vertex 39.4815 64.2346 5
    endloop
  endfacet
  facet normal -0.760575 0.64925 0
    outer loop
      vertex 39.0607 14.9393 3
      vertex 39.2135 15.1183 5
      vertex 39.2135 15.1183 3
    endloop
  endfacet
  facet normal -0.760575 0.64925 0
    outer loop
      vertex 39.2135 15.1183 5
      vertex 39.0607 14.9393 3
      vertex 39.0607 14.9393 5
    endloop
  endfacet
  facet normal -0.923867 0.382714 0
    outer loop
      vertex 39.3365 15.319 3
      vertex 39.4266 15.5365 5
      vertex 39.4266 15.5365 3
    endloop
  endfacet
  facet normal -0.923867 0.382714 0
    outer loop
      vertex 39.4266 15.5365 5
      vertex 39.3365 15.319 3
      vertex 39.3365 15.319 5
    endloop
  endfacet
  facet normal -0.85262 0.522532 0
    outer loop
      vertex 39.2135 15.1183 3
      vertex 39.3365 15.319 5
      vertex 39.3365 15.319 3
    endloop
  endfacet
  facet normal -0.85262 0.522532 0
    outer loop
      vertex 39.3365 15.319 5
      vertex 39.2135 15.1183 3
      vertex 39.2135 15.1183 5
    endloop
  endfacet
  facet normal -0.522532 -0.85262 0
    outer loop
      vertex 38.681 65.3365 3
      vertex 38.8817 65.2135 5
      vertex 38.681 65.3365 5
    endloop
  endfacet
  facet normal -0.522532 -0.85262 -0
    outer loop
      vertex 38.8817 65.2135 5
      vertex 38.681 65.3365 3
      vertex 38.8817 65.2135 3
    endloop
  endfacet
  facet normal 0.85262 -0.522532 0
    outer loop
      vertex 36.6635 64.681 5
      vertex 36.7865 64.8817 3
      vertex 36.7865 64.8817 5
    endloop
  endfacet
  facet normal 0.85262 -0.522532 0
    outer loop
      vertex 36.7865 64.8817 3
      vertex 36.6635 64.681 5
      vertex 36.6635 64.681 3
    endloop
  endfacet
  facet normal -0.996908 0.0785803 0
    outer loop
      vertex 39.4815 15.7653 3
      vertex 39.5 16 5
      vertex 39.5 16 3
    endloop
  endfacet
  facet normal -0.996908 0.0785803 0
    outer loop
      vertex 39.5 16 5
      vertex 39.4815 15.7653 3
      vertex 39.4815 15.7653 5
    endloop
  endfacet
  facet normal 0.996908 0.0785803 0
    outer loop
      vertex 36.5185 15.7653 5
      vertex 36.5 16 3
      vertex 36.5 16 5
    endloop
  endfacet
  facet normal 0.996908 0.0785803 0
    outer loop
      vertex 36.5 16 3
      vertex 36.5185 15.7653 5
      vertex 36.5185 15.7653 3
    endloop
  endfacet
  facet normal -0.382714 -0.923867 0
    outer loop
      vertex 38.4635 65.4266 3
      vertex 38.681 65.3365 5
      vertex 38.4635 65.4266 5
    endloop
  endfacet
  facet normal -0.382714 -0.923867 -0
    outer loop
      vertex 38.681 65.3365 5
      vertex 38.4635 65.4266 3
      vertex 38.681 65.3365 3
    endloop
  endfacet
  facet normal -0.382714 0.923867 0
    outer loop
      vertex 38.681 14.6635 3
      vertex 38.4635 14.5734 5
      vertex 38.681 14.6635 5
    endloop
  endfacet
  facet normal -0.382714 0.923867 0
    outer loop
      vertex 38.4635 14.5734 5
      vertex 38.681 14.6635 3
      vertex 38.4635 14.5734 3
    endloop
  endfacet
  facet normal -0.0786136 0.996905 0
    outer loop
      vertex 38.2346 14.5185 3
      vertex 38 14.5 5
      vertex 38.2346 14.5185 5
    endloop
  endfacet
  facet normal -0.0786136 0.996905 0
    outer loop
      vertex 38 14.5 5
      vertex 38.2346 14.5185 3
      vertex 38 14.5 3
    endloop
  endfacet
  facet normal -0.760575 -0.64925 0
    outer loop
      vertex 39.2135 64.8817 3
      vertex 39.0607 65.0607 5
      vertex 39.0607 65.0607 3
    endloop
  endfacet
  facet normal -0.760575 -0.64925 0
    outer loop
      vertex 39.0607 65.0607 5
      vertex 39.2135 64.8817 3
      vertex 39.2135 64.8817 5
    endloop
  endfacet
  facet normal 0.972422 -0.233228 0
    outer loop
      vertex 36.5185 64.2346 5
      vertex 36.5734 64.4635 3
      vertex 36.5734 64.4635 5
    endloop
  endfacet
  facet normal 0.972422 -0.233228 0
    outer loop
      vertex 36.5734 64.4635 3
      vertex 36.5185 64.2346 5
      vertex 36.5185 64.2346 3
    endloop
  endfacet
  facet normal 0.382714 0.923867 -0
    outer loop
      vertex 37.5365 14.5734 3
      vertex 37.319 14.6635 5
      vertex 37.5365 14.5734 5
    endloop
  endfacet
  facet normal 0.382714 0.923867 0
    outer loop
      vertex 37.319 14.6635 5
      vertex 37.5365 14.5734 3
      vertex 37.319 14.6635 3
    endloop
  endfacet
  facet normal 0.760575 -0.64925 0
    outer loop
      vertex 36.7865 64.8817 5
      vertex 36.9393 65.0607 3
      vertex 36.9393 65.0607 5
    endloop
  endfacet
  facet normal 0.760575 -0.64925 0
    outer loop
      vertex 36.9393 65.0607 3
      vertex 36.7865 64.8817 5
      vertex 36.7865 64.8817 3
    endloop
  endfacet
  facet normal 0.760575 0.64925 0
    outer loop
      vertex 36.9393 14.9393 5
      vertex 36.7865 15.1183 3
      vertex 36.7865 15.1183 5
    endloop
  endfacet
  facet normal 0.760575 0.64925 0
    outer loop
      vertex 36.7865 15.1183 3
      vertex 36.9393 14.9393 5
      vertex 36.9393 14.9393 3
    endloop
  endfacet
  facet normal 0.233325 -0.972399 0
    outer loop
      vertex 37.5365 65.4266 3
      vertex 37.7653 65.4815 5
      vertex 37.5365 65.4266 5
    endloop
  endfacet
  facet normal 0.233325 -0.972399 0
    outer loop
      vertex 37.7653 65.4815 5
      vertex 37.5365 65.4266 3
      vertex 37.7653 65.4815 3
    endloop
  endfacet
  facet normal 0.0785803 -0.996908 0
    outer loop
      vertex 37.7653 65.4815 3
      vertex 38 65.5 5
      vertex 37.7653 65.4815 5
    endloop
  endfacet
  facet normal 0.0785803 -0.996908 0
    outer loop
      vertex 38 65.5 5
      vertex 37.7653 65.4815 3
      vertex 38 65.5 3
    endloop
  endfacet
  facet normal 0.923867 0.382714 0
    outer loop
      vertex 36.6635 15.319 5
      vertex 36.5734 15.5365 3
      vertex 36.5734 15.5365 5
    endloop
  endfacet
  facet normal 0.923867 0.382714 0
    outer loop
      vertex 36.5734 15.5365 3
      vertex 36.6635 15.319 5
      vertex 36.6635 15.319 3
    endloop
  endfacet
  facet normal 0.0785803 0.996908 -0
    outer loop
      vertex 38 14.5 3
      vertex 37.7653 14.5185 5
      vertex 38 14.5 5
    endloop
  endfacet
  facet normal 0.0785803 0.996908 0
    outer loop
      vertex 37.7653 14.5185 5
      vertex 38 14.5 3
      vertex 37.7653 14.5185 3
    endloop
  endfacet
  facet normal -0.85262 -0.522532 0
    outer loop
      vertex 39.3365 64.681 3
      vertex 39.2135 64.8817 5
      vertex 39.2135 64.8817 3
    endloop
  endfacet
  facet normal -0.85262 -0.522532 0
    outer loop
      vertex 39.2135 64.8817 5
      vertex 39.3365 64.681 3
      vertex 39.3365 64.681 5
    endloop
  endfacet
  facet normal -0.923867 -0.382714 0
    outer loop
      vertex 39.4266 64.4635 3
      vertex 39.3365 64.681 5
      vertex 39.3365 64.681 3
    endloop
  endfacet
  facet normal -0.923867 -0.382714 0
    outer loop
      vertex 39.3365 64.681 5
      vertex 39.4266 64.4635 3
      vertex 39.4266 64.4635 5
    endloop
  endfacet
  facet normal 0.522532 -0.85262 0
    outer loop
      vertex 37.1183 65.2135 3
      vertex 37.319 65.3365 5
      vertex 37.1183 65.2135 5
    endloop
  endfacet
  facet normal 0.522532 -0.85262 0
    outer loop
      vertex 37.319 65.3365 5
      vertex 37.1183 65.2135 3
      vertex 37.319 65.3365 3
    endloop
  endfacet
  facet normal -0.233228 -0.972422 0
    outer loop
      vertex 38.2346 65.4815 3
      vertex 38.4635 65.4266 5
      vertex 38.2346 65.4815 5
    endloop
  endfacet
  facet normal -0.233228 -0.972422 -0
    outer loop
      vertex 38.4635 65.4266 5
      vertex 38.2346 65.4815 3
      vertex 38.4635 65.4266 3
    endloop
  endfacet
  facet normal 0.64925 -0.760575 0
    outer loop
      vertex 36.9393 65.0607 3
      vertex 37.1183 65.2135 5
      vertex 36.9393 65.0607 5
    endloop
  endfacet
  facet normal 0.64925 -0.760575 0
    outer loop
      vertex 37.1183 65.2135 5
      vertex 36.9393 65.0607 3
      vertex 37.1183 65.2135 3
    endloop
  endfacet
  facet normal -0.64925 0.760575 0
    outer loop
      vertex 39.0607 14.9393 3
      vertex 38.8817 14.7865 5
      vertex 39.0607 14.9393 5
    endloop
  endfacet
  facet normal -0.64925 0.760575 0
    outer loop
      vertex 38.8817 14.7865 5
      vertex 39.0607 14.9393 3
      vertex 38.8817 14.7865 3
    endloop
  endfacet
  facet normal 0.522532 0.85262 -0
    outer loop
      vertex 37.319 14.6635 3
      vertex 37.1183 14.7865 5
      vertex 37.319 14.6635 5
    endloop
  endfacet
  facet normal 0.522532 0.85262 0
    outer loop
      vertex 37.1183 14.7865 5
      vertex 37.319 14.6635 3
      vertex 37.1183 14.7865 3
    endloop
  endfacet
  facet normal 0.382714 -0.923867 0
    outer loop
      vertex 37.319 65.3365 3
      vertex 37.5365 65.4266 5
      vertex 37.319 65.3365 5
    endloop
  endfacet
  facet normal 0.382714 -0.923867 0
    outer loop
      vertex 37.5365 65.4266 5
      vertex 37.319 65.3365 3
      vertex 37.5365 65.4266 3
    endloop
  endfacet
  facet normal -0.996905 -0.0786136 0
    outer loop
      vertex 39.5 64 3
      vertex 39.4815 64.2346 5
      vertex 39.4815 64.2346 3
    endloop
  endfacet
  facet normal -0.996905 -0.0786136 0
    outer loop
      vertex 39.4815 64.2346 5
      vertex 39.5 64 3
      vertex 39.5 64 5
    endloop
  endfacet
  facet normal -0.996905 -0.0786136 0
    outer loop
      vertex 47.5 64 3
      vertex 47.4815 64.2346 5
      vertex 47.4815 64.2346 3
    endloop
  endfacet
  facet normal -0.996905 -0.0786136 0
    outer loop
      vertex 47.4815 64.2346 5
      vertex 47.5 64 3
      vertex 47.5 64 5
    endloop
  endfacet
  facet normal 0.522532 0.85262 -0
    outer loop
      vertex 45.319 14.6635 3
      vertex 45.1183 14.7865 5
      vertex 45.319 14.6635 5
    endloop
  endfacet
  facet normal 0.522532 0.85262 0
    outer loop
      vertex 45.1183 14.7865 5
      vertex 45.319 14.6635 3
      vertex 45.1183 14.7865 3
    endloop
  endfacet
  facet normal -0.996908 0.0785803 0
    outer loop
      vertex 47.4815 15.7653 3
      vertex 47.5 16 5
      vertex 47.5 16 3
    endloop
  endfacet
  facet normal -0.996908 0.0785803 0
    outer loop
      vertex 47.5 16 5
      vertex 47.4815 15.7653 3
      vertex 47.4815 15.7653 5
    endloop
  endfacet
  facet normal 1 -0 0
    outer loop
      vertex 44.5 16 5
      vertex 44.5 64 3
      vertex 44.5 64 5
    endloop
  endfacet
  facet normal 1 0 0
    outer loop
      vertex 44.5 64 3
      vertex 44.5 16 5
      vertex 44.5 16 3
    endloop
  endfacet
  facet normal 0.996905 -0.0786136 0
    outer loop
      vertex 44.5 64 5
      vertex 44.5185 64.2346 3
      vertex 44.5185 64.2346 5
    endloop
  endfacet
  facet normal 0.996905 -0.0786136 0
    outer loop
      vertex 44.5185 64.2346 3
      vertex 44.5 64 5
      vertex 44.5 64 3
    endloop
  endfacet
  facet normal 0.85262 -0.522532 0
    outer loop
      vertex 44.6635 64.681 5
      vertex 44.7865 64.8817 3
      vertex 44.7865 64.8817 5
    endloop
  endfacet
  facet normal 0.85262 -0.522532 0
    outer loop
      vertex 44.7865 64.8817 3
      vertex 44.6635 64.681 5
      vertex 44.6635 64.681 3
    endloop
  endfacet
  facet normal 0.382714 0.923867 -0
    outer loop
      vertex 45.5365 14.5734 3
      vertex 45.319 14.6635 5
      vertex 45.5365 14.5734 5
    endloop
  endfacet
  facet normal 0.382714 0.923867 0
    outer loop
      vertex 45.319 14.6635 5
      vertex 45.5365 14.5734 3
      vertex 45.319 14.6635 3
    endloop
  endfacet
  facet normal -1 0 0
    outer loop
      vertex 47.5 16 3
      vertex 47.5 64 5
      vertex 47.5 64 3
    endloop
  endfacet
  facet normal -1 -0 0
    outer loop
      vertex 47.5 64 5
      vertex 47.5 16 3
      vertex 47.5 16 5
    endloop
  endfacet
  facet normal 0.233325 0.972399 -0
    outer loop
      vertex 45.7653 14.5185 3
      vertex 45.5365 14.5734 5
      vertex 45.7653 14.5185 5
    endloop
  endfacet
  facet normal 0.233325 0.972399 0
    outer loop
      vertex 45.5365 14.5734 5
      vertex 45.7653 14.5185 3
      vertex 45.5365 14.5734 3
    endloop
  endfacet
  facet normal -0.64925 0.760575 0
    outer loop
      vertex 47.0607 14.9393 3
      vertex 46.8817 14.7865 5
      vertex 47.0607 14.9393 5
    endloop
  endfacet
  facet normal -0.64925 0.760575 0
    outer loop
      vertex 46.8817 14.7865 5
      vertex 47.0607 14.9393 3
      vertex 46.8817 14.7865 3
    endloop
  endfacet
  facet normal -0.923867 0.382714 0
    outer loop
      vertex 47.3365 15.319 3
      vertex 47.4266 15.5365 5
      vertex 47.4266 15.5365 3
    endloop
  endfacet
  facet normal -0.923867 0.382714 0
    outer loop
      vertex 47.4266 15.5365 5
      vertex 47.3365 15.319 3
      vertex 47.3365 15.319 5
    endloop
  endfacet
  facet normal 0.0785803 -0.996908 0
    outer loop
      vertex 45.7653 65.4815 3
      vertex 46 65.5 5
      vertex 45.7653 65.4815 5
    endloop
  endfacet
  facet normal 0.0785803 -0.996908 0
    outer loop
      vertex 46 65.5 5
      vertex 45.7653 65.4815 3
      vertex 46 65.5 3
    endloop
  endfacet
  facet normal 0.64925 -0.760575 0
    outer loop
      vertex 44.9393 65.0607 3
      vertex 45.1183 65.2135 5
      vertex 44.9393 65.0607 5
    endloop
  endfacet
  facet normal 0.64925 -0.760575 0
    outer loop
      vertex 45.1183 65.2135 5
      vertex 44.9393 65.0607 3
      vertex 45.1183 65.2135 3
    endloop
  endfacet
  facet normal 0.996908 0.0785803 0
    outer loop
      vertex 44.5185 15.7653 5
      vertex 44.5 16 3
      vertex 44.5 16 5
    endloop
  endfacet
  facet normal 0.996908 0.0785803 0
    outer loop
      vertex 44.5 16 3
      vertex 44.5185 15.7653 5
      vertex 44.5185 15.7653 3
    endloop
  endfacet
  facet normal 0.972399 0.233325 0
    outer loop
      vertex 44.5734 15.5365 5
      vertex 44.5185 15.7653 3
      vertex 44.5185 15.7653 5
    endloop
  endfacet
  facet normal 0.972399 0.233325 0
    outer loop
      vertex 44.5185 15.7653 3
      vertex 44.5734 15.5365 5
      vertex 44.5734 15.5365 3
    endloop
  endfacet
  facet normal -0.85262 0.522532 0
    outer loop
      vertex 47.2135 15.1183 3
      vertex 47.3365 15.319 5
      vertex 47.3365 15.319 3
    endloop
  endfacet
  facet normal -0.85262 0.522532 0
    outer loop
      vertex 47.3365 15.319 5
      vertex 47.2135 15.1183 3
      vertex 47.2135 15.1183 5
    endloop
  endfacet
  facet normal -0.0786136 0.996905 0
    outer loop
      vertex 46.2346 14.5185 3
      vertex 46 14.5 5
      vertex 46.2346 14.5185 5
    endloop
  endfacet
  facet normal -0.0786136 0.996905 0
    outer loop
      vertex 46 14.5 5
      vertex 46.2346 14.5185 3
      vertex 46 14.5 3
    endloop
  endfacet
  facet normal -0.522532 -0.85262 0
    outer loop
      vertex 46.681 65.3365 3
      vertex 46.8817 65.2135 5
      vertex 46.681 65.3365 5
    endloop
  endfacet
  facet normal -0.522532 -0.85262 -0
    outer loop
      vertex 46.8817 65.2135 5
      vertex 46.681 65.3365 3
      vertex 46.8817 65.2135 3
    endloop
  endfacet
  facet normal -0.522532 0.85262 0
    outer loop
      vertex 46.8817 14.7865 3
      vertex 46.681 14.6635 5
      vertex 46.8817 14.7865 5
    endloop
  endfacet
  facet normal -0.522532 0.85262 0
    outer loop
      vertex 46.681 14.6635 5
      vertex 46.8817 14.7865 3
      vertex 46.681 14.6635 3
    endloop
  endfacet
  facet normal 0.923867 0.382714 0
    outer loop
      vertex 44.6635 15.319 5
      vertex 44.5734 15.5365 3
      vertex 44.5734 15.5365 5
    endloop
  endfacet
  facet normal 0.923867 0.382714 0
    outer loop
      vertex 44.5734 15.5365 3
      vertex 44.6635 15.319 5
      vertex 44.6635 15.319 3
    endloop
  endfacet
  facet normal 0.64925 0.760575 -0
    outer loop
      vertex 45.1183 14.7865 3
      vertex 44.9393 14.9393 5
      vertex 45.1183 14.7865 5
    endloop
  endfacet
  facet normal 0.64925 0.760575 0
    outer loop
      vertex 44.9393 14.9393 5
      vertex 45.1183 14.7865 3
      vertex 44.9393 14.9393 3
    endloop
  endfacet
  facet normal -0.233228 -0.972422 0
    outer loop
      vertex 46.2346 65.4815 3
      vertex 46.4635 65.4266 5
      vertex 46.2346 65.4815 5
    endloop
  endfacet
  facet normal -0.233228 -0.972422 -0
    outer loop
      vertex 46.4635 65.4266 5
      vertex 46.2346 65.4815 3
      vertex 46.4635 65.4266 3
    endloop
  endfacet
  facet normal 0.382714 -0.923867 0
    outer loop
      vertex 45.319 65.3365 3
      vertex 45.5365 65.4266 5
      vertex 45.319 65.3365 5
    endloop
  endfacet
  facet normal 0.382714 -0.923867 0
    outer loop
      vertex 45.5365 65.4266 5
      vertex 45.319 65.3365 3
      vertex 45.5365 65.4266 3
    endloop
  endfacet
  facet normal 0.233325 -0.972399 0
    outer loop
      vertex 45.5365 65.4266 3
      vertex 45.7653 65.4815 5
      vertex 45.5365 65.4266 5
    endloop
  endfacet
  facet normal 0.233325 -0.972399 0
    outer loop
      vertex 45.7653 65.4815 5
      vertex 45.5365 65.4266 3
      vertex 45.7653 65.4815 3
    endloop
  endfacet
  facet normal 0.0785803 0.996908 -0
    outer loop
      vertex 46 14.5 3
      vertex 45.7653 14.5185 5
      vertex 46 14.5 5
    endloop
  endfacet
  facet normal 0.0785803 0.996908 0
    outer loop
      vertex 45.7653 14.5185 5
      vertex 46 14.5 3
      vertex 45.7653 14.5185 3
    endloop
  endfacet
  facet normal 0.85262 0.522532 0
    outer loop
      vertex 44.7865 15.1183 5
      vertex 44.6635 15.319 3
      vertex 44.6635 15.319 5
    endloop
  endfacet
  facet normal 0.85262 0.522532 0
    outer loop
      vertex 44.6635 15.319 3
      vertex 44.7865 15.1183 5
      vertex 44.7865 15.1183 3
    endloop
  endfacet
  facet normal 0.972422 -0.233228 0
    outer loop
      vertex 44.5185 64.2346 5
      vertex 44.5734 64.4635 3
      vertex 44.5734 64.4635 5
    endloop
  endfacet
  facet normal 0.972422 -0.233228 0
    outer loop
      vertex 44.5734 64.4635 3
      vertex 44.5185 64.2346 5
      vertex 44.5185 64.2346 3
    endloop
  endfacet
  facet normal -0.382714 -0.923867 0
    outer loop
      vertex 46.4635 65.4266 3
      vertex 46.681 65.3365 5
      vertex 46.4635 65.4266 5
    endloop
  endfacet
  facet normal -0.382714 -0.923867 -0
    outer loop
      vertex 46.681 65.3365 5
      vertex 46.4635 65.4266 3
      vertex 46.681 65.3365 3
    endloop
  endfacet
  facet normal -0.760575 -0.64925 0
    outer loop
      vertex 47.2135 64.8817 3
      vertex 47.0607 65.0607 5
      vertex 47.0607 65.0607 3
    endloop
  endfacet
  facet normal -0.760575 -0.64925 0
    outer loop
      vertex 47.0607 65.0607 5
      vertex 47.2135 64.8817 3
      vertex 47.2135 64.8817 5
    endloop
  endfacet
  facet normal -0.85262 -0.522532 0
    outer loop
      vertex 47.3365 64.681 3
      vertex 47.2135 64.8817 5
      vertex 47.2135 64.8817 3
    endloop
  endfacet
  facet normal -0.85262 -0.522532 0
    outer loop
      vertex 47.2135 64.8817 5
      vertex 47.3365 64.681 3
      vertex 47.3365 64.681 5
    endloop
  endfacet
  facet normal -0.972422 -0.233228 0
    outer loop
      vertex 47.4815 64.2346 3
      vertex 47.4266 64.4635 5
      vertex 47.4266 64.4635 3
    endloop
  endfacet
  facet normal -0.972422 -0.233228 0
    outer loop
      vertex 47.4266 64.4635 5
      vertex 47.4815 64.2346 3
      vertex 47.4815 64.2346 5
    endloop
  endfacet
  facet normal 0.760575 -0.64925 0
    outer loop
      vertex 44.7865 64.8817 5
      vertex 44.9393 65.0607 3
      vertex 44.9393 65.0607 5
    endloop
  endfacet
  facet normal 0.760575 -0.64925 0
    outer loop
      vertex 44.9393 65.0607 3
      vertex 44.7865 64.8817 5
      vertex 44.7865 64.8817 3
    endloop
  endfacet
  facet normal -0.760575 0.64925 0
    outer loop
      vertex 47.0607 14.9393 3
      vertex 47.2135 15.1183 5
      vertex 47.2135 15.1183 3
    endloop
  endfacet
  facet normal -0.760575 0.64925 0
    outer loop
      vertex 47.2135 15.1183 5
      vertex 47.0607 14.9393 3
      vertex 47.0607 14.9393 5
    endloop
  endfacet
  facet normal 0.522532 -0.85262 0
    outer loop
      vertex 45.1183 65.2135 3
      vertex 45.319 65.3365 5
      vertex 45.1183 65.2135 5
    endloop
  endfacet
  facet normal 0.522532 -0.85262 0
    outer loop
      vertex 45.319 65.3365 5
      vertex 45.1183 65.2135 3
      vertex 45.319 65.3365 3
    endloop
  endfacet
  facet normal 0.760575 0.64925 0
    outer loop
      vertex 44.9393 14.9393 5
      vertex 44.7865 15.1183 3
      vertex 44.7865 15.1183 5
    endloop
  endfacet
  facet normal 0.760575 0.64925 0
    outer loop
      vertex 44.7865 15.1183 3
      vertex 44.9393 14.9393 5
      vertex 44.9393 14.9393 3
    endloop
  endfacet
  facet normal -0.923867 -0.382714 0
    outer loop
      vertex 47.4266 64.4635 3
      vertex 47.3365 64.681 5
      vertex 47.3365 64.681 3
    endloop
  endfacet
  facet normal -0.923867 -0.382714 0
    outer loop
      vertex 47.3365 64.681 5
      vertex 47.4266 64.4635 3
      vertex 47.4266 64.4635 5
    endloop
  endfacet
  facet normal 0.923867 -0.382714 0
    outer loop
      vertex 44.5734 64.4635 5
      vertex 44.6635 64.681 3
      vertex 44.6635 64.681 5
    endloop
  endfacet
  facet normal 0.923867 -0.382714 0
    outer loop
      vertex 44.6635 64.681 3
      vertex 44.5734 64.4635 5
      vertex 44.5734 64.4635 3
    endloop
  endfacet
  facet normal -0.233228 0.972422 0
    outer loop
      vertex 46.4635 14.5734 3
      vertex 46.2346 14.5185 5
      vertex 46.4635 14.5734 5
    endloop
  endfacet
  facet normal -0.233228 0.972422 0
    outer loop
      vertex 46.2346 14.5185 5
      vertex 46.4635 14.5734 3
      vertex 46.2346 14.5185 3
    endloop
  endfacet
  facet normal -0.382714 0.923867 0
    outer loop
      vertex 46.681 14.6635 3
      vertex 46.4635 14.5734 5
      vertex 46.681 14.6635 5
    endloop
  endfacet
  facet normal -0.382714 0.923867 0
    outer loop
      vertex 46.4635 14.5734 5
      vertex 46.681 14.6635 3
      vertex 46.4635 14.5734 3
    endloop
  endfacet
  facet normal -0.0786136 -0.996905 0
    outer loop
      vertex 46 65.5 3
      vertex 46.2346 65.4815 5
      vertex 46 65.5 5
    endloop
  endfacet
  facet normal -0.0786136 -0.996905 -0
    outer loop
      vertex 46.2346 65.4815 5
      vertex 46 65.5 3
      vertex 46.2346 65.4815 3
    endloop
  endfacet
  facet normal -0.64925 -0.760575 0
    outer loop
      vertex 46.8817 65.2135 3
      vertex 47.0607 65.0607 5
      vertex 46.8817 65.2135 5
    endloop
  endfacet
  facet normal -0.64925 -0.760575 -0
    outer loop
      vertex 47.0607 65.0607 5
      vertex 46.8817 65.2135 3
      vertex 47.0607 65.0607 3
    endloop
  endfacet
  facet normal -0.972399 0.233325 0
    outer loop
      vertex 47.4266 15.5365 3
      vertex 47.4815 15.7653 5
      vertex 47.4815 15.7653 3
    endloop
  endfacet
  facet normal -0.972399 0.233325 0
    outer loop
      vertex 47.4815 15.7653 5
      vertex 47.4266 15.5365 3
      vertex 47.4266 15.5365 5
    endloop
  endfacet
  facet normal -0.760575 -0.64925 0
    outer loop
      vertex 55.2135 64.8817 3
      vertex 55.0607 65.0607 5
      vertex 55.0607 65.0607 3
    endloop
  endfacet
  facet normal -0.760575 -0.64925 0
    outer loop
      vertex 55.0607 65.0607 5
      vertex 55.2135 64.8817 3
      vertex 55.2135 64.8817 5
    endloop
  endfacet
  facet normal -1 0 0
    outer loop
      vertex 55.5 16 3
      vertex 55.5 64 5
      vertex 55.5 64 3
    endloop
  endfacet
  facet normal -1 -0 0
    outer loop
      vertex 55.5 64 5
      vertex 55.5 16 3
      vertex 55.5 16 5
    endloop
  endfacet
  facet normal 0.923867 -0.382714 0
    outer loop
      vertex 52.5734 64.4635 5
      vertex 52.6635 64.681 3
      vertex 52.6635 64.681 5
    endloop
  endfacet
  facet normal 0.923867 -0.382714 0
    outer loop
      vertex 52.6635 64.681 3
      vertex 52.5734 64.4635 5
      vertex 52.5734 64.4635 3
    endloop
  endfacet
  facet normal 1 -0 0
    outer loop
      vertex 52.5 16 5
      vertex 52.5 64 3
      vertex 52.5 64 5
    endloop
  endfacet
  facet normal 1 0 0
    outer loop
      vertex 52.5 64 3
      vertex 52.5 16 5
      vertex 52.5 16 3
    endloop
  endfacet
  facet normal -0.64925 0.760575 0
    outer loop
      vertex 55.0607 14.9393 3
      vertex 54.8817 14.7865 5
      vertex 55.0607 14.9393 5
    endloop
  endfacet
  facet normal -0.64925 0.760575 0
    outer loop
      vertex 54.8817 14.7865 5
      vertex 55.0607 14.9393 3
      vertex 54.8817 14.7865 3
    endloop
  endfacet
  facet normal -0.522532 -0.85262 0
    outer loop
      vertex 54.681 65.3365 3
      vertex 54.8817 65.2135 5
      vertex 54.681 65.3365 5
    endloop
  endfacet
  facet normal -0.522532 -0.85262 -0
    outer loop
      vertex 54.8817 65.2135 5
      vertex 54.681 65.3365 3
      vertex 54.8817 65.2135 3
    endloop
  endfacet
  facet normal 0.0785803 0.996908 -0
    outer loop
      vertex 54 14.5 3
      vertex 53.7653 14.5185 5
      vertex 54 14.5 5
    endloop
  endfacet
  facet normal 0.0785803 0.996908 0
    outer loop
      vertex 53.7653 14.5185 5
      vertex 54 14.5 3
      vertex 53.7653 14.5185 3
    endloop
  endfacet
  facet normal -0.0786136 0.996905 0
    outer loop
      vertex 54.2346 14.5185 3
      vertex 54 14.5 5
      vertex 54.2346 14.5185 5
    endloop
  endfacet
  facet normal -0.0786136 0.996905 0
    outer loop
      vertex 54 14.5 5
      vertex 54.2346 14.5185 3
      vertex 54 14.5 3
    endloop
  endfacet
  facet normal -0.233228 0.972422 0
    outer loop
      vertex 54.4635 14.5734 3
      vertex 54.2346 14.5185 5
      vertex 54.4635 14.5734 5
    endloop
  endfacet
  facet normal -0.233228 0.972422 0
    outer loop
      vertex 54.2346 14.5185 5
      vertex 54.4635 14.5734 3
      vertex 54.2346 14.5185 3
    endloop
  endfacet
  facet normal -0.64925 -0.760575 0
    outer loop
      vertex 54.8817 65.2135 3
      vertex 55.0607 65.0607 5
      vertex 54.8817 65.2135 5
    endloop
  endfacet
  facet normal -0.64925 -0.760575 -0
    outer loop
      vertex 55.0607 65.0607 5
      vertex 54.8817 65.2135 3
      vertex 55.0607 65.0607 3
    endloop
  endfacet
  facet normal 0.923867 0.382714 0
    outer loop
      vertex 52.6635 15.319 5
      vertex 52.5734 15.5365 3
      vertex 52.5734 15.5365 5
    endloop
  endfacet
  facet normal 0.923867 0.382714 0
    outer loop
      vertex 52.5734 15.5365 3
      vertex 52.6635 15.319 5
      vertex 52.6635 15.319 3
    endloop
  endfacet
  facet normal -0.382714 0.923867 0
    outer loop
      vertex 54.681 14.6635 3
      vertex 54.4635 14.5734 5
      vertex 54.681 14.6635 5
    endloop
  endfacet
  facet normal -0.382714 0.923867 0
    outer loop
      vertex 54.4635 14.5734 5
      vertex 54.681 14.6635 3
      vertex 54.4635 14.5734 3
    endloop
  endfacet
  facet normal -0.382714 -0.923867 0
    outer loop
      vertex 54.4635 65.4266 3
      vertex 54.681 65.3365 5
      vertex 54.4635 65.4266 5
    endloop
  endfacet
  facet normal -0.382714 -0.923867 -0
    outer loop
      vertex 54.681 65.3365 5
      vertex 54.4635 65.4266 3
      vertex 54.681 65.3365 3
    endloop
  endfacet
  facet normal -0.85262 -0.522532 0
    outer loop
      vertex 55.3365 64.681 3
      vertex 55.2135 64.8817 5
      vertex 55.2135 64.8817 3
    endloop
  endfacet
  facet normal -0.85262 -0.522532 0
    outer loop
      vertex 55.2135 64.8817 5
      vertex 55.3365 64.681 3
      vertex 55.3365 64.681 5
    endloop
  endfacet
  facet normal 0.972399 0.233325 0
    outer loop
      vertex 52.5734 15.5365 5
      vertex 52.5185 15.7653 3
      vertex 52.5185 15.7653 5
    endloop
  endfacet
  facet normal 0.972399 0.233325 0
    outer loop
      vertex 52.5185 15.7653 3
      vertex 52.5734 15.5365 5
      vertex 52.5734 15.5365 3
    endloop
  endfacet
  facet normal 0.522532 0.85262 -0
    outer loop
      vertex 53.319 14.6635 3
      vertex 53.1183 14.7865 5
      vertex 53.319 14.6635 5
    endloop
  endfacet
  facet normal 0.522532 0.85262 0
    outer loop
      vertex 53.1183 14.7865 5
      vertex 53.319 14.6635 3
      vertex 53.1183 14.7865 3
    endloop
  endfacet
  facet normal 0.64925 0.760575 -0
    outer loop
      vertex 53.1183 14.7865 3
      vertex 52.9393 14.9393 5
      vertex 53.1183 14.7865 5
    endloop
  endfacet
  facet normal 0.64925 0.760575 0
    outer loop
      vertex 52.9393 14.9393 5
      vertex 53.1183 14.7865 3
      vertex 52.9393 14.9393 3
    endloop
  endfacet
  facet normal -0.996905 -0.0786136 0
    outer loop
      vertex 55.5 64 3
      vertex 55.4815 64.2346 5
      vertex 55.4815 64.2346 3
    endloop
  endfacet
  facet normal -0.996905 -0.0786136 0
    outer loop
      vertex 55.4815 64.2346 5
      vertex 55.5 64 3
      vertex 55.5 64 5
    endloop
  endfacet
  facet normal 0.996908 0.0785803 0
    outer loop
      vertex 52.5185 15.7653 5
      vertex 52.5 16 3
      vertex 52.5 16 5
    endloop
  endfacet
  facet normal 0.996908 0.0785803 0
    outer loop
      vertex 52.5 16 3
      vertex 52.5185 15.7653 5
      vertex 52.5185 15.7653 3
    endloop
  endfacet
  facet normal -0.972422 -0.233228 0
    outer loop
      vertex 55.4815 64.2346 3
      vertex 55.4266 64.4635 5
      vertex 55.4266 64.4635 3
    endloop
  endfacet
  facet normal -0.972422 -0.233228 0
    outer loop
      vertex 55.4266 64.4635 5
      vertex 55.4815 64.2346 3
      vertex 55.4815 64.2346 5
    endloop
  endfacet
  facet normal 0.760575 0.64925 0
    outer loop
      vertex 52.9393 14.9393 5
      vertex 52.7865 15.1183 3
      vertex 52.7865 15.1183 5
    endloop
  endfacet
  facet normal 0.760575 0.64925 0
    outer loop
      vertex 52.7865 15.1183 3
      vertex 52.9393 14.9393 5
      vertex 52.9393 14.9393 3
    endloop
  endfacet
  facet normal -0.760575 0.64925 0
    outer loop
      vertex 55.0607 14.9393 3
      vertex 55.2135 15.1183 5
      vertex 55.2135 15.1183 3
    endloop
  endfacet
  facet normal -0.760575 0.64925 0
    outer loop
      vertex 55.2135 15.1183 5
      vertex 55.0607 14.9393 3
      vertex 55.0607 14.9393 5
    endloop
  endfacet
  facet normal 0.64925 -0.760575 0
    outer loop
      vertex 52.9393 65.0607 3
      vertex 53.1183 65.2135 5
      vertex 52.9393 65.0607 5
    endloop
  endfacet
  facet normal 0.64925 -0.760575 0
    outer loop
      vertex 53.1183 65.2135 5
      vertex 52.9393 65.0607 3
      vertex 53.1183 65.2135 3
    endloop
  endfacet
  facet normal -0.996908 0.0785803 0
    outer loop
      vertex 55.4815 15.7653 3
      vertex 55.5 16 5
      vertex 55.5 16 3
    endloop
  endfacet
  facet normal -0.996908 0.0785803 0
    outer loop
      vertex 55.5 16 5
      vertex 55.4815 15.7653 3
      vertex 55.4815 15.7653 5
    endloop
  endfacet
  facet normal 0.233325 0.972399 -0
    outer loop
      vertex 53.7653 14.5185 3
      vertex 53.5365 14.5734 5
      vertex 53.7653 14.5185 5
    endloop
  endfacet
  facet normal 0.233325 0.972399 0
    outer loop
      vertex 53.5365 14.5734 5
      vertex 53.7653 14.5185 3
      vertex 53.5365 14.5734 3
    endloop
  endfacet
  facet normal 0.0785803 -0.996908 0
    outer loop
      vertex 53.7653 65.4815 3
      vertex 54 65.5 5
      vertex 53.7653 65.4815 5
    endloop
  endfacet
  facet normal 0.0785803 -0.996908 0
    outer loop
      vertex 54 65.5 5
      vertex 53.7653 65.4815 3
      vertex 54 65.5 3
    endloop
  endfacet
  facet normal 0.85262 -0.522532 0
    outer loop
      vertex 52.6635 64.681 5
      vertex 52.7865 64.8817 3
      vertex 52.7865 64.8817 5
    endloop
  endfacet
  facet normal 0.85262 -0.522532 0
    outer loop
      vertex 52.7865 64.8817 3
      vertex 52.6635 64.681 5
      vertex 52.6635 64.681 3
    endloop
  endfacet
  facet normal -0.923867 0.382714 0
    outer loop
      vertex 55.3365 15.319 3
      vertex 55.4266 15.5365 5
      vertex 55.4266 15.5365 3
    endloop
  endfacet
  facet normal -0.923867 0.382714 0
    outer loop
      vertex 55.4266 15.5365 5
      vertex 55.3365 15.319 3
      vertex 55.3365 15.319 5
    endloop
  endfacet
  facet normal -0.972399 0.233325 0
    outer loop
      vertex 55.4266 15.5365 3
      vertex 55.4815 15.7653 5
      vertex 55.4815 15.7653 3
    endloop
  endfacet
  facet normal -0.972399 0.233325 0
    outer loop
      vertex 55.4815 15.7653 5
      vertex 55.4266 15.5365 3
      vertex 55.4266 15.5365 5
    endloop
  endfacet
  facet normal 0.522532 -0.85262 0
    outer loop
      vertex 53.1183 65.2135 3
      vertex 53.319 65.3365 5
      vertex 53.1183 65.2135 5
    endloop
  endfacet
  facet normal 0.522532 -0.85262 0
    outer loop
      vertex 53.319 65.3365 5
      vertex 53.1183 65.2135 3
      vertex 53.319 65.3365 3
    endloop
  endfacet
  facet normal -0.85262 0.522532 0
    outer loop
      vertex 55.2135 15.1183 3
      vertex 55.3365 15.319 5
      vertex 55.3365 15.319 3
    endloop
  endfacet
  facet normal -0.85262 0.522532 0
    outer loop
      vertex 55.3365 15.319 5
      vertex 55.2135 15.1183 3
      vertex 55.2135 15.1183 5
    endloop
  endfacet
  facet normal 0.972422 -0.233228 0
    outer loop
      vertex 52.5185 64.2346 5
      vertex 52.5734 64.4635 3
      vertex 52.5734 64.4635 5
    endloop
  endfacet
  facet normal 0.972422 -0.233228 0
    outer loop
      vertex 52.5734 64.4635 3
      vertex 52.5185 64.2346 5
      vertex 52.5185 64.2346 3
    endloop
  endfacet
  facet normal -0.923867 -0.382714 0
    outer loop
      vertex 55.4266 64.4635 3
      vertex 55.3365 64.681 5
      vertex 55.3365 64.681 3
    endloop
  endfacet
  facet normal -0.923867 -0.382714 0
    outer loop
      vertex 55.3365 64.681 5
      vertex 55.4266 64.4635 3
      vertex 55.4266 64.4635 5
    endloop
  endfacet
  facet normal -0.522532 0.85262 0
    outer loop
      vertex 54.8817 14.7865 3
      vertex 54.681 14.6635 5
      vertex 54.8817 14.7865 5
    endloop
  endfacet
  facet normal -0.522532 0.85262 0
    outer loop
      vertex 54.681 14.6635 5
      vertex 54.8817 14.7865 3
      vertex 54.681 14.6635 3
    endloop
  endfacet
  facet normal 0.382714 0.923867 -0
    outer loop
      vertex 53.5365 14.5734 3
      vertex 53.319 14.6635 5
      vertex 53.5365 14.5734 5
    endloop
  endfacet
  facet normal 0.382714 0.923867 0
    outer loop
      vertex 53.319 14.6635 5
      vertex 53.5365 14.5734 3
      vertex 53.319 14.6635 3
    endloop
  endfacet
  facet normal 0.85262 0.522532 0
    outer loop
      vertex 52.7865 15.1183 5
      vertex 52.6635 15.319 3
      vertex 52.6635 15.319 5
    endloop
  endfacet
  facet normal 0.85262 0.522532 0
    outer loop
      vertex 52.6635 15.319 3
      vertex 52.7865 15.1183 5
      vertex 52.7865 15.1183 3
    endloop
  endfacet
  facet normal -0.0786136 -0.996905 0
    outer loop
      vertex 54 65.5 3
      vertex 54.2346 65.4815 5
      vertex 54 65.5 5
    endloop
  endfacet
  facet normal -0.0786136 -0.996905 -0
    outer loop
      vertex 54.2346 65.4815 5
      vertex 54 65.5 3
      vertex 54.2346 65.4815 3
    endloop
  endfacet
  facet normal -0.233228 -0.972422 0
    outer loop
      vertex 54.2346 65.4815 3
      vertex 54.4635 65.4266 5
      vertex 54.2346 65.4815 5
    endloop
  endfacet
  facet normal -0.233228 -0.972422 -0
    outer loop
      vertex 54.4635 65.4266 5
      vertex 54.2346 65.4815 3
      vertex 54.4635 65.4266 3
    endloop
  endfacet
  facet normal 0.996905 -0.0786136 0
    outer loop
      vertex 52.5 64 5
      vertex 52.5185 64.2346 3
      vertex 52.5185 64.2346 5
    endloop
  endfacet
  facet normal 0.996905 -0.0786136 0
    outer loop
      vertex 52.5185 64.2346 3
      vertex 52.5 64 5
      vertex 52.5 64 3
    endloop
  endfacet
  facet normal 0.382714 -0.923867 0
    outer loop
      vertex 53.319 65.3365 3
      vertex 53.5365 65.4266 5
      vertex 53.319 65.3365 5
    endloop
  endfacet
  facet normal 0.382714 -0.923867 0
    outer loop
      vertex 53.5365 65.4266 5
      vertex 53.319 65.3365 3
      vertex 53.5365 65.4266 3
    endloop
  endfacet
  facet normal 0.233325 -0.972399 0
    outer loop
      vertex 53.5365 65.4266 3
      vertex 53.7653 65.4815 5
      vertex 53.5365 65.4266 5
    endloop
  endfacet
  facet normal 0.233325 -0.972399 0
    outer loop
      vertex 53.7653 65.4815 5
      vertex 53.5365 65.4266 3
      vertex 53.7653 65.4815 3
    endloop
  endfacet
  facet normal 0.760575 -0.64925 0
    outer loop
      vertex 52.7865 64.8817 5
      vertex 52.9393 65.0607 3
      vertex 52.9393 65.0607 5
    endloop
  endfacet
  facet normal 0.760575 -0.64925 0
    outer loop
      vertex 52.9393 65.0607 3
      vertex 52.7865 64.8817 5
      vertex 52.7865 64.8817 3
    endloop
  endfacet
  facet normal -0.996905 -0.0786136 0
    outer loop
      vertex 63.5 64 3
      vertex 63.4815 64.2346 5
      vertex 63.4815 64.2346 3
    endloop
  endfacet
  facet normal -0.996905 -0.0786136 0
    outer loop
      vertex 63.4815 64.2346 5
      vertex 63.5 64 3
      vertex 63.5 64 5
    endloop
  endfacet
  facet normal 0.522532 0.85262 -0
    outer loop
      vertex 61.319 14.6635 3
      vertex 61.1183 14.7865 5
      vertex 61.319 14.6635 5
    endloop
  endfacet
  facet normal 0.522532 0.85262 0
    outer loop
      vertex 61.1183 14.7865 5
      vertex 61.319 14.6635 3
      vertex 61.1183 14.7865 3
    endloop
  endfacet
  facet normal -0.996908 0.0785803 0
    outer loop
      vertex 63.4815 15.7653 3
      vertex 63.5 16 5
      vertex 63.5 16 3
    endloop
  endfacet
  facet normal -0.996908 0.0785803 0
    outer loop
      vertex 63.5 16 5
      vertex 63.4815 15.7653 3
      vertex 63.4815 15.7653 5
    endloop
  endfacet
  facet normal 1 -0 0
    outer loop
      vertex 60.5 16 5
      vertex 60.5 64 3
      vertex 60.5 64 5
    endloop
  endfacet
  facet normal 1 0 0
    outer loop
      vertex 60.5 64 3
      vertex 60.5 16 5
      vertex 60.5 16 3
    endloop
  endfacet
  facet normal 0.996905 -0.0786136 0
    outer loop
      vertex 60.5 64 5
      vertex 60.5185 64.2346 3
      vertex 60.5185 64.2346 5
    endloop
  endfacet
  facet normal 0.996905 -0.0786136 0
    outer loop
      vertex 60.5185 64.2346 3
      vertex 60.5 64 5
      vertex 60.5 64 3
    endloop
  endfacet
  facet normal 0.85262 -0.522532 0
    outer loop
      vertex 60.6635 64.681 5
      vertex 60.7865 64.8817 3
      vertex 60.7865 64.8817 5
    endloop
  endfacet
  facet normal 0.85262 -0.522532 0
    outer loop
      vertex 60.7865 64.8817 3
      vertex 60.6635 64.681 5
      vertex 60.6635 64.681 3
    endloop
  endfacet
  facet normal 0.382714 0.923867 -0
    outer loop
      vertex 61.5365 14.5734 3
      vertex 61.319 14.6635 5
      vertex 61.5365 14.5734 5
    endloop
  endfacet
  facet normal 0.382714 0.923867 0
    outer loop
      vertex 61.319 14.6635 5
      vertex 61.5365 14.5734 3
      vertex 61.319 14.6635 3
    endloop
  endfacet
  facet normal -1 0 0
    outer loop
      vertex 63.5 16 3
      vertex 63.5 64 5
      vertex 63.5 64 3
    endloop
  endfacet
  facet normal -1 -0 0
    outer loop
      vertex 63.5 64 5
      vertex 63.5 16 3
      vertex 63.5 16 5
    endloop
  endfacet
  facet normal 0.233325 0.972399 -0
    outer loop
      vertex 61.7653 14.5185 3
      vertex 61.5365 14.5734 5
      vertex 61.7653 14.5185 5
    endloop
  endfacet
  facet normal 0.233325 0.972399 0
    outer loop
      vertex 61.5365 14.5734 5
      vertex 61.7653 14.5185 3
      vertex 61.5365 14.5734 3
    endloop
  endfacet
  facet normal -0.64925 0.760575 0
    outer loop
      vertex 63.0607 14.9393 3
      vertex 62.8817 14.7865 5
      vertex 63.0607 14.9393 5
    endloop
  endfacet
  facet normal -0.64925 0.760575 0
    outer loop
      vertex 62.8817 14.7865 5
      vertex 63.0607 14.9393 3
      vertex 62.8817 14.7865 3
    endloop
  endfacet
  facet normal -0.923867 0.382714 0
    outer loop
      vertex 63.3365 15.319 3
      vertex 63.4266 15.5365 5
      vertex 63.4266 15.5365 3
    endloop
  endfacet
  facet normal -0.923867 0.382714 0
    outer loop
      vertex 63.4266 15.5365 5
      vertex 63.3365 15.319 3
      vertex 63.3365 15.319 5
    endloop
  endfacet
  facet normal 0.0785803 -0.996908 0
    outer loop
      vertex 61.7653 65.4815 3
      vertex 62 65.5 5
      vertex 61.7653 65.4815 5
    endloop
  endfacet
  facet normal 0.0785803 -0.996908 0
    outer loop
      vertex 62 65.5 5
      vertex 61.7653 65.4815 3
      vertex 62 65.5 3
    endloop
  endfacet
  facet normal 0.64925 -0.760575 0
    outer loop
      vertex 60.9393 65.0607 3
      vertex 61.1183 65.2135 5
      vertex 60.9393 65.0607 5
    endloop
  endfacet
  facet normal 0.64925 -0.760575 0
    outer loop
      vertex 61.1183 65.2135 5
      vertex 60.9393 65.0607 3
      vertex 61.1183 65.2135 3
    endloop
  endfacet
  facet normal 0.996908 0.0785803 0
    outer loop
      vertex 60.5185 15.7653 5
      vertex 60.5 16 3
      vertex 60.5 16 5
    endloop
  endfacet
  facet normal 0.996908 0.0785803 0
    outer loop
      vertex 60.5 16 3
      vertex 60.5185 15.7653 5
      vertex 60.5185 15.7653 3
    endloop
  endfacet
  facet normal 0.972399 0.233325 0
    outer loop
      vertex 60.5734 15.5365 5
      vertex 60.5185 15.7653 3
      vertex 60.5185 15.7653 5
    endloop
  endfacet
  facet normal 0.972399 0.233325 0
    outer loop
      vertex 60.5185 15.7653 3
      vertex 60.5734 15.5365 5
      vertex 60.5734 15.5365 3
    endloop
  endfacet
  facet normal -0.85262 0.522532 0
    outer loop
      vertex 63.2135 15.1183 3
      vertex 63.3365 15.319 5
      vertex 63.3365 15.319 3
    endloop
  endfacet
  facet normal -0.85262 0.522532 0
    outer loop
      vertex 63.3365 15.319 5
      vertex 63.2135 15.1183 3
      vertex 63.2135 15.1183 5
    endloop
  endfacet
  facet normal -0.0786136 0.996905 0
    outer loop
      vertex 62.2346 14.5185 3
      vertex 62 14.5 5
      vertex 62.2346 14.5185 5
    endloop
  endfacet
  facet normal -0.0786136 0.996905 0
    outer loop
      vertex 62 14.5 5
      vertex 62.2346 14.5185 3
      vertex 62 14.5 3
    endloop
  endfacet
  facet normal -0.522532 -0.85262 0
    outer loop
      vertex 62.681 65.3365 3
      vertex 62.8817 65.2135 5
      vertex 62.681 65.3365 5
    endloop
  endfacet
  facet normal -0.522532 -0.85262 -0
    outer loop
      vertex 62.8817 65.2135 5
      vertex 62.681 65.3365 3
      vertex 62.8817 65.2135 3
    endloop
  endfacet
  facet normal -0.522532 0.85262 0
    outer loop
      vertex 62.8817 14.7865 3
      vertex 62.681 14.6635 5
      vertex 62.8817 14.7865 5
    endloop
  endfacet
  facet normal -0.522532 0.85262 0
    outer loop
      vertex 62.681 14.6635 5
      vertex 62.8817 14.7865 3
      vertex 62.681 14.6635 3
    endloop
  endfacet
  facet normal 0.923867 0.382714 0
    outer loop
      vertex 60.6635 15.319 5
      vertex 60.5734 15.5365 3
      vertex 60.5734 15.5365 5
    endloop
  endfacet
  facet normal 0.923867 0.382714 0
    outer loop
      vertex 60.5734 15.5365 3
      vertex 60.6635 15.319 5
      vertex 60.6635 15.319 3
    endloop
  endfacet
  facet normal 0.64925 0.760575 -0
    outer loop
      vertex 61.1183 14.7865 3
      vertex 60.9393 14.9393 5
      vertex 61.1183 14.7865 5
    endloop
  endfacet
  facet normal 0.64925 0.760575 0
    outer loop
      vertex 60.9393 14.9393 5
      vertex 61.1183 14.7865 3
      vertex 60.9393 14.9393 3
    endloop
  endfacet
  facet normal -0.233228 -0.972422 0
    outer loop
      vertex 62.2346 65.4815 3
      vertex 62.4635 65.4266 5
      vertex 62.2346 65.4815 5
    endloop
  endfacet
  facet normal -0.233228 -0.972422 -0
    outer loop
      vertex 62.4635 65.4266 5
      vertex 62.2346 65.4815 3
      vertex 62.4635 65.4266 3
    endloop
  endfacet
  facet normal 0.382714 -0.923867 0
    outer loop
      vertex 61.319 65.3365 3
      vertex 61.5365 65.4266 5
      vertex 61.319 65.3365 5
    endloop
  endfacet
  facet normal 0.382714 -0.923867 0
    outer loop
      vertex 61.5365 65.4266 5
      vertex 61.319 65.3365 3
      vertex 61.5365 65.4266 3
    endloop
  endfacet
  facet normal 0.233325 -0.972399 0
    outer loop
      vertex 61.5365 65.4266 3
      vertex 61.7653 65.4815 5
      vertex 61.5365 65.4266 5
    endloop
  endfacet
  facet normal 0.233325 -0.972399 0
    outer loop
      vertex 61.7653 65.4815 5
      vertex 61.5365 65.4266 3
      vertex 61.7653 65.4815 3
    endloop
  endfacet
  facet normal 0.0785803 0.996908 -0
    outer loop
      vertex 62 14.5 3
      vertex 61.7653 14.5185 5
      vertex 62 14.5 5
    endloop
  endfacet
  facet normal 0.0785803 0.996908 0
    outer loop
      vertex 61.7653 14.5185 5
      vertex 62 14.5 3
      vertex 61.7653 14.5185 3
    endloop
  endfacet
  facet normal 0.85262 0.522532 0
    outer loop
      vertex 60.7865 15.1183 5
      vertex 60.6635 15.319 3
      vertex 60.6635 15.319 5
    endloop
  endfacet
  facet normal 0.85262 0.522532 0
    outer loop
      vertex 60.6635 15.319 3
      vertex 60.7865 15.1183 5
      vertex 60.7865 15.1183 3
    endloop
  endfacet
  facet normal -0.382714 -0.923867 0
    outer loop
      vertex 62.4635 65.4266 3
      vertex 62.681 65.3365 5
      vertex 62.4635 65.4266 5
    endloop
  endfacet
  facet normal -0.382714 -0.923867 -0
    outer loop
      vertex 62.681 65.3365 5
      vertex 62.4635 65.4266 3
      vertex 62.681 65.3365 3
    endloop
  endfacet
  facet normal -0.760575 -0.64925 0
    outer loop
      vertex 63.2135 64.8817 3
      vertex 63.0607 65.0607 5
      vertex 63.0607 65.0607 3
    endloop
  endfacet
  facet normal -0.760575 -0.64925 0
    outer loop
      vertex 63.0607 65.0607 5
      vertex 63.2135 64.8817 3
      vertex 63.2135 64.8817 5
    endloop
  endfacet
  facet normal -0.85262 -0.522532 0
    outer loop
      vertex 63.3365 64.681 3
      vertex 63.2135 64.8817 5
      vertex 63.2135 64.8817 3
    endloop
  endfacet
  facet normal -0.85262 -0.522532 0
    outer loop
      vertex 63.2135 64.8817 5
      vertex 63.3365 64.681 3
      vertex 63.3365 64.681 5
    endloop
  endfacet
  facet normal -0.972422 -0.233228 0
    outer loop
      vertex 63.4815 64.2346 3
      vertex 63.4266 64.4635 5
      vertex 63.4266 64.4635 3
    endloop
  endfacet
  facet normal -0.972422 -0.233228 0
    outer loop
      vertex 63.4266 64.4635 5
      vertex 63.4815 64.2346 3
      vertex 63.4815 64.2346 5
    endloop
  endfacet
  facet normal 0.760575 -0.64925 0
    outer loop
      vertex 60.7865 64.8817 5
      vertex 60.9393 65.0607 3
      vertex 60.9393 65.0607 5
    endloop
  endfacet
  facet normal 0.760575 -0.64925 0
    outer loop
      vertex 60.9393 65.0607 3
      vertex 60.7865 64.8817 5
      vertex 60.7865 64.8817 3
    endloop
  endfacet
  facet normal -0.760575 0.64925 0
    outer loop
      vertex 63.0607 14.9393 3
      vertex 63.2135 15.1183 5
      vertex 63.2135 15.1183 3
    endloop
  endfacet
  facet normal -0.760575 0.64925 0
    outer loop
      vertex 63.2135 15.1183 5
      vertex 63.0607 14.9393 3
      vertex 63.0607 14.9393 5
    endloop
  endfacet
  facet normal 0.522532 -0.85262 0
    outer loop
      vertex 61.1183 65.2135 3
      vertex 61.319 65.3365 5
      vertex 61.1183 65.2135 5
    endloop
  endfacet
  facet normal 0.522532 -0.85262 0
    outer loop
      vertex 61.319 65.3365 5
      vertex 61.1183 65.2135 3
      vertex 61.319 65.3365 3
    endloop
  endfacet
  facet normal 0.760575 0.64925 0
    outer loop
      vertex 60.9393 14.9393 5
      vertex 60.7865 15.1183 3
      vertex 60.7865 15.1183 5
    endloop
  endfacet
  facet normal 0.760575 0.64925 0
    outer loop
      vertex 60.7865 15.1183 3
      vertex 60.9393 14.9393 5
      vertex 60.9393 14.9393 3
    endloop
  endfacet
  facet normal -0.923867 -0.382714 0
    outer loop
      vertex 63.4266 64.4635 3
      vertex 63.3365 64.681 5
      vertex 63.3365 64.681 3
    endloop
  endfacet
  facet normal -0.923867 -0.382714 0
    outer loop
      vertex 63.3365 64.681 5
      vertex 63.4266 64.4635 3
      vertex 63.4266 64.4635 5
    endloop
  endfacet
  facet normal 0.923867 -0.382714 0
    outer loop
      vertex 60.5734 64.4635 5
      vertex 60.6635 64.681 3
      vertex 60.6635 64.681 5
    endloop
  endfacet
  facet normal 0.923867 -0.382714 0
    outer loop
      vertex 60.6635 64.681 3
      vertex 60.5734 64.4635 5
      vertex 60.5734 64.4635 3
    endloop
  endfacet
  facet normal 0.972422 -0.233228 0
    outer loop
      vertex 60.5185 64.2346 5
      vertex 60.5734 64.4635 3
      vertex 60.5734 64.4635 5
    endloop
  endfacet
  facet normal 0.972422 -0.233228 0
    outer loop
      vertex 60.5734 64.4635 3
      vertex 60.5185 64.2346 5
      vertex 60.5185 64.2346 3
    endloop
  endfacet
  facet normal -0.233228 0.972422 0
    outer loop
      vertex 62.4635 14.5734 3
      vertex 62.2346 14.5185 5
      vertex 62.4635 14.5734 5
    endloop
  endfacet
  facet normal -0.233228 0.972422 0
    outer loop
      vertex 62.2346 14.5185 5
      vertex 62.4635 14.5734 3
      vertex 62.2346 14.5185 3
    endloop
  endfacet
  facet normal -0.0786136 -0.996905 0
    outer loop
      vertex 62 65.5 3
      vertex 62.2346 65.4815 5
      vertex 62 65.5 5
    endloop
  endfacet
  facet normal -0.0786136 -0.996905 -0
    outer loop
      vertex 62.2346 65.4815 5
      vertex 62 65.5 3
      vertex 62.2346 65.4815 3
    endloop
  endfacet
  facet normal -0.64925 -0.760575 0
    outer loop
      vertex 62.8817 65.2135 3
      vertex 63.0607 65.0607 5
      vertex 62.8817 65.2135 5
    endloop
  endfacet
  facet normal -0.64925 -0.760575 -0
    outer loop
      vertex 63.0607 65.0607 5
      vertex 62.8817 65.2135 3
      vertex 63.0607 65.0607 3
    endloop
  endfacet
  facet normal -0.972399 0.233325 0
    outer loop
      vertex 63.4266 15.5365 3
      vertex 63.4815 15.7653 5
      vertex 63.4815 15.7653 3
    endloop
  endfacet
  facet normal -0.972399 0.233325 0
    outer loop
      vertex 63.4815 15.7653 5
      vertex 63.4266 15.5365 3
      vertex 63.4266 15.5365 5
    endloop
  endfacet
  facet normal -0.382714 0.923867 0
    outer loop
      vertex 62.681 14.6635 3
      vertex 62.4635 14.5734 5
      vertex 62.681 14.6635 5
    endloop
  endfacet
  facet normal -0.382714 0.923867 0
    outer loop
      vertex 62.4635 14.5734 5
      vertex 62.681 14.6635 3
      vertex 62.4635 14.5734 3
    endloop
  endfacet
  facet normal -0.760575 -0.64925 0
    outer loop
      vertex 71.2135 64.8817 3
      vertex 71.0607 65.0607 5
      vertex 71.0607 65.0607 3
    endloop
  endfacet
  facet normal -0.760575 -0.64925 0
    outer loop
      vertex 71.0607 65.0607 5
      vertex 71.2135 64.8817 3
      vertex 71.2135 64.8817 5
    endloop
  endfacet
  facet normal -1 0 0
    outer loop
      vertex 71.5 16 3
      vertex 71.5 64 5
      vertex 71.5 64 3
    endloop
  endfacet
  facet normal -1 -0 0
    outer loop
      vertex 71.5 64 5
      vertex 71.5 16 3
      vertex 71.5 16 5
    endloop
  endfacet
  facet normal 0.923867 -0.382714 0
    outer loop
      vertex 68.5734 64.4635 5
      vertex 68.6635 64.681 3
      vertex 68.6635 64.681 5
    endloop
  endfacet
  facet normal 0.923867 -0.382714 0
    outer loop
      vertex 68.6635 64.681 3
      vertex 68.5734 64.4635 5
      vertex 68.5734 64.4635 3
    endloop
  endfacet
  facet normal 1 -0 0
    outer loop
      vertex 68.5 16 5
      vertex 68.5 64 3
      vertex 68.5 64 5
    endloop
  endfacet
  facet normal 1 0 0
    outer loop
      vertex 68.5 64 3
      vertex 68.5 16 5
      vertex 68.5 16 3
    endloop
  endfacet
  facet normal -0.64925 0.760575 0
    outer loop
      vertex 71.0607 14.9393 3
      vertex 70.8817 14.7865 5
      vertex 71.0607 14.9393 5
    endloop
  endfacet
  facet normal -0.64925 0.760575 0
    outer loop
      vertex 70.8817 14.7865 5
      vertex 71.0607 14.9393 3
      vertex 70.8817 14.7865 3
    endloop
  endfacet
  facet normal -0.522532 -0.85262 0
    outer loop
      vertex 70.681 65.3365 3
      vertex 70.8817 65.2135 5
      vertex 70.681 65.3365 5
    endloop
  endfacet
  facet normal -0.522532 -0.85262 -0
    outer loop
      vertex 70.8817 65.2135 5
      vertex 70.681 65.3365 3
      vertex 70.8817 65.2135 3
    endloop
  endfacet
  facet normal 0.0786136 0.996905 -0
    outer loop
      vertex 70 14.5 3
      vertex 69.7654 14.5185 5
      vertex 70 14.5 5
    endloop
  endfacet
  facet normal 0.0786136 0.996905 0
    outer loop
      vertex 69.7654 14.5185 5
      vertex 70 14.5 3
      vertex 69.7654 14.5185 3
    endloop
  endfacet
  facet normal -0.0786136 0.996905 0
    outer loop
      vertex 70.2346 14.5185 3
      vertex 70 14.5 5
      vertex 70.2346 14.5185 5
    endloop
  endfacet
  facet normal -0.0786136 0.996905 0
    outer loop
      vertex 70 14.5 5
      vertex 70.2346 14.5185 3
      vertex 70 14.5 3
    endloop
  endfacet
  facet normal -0.233228 0.972422 0
    outer loop
      vertex 70.4635 14.5734 3
      vertex 70.2346 14.5185 5
      vertex 70.4635 14.5734 5
    endloop
  endfacet
  facet normal -0.233228 0.972422 0
    outer loop
      vertex 70.2346 14.5185 5
      vertex 70.4635 14.5734 3
      vertex 70.2346 14.5185 3
    endloop
  endfacet
  facet normal -0.64925 -0.760575 0
    outer loop
      vertex 70.8817 65.2135 3
      vertex 71.0607 65.0607 5
      vertex 70.8817 65.2135 5
    endloop
  endfacet
  facet normal -0.64925 -0.760575 -0
    outer loop
      vertex 71.0607 65.0607 5
      vertex 70.8817 65.2135 3
      vertex 71.0607 65.0607 3
    endloop
  endfacet
  facet normal 0.923867 0.382714 0
    outer loop
      vertex 68.6635 15.319 5
      vertex 68.5734 15.5365 3
      vertex 68.5734 15.5365 5
    endloop
  endfacet
  facet normal 0.923867 0.382714 0
    outer loop
      vertex 68.5734 15.5365 3
      vertex 68.6635 15.319 5
      vertex 68.6635 15.319 3
    endloop
  endfacet
  facet normal -0.382714 0.923867 0
    outer loop
      vertex 70.681 14.6635 3
      vertex 70.4635 14.5734 5
      vertex 70.681 14.6635 5
    endloop
  endfacet
  facet normal -0.382714 0.923867 0
    outer loop
      vertex 70.4635 14.5734 5
      vertex 70.681 14.6635 3
      vertex 70.4635 14.5734 3
    endloop
  endfacet
  facet normal -0.382714 -0.923867 0
    outer loop
      vertex 70.4635 65.4266 3
      vertex 70.681 65.3365 5
      vertex 70.4635 65.4266 5
    endloop
  endfacet
  facet normal -0.382714 -0.923867 -0
    outer loop
      vertex 70.681 65.3365 5
      vertex 70.4635 65.4266 3
      vertex 70.681 65.3365 3
    endloop
  endfacet
  facet normal -0.85262 -0.522532 0
    outer loop
      vertex 71.3365 64.681 3
      vertex 71.2135 64.8817 5
      vertex 71.2135 64.8817 3
    endloop
  endfacet
  facet normal -0.85262 -0.522532 0
    outer loop
      vertex 71.2135 64.8817 5
      vertex 71.3365 64.681 3
      vertex 71.3365 64.681 5
    endloop
  endfacet
  facet normal 0.972399 0.233325 0
    outer loop
      vertex 68.5734 15.5365 5
      vertex 68.5185 15.7653 3
      vertex 68.5185 15.7653 5
    endloop
  endfacet
  facet normal 0.972399 0.233325 0
    outer loop
      vertex 68.5185 15.7653 3
      vertex 68.5734 15.5365 5
      vertex 68.5734 15.5365 3
    endloop
  endfacet
  facet normal 0.522532 0.85262 -0
    outer loop
      vertex 69.319 14.6635 3
      vertex 69.1183 14.7865 5
      vertex 69.319 14.6635 5
    endloop
  endfacet
  facet normal 0.522532 0.85262 0
    outer loop
      vertex 69.1183 14.7865 5
      vertex 69.319 14.6635 3
      vertex 69.1183 14.7865 3
    endloop
  endfacet
  facet normal 0.64925 0.760575 -0
    outer loop
      vertex 69.1183 14.7865 3
      vertex 68.9393 14.9393 5
      vertex 69.1183 14.7865 5
    endloop
  endfacet
  facet normal 0.64925 0.760575 0
    outer loop
      vertex 68.9393 14.9393 5
      vertex 69.1183 14.7865 3
      vertex 68.9393 14.9393 3
    endloop
  endfacet
  facet normal -0.996905 -0.0786136 0
    outer loop
      vertex 71.5 64 3
      vertex 71.4815 64.2346 5
      vertex 71.4815 64.2346 3
    endloop
  endfacet
  facet normal -0.996905 -0.0786136 0
    outer loop
      vertex 71.4815 64.2346 5
      vertex 71.5 64 3
      vertex 71.5 64 5
    endloop
  endfacet
  facet normal 0.996908 0.0785803 0
    outer loop
      vertex 68.5185 15.7653 5
      vertex 68.5 16 3
      vertex 68.5 16 5
    endloop
  endfacet
  facet normal 0.996908 0.0785803 0
    outer loop
      vertex 68.5 16 3
      vertex 68.5185 15.7653 5
      vertex 68.5185 15.7653 3
    endloop
  endfacet
  facet normal -0.972422 -0.233228 0
    outer loop
      vertex 71.4815 64.2346 3
      vertex 71.4266 64.4635 5
      vertex 71.4266 64.4635 3
    endloop
  endfacet
  facet normal -0.972422 -0.233228 0
    outer loop
      vertex 71.4266 64.4635 5
      vertex 71.4815 64.2346 3
      vertex 71.4815 64.2346 5
    endloop
  endfacet
  facet normal 0.760575 0.64925 0
    outer loop
      vertex 68.9393 14.9393 5
      vertex 68.7865 15.1183 3
      vertex 68.7865 15.1183 5
    endloop
  endfacet
  facet normal 0.760575 0.64925 0
    outer loop
      vertex 68.7865 15.1183 3
      vertex 68.9393 14.9393 5
      vertex 68.9393 14.9393 3
    endloop
  endfacet
  facet normal -0.760575 0.64925 0
    outer loop
      vertex 71.0607 14.9393 3
      vertex 71.2135 15.1183 5
      vertex 71.2135 15.1183 3
    endloop
  endfacet
  facet normal -0.760575 0.64925 0
    outer loop
      vertex 71.2135 15.1183 5
      vertex 71.0607 14.9393 3
      vertex 71.0607 14.9393 5
    endloop
  endfacet
  facet normal 0.64925 -0.760575 0
    outer loop
      vertex 68.9393 65.0607 3
      vertex 69.1183 65.2135 5
      vertex 68.9393 65.0607 5
    endloop
  endfacet
  facet normal 0.64925 -0.760575 0
    outer loop
      vertex 69.1183 65.2135 5
      vertex 68.9393 65.0607 3
      vertex 69.1183 65.2135 3
    endloop
  endfacet
  facet normal -0.996908 0.0785803 0
    outer loop
      vertex 71.4815 15.7653 3
      vertex 71.5 16 5
      vertex 71.5 16 3
    endloop
  endfacet
  facet normal -0.996908 0.0785803 0
    outer loop
      vertex 71.5 16 5
      vertex 71.4815 15.7653 3
      vertex 71.4815 15.7653 5
    endloop
  endfacet
  facet normal 0.233228 0.972422 -0
    outer loop
      vertex 69.7654 14.5185 3
      vertex 69.5365 14.5734 5
      vertex 69.7654 14.5185 5
    endloop
  endfacet
  facet normal 0.233228 0.972422 0
    outer loop
      vertex 69.5365 14.5734 5
      vertex 69.7654 14.5185 3
      vertex 69.5365 14.5734 3
    endloop
  endfacet
  facet normal 0.0786136 -0.996905 0
    outer loop
      vertex 69.7654 65.4815 3
      vertex 70 65.5 5
      vertex 69.7654 65.4815 5
    endloop
  endfacet
  facet normal 0.0786136 -0.996905 0
    outer loop
      vertex 70 65.5 5
      vertex 69.7654 65.4815 3
      vertex 70 65.5 3
    endloop
  endfacet
  facet normal 0.85262 -0.522532 0
    outer loop
      vertex 68.6635 64.681 5
      vertex 68.7865 64.8817 3
      vertex 68.7865 64.8817 5
    endloop
  endfacet
  facet normal 0.85262 -0.522532 0
    outer loop
      vertex 68.7865 64.8817 3
      vertex 68.6635 64.681 5
      vertex 68.6635 64.681 3
    endloop
  endfacet
  facet normal -0.923867 0.382714 0
    outer loop
      vertex 71.3365 15.319 3
      vertex 71.4266 15.5365 5
      vertex 71.4266 15.5365 3
    endloop
  endfacet
  facet normal -0.923867 0.382714 0
    outer loop
      vertex 71.4266 15.5365 5
      vertex 71.3365 15.319 3
      vertex 71.3365 15.319 5
    endloop
  endfacet
  facet normal -0.972399 0.233325 0
    outer loop
      vertex 71.4266 15.5365 3
      vertex 71.4815 15.7653 5
      vertex 71.4815 15.7653 3
    endloop
  endfacet
  facet normal -0.972399 0.233325 0
    outer loop
      vertex 71.4815 15.7653 5
      vertex 71.4266 15.5365 3
      vertex 71.4266 15.5365 5
    endloop
  endfacet
  facet normal 0.522532 -0.85262 0
    outer loop
      vertex 69.1183 65.2135 3
      vertex 69.319 65.3365 5
      vertex 69.1183 65.2135 5
    endloop
  endfacet
  facet normal 0.522532 -0.85262 0
    outer loop
      vertex 69.319 65.3365 5
      vertex 69.1183 65.2135 3
      vertex 69.319 65.3365 3
    endloop
  endfacet
  facet normal -0.85262 0.522532 0
    outer loop
      vertex 71.2135 15.1183 3
      vertex 71.3365 15.319 5
      vertex 71.3365 15.319 3
    endloop
  endfacet
  facet normal -0.85262 0.522532 0
    outer loop
      vertex 71.3365 15.319 5
      vertex 71.2135 15.1183 3
      vertex 71.2135 15.1183 5
    endloop
  endfacet
  facet normal 0.972422 -0.233228 0
    outer loop
      vertex 68.5185 64.2346 5
      vertex 68.5734 64.4635 3
      vertex 68.5734 64.4635 5
    endloop
  endfacet
  facet normal 0.972422 -0.233228 0
    outer loop
      vertex 68.5734 64.4635 3
      vertex 68.5185 64.2346 5
      vertex 68.5185 64.2346 3
    endloop
  endfacet
  facet normal -0.923867 -0.382714 0
    outer loop
      vertex 71.4266 64.4635 3
      vertex 71.3365 64.681 5
      vertex 71.3365 64.681 3
    endloop
  endfacet
  facet normal -0.923867 -0.382714 0
    outer loop
      vertex 71.3365 64.681 5
      vertex 71.4266 64.4635 3
      vertex 71.4266 64.4635 5
    endloop
  endfacet
  facet normal -0.522532 0.85262 0
    outer loop
      vertex 70.8817 14.7865 3
      vertex 70.681 14.6635 5
      vertex 70.8817 14.7865 5
    endloop
  endfacet
  facet normal -0.522532 0.85262 0
    outer loop
      vertex 70.681 14.6635 5
      vertex 70.8817 14.7865 3
      vertex 70.681 14.6635 3
    endloop
  endfacet
  facet normal 0.382714 0.923867 -0
    outer loop
      vertex 69.5365 14.5734 3
      vertex 69.319 14.6635 5
      vertex 69.5365 14.5734 5
    endloop
  endfacet
  facet normal 0.382714 0.923867 0
    outer loop
      vertex 69.319 14.6635 5
      vertex 69.5365 14.5734 3
      vertex 69.319 14.6635 3
    endloop
  endfacet
  facet normal 0.85262 0.522532 0
    outer loop
      vertex 68.7865 15.1183 5
      vertex 68.6635 15.319 3
      vertex 68.6635 15.319 5
    endloop
  endfacet
  facet normal 0.85262 0.522532 0
    outer loop
      vertex 68.6635 15.319 3
      vertex 68.7865 15.1183 5
      vertex 68.7865 15.1183 3
    endloop
  endfacet
  facet normal -0.0786136 -0.996905 0
    outer loop
      vertex 70 65.5 3
      vertex 70.2346 65.4815 5
      vertex 70 65.5 5
    endloop
  endfacet
  facet normal -0.0786136 -0.996905 -0
    outer loop
      vertex 70.2346 65.4815 5
      vertex 70 65.5 3
      vertex 70.2346 65.4815 3
    endloop
  endfacet
  facet normal 0.996905 -0.0786136 0
    outer loop
      vertex 68.5 64 5
      vertex 68.5185 64.2346 3
      vertex 68.5185 64.2346 5
    endloop
  endfacet
  facet normal 0.996905 -0.0786136 0
    outer loop
      vertex 68.5185 64.2346 3
      vertex 68.5 64 5
      vertex 68.5 64 3
    endloop
  endfacet
  facet normal 0.382714 -0.923867 0
    outer loop
      vertex 69.319 65.3365 3
      vertex 69.5365 65.4266 5
      vertex 69.319 65.3365 5
    endloop
  endfacet
  facet normal 0.382714 -0.923867 0
    outer loop
      vertex 69.5365 65.4266 5
      vertex 69.319 65.3365 3
      vertex 69.5365 65.4266 3
    endloop
  endfacet
  facet normal 0.233228 -0.972422 0
    outer loop
      vertex 69.5365 65.4266 3
      vertex 69.7654 65.4815 5
      vertex 69.5365 65.4266 5
    endloop
  endfacet
  facet normal 0.233228 -0.972422 0
    outer loop
      vertex 69.7654 65.4815 5
      vertex 69.5365 65.4266 3
      vertex 69.7654 65.4815 3
    endloop
  endfacet
  facet normal -0.233228 -0.972422 0
    outer loop
      vertex 70.2346 65.4815 3
      vertex 70.4635 65.4266 5
      vertex 70.2346 65.4815 5
    endloop
  endfacet
  facet normal -0.233228 -0.972422 -0
    outer loop
      vertex 70.4635 65.4266 5
      vertex 70.2346 65.4815 3
      vertex 70.4635 65.4266 3
    endloop
  endfacet
  facet normal 0.760575 -0.64925 0
    outer loop
      vertex 68.7865 64.8817 5
      vertex 68.9393 65.0607 3
      vertex 68.9393 65.0607 5
    endloop
  endfacet
  facet normal 0.760575 -0.64925 0
    outer loop
      vertex 68.9393 65.0607 3
      vertex 68.7865 64.8817 5
      vertex 68.7865 64.8817 3
    endloop
  endfacet
  facet normal 1 -0 0
    outer loop
      vertex 76.5 16 5
      vertex 76.5 64 3
      vertex 76.5 64 5
    endloop
  endfacet
  facet normal 1 0 0
    outer loop
      vertex 76.5 64 3
      vertex 76.5 16 5
      vertex 76.5 16 3
    endloop
  endfacet
  facet normal 0.972422 -0.233228 0
    outer loop
      vertex 76.5185 64.2346 5
      vertex 76.5734 64.4635 3
      vertex 76.5734 64.4635 5
    endloop
  endfacet
  facet normal 0.972422 -0.233228 0
    outer loop
      vertex 76.5734 64.4635 3
      vertex 76.5185 64.2346 5
      vertex 76.5185 64.2346 3
    endloop
  endfacet
  facet normal -1 0 0
    outer loop
      vertex 79.5 16 3
      vertex 79.5 64 5
      vertex 79.5 64 3
    endloop
  endfacet
  facet normal -1 -0 0
    outer loop
      vertex 79.5 64 5
      vertex 79.5 16 3
      vertex 79.5 16 5
    endloop
  endfacet
  facet normal 0.760575 0.64925 0
    outer loop
      vertex 76.9393 14.9393 5
      vertex 76.7865 15.1183 3
      vertex 76.7865 15.1183 5
    endloop
  endfacet
  facet normal 0.760575 0.64925 0
    outer loop
      vertex 76.7865 15.1183 3
      vertex 76.9393 14.9393 5
      vertex 76.9393 14.9393 3
    endloop
  endfacet
  facet normal 0.996908 0.0785803 0
    outer loop
      vertex 76.5185 15.7653 5
      vertex 76.5 16 3
      vertex 76.5 16 5
    endloop
  endfacet
  facet normal 0.996908 0.0785803 0
    outer loop
      vertex 76.5 16 3
      vertex 76.5185 15.7653 5
      vertex 76.5185 15.7653 3
    endloop
  endfacet
  facet normal 0.85262 -0.522532 0
    outer loop
      vertex 76.6635 64.681 5
      vertex 76.7865 64.8817 3
      vertex 76.7865 64.8817 5
    endloop
  endfacet
  facet normal 0.85262 -0.522532 0
    outer loop
      vertex 76.7865 64.8817 3
      vertex 76.6635 64.681 5
      vertex 76.6635 64.681 3
    endloop
  endfacet
  facet normal 0.0786136 0.996905 -0
    outer loop
      vertex 78 14.5 3
      vertex 77.7654 14.5185 5
      vertex 78 14.5 5
    endloop
  endfacet
  facet normal 0.0786136 0.996905 0
    outer loop
      vertex 77.7654 14.5185 5
      vertex 78 14.5 3
      vertex 77.7654 14.5185 3
    endloop
  endfacet
  facet normal -0.522532 0.85262 0
    outer loop
      vertex 78.8817 14.7865 3
      vertex 78.681 14.6635 5
      vertex 78.8817 14.7865 5
    endloop
  endfacet
  facet normal -0.522532 0.85262 0
    outer loop
      vertex 78.681 14.6635 5
      vertex 78.8817 14.7865 3
      vertex 78.681 14.6635 3
    endloop
  endfacet
  facet normal -0.382714 -0.923867 0
    outer loop
      vertex 78.4635 65.4266 3
      vertex 78.681 65.3365 5
      vertex 78.4635 65.4266 5
    endloop
  endfacet
  facet normal -0.382714 -0.923867 -0
    outer loop
      vertex 78.681 65.3365 5
      vertex 78.4635 65.4266 3
      vertex 78.681 65.3365 3
    endloop
  endfacet
  facet normal 0.64925 -0.760575 0
    outer loop
      vertex 76.9393 65.0607 3
      vertex 77.1183 65.2135 5
      vertex 76.9393 65.0607 5
    endloop
  endfacet
  facet normal 0.64925 -0.760575 0
    outer loop
      vertex 77.1183 65.2135 5
      vertex 76.9393 65.0607 3
      vertex 77.1183 65.2135 3
    endloop
  endfacet
  facet normal 0.64925 0.760575 -0
    outer loop
      vertex 77.1183 14.7865 3
      vertex 76.9393 14.9393 5
      vertex 77.1183 14.7865 5
    endloop
  endfacet
  facet normal 0.64925 0.760575 0
    outer loop
      vertex 76.9393 14.9393 5
      vertex 77.1183 14.7865 3
      vertex 76.9393 14.9393 3
    endloop
  endfacet
  facet normal -0.85262 0.522532 0
    outer loop
      vertex 79.2135 15.1183 3
      vertex 79.3365 15.319 5
      vertex 79.3365 15.319 3
    endloop
  endfacet
  facet normal -0.85262 0.522532 0
    outer loop
      vertex 79.3365 15.319 5
      vertex 79.2135 15.1183 3
      vertex 79.2135 15.1183 5
    endloop
  endfacet
  facet normal 0.760575 -0.64925 0
    outer loop
      vertex 76.7865 64.8817 5
      vertex 76.9393 65.0607 3
      vertex 76.9393 65.0607 5
    endloop
  endfacet
  facet normal 0.760575 -0.64925 0
    outer loop
      vertex 76.9393 65.0607 3
      vertex 76.7865 64.8817 5
      vertex 76.7865 64.8817 3
    endloop
  endfacet
  facet normal -0.0786136 -0.996905 0
    outer loop
      vertex 78 65.5 3
      vertex 78.2346 65.4815 5
      vertex 78 65.5 5
    endloop
  endfacet
  facet normal -0.0786136 -0.996905 -0
    outer loop
      vertex 78.2346 65.4815 5
      vertex 78 65.5 3
      vertex 78.2346 65.4815 3
    endloop
  endfacet
  facet normal -0.382714 0.923867 0
    outer loop
      vertex 78.681 14.6635 3
      vertex 78.4635 14.5734 5
      vertex 78.681 14.6635 5
    endloop
  endfacet
  facet normal -0.382714 0.923867 0
    outer loop
      vertex 78.4635 14.5734 5
      vertex 78.681 14.6635 3
      vertex 78.4635 14.5734 3
    endloop
  endfacet
  facet normal 0.85262 0.522532 0
    outer loop
      vertex 76.7865 15.1183 5
      vertex 76.6635 15.319 3
      vertex 76.6635 15.319 5
    endloop
  endfacet
  facet normal 0.85262 0.522532 0
    outer loop
      vertex 76.6635 15.319 3
      vertex 76.7865 15.1183 5
      vertex 76.7865 15.1183 3
    endloop
  endfacet
  facet normal 0.923867 0.382714 0
    outer loop
      vertex 76.6635 15.319 5
      vertex 76.5734 15.5365 3
      vertex 76.5734 15.5365 5
    endloop
  endfacet
  facet normal 0.923867 0.382714 0
    outer loop
      vertex 76.5734 15.5365 3
      vertex 76.6635 15.319 5
      vertex 76.6635 15.319 3
    endloop
  endfacet
  facet normal 0.972399 0.233325 0
    outer loop
      vertex 76.5734 15.5365 5
      vertex 76.5185 15.7653 3
      vertex 76.5185 15.7653 5
    endloop
  endfacet
  facet normal 0.972399 0.233325 0
    outer loop
      vertex 76.5185 15.7653 3
      vertex 76.5734 15.5365 5
      vertex 76.5734 15.5365 3
    endloop
  endfacet
  facet normal -0.996908 0.0785803 0
    outer loop
      vertex 79.4815 15.7653 3
      vertex 79.5 16 5
      vertex 79.5 16 3
    endloop
  endfacet
  facet normal -0.996908 0.0785803 0
    outer loop
      vertex 79.5 16 5
      vertex 79.4815 15.7653 3
      vertex 79.4815 15.7653 5
    endloop
  endfacet
  facet normal 0.522532 0.85262 -0
    outer loop
      vertex 77.319 14.6635 3
      vertex 77.1183 14.7865 5
      vertex 77.319 14.6635 5
    endloop
  endfacet
  facet normal 0.522532 0.85262 0
    outer loop
      vertex 77.1183 14.7865 5
      vertex 77.319 14.6635 3
      vertex 77.1183 14.7865 3
    endloop
  endfacet
  facet normal 0.382714 0.923867 -0
    outer loop
      vertex 77.5365 14.5734 3
      vertex 77.319 14.6635 5
      vertex 77.5365 14.5734 5
    endloop
  endfacet
  facet normal 0.382714 0.923867 0
    outer loop
      vertex 77.319 14.6635 5
      vertex 77.5365 14.5734 3
      vertex 77.319 14.6635 3
    endloop
  endfacet
  facet normal -0.522532 -0.85262 0
    outer loop
      vertex 78.681 65.3365 3
      vertex 78.8817 65.2135 5
      vertex 78.681 65.3365 5
    endloop
  endfacet
  facet normal -0.522532 -0.85262 -0
    outer loop
      vertex 78.8817 65.2135 5
      vertex 78.681 65.3365 3
      vertex 78.8817 65.2135 3
    endloop
  endfacet
  facet normal 0.233228 0.972422 -0
    outer loop
      vertex 77.7654 14.5185 3
      vertex 77.5365 14.5734 5
      vertex 77.7654 14.5185 5
    endloop
  endfacet
  facet normal 0.233228 0.972422 0
    outer loop
      vertex 77.5365 14.5734 5
      vertex 77.7654 14.5185 3
      vertex 77.5365 14.5734 3
    endloop
  endfacet
  facet normal 0.233228 -0.972422 0
    outer loop
      vertex 77.5365 65.4266 3
      vertex 77.7654 65.4815 5
      vertex 77.5365 65.4266 5
    endloop
  endfacet
  facet normal 0.233228 -0.972422 0
    outer loop
      vertex 77.7654 65.4815 5
      vertex 77.5365 65.4266 3
      vertex 77.7654 65.4815 3
    endloop
  endfacet
  facet normal -0.0786136 0.996905 0
    outer loop
      vertex 78.2346 14.5185 3
      vertex 78 14.5 5
      vertex 78.2346 14.5185 5
    endloop
  endfacet
  facet normal -0.0786136 0.996905 0
    outer loop
      vertex 78 14.5 5
      vertex 78.2346 14.5185 3
      vertex 78 14.5 3
    endloop
  endfacet
  facet normal -0.64925 0.760575 0
    outer loop
      vertex 79.0607 14.9393 3
      vertex 78.8817 14.7865 5
      vertex 79.0607 14.9393 5
    endloop
  endfacet
  facet normal -0.64925 0.760575 0
    outer loop
      vertex 78.8817 14.7865 5
      vertex 79.0607 14.9393 3
      vertex 78.8817 14.7865 3
    endloop
  endfacet
  facet normal -0.233228 0.972422 0
    outer loop
      vertex 78.4635 14.5734 3
      vertex 78.2346 14.5185 5
      vertex 78.4635 14.5734 5
    endloop
  endfacet
  facet normal -0.233228 0.972422 0
    outer loop
      vertex 78.2346 14.5185 5
      vertex 78.4635 14.5734 3
      vertex 78.2346 14.5185 3
    endloop
  endfacet
  facet normal 0.923867 -0.382714 0
    outer loop
      vertex 76.5734 64.4635 5
      vertex 76.6635 64.681 3
      vertex 76.6635 64.681 5
    endloop
  endfacet
  facet normal 0.923867 -0.382714 0
    outer loop
      vertex 76.6635 64.681 3
      vertex 76.5734 64.4635 5
      vertex 76.5734 64.4635 3
    endloop
  endfacet
  facet normal 0.996905 -0.0786136 0
    outer loop
      vertex 76.5 64 5
      vertex 76.5185 64.2346 3
      vertex 76.5185 64.2346 5
    endloop
  endfacet
  facet normal 0.996905 -0.0786136 0
    outer loop
      vertex 76.5185 64.2346 3
      vertex 76.5 64 5
      vertex 76.5 64 3
    endloop
  endfacet
  facet normal 0.522532 -0.85262 0
    outer loop
      vertex 77.1183 65.2135 3
      vertex 77.319 65.3365 5
      vertex 77.1183 65.2135 5
    endloop
  endfacet
  facet normal 0.522532 -0.85262 0
    outer loop
      vertex 77.319 65.3365 5
      vertex 77.1183 65.2135 3
      vertex 77.319 65.3365 3
    endloop
  endfacet
  facet normal -0.760575 0.64925 0
    outer loop
      vertex 79.0607 14.9393 3
      vertex 79.2135 15.1183 5
      vertex 79.2135 15.1183 3
    endloop
  endfacet
  facet normal -0.760575 0.64925 0
    outer loop
      vertex 79.2135 15.1183 5
      vertex 79.0607 14.9393 3
      vertex 79.0607 14.9393 5
    endloop
  endfacet
  facet normal -0.996905 -0.0786136 0
    outer loop
      vertex 79.5 64 3
      vertex 79.4815 64.2346 5
      vertex 79.4815 64.2346 3
    endloop
  endfacet
  facet normal -0.996905 -0.0786136 0
    outer loop
      vertex 79.4815 64.2346 5
      vertex 79.5 64 3
      vertex 79.5 64 5
    endloop
  endfacet
  facet normal -0.972422 -0.233228 0
    outer loop
      vertex 79.4815 64.2346 3
      vertex 79.4266 64.4635 5
      vertex 79.4266 64.4635 3
    endloop
  endfacet
  facet normal -0.972422 -0.233228 0
    outer loop
      vertex 79.4266 64.4635 5
      vertex 79.4815 64.2346 3
      vertex 79.4815 64.2346 5
    endloop
  endfacet
  facet normal 0.0786136 -0.996905 0
    outer loop
      vertex 77.7654 65.4815 3
      vertex 78 65.5 5
      vertex 77.7654 65.4815 5
    endloop
  endfacet
  facet normal 0.0786136 -0.996905 0
    outer loop
      vertex 78 65.5 5
      vertex 77.7654 65.4815 3
      vertex 78 65.5 3
    endloop
  endfacet
  facet normal -0.760575 -0.64925 0
    outer loop
      vertex 79.2135 64.8817 3
      vertex 79.0607 65.0607 5
      vertex 79.0607 65.0607 3
    endloop
  endfacet
  facet normal -0.760575 -0.64925 0
    outer loop
      vertex 79.0607 65.0607 5
      vertex 79.2135 64.8817 3
      vertex 79.2135 64.8817 5
    endloop
  endfacet
  facet normal -0.923867 0.382714 0
    outer loop
      vertex 79.3365 15.319 3
      vertex 79.4266 15.5365 5
      vertex 79.4266 15.5365 3
    endloop
  endfacet
  facet normal -0.923867 0.382714 0
    outer loop
      vertex 79.4266 15.5365 5
      vertex 79.3365 15.319 3
      vertex 79.3365 15.319 5
    endloop
  endfacet
  facet normal -0.972399 0.233325 0
    outer loop
      vertex 79.4266 15.5365 3
      vertex 79.4815 15.7653 5
      vertex 79.4815 15.7653 3
    endloop
  endfacet
  facet normal -0.972399 0.233325 0
    outer loop
      vertex 79.4815 15.7653 5
      vertex 79.4266 15.5365 3
      vertex 79.4266 15.5365 5
    endloop
  endfacet
  facet normal -0.64925 -0.760575 0
    outer loop
      vertex 78.8817 65.2135 3
      vertex 79.0607 65.0607 5
      vertex 78.8817 65.2135 5
    endloop
  endfacet
  facet normal -0.64925 -0.760575 -0
    outer loop
      vertex 79.0607 65.0607 5
      vertex 78.8817 65.2135 3
      vertex 79.0607 65.0607 3
    endloop
  endfacet
  facet normal -0.233228 -0.972422 0
    outer loop
      vertex 78.2346 65.4815 3
      vertex 78.4635 65.4266 5
      vertex 78.2346 65.4815 5
    endloop
  endfacet
  facet normal -0.233228 -0.972422 -0
    outer loop
      vertex 78.4635 65.4266 5
      vertex 78.2346 65.4815 3
      vertex 78.4635 65.4266 3
    endloop
  endfacet
  facet normal -0.923867 -0.382714 0
    outer loop
      vertex 79.4266 64.4635 3
      vertex 79.3365 64.681 5
      vertex 79.3365 64.681 3
    endloop
  endfacet
  facet normal -0.923867 -0.382714 0
    outer loop
      vertex 79.3365 64.681 5
      vertex 79.4266 64.4635 3
      vertex 79.4266 64.4635 5
    endloop
  endfacet
  facet normal -0.85262 -0.522532 0
    outer loop
      vertex 79.3365 64.681 3
      vertex 79.2135 64.8817 5
      vertex 79.2135 64.8817 3
    endloop
  endfacet
  facet normal -0.85262 -0.522532 0
    outer loop
      vertex 79.2135 64.8817 5
      vertex 79.3365 64.681 3
      vertex 79.3365 64.681 5
    endloop
  endfacet
  facet normal 0.382714 -0.923867 0
    outer loop
      vertex 77.319 65.3365 3
      vertex 77.5365 65.4266 5
      vertex 77.319 65.3365 5
    endloop
  endfacet
  facet normal 0.382714 -0.923867 0
    outer loop
      vertex 77.5365 65.4266 5
      vertex 77.319 65.3365 3
      vertex 77.5365 65.4266 3
    endloop
  endfacet
  facet normal 0.522532 -0.85262 0
    outer loop
      vertex 85.1183 65.2135 3
      vertex 85.319 65.3365 5
      vertex 85.1183 65.2135 5
    endloop
  endfacet
  facet normal 0.522532 -0.85262 0
    outer loop
      vertex 85.319 65.3365 5
      vertex 85.1183 65.2135 3
      vertex 85.319 65.3365 3
    endloop
  endfacet
  facet normal 0.996908 0.0785803 0
    outer loop
      vertex 84.5185 15.7653 5
      vertex 84.5 16 3
      vertex 84.5 16 5
    endloop
  endfacet
  facet normal 0.996908 0.0785803 0
    outer loop
      vertex 84.5 16 3
      vertex 84.5185 15.7653 5
      vertex 84.5185 15.7653 3
    endloop
  endfacet
  facet normal 1 -0 0
    outer loop
      vertex 84.5 16 5
      vertex 84.5 64 3
      vertex 84.5 64 5
    endloop
  endfacet
  facet normal 1 0 0
    outer loop
      vertex 84.5 64 3
      vertex 84.5 16 5
      vertex 84.5 16 3
    endloop
  endfacet
  facet normal -1 0 0
    outer loop
      vertex 87.5 16 3
      vertex 87.5 64 5
      vertex 87.5 64 3
    endloop
  endfacet
  facet normal -1 -0 0
    outer loop
      vertex 87.5 64 5
      vertex 87.5 16 3
      vertex 87.5 16 5
    endloop
  endfacet
  facet normal 0.760575 -0.64925 0
    outer loop
      vertex 84.7865 64.8817 5
      vertex 84.9393 65.0607 3
      vertex 84.9393 65.0607 5
    endloop
  endfacet
  facet normal 0.760575 -0.64925 0
    outer loop
      vertex 84.9393 65.0607 3
      vertex 84.7865 64.8817 5
      vertex 84.7865 64.8817 3
    endloop
  endfacet
  facet normal -0.760575 -0.64925 0
    outer loop
      vertex 87.2135 64.8817 3
      vertex 87.0607 65.0607 5
      vertex 87.0607 65.0607 3
    endloop
  endfacet
  facet normal -0.760575 -0.64925 0
    outer loop
      vertex 87.0607 65.0607 5
      vertex 87.2135 64.8817 3
      vertex 87.2135 64.8817 5
    endloop
  endfacet
  facet normal 0.972399 0.233325 0
    outer loop
      vertex 84.5734 15.5365 5
      vertex 84.5185 15.7653 3
      vertex 84.5185 15.7653 5
    endloop
  endfacet
  facet normal 0.972399 0.233325 0
    outer loop
      vertex 84.5185 15.7653 3
      vertex 84.5734 15.5365 5
      vertex 84.5734 15.5365 3
    endloop
  endfacet
  facet normal 0.760575 0.64925 0
    outer loop
      vertex 84.9393 14.9393 5
      vertex 84.7865 15.1183 3
      vertex 84.7865 15.1183 5
    endloop
  endfacet
  facet normal 0.760575 0.64925 0
    outer loop
      vertex 84.7865 15.1183 3
      vertex 84.9393 14.9393 5
      vertex 84.9393 14.9393 3
    endloop
  endfacet
  facet normal -0.233228 0.972422 0
    outer loop
      vertex 86.4635 14.5734 3
      vertex 86.2346 14.5185 5
      vertex 86.4635 14.5734 5
    endloop
  endfacet
  facet normal -0.233228 0.972422 0
    outer loop
      vertex 86.2346 14.5185 5
      vertex 86.4635 14.5734 3
      vertex 86.2346 14.5185 3
    endloop
  endfacet
  facet normal -0.996905 -0.0786136 0
    outer loop
      vertex 87.5 64 3
      vertex 87.4815 64.2346 5
      vertex 87.4815 64.2346 3
    endloop
  endfacet
  facet normal -0.996905 -0.0786136 0
    outer loop
      vertex 87.4815 64.2346 5
      vertex 87.5 64 3
      vertex 87.5 64 5
    endloop
  endfacet
  facet normal -0.972399 0.233325 0
    outer loop
      vertex 87.4266 15.5365 3
      vertex 87.4815 15.7653 5
      vertex 87.4815 15.7653 3
    endloop
  endfacet
  facet normal -0.972399 0.233325 0
    outer loop
      vertex 87.4815 15.7653 5
      vertex 87.4266 15.5365 3
      vertex 87.4266 15.5365 5
    endloop
  endfacet
  facet normal 0.923867 0.382714 0
    outer loop
      vertex 84.6635 15.319 5
      vertex 84.5734 15.5365 3
      vertex 84.5734 15.5365 5
    endloop
  endfacet
  facet normal 0.923867 0.382714 0
    outer loop
      vertex 84.5734 15.5365 3
      vertex 84.6635 15.319 5
      vertex 84.6635 15.319 3
    endloop
  endfacet
  facet normal -0.85262 -0.522532 0
    outer loop
      vertex 87.3365 64.681 3
      vertex 87.2135 64.8817 5
      vertex 87.2135 64.8817 3
    endloop
  endfacet
  facet normal -0.85262 -0.522532 0
    outer loop
      vertex 87.2135 64.8817 5
      vertex 87.3365 64.681 3
      vertex 87.3365 64.681 5
    endloop
  endfacet
  facet normal -0.382714 0.923867 0
    outer loop
      vertex 86.681 14.6635 3
      vertex 86.4635 14.5734 5
      vertex 86.681 14.6635 5
    endloop
  endfacet
  facet normal -0.382714 0.923867 0
    outer loop
      vertex 86.4635 14.5734 5
      vertex 86.681 14.6635 3
      vertex 86.4635 14.5734 3
    endloop
  endfacet
  facet normal -0.233228 -0.972422 0
    outer loop
      vertex 86.2346 65.4815 3
      vertex 86.4635 65.4266 5
      vertex 86.2346 65.4815 5
    endloop
  endfacet
  facet normal -0.233228 -0.972422 -0
    outer loop
      vertex 86.4635 65.4266 5
      vertex 86.2346 65.4815 3
      vertex 86.4635 65.4266 3
    endloop
  endfacet
  facet normal 0.64925 0.760575 -0
    outer loop
      vertex 85.1183 14.7865 3
      vertex 84.9393 14.9393 5
      vertex 85.1183 14.7865 5
    endloop
  endfacet
  facet normal 0.64925 0.760575 0
    outer loop
      vertex 84.9393 14.9393 5
      vertex 85.1183 14.7865 3
      vertex 84.9393 14.9393 3
    endloop
  endfacet
  facet normal 0.85262 0.522532 0
    outer loop
      vertex 84.7865 15.1183 5
      vertex 84.6635 15.319 3
      vertex 84.6635 15.319 5
    endloop
  endfacet
  facet normal 0.85262 0.522532 0
    outer loop
      vertex 84.6635 15.319 3
      vertex 84.7865 15.1183 5
      vertex 84.7865 15.1183 3
    endloop
  endfacet
  facet normal 0.233228 0.972422 -0
    outer loop
      vertex 85.7654 14.5185 3
      vertex 85.5365 14.5734 5
      vertex 85.7654 14.5185 5
    endloop
  endfacet
  facet normal 0.233228 0.972422 0
    outer loop
      vertex 85.5365 14.5734 5
      vertex 85.7654 14.5185 3
      vertex 85.5365 14.5734 3
    endloop
  endfacet
  facet normal -0.923867 0.382714 0
    outer loop
      vertex 87.3365 15.319 3
      vertex 87.4266 15.5365 5
      vertex 87.4266 15.5365 3
    endloop
  endfacet
  facet normal -0.923867 0.382714 0
    outer loop
      vertex 87.4266 15.5365 5
      vertex 87.3365 15.319 3
      vertex 87.3365 15.319 5
    endloop
  endfacet
  facet normal 0.522532 0.85262 -0
    outer loop
      vertex 85.319 14.6635 3
      vertex 85.1183 14.7865 5
      vertex 85.319 14.6635 5
    endloop
  endfacet
  facet normal 0.522532 0.85262 0
    outer loop
      vertex 85.1183 14.7865 5
      vertex 85.319 14.6635 3
      vertex 85.1183 14.7865 3
    endloop
  endfacet
  facet normal -0.85262 0.522532 0
    outer loop
      vertex 87.2135 15.1183 3
      vertex 87.3365 15.319 5
      vertex 87.3365 15.319 3
    endloop
  endfacet
  facet normal -0.85262 0.522532 0
    outer loop
      vertex 87.3365 15.319 5
      vertex 87.2135 15.1183 3
      vertex 87.2135 15.1183 5
    endloop
  endfacet
  facet normal -0.0786136 0.996905 0
    outer loop
      vertex 86.2346 14.5185 3
      vertex 86 14.5 5
      vertex 86.2346 14.5185 5
    endloop
  endfacet
  facet normal -0.0786136 0.996905 0
    outer loop
      vertex 86 14.5 5
      vertex 86.2346 14.5185 3
      vertex 86 14.5 3
    endloop
  endfacet
  facet normal -0.760575 0.64925 0
    outer loop
      vertex 87.0607 14.9393 3
      vertex 87.2135 15.1183 5
      vertex 87.2135 15.1183 3
    endloop
  endfacet
  facet normal -0.760575 0.64925 0
    outer loop
      vertex 87.2135 15.1183 5
      vertex 87.0607 14.9393 3
      vertex 87.0607 14.9393 5
    endloop
  endfacet
  facet normal -0.522532 0.85262 0
    outer loop
      vertex 86.8817 14.7865 3
      vertex 86.681 14.6635 5
      vertex 86.8817 14.7865 5
    endloop
  endfacet
  facet normal -0.522532 0.85262 0
    outer loop
      vertex 86.681 14.6635 5
      vertex 86.8817 14.7865 3
      vertex 86.681 14.6635 3
    endloop
  endfacet
  facet normal 0.85262 -0.522532 0
    outer loop
      vertex 84.6635 64.681 5
      vertex 84.7865 64.8817 3
      vertex 84.7865 64.8817 5
    endloop
  endfacet
  facet normal 0.85262 -0.522532 0
    outer loop
      vertex 84.7865 64.8817 3
      vertex 84.6635 64.681 5
      vertex 84.6635 64.681 3
    endloop
  endfacet
  facet normal -0.996908 0.0785803 0
    outer loop
      vertex 87.4815 15.7653 3
      vertex 87.5 16 5
      vertex 87.5 16 3
    endloop
  endfacet
  facet normal -0.996908 0.0785803 0
    outer loop
      vertex 87.5 16 5
      vertex 87.4815 15.7653 3
      vertex 87.4815 15.7653 5
    endloop
  endfacet
  facet normal 0.972422 -0.233228 0
    outer loop
      vertex 84.5185 64.2346 5
      vertex 84.5734 64.4635 3
      vertex 84.5734 64.4635 5
    endloop
  endfacet
  facet normal 0.972422 -0.233228 0
    outer loop
      vertex 84.5734 64.4635 3
      vertex 84.5185 64.2346 5
      vertex 84.5185 64.2346 3
    endloop
  endfacet
  facet normal 0.382714 0.923867 -0
    outer loop
      vertex 85.5365 14.5734 3
      vertex 85.319 14.6635 5
      vertex 85.5365 14.5734 5
    endloop
  endfacet
  facet normal 0.382714 0.923867 0
    outer loop
      vertex 85.319 14.6635 5
      vertex 85.5365 14.5734 3
      vertex 85.319 14.6635 3
    endloop
  endfacet
  facet normal 0.996905 -0.0786136 0
    outer loop
      vertex 84.5 64 5
      vertex 84.5185 64.2346 3
      vertex 84.5185 64.2346 5
    endloop
  endfacet
  facet normal 0.996905 -0.0786136 0
    outer loop
      vertex 84.5185 64.2346 3
      vertex 84.5 64 5
      vertex 84.5 64 3
    endloop
  endfacet
  facet normal 0.0786136 0.996905 -0
    outer loop
      vertex 86 14.5 3
      vertex 85.7654 14.5185 5
      vertex 86 14.5 5
    endloop
  endfacet
  facet normal 0.0786136 0.996905 0
    outer loop
      vertex 85.7654 14.5185 5
      vertex 86 14.5 3
      vertex 85.7654 14.5185 3
    endloop
  endfacet
  facet normal 0.64925 -0.760575 0
    outer loop
      vertex 84.9393 65.0607 3
      vertex 85.1183 65.2135 5
      vertex 84.9393 65.0607 5
    endloop
  endfacet
  facet normal 0.64925 -0.760575 0
    outer loop
      vertex 85.1183 65.2135 5
      vertex 84.9393 65.0607 3
      vertex 85.1183 65.2135 3
    endloop
  endfacet
  facet normal -0.522532 -0.85262 0
    outer loop
      vertex 86.681 65.3365 3
      vertex 86.8817 65.2135 5
      vertex 86.681 65.3365 5
    endloop
  endfacet
  facet normal -0.522532 -0.85262 -0
    outer loop
      vertex 86.8817 65.2135 5
      vertex 86.681 65.3365 3
      vertex 86.8817 65.2135 3
    endloop
  endfacet
  facet normal -0.64925 0.760575 0
    outer loop
      vertex 87.0607 14.9393 3
      vertex 86.8817 14.7865 5
      vertex 87.0607 14.9393 5
    endloop
  endfacet
  facet normal -0.64925 0.760575 0
    outer loop
      vertex 86.8817 14.7865 5
      vertex 87.0607 14.9393 3
      vertex 86.8817 14.7865 3
    endloop
  endfacet
  facet normal -0.972422 -0.233228 0
    outer loop
      vertex 87.4815 64.2346 3
      vertex 87.4266 64.4635 5
      vertex 87.4266 64.4635 3
    endloop
  endfacet
  facet normal -0.972422 -0.233228 0
    outer loop
      vertex 87.4266 64.4635 5
      vertex 87.4815 64.2346 3
      vertex 87.4815 64.2346 5
    endloop
  endfacet
  facet normal 0.233228 -0.972422 0
    outer loop
      vertex 85.5365 65.4266 3
      vertex 85.7654 65.4815 5
      vertex 85.5365 65.4266 5
    endloop
  endfacet
  facet normal 0.233228 -0.972422 0
    outer loop
      vertex 85.7654 65.4815 5
      vertex 85.5365 65.4266 3
      vertex 85.7654 65.4815 3
    endloop
  endfacet
  facet normal 0.382714 -0.923867 0
    outer loop
      vertex 85.319 65.3365 3
      vertex 85.5365 65.4266 5
      vertex 85.319 65.3365 5
    endloop
  endfacet
  facet normal 0.382714 -0.923867 0
    outer loop
      vertex 85.5365 65.4266 5
      vertex 85.319 65.3365 3
      vertex 85.5365 65.4266 3
    endloop
  endfacet
  facet normal -0.923867 -0.382714 0
    outer loop
      vertex 87.4266 64.4635 3
      vertex 87.3365 64.681 5
      vertex 87.3365 64.681 3
    endloop
  endfacet
  facet normal -0.923867 -0.382714 0
    outer loop
      vertex 87.3365 64.681 5
      vertex 87.4266 64.4635 3
      vertex 87.4266 64.4635 5
    endloop
  endfacet
  facet normal -0.382714 -0.923867 0
    outer loop
      vertex 86.4635 65.4266 3
      vertex 86.681 65.3365 5
      vertex 86.4635 65.4266 5
    endloop
  endfacet
  facet normal -0.382714 -0.923867 -0
    outer loop
      vertex 86.681 65.3365 5
      vertex 86.4635 65.4266 3
      vertex 86.681 65.3365 3
    endloop
  endfacet
  facet normal 0.0786136 -0.996905 0
    outer loop
      vertex 85.7654 65.4815 3
      vertex 86 65.5 5
      vertex 85.7654 65.4815 5
    endloop
  endfacet
  facet normal 0.0786136 -0.996905 0
    outer loop
      vertex 86 65.5 5
      vertex 85.7654 65.4815 3
      vertex 86 65.5 3
    endloop
  endfacet
  facet normal 0.923867 -0.382714 0
    outer loop
      vertex 84.5734 64.4635 5
      vertex 84.6635 64.681 3
      vertex 84.6635 64.681 5
    endloop
  endfacet
  facet normal 0.923867 -0.382714 0
    outer loop
      vertex 84.6635 64.681 3
      vertex 84.5734 64.4635 5
      vertex 84.5734 64.4635 3
    endloop
  endfacet
  facet normal -0.64925 -0.760575 0
    outer loop
      vertex 86.8817 65.2135 3
      vertex 87.0607 65.0607 5
      vertex 86.8817 65.2135 5
    endloop
  endfacet
  facet normal -0.64925 -0.760575 -0
    outer loop
      vertex 87.0607 65.0607 5
      vertex 86.8817 65.2135 3
      vertex 87.0607 65.0607 3
    endloop
  endfacet
  facet normal -0.0786136 -0.996905 0
    outer loop
      vertex 86 65.5 3
      vertex 86.2346 65.4815 5
      vertex 86 65.5 5
    endloop
  endfacet
  facet normal -0.0786136 -0.996905 -0
    outer loop
      vertex 86.2346 65.4815 5
      vertex 86 65.5 3
      vertex 86.2346 65.4815 3
    endloop
  endfacet
  facet normal 1 -0 0
    outer loop
      vertex 92.5 16 5
      vertex 92.5 64 3
      vertex 92.5 64 5
    endloop
  endfacet
  facet normal 1 0 0
    outer loop
      vertex 92.5 64 3
      vertex 92.5 16 5
      vertex 92.5 16 3
    endloop
  endfacet
  facet normal 0.0786136 0.996905 -0
    outer loop
      vertex 94 14.5 0
      vertex 93.7654 14.5185 5
      vertex 94 14.5 5
    endloop
  endfacet
  facet normal 0.0786136 0.996905 0
    outer loop
      vertex 93.7654 14.5185 5
      vertex 94 14.5 0
      vertex 93.7654 14.5185 0
    endloop
  endfacet
  facet normal -0.233228 0.972422 0
    outer loop
      vertex 94.4635 14.5734 0
      vertex 94.2346 14.5185 5
      vertex 94.4635 14.5734 5
    endloop
  endfacet
  facet normal -0.233228 0.972422 0
    outer loop
      vertex 94.2346 14.5185 5
      vertex 94.4635 14.5734 0
      vertex 94.2346 14.5185 0
    endloop
  endfacet
  facet normal 0.996908 0.0785803 0
    outer loop
      vertex 92.5185 15.7653 5
      vertex 92.5 16 3
      vertex 92.5 16 5
    endloop
  endfacet
  facet normal 0.996908 0.0785803 0
    outer loop
      vertex 92.5 16 3
      vertex 92.5185 15.7653 5
      vertex 92.5185 15.7653 3
    endloop
  endfacet
  facet normal -1 0 0
    outer loop
      vertex 95.5 16.3141 0
      vertex 95.5 16 0
      vertex 95.5 16.3141 3
    endloop
  endfacet
  facet normal -1 0 0
    outer loop
      vertex 95.5 63.6859 3
      vertex 95.5 64 0
      vertex 95.5 63.6859 0
    endloop
  endfacet
  facet normal -1 0 0
    outer loop
      vertex 95.5 64 0
      vertex 95.5 63.6859 3
      vertex 95.5 64 5
    endloop
  endfacet
  facet normal -1 0 0
    outer loop
      vertex 95.5 16.3141 3
      vertex 95.5 64 5
      vertex 95.5 63.6859 3
    endloop
  endfacet
  facet normal -1 0 0
    outer loop
      vertex 95.5 16.3141 3
      vertex 95.5 16 5
      vertex 95.5 64 5
    endloop
  endfacet
  facet normal -1 0 0
    outer loop
      vertex 95.5 16 5
      vertex 95.5 16.3141 3
      vertex 95.5 16 0
    endloop
  endfacet
  facet normal -0.923867 0.382714 0
    outer loop
      vertex 95.3365 15.319 0
      vertex 95.4266 15.5365 5
      vertex 95.4266 15.5365 0
    endloop
  endfacet
  facet normal -0.923867 0.382714 0
    outer loop
      vertex 95.4266 15.5365 5
      vertex 95.3365 15.319 0
      vertex 95.3365 15.319 5
    endloop
  endfacet
  facet normal 0.923867 -0.382714 0
    outer loop
      vertex 92.5734 64.4635 5
      vertex 92.6635 64.681 3
      vertex 92.6635 64.681 5
    endloop
  endfacet
  facet normal 0.923867 -0.382714 0
    outer loop
      vertex 92.6635 64.681 3
      vertex 92.5734 64.4635 5
      vertex 92.5734 64.4635 3
    endloop
  endfacet
  facet normal -0.0786136 0.996905 0
    outer loop
      vertex 94.2346 14.5185 0
      vertex 94 14.5 5
      vertex 94.2346 14.5185 5
    endloop
  endfacet
  facet normal -0.0786136 0.996905 0
    outer loop
      vertex 94 14.5 5
      vertex 94.2346 14.5185 0
      vertex 94 14.5 0
    endloop
  endfacet
  facet normal -0.996905 -0.0786136 0
    outer loop
      vertex 95.5 64 0
      vertex 95.4815 64.2346 5
      vertex 95.4815 64.2346 0
    endloop
  endfacet
  facet normal -0.996905 -0.0786136 0
    outer loop
      vertex 95.4815 64.2346 5
      vertex 95.5 64 0
      vertex 95.5 64 5
    endloop
  endfacet
  facet normal -0.382714 0.923867 0
    outer loop
      vertex 94.681 14.6635 0
      vertex 94.4635 14.5734 5
      vertex 94.681 14.6635 5
    endloop
  endfacet
  facet normal -0.382714 0.923867 0
    outer loop
      vertex 94.4635 14.5734 5
      vertex 94.681 14.6635 0
      vertex 94.4635 14.5734 0
    endloop
  endfacet
  facet normal 0.923867 0.382714 0
    outer loop
      vertex 92.6635 15.319 5
      vertex 92.5734 15.5365 3
      vertex 92.5734 15.5365 5
    endloop
  endfacet
  facet normal 0.923867 0.382714 0
    outer loop
      vertex 92.5734 15.5365 3
      vertex 92.6635 15.319 5
      vertex 92.6635 15.319 3
    endloop
  endfacet
  facet normal 0.233228 0.972422 -2.26856e-05
    outer loop
      vertex 93.7654 14.5185 5
      vertex 93.706 14.5327 3
      vertex 93.5365 14.5734 5
    endloop
  endfacet
  facet normal 0.232506 0.972595 -0
    outer loop
      vertex 93.7654 14.5185 0
      vertex 93.706 14.5327 3
      vertex 93.7654 14.5185 5
    endloop
  endfacet
  facet normal 0.232506 0.972595 0
    outer loop
      vertex 93.706 14.5327 3
      vertex 93.7654 14.5185 0
      vertex 93.706 14.5327 0
    endloop
  endfacet
  facet normal 0.233481 0.972361 0
    outer loop
      vertex 93.5365 14.5734 5
      vertex 93.706 14.5327 3
      vertex 93.5365 14.5734 3
    endloop
  endfacet
  facet normal -0.522532 -0.85262 0
    outer loop
      vertex 94.681 65.3365 0
      vertex 94.8817 65.2135 5
      vertex 94.681 65.3365 5
    endloop
  endfacet
  facet normal -0.522532 -0.85262 -0
    outer loop
      vertex 94.8817 65.2135 5
      vertex 94.681 65.3365 0
      vertex 94.8817 65.2135 0
    endloop
  endfacet
  facet normal -0.972399 0.233325 0
    outer loop
      vertex 95.4266 15.5365 0
      vertex 95.4815 15.7653 5
      vertex 95.4815 15.7653 0
    endloop
  endfacet
  facet normal -0.972399 0.233325 0
    outer loop
      vertex 95.4815 15.7653 5
      vertex 95.4266 15.5365 0
      vertex 95.4266 15.5365 5
    endloop
  endfacet
  facet normal 0.382714 0.923867 -0
    outer loop
      vertex 93.5365 14.5734 3
      vertex 93.319 14.6635 5
      vertex 93.5365 14.5734 5
    endloop
  endfacet
  facet normal 0.382714 0.923867 0
    outer loop
      vertex 93.319 14.6635 5
      vertex 93.5365 14.5734 3
      vertex 93.319 14.6635 3
    endloop
  endfacet
  facet normal -0.996908 0.0785803 0
    outer loop
      vertex 95.4815 15.7653 0
      vertex 95.5 16 5
      vertex 95.5 16 0
    endloop
  endfacet
  facet normal -0.996908 0.0785803 0
    outer loop
      vertex 95.5 16 5
      vertex 95.4815 15.7653 0
      vertex 95.4815 15.7653 5
    endloop
  endfacet
  facet normal -0.0786136 -0.996905 0
    outer loop
      vertex 94 65.5 0
      vertex 94.2346 65.4815 5
      vertex 94 65.5 5
    endloop
  endfacet
  facet normal -0.0786136 -0.996905 -0
    outer loop
      vertex 94.2346 65.4815 5
      vertex 94 65.5 0
      vertex 94.2346 65.4815 0
    endloop
  endfacet
  facet normal 0.760575 0.64925 0
    outer loop
      vertex 92.9393 14.9393 5
      vertex 92.7865 15.1183 3
      vertex 92.7865 15.1183 5
    endloop
  endfacet
  facet normal 0.760575 0.64925 0
    outer loop
      vertex 92.7865 15.1183 3
      vertex 92.9393 14.9393 5
      vertex 92.9393 14.9393 3
    endloop
  endfacet
  facet normal 0.85262 0.522532 0
    outer loop
      vertex 92.7865 15.1183 5
      vertex 92.6635 15.319 3
      vertex 92.6635 15.319 5
    endloop
  endfacet
  facet normal 0.85262 0.522532 0
    outer loop
      vertex 92.6635 15.319 3
      vertex 92.7865 15.1183 5
      vertex 92.7865 15.1183 3
    endloop
  endfacet
  facet normal -0.382714 -0.923867 0
    outer loop
      vertex 94.4635 65.4266 0
      vertex 94.681 65.3365 5
      vertex 94.4635 65.4266 5
    endloop
  endfacet
  facet normal -0.382714 -0.923867 -0
    outer loop
      vertex 94.681 65.3365 5
      vertex 94.4635 65.4266 0
      vertex 94.681 65.3365 0
    endloop
  endfacet
  facet normal -0.64925 -0.760575 0
    outer loop
      vertex 94.8817 65.2135 0
      vertex 95.0607 65.0607 5
      vertex 94.8817 65.2135 5
    endloop
  endfacet
  facet normal -0.64925 -0.760575 -0
    outer loop
      vertex 95.0607 65.0607 5
      vertex 94.8817 65.2135 0
      vertex 95.0607 65.0607 0
    endloop
  endfacet
  facet normal 0.64925 0.760575 -0
    outer loop
      vertex 93.1183 14.7865 3
      vertex 92.9393 14.9393 5
      vertex 93.1183 14.7865 5
    endloop
  endfacet
  facet normal 0.64925 0.760575 0
    outer loop
      vertex 92.9393 14.9393 5
      vertex 93.1183 14.7865 3
      vertex 92.9393 14.9393 3
    endloop
  endfacet
  facet normal 0.522532 0.85262 -0
    outer loop
      vertex 93.319 14.6635 3
      vertex 93.1183 14.7865 5
      vertex 93.319 14.6635 5
    endloop
  endfacet
  facet normal 0.522532 0.85262 0
    outer loop
      vertex 93.1183 14.7865 5
      vertex 93.319 14.6635 3
      vertex 93.1183 14.7865 3
    endloop
  endfacet
  facet normal 0.972422 -0.233228 0
    outer loop
      vertex 92.5185 64.2346 5
      vertex 92.5734 64.4635 3
      vertex 92.5734 64.4635 5
    endloop
  endfacet
  facet normal 0.972422 -0.233228 0
    outer loop
      vertex 92.5734 64.4635 3
      vertex 92.5185 64.2346 5
      vertex 92.5185 64.2346 3
    endloop
  endfacet
  facet normal -0.85262 -0.522532 0
    outer loop
      vertex 95.3365 64.681 0
      vertex 95.2135 64.8817 5
      vertex 95.2135 64.8817 0
    endloop
  endfacet
  facet normal -0.85262 -0.522532 0
    outer loop
      vertex 95.2135 64.8817 5
      vertex 95.3365 64.681 0
      vertex 95.3365 64.681 5
    endloop
  endfacet
  facet normal -0.760575 -0.64925 0
    outer loop
      vertex 95.2135 64.8817 0
      vertex 95.0607 65.0607 5
      vertex 95.0607 65.0607 0
    endloop
  endfacet
  facet normal -0.760575 -0.64925 0
    outer loop
      vertex 95.0607 65.0607 5
      vertex 95.2135 64.8817 0
      vertex 95.2135 64.8817 5
    endloop
  endfacet
  facet normal 0.85262 -0.522532 0
    outer loop
      vertex 92.6635 64.681 5
      vertex 92.7865 64.8817 3
      vertex 92.7865 64.8817 5
    endloop
  endfacet
  facet normal 0.85262 -0.522532 0
    outer loop
      vertex 92.7865 64.8817 3
      vertex 92.6635 64.681 5
      vertex 92.6635 64.681 3
    endloop
  endfacet
  facet normal -0.522532 0.85262 0
    outer loop
      vertex 94.8817 14.7865 0
      vertex 94.681 14.6635 5
      vertex 94.8817 14.7865 5
    endloop
  endfacet
  facet normal -0.522532 0.85262 0
    outer loop
      vertex 94.681 14.6635 5
      vertex 94.8817 14.7865 0
      vertex 94.681 14.6635 0
    endloop
  endfacet
  facet normal 0.64925 -0.760575 0
    outer loop
      vertex 92.9393 65.0607 3
      vertex 93.1183 65.2135 5
      vertex 92.9393 65.0607 5
    endloop
  endfacet
  facet normal 0.64925 -0.760575 0
    outer loop
      vertex 93.1183 65.2135 5
      vertex 92.9393 65.0607 3
      vertex 93.1183 65.2135 3
    endloop
  endfacet
  facet normal 0.996905 -0.0786136 0
    outer loop
      vertex 92.5 64 5
      vertex 92.5185 64.2346 3
      vertex 92.5185 64.2346 5
    endloop
  endfacet
  facet normal 0.996905 -0.0786136 0
    outer loop
      vertex 92.5185 64.2346 3
      vertex 92.5 64 5
      vertex 92.5 64 3
    endloop
  endfacet
  facet normal -0.233228 -0.972422 0
    outer loop
      vertex 94.2346 65.4815 0
      vertex 94.4635 65.4266 5
      vertex 94.2346 65.4815 5
    endloop
  endfacet
  facet normal -0.233228 -0.972422 -0
    outer loop
      vertex 94.4635 65.4266 5
      vertex 94.2346 65.4815 0
      vertex 94.4635 65.4266 0
    endloop
  endfacet
  facet normal 0.522532 -0.85262 0
    outer loop
      vertex 93.1183 65.2135 3
      vertex 93.319 65.3365 5
      vertex 93.1183 65.2135 5
    endloop
  endfacet
  facet normal 0.522532 -0.85262 0
    outer loop
      vertex 93.319 65.3365 5
      vertex 93.1183 65.2135 3
      vertex 93.319 65.3365 3
    endloop
  endfacet
  facet normal 0.972399 0.233325 0
    outer loop
      vertex 92.5734 15.5365 5
      vertex 92.5185 15.7653 3
      vertex 92.5185 15.7653 5
    endloop
  endfacet
  facet normal 0.972399 0.233325 0
    outer loop
      vertex 92.5185 15.7653 3
      vertex 92.5734 15.5365 5
      vertex 92.5734 15.5365 3
    endloop
  endfacet
  facet normal -0.64925 0.760575 0
    outer loop
      vertex 95.0607 14.9393 0
      vertex 94.8817 14.7865 5
      vertex 95.0607 14.9393 5
    endloop
  endfacet
  facet normal -0.64925 0.760575 0
    outer loop
      vertex 94.8817 14.7865 5
      vertex 95.0607 14.9393 0
      vertex 94.8817 14.7865 0
    endloop
  endfacet
  facet normal -0.85262 0.522532 0
    outer loop
      vertex 95.2135 15.1183 0
      vertex 95.3365 15.319 5
      vertex 95.3365 15.319 0
    endloop
  endfacet
  facet normal -0.85262 0.522532 0
    outer loop
      vertex 95.3365 15.319 5
      vertex 95.2135 15.1183 0
      vertex 95.2135 15.1183 5
    endloop
  endfacet
  facet normal -0.760575 0.64925 0
    outer loop
      vertex 95.0607 14.9393 0
      vertex 95.2135 15.1183 5
      vertex 95.2135 15.1183 0
    endloop
  endfacet
  facet normal -0.760575 0.64925 0
    outer loop
      vertex 95.2135 15.1183 5
      vertex 95.0607 14.9393 0
      vertex 95.0607 14.9393 5
    endloop
  endfacet
  facet normal 0.0786136 -0.996905 0
    outer loop
      vertex 93.7654 65.4815 0
      vertex 94 65.5 5
      vertex 93.7654 65.4815 5
    endloop
  endfacet
  facet normal 0.0786136 -0.996905 0
    outer loop
      vertex 94 65.5 5
      vertex 93.7654 65.4815 0
      vertex 94 65.5 0
    endloop
  endfacet
  facet normal 0.382714 -0.923867 0
    outer loop
      vertex 93.319 65.3365 3
      vertex 93.5365 65.4266 5
      vertex 93.319 65.3365 5
    endloop
  endfacet
  facet normal 0.382714 -0.923867 0
    outer loop
      vertex 93.5365 65.4266 5
      vertex 93.319 65.3365 3
      vertex 93.5365 65.4266 3
    endloop
  endfacet
  facet normal -0.972422 -0.233228 0
    outer loop
      vertex 95.4815 64.2346 0
      vertex 95.4266 64.4635 5
      vertex 95.4266 64.4635 0
    endloop
  endfacet
  facet normal -0.972422 -0.233228 0
    outer loop
      vertex 95.4266 64.4635 5
      vertex 95.4815 64.2346 0
      vertex 95.4815 64.2346 5
    endloop
  endfacet
  facet normal -0.923867 -0.382714 0
    outer loop
      vertex 95.4266 64.4635 0
      vertex 95.3365 64.681 5
      vertex 95.3365 64.681 0
    endloop
  endfacet
  facet normal -0.923867 -0.382714 0
    outer loop
      vertex 95.3365 64.681 5
      vertex 95.4266 64.4635 0
      vertex 95.4266 64.4635 5
    endloop
  endfacet
  facet normal 0.233481 -0.972361 0
    outer loop
      vertex 93.706 65.4673 3
      vertex 93.5365 65.4266 5
      vertex 93.5365 65.4266 3
    endloop
  endfacet
  facet normal 0.233228 -0.972422 -2.26856e-05
    outer loop
      vertex 93.5365 65.4266 5
      vertex 93.706 65.4673 3
      vertex 93.7654 65.4815 5
    endloop
  endfacet
  facet normal 0.232506 -0.972595 0
    outer loop
      vertex 93.7654 65.4815 0
      vertex 93.706 65.4673 3
      vertex 93.706 65.4673 0
    endloop
  endfacet
  facet normal 0.232506 -0.972595 0
    outer loop
      vertex 93.706 65.4673 3
      vertex 93.7654 65.4815 0
      vertex 93.7654 65.4815 5
    endloop
  endfacet
  facet normal 0.760575 -0.64925 0
    outer loop
      vertex 92.7865 64.8817 5
      vertex 92.9393 65.0607 3
      vertex 92.9393 65.0607 5
    endloop
  endfacet
  facet normal 0.760575 -0.64925 0
    outer loop
      vertex 92.9393 65.0607 3
      vertex 92.7865 64.8817 5
      vertex 92.7865 64.8817 3
    endloop
  endfacet
  facet normal 0.649435 0.760417 -0
    outer loop
      vertex 6.12215 3.90984 5
      vertex 4.92892 4.92892 18
      vertex 6.12215 3.90984 18
    endloop
  endfacet
  facet normal 0.649435 0.760417 0
    outer loop
      vertex 4.92892 4.92892 18
      vertex 6.12215 3.90984 5
      vertex 4.92892 4.92892 5
    endloop
  endfacet
  facet normal -0.522486 0.852648 0
    outer loop
      vertex 103.878 3.90984 5
      vertex 102.54 3.08994 18
      vertex 103.878 3.90984 18
    endloop
  endfacet
  facet normal -0.522486 0.852648 0
    outer loop
      vertex 102.54 3.08994 18
      vertex 103.878 3.90984 5
      vertex 102.54 3.08994 5
    endloop
  endfacet
  facet normal -0.382624 -0.923904 0
    outer loop
      vertex 101.09 77.5106 5
      vertex 102.54 76.9101 18
      vertex 101.09 77.5106 18
    endloop
  endfacet
  facet normal -0.382624 -0.923904 -0
    outer loop
      vertex 102.54 76.9101 18
      vertex 101.09 77.5106 5
      vertex 102.54 76.9101 5
    endloop
  endfacet
  facet normal 0 1 -0
    outer loop
      vertex 24.6 2 5
      vertex 19.4 2 10
      vertex 24.6 2 10
    endloop
  endfacet
  facet normal 0 1 0
    outer loop
      vertex 19.4 2 10
      vertex 24.6 2 5
      vertex 19.4 2 5
    endloop
  endfacet
  facet normal 0 1 -0
    outer loop
      vertex 32.6 2 5
      vertex 27.4 2 10
      vertex 32.6 2 10
    endloop
  endfacet
  facet normal 0 1 0
    outer loop
      vertex 27.4 2 10
      vertex 32.6 2 5
      vertex 27.4 2 5
    endloop
  endfacet
  facet normal 0 1 -0
    outer loop
      vertex 40.6 2 5
      vertex 35.4 2 10
      vertex 40.6 2 10
    endloop
  endfacet
  facet normal 0 1 0
    outer loop
      vertex 35.4 2 10
      vertex 40.6 2 5
      vertex 35.4 2 5
    endloop
  endfacet
  facet normal 0 1 -0
    outer loop
      vertex 48.6 2 5
      vertex 43.4 2 10
      vertex 48.6 2 10
    endloop
  endfacet
  facet normal 0 1 0
    outer loop
      vertex 43.4 2 10
      vertex 48.6 2 5
      vertex 43.4 2 5
    endloop
  endfacet
  facet normal 0 1 -0
    outer loop
      vertex 56.6 2 5
      vertex 51.4 2 10
      vertex 56.6 2 10
    endloop
  endfacet
  facet normal 0 1 0
    outer loop
      vertex 51.4 2 10
      vertex 56.6 2 5
      vertex 51.4 2 5
    endloop
  endfacet
  facet normal 0 1 -0
    outer loop
      vertex 64.6 2 5
      vertex 59.4 2 10
      vertex 64.6 2 10
    endloop
  endfacet
  facet normal 0 1 0
    outer loop
      vertex 59.4 2 10
      vertex 64.6 2 5
      vertex 59.4 2 5
    endloop
  endfacet
  facet normal 0 1 -0
    outer loop
      vertex 72.6 2 5
      vertex 67.4 2 10
      vertex 72.6 2 10
    endloop
  endfacet
  facet normal 0 1 0
    outer loop
      vertex 67.4 2 10
      vertex 72.6 2 5
      vertex 67.4 2 5
    endloop
  endfacet
  facet normal 0 1 -0
    outer loop
      vertex 80.6 2 5
      vertex 75.4 2 10
      vertex 80.6 2 10
    endloop
  endfacet
  facet normal 0 1 0
    outer loop
      vertex 75.4 2 10
      vertex 80.6 2 5
      vertex 75.4 2 5
    endloop
  endfacet
  facet normal 0 1 -0
    outer loop
      vertex 88.6 2 5
      vertex 83.4 2 10
      vertex 88.6 2 10
    endloop
  endfacet
  facet normal 0 1 0
    outer loop
      vertex 83.4 2 10
      vertex 88.6 2 5
      vertex 83.4 2 5
    endloop
  endfacet
  facet normal 0 1 -0
    outer loop
      vertex 96.6 2 5
      vertex 91.4 2 10
      vertex 96.6 2 10
    endloop
  endfacet
  facet normal 0 1 0
    outer loop
      vertex 91.4 2 10
      vertex 96.6 2 5
      vertex 91.4 2 5
    endloop
  endfacet
  facet normal 0 1 0
    outer loop
      vertex 96.6 2 10
      vertex 98 2 18
      vertex 98 2 10
    endloop
  endfacet
  facet normal 0 1 0
    outer loop
      vertex 91.4 2 10
      vertex 98 2 18
      vertex 96.6 2 10
    endloop
  endfacet
  facet normal 0 1 0
    outer loop
      vertex 88.6 2 10
      vertex 98 2 18
      vertex 91.4 2 10
    endloop
  endfacet
  facet normal 0 1 0
    outer loop
      vertex 83.4 2 10
      vertex 98 2 18
      vertex 88.6 2 10
    endloop
  endfacet
  facet normal 0 1 0
    outer loop
      vertex 80.6 2 10
      vertex 98 2 18
      vertex 83.4 2 10
    endloop
  endfacet
  facet normal 0 1 0
    outer loop
      vertex 75.4 2 10
      vertex 98 2 18
      vertex 80.6 2 10
    endloop
  endfacet
  facet normal 0 1 0
    outer loop
      vertex 72.6 2 10
      vertex 98 2 18
      vertex 75.4 2 10
    endloop
  endfacet
  facet normal 0 1 0
    outer loop
      vertex 67.4 2 10
      vertex 98 2 18
      vertex 72.6 2 10
    endloop
  endfacet
  facet normal 0 1 0
    outer loop
      vertex 64.6 2 10
      vertex 98 2 18
      vertex 67.4 2 10
    endloop
  endfacet
  facet normal 0 1 0
    outer loop
      vertex 59.4 2 10
      vertex 98 2 18
      vertex 64.6 2 10
    endloop
  endfacet
  facet normal 0 1 0
    outer loop
      vertex 56.6 2 10
      vertex 98 2 18
      vertex 59.4 2 10
    endloop
  endfacet
  facet normal 0 1 0
    outer loop
      vertex 98 2 18
      vertex 56.6 2 10
      vertex 12 2 18
    endloop
  endfacet
  facet normal 0 1 -0
    outer loop
      vertex 51.4 2 10
      vertex 12 2 18
      vertex 56.6 2 10
    endloop
  endfacet
  facet normal 0 1 -0
    outer loop
      vertex 48.6 2 10
      vertex 12 2 18
      vertex 51.4 2 10
    endloop
  endfacet
  facet normal 0 1 -0
    outer loop
      vertex 43.4 2 10
      vertex 12 2 18
      vertex 48.6 2 10
    endloop
  endfacet
  facet normal 0 1 -0
    outer loop
      vertex 40.6 2 10
      vertex 12 2 18
      vertex 43.4 2 10
    endloop
  endfacet
  facet normal 0 1 -0
    outer loop
      vertex 35.4 2 10
      vertex 12 2 18
      vertex 40.6 2 10
    endloop
  endfacet
  facet normal 0 1 -0
    outer loop
      vertex 32.6 2 10
      vertex 12 2 18
      vertex 35.4 2 10
    endloop
  endfacet
  facet normal 0 1 -0
    outer loop
      vertex 27.4 2 10
      vertex 12 2 18
      vertex 32.6 2 10
    endloop
  endfacet
  facet normal 0 1 -0
    outer loop
      vertex 24.6 2 10
      vertex 12 2 18
      vertex 27.4 2 10
    endloop
  endfacet
  facet normal 0 1 -0
    outer loop
      vertex 19.4 2 10
      vertex 12 2 18
      vertex 24.6 2 10
    endloop
  endfacet
  facet normal 0 1 -0
    outer loop
      vertex 16.6 2 10
      vertex 12 2 18
      vertex 19.4 2 10
    endloop
  endfacet
  facet normal 0 1 0
    outer loop
      vertex 12 2 5
      vertex 16.6 2 10
      vertex 16.6 2 5
    endloop
  endfacet
  facet normal 0 1 0
    outer loop
      vertex 16.6 2 10
      vertex 12 2 5
      vertex 12 2 18
    endloop
  endfacet
  facet normal -0.85262 -0.522532 0
    outer loop
      vertex 106.91 72.5399 5
      vertex 106.09 73.8779 18
      vertex 106.09 73.8779 5
    endloop
  endfacet
  facet normal -0.85262 -0.522532 0
    outer loop
      vertex 106.09 73.8779 18
      vertex 106.91 72.5399 5
      vertex 106.91 72.5399 18
    endloop
  endfacet
  facet normal -0.649508 0.760355 0
    outer loop
      vertex 105.071 4.92892 5
      vertex 103.878 3.90984 18
      vertex 105.071 4.92892 18
    endloop
  endfacet
  facet normal -0.649508 0.760355 0
    outer loop
      vertex 103.878 3.90984 18
      vertex 105.071 4.92892 5
      vertex 103.878 3.90984 5
    endloop
  endfacet
  facet normal -0.923764 -0.382963 0
    outer loop
      vertex 107.511 71.0902 5
      vertex 106.91 72.5399 18
      vertex 106.91 72.5399 5
    endloop
  endfacet
  facet normal -0.923764 -0.382963 0
    outer loop
      vertex 106.91 72.5399 18
      vertex 107.511 71.0902 5
      vertex 107.511 71.0902 18
    endloop
  endfacet
  facet normal -0.996923 0.0783875 0
    outer loop
      vertex 107.877 10.4357 5
      vertex 108 12 18
      vertex 108 12 5
    endloop
  endfacet
  facet normal -0.996923 0.0783875 0
    outer loop
      vertex 108 12 18
      vertex 107.877 10.4357 5
      vertex 107.877 10.4357 18
    endloop
  endfacet
  facet normal 0.233429 -0.972374 0
    outer loop
      vertex 8.90984 77.5106 10
      vertex 10.4357 77.8769 18
      vertex 8.90984 77.5106 18
    endloop
  endfacet
  facet normal 0.233429 -0.972374 0
    outer loop
      vertex 10.4357 77.8769 18
      vertex 8.90984 77.5106 10
      vertex 10.4357 77.8769 10
    endloop
  endfacet
  facet normal -0.382624 0.923904 0
    outer loop
      vertex 102.54 3.08994 5
      vertex 101.09 2.48944 18
      vertex 102.54 3.08994 18
    endloop
  endfacet
  facet normal -0.382624 0.923904 0
    outer loop
      vertex 101.09 2.48944 18
      vertex 102.54 3.08994 5
      vertex 101.09 2.48944 5
    endloop
  endfacet
  facet normal -0.0784635 0.996917 1.7661e-07
    outer loop
      vertex 99.5643 2.12312 18
      vertex 99.4 2.11019 10
      vertex 98 2 18
    endloop
  endfacet
  facet normal -0.0784549 0.996918 0
    outer loop
      vertex 99.5643 2.12312 5
      vertex 99.4 2.11019 10
      vertex 99.5643 2.12312 18
    endloop
  endfacet
  facet normal -0.0784549 0.996918 0
    outer loop
      vertex 99.4 2.11019 10
      vertex 99.5643 2.12312 5
      vertex 99.4 2.11019 5
    endloop
  endfacet
  facet normal -0.0784645 0.996917 0
    outer loop
      vertex 98 2 18
      vertex 99.4 2.11019 10
      vertex 98 2 10
    endloop
  endfacet
  facet normal 0.382682 -0.92388 6.98579e-06
    outer loop
      vertex 7.4601 76.9101 18
      vertex 8.6 77.3822 10
      vertex 8.90984 77.5106 18
    endloop
  endfacet
  facet normal 0.382641 -0.923897 0
    outer loop
      vertex 7.4601 76.9101 5
      vertex 8.6 77.3822 10
      vertex 7.4601 76.9101 18
    endloop
  endfacet
  facet normal 0.382641 -0.923897 0
    outer loop
      vertex 8.6 77.3822 10
      vertex 7.4601 76.9101 5
      vertex 8.6 77.3822 5
    endloop
  endfacet
  facet normal 0.382836 -0.923816 0
    outer loop
      vertex 8.90984 77.5106 18
      vertex 8.6 77.3822 10
      vertex 8.90984 77.5106 10
    endloop
  endfacet
  facet normal 0.382684 0.923879 0
    outer loop
      vertex 8.6 2.61778 10
      vertex 8.90984 2.48944 18
      vertex 8.90984 2.48944 10
    endloop
  endfacet
  facet normal 0.382682 0.92388 5.66854e-08
    outer loop
      vertex 8.90984 2.48944 18
      vertex 8.6 2.61778 10
      vertex 7.4601 3.08994 18
    endloop
  endfacet
  facet normal 0.382682 0.92388 0
    outer loop
      vertex 7.4601 3.08994 5
      vertex 8.6 2.61778 10
      vertex 8.6 2.61778 5
    endloop
  endfacet
  facet normal 0.382682 0.92388 0
    outer loop
      vertex 8.6 2.61778 10
      vertex 7.4601 3.08994 5
      vertex 7.4601 3.08994 18
    endloop
  endfacet
  facet normal -0.996923 -0.0783875 0
    outer loop
      vertex 108 68 5
      vertex 107.877 69.5643 18
      vertex 107.877 69.5643 5
    endloop
  endfacet
  facet normal -0.996923 -0.0783875 0
    outer loop
      vertex 107.877 69.5643 18
      vertex 108 68 5
      vertex 108 68 18
    endloop
  endfacet
  facet normal -0.233465 0.972365 0
    outer loop
      vertex 101.09 2.48944 5
      vertex 99.5643 2.12312 18
      vertex 101.09 2.48944 18
    endloop
  endfacet
  facet normal -0.233465 0.972365 0
    outer loop
      vertex 99.5643 2.12312 18
      vertex 101.09 2.48944 5
      vertex 99.5643 2.12312 5
    endloop
  endfacet
  facet normal -0.760442 0.649406 0
    outer loop
      vertex 105.071 4.92892 5
      vertex 106.09 6.12215 18
      vertex 106.09 6.12215 5
    endloop
  endfacet
  facet normal -0.760442 0.649406 0
    outer loop
      vertex 106.09 6.12215 18
      vertex 105.071 4.92892 5
      vertex 105.071 4.92892 18
    endloop
  endfacet
  facet normal -1 0 0
    outer loop
      vertex 108 12 5
      vertex 108 68 18
      vertex 108 68 5
    endloop
  endfacet
  facet normal -1 -0 0
    outer loop
      vertex 108 68 18
      vertex 108 12 5
      vertex 108 12 18
    endloop
  endfacet
  facet normal -0.852611 0.522546 0
    outer loop
      vertex 106.09 6.12215 5
      vertex 106.91 7.4601 18
      vertex 106.91 7.4601 5
    endloop
  endfacet
  facet normal -0.852611 0.522546 0
    outer loop
      vertex 106.91 7.4601 18
      vertex 106.09 6.12215 5
      vertex 106.09 6.12215 18
    endloop
  endfacet
  facet normal 0 -1 0
    outer loop
      vertex 91.4 78 5
      vertex 96.6 78 10
      vertex 91.4 78 10
    endloop
  endfacet
  facet normal 0 -1 -0
    outer loop
      vertex 96.6 78 10
      vertex 91.4 78 5
      vertex 96.6 78 5
    endloop
  endfacet
  facet normal 0 -1 0
    outer loop
      vertex 83.4 78 5
      vertex 88.6 78 10
      vertex 83.4 78 10
    endloop
  endfacet
  facet normal 0 -1 -0
    outer loop
      vertex 88.6 78 10
      vertex 83.4 78 5
      vertex 88.6 78 5
    endloop
  endfacet
  facet normal 0 -1 0
    outer loop
      vertex 75.4 78 5
      vertex 80.6 78 10
      vertex 75.4 78 10
    endloop
  endfacet
  facet normal 0 -1 -0
    outer loop
      vertex 80.6 78 10
      vertex 75.4 78 5
      vertex 80.6 78 5
    endloop
  endfacet
  facet normal 0 -1 0
    outer loop
      vertex 67.4 78 5
      vertex 72.6 78 10
      vertex 67.4 78 10
    endloop
  endfacet
  facet normal 0 -1 -0
    outer loop
      vertex 72.6 78 10
      vertex 67.4 78 5
      vertex 72.6 78 5
    endloop
  endfacet
  facet normal 0 -1 0
    outer loop
      vertex 59.4 78 5
      vertex 64.6 78 10
      vertex 59.4 78 10
    endloop
  endfacet
  facet normal 0 -1 -0
    outer loop
      vertex 64.6 78 10
      vertex 59.4 78 5
      vertex 64.6 78 5
    endloop
  endfacet
  facet normal 0 -1 0
    outer loop
      vertex 51.4 78 5
      vertex 56.6 78 10
      vertex 51.4 78 10
    endloop
  endfacet
  facet normal 0 -1 -0
    outer loop
      vertex 56.6 78 10
      vertex 51.4 78 5
      vertex 56.6 78 5
    endloop
  endfacet
  facet normal 0 -1 0
    outer loop
      vertex 43.4 78 5
      vertex 48.6 78 10
      vertex 43.4 78 10
    endloop
  endfacet
  facet normal 0 -1 -0
    outer loop
      vertex 48.6 78 10
      vertex 43.4 78 5
      vertex 48.6 78 5
    endloop
  endfacet
  facet normal 0 -1 0
    outer loop
      vertex 35.4 78 5
      vertex 40.6 78 10
      vertex 35.4 78 10
    endloop
  endfacet
  facet normal 0 -1 -0
    outer loop
      vertex 40.6 78 10
      vertex 35.4 78 5
      vertex 40.6 78 5
    endloop
  endfacet
  facet normal 0 -1 0
    outer loop
      vertex 27.4 78 5
      vertex 32.6 78 10
      vertex 27.4 78 10
    endloop
  endfacet
  facet normal 0 -1 -0
    outer loop
      vertex 32.6 78 10
      vertex 27.4 78 5
      vertex 32.6 78 5
    endloop
  endfacet
  facet normal 0 -1 0
    outer loop
      vertex 19.4 78 5
      vertex 24.6 78 10
      vertex 19.4 78 10
    endloop
  endfacet
  facet normal 0 -1 -0
    outer loop
      vertex 24.6 78 10
      vertex 19.4 78 5
      vertex 24.6 78 5
    endloop
  endfacet
  facet normal 0 -1 0
    outer loop
      vertex 19.4 78 10
      vertex 12 78 18
      vertex 16.6 78 10
    endloop
  endfacet
  facet normal 0 -1 0
    outer loop
      vertex 12 78 5
      vertex 16.6 78 10
      vertex 12 78 18
    endloop
  endfacet
  facet normal 0 -1 -0
    outer loop
      vertex 16.6 78 10
      vertex 12 78 5
      vertex 16.6 78 5
    endloop
  endfacet
  facet normal 0 -1 0
    outer loop
      vertex 24.6 78 10
      vertex 12 78 18
      vertex 19.4 78 10
    endloop
  endfacet
  facet normal 0 -1 0
    outer loop
      vertex 27.4 78 10
      vertex 12 78 18
      vertex 24.6 78 10
    endloop
  endfacet
  facet normal 0 -1 0
    outer loop
      vertex 32.6 78 10
      vertex 12 78 18
      vertex 27.4 78 10
    endloop
  endfacet
  facet normal 0 -1 0
    outer loop
      vertex 35.4 78 10
      vertex 12 78 18
      vertex 32.6 78 10
    endloop
  endfacet
  facet normal 0 -1 0
    outer loop
      vertex 40.6 78 10
      vertex 12 78 18
      vertex 35.4 78 10
    endloop
  endfacet
  facet normal 0 -1 0
    outer loop
      vertex 43.4 78 10
      vertex 12 78 18
      vertex 40.6 78 10
    endloop
  endfacet
  facet normal 0 -1 0
    outer loop
      vertex 48.6 78 10
      vertex 12 78 18
      vertex 43.4 78 10
    endloop
  endfacet
  facet normal 0 -1 0
    outer loop
      vertex 51.4 78 10
      vertex 12 78 18
      vertex 48.6 78 10
    endloop
  endfacet
  facet normal 0 -1 0
    outer loop
      vertex 12 78 18
      vertex 51.4 78 10
      vertex 98 78 18
    endloop
  endfacet
  facet normal 0 -1 0
    outer loop
      vertex 56.6 78 10
      vertex 98 78 18
      vertex 51.4 78 10
    endloop
  endfacet
  facet normal 0 -1 0
    outer loop
      vertex 59.4 78 10
      vertex 98 78 18
      vertex 56.6 78 10
    endloop
  endfacet
  facet normal 0 -1 0
    outer loop
      vertex 64.6 78 10
      vertex 98 78 18
      vertex 59.4 78 10
    endloop
  endfacet
  facet normal 0 -1 0
    outer loop
      vertex 67.4 78 10
      vertex 98 78 18
      vertex 64.6 78 10
    endloop
  endfacet
  facet normal 0 -1 0
    outer loop
      vertex 72.6 78 10
      vertex 98 78 18
      vertex 67.4 78 10
    endloop
  endfacet
  facet normal 0 -1 0
    outer loop
      vertex 75.4 78 10
      vertex 98 78 18
      vertex 72.6 78 10
    endloop
  endfacet
  facet normal 0 -1 0
    outer loop
      vertex 80.6 78 10
      vertex 98 78 18
      vertex 75.4 78 10
    endloop
  endfacet
  facet normal 0 -1 0
    outer loop
      vertex 83.4 78 10
      vertex 98 78 18
      vertex 80.6 78 10
    endloop
  endfacet
  facet normal 0 -1 0
    outer loop
      vertex 88.6 78 10
      vertex 98 78 18
      vertex 83.4 78 10
    endloop
  endfacet
  facet normal 0 -1 0
    outer loop
      vertex 91.4 78 10
      vertex 98 78 18
      vertex 88.6 78 10
    endloop
  endfacet
  facet normal 0 -1 0
    outer loop
      vertex 96.6 78 10
      vertex 98 78 18
      vertex 91.4 78 10
    endloop
  endfacet
  facet normal 0 -1 -0
    outer loop
      vertex 98 78 18
      vertex 96.6 78 10
      vertex 98 78 10
    endloop
  endfacet
  facet normal 0.233441 0.972371 -0
    outer loop
      vertex 10.4357 2.12312 10
      vertex 8.90984 2.48944 18
      vertex 10.4357 2.12312 18
    endloop
  endfacet
  facet normal 0.233441 0.972371 0
    outer loop
      vertex 8.90984 2.48944 18
      vertex 10.4357 2.12312 10
      vertex 8.90984 2.48944 10
    endloop
  endfacet
  facet normal 0.5225 -0.852639 0
    outer loop
      vertex 6.12215 76.0902 5
      vertex 7.4601 76.9101 18
      vertex 6.12215 76.0902 18
    endloop
  endfacet
  facet normal 0.5225 -0.852639 0
    outer loop
      vertex 7.4601 76.9101 18
      vertex 6.12215 76.0902 5
      vertex 7.4601 76.9101 5
    endloop
  endfacet
  facet normal 0.996917 0.0784635 0
    outer loop
      vertex 2.12312 10.4357 18
      vertex 2 12 5
      vertex 2 12 18
    endloop
  endfacet
  facet normal 0.996917 0.0784635 0
    outer loop
      vertex 2 12 5
      vertex 2.12312 10.4357 18
      vertex 2.12312 10.4357 5
    endloop
  endfacet
  facet normal 1 -0 0
    outer loop
      vertex 2 12 18
      vertex 2 68 5
      vertex 2 68 18
    endloop
  endfacet
  facet normal 1 0 0
    outer loop
      vertex 2 68 5
      vertex 2 12 18
      vertex 2 12 5
    endloop
  endfacet
  facet normal -0.923767 0.382954 0
    outer loop
      vertex 106.91 7.4601 5
      vertex 107.511 8.90984 18
      vertex 107.511 8.90984 5
    endloop
  endfacet
  facet normal -0.923767 0.382954 0
    outer loop
      vertex 107.511 8.90984 18
      vertex 106.91 7.4601 5
      vertex 106.91 7.4601 18
    endloop
  endfacet
  facet normal -0.233452 -0.972368 0
    outer loop
      vertex 99.5643 77.8769 5
      vertex 101.09 77.5106 18
      vertex 99.5643 77.8769 18
    endloop
  endfacet
  facet normal -0.233452 -0.972368 -0
    outer loop
      vertex 101.09 77.5106 18
      vertex 99.5643 77.8769 5
      vertex 101.09 77.5106 5
    endloop
  endfacet
  facet normal 0.5225 0.852639 -0
    outer loop
      vertex 7.4601 3.08994 5
      vertex 6.12215 3.90984 18
      vertex 7.4601 3.08994 18
    endloop
  endfacet
  facet normal 0.5225 0.852639 0
    outer loop
      vertex 6.12215 3.90984 18
      vertex 7.4601 3.08994 5
      vertex 6.12215 3.90984 5
    endloop
  endfacet
  facet normal 0.649443 -0.760411 0
    outer loop
      vertex 4.92892 75.0711 5
      vertex 6.12215 76.0902 18
      vertex 4.92892 75.0711 18
    endloop
  endfacet
  facet normal 0.649443 -0.760411 0
    outer loop
      vertex 6.12215 76.0902 18
      vertex 4.92892 75.0711 5
      vertex 6.12215 76.0902 5
    endloop
  endfacet
  facet normal -0.522486 -0.852648 0
    outer loop
      vertex 102.54 76.9101 5
      vertex 103.878 76.0902 18
      vertex 102.54 76.9101 18
    endloop
  endfacet
  facet normal -0.522486 -0.852648 -0
    outer loop
      vertex 103.878 76.0902 18
      vertex 102.54 76.9101 5
      vertex 103.878 76.0902 5
    endloop
  endfacet
  facet normal 0.972372 -0.233436 0
    outer loop
      vertex 2.12312 69.5643 18
      vertex 2.48944 71.0902 5
      vertex 2.48944 71.0902 18
    endloop
  endfacet
  facet normal 0.972372 -0.233436 0
    outer loop
      vertex 2.48944 71.0902 5
      vertex 2.12312 69.5643 18
      vertex 2.12312 69.5643 5
    endloop
  endfacet
  facet normal 0.0784673 -0.996917 0
    outer loop
      vertex 11.4 77.9528 10
      vertex 10.4357 77.8769 18
      vertex 10.4357 77.8769 10
    endloop
  endfacet
  facet normal 0.0784508 -0.996918 -1.99473e-06
    outer loop
      vertex 10.4357 77.8769 18
      vertex 11.4 77.9528 10
      vertex 12 78 18
    endloop
  endfacet
  facet normal 0.0784244 -0.99692 0
    outer loop
      vertex 12 78 5
      vertex 11.4 77.9528 10
      vertex 11.4 77.9528 5
    endloop
  endfacet
  facet normal 0.0784244 -0.99692 0
    outer loop
      vertex 11.4 77.9528 10
      vertex 12 78 5
      vertex 12 78 18
    endloop
  endfacet
  facet normal 0.0784635 0.996917 -4.58373e-07
    outer loop
      vertex 12 2 18
      vertex 11.4 2.04722 10
      vertex 10.4357 2.12312 18
    endloop
  endfacet
  facet normal 0.0784574 0.996917 -0
    outer loop
      vertex 12 2 5
      vertex 11.4 2.04722 10
      vertex 12 2 18
    endloop
  endfacet
  facet normal 0.0784574 0.996917 0
    outer loop
      vertex 11.4 2.04722 10
      vertex 12 2 5
      vertex 11.4 2.04722 5
    endloop
  endfacet
  facet normal 0.0784673 0.996917 0
    outer loop
      vertex 10.4357 2.12312 18
      vertex 11.4 2.04722 10
      vertex 10.4357 2.12312 10
    endloop
  endfacet
  facet normal -0.760434 -0.649415 0
    outer loop
      vertex 106.09 73.8779 5
      vertex 105.071 75.0711 18
      vertex 105.071 75.0711 5
    endloop
  endfacet
  facet normal -0.760434 -0.649415 0
    outer loop
      vertex 105.071 75.0711 18
      vertex 106.09 73.8779 5
      vertex 106.09 73.8779 18
    endloop
  endfacet
  facet normal 0.760417 0.649435 0
    outer loop
      vertex 4.92892 4.92892 18
      vertex 3.90984 6.12215 5
      vertex 3.90984 6.12215 18
    endloop
  endfacet
  facet normal 0.760417 0.649435 0
    outer loop
      vertex 3.90984 6.12215 5
      vertex 4.92892 4.92892 18
      vertex 4.92892 4.92892 5
    endloop
  endfacet
  facet normal -0.649515 -0.760349 0
    outer loop
      vertex 103.878 76.0902 5
      vertex 105.071 75.0711 18
      vertex 103.878 76.0902 18
    endloop
  endfacet
  facet normal -0.649515 -0.760349 -0
    outer loop
      vertex 105.071 75.0711 18
      vertex 103.878 76.0902 5
      vertex 105.071 75.0711 5
    endloop
  endfacet
  facet normal 0.923876 -0.382691 0
    outer loop
      vertex 2.48944 71.0902 18
      vertex 3.08994 72.5399 5
      vertex 3.08994 72.5399 18
    endloop
  endfacet
  facet normal 0.923876 -0.382691 0
    outer loop
      vertex 3.08994 72.5399 5
      vertex 2.48944 71.0902 18
      vertex 2.48944 71.0902 5
    endloop
  endfacet
  facet normal 0.92388 0.382682 0
    outer loop
      vertex 3.08994 7.4601 18
      vertex 2.48944 8.90984 5
      vertex 2.48944 8.90984 18
    endloop
  endfacet
  facet normal 0.92388 0.382682 0
    outer loop
      vertex 2.48944 8.90984 5
      vertex 3.08994 7.4601 18
      vertex 3.08994 7.4601 5
    endloop
  endfacet
  facet normal -0.972419 -0.233243 0
    outer loop
      vertex 107.877 69.5643 5
      vertex 107.511 71.0902 18
      vertex 107.511 71.0902 5
    endloop
  endfacet
  facet normal -0.972419 -0.233243 0
    outer loop
      vertex 107.511 71.0902 18
      vertex 107.877 69.5643 5
      vertex 107.877 69.5643 18
    endloop
  endfacet
  facet normal 0 0 1
    outer loop
      vertex 6.12215 76.0902 5
      vertex 8.6 77.3822 5
      vertex 7.4601 76.9101 5
    endloop
  endfacet
  facet normal 0 0 1
    outer loop
      vertex 8.6 77.3822 5
      vertex 2 68 5
      vertex 8.6 2.61778 5
    endloop
  endfacet
  facet normal 0 0 1
    outer loop
      vertex 8.6 77.3822 5
      vertex 6.12215 76.0902 5
      vertex 2 68 5
    endloop
  endfacet
  facet normal -0 0 1
    outer loop
      vertex 2 12 5
      vertex 8.6 2.61778 5
      vertex 2 68 5
    endloop
  endfacet
  facet normal 0 0 1
    outer loop
      vertex 2 68 5
      vertex 6.12215 76.0902 5
      vertex 4.92892 75.0711 5
    endloop
  endfacet
  facet normal -0 -0 1
    outer loop
      vertex 6.12215 3.90984 5
      vertex 8.6 2.61778 5
      vertex 2 12 5
    endloop
  endfacet
  facet normal 0 0 1
    outer loop
      vertex 2 68 5
      vertex 4.92892 75.0711 5
      vertex 3.90984 73.8779 5
    endloop
  endfacet
  facet normal 0 0 1
    outer loop
      vertex 8.6 2.61778 5
      vertex 6.12215 3.90984 5
      vertex 7.4601 3.08994 5
    endloop
  endfacet
  facet normal 0 0 1
    outer loop
      vertex 2 68 5
      vertex 3.90984 73.8779 5
      vertex 3.08994 72.5399 5
    endloop
  endfacet
  facet normal 0 0 1
    outer loop
      vertex 6.12215 3.90984 5
      vertex 2 12 5
      vertex 4.92892 4.92892 5
    endloop
  endfacet
  facet normal 0 0 1
    outer loop
      vertex 2 68 5
      vertex 3.08994 72.5399 5
      vertex 2.48944 71.0902 5
    endloop
  endfacet
  facet normal 0 0 1
    outer loop
      vertex 4.92892 4.92892 5
      vertex 2 12 5
      vertex 3.90984 6.12215 5
    endloop
  endfacet
  facet normal 0 0 1
    outer loop
      vertex 2 68 5
      vertex 2.48944 71.0902 5
      vertex 2.12312 69.5643 5
    endloop
  endfacet
  facet normal 0 0 1
    outer loop
      vertex 3.90984 6.12215 5
      vertex 2 12 5
      vertex 3.08994 7.4601 5
    endloop
  endfacet
  facet normal 0 0 1
    outer loop
      vertex 3.08994 7.4601 5
      vertex 2 12 5
      vertex 2.48944 8.90984 5
    endloop
  endfacet
  facet normal 0 0 1
    outer loop
      vertex 2.48944 8.90984 5
      vertex 2 12 5
      vertex 2.12312 10.4357 5
    endloop
  endfacet
  facet normal 0 0 1
    outer loop
      vertex 99.4 77.8898 5
      vertex 108 68 5
      vertex 107.877 69.5643 5
    endloop
  endfacet
  facet normal 0 0 1
    outer loop
      vertex 108 68 5
      vertex 99.4 77.8898 5
      vertex 108 12 5
    endloop
  endfacet
  facet normal 0 0 1
    outer loop
      vertex 99.4 77.8898 5
      vertex 107.877 69.5643 5
      vertex 107.511 71.0902 5
    endloop
  endfacet
  facet normal 0 0 1
    outer loop
      vertex 99.4 2.11019 5
      vertex 108 12 5
      vertex 99.4 77.8898 5
    endloop
  endfacet
  facet normal 0 0 1
    outer loop
      vertex 99.4 77.8898 5
      vertex 107.511 71.0902 5
      vertex 106.91 72.5399 5
    endloop
  endfacet
  facet normal 0 0 1
    outer loop
      vertex 108 12 5
      vertex 99.4 2.11019 5
      vertex 107.877 10.4357 5
    endloop
  endfacet
  facet normal 0 0 1
    outer loop
      vertex 99.4 77.8898 5
      vertex 106.91 72.5399 5
      vertex 106.09 73.8779 5
    endloop
  endfacet
  facet normal 0 0 1
    outer loop
      vertex 107.877 10.4357 5
      vertex 99.4 2.11019 5
      vertex 107.511 8.90984 5
    endloop
  endfacet
  facet normal 0 0 1
    outer loop
      vertex 99.4 77.8898 5
      vertex 106.09 73.8779 5
      vertex 105.071 75.0711 5
    endloop
  endfacet
  facet normal 0 0 1
    outer loop
      vertex 107.511 8.90984 5
      vertex 99.4 2.11019 5
      vertex 106.91 7.4601 5
    endloop
  endfacet
  facet normal 0 0 1
    outer loop
      vertex 99.4 77.8898 5
      vertex 105.071 75.0711 5
      vertex 103.878 76.0902 5
    endloop
  endfacet
  facet normal 0 0 1
    outer loop
      vertex 106.91 7.4601 5
      vertex 99.4 2.11019 5
      vertex 106.09 6.12215 5
    endloop
  endfacet
  facet normal 0 0 1
    outer loop
      vertex 99.4 77.8898 5
      vertex 103.878 76.0902 5
      vertex 102.54 76.9101 5
    endloop
  endfacet
  facet normal 0 0 1
    outer loop
      vertex 106.09 6.12215 5
      vertex 99.4 2.11019 5
      vertex 105.071 4.92892 5
    endloop
  endfacet
  facet normal 0 0 1
    outer loop
      vertex 99.4 77.8898 5
      vertex 102.54 76.9101 5
      vertex 101.09 77.5106 5
    endloop
  endfacet
  facet normal 0 0 1
    outer loop
      vertex 105.071 4.92892 5
      vertex 99.4 2.11019 5
      vertex 103.878 3.90984 5
    endloop
  endfacet
  facet normal 0 0 1
    outer loop
      vertex 99.4 77.8898 5
      vertex 101.09 77.5106 5
      vertex 99.5643 77.8769 5
    endloop
  endfacet
  facet normal 0 0 1
    outer loop
      vertex 103.878 3.90984 5
      vertex 99.4 2.11019 5
      vertex 102.54 3.08994 5
    endloop
  endfacet
  facet normal 0 0 1
    outer loop
      vertex 102.54 3.08994 5
      vertex 99.4 2.11019 5
      vertex 101.09 2.48944 5
    endloop
  endfacet
  facet normal 0 0 1
    outer loop
      vertex 101.09 2.48944 5
      vertex 99.4 2.11019 5
      vertex 99.5643 2.12312 5
    endloop
  endfacet
  facet normal 0 0 1
    outer loop
      vertex 16.6 78 5
      vertex 15.5 64 5
      vertex 16.6 2 5
    endloop
  endfacet
  facet normal 0 0 1
    outer loop
      vertex 16.6 78 5
      vertex 15.4815 64.2346 5
      vertex 15.5 64 5
    endloop
  endfacet
  facet normal 0 0 1
    outer loop
      vertex 16.6 78 5
      vertex 15.4266 64.4635 5
      vertex 15.4815 64.2346 5
    endloop
  endfacet
  facet normal 0 0 1
    outer loop
      vertex 16.6 78 5
      vertex 15.3365 64.681 5
      vertex 15.4266 64.4635 5
    endloop
  endfacet
  facet normal 0 0 1
    outer loop
      vertex 16.6 78 5
      vertex 15.2135 64.8817 5
      vertex 15.3365 64.681 5
    endloop
  endfacet
  facet normal 0 0 1
    outer loop
      vertex 16.6 78 5
      vertex 15.0607 65.0607 5
      vertex 15.2135 64.8817 5
    endloop
  endfacet
  facet normal 0 0 1
    outer loop
      vertex 16.6 78 5
      vertex 14.8817 65.2135 5
      vertex 15.0607 65.0607 5
    endloop
  endfacet
  facet normal 0 0 1
    outer loop
      vertex 16.6 78 5
      vertex 14.681 65.3365 5
      vertex 14.8817 65.2135 5
    endloop
  endfacet
  facet normal 0 0 1
    outer loop
      vertex 16.6 78 5
      vertex 14.4635 65.4266 5
      vertex 14.681 65.3365 5
    endloop
  endfacet
  facet normal 0 0 1
    outer loop
      vertex 16.6 78 5
      vertex 14.2347 65.4815 5
      vertex 14.4635 65.4266 5
    endloop
  endfacet
  facet normal 0 0 1
    outer loop
      vertex 16.6 78 5
      vertex 14 65.5 5
      vertex 14.2347 65.4815 5
    endloop
  endfacet
  facet normal -0 0 1
    outer loop
      vertex 12 78 5
      vertex 14 65.5 5
      vertex 16.6 78 5
    endloop
  endfacet
  facet normal 0 0 1
    outer loop
      vertex 14 65.5 5
      vertex 12 78 5
      vertex 13.7653 65.4815 5
    endloop
  endfacet
  facet normal 0 0 1
    outer loop
      vertex 13.7653 65.4815 5
      vertex 12 78 5
      vertex 13.5365 65.4266 5
    endloop
  endfacet
  facet normal -0 0 1
    outer loop
      vertex 11.4 77.9528 5
      vertex 13.5365 65.4266 5
      vertex 12 78 5
    endloop
  endfacet
  facet normal 0 0 1
    outer loop
      vertex 13.5365 65.4266 5
      vertex 11.4 77.9528 5
      vertex 13.319 65.3365 5
    endloop
  endfacet
  facet normal 0 0 1
    outer loop
      vertex 13.319 65.3365 5
      vertex 11.4 77.9528 5
      vertex 13.1183 65.2135 5
    endloop
  endfacet
  facet normal 0 0 1
    outer loop
      vertex 13.1183 65.2135 5
      vertex 11.4 77.9528 5
      vertex 12.9393 65.0607 5
    endloop
  endfacet
  facet normal 0 0 1
    outer loop
      vertex 12.9393 65.0607 5
      vertex 11.4 77.9528 5
      vertex 12.7865 64.8817 5
    endloop
  endfacet
  facet normal 0 0 1
    outer loop
      vertex 12.5185 64.2346 5
      vertex 11.4 77.9528 5
      vertex 12.5 64 5
    endloop
  endfacet
  facet normal 0 0 1
    outer loop
      vertex 12.5734 64.4635 5
      vertex 11.4 77.9528 5
      vertex 12.5185 64.2346 5
    endloop
  endfacet
  facet normal 0 0 1
    outer loop
      vertex 12.6635 64.681 5
      vertex 11.4 77.9528 5
      vertex 12.5734 64.4635 5
    endloop
  endfacet
  facet normal 0 0 1
    outer loop
      vertex 12.7865 64.8817 5
      vertex 11.4 77.9528 5
      vertex 12.6635 64.681 5
    endloop
  endfacet
  facet normal -0 0 1
    outer loop
      vertex 15.5 16 5
      vertex 16.6 2 5
      vertex 15.5 64 5
    endloop
  endfacet
  facet normal -0 0 1
    outer loop
      vertex 15.4815 15.7653 5
      vertex 16.6 2 5
      vertex 15.5 16 5
    endloop
  endfacet
  facet normal -0 0 1
    outer loop
      vertex 15.4266 15.5365 5
      vertex 16.6 2 5
      vertex 15.4815 15.7653 5
    endloop
  endfacet
  facet normal -0 0 1
    outer loop
      vertex 15.3365 15.319 5
      vertex 16.6 2 5
      vertex 15.4266 15.5365 5
    endloop
  endfacet
  facet normal -0 0 1
    outer loop
      vertex 15.2135 15.1183 5
      vertex 16.6 2 5
      vertex 15.3365 15.319 5
    endloop
  endfacet
  facet normal -0 0 1
    outer loop
      vertex 15.0607 14.9393 5
      vertex 16.6 2 5
      vertex 15.2135 15.1183 5
    endloop
  endfacet
  facet normal -0 0 1
    outer loop
      vertex 14.8817 14.7865 5
      vertex 16.6 2 5
      vertex 15.0607 14.9393 5
    endloop
  endfacet
  facet normal -0 0 1
    outer loop
      vertex 14.681 14.6635 5
      vertex 16.6 2 5
      vertex 14.8817 14.7865 5
    endloop
  endfacet
  facet normal -0 0 1
    outer loop
      vertex 14.4635 14.5734 5
      vertex 16.6 2 5
      vertex 14.681 14.6635 5
    endloop
  endfacet
  facet normal -0 0 1
    outer loop
      vertex 14.2347 14.5185 5
      vertex 16.6 2 5
      vertex 14.4635 14.5734 5
    endloop
  endfacet
  facet normal -0 0 1
    outer loop
      vertex 14 14.5 5
      vertex 16.6 2 5
      vertex 14.2347 14.5185 5
    endloop
  endfacet
  facet normal 0 0 1
    outer loop
      vertex 12 2 5
      vertex 14 14.5 5
      vertex 13.7653 14.5185 5
    endloop
  endfacet
  facet normal 0 0 1
    outer loop
      vertex 12 2 5
      vertex 13.7653 14.5185 5
      vertex 13.5365 14.5734 5
    endloop
  endfacet
  facet normal 0 0 1
    outer loop
      vertex 11.4 2.04722 5
      vertex 13.5365 14.5734 5
      vertex 13.319 14.6635 5
    endloop
  endfacet
  facet normal 0 0 1
    outer loop
      vertex 11.4 2.04722 5
      vertex 13.319 14.6635 5
      vertex 13.1183 14.7865 5
    endloop
  endfacet
  facet normal 0 0 1
    outer loop
      vertex 11.4 2.04722 5
      vertex 13.1183 14.7865 5
      vertex 12.9393 14.9393 5
    endloop
  endfacet
  facet normal 0 0 1
    outer loop
      vertex 11.4 2.04722 5
      vertex 12.9393 14.9393 5
      vertex 12.7865 15.1183 5
    endloop
  endfacet
  facet normal 0 0 1
    outer loop
      vertex 11.4 2.04722 5
      vertex 12.7865 15.1183 5
      vertex 12.6635 15.319 5
    endloop
  endfacet
  facet normal 0 0 1
    outer loop
      vertex 11.4 2.04722 5
      vertex 12.6635 15.319 5
      vertex 12.5734 15.5365 5
    endloop
  endfacet
  facet normal 0 0 1
    outer loop
      vertex 14 14.5 5
      vertex 12 2 5
      vertex 16.6 2 5
    endloop
  endfacet
  facet normal 0 0 1
    outer loop
      vertex 11.4 2.04722 5
      vertex 12.5734 15.5365 5
      vertex 12.5185 15.7653 5
    endloop
  endfacet
  facet normal 0 0 1
    outer loop
      vertex 11.4 2.04722 5
      vertex 12.5185 15.7653 5
      vertex 12.5 16 5
    endloop
  endfacet
  facet normal 0 0 1
    outer loop
      vertex 12.5 64 5
      vertex 11.4 77.9528 5
      vertex 12.5 16 5
    endloop
  endfacet
  facet normal 0 0 1
    outer loop
      vertex 11.4 2.04722 5
      vertex 12.5 16 5
      vertex 11.4 77.9528 5
    endloop
  endfacet
  facet normal 0 0 1
    outer loop
      vertex 13.5365 14.5734 5
      vertex 11.4 2.04722 5
      vertex 12 2 5
    endloop
  endfacet
  facet normal 0 0 1
    outer loop
      vertex 24.6 78 5
      vertex 23.5 64 5
      vertex 24.6 2 5
    endloop
  endfacet
  facet normal 0 0 1
    outer loop
      vertex 24.6 78 5
      vertex 23.4815 64.2346 5
      vertex 23.5 64 5
    endloop
  endfacet
  facet normal 0 0 1
    outer loop
      vertex 24.6 78 5
      vertex 23.4266 64.4635 5
      vertex 23.4815 64.2346 5
    endloop
  endfacet
  facet normal 0 0 1
    outer loop
      vertex 24.6 78 5
      vertex 23.3365 64.681 5
      vertex 23.4266 64.4635 5
    endloop
  endfacet
  facet normal 0 0 1
    outer loop
      vertex 24.6 78 5
      vertex 23.2135 64.8817 5
      vertex 23.3365 64.681 5
    endloop
  endfacet
  facet normal 0 0 1
    outer loop
      vertex 24.6 78 5
      vertex 23.0607 65.0607 5
      vertex 23.2135 64.8817 5
    endloop
  endfacet
  facet normal 0 0 1
    outer loop
      vertex 24.6 78 5
      vertex 22.8817 65.2135 5
      vertex 23.0607 65.0607 5
    endloop
  endfacet
  facet normal 0 0 1
    outer loop
      vertex 24.6 78 5
      vertex 22.681 65.3365 5
      vertex 22.8817 65.2135 5
    endloop
  endfacet
  facet normal 0 0 1
    outer loop
      vertex 24.6 78 5
      vertex 22.4635 65.4266 5
      vertex 22.681 65.3365 5
    endloop
  endfacet
  facet normal 0 0 1
    outer loop
      vertex 24.6 78 5
      vertex 22.2347 65.4815 5
      vertex 22.4635 65.4266 5
    endloop
  endfacet
  facet normal 0 0 1
    outer loop
      vertex 24.6 78 5
      vertex 22 65.5 5
      vertex 22.2347 65.4815 5
    endloop
  endfacet
  facet normal -0 0 1
    outer loop
      vertex 19.4 78 5
      vertex 22 65.5 5
      vertex 24.6 78 5
    endloop
  endfacet
  facet normal 0 0 1
    outer loop
      vertex 22 65.5 5
      vertex 19.4 78 5
      vertex 21.7653 65.4815 5
    endloop
  endfacet
  facet normal 0 0 1
    outer loop
      vertex 21.7653 65.4815 5
      vertex 19.4 78 5
      vertex 21.5365 65.4266 5
    endloop
  endfacet
  facet normal 0 0 1
    outer loop
      vertex 21.5365 65.4266 5
      vertex 19.4 78 5
      vertex 21.319 65.3365 5
    endloop
  endfacet
  facet normal 0 0 1
    outer loop
      vertex 21.319 65.3365 5
      vertex 19.4 78 5
      vertex 21.1183 65.2135 5
    endloop
  endfacet
  facet normal 0 0 1
    outer loop
      vertex 21.1183 65.2135 5
      vertex 19.4 78 5
      vertex 20.9393 65.0607 5
    endloop
  endfacet
  facet normal 0 0 1
    outer loop
      vertex 20.9393 65.0607 5
      vertex 19.4 78 5
      vertex 20.7865 64.8817 5
    endloop
  endfacet
  facet normal 0 0 1
    outer loop
      vertex 20.7865 64.8817 5
      vertex 19.4 78 5
      vertex 20.6635 64.681 5
    endloop
  endfacet
  facet normal 0 0 1
    outer loop
      vertex 20.5 64 5
      vertex 19.4 78 5
      vertex 20.5 16 5
    endloop
  endfacet
  facet normal 0 0 1
    outer loop
      vertex 20.5185 64.2346 5
      vertex 19.4 78 5
      vertex 20.5 64 5
    endloop
  endfacet
  facet normal 0 0 1
    outer loop
      vertex 20.5734 64.4635 5
      vertex 19.4 78 5
      vertex 20.5185 64.2346 5
    endloop
  endfacet
  facet normal 0 0 1
    outer loop
      vertex 20.6635 64.681 5
      vertex 19.4 78 5
      vertex 20.5734 64.4635 5
    endloop
  endfacet
  facet normal -0 0 1
    outer loop
      vertex 23.5 16 5
      vertex 24.6 2 5
      vertex 23.5 64 5
    endloop
  endfacet
  facet normal -0 0 1
    outer loop
      vertex 23.4815 15.7653 5
      vertex 24.6 2 5
      vertex 23.5 16 5
    endloop
  endfacet
  facet normal -0 0 1
    outer loop
      vertex 23.4266 15.5365 5
      vertex 24.6 2 5
      vertex 23.4815 15.7653 5
    endloop
  endfacet
  facet normal -0 0 1
    outer loop
      vertex 23.3365 15.319 5
      vertex 24.6 2 5
      vertex 23.4266 15.5365 5
    endloop
  endfacet
  facet normal -0 0 1
    outer loop
      vertex 23.2135 15.1183 5
      vertex 24.6 2 5
      vertex 23.3365 15.319 5
    endloop
  endfacet
  facet normal -0 0 1
    outer loop
      vertex 23.0607 14.9393 5
      vertex 24.6 2 5
      vertex 23.2135 15.1183 5
    endloop
  endfacet
  facet normal -0 0 1
    outer loop
      vertex 22.8817 14.7865 5
      vertex 24.6 2 5
      vertex 23.0607 14.9393 5
    endloop
  endfacet
  facet normal -0 0 1
    outer loop
      vertex 22.681 14.6635 5
      vertex 24.6 2 5
      vertex 22.8817 14.7865 5
    endloop
  endfacet
  facet normal -0 0 1
    outer loop
      vertex 22.4635 14.5734 5
      vertex 24.6 2 5
      vertex 22.681 14.6635 5
    endloop
  endfacet
  facet normal -0 0 1
    outer loop
      vertex 22.2347 14.5185 5
      vertex 24.6 2 5
      vertex 22.4635 14.5734 5
    endloop
  endfacet
  facet normal -0 0 1
    outer loop
      vertex 22 14.5 5
      vertex 24.6 2 5
      vertex 22.2347 14.5185 5
    endloop
  endfacet
  facet normal 0 0 1
    outer loop
      vertex 19.4 2 5
      vertex 22 14.5 5
      vertex 21.7653 14.5185 5
    endloop
  endfacet
  facet normal 0 0 1
    outer loop
      vertex 19.4 2 5
      vertex 21.7653 14.5185 5
      vertex 21.5365 14.5734 5
    endloop
  endfacet
  facet normal 0 0 1
    outer loop
      vertex 19.4 2 5
      vertex 21.5365 14.5734 5
      vertex 21.319 14.6635 5
    endloop
  endfacet
  facet normal 0 0 1
    outer loop
      vertex 19.4 2 5
      vertex 21.319 14.6635 5
      vertex 21.1183 14.7865 5
    endloop
  endfacet
  facet normal 0 0 1
    outer loop
      vertex 19.4 2 5
      vertex 21.1183 14.7865 5
      vertex 20.9393 14.9393 5
    endloop
  endfacet
  facet normal 0 0 1
    outer loop
      vertex 19.4 2 5
      vertex 20.9393 14.9393 5
      vertex 20.7865 15.1183 5
    endloop
  endfacet
  facet normal 0 0 1
    outer loop
      vertex 19.4 2 5
      vertex 20.7865 15.1183 5
      vertex 20.6635 15.319 5
    endloop
  endfacet
  facet normal 0 0 1
    outer loop
      vertex 19.4 2 5
      vertex 20.6635 15.319 5
      vertex 20.5734 15.5365 5
    endloop
  endfacet
  facet normal 0 0 1
    outer loop
      vertex 22 14.5 5
      vertex 19.4 2 5
      vertex 24.6 2 5
    endloop
  endfacet
  facet normal 0 0 1
    outer loop
      vertex 20.5185 15.7653 5
      vertex 19.4 2 5
      vertex 20.5734 15.5365 5
    endloop
  endfacet
  facet normal 0 0 1
    outer loop
      vertex 20.5 16 5
      vertex 19.4 2 5
      vertex 20.5185 15.7653 5
    endloop
  endfacet
  facet normal 0 0 1
    outer loop
      vertex 19.4 2 5
      vertex 20.5 16 5
      vertex 19.4 78 5
    endloop
  endfacet
  facet normal 0 0 1
    outer loop
      vertex 32.6 78 5
      vertex 31.5 64 5
      vertex 32.6 2 5
    endloop
  endfacet
  facet normal 0 0 1
    outer loop
      vertex 32.6 78 5
      vertex 31.4815 64.2346 5
      vertex 31.5 64 5
    endloop
  endfacet
  facet normal 0 0 1
    outer loop
      vertex 32.6 78 5
      vertex 31.4266 64.4635 5
      vertex 31.4815 64.2346 5
    endloop
  endfacet
  facet normal 0 0 1
    outer loop
      vertex 32.6 78 5
      vertex 31.3365 64.681 5
      vertex 31.4266 64.4635 5
    endloop
  endfacet
  facet normal 0 0 1
    outer loop
      vertex 32.6 78 5
      vertex 31.2135 64.8817 5
      vertex 31.3365 64.681 5
    endloop
  endfacet
  facet normal 0 0 1
    outer loop
      vertex 32.6 78 5
      vertex 31.0607 65.0607 5
      vertex 31.2135 64.8817 5
    endloop
  endfacet
  facet normal 0 0 1
    outer loop
      vertex 32.6 78 5
      vertex 30.8817 65.2135 5
      vertex 31.0607 65.0607 5
    endloop
  endfacet
  facet normal 0 0 1
    outer loop
      vertex 32.6 78 5
      vertex 30.681 65.3365 5
      vertex 30.8817 65.2135 5
    endloop
  endfacet
  facet normal 0 0 1
    outer loop
      vertex 32.6 78 5
      vertex 30.4635 65.4266 5
      vertex 30.681 65.3365 5
    endloop
  endfacet
  facet normal 0 0 1
    outer loop
      vertex 32.6 78 5
      vertex 30.2347 65.4815 5
      vertex 30.4635 65.4266 5
    endloop
  endfacet
  facet normal 0 0 1
    outer loop
      vertex 32.6 78 5
      vertex 30 65.5 5
      vertex 30.2347 65.4815 5
    endloop
  endfacet
  facet normal -0 0 1
    outer loop
      vertex 27.4 78 5
      vertex 30 65.5 5
      vertex 32.6 78 5
    endloop
  endfacet
  facet normal 0 0 1
    outer loop
      vertex 30 65.5 5
      vertex 27.4 78 5
      vertex 29.7653 65.4815 5
    endloop
  endfacet
  facet normal 0 0 1
    outer loop
      vertex 29.7653 65.4815 5
      vertex 27.4 78 5
      vertex 29.5365 65.4266 5
    endloop
  endfacet
  facet normal 0 0 1
    outer loop
      vertex 29.5365 65.4266 5
      vertex 27.4 78 5
      vertex 29.319 65.3365 5
    endloop
  endfacet
  facet normal 0 0 1
    outer loop
      vertex 29.319 65.3365 5
      vertex 27.4 78 5
      vertex 29.1183 65.2135 5
    endloop
  endfacet
  facet normal 0 0 1
    outer loop
      vertex 29.1183 65.2135 5
      vertex 27.4 78 5
      vertex 28.9393 65.0607 5
    endloop
  endfacet
  facet normal 0 0 1
    outer loop
      vertex 28.9393 65.0607 5
      vertex 27.4 78 5
      vertex 28.7865 64.8817 5
    endloop
  endfacet
  facet normal 0 0 1
    outer loop
      vertex 28.7865 64.8817 5
      vertex 27.4 78 5
      vertex 28.6635 64.681 5
    endloop
  endfacet
  facet normal 0 0 1
    outer loop
      vertex 28.5 64 5
      vertex 27.4 78 5
      vertex 28.5 16 5
    endloop
  endfacet
  facet normal 0 0 1
    outer loop
      vertex 28.5185 64.2346 5
      vertex 27.4 78 5
      vertex 28.5 64 5
    endloop
  endfacet
  facet normal 0 0 1
    outer loop
      vertex 28.5734 64.4635 5
      vertex 27.4 78 5
      vertex 28.5185 64.2346 5
    endloop
  endfacet
  facet normal 0 0 1
    outer loop
      vertex 28.6635 64.681 5
      vertex 27.4 78 5
      vertex 28.5734 64.4635 5
    endloop
  endfacet
  facet normal -0 0 1
    outer loop
      vertex 31.5 16 5
      vertex 32.6 2 5
      vertex 31.5 64 5
    endloop
  endfacet
  facet normal -0 0 1
    outer loop
      vertex 31.4815 15.7653 5
      vertex 32.6 2 5
      vertex 31.5 16 5
    endloop
  endfacet
  facet normal -0 0 1
    outer loop
      vertex 31.4266 15.5365 5
      vertex 32.6 2 5
      vertex 31.4815 15.7653 5
    endloop
  endfacet
  facet normal -0 0 1
    outer loop
      vertex 31.3365 15.319 5
      vertex 32.6 2 5
      vertex 31.4266 15.5365 5
    endloop
  endfacet
  facet normal -0 0 1
    outer loop
      vertex 31.2135 15.1183 5
      vertex 32.6 2 5
      vertex 31.3365 15.319 5
    endloop
  endfacet
  facet normal -0 0 1
    outer loop
      vertex 31.0607 14.9393 5
      vertex 32.6 2 5
      vertex 31.2135 15.1183 5
    endloop
  endfacet
  facet normal -0 0 1
    outer loop
      vertex 30.8817 14.7865 5
      vertex 32.6 2 5
      vertex 31.0607 14.9393 5
    endloop
  endfacet
  facet normal -0 0 1
    outer loop
      vertex 30.681 14.6635 5
      vertex 32.6 2 5
      vertex 30.8817 14.7865 5
    endloop
  endfacet
  facet normal -0 0 1
    outer loop
      vertex 30.4635 14.5734 5
      vertex 32.6 2 5
      vertex 30.681 14.6635 5
    endloop
  endfacet
  facet normal -0 0 1
    outer loop
      vertex 30.2347 14.5185 5
      vertex 32.6 2 5
      vertex 30.4635 14.5734 5
    endloop
  endfacet
  facet normal -0 0 1
    outer loop
      vertex 30 14.5 5
      vertex 32.6 2 5
      vertex 30.2347 14.5185 5
    endloop
  endfacet
  facet normal 0 0 1
    outer loop
      vertex 27.4 2 5
      vertex 30 14.5 5
      vertex 29.7653 14.5185 5
    endloop
  endfacet
  facet normal 0 0 1
    outer loop
      vertex 27.4 2 5
      vertex 29.7653 14.5185 5
      vertex 29.5365 14.5734 5
    endloop
  endfacet
  facet normal 0 0 1
    outer loop
      vertex 27.4 2 5
      vertex 29.5365 14.5734 5
      vertex 29.319 14.6635 5
    endloop
  endfacet
  facet normal 0 0 1
    outer loop
      vertex 27.4 2 5
      vertex 29.319 14.6635 5
      vertex 29.1183 14.7865 5
    endloop
  endfacet
  facet normal 0 0 1
    outer loop
      vertex 27.4 2 5
      vertex 29.1183 14.7865 5
      vertex 28.9393 14.9393 5
    endloop
  endfacet
  facet normal 0 0 1
    outer loop
      vertex 27.4 2 5
      vertex 28.9393 14.9393 5
      vertex 28.7865 15.1183 5
    endloop
  endfacet
  facet normal 0 0 1
    outer loop
      vertex 27.4 2 5
      vertex 28.7865 15.1183 5
      vertex 28.6635 15.319 5
    endloop
  endfacet
  facet normal 0 0 1
    outer loop
      vertex 27.4 2 5
      vertex 28.6635 15.319 5
      vertex 28.5734 15.5365 5
    endloop
  endfacet
  facet normal 0 0 1
    outer loop
      vertex 30 14.5 5
      vertex 27.4 2 5
      vertex 32.6 2 5
    endloop
  endfacet
  facet normal 0 0 1
    outer loop
      vertex 28.5185 15.7653 5
      vertex 27.4 2 5
      vertex 28.5734 15.5365 5
    endloop
  endfacet
  facet normal 0 0 1
    outer loop
      vertex 28.5 16 5
      vertex 27.4 2 5
      vertex 28.5185 15.7653 5
    endloop
  endfacet
  facet normal 0 0 1
    outer loop
      vertex 27.4 2 5
      vertex 28.5 16 5
      vertex 27.4 78 5
    endloop
  endfacet
  facet normal 0 0 1
    outer loop
      vertex 40.6 78 5
      vertex 39.5 64 5
      vertex 40.6 2 5
    endloop
  endfacet
  facet normal 0 0 1
    outer loop
      vertex 40.6 78 5
      vertex 39.4815 64.2346 5
      vertex 39.5 64 5
    endloop
  endfacet
  facet normal 0 0 1
    outer loop
      vertex 40.6 78 5
      vertex 39.4266 64.4635 5
      vertex 39.4815 64.2346 5
    endloop
  endfacet
  facet normal 0 0 1
    outer loop
      vertex 40.6 78 5
      vertex 39.3365 64.681 5
      vertex 39.4266 64.4635 5
    endloop
  endfacet
  facet normal 0 0 1
    outer loop
      vertex 40.6 78 5
      vertex 39.2135 64.8817 5
      vertex 39.3365 64.681 5
    endloop
  endfacet
  facet normal 0 0 1
    outer loop
      vertex 40.6 78 5
      vertex 39.0607 65.0607 5
      vertex 39.2135 64.8817 5
    endloop
  endfacet
  facet normal 0 0 1
    outer loop
      vertex 40.6 78 5
      vertex 38.8817 65.2135 5
      vertex 39.0607 65.0607 5
    endloop
  endfacet
  facet normal 0 0 1
    outer loop
      vertex 40.6 78 5
      vertex 38.681 65.3365 5
      vertex 38.8817 65.2135 5
    endloop
  endfacet
  facet normal 0 0 1
    outer loop
      vertex 40.6 78 5
      vertex 38.4635 65.4266 5
      vertex 38.681 65.3365 5
    endloop
  endfacet
  facet normal 0 0 1
    outer loop
      vertex 40.6 78 5
      vertex 38.2346 65.4815 5
      vertex 38.4635 65.4266 5
    endloop
  endfacet
  facet normal 0 0 1
    outer loop
      vertex 40.6 78 5
      vertex 38 65.5 5
      vertex 38.2346 65.4815 5
    endloop
  endfacet
  facet normal -0 0 1
    outer loop
      vertex 35.4 78 5
      vertex 38 65.5 5
      vertex 40.6 78 5
    endloop
  endfacet
  facet normal 0 0 1
    outer loop
      vertex 38 65.5 5
      vertex 35.4 78 5
      vertex 37.7653 65.4815 5
    endloop
  endfacet
  facet normal 0 0 1
    outer loop
      vertex 37.7653 65.4815 5
      vertex 35.4 78 5
      vertex 37.5365 65.4266 5
    endloop
  endfacet
  facet normal 0 0 1
    outer loop
      vertex 37.5365 65.4266 5
      vertex 35.4 78 5
      vertex 37.319 65.3365 5
    endloop
  endfacet
  facet normal 0 0 1
    outer loop
      vertex 37.319 65.3365 5
      vertex 35.4 78 5
      vertex 37.1183 65.2135 5
    endloop
  endfacet
  facet normal 0 0 1
    outer loop
      vertex 37.1183 65.2135 5
      vertex 35.4 78 5
      vertex 36.9393 65.0607 5
    endloop
  endfacet
  facet normal 0 0 1
    outer loop
      vertex 36.9393 65.0607 5
      vertex 35.4 78 5
      vertex 36.7865 64.8817 5
    endloop
  endfacet
  facet normal 0 0 1
    outer loop
      vertex 36.7865 64.8817 5
      vertex 35.4 78 5
      vertex 36.6635 64.681 5
    endloop
  endfacet
  facet normal 0 0 1
    outer loop
      vertex 36.5 64 5
      vertex 35.4 78 5
      vertex 36.5 16 5
    endloop
  endfacet
  facet normal 0 0 1
    outer loop
      vertex 36.5185 64.2346 5
      vertex 35.4 78 5
      vertex 36.5 64 5
    endloop
  endfacet
  facet normal 0 0 1
    outer loop
      vertex 36.5734 64.4635 5
      vertex 35.4 78 5
      vertex 36.5185 64.2346 5
    endloop
  endfacet
  facet normal 0 0 1
    outer loop
      vertex 36.6635 64.681 5
      vertex 35.4 78 5
      vertex 36.5734 64.4635 5
    endloop
  endfacet
  facet normal -0 0 1
    outer loop
      vertex 39.5 16 5
      vertex 40.6 2 5
      vertex 39.5 64 5
    endloop
  endfacet
  facet normal -0 0 1
    outer loop
      vertex 39.4815 15.7653 5
      vertex 40.6 2 5
      vertex 39.5 16 5
    endloop
  endfacet
  facet normal -0 0 1
    outer loop
      vertex 39.4266 15.5365 5
      vertex 40.6 2 5
      vertex 39.4815 15.7653 5
    endloop
  endfacet
  facet normal -0 0 1
    outer loop
      vertex 39.3365 15.319 5
      vertex 40.6 2 5
      vertex 39.4266 15.5365 5
    endloop
  endfacet
  facet normal -0 0 1
    outer loop
      vertex 39.2135 15.1183 5
      vertex 40.6 2 5
      vertex 39.3365 15.319 5
    endloop
  endfacet
  facet normal -0 0 1
    outer loop
      vertex 39.0607 14.9393 5
      vertex 40.6 2 5
      vertex 39.2135 15.1183 5
    endloop
  endfacet
  facet normal -0 0 1
    outer loop
      vertex 38.8817 14.7865 5
      vertex 40.6 2 5
      vertex 39.0607 14.9393 5
    endloop
  endfacet
  facet normal -0 0 1
    outer loop
      vertex 38.681 14.6635 5
      vertex 40.6 2 5
      vertex 38.8817 14.7865 5
    endloop
  endfacet
  facet normal -0 0 1
    outer loop
      vertex 38.4635 14.5734 5
      vertex 40.6 2 5
      vertex 38.681 14.6635 5
    endloop
  endfacet
  facet normal -0 0 1
    outer loop
      vertex 38.2346 14.5185 5
      vertex 40.6 2 5
      vertex 38.4635 14.5734 5
    endloop
  endfacet
  facet normal -0 0 1
    outer loop
      vertex 38 14.5 5
      vertex 40.6 2 5
      vertex 38.2346 14.5185 5
    endloop
  endfacet
  facet normal 0 0 1
    outer loop
      vertex 35.4 2 5
      vertex 38 14.5 5
      vertex 37.7653 14.5185 5
    endloop
  endfacet
  facet normal 0 0 1
    outer loop
      vertex 35.4 2 5
      vertex 37.7653 14.5185 5
      vertex 37.5365 14.5734 5
    endloop
  endfacet
  facet normal 0 0 1
    outer loop
      vertex 35.4 2 5
      vertex 37.5365 14.5734 5
      vertex 37.319 14.6635 5
    endloop
  endfacet
  facet normal 0 0 1
    outer loop
      vertex 35.4 2 5
      vertex 37.319 14.6635 5
      vertex 37.1183 14.7865 5
    endloop
  endfacet
  facet normal 0 0 1
    outer loop
      vertex 35.4 2 5
      vertex 37.1183 14.7865 5
      vertex 36.9393 14.9393 5
    endloop
  endfacet
  facet normal 0 0 1
    outer loop
      vertex 35.4 2 5
      vertex 36.9393 14.9393 5
      vertex 36.7865 15.1183 5
    endloop
  endfacet
  facet normal 0 0 1
    outer loop
      vertex 35.4 2 5
      vertex 36.7865 15.1183 5
      vertex 36.6635 15.319 5
    endloop
  endfacet
  facet normal 0 0 1
    outer loop
      vertex 35.4 2 5
      vertex 36.6635 15.319 5
      vertex 36.5734 15.5365 5
    endloop
  endfacet
  facet normal 0 0 1
    outer loop
      vertex 38 14.5 5
      vertex 35.4 2 5
      vertex 40.6 2 5
    endloop
  endfacet
  facet normal 0 0 1
    outer loop
      vertex 36.5185 15.7653 5
      vertex 35.4 2 5
      vertex 36.5734 15.5365 5
    endloop
  endfacet
  facet normal 0 0 1
    outer loop
      vertex 36.5 16 5
      vertex 35.4 2 5
      vertex 36.5185 15.7653 5
    endloop
  endfacet
  facet normal 0 0 1
    outer loop
      vertex 35.4 2 5
      vertex 36.5 16 5
      vertex 35.4 78 5
    endloop
  endfacet
  facet normal 0 0 1
    outer loop
      vertex 48.6 78 5
      vertex 47.5 64 5
      vertex 48.6 2 5
    endloop
  endfacet
  facet normal 0 0 1
    outer loop
      vertex 48.6 78 5
      vertex 47.4815 64.2346 5
      vertex 47.5 64 5
    endloop
  endfacet
  facet normal 0 0 1
    outer loop
      vertex 48.6 78 5
      vertex 47.4266 64.4635 5
      vertex 47.4815 64.2346 5
    endloop
  endfacet
  facet normal 0 0 1
    outer loop
      vertex 48.6 78 5
      vertex 47.3365 64.681 5
      vertex 47.4266 64.4635 5
    endloop
  endfacet
  facet normal 0 0 1
    outer loop
      vertex 48.6 78 5
      vertex 47.2135 64.8817 5
      vertex 47.3365 64.681 5
    endloop
  endfacet
  facet normal 0 0 1
    outer loop
      vertex 48.6 78 5
      vertex 47.0607 65.0607 5
      vertex 47.2135 64.8817 5
    endloop
  endfacet
  facet normal 0 0 1
    outer loop
      vertex 48.6 78 5
      vertex 46.8817 65.2135 5
      vertex 47.0607 65.0607 5
    endloop
  endfacet
  facet normal 0 0 1
    outer loop
      vertex 48.6 78 5
      vertex 46.681 65.3365 5
      vertex 46.8817 65.2135 5
    endloop
  endfacet
  facet normal 0 0 1
    outer loop
      vertex 48.6 78 5
      vertex 46.4635 65.4266 5
      vertex 46.681 65.3365 5
    endloop
  endfacet
  facet normal 0 0 1
    outer loop
      vertex 48.6 78 5
      vertex 46.2346 65.4815 5
      vertex 46.4635 65.4266 5
    endloop
  endfacet
  facet normal 0 0 1
    outer loop
      vertex 48.6 78 5
      vertex 46 65.5 5
      vertex 46.2346 65.4815 5
    endloop
  endfacet
  facet normal -0 0 1
    outer loop
      vertex 43.4 78 5
      vertex 46 65.5 5
      vertex 48.6 78 5
    endloop
  endfacet
  facet normal 0 0 1
    outer loop
      vertex 46 65.5 5
      vertex 43.4 78 5
      vertex 45.7653 65.4815 5
    endloop
  endfacet
  facet normal 0 0 1
    outer loop
      vertex 45.7653 65.4815 5
      vertex 43.4 78 5
      vertex 45.5365 65.4266 5
    endloop
  endfacet
  facet normal 0 0 1
    outer loop
      vertex 45.5365 65.4266 5
      vertex 43.4 78 5
      vertex 45.319 65.3365 5
    endloop
  endfacet
  facet normal 0 0 1
    outer loop
      vertex 45.319 65.3365 5
      vertex 43.4 78 5
      vertex 45.1183 65.2135 5
    endloop
  endfacet
  facet normal 0 0 1
    outer loop
      vertex 45.1183 65.2135 5
      vertex 43.4 78 5
      vertex 44.9393 65.0607 5
    endloop
  endfacet
  facet normal 0 0 1
    outer loop
      vertex 44.9393 65.0607 5
      vertex 43.4 78 5
      vertex 44.7865 64.8817 5
    endloop
  endfacet
  facet normal 0 0 1
    outer loop
      vertex 44.7865 64.8817 5
      vertex 43.4 78 5
      vertex 44.6635 64.681 5
    endloop
  endfacet
  facet normal 0 0 1
    outer loop
      vertex 44.5 64 5
      vertex 43.4 78 5
      vertex 44.5 16 5
    endloop
  endfacet
  facet normal 0 0 1
    outer loop
      vertex 44.5185 64.2346 5
      vertex 43.4 78 5
      vertex 44.5 64 5
    endloop
  endfacet
  facet normal 0 0 1
    outer loop
      vertex 44.5734 64.4635 5
      vertex 43.4 78 5
      vertex 44.5185 64.2346 5
    endloop
  endfacet
  facet normal 0 0 1
    outer loop
      vertex 44.6635 64.681 5
      vertex 43.4 78 5
      vertex 44.5734 64.4635 5
    endloop
  endfacet
  facet normal -0 0 1
    outer loop
      vertex 47.5 16 5
      vertex 48.6 2 5
      vertex 47.5 64 5
    endloop
  endfacet
  facet normal -0 0 1
    outer loop
      vertex 47.4815 15.7653 5
      vertex 48.6 2 5
      vertex 47.5 16 5
    endloop
  endfacet
  facet normal -0 0 1
    outer loop
      vertex 47.4266 15.5365 5
      vertex 48.6 2 5
      vertex 47.4815 15.7653 5
    endloop
  endfacet
  facet normal -0 0 1
    outer loop
      vertex 47.3365 15.319 5
      vertex 48.6 2 5
      vertex 47.4266 15.5365 5
    endloop
  endfacet
  facet normal -0 0 1
    outer loop
      vertex 47.2135 15.1183 5
      vertex 48.6 2 5
      vertex 47.3365 15.319 5
    endloop
  endfacet
  facet normal -0 0 1
    outer loop
      vertex 47.0607 14.9393 5
      vertex 48.6 2 5
      vertex 47.2135 15.1183 5
    endloop
  endfacet
  facet normal -0 0 1
    outer loop
      vertex 46.8817 14.7865 5
      vertex 48.6 2 5
      vertex 47.0607 14.9393 5
    endloop
  endfacet
  facet normal -0 0 1
    outer loop
      vertex 46.681 14.6635 5
      vertex 48.6 2 5
      vertex 46.8817 14.7865 5
    endloop
  endfacet
  facet normal -0 0 1
    outer loop
      vertex 46.4635 14.5734 5
      vertex 48.6 2 5
      vertex 46.681 14.6635 5
    endloop
  endfacet
  facet normal -0 0 1
    outer loop
      vertex 46.2346 14.5185 5
      vertex 48.6 2 5
      vertex 46.4635 14.5734 5
    endloop
  endfacet
  facet normal -0 0 1
    outer loop
      vertex 46 14.5 5
      vertex 48.6 2 5
      vertex 46.2346 14.5185 5
    endloop
  endfacet
  facet normal 0 0 1
    outer loop
      vertex 43.4 2 5
      vertex 46 14.5 5
      vertex 45.7653 14.5185 5
    endloop
  endfacet
  facet normal 0 0 1
    outer loop
      vertex 43.4 2 5
      vertex 45.7653 14.5185 5
      vertex 45.5365 14.5734 5
    endloop
  endfacet
  facet normal 0 0 1
    outer loop
      vertex 43.4 2 5
      vertex 45.5365 14.5734 5
      vertex 45.319 14.6635 5
    endloop
  endfacet
  facet normal 0 0 1
    outer loop
      vertex 43.4 2 5
      vertex 45.319 14.6635 5
      vertex 45.1183 14.7865 5
    endloop
  endfacet
  facet normal 0 0 1
    outer loop
      vertex 43.4 2 5
      vertex 45.1183 14.7865 5
      vertex 44.9393 14.9393 5
    endloop
  endfacet
  facet normal 0 0 1
    outer loop
      vertex 43.4 2 5
      vertex 44.9393 14.9393 5
      vertex 44.7865 15.1183 5
    endloop
  endfacet
  facet normal 0 0 1
    outer loop
      vertex 43.4 2 5
      vertex 44.7865 15.1183 5
      vertex 44.6635 15.319 5
    endloop
  endfacet
  facet normal 0 0 1
    outer loop
      vertex 43.4 2 5
      vertex 44.6635 15.319 5
      vertex 44.5734 15.5365 5
    endloop
  endfacet
  facet normal 0 0 1
    outer loop
      vertex 46 14.5 5
      vertex 43.4 2 5
      vertex 48.6 2 5
    endloop
  endfacet
  facet normal 0 0 1
    outer loop
      vertex 44.5185 15.7653 5
      vertex 43.4 2 5
      vertex 44.5734 15.5365 5
    endloop
  endfacet
  facet normal 0 0 1
    outer loop
      vertex 44.5 16 5
      vertex 43.4 2 5
      vertex 44.5185 15.7653 5
    endloop
  endfacet
  facet normal 0 0 1
    outer loop
      vertex 43.4 2 5
      vertex 44.5 16 5
      vertex 43.4 78 5
    endloop
  endfacet
  facet normal 0 0 1
    outer loop
      vertex 56.6 78 5
      vertex 55.5 64 5
      vertex 56.6 2 5
    endloop
  endfacet
  facet normal 0 0 1
    outer loop
      vertex 56.6 78 5
      vertex 55.4815 64.2346 5
      vertex 55.5 64 5
    endloop
  endfacet
  facet normal 0 0 1
    outer loop
      vertex 56.6 78 5
      vertex 55.4266 64.4635 5
      vertex 55.4815 64.2346 5
    endloop
  endfacet
  facet normal 0 0 1
    outer loop
      vertex 56.6 78 5
      vertex 55.3365 64.681 5
      vertex 55.4266 64.4635 5
    endloop
  endfacet
  facet normal 0 0 1
    outer loop
      vertex 56.6 78 5
      vertex 55.2135 64.8817 5
      vertex 55.3365 64.681 5
    endloop
  endfacet
  facet normal 0 0 1
    outer loop
      vertex 56.6 78 5
      vertex 55.0607 65.0607 5
      vertex 55.2135 64.8817 5
    endloop
  endfacet
  facet normal 0 0 1
    outer loop
      vertex 56.6 78 5
      vertex 54.8817 65.2135 5
      vertex 55.0607 65.0607 5
    endloop
  endfacet
  facet normal 0 0 1
    outer loop
      vertex 56.6 78 5
      vertex 54.681 65.3365 5
      vertex 54.8817 65.2135 5
    endloop
  endfacet
  facet normal 0 0 1
    outer loop
      vertex 56.6 78 5
      vertex 54.4635 65.4266 5
      vertex 54.681 65.3365 5
    endloop
  endfacet
  facet normal 0 0 1
    outer loop
      vertex 56.6 78 5
      vertex 54.2346 65.4815 5
      vertex 54.4635 65.4266 5
    endloop
  endfacet
  facet normal 0 0 1
    outer loop
      vertex 56.6 78 5
      vertex 54 65.5 5
      vertex 54.2346 65.4815 5
    endloop
  endfacet
  facet normal -0 0 1
    outer loop
      vertex 51.4 78 5
      vertex 54 65.5 5
      vertex 56.6 78 5
    endloop
  endfacet
  facet normal 0 0 1
    outer loop
      vertex 54 65.5 5
      vertex 51.4 78 5
      vertex 53.7653 65.4815 5
    endloop
  endfacet
  facet normal 0 0 1
    outer loop
      vertex 53.7653 65.4815 5
      vertex 51.4 78 5
      vertex 53.5365 65.4266 5
    endloop
  endfacet
  facet normal 0 0 1
    outer loop
      vertex 53.5365 65.4266 5
      vertex 51.4 78 5
      vertex 53.319 65.3365 5
    endloop
  endfacet
  facet normal 0 0 1
    outer loop
      vertex 53.319 65.3365 5
      vertex 51.4 78 5
      vertex 53.1183 65.2135 5
    endloop
  endfacet
  facet normal 0 0 1
    outer loop
      vertex 53.1183 65.2135 5
      vertex 51.4 78 5
      vertex 52.9393 65.0607 5
    endloop
  endfacet
  facet normal 0 0 1
    outer loop
      vertex 52.9393 65.0607 5
      vertex 51.4 78 5
      vertex 52.7865 64.8817 5
    endloop
  endfacet
  facet normal 0 0 1
    outer loop
      vertex 52.7865 64.8817 5
      vertex 51.4 78 5
      vertex 52.6635 64.681 5
    endloop
  endfacet
  facet normal 0 0 1
    outer loop
      vertex 52.5 64 5
      vertex 51.4 78 5
      vertex 52.5 16 5
    endloop
  endfacet
  facet normal 0 0 1
    outer loop
      vertex 52.5185 64.2346 5
      vertex 51.4 78 5
      vertex 52.5 64 5
    endloop
  endfacet
  facet normal 0 0 1
    outer loop
      vertex 52.5734 64.4635 5
      vertex 51.4 78 5
      vertex 52.5185 64.2346 5
    endloop
  endfacet
  facet normal 0 0 1
    outer loop
      vertex 52.6635 64.681 5
      vertex 51.4 78 5
      vertex 52.5734 64.4635 5
    endloop
  endfacet
  facet normal -0 0 1
    outer loop
      vertex 55.5 16 5
      vertex 56.6 2 5
      vertex 55.5 64 5
    endloop
  endfacet
  facet normal -0 0 1
    outer loop
      vertex 55.4815 15.7653 5
      vertex 56.6 2 5
      vertex 55.5 16 5
    endloop
  endfacet
  facet normal -0 0 1
    outer loop
      vertex 55.4266 15.5365 5
      vertex 56.6 2 5
      vertex 55.4815 15.7653 5
    endloop
  endfacet
  facet normal -0 0 1
    outer loop
      vertex 55.3365 15.319 5
      vertex 56.6 2 5
      vertex 55.4266 15.5365 5
    endloop
  endfacet
  facet normal -0 0 1
    outer loop
      vertex 55.2135 15.1183 5
      vertex 56.6 2 5
      vertex 55.3365 15.319 5
    endloop
  endfacet
  facet normal -0 0 1
    outer loop
      vertex 55.0607 14.9393 5
      vertex 56.6 2 5
      vertex 55.2135 15.1183 5
    endloop
  endfacet
  facet normal -0 0 1
    outer loop
      vertex 54.8817 14.7865 5
      vertex 56.6 2 5
      vertex 55.0607 14.9393 5
    endloop
  endfacet
  facet normal -0 0 1
    outer loop
      vertex 54.681 14.6635 5
      vertex 56.6 2 5
      vertex 54.8817 14.7865 5
    endloop
  endfacet
  facet normal -0 0 1
    outer loop
      vertex 54.4635 14.5734 5
      vertex 56.6 2 5
      vertex 54.681 14.6635 5
    endloop
  endfacet
  facet normal -0 0 1
    outer loop
      vertex 54.2346 14.5185 5
      vertex 56.6 2 5
      vertex 54.4635 14.5734 5
    endloop
  endfacet
  facet normal -0 0 1
    outer loop
      vertex 54 14.5 5
      vertex 56.6 2 5
      vertex 54.2346 14.5185 5
    endloop
  endfacet
  facet normal 0 0 1
    outer loop
      vertex 51.4 2 5
      vertex 54 14.5 5
      vertex 53.7653 14.5185 5
    endloop
  endfacet
  facet normal 0 0 1
    outer loop
      vertex 51.4 2 5
      vertex 53.7653 14.5185 5
      vertex 53.5365 14.5734 5
    endloop
  endfacet
  facet normal 0 0 1
    outer loop
      vertex 51.4 2 5
      vertex 53.5365 14.5734 5
      vertex 53.319 14.6635 5
    endloop
  endfacet
  facet normal 0 0 1
    outer loop
      vertex 51.4 2 5
      vertex 53.319 14.6635 5
      vertex 53.1183 14.7865 5
    endloop
  endfacet
  facet normal 0 0 1
    outer loop
      vertex 51.4 2 5
      vertex 53.1183 14.7865 5
      vertex 52.9393 14.9393 5
    endloop
  endfacet
  facet normal 0 0 1
    outer loop
      vertex 51.4 2 5
      vertex 52.9393 14.9393 5
      vertex 52.7865 15.1183 5
    endloop
  endfacet
  facet normal 0 0 1
    outer loop
      vertex 51.4 2 5
      vertex 52.7865 15.1183 5
      vertex 52.6635 15.319 5
    endloop
  endfacet
  facet normal 0 0 1
    outer loop
      vertex 51.4 2 5
      vertex 52.6635 15.319 5
      vertex 52.5734 15.5365 5
    endloop
  endfacet
  facet normal 0 0 1
    outer loop
      vertex 54 14.5 5
      vertex 51.4 2 5
      vertex 56.6 2 5
    endloop
  endfacet
  facet normal 0 0 1
    outer loop
      vertex 52.5185 15.7653 5
      vertex 51.4 2 5
      vertex 52.5734 15.5365 5
    endloop
  endfacet
  facet normal 0 0 1
    outer loop
      vertex 52.5 16 5
      vertex 51.4 2 5
      vertex 52.5185 15.7653 5
    endloop
  endfacet
  facet normal 0 0 1
    outer loop
      vertex 51.4 2 5
      vertex 52.5 16 5
      vertex 51.4 78 5
    endloop
  endfacet
  facet normal 0 0 1
    outer loop
      vertex 64.6 78 5
      vertex 63.5 64 5
      vertex 64.6 2 5
    endloop
  endfacet
  facet normal 0 0 1
    outer loop
      vertex 64.6 78 5
      vertex 63.4815 64.2346 5
      vertex 63.5 64 5
    endloop
  endfacet
  facet normal 0 0 1
    outer loop
      vertex 64.6 78 5
      vertex 63.4266 64.4635 5
      vertex 63.4815 64.2346 5
    endloop
  endfacet
  facet normal 0 0 1
    outer loop
      vertex 64.6 78 5
      vertex 63.3365 64.681 5
      vertex 63.4266 64.4635 5
    endloop
  endfacet
  facet normal 0 0 1
    outer loop
      vertex 64.6 78 5
      vertex 63.2135 64.8817 5
      vertex 63.3365 64.681 5
    endloop
  endfacet
  facet normal 0 0 1
    outer loop
      vertex 64.6 78 5
      vertex 63.0607 65.0607 5
      vertex 63.2135 64.8817 5
    endloop
  endfacet
  facet normal 0 0 1
    outer loop
      vertex 64.6 78 5
      vertex 62.8817 65.2135 5
      vertex 63.0607 65.0607 5
    endloop
  endfacet
  facet normal 0 0 1
    outer loop
      vertex 64.6 78 5
      vertex 62.681 65.3365 5
      vertex 62.8817 65.2135 5
    endloop
  endfacet
  facet normal 0 0 1
    outer loop
      vertex 64.6 78 5
      vertex 62.4635 65.4266 5
      vertex 62.681 65.3365 5
    endloop
  endfacet
  facet normal 0 0 1
    outer loop
      vertex 64.6 78 5
      vertex 62.2346 65.4815 5
      vertex 62.4635 65.4266 5
    endloop
  endfacet
  facet normal 0 0 1
    outer loop
      vertex 64.6 78 5
      vertex 62 65.5 5
      vertex 62.2346 65.4815 5
    endloop
  endfacet
  facet normal -0 0 1
    outer loop
      vertex 59.4 78 5
      vertex 62 65.5 5
      vertex 64.6 78 5
    endloop
  endfacet
  facet normal 0 0 1
    outer loop
      vertex 62 65.5 5
      vertex 59.4 78 5
      vertex 61.7653 65.4815 5
    endloop
  endfacet
  facet normal 0 0 1
    outer loop
      vertex 61.7653 65.4815 5
      vertex 59.4 78 5
      vertex 61.5365 65.4266 5
    endloop
  endfacet
  facet normal 0 0 1
    outer loop
      vertex 61.5365 65.4266 5
      vertex 59.4 78 5
      vertex 61.319 65.3365 5
    endloop
  endfacet
  facet normal 0 0 1
    outer loop
      vertex 61.319 65.3365 5
      vertex 59.4 78 5
      vertex 61.1183 65.2135 5
    endloop
  endfacet
  facet normal 0 0 1
    outer loop
      vertex 61.1183 65.2135 5
      vertex 59.4 78 5
      vertex 60.9393 65.0607 5
    endloop
  endfacet
  facet normal 0 0 1
    outer loop
      vertex 60.9393 65.0607 5
      vertex 59.4 78 5
      vertex 60.7865 64.8817 5
    endloop
  endfacet
  facet normal 0 0 1
    outer loop
      vertex 60.7865 64.8817 5
      vertex 59.4 78 5
      vertex 60.6635 64.681 5
    endloop
  endfacet
  facet normal 0 0 1
    outer loop
      vertex 60.5 64 5
      vertex 59.4 78 5
      vertex 60.5 16 5
    endloop
  endfacet
  facet normal 0 0 1
    outer loop
      vertex 60.5185 64.2346 5
      vertex 59.4 78 5
      vertex 60.5 64 5
    endloop
  endfacet
  facet normal 0 0 1
    outer loop
      vertex 60.5734 64.4635 5
      vertex 59.4 78 5
      vertex 60.5185 64.2346 5
    endloop
  endfacet
  facet normal 0 0 1
    outer loop
      vertex 60.6635 64.681 5
      vertex 59.4 78 5
      vertex 60.5734 64.4635 5
    endloop
  endfacet
  facet normal -0 0 1
    outer loop
      vertex 63.5 16 5
      vertex 64.6 2 5
      vertex 63.5 64 5
    endloop
  endfacet
  facet normal -0 0 1
    outer loop
      vertex 63.4815 15.7653 5
      vertex 64.6 2 5
      vertex 63.5 16 5
    endloop
  endfacet
  facet normal -0 0 1
    outer loop
      vertex 63.4266 15.5365 5
      vertex 64.6 2 5
      vertex 63.4815 15.7653 5
    endloop
  endfacet
  facet normal -0 0 1
    outer loop
      vertex 63.3365 15.319 5
      vertex 64.6 2 5
      vertex 63.4266 15.5365 5
    endloop
  endfacet
  facet normal -0 0 1
    outer loop
      vertex 63.2135 15.1183 5
      vertex 64.6 2 5
      vertex 63.3365 15.319 5
    endloop
  endfacet
  facet normal -0 0 1
    outer loop
      vertex 63.0607 14.9393 5
      vertex 64.6 2 5
      vertex 63.2135 15.1183 5
    endloop
  endfacet
  facet normal -0 0 1
    outer loop
      vertex 62.8817 14.7865 5
      vertex 64.6 2 5
      vertex 63.0607 14.9393 5
    endloop
  endfacet
  facet normal -0 0 1
    outer loop
      vertex 62.681 14.6635 5
      vertex 64.6 2 5
      vertex 62.8817 14.7865 5
    endloop
  endfacet
  facet normal -0 0 1
    outer loop
      vertex 62.4635 14.5734 5
      vertex 64.6 2 5
      vertex 62.681 14.6635 5
    endloop
  endfacet
  facet normal -0 0 1
    outer loop
      vertex 62.2346 14.5185 5
      vertex 64.6 2 5
      vertex 62.4635 14.5734 5
    endloop
  endfacet
  facet normal -0 0 1
    outer loop
      vertex 62 14.5 5
      vertex 64.6 2 5
      vertex 62.2346 14.5185 5
    endloop
  endfacet
  facet normal 0 0 1
    outer loop
      vertex 59.4 2 5
      vertex 62 14.5 5
      vertex 61.7653 14.5185 5
    endloop
  endfacet
  facet normal 0 0 1
    outer loop
      vertex 59.4 2 5
      vertex 61.7653 14.5185 5
      vertex 61.5365 14.5734 5
    endloop
  endfacet
  facet normal 0 0 1
    outer loop
      vertex 59.4 2 5
      vertex 61.5365 14.5734 5
      vertex 61.319 14.6635 5
    endloop
  endfacet
  facet normal 0 0 1
    outer loop
      vertex 59.4 2 5
      vertex 61.319 14.6635 5
      vertex 61.1183 14.7865 5
    endloop
  endfacet
  facet normal 0 0 1
    outer loop
      vertex 59.4 2 5
      vertex 61.1183 14.7865 5
      vertex 60.9393 14.9393 5
    endloop
  endfacet
  facet normal 0 0 1
    outer loop
      vertex 59.4 2 5
      vertex 60.9393 14.9393 5
      vertex 60.7865 15.1183 5
    endloop
  endfacet
  facet normal 0 0 1
    outer loop
      vertex 59.4 2 5
      vertex 60.7865 15.1183 5
      vertex 60.6635 15.319 5
    endloop
  endfacet
  facet normal 0 0 1
    outer loop
      vertex 59.4 2 5
      vertex 60.6635 15.319 5
      vertex 60.5734 15.5365 5
    endloop
  endfacet
  facet normal 0 0 1
    outer loop
      vertex 62 14.5 5
      vertex 59.4 2 5
      vertex 64.6 2 5
    endloop
  endfacet
  facet normal 0 0 1
    outer loop
      vertex 60.5185 15.7653 5
      vertex 59.4 2 5
      vertex 60.5734 15.5365 5
    endloop
  endfacet
  facet normal 0 0 1
    outer loop
      vertex 60.5 16 5
      vertex 59.4 2 5
      vertex 60.5185 15.7653 5
    endloop
  endfacet
  facet normal 0 0 1
    outer loop
      vertex 59.4 2 5
      vertex 60.5 16 5
      vertex 59.4 78 5
    endloop
  endfacet
  facet normal 0 0 1
    outer loop
      vertex 72.6 78 5
      vertex 71.5 64 5
      vertex 72.6 2 5
    endloop
  endfacet
  facet normal 0 0 1
    outer loop
      vertex 72.6 78 5
      vertex 71.4815 64.2346 5
      vertex 71.5 64 5
    endloop
  endfacet
  facet normal 0 0 1
    outer loop
      vertex 72.6 78 5
      vertex 71.4266 64.4635 5
      vertex 71.4815 64.2346 5
    endloop
  endfacet
  facet normal 0 0 1
    outer loop
      vertex 72.6 78 5
      vertex 71.3365 64.681 5
      vertex 71.4266 64.4635 5
    endloop
  endfacet
  facet normal 0 0 1
    outer loop
      vertex 72.6 78 5
      vertex 71.2135 64.8817 5
      vertex 71.3365 64.681 5
    endloop
  endfacet
  facet normal 0 0 1
    outer loop
      vertex 72.6 78 5
      vertex 71.0607 65.0607 5
      vertex 71.2135 64.8817 5
    endloop
  endfacet
  facet normal 0 0 1
    outer loop
      vertex 72.6 78 5
      vertex 70.8817 65.2135 5
      vertex 71.0607 65.0607 5
    endloop
  endfacet
  facet normal 0 0 1
    outer loop
      vertex 72.6 78 5
      vertex 70.681 65.3365 5
      vertex 70.8817 65.2135 5
    endloop
  endfacet
  facet normal 0 0 1
    outer loop
      vertex 72.6 78 5
      vertex 70.4635 65.4266 5
      vertex 70.681 65.3365 5
    endloop
  endfacet
  facet normal 0 0 1
    outer loop
      vertex 72.6 78 5
      vertex 70.2346 65.4815 5
      vertex 70.4635 65.4266 5
    endloop
  endfacet
  facet normal 0 0 1
    outer loop
      vertex 72.6 78 5
      vertex 70 65.5 5
      vertex 70.2346 65.4815 5
    endloop
  endfacet
  facet normal -0 0 1
    outer loop
      vertex 67.4 78 5
      vertex 70 65.5 5
      vertex 72.6 78 5
    endloop
  endfacet
  facet normal 0 0 1
    outer loop
      vertex 70 65.5 5
      vertex 67.4 78 5
      vertex 69.7654 65.4815 5
    endloop
  endfacet
  facet normal 0 0 1
    outer loop
      vertex 69.7654 65.4815 5
      vertex 67.4 78 5
      vertex 69.5365 65.4266 5
    endloop
  endfacet
  facet normal 0 0 1
    outer loop
      vertex 69.5365 65.4266 5
      vertex 67.4 78 5
      vertex 69.319 65.3365 5
    endloop
  endfacet
  facet normal 0 0 1
    outer loop
      vertex 69.319 65.3365 5
      vertex 67.4 78 5
      vertex 69.1183 65.2135 5
    endloop
  endfacet
  facet normal 0 0 1
    outer loop
      vertex 69.1183 65.2135 5
      vertex 67.4 78 5
      vertex 68.9393 65.0607 5
    endloop
  endfacet
  facet normal 0 0 1
    outer loop
      vertex 68.9393 65.0607 5
      vertex 67.4 78 5
      vertex 68.7865 64.8817 5
    endloop
  endfacet
  facet normal 0 0 1
    outer loop
      vertex 68.7865 64.8817 5
      vertex 67.4 78 5
      vertex 68.6635 64.681 5
    endloop
  endfacet
  facet normal 0 0 1
    outer loop
      vertex 68.5 64 5
      vertex 67.4 78 5
      vertex 68.5 16 5
    endloop
  endfacet
  facet normal 0 0 1
    outer loop
      vertex 68.5185 64.2346 5
      vertex 67.4 78 5
      vertex 68.5 64 5
    endloop
  endfacet
  facet normal 0 0 1
    outer loop
      vertex 68.5734 64.4635 5
      vertex 67.4 78 5
      vertex 68.5185 64.2346 5
    endloop
  endfacet
  facet normal 0 0 1
    outer loop
      vertex 68.6635 64.681 5
      vertex 67.4 78 5
      vertex 68.5734 64.4635 5
    endloop
  endfacet
  facet normal -0 0 1
    outer loop
      vertex 71.5 16 5
      vertex 72.6 2 5
      vertex 71.5 64 5
    endloop
  endfacet
  facet normal -0 0 1
    outer loop
      vertex 71.4815 15.7653 5
      vertex 72.6 2 5
      vertex 71.5 16 5
    endloop
  endfacet
  facet normal -0 0 1
    outer loop
      vertex 71.4266 15.5365 5
      vertex 72.6 2 5
      vertex 71.4815 15.7653 5
    endloop
  endfacet
  facet normal -0 0 1
    outer loop
      vertex 71.3365 15.319 5
      vertex 72.6 2 5
      vertex 71.4266 15.5365 5
    endloop
  endfacet
  facet normal -0 0 1
    outer loop
      vertex 71.2135 15.1183 5
      vertex 72.6 2 5
      vertex 71.3365 15.319 5
    endloop
  endfacet
  facet normal -0 0 1
    outer loop
      vertex 71.0607 14.9393 5
      vertex 72.6 2 5
      vertex 71.2135 15.1183 5
    endloop
  endfacet
  facet normal -0 0 1
    outer loop
      vertex 70.8817 14.7865 5
      vertex 72.6 2 5
      vertex 71.0607 14.9393 5
    endloop
  endfacet
  facet normal -0 0 1
    outer loop
      vertex 70.681 14.6635 5
      vertex 72.6 2 5
      vertex 70.8817 14.7865 5
    endloop
  endfacet
  facet normal -0 0 1
    outer loop
      vertex 70.4635 14.5734 5
      vertex 72.6 2 5
      vertex 70.681 14.6635 5
    endloop
  endfacet
  facet normal -0 0 1
    outer loop
      vertex 70.2346 14.5185 5
      vertex 72.6 2 5
      vertex 70.4635 14.5734 5
    endloop
  endfacet
  facet normal -0 0 1
    outer loop
      vertex 70 14.5 5
      vertex 72.6 2 5
      vertex 70.2346 14.5185 5
    endloop
  endfacet
  facet normal 0 0 1
    outer loop
      vertex 67.4 2 5
      vertex 70 14.5 5
      vertex 69.7654 14.5185 5
    endloop
  endfacet
  facet normal 0 0 1
    outer loop
      vertex 67.4 2 5
      vertex 69.7654 14.5185 5
      vertex 69.5365 14.5734 5
    endloop
  endfacet
  facet normal 0 0 1
    outer loop
      vertex 67.4 2 5
      vertex 69.5365 14.5734 5
      vertex 69.319 14.6635 5
    endloop
  endfacet
  facet normal 0 0 1
    outer loop
      vertex 67.4 2 5
      vertex 69.319 14.6635 5
      vertex 69.1183 14.7865 5
    endloop
  endfacet
  facet normal 0 0 1
    outer loop
      vertex 67.4 2 5
      vertex 69.1183 14.7865 5
      vertex 68.9393 14.9393 5
    endloop
  endfacet
  facet normal 0 0 1
    outer loop
      vertex 67.4 2 5
      vertex 68.9393 14.9393 5
      vertex 68.7865 15.1183 5
    endloop
  endfacet
  facet normal 0 0 1
    outer loop
      vertex 67.4 2 5
      vertex 68.7865 15.1183 5
      vertex 68.6635 15.319 5
    endloop
  endfacet
  facet normal 0 0 1
    outer loop
      vertex 67.4 2 5
      vertex 68.6635 15.319 5
      vertex 68.5734 15.5365 5
    endloop
  endfacet
  facet normal 0 0 1
    outer loop
      vertex 70 14.5 5
      vertex 67.4 2 5
      vertex 72.6 2 5
    endloop
  endfacet
  facet normal 0 0 1
    outer loop
      vertex 68.5185 15.7653 5
      vertex 67.4 2 5
      vertex 68.5734 15.5365 5
    endloop
  endfacet
  facet normal 0 0 1
    outer loop
      vertex 68.5 16 5
      vertex 67.4 2 5
      vertex 68.5185 15.7653 5
    endloop
  endfacet
  facet normal 0 0 1
    outer loop
      vertex 67.4 2 5
      vertex 68.5 16 5
      vertex 67.4 78 5
    endloop
  endfacet
  facet normal 0 0 1
    outer loop
      vertex 80.6 78 5
      vertex 79.5 64 5
      vertex 80.6 2 5
    endloop
  endfacet
  facet normal 0 0 1
    outer loop
      vertex 80.6 78 5
      vertex 79.4815 64.2346 5
      vertex 79.5 64 5
    endloop
  endfacet
  facet normal 0 0 1
    outer loop
      vertex 80.6 78 5
      vertex 79.4266 64.4635 5
      vertex 79.4815 64.2346 5
    endloop
  endfacet
  facet normal 0 0 1
    outer loop
      vertex 80.6 78 5
      vertex 79.3365 64.681 5
      vertex 79.4266 64.4635 5
    endloop
  endfacet
  facet normal 0 0 1
    outer loop
      vertex 80.6 78 5
      vertex 79.2135 64.8817 5
      vertex 79.3365 64.681 5
    endloop
  endfacet
  facet normal 0 0 1
    outer loop
      vertex 80.6 78 5
      vertex 79.0607 65.0607 5
      vertex 79.2135 64.8817 5
    endloop
  endfacet
  facet normal 0 0 1
    outer loop
      vertex 80.6 78 5
      vertex 78.8817 65.2135 5
      vertex 79.0607 65.0607 5
    endloop
  endfacet
  facet normal 0 0 1
    outer loop
      vertex 80.6 78 5
      vertex 78.681 65.3365 5
      vertex 78.8817 65.2135 5
    endloop
  endfacet
  facet normal 0 0 1
    outer loop
      vertex 80.6 78 5
      vertex 78.4635 65.4266 5
      vertex 78.681 65.3365 5
    endloop
  endfacet
  facet normal 0 0 1
    outer loop
      vertex 80.6 78 5
      vertex 78.2346 65.4815 5
      vertex 78.4635 65.4266 5
    endloop
  endfacet
  facet normal 0 0 1
    outer loop
      vertex 80.6 78 5
      vertex 78 65.5 5
      vertex 78.2346 65.4815 5
    endloop
  endfacet
  facet normal -0 0 1
    outer loop
      vertex 75.4 78 5
      vertex 78 65.5 5
      vertex 80.6 78 5
    endloop
  endfacet
  facet normal 0 0 1
    outer loop
      vertex 78 65.5 5
      vertex 75.4 78 5
      vertex 77.7654 65.4815 5
    endloop
  endfacet
  facet normal 0 0 1
    outer loop
      vertex 77.7654 65.4815 5
      vertex 75.4 78 5
      vertex 77.5365 65.4266 5
    endloop
  endfacet
  facet normal 0 0 1
    outer loop
      vertex 77.5365 65.4266 5
      vertex 75.4 78 5
      vertex 77.319 65.3365 5
    endloop
  endfacet
  facet normal 0 0 1
    outer loop
      vertex 77.319 65.3365 5
      vertex 75.4 78 5
      vertex 77.1183 65.2135 5
    endloop
  endfacet
  facet normal 0 0 1
    outer loop
      vertex 77.1183 65.2135 5
      vertex 75.4 78 5
      vertex 76.9393 65.0607 5
    endloop
  endfacet
  facet normal 0 0 1
    outer loop
      vertex 76.9393 65.0607 5
      vertex 75.4 78 5
      vertex 76.7865 64.8817 5
    endloop
  endfacet
  facet normal 0 0 1
    outer loop
      vertex 76.7865 64.8817 5
      vertex 75.4 78 5
      vertex 76.6635 64.681 5
    endloop
  endfacet
  facet normal 0 0 1
    outer loop
      vertex 76.5 64 5
      vertex 75.4 78 5
      vertex 76.5 16 5
    endloop
  endfacet
  facet normal 0 0 1
    outer loop
      vertex 76.5185 64.2346 5
      vertex 75.4 78 5
      vertex 76.5 64 5
    endloop
  endfacet
  facet normal 0 0 1
    outer loop
      vertex 76.5734 64.4635 5
      vertex 75.4 78 5
      vertex 76.5185 64.2346 5
    endloop
  endfacet
  facet normal 0 0 1
    outer loop
      vertex 76.6635 64.681 5
      vertex 75.4 78 5
      vertex 76.5734 64.4635 5
    endloop
  endfacet
  facet normal -0 0 1
    outer loop
      vertex 79.5 16 5
      vertex 80.6 2 5
      vertex 79.5 64 5
    endloop
  endfacet
  facet normal -0 0 1
    outer loop
      vertex 79.4815 15.7653 5
      vertex 80.6 2 5
      vertex 79.5 16 5
    endloop
  endfacet
  facet normal -0 0 1
    outer loop
      vertex 79.4266 15.5365 5
      vertex 80.6 2 5
      vertex 79.4815 15.7653 5
    endloop
  endfacet
  facet normal -0 0 1
    outer loop
      vertex 79.3365 15.319 5
      vertex 80.6 2 5
      vertex 79.4266 15.5365 5
    endloop
  endfacet
  facet normal -0 0 1
    outer loop
      vertex 79.2135 15.1183 5
      vertex 80.6 2 5
      vertex 79.3365 15.319 5
    endloop
  endfacet
  facet normal -0 0 1
    outer loop
      vertex 79.0607 14.9393 5
      vertex 80.6 2 5
      vertex 79.2135 15.1183 5
    endloop
  endfacet
  facet normal -0 0 1
    outer loop
      vertex 78.8817 14.7865 5
      vertex 80.6 2 5
      vertex 79.0607 14.9393 5
    endloop
  endfacet
  facet normal -0 0 1
    outer loop
      vertex 78.681 14.6635 5
      vertex 80.6 2 5
      vertex 78.8817 14.7865 5
    endloop
  endfacet
  facet normal -0 0 1
    outer loop
      vertex 78.4635 14.5734 5
      vertex 80.6 2 5
      vertex 78.681 14.6635 5
    endloop
  endfacet
  facet normal -0 0 1
    outer loop
      vertex 78.2346 14.5185 5
      vertex 80.6 2 5
      vertex 78.4635 14.5734 5
    endloop
  endfacet
  facet normal -0 0 1
    outer loop
      vertex 78 14.5 5
      vertex 80.6 2 5
      vertex 78.2346 14.5185 5
    endloop
  endfacet
  facet normal 0 0 1
    outer loop
      vertex 75.4 2 5
      vertex 78 14.5 5
      vertex 77.7654 14.5185 5
    endloop
  endfacet
  facet normal 0 0 1
    outer loop
      vertex 75.4 2 5
      vertex 77.7654 14.5185 5
      vertex 77.5365 14.5734 5
    endloop
  endfacet
  facet normal 0 0 1
    outer loop
      vertex 75.4 2 5
      vertex 77.5365 14.5734 5
      vertex 77.319 14.6635 5
    endloop
  endfacet
  facet normal 0 0 1
    outer loop
      vertex 75.4 2 5
      vertex 77.319 14.6635 5
      vertex 77.1183 14.7865 5
    endloop
  endfacet
  facet normal 0 0 1
    outer loop
      vertex 75.4 2 5
      vertex 77.1183 14.7865 5
      vertex 76.9393 14.9393 5
    endloop
  endfacet
  facet normal 0 0 1
    outer loop
      vertex 75.4 2 5
      vertex 76.9393 14.9393 5
      vertex 76.7865 15.1183 5
    endloop
  endfacet
  facet normal 0 0 1
    outer loop
      vertex 75.4 2 5
      vertex 76.7865 15.1183 5
      vertex 76.6635 15.319 5
    endloop
  endfacet
  facet normal 0 0 1
    outer loop
      vertex 75.4 2 5
      vertex 76.6635 15.319 5
      vertex 76.5734 15.5365 5
    endloop
  endfacet
  facet normal 0 0 1
    outer loop
      vertex 78 14.5 5
      vertex 75.4 2 5
      vertex 80.6 2 5
    endloop
  endfacet
  facet normal 0 0 1
    outer loop
      vertex 76.5185 15.7653 5
      vertex 75.4 2 5
      vertex 76.5734 15.5365 5
    endloop
  endfacet
  facet normal 0 0 1
    outer loop
      vertex 76.5 16 5
      vertex 75.4 2 5
      vertex 76.5185 15.7653 5
    endloop
  endfacet
  facet normal 0 0 1
    outer loop
      vertex 75.4 2 5
      vertex 76.5 16 5
      vertex 75.4 78 5
    endloop
  endfacet
  facet normal 0 0 1
    outer loop
      vertex 88.6 78 5
      vertex 87.5 64 5
      vertex 88.6 2 5
    endloop
  endfacet
  facet normal 0 0 1
    outer loop
      vertex 88.6 78 5
      vertex 87.4815 64.2346 5
      vertex 87.5 64 5
    endloop
  endfacet
  facet normal 0 0 1
    outer loop
      vertex 88.6 78 5
      vertex 87.4266 64.4635 5
      vertex 87.4815 64.2346 5
    endloop
  endfacet
  facet normal 0 0 1
    outer loop
      vertex 88.6 78 5
      vertex 87.3365 64.681 5
      vertex 87.4266 64.4635 5
    endloop
  endfacet
  facet normal 0 0 1
    outer loop
      vertex 88.6 78 5
      vertex 87.2135 64.8817 5
      vertex 87.3365 64.681 5
    endloop
  endfacet
  facet normal 0 0 1
    outer loop
      vertex 88.6 78 5
      vertex 87.0607 65.0607 5
      vertex 87.2135 64.8817 5
    endloop
  endfacet
  facet normal 0 0 1
    outer loop
      vertex 88.6 78 5
      vertex 86.8817 65.2135 5
      vertex 87.0607 65.0607 5
    endloop
  endfacet
  facet normal 0 0 1
    outer loop
      vertex 88.6 78 5
      vertex 86.681 65.3365 5
      vertex 86.8817 65.2135 5
    endloop
  endfacet
  facet normal 0 0 1
    outer loop
      vertex 88.6 78 5
      vertex 86.4635 65.4266 5
      vertex 86.681 65.3365 5
    endloop
  endfacet
  facet normal 0 0 1
    outer loop
      vertex 88.6 78 5
      vertex 86.2346 65.4815 5
      vertex 86.4635 65.4266 5
    endloop
  endfacet
  facet normal 0 0 1
    outer loop
      vertex 88.6 78 5
      vertex 86 65.5 5
      vertex 86.2346 65.4815 5
    endloop
  endfacet
  facet normal -0 0 1
    outer loop
      vertex 83.4 78 5
      vertex 86 65.5 5
      vertex 88.6 78 5
    endloop
  endfacet
  facet normal 0 0 1
    outer loop
      vertex 86 65.5 5
      vertex 83.4 78 5
      vertex 85.7654 65.4815 5
    endloop
  endfacet
  facet normal 0 0 1
    outer loop
      vertex 85.7654 65.4815 5
      vertex 83.4 78 5
      vertex 85.5365 65.4266 5
    endloop
  endfacet
  facet normal 0 0 1
    outer loop
      vertex 85.5365 65.4266 5
      vertex 83.4 78 5
      vertex 85.319 65.3365 5
    endloop
  endfacet
  facet normal 0 0 1
    outer loop
      vertex 85.319 65.3365 5
      vertex 83.4 78 5
      vertex 85.1183 65.2135 5
    endloop
  endfacet
  facet normal 0 0 1
    outer loop
      vertex 85.1183 65.2135 5
      vertex 83.4 78 5
      vertex 84.9393 65.0607 5
    endloop
  endfacet
  facet normal 0 0 1
    outer loop
      vertex 84.9393 65.0607 5
      vertex 83.4 78 5
      vertex 84.7865 64.8817 5
    endloop
  endfacet
  facet normal 0 0 1
    outer loop
      vertex 84.7865 64.8817 5
      vertex 83.4 78 5
      vertex 84.6635 64.681 5
    endloop
  endfacet
  facet normal 0 0 1
    outer loop
      vertex 84.5 64 5
      vertex 83.4 78 5
      vertex 84.5 16 5
    endloop
  endfacet
  facet normal 0 0 1
    outer loop
      vertex 84.5185 64.2346 5
      vertex 83.4 78 5
      vertex 84.5 64 5
    endloop
  endfacet
  facet normal 0 0 1
    outer loop
      vertex 84.5734 64.4635 5
      vertex 83.4 78 5
      vertex 84.5185 64.2346 5
    endloop
  endfacet
  facet normal 0 0 1
    outer loop
      vertex 84.6635 64.681 5
      vertex 83.4 78 5
      vertex 84.5734 64.4635 5
    endloop
  endfacet
  facet normal -0 0 1
    outer loop
      vertex 87.5 16 5
      vertex 88.6 2 5
      vertex 87.5 64 5
    endloop
  endfacet
  facet normal -0 0 1
    outer loop
      vertex 87.4815 15.7653 5
      vertex 88.6 2 5
      vertex 87.5 16 5
    endloop
  endfacet
  facet normal -0 0 1
    outer loop
      vertex 87.4266 15.5365 5
      vertex 88.6 2 5
      vertex 87.4815 15.7653 5
    endloop
  endfacet
  facet normal -0 0 1
    outer loop
      vertex 87.3365 15.319 5
      vertex 88.6 2 5
      vertex 87.4266 15.5365 5
    endloop
  endfacet
  facet normal -0 0 1
    outer loop
      vertex 87.2135 15.1183 5
      vertex 88.6 2 5
      vertex 87.3365 15.319 5
    endloop
  endfacet
  facet normal -0 0 1
    outer loop
      vertex 87.0607 14.9393 5
      vertex 88.6 2 5
      vertex 87.2135 15.1183 5
    endloop
  endfacet
  facet normal -0 0 1
    outer loop
      vertex 86.8817 14.7865 5
      vertex 88.6 2 5
      vertex 87.0607 14.9393 5
    endloop
  endfacet
  facet normal -0 0 1
    outer loop
      vertex 86.681 14.6635 5
      vertex 88.6 2 5
      vertex 86.8817 14.7865 5
    endloop
  endfacet
  facet normal -0 0 1
    outer loop
      vertex 86.4635 14.5734 5
      vertex 88.6 2 5
      vertex 86.681 14.6635 5
    endloop
  endfacet
  facet normal -0 0 1
    outer loop
      vertex 86.2346 14.5185 5
      vertex 88.6 2 5
      vertex 86.4635 14.5734 5
    endloop
  endfacet
  facet normal -0 0 1
    outer loop
      vertex 86 14.5 5
      vertex 88.6 2 5
      vertex 86.2346 14.5185 5
    endloop
  endfacet
  facet normal 0 0 1
    outer loop
      vertex 83.4 2 5
      vertex 86 14.5 5
      vertex 85.7654 14.5185 5
    endloop
  endfacet
  facet normal 0 0 1
    outer loop
      vertex 83.4 2 5
      vertex 85.7654 14.5185 5
      vertex 85.5365 14.5734 5
    endloop
  endfacet
  facet normal 0 0 1
    outer loop
      vertex 83.4 2 5
      vertex 85.5365 14.5734 5
      vertex 85.319 14.6635 5
    endloop
  endfacet
  facet normal 0 0 1
    outer loop
      vertex 83.4 2 5
      vertex 85.319 14.6635 5
      vertex 85.1183 14.7865 5
    endloop
  endfacet
  facet normal 0 0 1
    outer loop
      vertex 83.4 2 5
      vertex 85.1183 14.7865 5
      vertex 84.9393 14.9393 5
    endloop
  endfacet
  facet normal 0 0 1
    outer loop
      vertex 83.4 2 5
      vertex 84.9393 14.9393 5
      vertex 84.7865 15.1183 5
    endloop
  endfacet
  facet normal 0 0 1
    outer loop
      vertex 83.4 2 5
      vertex 84.7865 15.1183 5
      vertex 84.6635 15.319 5
    endloop
  endfacet
  facet normal 0 0 1
    outer loop
      vertex 83.4 2 5
      vertex 84.6635 15.319 5
      vertex 84.5734 15.5365 5
    endloop
  endfacet
  facet normal 0 0 1
    outer loop
      vertex 86 14.5 5
      vertex 83.4 2 5
      vertex 88.6 2 5
    endloop
  endfacet
  facet normal 0 0 1
    outer loop
      vertex 84.5185 15.7653 5
      vertex 83.4 2 5
      vertex 84.5734 15.5365 5
    endloop
  endfacet
  facet normal 0 0 1
    outer loop
      vertex 84.5 16 5
      vertex 83.4 2 5
      vertex 84.5185 15.7653 5
    endloop
  endfacet
  facet normal 0 0 1
    outer loop
      vertex 83.4 2 5
      vertex 84.5 16 5
      vertex 83.4 78 5
    endloop
  endfacet
  facet normal 0 0 1
    outer loop
      vertex 96.6 78 5
      vertex 95.5 64 5
      vertex 96.6 2 5
    endloop
  endfacet
  facet normal 0 0 1
    outer loop
      vertex 96.6 78 5
      vertex 95.4815 64.2346 5
      vertex 95.5 64 5
    endloop
  endfacet
  facet normal 0 0 1
    outer loop
      vertex 96.6 78 5
      vertex 95.4266 64.4635 5
      vertex 95.4815 64.2346 5
    endloop
  endfacet
  facet normal 0 0 1
    outer loop
      vertex 96.6 78 5
      vertex 95.3365 64.681 5
      vertex 95.4266 64.4635 5
    endloop
  endfacet
  facet normal 0 0 1
    outer loop
      vertex 96.6 78 5
      vertex 95.2135 64.8817 5
      vertex 95.3365 64.681 5
    endloop
  endfacet
  facet normal 0 0 1
    outer loop
      vertex 96.6 78 5
      vertex 95.0607 65.0607 5
      vertex 95.2135 64.8817 5
    endloop
  endfacet
  facet normal 0 0 1
    outer loop
      vertex 96.6 78 5
      vertex 94.8817 65.2135 5
      vertex 95.0607 65.0607 5
    endloop
  endfacet
  facet normal 0 0 1
    outer loop
      vertex 96.6 78 5
      vertex 94.681 65.3365 5
      vertex 94.8817 65.2135 5
    endloop
  endfacet
  facet normal 0 0 1
    outer loop
      vertex 96.6 78 5
      vertex 94.4635 65.4266 5
      vertex 94.681 65.3365 5
    endloop
  endfacet
  facet normal 0 0 1
    outer loop
      vertex 96.6 78 5
      vertex 94.2346 65.4815 5
      vertex 94.4635 65.4266 5
    endloop
  endfacet
  facet normal 0 0 1
    outer loop
      vertex 96.6 78 5
      vertex 94 65.5 5
      vertex 94.2346 65.4815 5
    endloop
  endfacet
  facet normal -0 0 1
    outer loop
      vertex 91.4 78 5
      vertex 94 65.5 5
      vertex 96.6 78 5
    endloop
  endfacet
  facet normal 0 0 1
    outer loop
      vertex 94 65.5 5
      vertex 91.4 78 5
      vertex 93.7654 65.4815 5
    endloop
  endfacet
  facet normal 0 0 1
    outer loop
      vertex 93.7654 65.4815 5
      vertex 91.4 78 5
      vertex 93.5365 65.4266 5
    endloop
  endfacet
  facet normal 0 0 1
    outer loop
      vertex 93.5365 65.4266 5
      vertex 91.4 78 5
      vertex 93.319 65.3365 5
    endloop
  endfacet
  facet normal 0 0 1
    outer loop
      vertex 93.319 65.3365 5
      vertex 91.4 78 5
      vertex 93.1183 65.2135 5
    endloop
  endfacet
  facet normal 0 0 1
    outer loop
      vertex 93.1183 65.2135 5
      vertex 91.4 78 5
      vertex 92.9393 65.0607 5
    endloop
  endfacet
  facet normal 0 0 1
    outer loop
      vertex 92.9393 65.0607 5
      vertex 91.4 78 5
      vertex 92.7865 64.8817 5
    endloop
  endfacet
  facet normal 0 0 1
    outer loop
      vertex 92.7865 64.8817 5
      vertex 91.4 78 5
      vertex 92.6635 64.681 5
    endloop
  endfacet
  facet normal 0 0 1
    outer loop
      vertex 92.5 64 5
      vertex 91.4 78 5
      vertex 92.5 16 5
    endloop
  endfacet
  facet normal 0 0 1
    outer loop
      vertex 92.5185 64.2346 5
      vertex 91.4 78 5
      vertex 92.5 64 5
    endloop
  endfacet
  facet normal 0 0 1
    outer loop
      vertex 92.5734 64.4635 5
      vertex 91.4 78 5
      vertex 92.5185 64.2346 5
    endloop
  endfacet
  facet normal 0 0 1
    outer loop
      vertex 92.6635 64.681 5
      vertex 91.4 78 5
      vertex 92.5734 64.4635 5
    endloop
  endfacet
  facet normal -0 0 1
    outer loop
      vertex 95.5 16 5
      vertex 96.6 2 5
      vertex 95.5 64 5
    endloop
  endfacet
  facet normal -0 0 1
    outer loop
      vertex 95.4815 15.7653 5
      vertex 96.6 2 5
      vertex 95.5 16 5
    endloop
  endfacet
  facet normal -0 0 1
    outer loop
      vertex 95.4266 15.5365 5
      vertex 96.6 2 5
      vertex 95.4815 15.7653 5
    endloop
  endfacet
  facet normal -0 0 1
    outer loop
      vertex 95.3365 15.319 5
      vertex 96.6 2 5
      vertex 95.4266 15.5365 5
    endloop
  endfacet
  facet normal -0 0 1
    outer loop
      vertex 95.2135 15.1183 5
      vertex 96.6 2 5
      vertex 95.3365 15.319 5
    endloop
  endfacet
  facet normal -0 0 1
    outer loop
      vertex 95.0607 14.9393 5
      vertex 96.6 2 5
      vertex 95.2135 15.1183 5
    endloop
  endfacet
  facet normal -0 0 1
    outer loop
      vertex 94.8817 14.7865 5
      vertex 96.6 2 5
      vertex 95.0607 14.9393 5
    endloop
  endfacet
  facet normal -0 0 1
    outer loop
      vertex 94.681 14.6635 5
      vertex 96.6 2 5
      vertex 94.8817 14.7865 5
    endloop
  endfacet
  facet normal -0 0 1
    outer loop
      vertex 94.4635 14.5734 5
      vertex 96.6 2 5
      vertex 94.681 14.6635 5
    endloop
  endfacet
  facet normal -0 0 1
    outer loop
      vertex 94.2346 14.5185 5
      vertex 96.6 2 5
      vertex 94.4635 14.5734 5
    endloop
  endfacet
  facet normal -0 0 1
    outer loop
      vertex 94 14.5 5
      vertex 96.6 2 5
      vertex 94.2346 14.5185 5
    endloop
  endfacet
  facet normal 0 0 1
    outer loop
      vertex 91.4 2 5
      vertex 94 14.5 5
      vertex 93.7654 14.5185 5
    endloop
  endfacet
  facet normal 0 0 1
    outer loop
      vertex 91.4 2 5
      vertex 93.7654 14.5185 5
      vertex 93.5365 14.5734 5
    endloop
  endfacet
  facet normal 0 0 1
    outer loop
      vertex 91.4 2 5
      vertex 93.5365 14.5734 5
      vertex 93.319 14.6635 5
    endloop
  endfacet
  facet normal 0 0 1
    outer loop
      vertex 91.4 2 5
      vertex 93.319 14.6635 5
      vertex 93.1183 14.7865 5
    endloop
  endfacet
  facet normal 0 0 1
    outer loop
      vertex 91.4 2 5
      vertex 93.1183 14.7865 5
      vertex 92.9393 14.9393 5
    endloop
  endfacet
  facet normal 0 0 1
    outer loop
      vertex 91.4 2 5
      vertex 92.9393 14.9393 5
      vertex 92.7865 15.1183 5
    endloop
  endfacet
  facet normal 0 0 1
    outer loop
      vertex 91.4 2 5
      vertex 92.7865 15.1183 5
      vertex 92.6635 15.319 5
    endloop
  endfacet
  facet normal 0 0 1
    outer loop
      vertex 91.4 2 5
      vertex 92.6635 15.319 5
      vertex 92.5734 15.5365 5
    endloop
  endfacet
  facet normal 0 0 1
    outer loop
      vertex 94 14.5 5
      vertex 91.4 2 5
      vertex 96.6 2 5
    endloop
  endfacet
  facet normal 0 0 1
    outer loop
      vertex 92.5185 15.7653 5
      vertex 91.4 2 5
      vertex 92.5734 15.5365 5
    endloop
  endfacet
  facet normal 0 0 1
    outer loop
      vertex 92.5 16 5
      vertex 91.4 2 5
      vertex 92.5185 15.7653 5
    endloop
  endfacet
  facet normal 0 0 1
    outer loop
      vertex 91.4 2 5
      vertex 92.5 16 5
      vertex 91.4 78 5
    endloop
  endfacet
  facet normal 0.852639 0.5225 0
    outer loop
      vertex 3.90984 6.12215 18
      vertex 3.08994 7.4601 5
      vertex 3.08994 7.4601 18
    endloop
  endfacet
  facet normal 0.852639 0.5225 0
    outer loop
      vertex 3.08994 7.4601 5
      vertex 3.90984 6.12215 18
      vertex 3.90984 6.12215 5
    endloop
  endfacet
  facet normal -0.972417 0.233249 0
    outer loop
      vertex 107.511 8.90984 5
      vertex 107.877 10.4357 18
      vertex 107.877 10.4357 5
    endloop
  endfacet
  facet normal -0.972417 0.233249 0
    outer loop
      vertex 107.877 10.4357 18
      vertex 107.511 8.90984 5
      vertex 107.511 8.90984 18
    endloop
  endfacet
  facet normal 0.972371 0.233441 0
    outer loop
      vertex 2.48944 8.90984 18
      vertex 2.12312 10.4357 5
      vertex 2.12312 10.4357 18
    endloop
  endfacet
  facet normal 0.972371 0.233441 0
    outer loop
      vertex 2.12312 10.4357 5
      vertex 2.48944 8.90984 18
      vertex 2.48944 8.90984 5
    endloop
  endfacet
  facet normal 0.996917 -0.0784635 0
    outer loop
      vertex 2 68 18
      vertex 2.12312 69.5643 5
      vertex 2.12312 69.5643 18
    endloop
  endfacet
  facet normal 0.996917 -0.0784635 0
    outer loop
      vertex 2.12312 69.5643 5
      vertex 2 68 18
      vertex 2 68 5
    endloop
  endfacet
  facet normal 0.760409 -0.649445 0
    outer loop
      vertex 3.90984 73.8779 18
      vertex 4.92892 75.0711 5
      vertex 4.92892 75.0711 18
    endloop
  endfacet
  facet normal 0.760409 -0.649445 0
    outer loop
      vertex 4.92892 75.0711 5
      vertex 3.90984 73.8779 18
      vertex 3.90984 73.8779 5
    endloop
  endfacet
  facet normal -0.0784716 -0.996916 0
    outer loop
      vertex 99.4 77.8898 10
      vertex 98 78 18
      vertex 98 78 10
    endloop
  endfacet
  facet normal -0.0784508 -0.996918 3.65328e-06
    outer loop
      vertex 98 78 18
      vertex 99.4 77.8898 10
      vertex 99.5643 77.8769 18
    endloop
  endfacet
  facet normal -0.078274 -0.996932 0
    outer loop
      vertex 99.5643 77.8769 5
      vertex 99.4 77.8898 10
      vertex 99.4 77.8898 5
    endloop
  endfacet
  facet normal -0.078274 -0.996932 0
    outer loop
      vertex 99.4 77.8898 10
      vertex 99.5643 77.8769 5
      vertex 99.5643 77.8769 18
    endloop
  endfacet
  facet normal 0.852648 -0.522486 0
    outer loop
      vertex 3.08994 72.5399 18
      vertex 3.90984 73.8779 5
      vertex 3.90984 73.8779 18
    endloop
  endfacet
  facet normal 0.852648 -0.522486 0
    outer loop
      vertex 3.90984 73.8779 5
      vertex 3.08994 72.5399 18
      vertex 3.08994 72.5399 5
    endloop
  endfacet
  facet normal 1 -0 0
    outer loop
      vertex 11.4 2.04722 10
      vertex 11.4 77.9528 5
      vertex 11.4 77.9528 10
    endloop
  endfacet
  facet normal 1 0 0
    outer loop
      vertex 11.4 77.9528 5
      vertex 11.4 2.04722 10
      vertex 11.4 2.04722 5
    endloop
  endfacet
  facet normal 0 0 1
    outer loop
      vertex 8.6 77.3822 10
      vertex 11.4 77.9528 10
      vertex 10.4357 77.8769 10
    endloop
  endfacet
  facet normal 0 0 1
    outer loop
      vertex 11.4 77.9528 10
      vertex 8.6 77.3822 10
      vertex 11.4 2.04722 10
    endloop
  endfacet
  facet normal 0 0 1
    outer loop
      vertex 8.6 77.3822 10
      vertex 10.4357 77.8769 10
      vertex 8.90984 77.5106 10
    endloop
  endfacet
  facet normal -0 0 1
    outer loop
      vertex 8.6 2.61778 10
      vertex 11.4 2.04722 10
      vertex 8.6 77.3822 10
    endloop
  endfacet
  facet normal 0 0 1
    outer loop
      vertex 11.4 2.04722 10
      vertex 8.6 2.61778 10
      vertex 10.4357 2.12312 10
    endloop
  endfacet
  facet normal 0 0 1
    outer loop
      vertex 10.4357 2.12312 10
      vertex 8.6 2.61778 10
      vertex 8.90984 2.48944 10
    endloop
  endfacet
  facet normal -1 0 0
    outer loop
      vertex 8.6 2.61778 5
      vertex 8.6 77.3822 10
      vertex 8.6 77.3822 5
    endloop
  endfacet
  facet normal -1 -0 0
    outer loop
      vertex 8.6 77.3822 10
      vertex 8.6 2.61778 5
      vertex 8.6 2.61778 10
    endloop
  endfacet
  facet normal 1 -0 0
    outer loop
      vertex 19.4 2 10
      vertex 19.4 78 5
      vertex 19.4 78 10
    endloop
  endfacet
  facet normal 1 0 0
    outer loop
      vertex 19.4 78 5
      vertex 19.4 2 10
      vertex 19.4 2 5
    endloop
  endfacet
  facet normal -0 0 1
    outer loop
      vertex 16.6 78 10
      vertex 19.4 2 10
      vertex 19.4 78 10
    endloop
  endfacet
  facet normal 0 0 1
    outer loop
      vertex 19.4 2 10
      vertex 16.6 78 10
      vertex 16.6 2 10
    endloop
  endfacet
  facet normal -1 0 0
    outer loop
      vertex 16.6 2 5
      vertex 16.6 78 10
      vertex 16.6 78 5
    endloop
  endfacet
  facet normal -1 -0 0
    outer loop
      vertex 16.6 78 10
      vertex 16.6 2 5
      vertex 16.6 2 10
    endloop
  endfacet
  facet normal 1 -0 0
    outer loop
      vertex 27.4 2 10
      vertex 27.4 78 5
      vertex 27.4 78 10
    endloop
  endfacet
  facet normal 1 0 0
    outer loop
      vertex 27.4 78 5
      vertex 27.4 2 10
      vertex 27.4 2 5
    endloop
  endfacet
  facet normal -0 0 1
    outer loop
      vertex 24.6 78 10
      vertex 27.4 2 10
      vertex 27.4 78 10
    endloop
  endfacet
  facet normal 0 0 1
    outer loop
      vertex 27.4 2 10
      vertex 24.6 78 10
      vertex 24.6 2 10
    endloop
  endfacet
  facet normal -1 0 0
    outer loop
      vertex 24.6 2 5
      vertex 24.6 78 10
      vertex 24.6 78 5
    endloop
  endfacet
  facet normal -1 -0 0
    outer loop
      vertex 24.6 78 10
      vertex 24.6 2 5
      vertex 24.6 2 10
    endloop
  endfacet
  facet normal 1 -0 0
    outer loop
      vertex 35.4 2 10
      vertex 35.4 78 5
      vertex 35.4 78 10
    endloop
  endfacet
  facet normal 1 0 0
    outer loop
      vertex 35.4 78 5
      vertex 35.4 2 10
      vertex 35.4 2 5
    endloop
  endfacet
  facet normal -0 0 1
    outer loop
      vertex 32.6 78 10
      vertex 35.4 2 10
      vertex 35.4 78 10
    endloop
  endfacet
  facet normal 0 0 1
    outer loop
      vertex 35.4 2 10
      vertex 32.6 78 10
      vertex 32.6 2 10
    endloop
  endfacet
  facet normal -1 0 0
    outer loop
      vertex 32.6 2 5
      vertex 32.6 78 10
      vertex 32.6 78 5
    endloop
  endfacet
  facet normal -1 -0 0
    outer loop
      vertex 32.6 78 10
      vertex 32.6 2 5
      vertex 32.6 2 10
    endloop
  endfacet
  facet normal 1 -0 0
    outer loop
      vertex 43.4 2 10
      vertex 43.4 78 5
      vertex 43.4 78 10
    endloop
  endfacet
  facet normal 1 0 0
    outer loop
      vertex 43.4 78 5
      vertex 43.4 2 10
      vertex 43.4 2 5
    endloop
  endfacet
  facet normal -0 0 1
    outer loop
      vertex 40.6 78 10
      vertex 43.4 2 10
      vertex 43.4 78 10
    endloop
  endfacet
  facet normal 0 0 1
    outer loop
      vertex 43.4 2 10
      vertex 40.6 78 10
      vertex 40.6 2 10
    endloop
  endfacet
  facet normal -1 0 0
    outer loop
      vertex 40.6 2 5
      vertex 40.6 78 10
      vertex 40.6 78 5
    endloop
  endfacet
  facet normal -1 -0 0
    outer loop
      vertex 40.6 78 10
      vertex 40.6 2 5
      vertex 40.6 2 10
    endloop
  endfacet
  facet normal 1 -0 0
    outer loop
      vertex 51.4 2 10
      vertex 51.4 78 5
      vertex 51.4 78 10
    endloop
  endfacet
  facet normal 1 0 0
    outer loop
      vertex 51.4 78 5
      vertex 51.4 2 10
      vertex 51.4 2 5
    endloop
  endfacet
  facet normal -0 0 1
    outer loop
      vertex 48.6 78 10
      vertex 51.4 2 10
      vertex 51.4 78 10
    endloop
  endfacet
  facet normal 0 0 1
    outer loop
      vertex 51.4 2 10
      vertex 48.6 78 10
      vertex 48.6 2 10
    endloop
  endfacet
  facet normal -1 0 0
    outer loop
      vertex 48.6 2 5
      vertex 48.6 78 10
      vertex 48.6 78 5
    endloop
  endfacet
  facet normal -1 -0 0
    outer loop
      vertex 48.6 78 10
      vertex 48.6 2 5
      vertex 48.6 2 10
    endloop
  endfacet
  facet normal 1 -0 0
    outer loop
      vertex 59.4 2 10
      vertex 59.4 78 5
      vertex 59.4 78 10
    endloop
  endfacet
  facet normal 1 0 0
    outer loop
      vertex 59.4 78 5
      vertex 59.4 2 10
      vertex 59.4 2 5
    endloop
  endfacet
  facet normal -0 0 1
    outer loop
      vertex 56.6 78 10
      vertex 59.4 2 10
      vertex 59.4 78 10
    endloop
  endfacet
  facet normal 0 0 1
    outer loop
      vertex 59.4 2 10
      vertex 56.6 78 10
      vertex 56.6 2 10
    endloop
  endfacet
  facet normal -1 0 0
    outer loop
      vertex 56.6 2 5
      vertex 56.6 78 10
      vertex 56.6 78 5
    endloop
  endfacet
  facet normal -1 -0 0
    outer loop
      vertex 56.6 78 10
      vertex 56.6 2 5
      vertex 56.6 2 10
    endloop
  endfacet
  facet normal 1 -0 0
    outer loop
      vertex 67.4 2 10
      vertex 67.4 78 5
      vertex 67.4 78 10
    endloop
  endfacet
  facet normal 1 0 0
    outer loop
      vertex 67.4 78 5
      vertex 67.4 2 10
      vertex 67.4 2 5
    endloop
  endfacet
  facet normal -0 0 1
    outer loop
      vertex 64.6 78 10
      vertex 67.4 2 10
      vertex 67.4 78 10
    endloop
  endfacet
  facet normal 0 0 1
    outer loop
      vertex 67.4 2 10
      vertex 64.6 78 10
      vertex 64.6 2 10
    endloop
  endfacet
  facet normal -1 0 0
    outer loop
      vertex 64.6 2 5
      vertex 64.6 78 10
      vertex 64.6 78 5
    endloop
  endfacet
  facet normal -1 -0 0
    outer loop
      vertex 64.6 78 10
      vertex 64.6 2 5
      vertex 64.6 2 10
    endloop
  endfacet
  facet normal 1 -0 0
    outer loop
      vertex 75.4 2 10
      vertex 75.4 78 5
      vertex 75.4 78 10
    endloop
  endfacet
  facet normal 1 0 0
    outer loop
      vertex 75.4 78 5
      vertex 75.4 2 10
      vertex 75.4 2 5
    endloop
  endfacet
  facet normal -0 0 1
    outer loop
      vertex 72.6 78 10
      vertex 75.4 2 10
      vertex 75.4 78 10
    endloop
  endfacet
  facet normal 0 0 1
    outer loop
      vertex 75.4 2 10
      vertex 72.6 78 10
      vertex 72.6 2 10
    endloop
  endfacet
  facet normal -1 0 0
    outer loop
      vertex 72.6 2 5
      vertex 72.6 78 10
      vertex 72.6 78 5
    endloop
  endfacet
  facet normal -1 -0 0
    outer loop
      vertex 72.6 78 10
      vertex 72.6 2 5
      vertex 72.6 2 10
    endloop
  endfacet
  facet normal 1 -0 0
    outer loop
      vertex 83.4 2 10
      vertex 83.4 78 5
      vertex 83.4 78 10
    endloop
  endfacet
  facet normal 1 0 0
    outer loop
      vertex 83.4 78 5
      vertex 83.4 2 10
      vertex 83.4 2 5
    endloop
  endfacet
  facet normal -0 0 1
    outer loop
      vertex 80.6 78 10
      vertex 83.4 2 10
      vertex 83.4 78 10
    endloop
  endfacet
  facet normal 0 0 1
    outer loop
      vertex 83.4 2 10
      vertex 80.6 78 10
      vertex 80.6 2 10
    endloop
  endfacet
  facet normal -1 0 0
    outer loop
      vertex 80.6 2 5
      vertex 80.6 78 10
      vertex 80.6 78 5
    endloop
  endfacet
  facet normal -1 -0 0
    outer loop
      vertex 80.6 78 10
      vertex 80.6 2 5
      vertex 80.6 2 10
    endloop
  endfacet
  facet normal 1 -0 0
    outer loop
      vertex 91.4 2 10
      vertex 91.4 78 5
      vertex 91.4 78 10
    endloop
  endfacet
  facet normal 1 0 0
    outer loop
      vertex 91.4 78 5
      vertex 91.4 2 10
      vertex 91.4 2 5
    endloop
  endfacet
  facet normal -0 0 1
    outer loop
      vertex 88.6 78 10
      vertex 91.4 2 10
      vertex 91.4 78 10
    endloop
  endfacet
  facet normal 0 0 1
    outer loop
      vertex 91.4 2 10
      vertex 88.6 78 10
      vertex 88.6 2 10
    endloop
  endfacet
  facet normal -1 0 0
    outer loop
      vertex 88.6 2 5
      vertex 88.6 78 10
      vertex 88.6 78 5
    endloop
  endfacet
  facet normal -1 -0 0
    outer loop
      vertex 88.6 78 10
      vertex 88.6 2 5
      vertex 88.6 2 10
    endloop
  endfacet
  facet normal 1 -0 0
    outer loop
      vertex 99.4 2.11019 10
      vertex 99.4 77.8898 5
      vertex 99.4 77.8898 10
    endloop
  endfacet
  facet normal 1 0 0
    outer loop
      vertex 99.4 77.8898 5
      vertex 99.4 2.11019 10
      vertex 99.4 2.11019 5
    endloop
  endfacet
  facet normal -0 0 1
    outer loop
      vertex 96.6 78 10
      vertex 99.4 77.8898 10
      vertex 98 78 10
    endloop
  endfacet
  facet normal 0 0 1
    outer loop
      vertex 99.4 77.8898 10
      vertex 96.6 78 10
      vertex 99.4 2.11019 10
    endloop
  endfacet
  facet normal 0 0 1
    outer loop
      vertex 96.6 2 10
      vertex 99.4 2.11019 10
      vertex 96.6 78 10
    endloop
  endfacet
  facet normal 0 0 1
    outer loop
      vertex 99.4 2.11019 10
      vertex 96.6 2 10
      vertex 98 2 10
    endloop
  endfacet
  facet normal -1 0 0
    outer loop
      vertex 96.6 2 5
      vertex 96.6 78 10
      vertex 96.6 78 5
    endloop
  endfacet
  facet normal -1 -0 0
    outer loop
      vertex 96.6 78 10
      vertex 96.6 2 5
      vertex 96.6 2 10
    endloop
  endfacet
endsolid OpenSCAD_Model
